2026-03-04 13:34:57,830 : INFO : root : Loading config.
2026-03-04 13:34:58,199 : INFO : ConfigProcessor : Config spec file cache created: /var/folders/1s/015t8n3n70gcr2ch4xflj4yr0000gn/T/config_spec.mpf_cache
2026-03-04 13:34:58,200 : INFO : YamlMultifileConfigLoader : Machine config file #1: config.yaml
2026-03-04 13:34:58,200 : INFO : ConfigProcessor : Loading config from cache: /var/folders/1s/015t8n3n70gcr2ch4xflj4yr0000gn/T/954ddabc670342668a09b03520c7eb79.mpf_cache
2026-03-04 13:34:58,279 : INFO : ConfigProcessor : Loading config from cache: /var/folders/1s/015t8n3n70gcr2ch4xflj4yr0000gn/T/64218df07edc412f774c53ffb33c812d.mpf_cache
2026-03-04 13:34:58,279 : INFO : ConfigProcessor : Loading config from cache: /var/folders/1s/015t8n3n70gcr2ch4xflj4yr0000gn/T/767518d75df2d86a4d35c1fb94c70abd.mpf_cache
2026-03-04 13:34:58,280 : INFO : ConfigProcessor : Loading config from cache: /var/folders/1s/015t8n3n70gcr2ch4xflj4yr0000gn/T/64218df07edc412f774c53ffb33c812d.mpf_cache
2026-03-04 13:34:58,280 : INFO : ConfigProcessor : Loading config from cache: /var/folders/1s/015t8n3n70gcr2ch4xflj4yr0000gn/T/73548cb541cc3751ae5711fe0817282a.mpf_cache
2026-03-04 13:34:58,281 : WARNING : ConfigProcessor : Config file in cache changed: /Users/pinball/NapoleonDynamite/modes/bumpers/config/bumpers.yaml
2026-03-04 13:34:58,281 : INFO : ConfigProcessor : Loading config from file /Users/pinball/NapoleonDynamite/modes/bumpers/config/bumpers.yaml.
2026-03-04 13:34:58,290 : INFO : ConfigProcessor : Loading config: /Users/pinball/NapoleonDynamite/modes/bumpers/config/bumpers.yaml
2026-03-04 13:34:58,290 : INFO : ConfigProcessor : Config file cache created: /var/folders/1s/015t8n3n70gcr2ch4xflj4yr0000gn/T/57f006170cd447d443f971cd8b826597.mpf_cache
2026-03-04 13:34:58,291 : INFO : Machine : Mission Pinball Framework Core Engine v0.80.0.dev13
2026-03-04 13:34:58,291 : INFO : Machine : Command line arguments: {'no_load_cache': False, 'create_config_cache': True, 'bcp': True, 'configfile': ['config.yaml'], 'force_assets_load': False, 'platform_integration_test': False, 'jsonlogging': False, 'logfile': 'logs/2026-03-04-13-34-57-mpf-ANDREs-Mac-mini.local.log', 'pause': False, 'production': False, 'text_ui': True, 'loglevel': 15, 'consoleloglevel': 20, 'force_platform': None, 'syslog_address': None, 'full_logfile_path': '/Users/pinball/NapoleonDynamite/logs/2026-03-04-13-34-57-mpf-ANDREs-Mac-mini.local.log'}
2026-03-04 13:34:58,291 : INFO : Machine : MPF path: /Users/pinball/mpf/lib/python3.14/site-packages/mpf
2026-03-04 13:34:58,291 : INFO : Machine : Machine path: /Users/pinball/NapoleonDynamite
2026-03-04 13:34:58,291 : INFO : Machine : Platform: darwin
2026-03-04 13:34:58,291 : INFO : Machine : Python executable location: /Users/pinball/mpf/bin/python3.14
2026-03-04 13:34:58,291 : INFO : Machine : Python version: 3.14.3 (64-bit)
2026-03-04 13:34:58,292 : INFO : Machine : Initializing MPF...
2026-03-04 13:34:58,418 : INFO : FAST : Auto-detecting ports for the following connections: ['net', 'exp']
2026-03-04 13:34:58,450 : INFO : FAST : Detected NET on port /dev/cu.usbmodem14101
2026-03-04 13:34:58,458 : INFO : FAST : Detected EXP on port /dev/cu.usbmodem14103
2026-03-04 13:34:58,565 : INFO : FAST [NET] : Trying to connect to /dev/cu.usbmodem14101 at 921600bps
2026-03-04 13:34:58,572 : INFO : FAST [NET] : Connected to /dev/cu.usbmodem14101 at 921600bps
2026-03-04 13:34:58,575 : INFO : FAST [NET] : Connected to FP-CPU-2000 with firmware v02.26
2026-03-04 13:34:58,577 : INFO : FAST [NET] : Registered I/O Board 0: Model: FP-I/O-0024, Firmware: 01.10, Switches: 24, Drivers: 8
2026-03-04 13:34:58,579 : INFO : FAST [NET] : Registered I/O Board 1: Model: FP-I/O-3208, Firmware: 01.10, Switches: 32, Drivers: 8
2026-03-04 13:34:58,581 : INFO : FAST [NET] : Registered I/O Board 2: Model: FP-I/O-0804, Firmware: 01.10, Switches: 8, Drivers: 4
2026-03-04 13:34:58,582 : INFO : FAST [NET] : Registered I/O Board 3: Model: FP-I/O-0804, Firmware: 01.10, Switches: 8, Drivers: 4
2026-03-04 13:34:58,584 : INFO : FAST [EXP] : Trying to connect to /dev/cu.usbmodem14103 at 921600bps
2026-03-04 13:34:58,589 : INFO : FAST [EXP] : Connected to /dev/cu.usbmodem14103 at 921600bps
2026-03-04 13:34:58,590 : INFO : FAST [EXP] : Verifying hardware for EXP "neuron" (FP-EXP-2000, @48) with ID string "EXP FP-EXP-2000  0.34", board address 48
2026-03-04 13:34:58,593 : INFO : FAST [EXP] : Verifying hardware for EXP "neuron" (FP-EXP-2000, @48) with ID string "LED FP-BRK-0001  0.8", board address 480
2026-03-04 13:34:58,596 : INFO : EventManager : Event: ======'machine_var_credits_string'====== Args={'value': 'FREE PLAY', 'prev_value': None, 'change': True}
2026-03-04 13:34:58,631 : INFO : EventManager : Event: ======'machine_var_master_volume'====== Args={'value': 0.5, 'prev_value': None, 'change': True}
2026-03-04 13:34:58,631 : INFO : EventManager : Event: ======'machine_var_player1_score'====== Args={'value': 628090, 'prev_value': None, 'change': True}
2026-03-04 13:34:58,632 : INFO : EventManager : Event: ======'machine_var_mpf_version'====== Args={'value': 'Mission Pinball Framework v0.80.0.dev13', 'prev_value': None, 'change': True}
2026-03-04 13:34:58,632 : INFO : EventManager : Event: ======'machine_var_mpf_extended_version'====== Args={'value': 'Mission Pinball Framework v0.80.0.dev13, Config version:6, Show version: 6, BCP version:1.1', 'prev_value': None, 'change': True}
2026-03-04 13:34:58,634 : INFO : EventManager : Event: ======'machine_var_python_version'====== Args={'value': '3.14.3', 'prev_value': None, 'change': True}
2026-03-04 13:34:58,655 : INFO : EventManager : Event: ======'machine_var_platform'====== Args={'value': 'macOS-14.8.4-x86_64-i386-64bit-Mach-O', 'prev_value': None, 'change': True}
2026-03-04 13:34:58,655 : INFO : EventManager : Event: ======'machine_var_platform_system'====== Args={'value': 'Darwin', 'prev_value': None, 'change': True}
2026-03-04 13:34:58,655 : INFO : EventManager : Event: ======'machine_var_platform_release'====== Args={'value': '23.6.0', 'prev_value': None, 'change': True}
2026-03-04 13:34:58,655 : INFO : EventManager : Event: ======'machine_var_platform_version'====== Args={'value': 'Darwin Kernel Version 23.6.0: Mon Jan 19 22:02:22 PST 2026; root:xnu-10063.141.1.710.3~1/RELEASE_X86_64', 'prev_value': None, 'change': True}
2026-03-04 13:34:58,655 : INFO : EventManager : Event: ======'machine_var_platform_machine'====== Args={'value': 'x86_64', 'prev_value': None, 'change': True}
2026-03-04 13:34:58,655 : INFO : EventManager : Event: ======'machine_var_log_file_path'====== Args={'value': '/Users/pinball/NapoleonDynamite/logs/2026-03-04-13-34-57-mpf-ANDREs-Mac-mini.local.log', 'prev_value': None, 'change': True}
2026-03-04 13:34:58,656 : INFO : EventManager : Event: ======'init_phase_1'====== Args={}
2026-03-04 13:34:58,843 : INFO : SwitchController : <<<<<<< 's_flipper_left_eos' active >>>>>>>
2026-03-04 13:34:58,843 : INFO : SwitchController : <<<<<<< 's_trough_1' active >>>>>>>
2026-03-04 13:34:58,875 : INFO : EventManager : Event: ======'init_phase_2'====== Args={}
2026-03-04 13:34:58,876 : INFO : SwitchController : Found active switch: (37, [FAST Platform Interface]) <switch.s_flipper_left_eos>
2026-03-04 13:34:58,876 : INFO : SwitchController : Found active switch: (24, [FAST Platform Interface]) <switch.s_trough_1>
2026-03-04 13:34:58,883 : INFO : EventManager : Event: ======'bcp_connection_attempt'====== Args={'name': 'local_display', 'host': 'localhost', 'port': 5050}
2026-03-04 13:34:58,884 : INFO : BCPClientSocket : Connecting BCP to 'local_display' at localhost:5050...
2026-03-04 13:34:58,897 : INFO : BCPClientSocket : Connected BCP to 'local_display' localhost:5050
2026-03-04 13:34:58,898 : INFO : EventManager : Event: ======'bcp_clients_connected'====== Args={}
2026-03-04 13:34:59,343 : INFO : ball_device.bd_trough : BCH: Initial count: 1
2026-03-04 13:34:59,344 : INFO : ball_device.bd_trough : State: idle
2026-03-04 13:34:59,346 : INFO : ball_device.bd_scoop_tina : BCH: Initial count: 0
2026-03-04 13:34:59,346 : INFO : ball_device.bd_scoop_tina : State: idle
2026-03-04 13:34:59,347 : INFO : ball_device.bd_plunger : BCH: Initial count: 0
2026-03-04 13:34:59,348 : INFO : ball_device.bd_plunger : State: idle
2026-03-04 13:34:59,369 : INFO : EventManager : Event: ======'init_phase_3'====== Args={}
2026-03-04 13:34:59,373 : INFO : EventManager : Event: ======'init_phase_4'====== Args={}
2026-03-04 13:34:59,395 : INFO : BallController : Initial balls found: 1
2026-03-04 13:34:59,397 : INFO : EventManager : Event: ======'machine_var_audits_events_game_ended'====== Args={'value': 15, 'prev_value': None, 'change': True}
2026-03-04 13:34:59,398 : INFO : EventManager : Event: ======'machine_var_audits_events_game_started'====== Args={'value': 30, 'prev_value': None, 'change': True}
2026-03-04 13:34:59,398 : INFO : EventManager : Event: ======'machine_var_audits_missing_switches_s_flipper_right_lower_eos'====== Args={'value': 3, 'prev_value': None, 'change': True}
2026-03-04 13:34:59,398 : INFO : EventManager : Event: ======'machine_var_audits_missing_switches_s_scoop_tina'====== Args={'value': 1, 'prev_value': None, 'change': True}
2026-03-04 13:34:59,398 : INFO : EventManager : Event: ======'machine_var_audits_missing_switches_s_start'====== Args={'value': 4, 'prev_value': None, 'change': True}
2026-03-04 13:34:59,398 : INFO : EventManager : Event: ======'machine_var_audits_player_score'====== Args={'value': {'average': 50823, 'top': [628090, 123050, 15710, 11130, 10070, 10020, 7390, 3050, 1700, 1600], 'total': 16}, 'prev_value': None, 'change': True}
2026-03-04 13:34:59,398 : INFO : EventManager : Event: ======'machine_var_audits_shots_shot_bumper_lower'====== Args={'value': 33, 'prev_value': None, 'change': True}
2026-03-04 13:34:59,398 : INFO : EventManager : Event: ======'machine_var_audits_shots_shot_bumper_upper'====== Args={'value': 29, 'prev_value': None, 'change': True}
2026-03-04 13:34:59,399 : INFO : EventManager : Event: ======'machine_var_audits_shots_shot_inlane_left'====== Args={'value': 37, 'prev_value': None, 'change': True}
2026-03-04 13:34:59,399 : INFO : EventManager : Event: ======'machine_var_audits_shots_shot_inlane_right_1'====== Args={'value': 971, 'prev_value': None, 'change': True}
2026-03-04 13:34:59,399 : INFO : EventManager : Event: ======'machine_var_audits_shots_shot_inlane_right_2'====== Args={'value': 27, 'prev_value': None, 'change': True}
2026-03-04 13:34:59,399 : INFO : EventManager : Event: ======'machine_var_audits_shots_shot_scoop'====== Args={'value': 1, 'prev_value': None, 'change': True}
2026-03-04 13:34:59,399 : INFO : EventManager : Event: ======'machine_var_audits_shots_shot_sling_left'====== Args={'value': 575, 'prev_value': None, 'change': True}
2026-03-04 13:34:59,399 : INFO : EventManager : Event: ======'machine_var_audits_shots_shot_sling_right'====== Args={'value': 65, 'prev_value': None, 'change': True}
2026-03-04 13:34:59,399 : INFO : EventManager : Event: ======'machine_var_audits_shots_sling_left'====== Args={'value': 21, 'prev_value': None, 'change': True}
2026-03-04 13:34:59,399 : INFO : EventManager : Event: ======'machine_var_audits_shots_sling_right'====== Args={'value': 28, 'prev_value': None, 'change': True}
2026-03-04 13:34:59,399 : INFO : EventManager : Event: ======'machine_var_audits_switches_s_bumper_lower'====== Args={'value': 33, 'prev_value': None, 'change': True}
2026-03-04 13:34:59,399 : INFO : EventManager : Event: ======'machine_var_audits_switches_s_bumper_upper'====== Args={'value': 35, 'prev_value': None, 'change': True}
2026-03-04 13:34:59,400 : INFO : EventManager : Event: ======'machine_var_audits_switches_s_flipper_left'====== Args={'value': 705, 'prev_value': None, 'change': True}
2026-03-04 13:34:59,400 : INFO : EventManager : Event: ======'machine_var_audits_switches_s_flipper_left_eos'====== Args={'value': 599, 'prev_value': None, 'change': True}
2026-03-04 13:34:59,400 : INFO : EventManager : Event: ======'machine_var_audits_switches_s_flipper_right_lower'====== Args={'value': 1465, 'prev_value': None, 'change': True}
2026-03-04 13:34:59,400 : INFO : EventManager : Event: ======'machine_var_audits_switches_s_flipper_right_lower_eos'====== Args={'value': 728, 'prev_value': None, 'change': True}
2026-03-04 13:34:59,400 : INFO : EventManager : Event: ======'machine_var_audits_switches_s_flipper_right_upper'====== Args={'value': 1318, 'prev_value': None, 'change': True}
2026-03-04 13:34:59,400 : INFO : EventManager : Event: ======'machine_var_audits_switches_s_flipper_right_upper_eos'====== Args={'value': 837, 'prev_value': None, 'change': True}
2026-03-04 13:34:59,400 : INFO : EventManager : Event: ======'machine_var_audits_switches_s_inlane_left'====== Args={'value': 37, 'prev_value': None, 'change': True}
2026-03-04 13:34:59,400 : INFO : EventManager : Event: ======'machine_var_audits_switches_s_inlane_right_1'====== Args={'value': 1303, 'prev_value': None, 'change': True}
2026-03-04 13:34:59,400 : INFO : EventManager : Event: ======'machine_var_audits_switches_s_inlane_right_2'====== Args={'value': 27, 'prev_value': None, 'change': True}
2026-03-04 13:34:59,400 : INFO : EventManager : Event: ======'machine_var_audits_switches_s_plunger'====== Args={'value': 96, 'prev_value': None, 'change': True}
2026-03-04 13:34:59,401 : INFO : EventManager : Event: ======'machine_var_audits_switches_s_scoop_tina'====== Args={'value': 1, 'prev_value': None, 'change': True}
2026-03-04 13:34:59,401 : INFO : EventManager : Event: ======'machine_var_audits_switches_s_sling_left'====== Args={'value': 598, 'prev_value': None, 'change': True}
2026-03-04 13:34:59,401 : INFO : EventManager : Event: ======'machine_var_audits_switches_s_sling_right'====== Args={'value': 93, 'prev_value': None, 'change': True}
2026-03-04 13:34:59,401 : INFO : EventManager : Event: ======'machine_var_audits_switches_s_start'====== Args={'value': 9, 'prev_value': None, 'change': True}
2026-03-04 13:34:59,401 : INFO : EventManager : Event: ======'machine_var_audits_switches_s_trough_1'====== Args={'value': 80, 'prev_value': None, 'change': True}
2026-03-04 13:34:59,401 : INFO : EventManager : Event: ======'machine_var_audits_switches_s_trough_2'====== Args={'value': 90, 'prev_value': None, 'change': True}
2026-03-04 13:34:59,401 : INFO : EventManager : Event: ======'machine_var_audits_switches_s_trough_3'====== Args={'value': 100, 'prev_value': None, 'change': True}
2026-03-04 13:34:59,401 : INFO : EventManager : Event: ======'machine_var_audits_switches_s_trough_4'====== Args={'value': 109, 'prev_value': None, 'change': True}
2026-03-04 13:34:59,401 : INFO : EventManager : Event: ======'machine_var_audits_switches_s_trough_5'====== Args={'value': 116, 'prev_value': None, 'change': True}
2026-03-04 13:34:59,401 : INFO : EventManager : Event: ======'machine_var_audits_switches_s_trough_6'====== Args={'value': 112, 'prev_value': None, 'change': True}
2026-03-04 13:34:59,402 : INFO : EventManager : Event: ======'machine_var_audits_switches_s_trough_7'====== Args={'value': 89, 'prev_value': None, 'change': True}
2026-03-04 13:34:59,403 : INFO : EventManager : Event: ======'init_phase_5'====== Args={}
2026-03-04 13:34:59,404 : INFO : EventManager : Event: ======'init_done'====== Args={}
2026-03-04 13:34:59,405 : INFO : EventManager : Event: ======'machine_reset_phase_1'====== Args={}
2026-03-04 13:34:59,430 : INFO : EventManager : Event: ======'machine_reset_phase_2'====== Args={}
2026-03-04 13:34:59,432 : INFO : EventManager : Event: ======'machine_reset_phase_3'====== Args={}
2026-03-04 13:34:59,433 : INFO : EventManager : Event: ======'reset_complete'====== Args={}
2026-03-04 13:34:59,433 : INFO : EventManager : Event: ======'mode_attract_will_start'====== Args={}
2026-03-04 13:34:59,435 : INFO : Timer.attract_carousel_timer : Starting Timer.
2026-03-04 13:34:59,435 : INFO : EventManager : Event: ======'timer_attract_carousel_timer_started'====== Args={'ticks': 0, 'ticks_remaining': 1}
2026-03-04 13:34:59,436 : INFO : EventManager : Event: ======'timer_attract_carousel_timer_tick'====== Args={'ticks': 0, 'ticks_remaining': 1}
2026-03-04 13:34:59,438 : INFO : EventManager : Event: ======'mode_attract_starting'====== Args={}
2026-03-04 13:34:59,438 : INFO : Mode.attract : Started. Priority: 10
2026-03-04 13:34:59,438 : INFO : EventManager : Event: ======'modes_active_modes_changed'====== Args={}
2026-03-04 13:34:59,438 : INFO : EventManager : Event: ======'mode_attract_started'====== Args={}
2026-03-04 13:34:59,441 : INFO : EventManager : Event: ======'collecting_balls_complete'====== Args={}
2026-03-04 13:34:59,442 : INFO : EventManager : Event: ======'carousel_item_highlighted'====== Args={'carousel': 'attract', 'direction': None, 'item': 'title'}
2026-03-04 13:34:59,443 : INFO : EventManager : Event: ======'timer_attract_carousel_timer_tick'====== Args={'ticks': 0, 'ticks_remaining': 1}
2026-03-04 13:34:59,445 : INFO : Machine : Starting the main run loop with active modes: [<Mode.attract>]
2026-03-04 13:34:59,956 : INFO : EventManager : Event: ======'slide_attract_created'====== Args={'_from_bcp': True}
2026-03-04 13:34:59,956 : INFO : EventManager : Event: ======'slide__removed'====== Args={'_from_bcp': True}
2026-03-04 13:34:59,957 : INFO : EventManager : Event: ======'slide_attract_active'====== Args={'original_context': 'attract', 'original_calling_context': 'mode_attract_started', 'priority': 10.0, 'cmd': 'slides_play', '_from_bcp': True}
2026-03-04 13:35:04,420 : INFO : SwitchController : <<<<<<< 's_start' active >>>>>>>
2026-03-04 13:35:04,443 : INFO : Timer.attract_carousel_timer : Timer Complete
2026-03-04 13:35:04,443 : INFO : Timer.attract_carousel_timer : Stopping Timer
2026-03-04 13:35:04,443 : INFO : EventManager : Event: ======'timer_attract_carousel_timer_stopped'====== Args={'ticks': 1, 'ticks_remaining': 1}
2026-03-04 13:35:04,444 : INFO : EventManager : Event: ======'timer_attract_carousel_timer_complete'====== Args={'ticks': 1, 'ticks_remaining': 1}
2026-03-04 13:35:04,444 : INFO : EventManager : Event: ======'carousel_item_highlighted'====== Args={'carousel': 'attract', 'direction': 'forwards', 'item': 'credits'}
2026-03-04 13:35:04,444 : INFO : Timer.attract_carousel_timer : Starting Timer.
2026-03-04 13:35:04,445 : INFO : EventManager : Event: ======'timer_attract_carousel_timer_started'====== Args={'ticks': 0, 'ticks_remaining': 1}
2026-03-04 13:35:04,445 : INFO : EventManager : Event: ======'timer_attract_carousel_timer_tick'====== Args={'ticks': 0, 'ticks_remaining': 1}
2026-03-04 13:35:04,558 : INFO : SwitchController : <<<<<<< 's_start' inactive >>>>>>>
2026-03-04 13:35:04,558 : INFO : EventManager : Event: ======'request_to_start_game'====== Args={}
2026-03-04 13:35:04,559 : INFO : EventManager : Event: ======'game_start'====== Args={'buttons': [], 'hold_time': 0.13800685200840235}
2026-03-04 13:35:04,559 : INFO : EventManager : Event: ======'mode_game_will_start'====== Args={'buttons': [], 'hold_time': 0.13800685200840235}
2026-03-04 13:35:04,560 : INFO : EventManager : Event: ======'mode_game_starting'====== Args={'buttons': [], 'hold_time': 0.13800685200840235}
2026-03-04 13:35:04,560 : INFO : EventManager : Event: ======'mode_attract_will_stop'====== Args={}
2026-03-04 13:35:04,560 : INFO : EventManager : Event: ======'mode_attract_stopping'====== Args={}
2026-03-04 13:35:04,560 : INFO : Mode.attract : Stopped.
2026-03-04 13:35:04,560 : INFO : EventManager : Event: ======'modes_active_modes_changed'====== Args={}
2026-03-04 13:35:04,560 : INFO : EventManager : Event: ======'mode_attract_stopped'====== Args={}
2026-03-04 13:35:04,561 : INFO : EventManager : Event: ======'clear'====== Args={'key': 'attract'}
2026-03-04 13:35:04,561 : INFO : Timer.attract_carousel_timer : Stopping Timer
2026-03-04 13:35:04,561 : INFO : EventManager : Event: ======'timer_attract_carousel_timer_stopped'====== Args={'ticks': 0, 'ticks_remaining': 1}
2026-03-04 13:35:04,561 : INFO : Mode.game : Started. Priority: 20
2026-03-04 13:35:04,561 : INFO : EventManager : Event: ======'modes_active_modes_changed'====== Args={}
2026-03-04 13:35:04,561 : INFO : EventManager : Event: ======'mode_game_started'====== Args={'buttons': [], 'hold_time': 0.13800685200840235}
2026-03-04 13:35:04,562 : INFO : EventManager : Event: ======'game_will_start'====== Args={}
2026-03-04 13:35:04,562 : INFO : EventManager : Event: ======'game_starting'====== Args={'game': <Mode.game>}
2026-03-04 13:35:04,563 : INFO : EventManager : Unordered handler for class <Auditor> on event game_ended with priority 1. Handlers: [RegisteredHandler(callback=<bound method Auditor.disable of <Auditor>>, priority=1, kwargs={}, key=UUID('c20b58aa-c689-43b8-83b8-7a59ca130861'), condition=None, blocking_facility=None), RegisteredHandler(callback=<bound method Auditor._save_audits of <Auditor>>, priority=1, kwargs={}, key=UUID('61ff0601-0924-4278-8fe0-114e23d58c4c'), condition=None, blocking_facility=None)]. The order of those handlers is not defined and they will be executed in random order. This might lead to race conditions and potential bugs.
2026-03-04 13:35:04,563 : INFO : EventManager : Event: ======'player_add_request'====== Args={}
2026-03-04 13:35:04,563 : INFO : EventManager : Event: ======'player_will_add'====== Args={'number': 1}
2026-03-04 13:35:04,564 : INFO : EventManager : Event: ======'player_adding'====== Args={'player': <Player 1>, 'number': 1}
2026-03-04 13:35:04,564 : INFO : EventManager : Event: ======'player_added'====== Args={'player': <Player 1>, 'num': 1}
2026-03-04 13:35:04,564 : INFO : Mode.game : Player added successfully. Total players: 1
2026-03-04 13:35:04,564 : INFO : EventManager : Event: ======'player_index'====== Args={'value': 0, 'prev_value': 0, 'change': 0, 'player_num': 1}
2026-03-04 13:35:04,564 : INFO : EventManager : Event: ======'player_number'====== Args={'value': 1, 'prev_value': 1, 'change': 0, 'player_num': 1}
2026-03-04 13:35:04,564 : INFO : EventManager : Event: ======'player_score'====== Args={'value': 0, 'prev_value': 0, 'change': 0, 'player_num': 1}
2026-03-04 13:35:04,566 : INFO : EventManager : Event: ======'game_started'====== Args={}
2026-03-04 13:35:04,566 : INFO : EventManager : Event: ======'player_turn_will_start'====== Args={'player': <Player 1>, 'number': 1}
2026-03-04 13:35:04,573 : INFO : EventManager : Event: ======'player_turn_starting'====== Args={'player': <Player 1>, 'number': 1}
2026-03-04 13:35:04,587 : INFO : EventManager : Event: ======'player_ball'====== Args={'value': 1, 'prev_value': 0, 'change': 1, 'player_num': 1}
2026-03-04 13:35:04,588 : INFO : EventManager : Event: ======'player_turn_started'====== Args={'player': <Player 1>, 'number': 1}
2026-03-04 13:35:04,588 : INFO : EventManager : Event: ======'ball_will_start'====== Args={'player': 1, 'ball': 1, 'balls_remaining': 2, 'is_extra_ball': False}
2026-03-04 13:35:04,589 : INFO : EventManager : Event: ======'ball_starting'====== Args={'player': 1, 'ball': 1, 'balls_remaining': 2, 'is_extra_ball': False}
2026-03-04 13:35:04,589 : INFO : EventManager : Event: ======'mode_base_will_start'====== Args={'queue': <QueuedEvent>, 'player': 1, 'ball': 1, 'balls_remaining': 2, 'is_extra_ball': False}
2026-03-04 13:35:04,590 : INFO : EventManager : Event: ======'mode_base_starting'====== Args={'queue': <QueuedEvent>, 'player': 1, 'ball': 1, 'balls_remaining': 2, 'is_extra_ball': False}
2026-03-04 13:35:04,590 : INFO : Mode.base : Started. Priority: 100
2026-03-04 13:35:04,590 : INFO : EventManager : Event: ======'modes_active_modes_changed'====== Args={}
2026-03-04 13:35:04,590 : INFO : EventManager : Event: ======'mode_base_started'====== Args={'queue': <QueuedEvent>, 'player': 1, 'ball': 1, 'balls_remaining': 2, 'is_extra_ball': False}
2026-03-04 13:35:04,590 : INFO : EventManager : Event: ======'start_mode_bumpers'====== Args={'priority': 0}
2026-03-04 13:35:04,592 : INFO : EventManager : Event: ======'mode_bumpers_will_start'====== Args={'priority': 0}
2026-03-04 13:35:04,592 : INFO : EventManager : Event: ======'player_shot_shot_sling_left_enabled'====== Args={'value': True, 'prev_value': 0, 'change': 1, 'player_num': 1}
2026-03-04 13:35:04,592 : INFO : EventManager : Event: ======'player_shot_shot_sling_right_enabled'====== Args={'value': True, 'prev_value': 0, 'change': 1, 'player_num': 1}
2026-03-04 13:35:04,593 : INFO : EventManager : Event: ======'player_shot_shot_bumper_lower_enabled'====== Args={'value': True, 'prev_value': 0, 'change': 1, 'player_num': 1}
2026-03-04 13:35:04,593 : INFO : EventManager : Event: ======'player_shot_shot_bumper_upper_enabled'====== Args={'value': True, 'prev_value': 0, 'change': 1, 'player_num': 1}
2026-03-04 13:35:04,594 : INFO : EventManager : Event: ======'player_shot_shot_inlane_left_enabled'====== Args={'value': True, 'prev_value': 0, 'change': 1, 'player_num': 1}
2026-03-04 13:35:04,594 : INFO : EventManager : Event: ======'player_shot_shot_inlane_right_1_enabled'====== Args={'value': True, 'prev_value': 0, 'change': 1, 'player_num': 1}
2026-03-04 13:35:04,595 : INFO : EventManager : Event: ======'player_shot_shot_inlane_right_2_enabled'====== Args={'value': True, 'prev_value': 0, 'change': 1, 'player_num': 1}
2026-03-04 13:35:04,595 : INFO : EventManager : Event: ======'player_shot_shot_scoop_enabled'====== Args={'value': True, 'prev_value': 0, 'change': 1, 'player_num': 1}
2026-03-04 13:35:04,596 : INFO : EventManager : Event: ======'slings_complete'====== Args={'state': 'unlit'}
2026-03-04 13:35:04,596 : INFO : EventManager : Event: ======'slings_unlit_complete'====== Args={}
2026-03-04 13:35:04,597 : INFO : EventManager : Event: ======'bumpers_complete'====== Args={'state': 'unlit'}
2026-03-04 13:35:04,597 : INFO : EventManager : Event: ======'bumpers_unlit_complete'====== Args={}
2026-03-04 13:35:04,598 : INFO : EventManager : Event: ======'inlanes_complete'====== Args={'state': 'unlit'}
2026-03-04 13:35:04,598 : INFO : EventManager : Event: ======'inlanes_unlit_complete'====== Args={}
2026-03-04 13:35:04,600 : INFO : EventManager : Event: ======'mode_bumpers_starting'====== Args={'priority': 0}
2026-03-04 13:35:04,600 : INFO : Mode.bumpers : Started. Priority: 200
2026-03-04 13:35:04,600 : INFO : EventManager : Event: ======'modes_active_modes_changed'====== Args={}
2026-03-04 13:35:04,600 : INFO : EventManager : Event: ======'mode_bumpers_started'====== Args={'priority': 0}
2026-03-04 13:35:04,600 : INFO : EventManager : Event: ======'balls_in_play'====== Args={'balls': 1}
2026-03-04 13:35:04,601 : INFO : EventManager : Event: ======'ball_started'====== Args={'player': 1, 'ball': 1, 'balls_remaining': 2, 'is_extra_ball': False}
2026-03-04 13:35:04,615 : INFO : EventManager : Event: ======'single_player_ball_started'====== Args={}
2026-03-04 13:35:04,617 : INFO : EventManager : Event: ======'ball_start_target'====== Args={'target': 'playfield'}
2026-03-04 13:35:04,618 : INFO : ball_device.bd_plunger : Setting up player-controlled eject. Balls: 1, Target: <playfield.playfield>, player_controlled_eject_event: None
2026-03-04 13:35:04,618 : INFO : EventManager : Event: ======'balldevice_balls_available'====== Args={}
2026-03-04 13:35:04,619 : INFO : ball_device.bd_trough : State: waiting_for_target_ready
2026-03-04 13:35:04,620 : INFO : EventManager : Event: ======'balldevice_bd_trough_ball_eject_attempt'====== Args={'balls': 1, 'target': <ball_device.bd_plunger>, 'source': <ball_device.bd_trough>, 'mechanical_eject': True, 'num_attempts': 0}
2026-03-04 13:35:04,620 : INFO : ball_device.bd_plunger : State: waiting_for_ball
2026-03-04 13:35:04,621 : INFO : ball_device.bd_trough : State: ejecting
2026-03-04 13:35:04,621 : INFO : ball_device.bd_trough : Ejecting ball to <ball_device.bd_plunger>
2026-03-04 13:35:04,621 : INFO : EventManager : Event: ======'balldevice_bd_trough_ejecting_ball'====== Args={'balls': 1, 'target': <ball_device.bd_plunger>, 'source': <ball_device.bd_trough>, 'mechanical_eject': True, 'num_attempts': 0}
2026-03-04 13:35:04,623 : INFO : ball_device.bd_trough : Wait for ball to leave device
2026-03-04 13:35:04,623 : INFO : coil.c_trough_eject : Pulsing Driver for 20ms (1.0 pulse_power)
2026-03-04 13:35:04,650 : INFO : SwitchController : <<<<<<< 's_trough_1' inactive >>>>>>>
2026-03-04 13:35:04,650 : INFO : SwitchController : <<<<<<< 's_trough_7' active >>>>>>>
2026-03-04 13:35:04,650 : INFO : EventManager : Event: ======'machine_var_audits_switches_s_trough_7'====== Args={'value': 90, 'prev_value': 89, 'change': 1}
2026-03-04 13:35:04,651 : INFO : ball_device.bd_trough : State: ball_left
2026-03-04 13:35:04,651 : INFO : ball_device.bd_trough : Ball left
2026-03-04 13:35:04,652 : INFO : ball_device.bd_trough : Wait for confirm with timeout 3.0
2026-03-04 13:35:04,670 : INFO : SwitchController : <<<<<<< 's_trough_7' inactive >>>>>>>
2026-03-04 13:35:04,671 : INFO : EventManager : Event: ======'slide_base_slide_created'====== Args={'_from_bcp': True}
2026-03-04 13:35:04,671 : INFO : EventManager : Event: ======'slide_attract_inactive'====== Args={'is_removing': True, '_from_bcp': True}
2026-03-04 13:35:04,671 : INFO : EventManager : Event: ======'slide_base_slide_active'====== Args={'original_context': 'base', 'original_calling_context': 'mode_base_started', 'priority': 100.0, 'queue': '<QueuedEvent>', 'player': 1.0, 'ball': 1.0, 'balls_remaining': 2.0, 'is_extra_ball': False, 'cmd': 'slides_play', '_from_bcp': True}
2026-03-04 13:35:04,671 : INFO : EventManager : Event: ======'slide_attract_removed'====== Args={'_from_bcp': True}
2026-03-04 13:35:04,793 : INFO : SwitchController : <<<<<<< 's_plunger' active >>>>>>>
2026-03-04 13:35:04,793 : INFO : EventManager : Event: ======'machine_var_audits_switches_s_plunger'====== Args={'value': 97, 'prev_value': 96, 'change': 1}
2026-03-04 13:35:05,294 : INFO : ball_device.bd_plunger : Received ball from <ball_device.bd_trough>
2026-03-04 13:35:05,295 : INFO : EventManager : Event: ======'balldevice_bd_plunger_ball_enter'====== Args={'new_balls': 1, 'unclaimed_balls': 0, 'new_available_balls': 0, 'device': <ball_device.bd_plunger>}
2026-03-04 13:35:05,295 : INFO : EventManager : Event: ======'balldevice_bd_plunger_ball_entered'====== Args={'new_balls': 0, 'device': <ball_device.bd_plunger>}
2026-03-04 13:35:05,295 : INFO : EventManager : Event: ======'balldevice_bd_plunger_ball_count_changed'====== Args={'balls': 1}
2026-03-04 13:35:05,295 : INFO : ball_device.bd_trough : Got eject confirm
2026-03-04 13:35:05,295 : INFO : ball_device.bd_trough : Eject successful
2026-03-04 13:35:05,296 : INFO : EventManager : Event: ======'balldevice_bd_trough_ball_eject_success'====== Args={'balls': 1, 'target': <ball_device.bd_plunger>}
2026-03-04 13:35:05,296 : INFO : ball_device.bd_plunger : State: waiting_for_target_ready
2026-03-04 13:35:05,296 : INFO : EventManager : Event: ======'balldevice_bd_plunger_ball_eject_attempt'====== Args={'balls': 1, 'target': <playfield.playfield>, 'source': <ball_device.bd_plunger>, 'mechanical_eject': True, 'num_attempts': 0}
2026-03-04 13:35:05,296 : INFO : EventManager : Event: ======'balldevice_bd_trough_ball_count_changed'====== Args={'balls': 0}
2026-03-04 13:35:05,296 : INFO : ball_device.bd_trough : State: idle
2026-03-04 13:35:05,297 : INFO : ball_device.bd_plunger : State: ejecting
2026-03-04 13:35:05,297 : INFO : ball_device.bd_plunger : Ejecting ball to <playfield.playfield>
2026-03-04 13:35:05,297 : INFO : EventManager : Event: ======'balldevice_bd_plunger_ejecting_ball'====== Args={'balls': 1, 'target': <playfield.playfield>, 'source': <ball_device.bd_plunger>, 'mechanical_eject': True, 'num_attempts': 0}
2026-03-04 13:35:05,298 : INFO : ball_device.bd_plunger : Wait for ball to leave device
2026-03-04 13:35:06,232 : INFO : SwitchController : <<<<<<< 's_plunger' inactive >>>>>>>
2026-03-04 13:35:06,233 : INFO : ball_device.bd_plunger : State: ball_left
2026-03-04 13:35:06,233 : INFO : ball_device.bd_plunger : Ball left
2026-03-04 13:35:06,233 : INFO : ball_device.bd_plunger : Wait for confirm with timeout 5.0
2026-03-04 13:35:07,304 : INFO : SwitchController : <<<<<<< 's_flipper_right_lower' active >>>>>>>
2026-03-04 13:35:07,304 : INFO : EventManager : Event: ======'machine_var_audits_switches_s_flipper_right_lower'====== Args={'value': 1466, 'prev_value': 1465, 'change': 1}
2026-03-04 13:35:07,324 : INFO : SwitchController : <<<<<<< 's_flipper_right_upper' active >>>>>>>
2026-03-04 13:35:07,324 : INFO : EventManager : Event: ======'machine_var_audits_switches_s_flipper_right_upper'====== Args={'value': 1319, 'prev_value': 1318, 'change': 1}
2026-03-04 13:35:07,426 : INFO : SwitchController : <<<<<<< 's_flipper_left' active >>>>>>>
2026-03-04 13:35:07,426 : INFO : EventManager : Event: ======'machine_var_audits_switches_s_flipper_left'====== Args={'value': 706, 'prev_value': 705, 'change': 1}
2026-03-04 13:35:07,428 : INFO : SwitchController : <<<<<<< 's_flipper_right_upper' inactive >>>>>>>
2026-03-04 13:35:07,446 : INFO : SwitchController : <<<<<<< 's_flipper_right_lower' inactive >>>>>>>
2026-03-04 13:35:07,447 : INFO : SwitchController : <<<<<<< 's_flipper_left_eos' inactive >>>>>>>
2026-03-04 13:35:07,547 : INFO : SwitchController : <<<<<<< 's_flipper_left' inactive >>>>>>>
2026-03-04 13:35:07,635 : INFO : SwitchController : <<<<<<< 's_flipper_left_eos' active >>>>>>>
2026-03-04 13:35:07,635 : INFO : EventManager : Event: ======'machine_var_audits_switches_s_flipper_left_eos'====== Args={'value': 600, 'prev_value': 599, 'change': 1}
2026-03-04 13:35:08,248 : INFO : SwitchController : <<<<<<< 's_flipper_right_lower' active >>>>>>>
2026-03-04 13:35:08,248 : INFO : EventManager : Event: ======'machine_var_audits_switches_s_flipper_right_lower'====== Args={'value': 1467, 'prev_value': 1466, 'change': 1}
2026-03-04 13:35:08,249 : INFO : SwitchController : <<<<<<< 's_flipper_right_upper' active >>>>>>>
2026-03-04 13:35:08,249 : INFO : EventManager : Event: ======'machine_var_audits_switches_s_flipper_right_upper'====== Args={'value': 1320, 'prev_value': 1319, 'change': 1}
2026-03-04 13:35:08,530 : INFO : SwitchController : <<<<<<< 's_flipper_right_upper' inactive >>>>>>>
2026-03-04 13:35:08,534 : INFO : SwitchController : <<<<<<< 's_flipper_right_lower' inactive >>>>>>>
2026-03-04 13:35:09,687 : INFO : SwitchController : <<<<<<< 's_flipper_right_lower' active >>>>>>>
2026-03-04 13:35:09,687 : INFO : EventManager : Event: ======'machine_var_audits_switches_s_flipper_right_lower'====== Args={'value': 1468, 'prev_value': 1467, 'change': 1}
2026-03-04 13:35:09,707 : INFO : SwitchController : <<<<<<< 's_flipper_right_upper' active >>>>>>>
2026-03-04 13:35:09,707 : INFO : EventManager : Event: ======'machine_var_audits_switches_s_flipper_right_upper'====== Args={'value': 1321, 'prev_value': 1320, 'change': 1}
2026-03-04 13:35:09,787 : INFO : SwitchController : <<<<<<< 's_flipper_left' active >>>>>>>
2026-03-04 13:35:09,787 : INFO : EventManager : Event: ======'machine_var_audits_switches_s_flipper_left'====== Args={'value': 707, 'prev_value': 706, 'change': 1}
2026-03-04 13:35:09,815 : INFO : SwitchController : <<<<<<< 's_flipper_right_upper' inactive >>>>>>>
2026-03-04 13:35:09,815 : INFO : SwitchController : <<<<<<< 's_flipper_left_eos' inactive >>>>>>>
2026-03-04 13:35:09,818 : INFO : SwitchController : <<<<<<< 's_flipper_right_lower' inactive >>>>>>>
2026-03-04 13:35:09,870 : INFO : SwitchController : <<<<<<< 's_flipper_left' inactive >>>>>>>
2026-03-04 13:35:09,960 : INFO : SwitchController : <<<<<<< 's_flipper_left_eos' active >>>>>>>
2026-03-04 13:35:09,960 : INFO : EventManager : Event: ======'machine_var_audits_switches_s_flipper_left_eos'====== Args={'value': 601, 'prev_value': 600, 'change': 1}
2026-03-04 13:35:11,000 : INFO : SwitchController : <<<<<<< 's_flipper_right_lower' active >>>>>>>
2026-03-04 13:35:11,000 : INFO : EventManager : Event: ======'machine_var_audits_switches_s_flipper_right_lower'====== Args={'value': 1469, 'prev_value': 1468, 'change': 1}
2026-03-04 13:35:11,001 : INFO : SwitchController : <<<<<<< 's_flipper_right_upper' active >>>>>>>
2026-03-04 13:35:11,001 : INFO : EventManager : Event: ======'machine_var_audits_switches_s_flipper_right_upper'====== Args={'value': 1322, 'prev_value': 1321, 'change': 1}
2026-03-04 13:35:11,002 : INFO : SwitchController : <<<<<<< 's_flipper_right_lower' inactive >>>>>>>
2026-03-04 13:35:11,004 : INFO : SwitchController : <<<<<<< 's_flipper_right_lower' active >>>>>>>
2026-03-04 13:35:11,004 : INFO : EventManager : Event: ======'machine_var_audits_switches_s_flipper_right_lower'====== Args={'value': 1470, 'prev_value': 1469, 'change': 1}
2026-03-04 13:35:11,235 : INFO : ball_device.bd_plunger : State: failed_confirm
2026-03-04 13:35:11,235 : INFO : ball_device.bd_plunger : Got timeout (5.0s) before confirm from <playfield.playfield>
2026-03-04 13:35:11,336 : INFO : ball_device.bd_plunger : Confirming eject because target is playfield and ball did not return.
2026-03-04 13:35:11,336 : INFO : ball_device.bd_plunger : Eject successful
2026-03-04 13:35:11,337 : INFO : EventManager : Event: ======'balldevice_bd_plunger_ball_eject_success'====== Args={'balls': 1, 'target': <playfield.playfield>}
2026-03-04 13:35:11,337 : INFO : EventManager : Event: ======'balldevice_playfield_ball_enter'====== Args={'new_balls': 1, 'unclaimed_balls': 1, 'device': <playfield.playfield>}
2026-03-04 13:35:11,338 : INFO : EventManager : Event: ======'playfield_ball_count_change'====== Args={'balls': 1, 'change': 1}
2026-03-04 13:35:11,338 : INFO : EventManager : Event: ======'balldevice_bd_plunger_ball_count_changed'====== Args={'balls': 0}
2026-03-04 13:35:11,338 : INFO : ball_device.bd_plunger : State: idle
2026-03-04 13:35:11,359 : INFO : SwitchController : <<<<<<< 's_flipper_left' active >>>>>>>
2026-03-04 13:35:11,360 : INFO : EventManager : Event: ======'machine_var_audits_switches_s_flipper_left'====== Args={'value': 708, 'prev_value': 707, 'change': 1}
2026-03-04 13:35:11,382 : INFO : SwitchController : <<<<<<< 's_flipper_left_eos' inactive >>>>>>>
2026-03-04 13:35:11,795 : INFO : SwitchController : <<<<<<< 's_sling_left' active >>>>>>>
2026-03-04 13:35:11,795 : INFO : EventManager : Event: ======'s_sling_left_active'====== Args={}
2026-03-04 13:35:11,795 : INFO : EventManager : Event: ======'machine_var_audits_switches_s_sling_left'====== Args={'value': 599, 'prev_value': 598, 'change': 1}
2026-03-04 13:35:11,795 : INFO : EventManager : Event: ======'player_shot_shot_sling_left'====== Args={'value': 1, 'prev_value': 0, 'change': 1, 'player_num': 1}
2026-03-04 13:35:11,796 : INFO : EventManager : Event: ======'machine_var_audits_shots_shot_sling_left'====== Args={'value': 576, 'prev_value': 575, 'change': 1}
2026-03-04 13:35:11,796 : INFO : EventManager : Event: ======'shot_sling_left_hit'====== Args={'profile': 'default', 'state': 'unlit', 'advancing': True}
2026-03-04 13:35:11,796 : INFO : EventManager : Event: ======'shot_sling_left_default_hit'====== Args={'profile': 'default', 'state': 'unlit', 'advancing': True}
2026-03-04 13:35:11,796 : INFO : EventManager : Event: ======'shot_sling_left_default_unlit_hit'====== Args={'profile': 'default', 'state': 'unlit', 'advancing': True}
2026-03-04 13:35:11,796 : INFO : EventManager : Event: ======'shot_sling_left_unlit_hit'====== Args={'profile': 'default', 'state': 'unlit', 'advancing': True}
2026-03-04 13:35:11,796 : INFO : EventManager : Event: ======'slings_hit'====== Args={'shot': 'shot_sling_left'}
2026-03-04 13:35:11,797 : INFO : EventManager : Event: ======'slings_unlit_hit'====== Args={'shot': 'shot_sling_left'}
2026-03-04 13:35:11,797 : INFO : EventManager : Event: ======'player_initial_value'====== Args={'value': 0, 'prev_value': 0, 'change': 0, 'player_num': 1, 'source': 'bumpers'}
2026-03-04 13:35:11,797 : INFO : EventManager : Event: ======'player_score'====== Args={'value': 1000, 'prev_value': 0, 'change': 1000, 'player_num': 1, 'source': 'bumpers'}
2026-03-04 13:35:11,815 : INFO : SwitchController : <<<<<<< 's_flipper_left' inactive >>>>>>>
2026-03-04 13:35:11,815 : INFO : SwitchController : <<<<<<< 's_sling_left' inactive >>>>>>>
2026-03-04 13:35:11,892 : INFO : SwitchController : <<<<<<< 's_flipper_left_eos' active >>>>>>>
2026-03-04 13:35:11,892 : INFO : EventManager : Event: ======'machine_var_audits_switches_s_flipper_left_eos'====== Args={'value': 602, 'prev_value': 601, 'change': 1}
2026-03-04 13:35:12,132 : INFO : SwitchController : <<<<<<< 's_flipper_right_lower' inactive >>>>>>>
2026-03-04 13:35:12,132 : INFO : SwitchController : <<<<<<< 's_flipper_right_upper' inactive >>>>>>>
2026-03-04 13:35:12,134 : INFO : SwitchController : <<<<<<< 's_flipper_right_lower' active >>>>>>>
2026-03-04 13:35:12,134 : INFO : EventManager : Event: ======'machine_var_audits_switches_s_flipper_right_lower'====== Args={'value': 1471, 'prev_value': 1470, 'change': 1}
2026-03-04 13:35:12,136 : INFO : SwitchController : <<<<<<< 's_flipper_right_lower' inactive >>>>>>>
2026-03-04 13:35:13,411 : INFO : SwitchController : <<<<<<< 's_inlane_right_1' active >>>>>>>
2026-03-04 13:35:13,411 : INFO : EventManager : Event: ======'s_inlane_right_1_active'====== Args={}
2026-03-04 13:35:13,411 : INFO : EventManager : Event: ======'sw_playfield_active'====== Args={}
2026-03-04 13:35:13,412 : INFO : EventManager : Event: ======'machine_var_audits_switches_s_inlane_right_1'====== Args={'value': 1304, 'prev_value': 1303, 'change': 1}
2026-03-04 13:35:13,412 : INFO : EventManager : Event: ======'player_shot_shot_inlane_right_1'====== Args={'value': 1, 'prev_value': 0, 'change': 1, 'player_num': 1}
2026-03-04 13:35:13,412 : INFO : EventManager : Event: ======'machine_var_audits_shots_shot_inlane_right_1'====== Args={'value': 972, 'prev_value': 971, 'change': 1}
2026-03-04 13:35:13,413 : INFO : EventManager : Event: ======'shot_inlane_right_1_hit'====== Args={'profile': 'default', 'state': 'unlit', 'advancing': True}
2026-03-04 13:35:13,413 : INFO : EventManager : Event: ======'shot_inlane_right_1_default_hit'====== Args={'profile': 'default', 'state': 'unlit', 'advancing': True}
2026-03-04 13:35:13,413 : INFO : EventManager : Event: ======'shot_inlane_right_1_default_unlit_hit'====== Args={'profile': 'default', 'state': 'unlit', 'advancing': True}
2026-03-04 13:35:13,413 : INFO : EventManager : Event: ======'shot_inlane_right_1_unlit_hit'====== Args={'profile': 'default', 'state': 'unlit', 'advancing': True}
2026-03-04 13:35:13,413 : INFO : EventManager : Event: ======'inlanes_hit'====== Args={'shot': 'shot_inlane_right_1'}
2026-03-04 13:35:13,413 : INFO : EventManager : Event: ======'inlanes_unlit_hit'====== Args={'shot': 'shot_inlane_right_1'}
2026-03-04 13:35:13,414 : INFO : EventManager : Event: ======'player_score'====== Args={'value': 1010, 'prev_value': 1000, 'change': 10, 'player_num': 1, 'source': 'bumpers'}
2026-03-04 13:35:13,518 : INFO : SwitchController : <<<<<<< 's_inlane_right_1' inactive >>>>>>>
2026-03-04 13:35:14,113 : INFO : SwitchController : <<<<<<< 's_flipper_right_lower' active >>>>>>>
2026-03-04 13:35:14,113 : INFO : EventManager : Event: ======'machine_var_audits_switches_s_flipper_right_lower'====== Args={'value': 1472, 'prev_value': 1471, 'change': 1}
2026-03-04 13:35:14,117 : INFO : SwitchController : <<<<<<< 's_flipper_right_upper' active >>>>>>>
2026-03-04 13:35:14,117 : INFO : EventManager : Event: ======'machine_var_audits_switches_s_flipper_right_upper'====== Args={'value': 1323, 'prev_value': 1322, 'change': 1}
2026-03-04 13:35:14,203 : INFO : SwitchController : <<<<<<< 's_flipper_right_upper' inactive >>>>>>>
2026-03-04 13:35:14,226 : INFO : SwitchController : <<<<<<< 's_flipper_right_lower' inactive >>>>>>>
2026-03-04 13:35:14,959 : INFO : SwitchController : <<<<<<< 's_flipper_right_lower' active >>>>>>>
2026-03-04 13:35:14,960 : INFO : EventManager : Event: ======'machine_var_audits_switches_s_flipper_right_lower'====== Args={'value': 1473, 'prev_value': 1472, 'change': 1}
2026-03-04 13:35:14,964 : INFO : SwitchController : <<<<<<< 's_flipper_right_upper' active >>>>>>>
2026-03-04 13:35:14,964 : INFO : EventManager : Event: ======'machine_var_audits_switches_s_flipper_right_upper'====== Args={'value': 1324, 'prev_value': 1323, 'change': 1}
2026-03-04 13:35:15,103 : INFO : SwitchController : <<<<<<< 's_flipper_right_upper' inactive >>>>>>>
2026-03-04 13:35:15,109 : INFO : SwitchController : <<<<<<< 's_flipper_right_lower' inactive >>>>>>>
2026-03-04 13:35:16,567 : INFO : SwitchController : <<<<<<< 's_flipper_right_lower' active >>>>>>>
2026-03-04 13:35:16,567 : INFO : EventManager : Event: ======'machine_var_audits_switches_s_flipper_right_lower'====== Args={'value': 1474, 'prev_value': 1473, 'change': 1}
2026-03-04 13:35:16,568 : INFO : SwitchController : <<<<<<< 's_flipper_right_upper' active >>>>>>>
2026-03-04 13:35:16,568 : INFO : EventManager : Event: ======'machine_var_audits_switches_s_flipper_right_upper'====== Args={'value': 1325, 'prev_value': 1324, 'change': 1}
2026-03-04 13:35:16,740 : INFO : SwitchController : <<<<<<< 's_flipper_right_upper' inactive >>>>>>>
2026-03-04 13:35:16,745 : INFO : SwitchController : <<<<<<< 's_flipper_right_lower' inactive >>>>>>>
2026-03-04 13:35:18,640 : INFO : SwitchController : <<<<<<< 's_flipper_left' active >>>>>>>
2026-03-04 13:35:18,640 : INFO : EventManager : Event: ======'machine_var_audits_switches_s_flipper_left'====== Args={'value': 709, 'prev_value': 708, 'change': 1}
2026-03-04 13:35:18,681 : INFO : SwitchController : <<<<<<< 's_flipper_left_eos' inactive >>>>>>>
2026-03-04 13:35:18,721 : INFO : SwitchController : <<<<<<< 's_flipper_right_lower' active >>>>>>>
2026-03-04 13:35:18,721 : INFO : EventManager : Event: ======'machine_var_audits_switches_s_flipper_right_lower'====== Args={'value': 1475, 'prev_value': 1474, 'change': 1}
2026-03-04 13:35:18,744 : INFO : SwitchController : <<<<<<< 's_flipper_right_upper' active >>>>>>>
2026-03-04 13:35:18,744 : INFO : EventManager : Event: ======'machine_var_audits_switches_s_flipper_right_upper'====== Args={'value': 1326, 'prev_value': 1325, 'change': 1}
2026-03-04 13:35:18,772 : INFO : SwitchController : <<<<<<< 's_sling_right' active >>>>>>>
2026-03-04 13:35:18,772 : INFO : EventManager : Event: ======'s_sling_right_active'====== Args={}
2026-03-04 13:35:18,773 : INFO : EventManager : Event: ======'machine_var_audits_switches_s_sling_right'====== Args={'value': 94, 'prev_value': 93, 'change': 1}
2026-03-04 13:35:18,773 : INFO : EventManager : Event: ======'player_shot_shot_sling_right'====== Args={'value': 1, 'prev_value': 0, 'change': 1, 'player_num': 1}
2026-03-04 13:35:18,774 : INFO : EventManager : Event: ======'machine_var_audits_shots_shot_sling_right'====== Args={'value': 66, 'prev_value': 65, 'change': 1}
2026-03-04 13:35:18,774 : INFO : EventManager : Event: ======'shot_sling_right_hit'====== Args={'profile': 'default', 'state': 'unlit', 'advancing': True}
2026-03-04 13:35:18,775 : INFO : EventManager : Event: ======'shot_sling_right_default_hit'====== Args={'profile': 'default', 'state': 'unlit', 'advancing': True}
2026-03-04 13:35:18,775 : INFO : EventManager : Event: ======'shot_sling_right_default_unlit_hit'====== Args={'profile': 'default', 'state': 'unlit', 'advancing': True}
2026-03-04 13:35:18,775 : INFO : EventManager : Event: ======'shot_sling_right_unlit_hit'====== Args={'profile': 'default', 'state': 'unlit', 'advancing': True}
2026-03-04 13:35:18,775 : INFO : EventManager : Event: ======'slings_complete'====== Args={'state': 'lit'}
2026-03-04 13:35:18,775 : INFO : EventManager : Event: ======'slings_lit_complete'====== Args={}
2026-03-04 13:35:18,775 : INFO : EventManager : Event: ======'slings_hit'====== Args={'shot': 'shot_sling_right'}
2026-03-04 13:35:18,775 : INFO : EventManager : Event: ======'slings_unlit_hit'====== Args={'shot': 'shot_sling_right'}
2026-03-04 13:35:18,775 : INFO : EventManager : Event: ======'player_score'====== Args={'value': 2010, 'prev_value': 1010, 'change': 1000, 'player_num': 1, 'source': 'bumpers'}
2026-03-04 13:35:18,802 : INFO : SwitchController : <<<<<<< 's_sling_right' inactive >>>>>>>
2026-03-04 13:35:18,806 : INFO : SwitchController : <<<<<<< 's_flipper_left' inactive >>>>>>>
2026-03-04 13:35:18,894 : INFO : SwitchController : <<<<<<< 's_flipper_left_eos' active >>>>>>>
2026-03-04 13:35:18,894 : INFO : EventManager : Event: ======'machine_var_audits_switches_s_flipper_left_eos'====== Args={'value': 603, 'prev_value': 602, 'change': 1}
2026-03-04 13:35:18,915 : INFO : SwitchController : <<<<<<< 's_flipper_right_upper' inactive >>>>>>>
2026-03-04 13:35:18,925 : INFO : SwitchController : <<<<<<< 's_flipper_right_lower' inactive >>>>>>>
2026-03-04 13:35:19,779 : INFO : SwitchController : <<<<<<< 's_flipper_right_lower' active >>>>>>>
2026-03-04 13:35:19,780 : INFO : EventManager : Event: ======'machine_var_audits_switches_s_flipper_right_lower'====== Args={'value': 1476, 'prev_value': 1475, 'change': 1}
2026-03-04 13:35:19,787 : INFO : SwitchController : <<<<<<< 's_flipper_right_upper' active >>>>>>>
2026-03-04 13:35:19,788 : INFO : EventManager : Event: ======'machine_var_audits_switches_s_flipper_right_upper'====== Args={'value': 1327, 'prev_value': 1326, 'change': 1}
2026-03-04 13:35:19,943 : INFO : SwitchController : <<<<<<< 's_flipper_right_upper' inactive >>>>>>>
2026-03-04 13:35:19,966 : INFO : SwitchController : <<<<<<< 's_flipper_right_lower' inactive >>>>>>>
2026-03-04 13:35:21,034 : INFO : SwitchController : <<<<<<< 's_flipper_right_lower' active >>>>>>>
2026-03-04 13:35:21,034 : INFO : EventManager : Event: ======'machine_var_audits_switches_s_flipper_right_lower'====== Args={'value': 1477, 'prev_value': 1476, 'change': 1}
2026-03-04 13:35:21,035 : INFO : SwitchController : <<<<<<< 's_flipper_right_upper' active >>>>>>>
2026-03-04 13:35:21,035 : INFO : EventManager : Event: ======'machine_var_audits_switches_s_flipper_right_upper'====== Args={'value': 1328, 'prev_value': 1327, 'change': 1}
2026-03-04 13:35:21,183 : INFO : SwitchController : <<<<<<< 's_flipper_right_upper' inactive >>>>>>>
2026-03-04 13:35:21,190 : INFO : SwitchController : <<<<<<< 's_flipper_right_lower' inactive >>>>>>>
2026-03-04 13:35:23,799 : INFO : SwitchController : <<<<<<< 's_flipper_right_lower' active >>>>>>>
2026-03-04 13:35:23,799 : INFO : EventManager : Event: ======'machine_var_audits_switches_s_flipper_right_lower'====== Args={'value': 1478, 'prev_value': 1477, 'change': 1}
2026-03-04 13:35:23,808 : INFO : SwitchController : <<<<<<< 's_flipper_right_upper' active >>>>>>>
2026-03-04 13:35:23,809 : INFO : EventManager : Event: ======'machine_var_audits_switches_s_flipper_right_upper'====== Args={'value': 1329, 'prev_value': 1328, 'change': 1}
2026-03-04 13:35:23,945 : INFO : SwitchController : <<<<<<< 's_flipper_right_upper' inactive >>>>>>>
2026-03-04 13:35:23,955 : INFO : SwitchController : <<<<<<< 's_flipper_right_lower' inactive >>>>>>>
2026-03-04 13:35:26,867 : INFO : SwitchController : <<<<<<< 's_flipper_right_upper' active >>>>>>>
2026-03-04 13:35:26,867 : INFO : EventManager : Event: ======'machine_var_audits_switches_s_flipper_right_upper'====== Args={'value': 1330, 'prev_value': 1329, 'change': 1}
2026-03-04 13:35:26,868 : INFO : SwitchController : <<<<<<< 's_flipper_right_lower' active >>>>>>>
2026-03-04 13:35:26,868 : INFO : EventManager : Event: ======'machine_var_audits_switches_s_flipper_right_lower'====== Args={'value': 1479, 'prev_value': 1478, 'change': 1}
2026-03-04 13:35:27,017 : INFO : SwitchController : <<<<<<< 's_flipper_right_upper' inactive >>>>>>>
2026-03-04 13:35:27,021 : INFO : SwitchController : <<<<<<< 's_flipper_right_lower' inactive >>>>>>>
2026-03-04 13:35:27,515 : INFO : SwitchController : <<<<<<< 's_bumper_upper' active >>>>>>>
2026-03-04 13:35:27,515 : INFO : EventManager : Event: ======'s_bumper_upper_active'====== Args={}
2026-03-04 13:35:27,515 : INFO : EventManager : Event: ======'machine_var_audits_switches_s_bumper_upper'====== Args={'value': 36, 'prev_value': 35, 'change': 1}
2026-03-04 13:35:27,516 : INFO : EventManager : Event: ======'player_shot_shot_bumper_upper'====== Args={'value': 1, 'prev_value': 0, 'change': 1, 'player_num': 1}
2026-03-04 13:35:27,516 : INFO : EventManager : Event: ======'machine_var_audits_shots_shot_bumper_upper'====== Args={'value': 30, 'prev_value': 29, 'change': 1}
2026-03-04 13:35:27,517 : INFO : EventManager : Event: ======'shot_bumper_upper_hit'====== Args={'profile': 'default', 'state': 'unlit', 'advancing': True}
2026-03-04 13:35:27,517 : INFO : EventManager : Event: ======'shot_bumper_upper_default_hit'====== Args={'profile': 'default', 'state': 'unlit', 'advancing': True}
2026-03-04 13:35:27,517 : INFO : EventManager : Event: ======'shot_bumper_upper_default_unlit_hit'====== Args={'profile': 'default', 'state': 'unlit', 'advancing': True}
2026-03-04 13:35:27,517 : INFO : EventManager : Event: ======'shot_bumper_upper_unlit_hit'====== Args={'profile': 'default', 'state': 'unlit', 'advancing': True}
2026-03-04 13:35:27,517 : INFO : EventManager : Event: ======'bumpers_hit'====== Args={'shot': 'shot_bumper_upper'}
2026-03-04 13:35:27,517 : INFO : EventManager : Event: ======'bumpers_unlit_hit'====== Args={'shot': 'shot_bumper_upper'}
2026-03-04 13:35:27,517 : INFO : EventManager : Event: ======'player_score'====== Args={'value': 12010, 'prev_value': 2010, 'change': 10000, 'player_num': 1, 'source': 'bumpers'}
2026-03-04 13:35:27,536 : INFO : SwitchController : <<<<<<< 's_bumper_upper' inactive >>>>>>>
2026-03-04 13:35:31,555 : INFO : SwitchController : <<<<<<< 's_trough_6' active >>>>>>>
2026-03-04 13:35:31,555 : INFO : EventManager : Event: ======'machine_var_audits_switches_s_trough_6'====== Args={'value': 113, 'prev_value': 112, 'change': 1}
2026-03-04 13:35:31,656 : INFO : SwitchController : <<<<<<< 's_trough_6' inactive >>>>>>>
2026-03-04 13:35:31,666 : INFO : SwitchController : <<<<<<< 's_trough_5' active >>>>>>>
2026-03-04 13:35:31,671 : INFO : EventManager : Event: ======'machine_var_audits_switches_s_trough_5'====== Args={'value': 117, 'prev_value': 116, 'change': 1}
2026-03-04 13:35:31,748 : INFO : SwitchController : <<<<<<< 's_trough_5' inactive >>>>>>>
2026-03-04 13:35:31,756 : INFO : SwitchController : <<<<<<< 's_trough_4' active >>>>>>>
2026-03-04 13:35:31,756 : INFO : EventManager : Event: ======'machine_var_audits_switches_s_trough_4'====== Args={'value': 110, 'prev_value': 109, 'change': 1}
2026-03-04 13:35:31,826 : INFO : SwitchController : <<<<<<< 's_trough_4' inactive >>>>>>>
2026-03-04 13:35:31,834 : INFO : SwitchController : <<<<<<< 's_trough_3' active >>>>>>>
2026-03-04 13:35:31,834 : INFO : EventManager : Event: ======'machine_var_audits_switches_s_trough_3'====== Args={'value': 101, 'prev_value': 100, 'change': 1}
2026-03-04 13:35:31,897 : INFO : SwitchController : <<<<<<< 's_trough_3' inactive >>>>>>>
2026-03-04 13:35:31,903 : INFO : SwitchController : <<<<<<< 's_trough_2' active >>>>>>>
2026-03-04 13:35:31,904 : INFO : EventManager : Event: ======'machine_var_audits_switches_s_trough_2'====== Args={'value': 91, 'prev_value': 90, 'change': 1}
2026-03-04 13:35:31,962 : INFO : SwitchController : <<<<<<< 's_trough_2' inactive >>>>>>>
2026-03-04 13:35:31,967 : INFO : SwitchController : <<<<<<< 's_trough_1' active >>>>>>>
2026-03-04 13:35:31,967 : INFO : EventManager : Event: ======'machine_var_audits_switches_s_trough_1'====== Args={'value': 81, 'prev_value': 80, 'change': 1}
2026-03-04 13:35:32,467 : INFO : EventManager : Event: ======'balldevice_bd_trough_ball_count_changed'====== Args={'balls': 1}
2026-03-04 13:35:32,467 : INFO : ball_device.bd_trough : Received unexpected ball
2026-03-04 13:35:32,468 : INFO : EventManager : Event: ======'balldevice_captured_from_playfield'====== Args={'balls': 1}
2026-03-04 13:35:32,468 : INFO : EventManager : Event: ======'sw_playfield_active'====== Args={'balls': 1}
2026-03-04 13:35:32,468 : INFO : EventManager : Event: ======'playfield_ball_count_change'====== Args={'balls': 0, 'change': -1}
2026-03-04 13:35:32,469 : INFO : EventManager : Event: ======'balldevice_bd_trough_ball_enter'====== Args={'new_balls': 1, 'unclaimed_balls': 1, 'new_available_balls': 1, 'device': <ball_device.bd_trough>}
2026-03-04 13:35:32,469 : INFO : EventManager : Event: ======'ball_drain'====== Args={'device': <ball_device.bd_trough>, 'balls': 1}
2026-03-04 13:35:32,469 : INFO : EventManager : Event: ======'ball_will_end'====== Args={}
2026-03-04 13:35:32,469 : INFO : EventManager : Event: ======'balldevice_balls_available'====== Args={}
2026-03-04 13:35:32,469 : INFO : EventManager : Event: ======'balldevice_bd_trough_ball_entered'====== Args={'new_balls': 1, 'device': <ball_device.bd_trough>}
2026-03-04 13:35:32,470 : INFO : EventManager : Event: ======'mode_base_will_stop'====== Args={}
2026-03-04 13:35:32,470 : INFO : EventManager : Event: ======'mode_base_stopping'====== Args={}
2026-03-04 13:35:32,471 : INFO : EventManager : Event: ======'stop_mode_bumpers'====== Args={'priority': 0}
2026-03-04 13:35:32,471 : INFO : EventManager : Event: ======'mode_bumpers_will_stop'====== Args={}
2026-03-04 13:35:32,471 : INFO : EventManager : Event: ======'mode_bumpers_stopping'====== Args={}
2026-03-04 13:35:32,471 : INFO : Mode.base : Stopped.
2026-03-04 13:35:32,471 : INFO : EventManager : Event: ======'modes_active_modes_changed'====== Args={}
2026-03-04 13:35:32,472 : INFO : EventManager : Event: ======'mode_base_stopped'====== Args={}
2026-03-04 13:35:32,472 : INFO : EventManager : Event: ======'clear'====== Args={'key': 'base'}
2026-03-04 13:35:32,472 : INFO : Mode.bumpers : Stopped.
2026-03-04 13:35:32,473 : INFO : EventManager : Event: ======'modes_active_modes_changed'====== Args={}
2026-03-04 13:35:32,473 : INFO : EventManager : Event: ======'mode_bumpers_stopped'====== Args={}
2026-03-04 13:35:32,474 : INFO : EventManager : Event: ======'clear'====== Args={'key': 'bumpers'}
2026-03-04 13:35:32,483 : INFO : EventManager : Event: ======'ball_ending'====== Args={}
2026-03-04 13:35:32,495 : INFO : EventManager : Event: ======'ball_ended'====== Args={}
2026-03-04 13:35:32,497 : INFO : EventManager : Event: ======'player_turn_will_end'====== Args={'player': <Player 1>, 'number': 1}
2026-03-04 13:35:32,498 : INFO : EventManager : Event: ======'player_turn_ending'====== Args={'player': <Player 1>, 'number': 1}
2026-03-04 13:35:32,498 : INFO : EventManager : Event: ======'player_turn_ended'====== Args={'player': <Player 1>, 'number': 1}
2026-03-04 13:35:32,498 : INFO : EventManager : Event: ======'player_turn_will_start'====== Args={'player': <Player 1>, 'number': 1}
2026-03-04 13:35:32,498 : INFO : EventManager : Event: ======'player_turn_starting'====== Args={'player': <Player 1>, 'number': 1}
2026-03-04 13:35:32,499 : INFO : EventManager : Event: ======'player_ball'====== Args={'value': 2, 'prev_value': 1, 'change': 1, 'player_num': 1}
2026-03-04 13:35:32,499 : INFO : EventManager : Event: ======'player_turn_started'====== Args={'player': <Player 1>, 'number': 1}
2026-03-04 13:35:32,500 : INFO : EventManager : Event: ======'ball_will_start'====== Args={'player': 1, 'ball': 2, 'balls_remaining': 1, 'is_extra_ball': False}
2026-03-04 13:35:32,500 : INFO : EventManager : Event: ======'ball_starting'====== Args={'player': 1, 'ball': 2, 'balls_remaining': 1, 'is_extra_ball': False}
2026-03-04 13:35:32,501 : INFO : EventManager : Event: ======'mode_base_will_start'====== Args={'queue': <QueuedEvent>, 'player': 1, 'ball': 2, 'balls_remaining': 1, 'is_extra_ball': False}
2026-03-04 13:35:32,501 : INFO : EventManager : Event: ======'mode_base_starting'====== Args={'queue': <QueuedEvent>, 'player': 1, 'ball': 2, 'balls_remaining': 1, 'is_extra_ball': False}
2026-03-04 13:35:32,502 : INFO : Mode.base : Started. Priority: 100
2026-03-04 13:35:32,502 : INFO : EventManager : Event: ======'modes_active_modes_changed'====== Args={}
2026-03-04 13:35:32,502 : INFO : EventManager : Event: ======'mode_base_started'====== Args={'queue': <QueuedEvent>, 'player': 1, 'ball': 2, 'balls_remaining': 1, 'is_extra_ball': False}
2026-03-04 13:35:32,502 : INFO : EventManager : Event: ======'start_mode_bumpers'====== Args={'priority': 0}
2026-03-04 13:35:32,503 : INFO : EventManager : Event: ======'mode_bumpers_will_start'====== Args={'priority': 0}
2026-03-04 13:35:32,506 : INFO : EventManager : Event: ======'mode_bumpers_starting'====== Args={'priority': 0}
2026-03-04 13:35:32,506 : INFO : Mode.bumpers : Started. Priority: 200
2026-03-04 13:35:32,506 : INFO : EventManager : Event: ======'modes_active_modes_changed'====== Args={}
2026-03-04 13:35:32,506 : INFO : EventManager : Event: ======'mode_bumpers_started'====== Args={'priority': 0}
2026-03-04 13:35:32,507 : INFO : EventManager : Event: ======'balls_in_play'====== Args={'balls': 1}
2026-03-04 13:35:32,507 : INFO : EventManager : Event: ======'ball_started'====== Args={'player': 1, 'ball': 2, 'balls_remaining': 1, 'is_extra_ball': False}
2026-03-04 13:35:32,517 : INFO : EventManager : Event: ======'single_player_ball_started'====== Args={}
2026-03-04 13:35:32,518 : INFO : EventManager : Event: ======'ball_start_target'====== Args={'target': 'playfield'}
2026-03-04 13:35:32,519 : INFO : ball_device.bd_plunger : Setting up player-controlled eject. Balls: 1, Target: <playfield.playfield>, player_controlled_eject_event: None
2026-03-04 13:35:32,519 : INFO : EventManager : Event: ======'balldevice_balls_available'====== Args={}
2026-03-04 13:35:32,521 : INFO : ball_device.bd_trough : State: waiting_for_target_ready
2026-03-04 13:35:32,521 : INFO : EventManager : Event: ======'balldevice_bd_trough_ball_eject_attempt'====== Args={'balls': 1, 'target': <ball_device.bd_plunger>, 'source': <ball_device.bd_trough>, 'mechanical_eject': True, 'num_attempts': 0}
2026-03-04 13:35:32,521 : INFO : ball_device.bd_plunger : State: waiting_for_ball
2026-03-04 13:35:32,522 : INFO : ball_device.bd_trough : State: ejecting
2026-03-04 13:35:32,522 : INFO : ball_device.bd_trough : Ejecting ball to <ball_device.bd_plunger>
2026-03-04 13:35:32,522 : INFO : EventManager : Event: ======'balldevice_bd_trough_ejecting_ball'====== Args={'balls': 1, 'target': <ball_device.bd_plunger>, 'source': <ball_device.bd_trough>, 'mechanical_eject': True, 'num_attempts': 0}
2026-03-04 13:35:32,523 : INFO : ball_device.bd_trough : Wait for ball to leave device
2026-03-04 13:35:32,523 : INFO : coil.c_trough_eject : Pulsing Driver for 20ms (1.0 pulse_power)
2026-03-04 13:35:32,551 : INFO : SwitchController : <<<<<<< 's_trough_1' inactive >>>>>>>
2026-03-04 13:35:32,551 : INFO : SwitchController : <<<<<<< 's_trough_7' active >>>>>>>
2026-03-04 13:35:32,552 : INFO : EventManager : Event: ======'machine_var_audits_switches_s_trough_7'====== Args={'value': 91, 'prev_value': 90, 'change': 1}
2026-03-04 13:35:32,553 : INFO : ball_device.bd_trough : State: ball_left
2026-03-04 13:35:32,553 : INFO : ball_device.bd_trough : Ball left
2026-03-04 13:35:32,554 : INFO : ball_device.bd_trough : Wait for confirm with timeout 3.0
2026-03-04 13:35:32,574 : INFO : SwitchController : <<<<<<< 's_trough_7' inactive >>>>>>>
2026-03-04 13:35:32,680 : INFO : SwitchController : <<<<<<< 's_plunger' active >>>>>>>
2026-03-04 13:35:32,680 : INFO : EventManager : Event: ======'machine_var_audits_switches_s_plunger'====== Args={'value': 98, 'prev_value': 97, 'change': 1}
2026-03-04 13:35:32,880 : INFO : EventManager : Event: ======'slide_base_slide_created'====== Args={'_from_bcp': True}
2026-03-04 13:35:32,880 : INFO : EventManager : Event: ======'slide_base_slide_inactive'====== Args={'is_removing': True, '_from_bcp': True}
2026-03-04 13:35:32,881 : INFO : EventManager : Event: ======'slide_base_slide_active'====== Args={'original_context': 'base', 'original_calling_context': 'mode_base_started', 'priority': 100.0, 'queue': '<QueuedEvent>', 'player': 1.0, 'ball': 2.0, 'balls_remaining': 1.0, 'is_extra_ball': False, 'cmd': 'slides_play', '_from_bcp': True}
2026-03-04 13:35:32,881 : INFO : EventManager : Event: ======'slide_base_slide_removed'====== Args={'_from_bcp': True}
2026-03-04 13:35:33,181 : INFO : ball_device.bd_plunger : Received ball from <ball_device.bd_trough>
2026-03-04 13:35:33,182 : INFO : EventManager : Event: ======'balldevice_bd_plunger_ball_enter'====== Args={'new_balls': 1, 'unclaimed_balls': 0, 'new_available_balls': 0, 'device': <ball_device.bd_plunger>}
2026-03-04 13:35:33,183 : INFO : EventManager : Event: ======'balldevice_bd_plunger_ball_entered'====== Args={'new_balls': 0, 'device': <ball_device.bd_plunger>}
2026-03-04 13:35:33,184 : INFO : EventManager : Event: ======'balldevice_bd_plunger_ball_count_changed'====== Args={'balls': 1}
2026-03-04 13:35:33,184 : INFO : ball_device.bd_trough : Got eject confirm
2026-03-04 13:35:33,184 : INFO : ball_device.bd_trough : Eject successful
2026-03-04 13:35:33,184 : INFO : EventManager : Event: ======'balldevice_bd_trough_ball_eject_success'====== Args={'balls': 1, 'target': <ball_device.bd_plunger>}
2026-03-04 13:35:33,185 : INFO : ball_device.bd_plunger : State: waiting_for_target_ready
2026-03-04 13:35:33,185 : INFO : EventManager : Event: ======'balldevice_bd_plunger_ball_eject_attempt'====== Args={'balls': 1, 'target': <playfield.playfield>, 'source': <ball_device.bd_plunger>, 'mechanical_eject': True, 'num_attempts': 0}
2026-03-04 13:35:33,186 : INFO : EventManager : Event: ======'balldevice_bd_trough_ball_count_changed'====== Args={'balls': 0}
2026-03-04 13:35:33,186 : INFO : ball_device.bd_trough : State: idle
2026-03-04 13:35:33,187 : INFO : ball_device.bd_plunger : State: ejecting
2026-03-04 13:35:33,187 : INFO : ball_device.bd_plunger : Ejecting ball to <playfield.playfield>
2026-03-04 13:35:33,188 : INFO : EventManager : Event: ======'balldevice_bd_plunger_ejecting_ball'====== Args={'balls': 1, 'target': <playfield.playfield>, 'source': <ball_device.bd_plunger>, 'mechanical_eject': True, 'num_attempts': 0}
2026-03-04 13:35:33,190 : INFO : ball_device.bd_plunger : Wait for ball to leave device
2026-03-04 13:35:34,136 : INFO : SwitchController : <<<<<<< 's_plunger' inactive >>>>>>>
2026-03-04 13:35:34,137 : INFO : ball_device.bd_plunger : State: ball_left
2026-03-04 13:35:34,137 : INFO : ball_device.bd_plunger : Ball left
2026-03-04 13:35:34,137 : INFO : ball_device.bd_plunger : Wait for confirm with timeout 5.0
2026-03-04 13:35:36,516 : INFO : SwitchController : <<<<<<< 's_flipper_right_upper' active >>>>>>>
2026-03-04 13:35:36,517 : INFO : EventManager : Event: ======'machine_var_audits_switches_s_flipper_right_upper'====== Args={'value': 1331, 'prev_value': 1330, 'change': 1}
2026-03-04 13:35:36,517 : INFO : SwitchController : <<<<<<< 's_flipper_right_lower' active >>>>>>>
2026-03-04 13:35:36,517 : INFO : EventManager : Event: ======'machine_var_audits_switches_s_flipper_right_lower'====== Args={'value': 1480, 'prev_value': 1479, 'change': 1}
2026-03-04 13:35:36,678 : INFO : SwitchController : <<<<<<< 's_flipper_right_upper' inactive >>>>>>>
2026-03-04 13:35:36,683 : INFO : SwitchController : <<<<<<< 's_flipper_right_lower' inactive >>>>>>>
2026-03-04 13:35:38,710 : INFO : SwitchController : <<<<<<< 's_flipper_right_lower' active >>>>>>>
2026-03-04 13:35:38,710 : INFO : EventManager : Event: ======'machine_var_audits_switches_s_flipper_right_lower'====== Args={'value': 1481, 'prev_value': 1480, 'change': 1}
2026-03-04 13:35:38,711 : INFO : SwitchController : <<<<<<< 's_flipper_right_upper' active >>>>>>>
2026-03-04 13:35:38,711 : INFO : EventManager : Event: ======'machine_var_audits_switches_s_flipper_right_upper'====== Args={'value': 1332, 'prev_value': 1331, 'change': 1}
2026-03-04 13:35:38,771 : INFO : SwitchController : <<<<<<< 's_flipper_left' active >>>>>>>
2026-03-04 13:35:38,771 : INFO : EventManager : Event: ======'machine_var_audits_switches_s_flipper_left'====== Args={'value': 710, 'prev_value': 709, 'change': 1}
2026-03-04 13:35:38,802 : INFO : SwitchController : <<<<<<< 's_flipper_left_eos' inactive >>>>>>>
2026-03-04 13:35:38,864 : INFO : SwitchController : <<<<<<< 's_flipper_right_upper' inactive >>>>>>>
2026-03-04 13:35:38,872 : INFO : SwitchController : <<<<<<< 's_flipper_right_lower' inactive >>>>>>>
2026-03-04 13:35:38,902 : INFO : SwitchController : <<<<<<< 's_flipper_left' inactive >>>>>>>
2026-03-04 13:35:38,991 : INFO : SwitchController : <<<<<<< 's_flipper_left_eos' active >>>>>>>
2026-03-04 13:35:38,991 : INFO : EventManager : Event: ======'machine_var_audits_switches_s_flipper_left_eos'====== Args={'value': 604, 'prev_value': 603, 'change': 1}
2026-03-04 13:35:39,139 : INFO : ball_device.bd_plunger : State: failed_confirm
2026-03-04 13:35:39,139 : INFO : ball_device.bd_plunger : Got timeout (5.0s) before confirm from <playfield.playfield>
2026-03-04 13:35:39,240 : INFO : ball_device.bd_plunger : Confirming eject because target is playfield and ball did not return.
2026-03-04 13:35:39,240 : INFO : ball_device.bd_plunger : Eject successful
2026-03-04 13:35:39,240 : INFO : EventManager : Event: ======'balldevice_bd_plunger_ball_eject_success'====== Args={'balls': 1, 'target': <playfield.playfield>}
2026-03-04 13:35:39,240 : INFO : EventManager : Event: ======'balldevice_playfield_ball_enter'====== Args={'new_balls': 1, 'unclaimed_balls': 1, 'device': <playfield.playfield>}
2026-03-04 13:35:39,241 : INFO : EventManager : Event: ======'playfield_ball_count_change'====== Args={'balls': 1, 'change': 1}
2026-03-04 13:35:39,241 : INFO : EventManager : Event: ======'balldevice_bd_plunger_ball_count_changed'====== Args={'balls': 0}
2026-03-04 13:35:39,241 : INFO : ball_device.bd_plunger : State: idle
2026-03-04 13:35:39,645 : INFO : SwitchController : <<<<<<< 's_flipper_right_lower' active >>>>>>>
2026-03-04 13:35:39,647 : INFO : EventManager : Event: ======'machine_var_audits_switches_s_flipper_right_lower'====== Args={'value': 1482, 'prev_value': 1481, 'change': 1}
2026-03-04 13:35:39,648 : INFO : SwitchController : <<<<<<< 's_flipper_right_upper' active >>>>>>>
2026-03-04 13:35:39,648 : INFO : EventManager : Event: ======'machine_var_audits_switches_s_flipper_right_upper'====== Args={'value': 1333, 'prev_value': 1332, 'change': 1}
2026-03-04 13:35:39,768 : INFO : SwitchController : <<<<<<< 's_flipper_right_upper' inactive >>>>>>>
2026-03-04 13:35:39,781 : INFO : SwitchController : <<<<<<< 's_flipper_right_lower' inactive >>>>>>>
2026-03-04 13:35:40,027 : INFO : SwitchController : <<<<<<< 's_inlane_right_2' active >>>>>>>
2026-03-04 13:35:40,027 : INFO : EventManager : Event: ======'s_inlane_right_2_active'====== Args={}
2026-03-04 13:35:40,027 : INFO : EventManager : Event: ======'sw_playfield_active'====== Args={}
2026-03-04 13:35:40,027 : INFO : EventManager : Event: ======'machine_var_audits_switches_s_inlane_right_2'====== Args={'value': 28, 'prev_value': 27, 'change': 1}
2026-03-04 13:35:40,028 : INFO : EventManager : Event: ======'player_shot_shot_inlane_right_2'====== Args={'value': 1, 'prev_value': 0, 'change': 1, 'player_num': 1}
2026-03-04 13:35:40,028 : INFO : EventManager : Event: ======'machine_var_audits_shots_shot_inlane_right_2'====== Args={'value': 28, 'prev_value': 27, 'change': 1}
2026-03-04 13:35:40,029 : INFO : EventManager : Event: ======'shot_inlane_right_2_hit'====== Args={'profile': 'default', 'state': 'unlit', 'advancing': True}
2026-03-04 13:35:40,029 : INFO : EventManager : Event: ======'shot_inlane_right_2_default_hit'====== Args={'profile': 'default', 'state': 'unlit', 'advancing': True}
2026-03-04 13:35:40,029 : INFO : EventManager : Event: ======'shot_inlane_right_2_default_unlit_hit'====== Args={'profile': 'default', 'state': 'unlit', 'advancing': True}
2026-03-04 13:35:40,029 : INFO : EventManager : Event: ======'shot_inlane_right_2_unlit_hit'====== Args={'profile': 'default', 'state': 'unlit', 'advancing': True}
2026-03-04 13:35:40,029 : INFO : EventManager : Event: ======'inlanes_hit'====== Args={'shot': 'shot_inlane_right_2'}
2026-03-04 13:35:40,029 : INFO : EventManager : Event: ======'inlanes_unlit_hit'====== Args={'shot': 'shot_inlane_right_2'}
2026-03-04 13:35:40,029 : INFO : EventManager : Event: ======'player_score'====== Args={'value': 12020, 'prev_value': 12010, 'change': 10, 'player_num': 1, 'source': 'bumpers'}
2026-03-04 13:35:40,074 : INFO : SwitchController : <<<<<<< 's_inlane_right_2' inactive >>>>>>>
2026-03-04 13:35:40,625 : INFO : SwitchController : <<<<<<< 's_flipper_right_lower' active >>>>>>>
2026-03-04 13:35:40,625 : INFO : EventManager : Event: ======'machine_var_audits_switches_s_flipper_right_lower'====== Args={'value': 1483, 'prev_value': 1482, 'change': 1}
2026-03-04 13:35:40,661 : INFO : SwitchController : <<<<<<< 's_flipper_right_lower' inactive >>>>>>>
2026-03-04 13:35:41,148 : INFO : SwitchController : <<<<<<< 's_flipper_left' active >>>>>>>
2026-03-04 13:35:41,148 : INFO : EventManager : Event: ======'machine_var_audits_switches_s_flipper_left'====== Args={'value': 711, 'prev_value': 710, 'change': 1}
2026-03-04 13:35:41,171 : INFO : SwitchController : <<<<<<< 's_flipper_left_eos' inactive >>>>>>>
2026-03-04 13:35:41,475 : INFO : SwitchController : <<<<<<< 's_flipper_left' inactive >>>>>>>
2026-03-04 13:35:41,563 : INFO : SwitchController : <<<<<<< 's_flipper_left_eos' active >>>>>>>
2026-03-04 13:35:41,564 : INFO : EventManager : Event: ======'machine_var_audits_switches_s_flipper_left_eos'====== Args={'value': 605, 'prev_value': 604, 'change': 1}
2026-03-04 13:35:42,486 : INFO : SwitchController : <<<<<<< 's_flipper_left' active >>>>>>>
2026-03-04 13:35:42,487 : INFO : EventManager : Event: ======'machine_var_audits_switches_s_flipper_left'====== Args={'value': 712, 'prev_value': 711, 'change': 1}
2026-03-04 13:35:42,524 : INFO : SwitchController : <<<<<<< 's_flipper_left_eos' inactive >>>>>>>
2026-03-04 13:35:42,645 : INFO : SwitchController : <<<<<<< 's_flipper_left' inactive >>>>>>>
2026-03-04 13:35:42,732 : INFO : SwitchController : <<<<<<< 's_flipper_left_eos' active >>>>>>>
2026-03-04 13:35:42,732 : INFO : EventManager : Event: ======'machine_var_audits_switches_s_flipper_left_eos'====== Args={'value': 606, 'prev_value': 605, 'change': 1}
2026-03-04 13:35:53,802 : INFO : SwitchController : <<<<<<< 's_flipper_right_lower' active >>>>>>>
2026-03-04 13:35:53,802 : INFO : EventManager : Event: ======'machine_var_audits_switches_s_flipper_right_lower'====== Args={'value': 1484, 'prev_value': 1483, 'change': 1}
2026-03-04 13:35:53,810 : INFO : SwitchController : <<<<<<< 's_flipper_right_upper' active >>>>>>>
2026-03-04 13:35:53,810 : INFO : EventManager : Event: ======'machine_var_audits_switches_s_flipper_right_upper'====== Args={'value': 1334, 'prev_value': 1333, 'change': 1}
2026-03-04 13:35:53,930 : INFO : SwitchController : <<<<<<< 's_flipper_right_upper' inactive >>>>>>>
2026-03-04 13:35:53,951 : INFO : SwitchController : <<<<<<< 's_flipper_right_lower' inactive >>>>>>>
2026-03-04 13:35:54,086 : INFO : SwitchController : <<<<<<< 's_bumper_upper' active >>>>>>>
2026-03-04 13:35:54,087 : INFO : EventManager : Event: ======'s_bumper_upper_active'====== Args={}
2026-03-04 13:35:54,087 : INFO : EventManager : Event: ======'machine_var_audits_switches_s_bumper_upper'====== Args={'value': 37, 'prev_value': 36, 'change': 1}
2026-03-04 13:35:54,087 : INFO : EventManager : Event: ======'machine_var_audits_shots_shot_bumper_upper'====== Args={'value': 31, 'prev_value': 30, 'change': 1}
2026-03-04 13:35:54,088 : INFO : EventManager : Event: ======'shot_bumper_upper_hit'====== Args={'profile': 'default', 'state': 'lit', 'advancing': False}
2026-03-04 13:35:54,088 : INFO : EventManager : Event: ======'shot_bumper_upper_default_hit'====== Args={'profile': 'default', 'state': 'lit', 'advancing': False}
2026-03-04 13:35:54,088 : INFO : EventManager : Event: ======'shot_bumper_upper_default_lit_hit'====== Args={'profile': 'default', 'state': 'lit', 'advancing': False}
2026-03-04 13:35:54,088 : INFO : EventManager : Event: ======'shot_bumper_upper_lit_hit'====== Args={'profile': 'default', 'state': 'lit', 'advancing': False}
2026-03-04 13:35:54,088 : INFO : EventManager : Event: ======'bumpers_hit'====== Args={'shot': 'shot_bumper_upper'}
2026-03-04 13:35:54,088 : INFO : EventManager : Event: ======'bumpers_lit_hit'====== Args={'shot': 'shot_bumper_upper'}
2026-03-04 13:35:54,088 : INFO : EventManager : Event: ======'player_score'====== Args={'value': 22020, 'prev_value': 12020, 'change': 10000, 'player_num': 1, 'source': 'bumpers'}
2026-03-04 13:35:54,106 : INFO : SwitchController : <<<<<<< 's_bumper_upper' inactive >>>>>>>
2026-03-04 13:35:55,064 : INFO : SwitchController : <<<<<<< 's_flipper_right_lower' active >>>>>>>
2026-03-04 13:35:55,065 : INFO : EventManager : Event: ======'machine_var_audits_switches_s_flipper_right_lower'====== Args={'value': 1485, 'prev_value': 1484, 'change': 1}
2026-03-04 13:35:55,137 : INFO : SwitchController : <<<<<<< 's_flipper_right_lower' inactive >>>>>>>
2026-03-04 13:35:55,252 : INFO : SwitchController : <<<<<<< 's_flipper_left' active >>>>>>>
2026-03-04 13:35:55,252 : INFO : EventManager : Event: ======'machine_var_audits_switches_s_flipper_left'====== Args={'value': 713, 'prev_value': 712, 'change': 1}
2026-03-04 13:35:55,276 : INFO : SwitchController : <<<<<<< 's_flipper_left_eos' inactive >>>>>>>
2026-03-04 13:35:55,405 : INFO : SwitchController : <<<<<<< 's_flipper_left' inactive >>>>>>>
2026-03-04 13:35:55,494 : INFO : SwitchController : <<<<<<< 's_flipper_left_eos' active >>>>>>>
2026-03-04 13:35:55,495 : INFO : EventManager : Event: ======'machine_var_audits_switches_s_flipper_left_eos'====== Args={'value': 607, 'prev_value': 606, 'change': 1}
2026-03-04 13:35:55,676 : INFO : SwitchController : <<<<<<< 's_inlane_right_1' active >>>>>>>
2026-03-04 13:35:55,676 : INFO : EventManager : Event: ======'s_inlane_right_1_active'====== Args={}
2026-03-04 13:35:55,676 : INFO : EventManager : Event: ======'sw_playfield_active'====== Args={}
2026-03-04 13:35:55,676 : INFO : EventManager : Event: ======'machine_var_audits_switches_s_inlane_right_1'====== Args={'value': 1305, 'prev_value': 1304, 'change': 1}
2026-03-04 13:35:55,677 : INFO : EventManager : Event: ======'machine_var_audits_shots_shot_inlane_right_1'====== Args={'value': 973, 'prev_value': 972, 'change': 1}
2026-03-04 13:35:55,677 : INFO : EventManager : Event: ======'shot_inlane_right_1_hit'====== Args={'profile': 'default', 'state': 'lit', 'advancing': False}
2026-03-04 13:35:55,677 : INFO : EventManager : Event: ======'shot_inlane_right_1_default_hit'====== Args={'profile': 'default', 'state': 'lit', 'advancing': False}
2026-03-04 13:35:55,677 : INFO : EventManager : Event: ======'shot_inlane_right_1_default_lit_hit'====== Args={'profile': 'default', 'state': 'lit', 'advancing': False}
2026-03-04 13:35:55,677 : INFO : EventManager : Event: ======'shot_inlane_right_1_lit_hit'====== Args={'profile': 'default', 'state': 'lit', 'advancing': False}
2026-03-04 13:35:55,677 : INFO : EventManager : Event: ======'inlanes_hit'====== Args={'shot': 'shot_inlane_right_1'}
2026-03-04 13:35:55,677 : INFO : EventManager : Event: ======'inlanes_lit_hit'====== Args={'shot': 'shot_inlane_right_1'}
2026-03-04 13:35:55,677 : INFO : EventManager : Event: ======'player_score'====== Args={'value': 22030, 'prev_value': 22020, 'change': 10, 'player_num': 1, 'source': 'bumpers'}
2026-03-04 13:35:55,723 : INFO : SwitchController : <<<<<<< 's_inlane_right_1' inactive >>>>>>>
2026-03-04 13:35:57,510 : INFO : SwitchController : <<<<<<< 's_flipper_right_lower' active >>>>>>>
2026-03-04 13:35:57,510 : INFO : EventManager : Event: ======'machine_var_audits_switches_s_flipper_right_lower'====== Args={'value': 1486, 'prev_value': 1485, 'change': 1}
2026-03-04 13:35:57,511 : INFO : SwitchController : <<<<<<< 's_flipper_right_upper' active >>>>>>>
2026-03-04 13:35:57,511 : INFO : EventManager : Event: ======'machine_var_audits_switches_s_flipper_right_upper'====== Args={'value': 1335, 'prev_value': 1334, 'change': 1}
2026-03-04 13:35:57,650 : INFO : SwitchController : <<<<<<< 's_flipper_right_upper' inactive >>>>>>>
2026-03-04 13:35:57,658 : INFO : SwitchController : <<<<<<< 's_flipper_right_lower' inactive >>>>>>>
2026-03-04 13:36:01,230 : INFO : SwitchController : <<<<<<< 's_flipper_right_lower' active >>>>>>>
2026-03-04 13:36:01,230 : INFO : EventManager : Event: ======'machine_var_audits_switches_s_flipper_right_lower'====== Args={'value': 1487, 'prev_value': 1486, 'change': 1}
2026-03-04 13:36:01,238 : INFO : SwitchController : <<<<<<< 's_flipper_right_upper' active >>>>>>>
2026-03-04 13:36:01,238 : INFO : EventManager : Event: ======'machine_var_audits_switches_s_flipper_right_upper'====== Args={'value': 1336, 'prev_value': 1335, 'change': 1}
2026-03-04 13:36:01,290 : INFO : SwitchController : <<<<<<< 's_flipper_left' active >>>>>>>
2026-03-04 13:36:01,291 : INFO : EventManager : Event: ======'machine_var_audits_switches_s_flipper_left'====== Args={'value': 714, 'prev_value': 713, 'change': 1}
2026-03-04 13:36:01,313 : INFO : SwitchController : <<<<<<< 's_flipper_left_eos' inactive >>>>>>>
2026-03-04 13:36:01,385 : INFO : SwitchController : <<<<<<< 's_flipper_right_upper' inactive >>>>>>>
2026-03-04 13:36:01,389 : INFO : SwitchController : <<<<<<< 's_flipper_right_lower' inactive >>>>>>>
2026-03-04 13:36:01,433 : INFO : SwitchController : <<<<<<< 's_flipper_left' inactive >>>>>>>
2026-03-04 13:36:01,521 : INFO : SwitchController : <<<<<<< 's_flipper_left_eos' active >>>>>>>
2026-03-04 13:36:01,521 : INFO : EventManager : Event: ======'machine_var_audits_switches_s_flipper_left_eos'====== Args={'value': 608, 'prev_value': 607, 'change': 1}
2026-03-04 13:36:02,181 : INFO : SwitchController : <<<<<<< 's_flipper_right_lower' active >>>>>>>
2026-03-04 13:36:02,181 : INFO : EventManager : Event: ======'machine_var_audits_switches_s_flipper_right_lower'====== Args={'value': 1488, 'prev_value': 1487, 'change': 1}
2026-03-04 13:36:02,184 : INFO : SwitchController : <<<<<<< 's_flipper_right_upper' active >>>>>>>
2026-03-04 13:36:02,184 : INFO : EventManager : Event: ======'machine_var_audits_switches_s_flipper_right_upper'====== Args={'value': 1337, 'prev_value': 1336, 'change': 1}
2026-03-04 13:36:02,359 : INFO : SwitchController : <<<<<<< 's_flipper_right_upper' inactive >>>>>>>
2026-03-04 13:36:02,379 : INFO : SwitchController : <<<<<<< 's_flipper_right_lower' inactive >>>>>>>
2026-03-04 13:36:08,061 : INFO : SwitchController : <<<<<<< 's_flipper_right_lower' active >>>>>>>
2026-03-04 13:36:08,061 : INFO : EventManager : Event: ======'machine_var_audits_switches_s_flipper_right_lower'====== Args={'value': 1489, 'prev_value': 1488, 'change': 1}
2026-03-04 13:36:08,062 : INFO : SwitchController : <<<<<<< 's_flipper_right_upper' active >>>>>>>
2026-03-04 13:36:08,062 : INFO : EventManager : Event: ======'machine_var_audits_switches_s_flipper_right_upper'====== Args={'value': 1338, 'prev_value': 1337, 'change': 1}
2026-03-04 13:36:08,225 : INFO : SwitchController : <<<<<<< 's_flipper_right_upper' inactive >>>>>>>
2026-03-04 13:36:08,231 : INFO : SwitchController : <<<<<<< 's_flipper_right_lower' inactive >>>>>>>
2026-03-04 13:36:09,490 : INFO : SwitchController : <<<<<<< 's_inlane_right_1' active >>>>>>>
2026-03-04 13:36:09,490 : INFO : EventManager : Event: ======'s_inlane_right_1_active'====== Args={}
2026-03-04 13:36:09,490 : INFO : EventManager : Event: ======'sw_playfield_active'====== Args={}
2026-03-04 13:36:09,490 : INFO : EventManager : Event: ======'machine_var_audits_switches_s_inlane_right_1'====== Args={'value': 1306, 'prev_value': 1305, 'change': 1}
2026-03-04 13:36:09,490 : INFO : EventManager : Event: ======'machine_var_audits_shots_shot_inlane_right_1'====== Args={'value': 974, 'prev_value': 973, 'change': 1}
2026-03-04 13:36:09,491 : INFO : EventManager : Event: ======'shot_inlane_right_1_hit'====== Args={'profile': 'default', 'state': 'lit', 'advancing': False}
2026-03-04 13:36:09,491 : INFO : EventManager : Event: ======'shot_inlane_right_1_default_hit'====== Args={'profile': 'default', 'state': 'lit', 'advancing': False}
2026-03-04 13:36:09,491 : INFO : EventManager : Event: ======'shot_inlane_right_1_default_lit_hit'====== Args={'profile': 'default', 'state': 'lit', 'advancing': False}
2026-03-04 13:36:09,491 : INFO : EventManager : Event: ======'shot_inlane_right_1_lit_hit'====== Args={'profile': 'default', 'state': 'lit', 'advancing': False}
2026-03-04 13:36:09,491 : INFO : EventManager : Event: ======'inlanes_hit'====== Args={'shot': 'shot_inlane_right_1'}
2026-03-04 13:36:09,491 : INFO : EventManager : Event: ======'inlanes_lit_hit'====== Args={'shot': 'shot_inlane_right_1'}
2026-03-04 13:36:09,491 : INFO : EventManager : Event: ======'player_score'====== Args={'value': 22040, 'prev_value': 22030, 'change': 10, 'player_num': 1, 'source': 'bumpers'}
2026-03-04 13:36:09,572 : INFO : SwitchController : <<<<<<< 's_inlane_right_1' inactive >>>>>>>
2026-03-04 13:36:10,060 : INFO : SwitchController : <<<<<<< 's_flipper_right_lower' active >>>>>>>
2026-03-04 13:36:10,061 : INFO : EventManager : Event: ======'machine_var_audits_switches_s_flipper_right_lower'====== Args={'value': 1490, 'prev_value': 1489, 'change': 1}
2026-03-04 13:36:10,061 : INFO : SwitchController : <<<<<<< 's_flipper_right_upper' active >>>>>>>
2026-03-04 13:36:10,061 : INFO : EventManager : Event: ======'machine_var_audits_switches_s_flipper_right_upper'====== Args={'value': 1339, 'prev_value': 1338, 'change': 1}
2026-03-04 13:36:10,236 : INFO : SwitchController : <<<<<<< 's_flipper_right_upper' inactive >>>>>>>
2026-03-04 13:36:10,244 : INFO : SwitchController : <<<<<<< 's_flipper_right_lower' inactive >>>>>>>
2026-03-04 13:36:12,392 : INFO : SwitchController : <<<<<<< 's_trough_6' active >>>>>>>
2026-03-04 13:36:12,392 : INFO : EventManager : Event: ======'machine_var_audits_switches_s_trough_6'====== Args={'value': 114, 'prev_value': 113, 'change': 1}
2026-03-04 13:36:12,507 : INFO : SwitchController : <<<<<<< 's_trough_6' inactive >>>>>>>
2026-03-04 13:36:12,527 : INFO : SwitchController : <<<<<<< 's_trough_5' active >>>>>>>
2026-03-04 13:36:12,528 : INFO : EventManager : Event: ======'machine_var_audits_switches_s_trough_5'====== Args={'value': 118, 'prev_value': 117, 'change': 1}
2026-03-04 13:36:12,610 : INFO : SwitchController : <<<<<<< 's_trough_5' inactive >>>>>>>
2026-03-04 13:36:12,619 : INFO : SwitchController : <<<<<<< 's_trough_4' active >>>>>>>
2026-03-04 13:36:12,620 : INFO : EventManager : Event: ======'machine_var_audits_switches_s_trough_4'====== Args={'value': 111, 'prev_value': 110, 'change': 1}
2026-03-04 13:36:12,696 : INFO : SwitchController : <<<<<<< 's_trough_4' inactive >>>>>>>
2026-03-04 13:36:12,705 : INFO : SwitchController : <<<<<<< 's_trough_3' active >>>>>>>
2026-03-04 13:36:12,705 : INFO : EventManager : Event: ======'machine_var_audits_switches_s_trough_3'====== Args={'value': 102, 'prev_value': 101, 'change': 1}
2026-03-04 13:36:12,772 : INFO : SwitchController : <<<<<<< 's_trough_3' inactive >>>>>>>
2026-03-04 13:36:12,779 : INFO : SwitchController : <<<<<<< 's_trough_2' active >>>>>>>
2026-03-04 13:36:12,780 : INFO : EventManager : Event: ======'machine_var_audits_switches_s_trough_2'====== Args={'value': 92, 'prev_value': 91, 'change': 1}
2026-03-04 13:36:12,840 : INFO : SwitchController : <<<<<<< 's_trough_2' inactive >>>>>>>
2026-03-04 13:36:12,845 : INFO : SwitchController : <<<<<<< 's_trough_1' active >>>>>>>
2026-03-04 13:36:12,845 : INFO : EventManager : Event: ======'machine_var_audits_switches_s_trough_1'====== Args={'value': 82, 'prev_value': 81, 'change': 1}
2026-03-04 13:36:13,346 : INFO : EventManager : Event: ======'balldevice_bd_trough_ball_count_changed'====== Args={'balls': 1}
2026-03-04 13:36:13,346 : INFO : ball_device.bd_trough : Received unexpected ball
2026-03-04 13:36:13,346 : INFO : EventManager : Event: ======'balldevice_captured_from_playfield'====== Args={'balls': 1}
2026-03-04 13:36:13,346 : INFO : EventManager : Event: ======'sw_playfield_active'====== Args={'balls': 1}
2026-03-04 13:36:13,346 : INFO : EventManager : Event: ======'playfield_ball_count_change'====== Args={'balls': 0, 'change': -1}
2026-03-04 13:36:13,347 : INFO : EventManager : Event: ======'balldevice_bd_trough_ball_enter'====== Args={'new_balls': 1, 'unclaimed_balls': 1, 'new_available_balls': 1, 'device': <ball_device.bd_trough>}
2026-03-04 13:36:13,347 : INFO : EventManager : Event: ======'ball_drain'====== Args={'device': <ball_device.bd_trough>, 'balls': 1}
2026-03-04 13:36:13,347 : INFO : EventManager : Event: ======'ball_will_end'====== Args={}
2026-03-04 13:36:13,348 : INFO : EventManager : Event: ======'balldevice_balls_available'====== Args={}
2026-03-04 13:36:13,348 : INFO : EventManager : Event: ======'balldevice_bd_trough_ball_entered'====== Args={'new_balls': 1, 'device': <ball_device.bd_trough>}
2026-03-04 13:36:13,348 : INFO : EventManager : Event: ======'mode_base_will_stop'====== Args={}
2026-03-04 13:36:13,348 : INFO : EventManager : Event: ======'mode_base_stopping'====== Args={}
2026-03-04 13:36:13,349 : INFO : EventManager : Event: ======'stop_mode_bumpers'====== Args={'priority': 0}
2026-03-04 13:36:13,349 : INFO : EventManager : Event: ======'mode_bumpers_will_stop'====== Args={}
2026-03-04 13:36:13,349 : INFO : EventManager : Event: ======'mode_bumpers_stopping'====== Args={}
2026-03-04 13:36:13,349 : INFO : Mode.base : Stopped.
2026-03-04 13:36:13,349 : INFO : EventManager : Event: ======'modes_active_modes_changed'====== Args={}
2026-03-04 13:36:13,350 : INFO : EventManager : Event: ======'mode_base_stopped'====== Args={}
2026-03-04 13:36:13,350 : INFO : EventManager : Event: ======'clear'====== Args={'key': 'base'}
2026-03-04 13:36:13,350 : INFO : Mode.bumpers : Stopped.
2026-03-04 13:36:13,350 : INFO : EventManager : Event: ======'modes_active_modes_changed'====== Args={}
2026-03-04 13:36:13,350 : INFO : EventManager : Event: ======'mode_bumpers_stopped'====== Args={}
2026-03-04 13:36:13,350 : INFO : EventManager : Event: ======'clear'====== Args={'key': 'bumpers'}
2026-03-04 13:36:13,352 : INFO : EventManager : Event: ======'ball_ending'====== Args={}
2026-03-04 13:36:13,352 : INFO : EventManager : Event: ======'ball_ended'====== Args={}
2026-03-04 13:36:13,354 : INFO : EventManager : Event: ======'player_turn_will_end'====== Args={'player': <Player 1>, 'number': 1}
2026-03-04 13:36:13,355 : INFO : EventManager : Event: ======'player_turn_ending'====== Args={'player': <Player 1>, 'number': 1}
2026-03-04 13:36:13,355 : INFO : EventManager : Event: ======'player_turn_ended'====== Args={'player': <Player 1>, 'number': 1}
2026-03-04 13:36:13,355 : INFO : EventManager : Event: ======'player_turn_will_start'====== Args={'player': <Player 1>, 'number': 1}
2026-03-04 13:36:13,356 : INFO : EventManager : Event: ======'player_turn_starting'====== Args={'player': <Player 1>, 'number': 1}
2026-03-04 13:36:13,356 : INFO : EventManager : Event: ======'player_ball'====== Args={'value': 3, 'prev_value': 2, 'change': 1, 'player_num': 1}
2026-03-04 13:36:13,356 : INFO : EventManager : Event: ======'player_turn_started'====== Args={'player': <Player 1>, 'number': 1}
2026-03-04 13:36:13,358 : INFO : EventManager : Event: ======'ball_will_start'====== Args={'player': 1, 'ball': 3, 'balls_remaining': 0, 'is_extra_ball': False}
2026-03-04 13:36:13,359 : INFO : EventManager : Event: ======'ball_starting'====== Args={'player': 1, 'ball': 3, 'balls_remaining': 0, 'is_extra_ball': False}
2026-03-04 13:36:13,359 : INFO : EventManager : Event: ======'mode_base_will_start'====== Args={'queue': <QueuedEvent>, 'player': 1, 'ball': 3, 'balls_remaining': 0, 'is_extra_ball': False}
2026-03-04 13:36:13,360 : INFO : EventManager : Event: ======'mode_base_starting'====== Args={'queue': <QueuedEvent>, 'player': 1, 'ball': 3, 'balls_remaining': 0, 'is_extra_ball': False}
2026-03-04 13:36:13,361 : INFO : Mode.base : Started. Priority: 100
2026-03-04 13:36:13,361 : INFO : EventManager : Event: ======'modes_active_modes_changed'====== Args={}
2026-03-04 13:36:13,361 : INFO : EventManager : Event: ======'mode_base_started'====== Args={'queue': <QueuedEvent>, 'player': 1, 'ball': 3, 'balls_remaining': 0, 'is_extra_ball': False}
2026-03-04 13:36:13,361 : INFO : EventManager : Event: ======'start_mode_bumpers'====== Args={'priority': 0}
2026-03-04 13:36:13,363 : INFO : EventManager : Event: ======'mode_bumpers_will_start'====== Args={'priority': 0}
2026-03-04 13:36:13,366 : INFO : EventManager : Event: ======'mode_bumpers_starting'====== Args={'priority': 0}
2026-03-04 13:36:13,366 : INFO : Mode.bumpers : Started. Priority: 200
2026-03-04 13:36:13,366 : INFO : EventManager : Event: ======'modes_active_modes_changed'====== Args={}
2026-03-04 13:36:13,366 : INFO : EventManager : Event: ======'mode_bumpers_started'====== Args={'priority': 0}
2026-03-04 13:36:13,366 : INFO : EventManager : Event: ======'balls_in_play'====== Args={'balls': 1}
2026-03-04 13:36:13,366 : INFO : EventManager : Event: ======'ball_started'====== Args={'player': 1, 'ball': 3, 'balls_remaining': 0, 'is_extra_ball': False}
2026-03-04 13:36:13,376 : INFO : EventManager : Event: ======'single_player_ball_started'====== Args={}
2026-03-04 13:36:13,377 : INFO : EventManager : Event: ======'ball_start_target'====== Args={'target': 'playfield'}
2026-03-04 13:36:13,377 : INFO : ball_device.bd_plunger : Setting up player-controlled eject. Balls: 1, Target: <playfield.playfield>, player_controlled_eject_event: None
2026-03-04 13:36:13,378 : INFO : EventManager : Event: ======'balldevice_balls_available'====== Args={}
2026-03-04 13:36:13,379 : INFO : ball_device.bd_trough : State: waiting_for_target_ready
2026-03-04 13:36:13,379 : INFO : EventManager : Event: ======'balldevice_bd_trough_ball_eject_attempt'====== Args={'balls': 1, 'target': <ball_device.bd_plunger>, 'source': <ball_device.bd_trough>, 'mechanical_eject': True, 'num_attempts': 0}
2026-03-04 13:36:13,379 : INFO : ball_device.bd_plunger : State: waiting_for_ball
2026-03-04 13:36:13,379 : INFO : ball_device.bd_trough : State: ejecting
2026-03-04 13:36:13,379 : INFO : ball_device.bd_trough : Ejecting ball to <ball_device.bd_plunger>
2026-03-04 13:36:13,379 : INFO : EventManager : Event: ======'balldevice_bd_trough_ejecting_ball'====== Args={'balls': 1, 'target': <ball_device.bd_plunger>, 'source': <ball_device.bd_trough>, 'mechanical_eject': True, 'num_attempts': 0}
2026-03-04 13:36:13,380 : INFO : ball_device.bd_trough : Wait for ball to leave device
2026-03-04 13:36:13,380 : INFO : coil.c_trough_eject : Pulsing Driver for 20ms (1.0 pulse_power)
2026-03-04 13:36:13,412 : INFO : SwitchController : <<<<<<< 's_trough_1' inactive >>>>>>>
2026-03-04 13:36:13,412 : INFO : SwitchController : <<<<<<< 's_trough_7' active >>>>>>>
2026-03-04 13:36:13,412 : INFO : EventManager : Event: ======'machine_var_audits_switches_s_trough_7'====== Args={'value': 92, 'prev_value': 91, 'change': 1}
2026-03-04 13:36:13,413 : INFO : ball_device.bd_trough : State: ball_left
2026-03-04 13:36:13,413 : INFO : ball_device.bd_trough : Ball left
2026-03-04 13:36:13,413 : INFO : ball_device.bd_trough : Wait for confirm with timeout 3.0
2026-03-04 13:36:13,421 : INFO : SwitchController : <<<<<<< 's_trough_7' inactive >>>>>>>
2026-03-04 13:36:13,442 : INFO : EventManager : Event: ======'slide_base_slide_created'====== Args={'_from_bcp': True}
2026-03-04 13:36:13,442 : INFO : EventManager : Event: ======'slide_base_slide_inactive'====== Args={'is_removing': True, '_from_bcp': True}
2026-03-04 13:36:13,442 : INFO : EventManager : Event: ======'slide_base_slide_active'====== Args={'original_context': 'base', 'original_calling_context': 'mode_base_started', 'priority': 100.0, 'queue': '<QueuedEvent>', 'player': 1.0, 'ball': 3.0, 'balls_remaining': 0.0, 'is_extra_ball': False, 'cmd': 'slides_play', '_from_bcp': True}
2026-03-04 13:36:13,443 : INFO : EventManager : Event: ======'slide_base_slide_removed'====== Args={'_from_bcp': True}
2026-03-04 13:36:13,534 : INFO : SwitchController : <<<<<<< 's_plunger' active >>>>>>>
2026-03-04 13:36:13,534 : INFO : EventManager : Event: ======'machine_var_audits_switches_s_plunger'====== Args={'value': 99, 'prev_value': 98, 'change': 1}
2026-03-04 13:36:14,035 : INFO : ball_device.bd_plunger : Received ball from <ball_device.bd_trough>
2026-03-04 13:36:14,036 : INFO : EventManager : Event: ======'balldevice_bd_plunger_ball_enter'====== Args={'new_balls': 1, 'unclaimed_balls': 0, 'new_available_balls': 0, 'device': <ball_device.bd_plunger>}
2026-03-04 13:36:14,037 : INFO : EventManager : Event: ======'balldevice_bd_plunger_ball_entered'====== Args={'new_balls': 0, 'device': <ball_device.bd_plunger>}
2026-03-04 13:36:14,037 : INFO : EventManager : Event: ======'balldevice_bd_plunger_ball_count_changed'====== Args={'balls': 1}
2026-03-04 13:36:14,038 : INFO : ball_device.bd_trough : Got eject confirm
2026-03-04 13:36:14,038 : INFO : ball_device.bd_trough : Eject successful
2026-03-04 13:36:14,038 : INFO : EventManager : Event: ======'balldevice_bd_trough_ball_eject_success'====== Args={'balls': 1, 'target': <ball_device.bd_plunger>}
2026-03-04 13:36:14,038 : INFO : ball_device.bd_plunger : State: waiting_for_target_ready
2026-03-04 13:36:14,039 : INFO : EventManager : Event: ======'balldevice_bd_plunger_ball_eject_attempt'====== Args={'balls': 1, 'target': <playfield.playfield>, 'source': <ball_device.bd_plunger>, 'mechanical_eject': True, 'num_attempts': 0}
2026-03-04 13:36:14,039 : INFO : EventManager : Event: ======'balldevice_bd_trough_ball_count_changed'====== Args={'balls': 0}
2026-03-04 13:36:14,039 : INFO : ball_device.bd_trough : State: idle
2026-03-04 13:36:14,040 : INFO : ball_device.bd_plunger : State: ejecting
2026-03-04 13:36:14,040 : INFO : ball_device.bd_plunger : Ejecting ball to <playfield.playfield>
2026-03-04 13:36:14,040 : INFO : EventManager : Event: ======'balldevice_bd_plunger_ejecting_ball'====== Args={'balls': 1, 'target': <playfield.playfield>, 'source': <ball_device.bd_plunger>, 'mechanical_eject': True, 'num_attempts': 0}
2026-03-04 13:36:14,041 : INFO : ball_device.bd_plunger : Wait for ball to leave device
2026-03-04 13:36:14,623 : INFO : SwitchController : <<<<<<< 's_plunger' inactive >>>>>>>
2026-03-04 13:36:14,624 : INFO : ball_device.bd_plunger : State: ball_left
2026-03-04 13:36:14,624 : INFO : ball_device.bd_plunger : Ball left
2026-03-04 13:36:14,624 : INFO : ball_device.bd_plunger : Wait for confirm with timeout 5.0
2026-03-04 13:36:16,951 : INFO : SwitchController : <<<<<<< 's_flipper_right_lower' active >>>>>>>
2026-03-04 13:36:16,952 : INFO : EventManager : Event: ======'machine_var_audits_switches_s_flipper_right_lower'====== Args={'value': 1491, 'prev_value': 1490, 'change': 1}
2026-03-04 13:36:16,952 : INFO : SwitchController : <<<<<<< 's_flipper_right_upper' active >>>>>>>
2026-03-04 13:36:16,953 : INFO : EventManager : Event: ======'machine_var_audits_switches_s_flipper_right_upper'====== Args={'value': 1340, 'prev_value': 1339, 'change': 1}
2026-03-04 13:36:17,135 : INFO : SwitchController : <<<<<<< 's_flipper_right_upper' inactive >>>>>>>
2026-03-04 13:36:17,138 : INFO : SwitchController : <<<<<<< 's_flipper_right_lower' inactive >>>>>>>
2026-03-04 13:36:17,556 : INFO : SwitchController : <<<<<<< 's_bumper_upper' active >>>>>>>
2026-03-04 13:36:17,556 : INFO : EventManager : Event: ======'playfield_active'====== Args={'source': 'shot_bumper_upper'}
2026-03-04 13:36:17,556 : INFO : EventManager : Event: ======'s_bumper_upper_active'====== Args={}
2026-03-04 13:36:17,556 : INFO : EventManager : Event: ======'playfield_active'====== Args={'source': 'bumper_upper'}
2026-03-04 13:36:17,556 : INFO : EventManager : Event: ======'machine_var_audits_switches_s_bumper_upper'====== Args={'value': 38, 'prev_value': 37, 'change': 1}
2026-03-04 13:36:17,557 : INFO : EventManager : Event: ======'machine_var_audits_shots_shot_bumper_upper'====== Args={'value': 32, 'prev_value': 31, 'change': 1}
2026-03-04 13:36:17,558 : INFO : EventManager : Event: ======'shot_bumper_upper_hit'====== Args={'profile': 'default', 'state': 'lit', 'advancing': False}
2026-03-04 13:36:17,558 : INFO : EventManager : Event: ======'shot_bumper_upper_default_hit'====== Args={'profile': 'default', 'state': 'lit', 'advancing': False}
2026-03-04 13:36:17,558 : INFO : EventManager : Event: ======'shot_bumper_upper_default_lit_hit'====== Args={'profile': 'default', 'state': 'lit', 'advancing': False}
2026-03-04 13:36:17,558 : INFO : EventManager : Event: ======'shot_bumper_upper_lit_hit'====== Args={'profile': 'default', 'state': 'lit', 'advancing': False}
2026-03-04 13:36:17,558 : INFO : EventManager : Event: ======'bumpers_hit'====== Args={'shot': 'shot_bumper_upper'}
2026-03-04 13:36:17,558 : INFO : EventManager : Event: ======'bumpers_lit_hit'====== Args={'shot': 'shot_bumper_upper'}
2026-03-04 13:36:17,558 : INFO : EventManager : Event: ======'player_score'====== Args={'value': 32040, 'prev_value': 22040, 'change': 10000, 'player_num': 1, 'source': 'bumpers'}
2026-03-04 13:36:17,561 : INFO : ball_device.bd_plunger : Got eject confirm
2026-03-04 13:36:17,561 : INFO : ball_device.bd_plunger : Eject successful
2026-03-04 13:36:17,561 : INFO : EventManager : Event: ======'balldevice_bd_plunger_ball_eject_success'====== Args={'balls': 1, 'target': <playfield.playfield>}
2026-03-04 13:36:17,562 : INFO : EventManager : Event: ======'balldevice_playfield_ball_enter'====== Args={'new_balls': 1, 'unclaimed_balls': 1, 'device': <playfield.playfield>}
2026-03-04 13:36:17,562 : INFO : EventManager : Event: ======'playfield_ball_count_change'====== Args={'balls': 1, 'change': 1}
2026-03-04 13:36:17,562 : INFO : EventManager : Event: ======'balldevice_bd_plunger_ball_count_changed'====== Args={'balls': 0}
2026-03-04 13:36:17,562 : INFO : ball_device.bd_plunger : State: idle
2026-03-04 13:36:17,578 : INFO : SwitchController : <<<<<<< 's_bumper_upper' inactive >>>>>>>
2026-03-04 13:36:19,244 : INFO : SwitchController : <<<<<<< 's_inlane_right_1' active >>>>>>>
2026-03-04 13:36:19,244 : INFO : EventManager : Event: ======'s_inlane_right_1_active'====== Args={}
2026-03-04 13:36:19,245 : INFO : EventManager : Event: ======'sw_playfield_active'====== Args={}
2026-03-04 13:36:19,245 : INFO : EventManager : Event: ======'machine_var_audits_switches_s_inlane_right_1'====== Args={'value': 1307, 'prev_value': 1306, 'change': 1}
2026-03-04 13:36:19,245 : INFO : EventManager : Event: ======'machine_var_audits_shots_shot_inlane_right_1'====== Args={'value': 975, 'prev_value': 974, 'change': 1}
2026-03-04 13:36:19,252 : INFO : EventManager : Event: ======'shot_inlane_right_1_hit'====== Args={'profile': 'default', 'state': 'lit', 'advancing': False}
2026-03-04 13:36:19,252 : INFO : EventManager : Event: ======'shot_inlane_right_1_default_hit'====== Args={'profile': 'default', 'state': 'lit', 'advancing': False}
2026-03-04 13:36:19,252 : INFO : EventManager : Event: ======'shot_inlane_right_1_default_lit_hit'====== Args={'profile': 'default', 'state': 'lit', 'advancing': False}
2026-03-04 13:36:19,252 : INFO : EventManager : Event: ======'shot_inlane_right_1_lit_hit'====== Args={'profile': 'default', 'state': 'lit', 'advancing': False}
2026-03-04 13:36:19,252 : INFO : EventManager : Event: ======'inlanes_hit'====== Args={'shot': 'shot_inlane_right_1'}
2026-03-04 13:36:19,252 : INFO : EventManager : Event: ======'inlanes_lit_hit'====== Args={'shot': 'shot_inlane_right_1'}
2026-03-04 13:36:19,252 : INFO : EventManager : Event: ======'player_score'====== Args={'value': 32050, 'prev_value': 32040, 'change': 10, 'player_num': 1, 'source': 'bumpers'}
2026-03-04 13:36:19,403 : INFO : SwitchController : <<<<<<< 's_inlane_right_1' inactive >>>>>>>
2026-03-04 13:36:21,210 : INFO : SwitchController : <<<<<<< 's_flipper_right_upper' active >>>>>>>
2026-03-04 13:36:21,210 : INFO : EventManager : Event: ======'machine_var_audits_switches_s_flipper_right_upper'====== Args={'value': 1341, 'prev_value': 1340, 'change': 1}
2026-03-04 13:36:21,211 : INFO : SwitchController : <<<<<<< 's_flipper_right_lower' active >>>>>>>
2026-03-04 13:36:21,211 : INFO : EventManager : Event: ======'machine_var_audits_switches_s_flipper_right_lower'====== Args={'value': 1492, 'prev_value': 1491, 'change': 1}
2026-03-04 13:36:21,420 : INFO : SwitchController : <<<<<<< 's_flipper_right_upper' inactive >>>>>>>
2026-03-04 13:36:21,420 : INFO : SwitchController : <<<<<<< 's_flipper_right_lower' inactive >>>>>>>
2026-03-04 13:36:21,981 : INFO : SwitchController : <<<<<<< 's_flipper_left' active >>>>>>>
2026-03-04 13:36:21,982 : INFO : EventManager : Event: ======'machine_var_audits_switches_s_flipper_left'====== Args={'value': 715, 'prev_value': 714, 'change': 1}
2026-03-04 13:36:22,015 : INFO : SwitchController : <<<<<<< 's_flipper_left_eos' inactive >>>>>>>
2026-03-04 13:36:22,133 : INFO : SwitchController : <<<<<<< 's_flipper_left' inactive >>>>>>>
2026-03-04 13:36:22,223 : INFO : SwitchController : <<<<<<< 's_flipper_left_eos' active >>>>>>>
2026-03-04 13:36:22,223 : INFO : EventManager : Event: ======'machine_var_audits_switches_s_flipper_left_eos'====== Args={'value': 609, 'prev_value': 608, 'change': 1}
2026-03-04 13:36:28,163 : INFO : SwitchController : <<<<<<< 's_flipper_left' active >>>>>>>
2026-03-04 13:36:28,164 : INFO : EventManager : Event: ======'machine_var_audits_switches_s_flipper_left'====== Args={'value': 716, 'prev_value': 715, 'change': 1}
2026-03-04 13:36:28,185 : INFO : SwitchController : <<<<<<< 's_flipper_left_eos' inactive >>>>>>>
2026-03-04 13:36:28,442 : INFO : SwitchController : <<<<<<< 's_flipper_left' inactive >>>>>>>
2026-03-04 13:36:28,531 : INFO : SwitchController : <<<<<<< 's_flipper_left_eos' active >>>>>>>
2026-03-04 13:36:28,531 : INFO : EventManager : Event: ======'machine_var_audits_switches_s_flipper_left_eos'====== Args={'value': 610, 'prev_value': 609, 'change': 1}
2026-03-04 13:36:28,847 : INFO : SwitchController : <<<<<<< 's_sling_right' active >>>>>>>
2026-03-04 13:36:28,847 : INFO : EventManager : Event: ======'s_sling_right_active'====== Args={}
2026-03-04 13:36:28,848 : INFO : EventManager : Event: ======'machine_var_audits_switches_s_sling_right'====== Args={'value': 95, 'prev_value': 94, 'change': 1}
2026-03-04 13:36:28,848 : INFO : EventManager : Event: ======'machine_var_audits_shots_shot_sling_right'====== Args={'value': 67, 'prev_value': 66, 'change': 1}
2026-03-04 13:36:28,848 : INFO : EventManager : Event: ======'shot_sling_right_hit'====== Args={'profile': 'default', 'state': 'lit', 'advancing': False}
2026-03-04 13:36:28,849 : INFO : EventManager : Event: ======'shot_sling_right_default_hit'====== Args={'profile': 'default', 'state': 'lit', 'advancing': False}
2026-03-04 13:36:28,849 : INFO : EventManager : Event: ======'shot_sling_right_default_lit_hit'====== Args={'profile': 'default', 'state': 'lit', 'advancing': False}
2026-03-04 13:36:28,849 : INFO : EventManager : Event: ======'shot_sling_right_lit_hit'====== Args={'profile': 'default', 'state': 'lit', 'advancing': False}
2026-03-04 13:36:28,849 : INFO : EventManager : Event: ======'slings_hit'====== Args={'shot': 'shot_sling_right'}
2026-03-04 13:36:28,849 : INFO : EventManager : Event: ======'slings_lit_hit'====== Args={'shot': 'shot_sling_right'}
2026-03-04 13:36:28,849 : INFO : EventManager : Event: ======'player_score'====== Args={'value': 33050, 'prev_value': 32050, 'change': 1000, 'player_num': 1, 'source': 'bumpers'}
2026-03-04 13:36:28,854 : INFO : SwitchController : <<<<<<< 's_sling_right' inactive >>>>>>>
2026-03-04 13:36:30,185 : INFO : SwitchController : <<<<<<< 's_flipper_right_lower' active >>>>>>>
2026-03-04 13:36:30,186 : INFO : EventManager : Event: ======'machine_var_audits_switches_s_flipper_right_lower'====== Args={'value': 1493, 'prev_value': 1492, 'change': 1}
2026-03-04 13:36:30,194 : INFO : SwitchController : <<<<<<< 's_flipper_right_upper' active >>>>>>>
2026-03-04 13:36:30,194 : INFO : EventManager : Event: ======'machine_var_audits_switches_s_flipper_right_upper'====== Args={'value': 1342, 'prev_value': 1341, 'change': 1}
2026-03-04 13:36:30,292 : INFO : SwitchController : <<<<<<< 's_flipper_right_upper' inactive >>>>>>>
2026-03-04 13:36:30,301 : INFO : SwitchController : <<<<<<< 's_flipper_right_lower' inactive >>>>>>>
2026-03-04 13:36:31,356 : INFO : SwitchController : <<<<<<< 's_flipper_right_lower' active >>>>>>>
2026-03-04 13:36:31,356 : INFO : EventManager : Event: ======'machine_var_audits_switches_s_flipper_right_lower'====== Args={'value': 1494, 'prev_value': 1493, 'change': 1}
2026-03-04 13:36:31,359 : INFO : SwitchController : <<<<<<< 's_flipper_right_upper' active >>>>>>>
2026-03-04 13:36:31,359 : INFO : EventManager : Event: ======'machine_var_audits_switches_s_flipper_right_upper'====== Args={'value': 1343, 'prev_value': 1342, 'change': 1}
2026-03-04 13:36:31,486 : INFO : SwitchController : <<<<<<< 's_flipper_left' active >>>>>>>
2026-03-04 13:36:31,487 : INFO : EventManager : Event: ======'machine_var_audits_switches_s_flipper_left'====== Args={'value': 717, 'prev_value': 716, 'change': 1}
2026-03-04 13:36:31,510 : INFO : SwitchController : <<<<<<< 's_flipper_left_eos' inactive >>>>>>>
2026-03-04 13:36:31,516 : INFO : SwitchController : <<<<<<< 's_flipper_right_upper' inactive >>>>>>>
2026-03-04 13:36:31,529 : INFO : SwitchController : <<<<<<< 's_flipper_right_lower' inactive >>>>>>>
2026-03-04 13:36:31,647 : INFO : SwitchController : <<<<<<< 's_flipper_left' inactive >>>>>>>
2026-03-04 13:36:31,736 : INFO : SwitchController : <<<<<<< 's_flipper_left_eos' active >>>>>>>
2026-03-04 13:36:31,736 : INFO : EventManager : Event: ======'machine_var_audits_switches_s_flipper_left_eos'====== Args={'value': 611, 'prev_value': 610, 'change': 1}
2026-03-04 13:36:32,124 : INFO : SwitchController : <<<<<<< 's_trough_6' active >>>>>>>
2026-03-04 13:36:32,124 : INFO : EventManager : Event: ======'machine_var_audits_switches_s_trough_6'====== Args={'value': 115, 'prev_value': 114, 'change': 1}
2026-03-04 13:36:32,253 : INFO : SwitchController : <<<<<<< 's_trough_6' inactive >>>>>>>
2026-03-04 13:36:32,273 : INFO : SwitchController : <<<<<<< 's_trough_5' active >>>>>>>
2026-03-04 13:36:32,273 : INFO : EventManager : Event: ======'machine_var_audits_switches_s_trough_5'====== Args={'value': 119, 'prev_value': 118, 'change': 1}
2026-03-04 13:36:32,362 : INFO : SwitchController : <<<<<<< 's_trough_5' inactive >>>>>>>
2026-03-04 13:36:32,371 : INFO : SwitchController : <<<<<<< 's_trough_4' active >>>>>>>
2026-03-04 13:36:32,372 : INFO : EventManager : Event: ======'machine_var_audits_switches_s_trough_4'====== Args={'value': 112, 'prev_value': 111, 'change': 1}
2026-03-04 13:36:32,450 : INFO : SwitchController : <<<<<<< 's_trough_4' inactive >>>>>>>
2026-03-04 13:36:32,459 : INFO : SwitchController : <<<<<<< 's_trough_3' active >>>>>>>
2026-03-04 13:36:32,459 : INFO : EventManager : Event: ======'machine_var_audits_switches_s_trough_3'====== Args={'value': 103, 'prev_value': 102, 'change': 1}
2026-03-04 13:36:32,529 : INFO : SwitchController : <<<<<<< 's_trough_3' inactive >>>>>>>
2026-03-04 13:36:32,536 : INFO : SwitchController : <<<<<<< 's_trough_2' active >>>>>>>
2026-03-04 13:36:32,536 : INFO : EventManager : Event: ======'machine_var_audits_switches_s_trough_2'====== Args={'value': 93, 'prev_value': 92, 'change': 1}
2026-03-04 13:36:32,598 : INFO : SwitchController : <<<<<<< 's_trough_2' inactive >>>>>>>
2026-03-04 13:36:32,603 : INFO : SwitchController : <<<<<<< 's_trough_1' active >>>>>>>
2026-03-04 13:36:32,604 : INFO : EventManager : Event: ======'machine_var_audits_switches_s_trough_1'====== Args={'value': 83, 'prev_value': 82, 'change': 1}
2026-03-04 13:36:33,104 : INFO : EventManager : Event: ======'balldevice_bd_trough_ball_count_changed'====== Args={'balls': 1}
2026-03-04 13:36:33,104 : INFO : ball_device.bd_trough : Received unexpected ball
2026-03-04 13:36:33,104 : INFO : EventManager : Event: ======'balldevice_captured_from_playfield'====== Args={'balls': 1}
2026-03-04 13:36:33,105 : INFO : EventManager : Event: ======'sw_playfield_active'====== Args={'balls': 1}
2026-03-04 13:36:33,105 : INFO : EventManager : Event: ======'playfield_ball_count_change'====== Args={'balls': 0, 'change': -1}
2026-03-04 13:36:33,105 : INFO : EventManager : Event: ======'balldevice_bd_trough_ball_enter'====== Args={'new_balls': 1, 'unclaimed_balls': 1, 'new_available_balls': 1, 'device': <ball_device.bd_trough>}
2026-03-04 13:36:33,105 : INFO : EventManager : Event: ======'ball_drain'====== Args={'device': <ball_device.bd_trough>, 'balls': 1}
2026-03-04 13:36:33,106 : INFO : EventManager : Event: ======'ball_will_end'====== Args={}
2026-03-04 13:36:33,106 : INFO : EventManager : Event: ======'balldevice_balls_available'====== Args={}
2026-03-04 13:36:33,106 : INFO : EventManager : Event: ======'balldevice_bd_trough_ball_entered'====== Args={'new_balls': 1, 'device': <ball_device.bd_trough>}
2026-03-04 13:36:33,106 : INFO : EventManager : Event: ======'mode_base_will_stop'====== Args={}
2026-03-04 13:36:33,107 : INFO : EventManager : Event: ======'mode_base_stopping'====== Args={}
2026-03-04 13:36:33,107 : INFO : EventManager : Event: ======'stop_mode_bumpers'====== Args={'priority': 0}
2026-03-04 13:36:33,107 : INFO : EventManager : Event: ======'mode_bumpers_will_stop'====== Args={}
2026-03-04 13:36:33,107 : INFO : EventManager : Event: ======'mode_bumpers_stopping'====== Args={}
2026-03-04 13:36:33,108 : INFO : Mode.base : Stopped.
2026-03-04 13:36:33,108 : INFO : EventManager : Event: ======'modes_active_modes_changed'====== Args={}
2026-03-04 13:36:33,108 : INFO : EventManager : Event: ======'mode_base_stopped'====== Args={}
2026-03-04 13:36:33,108 : INFO : EventManager : Event: ======'clear'====== Args={'key': 'base'}
2026-03-04 13:36:33,109 : INFO : Mode.bumpers : Stopped.
2026-03-04 13:36:33,109 : INFO : EventManager : Event: ======'modes_active_modes_changed'====== Args={}
2026-03-04 13:36:33,109 : INFO : EventManager : Event: ======'mode_bumpers_stopped'====== Args={}
2026-03-04 13:36:33,109 : INFO : EventManager : Event: ======'clear'====== Args={'key': 'bumpers'}
2026-03-04 13:36:33,111 : INFO : EventManager : Event: ======'ball_ending'====== Args={}
2026-03-04 13:36:33,111 : INFO : EventManager : Event: ======'ball_ended'====== Args={}
2026-03-04 13:36:33,113 : INFO : EventManager : Event: ======'player_turn_will_end'====== Args={'player': <Player 1>, 'number': 1}
2026-03-04 13:36:33,114 : INFO : EventManager : Event: ======'player_turn_ending'====== Args={'player': <Player 1>, 'number': 1}
2026-03-04 13:36:33,114 : INFO : EventManager : Event: ======'player_turn_ended'====== Args={'player': <Player 1>, 'number': 1}
2026-03-04 13:36:33,114 : INFO : EventManager : Event: ======'game_will_end'====== Args={}
2026-03-04 13:36:33,114 : INFO : EventManager : Event: ======'game_ending'====== Args={}
2026-03-04 13:36:33,115 : INFO : EventManager : Event: ======'machine_var_player1_score'====== Args={'value': 33050, 'prev_value': 628090, 'change': -595040}
2026-03-04 13:36:33,115 : INFO : EventManager : Event: ======'game_ended'====== Args={}
2026-03-04 13:36:33,115 : INFO : EventManager : Event: ======'mode_game_will_stop'====== Args={}
2026-03-04 13:36:33,115 : INFO : EventManager : Event: ======'mode_game_stopping'====== Args={}
2026-03-04 13:36:33,115 : INFO : EventManager : Event: ======'mode_attract_will_start'====== Args={}
2026-03-04 13:36:33,117 : INFO : Timer.attract_carousel_timer : Starting Timer.
2026-03-04 13:36:33,118 : INFO : EventManager : Event: ======'timer_attract_carousel_timer_started'====== Args={'ticks': 0, 'ticks_remaining': 1}
2026-03-04 13:36:33,118 : INFO : EventManager : Event: ======'timer_attract_carousel_timer_tick'====== Args={'ticks': 0, 'ticks_remaining': 1}
2026-03-04 13:36:33,119 : INFO : EventManager : Event: ======'mode_attract_starting'====== Args={}
2026-03-04 13:36:33,119 : INFO : Mode.attract : Started. Priority: 10
2026-03-04 13:36:33,119 : INFO : EventManager : Event: ======'modes_active_modes_changed'====== Args={}
2026-03-04 13:36:33,119 : INFO : EventManager : Event: ======'mode_attract_started'====== Args={}
2026-03-04 13:36:33,120 : INFO : EventManager : Event: ======'collecting_balls_complete'====== Args={}
2026-03-04 13:36:33,121 : INFO : EventManager : Event: ======'carousel_item_highlighted'====== Args={'carousel': 'attract', 'direction': None, 'item': 'title'}
2026-03-04 13:36:33,122 : INFO : EventManager : Event: ======'timer_attract_carousel_timer_tick'====== Args={'ticks': 0, 'ticks_remaining': 1}
2026-03-04 13:36:33,122 : INFO : Mode.game : Stopped.
2026-03-04 13:36:33,122 : INFO : EventManager : Event: ======'modes_active_modes_changed'====== Args={}
2026-03-04 13:36:33,122 : INFO : EventManager : Event: ======'mode_game_stopped'====== Args={}
2026-03-04 13:36:33,122 : INFO : EventManager : Event: ======'clear'====== Args={'key': 'game'}
2026-03-04 13:36:33,184 : INFO : EventManager : Event: ======'slide_attract_created'====== Args={'_from_bcp': True}
2026-03-04 13:36:33,184 : INFO : EventManager : Event: ======'slide_base_slide_inactive'====== Args={'is_removing': True, '_from_bcp': True}
2026-03-04 13:36:33,185 : INFO : EventManager : Event: ======'slide_attract_active'====== Args={'original_context': 'attract', 'original_calling_context': 'mode_attract_started', 'priority': 10.0, 'cmd': 'slides_play', '_from_bcp': True}
2026-03-04 13:36:33,185 : INFO : EventManager : Event: ======'slide_base_slide_removed'====== Args={'_from_bcp': True}
2026-03-04 13:36:36,105 : INFO : SwitchController : <<<<<<< 's_start' active >>>>>>>
2026-03-04 13:36:36,389 : INFO : SwitchController : <<<<<<< 's_start' inactive >>>>>>>
2026-03-04 13:36:36,389 : INFO : EventManager : Event: ======'request_to_start_game'====== Args={}
2026-03-04 13:36:36,389 : INFO : EventManager : Event: ======'game_start'====== Args={'buttons': [], 'hold_time': 0.28380859101889655}
2026-03-04 13:36:36,389 : INFO : EventManager : Event: ======'mode_game_will_start'====== Args={'buttons': [], 'hold_time': 0.28380859101889655}
2026-03-04 13:36:36,390 : INFO : EventManager : Event: ======'mode_game_starting'====== Args={'buttons': [], 'hold_time': 0.28380859101889655}
2026-03-04 13:36:36,390 : INFO : EventManager : Event: ======'mode_attract_will_stop'====== Args={}
2026-03-04 13:36:36,390 : INFO : EventManager : Event: ======'mode_attract_stopping'====== Args={}
2026-03-04 13:36:36,390 : INFO : Mode.attract : Stopped.
2026-03-04 13:36:36,390 : INFO : EventManager : Event: ======'modes_active_modes_changed'====== Args={}
2026-03-04 13:36:36,391 : INFO : EventManager : Event: ======'mode_attract_stopped'====== Args={}
2026-03-04 13:36:36,391 : INFO : EventManager : Event: ======'clear'====== Args={'key': 'attract'}
2026-03-04 13:36:36,391 : INFO : Timer.attract_carousel_timer : Stopping Timer
2026-03-04 13:36:36,391 : INFO : EventManager : Event: ======'timer_attract_carousel_timer_stopped'====== Args={'ticks': 0, 'ticks_remaining': 1}
2026-03-04 13:36:36,391 : INFO : Mode.game : Started. Priority: 20
2026-03-04 13:36:36,391 : INFO : EventManager : Event: ======'modes_active_modes_changed'====== Args={}
2026-03-04 13:36:36,391 : INFO : EventManager : Event: ======'mode_game_started'====== Args={'buttons': [], 'hold_time': 0.28380859101889655}
2026-03-04 13:36:36,392 : INFO : EventManager : Event: ======'game_will_start'====== Args={}
2026-03-04 13:36:36,392 : INFO : EventManager : Event: ======'game_starting'====== Args={'game': <Mode.game>}
2026-03-04 13:36:36,393 : INFO : EventManager : Unordered handler for class <Auditor> on event game_ended with priority 1. Handlers: [RegisteredHandler(callback=<bound method Auditor.disable of <Auditor>>, priority=1, kwargs={}, key=UUID('c20b58aa-c689-43b8-83b8-7a59ca130861'), condition=None, blocking_facility=None), RegisteredHandler(callback=<bound method Auditor._save_audits of <Auditor>>, priority=1, kwargs={}, key=UUID('1d0c7fd9-8615-4023-a8f5-815d80edf512'), condition=None, blocking_facility=None)]. The order of those handlers is not defined and they will be executed in random order. This might lead to race conditions and potential bugs.
2026-03-04 13:36:36,393 : INFO : EventManager : Event: ======'player_add_request'====== Args={}
2026-03-04 13:36:36,393 : INFO : EventManager : Event: ======'player_will_add'====== Args={'number': 1}
2026-03-04 13:36:36,394 : INFO : EventManager : Event: ======'player_adding'====== Args={'player': <Player 1>, 'number': 1}
2026-03-04 13:36:36,394 : INFO : EventManager : Event: ======'player_added'====== Args={'player': <Player 1>, 'num': 1}
2026-03-04 13:36:36,394 : INFO : Mode.game : Player added successfully. Total players: 1
2026-03-04 13:36:36,394 : INFO : EventManager : Event: ======'player_index'====== Args={'value': 0, 'prev_value': 0, 'change': 0, 'player_num': 1}
2026-03-04 13:36:36,394 : INFO : EventManager : Event: ======'player_number'====== Args={'value': 1, 'prev_value': 1, 'change': 0, 'player_num': 1}
2026-03-04 13:36:36,394 : INFO : EventManager : Event: ======'player_score'====== Args={'value': 0, 'prev_value': 0, 'change': 0, 'player_num': 1}
2026-03-04 13:36:36,395 : INFO : EventManager : Event: ======'game_started'====== Args={}
2026-03-04 13:36:36,396 : INFO : EventManager : Event: ======'player_turn_will_start'====== Args={'player': <Player 1>, 'number': 1}
2026-03-04 13:36:36,402 : INFO : EventManager : Event: ======'player_turn_starting'====== Args={'player': <Player 1>, 'number': 1}
2026-03-04 13:36:36,419 : INFO : EventManager : Event: ======'player_ball'====== Args={'value': 1, 'prev_value': 0, 'change': 1, 'player_num': 1}
2026-03-04 13:36:36,419 : INFO : EventManager : Event: ======'player_turn_started'====== Args={'player': <Player 1>, 'number': 1}
2026-03-04 13:36:36,420 : INFO : EventManager : Event: ======'ball_will_start'====== Args={'player': 1, 'ball': 1, 'balls_remaining': 2, 'is_extra_ball': False}
2026-03-04 13:36:36,420 : INFO : EventManager : Event: ======'ball_starting'====== Args={'player': 1, 'ball': 1, 'balls_remaining': 2, 'is_extra_ball': False}
2026-03-04 13:36:36,420 : INFO : EventManager : Event: ======'mode_base_will_start'====== Args={'queue': <QueuedEvent>, 'player': 1, 'ball': 1, 'balls_remaining': 2, 'is_extra_ball': False}
2026-03-04 13:36:36,421 : INFO : EventManager : Event: ======'mode_base_starting'====== Args={'queue': <QueuedEvent>, 'player': 1, 'ball': 1, 'balls_remaining': 2, 'is_extra_ball': False}
2026-03-04 13:36:36,421 : INFO : Mode.base : Started. Priority: 100
2026-03-04 13:36:36,421 : INFO : EventManager : Event: ======'modes_active_modes_changed'====== Args={}
2026-03-04 13:36:36,421 : INFO : EventManager : Event: ======'mode_base_started'====== Args={'queue': <QueuedEvent>, 'player': 1, 'ball': 1, 'balls_remaining': 2, 'is_extra_ball': False}
2026-03-04 13:36:36,422 : INFO : EventManager : Event: ======'start_mode_bumpers'====== Args={'priority': 0}
2026-03-04 13:36:36,423 : INFO : EventManager : Event: ======'mode_bumpers_will_start'====== Args={'priority': 0}
2026-03-04 13:36:36,423 : INFO : EventManager : Event: ======'player_shot_shot_sling_left_enabled'====== Args={'value': True, 'prev_value': 0, 'change': 1, 'player_num': 1}
2026-03-04 13:36:36,423 : INFO : EventManager : Event: ======'player_shot_shot_sling_right_enabled'====== Args={'value': True, 'prev_value': 0, 'change': 1, 'player_num': 1}
2026-03-04 13:36:36,424 : INFO : EventManager : Event: ======'player_shot_shot_bumper_lower_enabled'====== Args={'value': True, 'prev_value': 0, 'change': 1, 'player_num': 1}
2026-03-04 13:36:36,424 : INFO : EventManager : Event: ======'player_shot_shot_bumper_upper_enabled'====== Args={'value': True, 'prev_value': 0, 'change': 1, 'player_num': 1}
2026-03-04 13:36:36,425 : INFO : EventManager : Event: ======'player_shot_shot_inlane_left_enabled'====== Args={'value': True, 'prev_value': 0, 'change': 1, 'player_num': 1}
2026-03-04 13:36:36,425 : INFO : EventManager : Event: ======'player_shot_shot_inlane_right_1_enabled'====== Args={'value': True, 'prev_value': 0, 'change': 1, 'player_num': 1}
2026-03-04 13:36:36,425 : INFO : EventManager : Event: ======'player_shot_shot_inlane_right_2_enabled'====== Args={'value': True, 'prev_value': 0, 'change': 1, 'player_num': 1}
2026-03-04 13:36:36,426 : INFO : EventManager : Event: ======'player_shot_shot_scoop_enabled'====== Args={'value': True, 'prev_value': 0, 'change': 1, 'player_num': 1}
2026-03-04 13:36:36,426 : INFO : EventManager : Event: ======'slings_complete'====== Args={'state': 'unlit'}
2026-03-04 13:36:36,426 : INFO : EventManager : Event: ======'slings_unlit_complete'====== Args={}
2026-03-04 13:36:36,427 : INFO : EventManager : Event: ======'bumpers_complete'====== Args={'state': 'unlit'}
2026-03-04 13:36:36,427 : INFO : EventManager : Event: ======'bumpers_unlit_complete'====== Args={}
2026-03-04 13:36:36,427 : INFO : EventManager : Event: ======'inlanes_complete'====== Args={'state': 'unlit'}
2026-03-04 13:36:36,427 : INFO : EventManager : Event: ======'inlanes_unlit_complete'====== Args={}
2026-03-04 13:36:36,428 : INFO : EventManager : Event: ======'mode_bumpers_starting'====== Args={'priority': 0}
2026-03-04 13:36:36,436 : INFO : Mode.bumpers : Started. Priority: 200
2026-03-04 13:36:36,436 : INFO : EventManager : Event: ======'modes_active_modes_changed'====== Args={}
2026-03-04 13:36:36,436 : INFO : EventManager : Event: ======'mode_bumpers_started'====== Args={'priority': 0}
2026-03-04 13:36:36,437 : INFO : EventManager : Event: ======'balls_in_play'====== Args={'balls': 1}
2026-03-04 13:36:36,437 : INFO : EventManager : Event: ======'ball_started'====== Args={'player': 1, 'ball': 1, 'balls_remaining': 2, 'is_extra_ball': False}
2026-03-04 13:36:36,450 : INFO : EventManager : Event: ======'single_player_ball_started'====== Args={}
2026-03-04 13:36:36,451 : INFO : EventManager : Event: ======'ball_start_target'====== Args={'target': 'playfield'}
2026-03-04 13:36:36,451 : INFO : ball_device.bd_plunger : Setting up player-controlled eject. Balls: 1, Target: <playfield.playfield>, player_controlled_eject_event: None
2026-03-04 13:36:36,452 : INFO : EventManager : Event: ======'balldevice_balls_available'====== Args={}
2026-03-04 13:36:36,453 : INFO : ball_device.bd_trough : State: waiting_for_target_ready
2026-03-04 13:36:36,453 : INFO : EventManager : Event: ======'balldevice_bd_trough_ball_eject_attempt'====== Args={'balls': 1, 'target': <ball_device.bd_plunger>, 'source': <ball_device.bd_trough>, 'mechanical_eject': True, 'num_attempts': 0}
2026-03-04 13:36:36,453 : INFO : ball_device.bd_plunger : State: waiting_for_ball
2026-03-04 13:36:36,453 : INFO : ball_device.bd_trough : State: ejecting
2026-03-04 13:36:36,454 : INFO : ball_device.bd_trough : Ejecting ball to <ball_device.bd_plunger>
2026-03-04 13:36:36,454 : INFO : EventManager : Event: ======'balldevice_bd_trough_ejecting_ball'====== Args={'balls': 1, 'target': <ball_device.bd_plunger>, 'source': <ball_device.bd_trough>, 'mechanical_eject': True, 'num_attempts': 0}
2026-03-04 13:36:36,454 : INFO : ball_device.bd_trough : Wait for ball to leave device
2026-03-04 13:36:36,455 : INFO : coil.c_trough_eject : Pulsing Driver for 20ms (1.0 pulse_power)
2026-03-04 13:36:36,482 : INFO : SwitchController : <<<<<<< 's_trough_1' inactive >>>>>>>
2026-03-04 13:36:36,483 : INFO : SwitchController : <<<<<<< 's_trough_7' active >>>>>>>
2026-03-04 13:36:36,483 : INFO : EventManager : Event: ======'machine_var_audits_switches_s_trough_7'====== Args={'value': 93, 'prev_value': 92, 'change': 1}
2026-03-04 13:36:36,507 : INFO : ball_device.bd_trough : State: ball_left
2026-03-04 13:36:36,507 : INFO : ball_device.bd_trough : Ball left
2026-03-04 13:36:36,507 : INFO : ball_device.bd_trough : Wait for confirm with timeout 3.0
2026-03-04 13:36:36,508 : INFO : SwitchController : <<<<<<< 's_trough_7' inactive >>>>>>>
2026-03-04 13:36:36,508 : INFO : EventManager : Event: ======'slide_base_slide_created'====== Args={'_from_bcp': True}
2026-03-04 13:36:36,508 : INFO : EventManager : Event: ======'slide_attract_inactive'====== Args={'is_removing': True, '_from_bcp': True}
2026-03-04 13:36:36,508 : INFO : EventManager : Event: ======'slide_base_slide_active'====== Args={'original_context': 'base', 'original_calling_context': 'mode_base_started', 'priority': 100.0, 'queue': '<QueuedEvent>', 'player': 1.0, 'ball': 1.0, 'balls_remaining': 2.0, 'is_extra_ball': False, 'cmd': 'slides_play', '_from_bcp': True}
2026-03-04 13:36:36,509 : INFO : EventManager : Event: ======'slide_attract_removed'====== Args={'_from_bcp': True}
2026-03-04 13:36:36,620 : INFO : SwitchController : <<<<<<< 's_plunger' active >>>>>>>
2026-03-04 13:36:36,620 : INFO : EventManager : Event: ======'machine_var_audits_switches_s_plunger'====== Args={'value': 100, 'prev_value': 99, 'change': 1}
2026-03-04 13:36:37,121 : INFO : ball_device.bd_plunger : Received ball from <ball_device.bd_trough>
2026-03-04 13:36:37,122 : INFO : EventManager : Event: ======'balldevice_bd_plunger_ball_enter'====== Args={'new_balls': 1, 'unclaimed_balls': 0, 'new_available_balls': 0, 'device': <ball_device.bd_plunger>}
2026-03-04 13:36:37,122 : INFO : EventManager : Event: ======'balldevice_bd_plunger_ball_entered'====== Args={'new_balls': 0, 'device': <ball_device.bd_plunger>}
2026-03-04 13:36:37,122 : INFO : EventManager : Event: ======'balldevice_bd_plunger_ball_count_changed'====== Args={'balls': 1}
2026-03-04 13:36:37,122 : INFO : ball_device.bd_trough : Got eject confirm
2026-03-04 13:36:37,123 : INFO : ball_device.bd_trough : Eject successful
2026-03-04 13:36:37,123 : INFO : EventManager : Event: ======'balldevice_bd_trough_ball_eject_success'====== Args={'balls': 1, 'target': <ball_device.bd_plunger>}
2026-03-04 13:36:37,123 : INFO : ball_device.bd_plunger : State: waiting_for_target_ready
2026-03-04 13:36:37,123 : INFO : EventManager : Event: ======'balldevice_bd_plunger_ball_eject_attempt'====== Args={'balls': 1, 'target': <playfield.playfield>, 'source': <ball_device.bd_plunger>, 'mechanical_eject': True, 'num_attempts': 0}
2026-03-04 13:36:37,124 : INFO : EventManager : Event: ======'balldevice_bd_trough_ball_count_changed'====== Args={'balls': 0}
2026-03-04 13:36:37,124 : INFO : ball_device.bd_trough : State: idle
2026-03-04 13:36:37,124 : INFO : ball_device.bd_plunger : State: ejecting
2026-03-04 13:36:37,124 : INFO : ball_device.bd_plunger : Ejecting ball to <playfield.playfield>
2026-03-04 13:36:37,124 : INFO : EventManager : Event: ======'balldevice_bd_plunger_ejecting_ball'====== Args={'balls': 1, 'target': <playfield.playfield>, 'source': <ball_device.bd_plunger>, 'mechanical_eject': True, 'num_attempts': 0}
2026-03-04 13:36:37,125 : INFO : ball_device.bd_plunger : Wait for ball to leave device
2026-03-04 13:36:37,635 : INFO : SwitchController : <<<<<<< 's_plunger' inactive >>>>>>>
2026-03-04 13:36:37,636 : INFO : ball_device.bd_plunger : State: ball_left
2026-03-04 13:36:37,637 : INFO : ball_device.bd_plunger : Ball left
2026-03-04 13:36:37,637 : INFO : ball_device.bd_plunger : Wait for confirm with timeout 5.0
2026-03-04 13:36:39,007 : INFO : SwitchController : <<<<<<< 's_flipper_right_lower' active >>>>>>>
2026-03-04 13:36:39,007 : INFO : EventManager : Event: ======'machine_var_audits_switches_s_flipper_right_lower'====== Args={'value': 1495, 'prev_value': 1494, 'change': 1}
2026-03-04 13:36:39,027 : INFO : SwitchController : <<<<<<< 's_flipper_right_upper' active >>>>>>>
2026-03-04 13:36:39,028 : INFO : EventManager : Event: ======'machine_var_audits_switches_s_flipper_right_upper'====== Args={'value': 1344, 'prev_value': 1343, 'change': 1}
2026-03-04 13:36:39,097 : INFO : SwitchController : <<<<<<< 's_flipper_left' active >>>>>>>
2026-03-04 13:36:39,098 : INFO : EventManager : Event: ======'machine_var_audits_switches_s_flipper_left'====== Args={'value': 718, 'prev_value': 717, 'change': 1}
2026-03-04 13:36:39,101 : INFO : SwitchController : <<<<<<< 's_flipper_right_upper' inactive >>>>>>>
2026-03-04 13:36:39,119 : INFO : SwitchController : <<<<<<< 's_flipper_right_lower' inactive >>>>>>>
2026-03-04 13:36:39,121 : INFO : SwitchController : <<<<<<< 's_flipper_left_eos' inactive >>>>>>>
2026-03-04 13:36:39,241 : INFO : SwitchController : <<<<<<< 's_flipper_left' inactive >>>>>>>
2026-03-04 13:36:39,330 : INFO : SwitchController : <<<<<<< 's_flipper_left_eos' active >>>>>>>
2026-03-04 13:36:39,330 : INFO : EventManager : Event: ======'machine_var_audits_switches_s_flipper_left_eos'====== Args={'value': 612, 'prev_value': 611, 'change': 1}
2026-03-04 13:36:40,251 : INFO : SwitchController : <<<<<<< 's_flipper_right_lower' active >>>>>>>
2026-03-04 13:36:40,252 : INFO : EventManager : Event: ======'machine_var_audits_switches_s_flipper_right_lower'====== Args={'value': 1496, 'prev_value': 1495, 'change': 1}
2026-03-04 13:36:40,252 : INFO : SwitchController : <<<<<<< 's_flipper_right_upper' active >>>>>>>
2026-03-04 13:36:40,252 : INFO : EventManager : Event: ======'machine_var_audits_switches_s_flipper_right_upper'====== Args={'value': 1345, 'prev_value': 1344, 'change': 1}
2026-03-04 13:36:40,519 : INFO : SwitchController : <<<<<<< 's_flipper_right_upper' inactive >>>>>>>
2026-03-04 13:36:40,542 : INFO : SwitchController : <<<<<<< 's_flipper_right_lower' inactive >>>>>>>
2026-03-04 13:36:42,637 : INFO : ball_device.bd_plunger : State: failed_confirm
2026-03-04 13:36:42,637 : INFO : ball_device.bd_plunger : Got timeout (5.0s) before confirm from <playfield.playfield>
2026-03-04 13:36:42,737 : INFO : ball_device.bd_plunger : Confirming eject because target is playfield and ball did not return.
2026-03-04 13:36:42,737 : INFO : ball_device.bd_plunger : Eject successful
2026-03-04 13:36:42,738 : INFO : EventManager : Event: ======'balldevice_bd_plunger_ball_eject_success'====== Args={'balls': 1, 'target': <playfield.playfield>}
2026-03-04 13:36:42,738 : INFO : EventManager : Event: ======'balldevice_playfield_ball_enter'====== Args={'new_balls': 1, 'unclaimed_balls': 1, 'device': <playfield.playfield>}
2026-03-04 13:36:42,738 : INFO : EventManager : Event: ======'playfield_ball_count_change'====== Args={'balls': 1, 'change': 1}
2026-03-04 13:36:42,738 : INFO : EventManager : Event: ======'balldevice_bd_plunger_ball_count_changed'====== Args={'balls': 0}
2026-03-04 13:36:42,738 : INFO : ball_device.bd_plunger : State: idle
2026-03-04 13:36:45,961 : INFO : SwitchController : <<<<<<< 's_flipper_right_lower' active >>>>>>>
2026-03-04 13:36:45,961 : INFO : EventManager : Event: ======'machine_var_audits_switches_s_flipper_right_lower'====== Args={'value': 1497, 'prev_value': 1496, 'change': 1}
2026-03-04 13:36:46,105 : INFO : SwitchController : <<<<<<< 's_flipper_right_upper' active >>>>>>>
2026-03-04 13:36:46,105 : INFO : EventManager : Event: ======'machine_var_audits_switches_s_flipper_right_upper'====== Args={'value': 1346, 'prev_value': 1345, 'change': 1}
2026-03-04 13:36:46,114 : INFO : SwitchController : <<<<<<< 's_flipper_right_upper' inactive >>>>>>>
2026-03-04 13:36:46,136 : INFO : SwitchController : <<<<<<< 's_flipper_right_lower' inactive >>>>>>>
2026-03-04 13:36:46,844 : INFO : SwitchController : <<<<<<< 's_flipper_left' active >>>>>>>
2026-03-04 13:36:46,845 : INFO : EventManager : Event: ======'machine_var_audits_switches_s_flipper_left'====== Args={'value': 719, 'prev_value': 718, 'change': 1}
2026-03-04 13:36:46,867 : INFO : SwitchController : <<<<<<< 's_flipper_left_eos' inactive >>>>>>>
2026-03-04 13:36:46,912 : INFO : SwitchController : <<<<<<< 's_flipper_left' inactive >>>>>>>
2026-03-04 13:36:47,001 : INFO : SwitchController : <<<<<<< 's_flipper_left_eos' active >>>>>>>
2026-03-04 13:36:47,001 : INFO : EventManager : Event: ======'machine_var_audits_switches_s_flipper_left_eos'====== Args={'value': 613, 'prev_value': 612, 'change': 1}
2026-03-04 13:36:47,143 : INFO : SwitchController : <<<<<<< 's_flipper_right_lower' active >>>>>>>
2026-03-04 13:36:47,143 : INFO : EventManager : Event: ======'machine_var_audits_switches_s_flipper_right_lower'====== Args={'value': 1498, 'prev_value': 1497, 'change': 1}
2026-03-04 13:36:47,144 : INFO : SwitchController : <<<<<<< 's_flipper_right_upper' active >>>>>>>
2026-03-04 13:36:47,144 : INFO : EventManager : Event: ======'machine_var_audits_switches_s_flipper_right_upper'====== Args={'value': 1347, 'prev_value': 1346, 'change': 1}
2026-03-04 13:36:47,146 : INFO : SwitchController : <<<<<<< 's_flipper_right_lower' inactive >>>>>>>
2026-03-04 13:36:47,147 : INFO : SwitchController : <<<<<<< 's_flipper_right_lower' active >>>>>>>
2026-03-04 13:36:47,148 : INFO : EventManager : Event: ======'machine_var_audits_switches_s_flipper_right_lower'====== Args={'value': 1499, 'prev_value': 1498, 'change': 1}
2026-03-04 13:36:47,597 : INFO : SwitchController : <<<<<<< 's_flipper_right_lower' inactive >>>>>>>
2026-03-04 13:36:47,598 : INFO : SwitchController : <<<<<<< 's_flipper_right_upper' inactive >>>>>>>
2026-03-04 13:36:48,200 : INFO : SwitchController : <<<<<<< 's_bumper_lower' active >>>>>>>
2026-03-04 13:36:48,200 : INFO : EventManager : Event: ======'s_bumper_lower_active'====== Args={}
2026-03-04 13:36:48,200 : INFO : EventManager : Event: ======'machine_var_audits_switches_s_bumper_lower'====== Args={'value': 34, 'prev_value': 33, 'change': 1}
2026-03-04 13:36:48,201 : INFO : EventManager : Event: ======'player_shot_shot_bumper_lower'====== Args={'value': 1, 'prev_value': 0, 'change': 1, 'player_num': 1}
2026-03-04 13:36:48,201 : INFO : EventManager : Event: ======'machine_var_audits_shots_shot_bumper_lower'====== Args={'value': 34, 'prev_value': 33, 'change': 1}
2026-03-04 13:36:48,202 : INFO : EventManager : Event: ======'shot_bumper_lower_hit'====== Args={'profile': 'default', 'state': 'unlit', 'advancing': True}
2026-03-04 13:36:48,202 : INFO : EventManager : Event: ======'shot_bumper_lower_default_hit'====== Args={'profile': 'default', 'state': 'unlit', 'advancing': True}
2026-03-04 13:36:48,202 : INFO : EventManager : Event: ======'shot_bumper_lower_default_unlit_hit'====== Args={'profile': 'default', 'state': 'unlit', 'advancing': True}
2026-03-04 13:36:48,202 : INFO : EventManager : Event: ======'shot_bumper_lower_unlit_hit'====== Args={'profile': 'default', 'state': 'unlit', 'advancing': True}
2026-03-04 13:36:48,202 : INFO : EventManager : Event: ======'bumpers_hit'====== Args={'shot': 'shot_bumper_lower'}
2026-03-04 13:36:48,202 : INFO : EventManager : Event: ======'bumpers_unlit_hit'====== Args={'shot': 'shot_bumper_lower'}
2026-03-04 13:36:48,202 : INFO : EventManager : Event: ======'player_initial_value'====== Args={'value': 0, 'prev_value': 0, 'change': 0, 'player_num': 1, 'source': 'bumpers'}
2026-03-04 13:36:48,203 : INFO : EventManager : Event: ======'player_score'====== Args={'value': 10000, 'prev_value': 0, 'change': 10000, 'player_num': 1, 'source': 'bumpers'}
2026-03-04 13:36:48,219 : INFO : SwitchController : <<<<<<< 's_bumper_lower' inactive >>>>>>>
2026-03-04 13:36:50,309 : INFO : SwitchController : <<<<<<< 's_flipper_right_lower' active >>>>>>>
2026-03-04 13:36:50,310 : INFO : EventManager : Event: ======'machine_var_audits_switches_s_flipper_right_lower'====== Args={'value': 1500, 'prev_value': 1499, 'change': 1}
2026-03-04 13:36:50,310 : INFO : SwitchController : <<<<<<< 's_flipper_right_upper' active >>>>>>>
2026-03-04 13:36:50,310 : INFO : EventManager : Event: ======'machine_var_audits_switches_s_flipper_right_upper'====== Args={'value': 1348, 'prev_value': 1347, 'change': 1}
2026-03-04 13:36:50,432 : INFO : SwitchController : <<<<<<< 's_flipper_right_upper' inactive >>>>>>>
2026-03-04 13:36:50,441 : INFO : SwitchController : <<<<<<< 's_flipper_right_lower' inactive >>>>>>>
2026-03-04 13:36:53,787 : INFO : SwitchController : <<<<<<< 's_inlane_right_2' active >>>>>>>
2026-03-04 13:36:53,787 : INFO : EventManager : Event: ======'s_inlane_right_2_active'====== Args={}
2026-03-04 13:36:53,787 : INFO : EventManager : Event: ======'sw_playfield_active'====== Args={}
2026-03-04 13:36:53,787 : INFO : EventManager : Event: ======'machine_var_audits_switches_s_inlane_right_2'====== Args={'value': 29, 'prev_value': 28, 'change': 1}
2026-03-04 13:36:53,787 : INFO : EventManager : Event: ======'player_shot_shot_inlane_right_2'====== Args={'value': 1, 'prev_value': 0, 'change': 1, 'player_num': 1}
2026-03-04 13:36:53,788 : INFO : EventManager : Event: ======'machine_var_audits_shots_shot_inlane_right_2'====== Args={'value': 29, 'prev_value': 28, 'change': 1}
2026-03-04 13:36:53,794 : INFO : EventManager : Event: ======'shot_inlane_right_2_hit'====== Args={'profile': 'default', 'state': 'unlit', 'advancing': True}
2026-03-04 13:36:53,795 : INFO : EventManager : Event: ======'shot_inlane_right_2_default_hit'====== Args={'profile': 'default', 'state': 'unlit', 'advancing': True}
2026-03-04 13:36:53,795 : INFO : EventManager : Event: ======'shot_inlane_right_2_default_unlit_hit'====== Args={'profile': 'default', 'state': 'unlit', 'advancing': True}
2026-03-04 13:36:53,795 : INFO : EventManager : Event: ======'shot_inlane_right_2_unlit_hit'====== Args={'profile': 'default', 'state': 'unlit', 'advancing': True}
2026-03-04 13:36:53,798 : INFO : EventManager : Event: ======'inlanes_hit'====== Args={'shot': 'shot_inlane_right_2'}
2026-03-04 13:36:53,798 : INFO : EventManager : Event: ======'inlanes_unlit_hit'====== Args={'shot': 'shot_inlane_right_2'}
2026-03-04 13:36:53,798 : INFO : EventManager : Event: ======'player_score'====== Args={'value': 10010, 'prev_value': 10000, 'change': 10, 'player_num': 1, 'source': 'bumpers'}
2026-03-04 13:36:53,919 : INFO : SwitchController : <<<<<<< 's_inlane_right_2' inactive >>>>>>>
2026-03-04 13:36:55,187 : INFO : SwitchController : <<<<<<< 's_flipper_right_lower' active >>>>>>>
2026-03-04 13:36:55,187 : INFO : EventManager : Event: ======'machine_var_audits_switches_s_flipper_right_lower'====== Args={'value': 1501, 'prev_value': 1500, 'change': 1}
2026-03-04 13:36:55,188 : INFO : SwitchController : <<<<<<< 's_flipper_right_upper' active >>>>>>>
2026-03-04 13:36:55,188 : INFO : EventManager : Event: ======'machine_var_audits_switches_s_flipper_right_upper'====== Args={'value': 1349, 'prev_value': 1348, 'change': 1}
2026-03-04 13:36:55,406 : INFO : SwitchController : <<<<<<< 's_flipper_right_upper' inactive >>>>>>>
2026-03-04 13:36:55,415 : INFO : SwitchController : <<<<<<< 's_flipper_right_lower' inactive >>>>>>>
2026-03-04 13:36:57,544 : INFO : SwitchController : <<<<<<< 's_flipper_right_lower' active >>>>>>>
2026-03-04 13:36:57,544 : INFO : EventManager : Event: ======'machine_var_audits_switches_s_flipper_right_lower'====== Args={'value': 1502, 'prev_value': 1501, 'change': 1}
2026-03-04 13:36:57,545 : INFO : SwitchController : <<<<<<< 's_flipper_right_upper' active >>>>>>>
2026-03-04 13:36:57,545 : INFO : EventManager : Event: ======'machine_var_audits_switches_s_flipper_right_upper'====== Args={'value': 1350, 'prev_value': 1349, 'change': 1}
2026-03-04 13:36:57,720 : INFO : SwitchController : <<<<<<< 's_flipper_right_upper' inactive >>>>>>>
2026-03-04 13:36:57,730 : INFO : SwitchController : <<<<<<< 's_flipper_right_lower' inactive >>>>>>>
2026-03-04 13:36:58,715 : INFO : SwitchController : <<<<<<< 's_flipper_right_lower' active >>>>>>>
2026-03-04 13:36:58,715 : INFO : EventManager : Event: ======'machine_var_audits_switches_s_flipper_right_lower'====== Args={'value': 1503, 'prev_value': 1502, 'change': 1}
2026-03-04 13:36:58,716 : INFO : SwitchController : <<<<<<< 's_flipper_right_upper' active >>>>>>>
2026-03-04 13:36:58,716 : INFO : EventManager : Event: ======'machine_var_audits_switches_s_flipper_right_upper'====== Args={'value': 1351, 'prev_value': 1350, 'change': 1}
2026-03-04 13:36:58,845 : INFO : SwitchController : <<<<<<< 's_flipper_right_upper' inactive >>>>>>>
2026-03-04 13:36:58,853 : INFO : SwitchController : <<<<<<< 's_flipper_right_lower' inactive >>>>>>>
2026-03-04 13:37:00,029 : INFO : SwitchController : <<<<<<< 's_inlane_left' active >>>>>>>
2026-03-04 13:37:00,029 : INFO : EventManager : Event: ======'s_inlane_left_active'====== Args={}
2026-03-04 13:37:00,029 : INFO : EventManager : Event: ======'sw_playfield_active'====== Args={}
2026-03-04 13:37:00,030 : INFO : EventManager : Event: ======'machine_var_audits_switches_s_inlane_left'====== Args={'value': 38, 'prev_value': 37, 'change': 1}
2026-03-04 13:37:00,031 : INFO : EventManager : Event: ======'player_shot_shot_inlane_left'====== Args={'value': 1, 'prev_value': 0, 'change': 1, 'player_num': 1}
2026-03-04 13:37:00,031 : INFO : EventManager : Event: ======'machine_var_audits_shots_shot_inlane_left'====== Args={'value': 38, 'prev_value': 37, 'change': 1}
2026-03-04 13:37:00,032 : INFO : EventManager : Event: ======'shot_inlane_left_hit'====== Args={'profile': 'default', 'state': 'unlit', 'advancing': True}
2026-03-04 13:37:00,032 : INFO : EventManager : Event: ======'shot_inlane_left_default_hit'====== Args={'profile': 'default', 'state': 'unlit', 'advancing': True}
2026-03-04 13:37:00,032 : INFO : EventManager : Event: ======'shot_inlane_left_default_unlit_hit'====== Args={'profile': 'default', 'state': 'unlit', 'advancing': True}
2026-03-04 13:37:00,032 : INFO : EventManager : Event: ======'shot_inlane_left_unlit_hit'====== Args={'profile': 'default', 'state': 'unlit', 'advancing': True}
2026-03-04 13:37:00,032 : INFO : EventManager : Event: ======'inlanes_hit'====== Args={'shot': 'shot_inlane_left'}
2026-03-04 13:37:00,032 : INFO : EventManager : Event: ======'inlanes_unlit_hit'====== Args={'shot': 'shot_inlane_left'}
2026-03-04 13:37:00,032 : INFO : EventManager : Event: ======'player_score'====== Args={'value': 10020, 'prev_value': 10010, 'change': 10, 'player_num': 1, 'source': 'bumpers'}
2026-03-04 13:37:00,201 : INFO : SwitchController : <<<<<<< 's_inlane_left' inactive >>>>>>>
2026-03-04 13:37:00,751 : INFO : SwitchController : <<<<<<< 's_flipper_left' active >>>>>>>
2026-03-04 13:37:00,751 : INFO : EventManager : Event: ======'machine_var_audits_switches_s_flipper_left'====== Args={'value': 720, 'prev_value': 719, 'change': 1}
2026-03-04 13:37:00,786 : INFO : SwitchController : <<<<<<< 's_flipper_left_eos' inactive >>>>>>>
2026-03-04 13:37:00,927 : INFO : SwitchController : <<<<<<< 's_flipper_left' inactive >>>>>>>
2026-03-04 13:37:01,016 : INFO : SwitchController : <<<<<<< 's_flipper_left_eos' active >>>>>>>
2026-03-04 13:37:01,016 : INFO : EventManager : Event: ======'machine_var_audits_switches_s_flipper_left_eos'====== Args={'value': 614, 'prev_value': 613, 'change': 1}
2026-03-04 13:37:02,422 : INFO : SwitchController : <<<<<<< 's_flipper_right_lower' active >>>>>>>
2026-03-04 13:37:02,422 : INFO : EventManager : Event: ======'machine_var_audits_switches_s_flipper_right_lower'====== Args={'value': 1504, 'prev_value': 1503, 'change': 1}
2026-03-04 13:37:02,424 : INFO : SwitchController : <<<<<<< 's_flipper_right_upper' active >>>>>>>
2026-03-04 13:37:02,425 : INFO : EventManager : Event: ======'machine_var_audits_switches_s_flipper_right_upper'====== Args={'value': 1352, 'prev_value': 1351, 'change': 1}
2026-03-04 13:37:02,551 : INFO : SwitchController : <<<<<<< 's_flipper_right_upper' inactive >>>>>>>
2026-03-04 13:37:02,560 : INFO : SwitchController : <<<<<<< 's_flipper_right_lower' inactive >>>>>>>
2026-03-04 13:37:03,000 : INFO : SwitchController : <<<<<<< 's_inlane_right_2' active >>>>>>>
2026-03-04 13:37:03,000 : INFO : EventManager : Event: ======'s_inlane_right_2_active'====== Args={}
2026-03-04 13:37:03,000 : INFO : EventManager : Event: ======'sw_playfield_active'====== Args={}
2026-03-04 13:37:03,000 : INFO : EventManager : Event: ======'machine_var_audits_switches_s_inlane_right_2'====== Args={'value': 30, 'prev_value': 29, 'change': 1}
2026-03-04 13:37:03,001 : INFO : EventManager : Event: ======'machine_var_audits_shots_shot_inlane_right_2'====== Args={'value': 30, 'prev_value': 29, 'change': 1}
2026-03-04 13:37:03,002 : INFO : EventManager : Event: ======'shot_inlane_right_2_hit'====== Args={'profile': 'default', 'state': 'lit', 'advancing': False}
2026-03-04 13:37:03,002 : INFO : EventManager : Event: ======'shot_inlane_right_2_default_hit'====== Args={'profile': 'default', 'state': 'lit', 'advancing': False}
2026-03-04 13:37:03,002 : INFO : EventManager : Event: ======'shot_inlane_right_2_default_lit_hit'====== Args={'profile': 'default', 'state': 'lit', 'advancing': False}
2026-03-04 13:37:03,002 : INFO : EventManager : Event: ======'shot_inlane_right_2_lit_hit'====== Args={'profile': 'default', 'state': 'lit', 'advancing': False}
2026-03-04 13:37:03,002 : INFO : EventManager : Event: ======'inlanes_hit'====== Args={'shot': 'shot_inlane_right_2'}
2026-03-04 13:37:03,002 : INFO : EventManager : Event: ======'inlanes_lit_hit'====== Args={'shot': 'shot_inlane_right_2'}
2026-03-04 13:37:03,002 : INFO : EventManager : Event: ======'player_score'====== Args={'value': 10030, 'prev_value': 10020, 'change': 10, 'player_num': 1, 'source': 'bumpers'}
2026-03-04 13:37:03,030 : INFO : SwitchController : <<<<<<< 's_inlane_right_2' inactive >>>>>>>
2026-03-04 13:37:04,092 : INFO : SwitchController : <<<<<<< 's_flipper_right_lower' active >>>>>>>
2026-03-04 13:37:04,092 : INFO : EventManager : Event: ======'machine_var_audits_switches_s_flipper_right_lower'====== Args={'value': 1505, 'prev_value': 1504, 'change': 1}
2026-03-04 13:37:04,097 : INFO : SwitchController : <<<<<<< 's_flipper_right_upper' active >>>>>>>
2026-03-04 13:37:04,097 : INFO : EventManager : Event: ======'machine_var_audits_switches_s_flipper_right_upper'====== Args={'value': 1353, 'prev_value': 1352, 'change': 1}
2026-03-04 13:37:04,208 : INFO : SwitchController : <<<<<<< 's_flipper_right_upper' inactive >>>>>>>
2026-03-04 13:37:04,231 : INFO : SwitchController : <<<<<<< 's_flipper_right_lower' inactive >>>>>>>
2026-03-04 13:37:06,346 : INFO : SwitchController : <<<<<<< 's_flipper_right_lower' active >>>>>>>
2026-03-04 13:37:06,346 : INFO : EventManager : Event: ======'machine_var_audits_switches_s_flipper_right_lower'====== Args={'value': 1506, 'prev_value': 1505, 'change': 1}
2026-03-04 13:37:06,364 : INFO : SwitchController : <<<<<<< 's_flipper_right_upper' active >>>>>>>
2026-03-04 13:37:06,364 : INFO : EventManager : Event: ======'machine_var_audits_switches_s_flipper_right_upper'====== Args={'value': 1354, 'prev_value': 1353, 'change': 1}
2026-03-04 13:37:06,491 : INFO : SwitchController : <<<<<<< 's_flipper_right_upper' inactive >>>>>>>
2026-03-04 13:37:06,498 : INFO : SwitchController : <<<<<<< 's_flipper_right_lower' inactive >>>>>>>
2026-03-04 13:37:06,611 : INFO : SwitchController : <<<<<<< 's_bumper_upper' active >>>>>>>
2026-03-04 13:37:06,611 : INFO : EventManager : Event: ======'s_bumper_upper_active'====== Args={}
2026-03-04 13:37:06,611 : INFO : EventManager : Event: ======'machine_var_audits_switches_s_bumper_upper'====== Args={'value': 39, 'prev_value': 38, 'change': 1}
2026-03-04 13:37:06,612 : INFO : EventManager : Event: ======'player_shot_shot_bumper_upper'====== Args={'value': 1, 'prev_value': 0, 'change': 1, 'player_num': 1}
2026-03-04 13:37:06,612 : INFO : EventManager : Event: ======'machine_var_audits_shots_shot_bumper_upper'====== Args={'value': 33, 'prev_value': 32, 'change': 1}
2026-03-04 13:37:06,612 : INFO : EventManager : Event: ======'shot_bumper_upper_hit'====== Args={'profile': 'default', 'state': 'unlit', 'advancing': True}
2026-03-04 13:37:06,612 : INFO : EventManager : Event: ======'shot_bumper_upper_default_hit'====== Args={'profile': 'default', 'state': 'unlit', 'advancing': True}
2026-03-04 13:37:06,612 : INFO : EventManager : Event: ======'shot_bumper_upper_default_unlit_hit'====== Args={'profile': 'default', 'state': 'unlit', 'advancing': True}
2026-03-04 13:37:06,612 : INFO : EventManager : Event: ======'shot_bumper_upper_unlit_hit'====== Args={'profile': 'default', 'state': 'unlit', 'advancing': True}
2026-03-04 13:37:06,614 : INFO : EventManager : Event: ======'bumpers_complete'====== Args={'state': 'lit'}
2026-03-04 13:37:06,614 : INFO : EventManager : Event: ======'bumpers_lit_complete'====== Args={}
2026-03-04 13:37:06,614 : INFO : EventManager : Event: ======'bumpers_hit'====== Args={'shot': 'shot_bumper_upper'}
2026-03-04 13:37:06,614 : INFO : EventManager : Event: ======'bumpers_unlit_hit'====== Args={'shot': 'shot_bumper_upper'}
2026-03-04 13:37:06,614 : INFO : EventManager : Event: ======'player_score'====== Args={'value': 20030, 'prev_value': 10030, 'change': 10000, 'player_num': 1, 'source': 'bumpers'}
2026-03-04 13:37:06,631 : INFO : SwitchController : <<<<<<< 's_bumper_upper' inactive >>>>>>>
2026-03-04 13:37:08,539 : INFO : SwitchController : <<<<<<< 's_sling_right' active >>>>>>>
2026-03-04 13:37:08,539 : INFO : EventManager : Event: ======'s_sling_right_active'====== Args={}
2026-03-04 13:37:08,539 : INFO : EventManager : Event: ======'machine_var_audits_switches_s_sling_right'====== Args={'value': 96, 'prev_value': 95, 'change': 1}
2026-03-04 13:37:08,540 : INFO : EventManager : Event: ======'player_shot_shot_sling_right'====== Args={'value': 1, 'prev_value': 0, 'change': 1, 'player_num': 1}
2026-03-04 13:37:08,540 : INFO : EventManager : Event: ======'machine_var_audits_shots_shot_sling_right'====== Args={'value': 68, 'prev_value': 67, 'change': 1}
2026-03-04 13:37:08,547 : INFO : EventManager : Event: ======'shot_sling_right_hit'====== Args={'profile': 'default', 'state': 'unlit', 'advancing': True}
2026-03-04 13:37:08,547 : INFO : EventManager : Event: ======'shot_sling_right_default_hit'====== Args={'profile': 'default', 'state': 'unlit', 'advancing': True}
2026-03-04 13:37:08,547 : INFO : EventManager : Event: ======'shot_sling_right_default_unlit_hit'====== Args={'profile': 'default', 'state': 'unlit', 'advancing': True}
2026-03-04 13:37:08,547 : INFO : EventManager : Event: ======'shot_sling_right_unlit_hit'====== Args={'profile': 'default', 'state': 'unlit', 'advancing': True}
2026-03-04 13:37:08,549 : INFO : EventManager : Event: ======'slings_hit'====== Args={'shot': 'shot_sling_right'}
2026-03-04 13:37:08,549 : INFO : EventManager : Event: ======'slings_unlit_hit'====== Args={'shot': 'shot_sling_right'}
2026-03-04 13:37:08,549 : INFO : EventManager : Event: ======'player_score'====== Args={'value': 21030, 'prev_value': 20030, 'change': 1000, 'player_num': 1, 'source': 'bumpers'}
2026-03-04 13:37:08,564 : INFO : SwitchController : <<<<<<< 's_sling_right' inactive >>>>>>>
2026-03-04 13:37:08,624 : INFO : SwitchController : <<<<<<< 's_sling_left' active >>>>>>>
2026-03-04 13:37:08,624 : INFO : EventManager : Event: ======'s_sling_left_active'====== Args={}
2026-03-04 13:37:08,624 : INFO : EventManager : Event: ======'machine_var_audits_switches_s_sling_left'====== Args={'value': 600, 'prev_value': 599, 'change': 1}
2026-03-04 13:37:08,624 : INFO : EventManager : Event: ======'player_shot_shot_sling_left'====== Args={'value': 1, 'prev_value': 0, 'change': 1, 'player_num': 1}
2026-03-04 13:37:08,625 : INFO : EventManager : Event: ======'machine_var_audits_shots_shot_sling_left'====== Args={'value': 577, 'prev_value': 576, 'change': 1}
2026-03-04 13:37:08,625 : INFO : EventManager : Event: ======'shot_sling_left_hit'====== Args={'profile': 'default', 'state': 'unlit', 'advancing': True}
2026-03-04 13:37:08,625 : INFO : EventManager : Event: ======'shot_sling_left_default_hit'====== Args={'profile': 'default', 'state': 'unlit', 'advancing': True}
2026-03-04 13:37:08,625 : INFO : EventManager : Event: ======'shot_sling_left_default_unlit_hit'====== Args={'profile': 'default', 'state': 'unlit', 'advancing': True}
2026-03-04 13:37:08,625 : INFO : EventManager : Event: ======'shot_sling_left_unlit_hit'====== Args={'profile': 'default', 'state': 'unlit', 'advancing': True}
2026-03-04 13:37:08,627 : INFO : EventManager : Event: ======'slings_complete'====== Args={'state': 'lit'}
2026-03-04 13:37:08,627 : INFO : EventManager : Event: ======'slings_lit_complete'====== Args={}
2026-03-04 13:37:08,627 : INFO : EventManager : Event: ======'slings_hit'====== Args={'shot': 'shot_sling_left'}
2026-03-04 13:37:08,627 : INFO : EventManager : Event: ======'slings_unlit_hit'====== Args={'shot': 'shot_sling_left'}
2026-03-04 13:37:08,627 : INFO : EventManager : Event: ======'player_score'====== Args={'value': 22030, 'prev_value': 21030, 'change': 1000, 'player_num': 1, 'source': 'bumpers'}
2026-03-04 13:37:08,630 : INFO : SwitchController : <<<<<<< 's_sling_left' inactive >>>>>>>
2026-03-04 13:37:08,774 : INFO : SwitchController : <<<<<<< 's_sling_right' active >>>>>>>
2026-03-04 13:37:08,774 : INFO : EventManager : Event: ======'s_sling_right_active'====== Args={}
2026-03-04 13:37:08,774 : INFO : EventManager : Event: ======'machine_var_audits_switches_s_sling_right'====== Args={'value': 97, 'prev_value': 96, 'change': 1}
2026-03-04 13:37:08,774 : INFO : EventManager : Event: ======'machine_var_audits_shots_shot_sling_right'====== Args={'value': 69, 'prev_value': 68, 'change': 1}
2026-03-04 13:37:08,775 : INFO : EventManager : Event: ======'shot_sling_right_hit'====== Args={'profile': 'default', 'state': 'lit', 'advancing': False}
2026-03-04 13:37:08,775 : INFO : EventManager : Event: ======'shot_sling_right_default_hit'====== Args={'profile': 'default', 'state': 'lit', 'advancing': False}
2026-03-04 13:37:08,775 : INFO : EventManager : Event: ======'shot_sling_right_default_lit_hit'====== Args={'profile': 'default', 'state': 'lit', 'advancing': False}
2026-03-04 13:37:08,775 : INFO : EventManager : Event: ======'shot_sling_right_lit_hit'====== Args={'profile': 'default', 'state': 'lit', 'advancing': False}
2026-03-04 13:37:08,775 : INFO : EventManager : Event: ======'slings_hit'====== Args={'shot': 'shot_sling_right'}
2026-03-04 13:37:08,775 : INFO : EventManager : Event: ======'slings_lit_hit'====== Args={'shot': 'shot_sling_right'}
2026-03-04 13:37:08,775 : INFO : EventManager : Event: ======'player_score'====== Args={'value': 23030, 'prev_value': 22030, 'change': 1000, 'player_num': 1, 'source': 'bumpers'}
2026-03-04 13:37:08,793 : INFO : SwitchController : <<<<<<< 's_sling_right' inactive >>>>>>>
2026-03-04 13:37:09,710 : INFO : SwitchController : <<<<<<< 's_flipper_left' active >>>>>>>
2026-03-04 13:37:09,711 : INFO : EventManager : Event: ======'machine_var_audits_switches_s_flipper_left'====== Args={'value': 721, 'prev_value': 720, 'change': 1}
2026-03-04 13:37:09,740 : INFO : SwitchController : <<<<<<< 's_flipper_left_eos' inactive >>>>>>>
2026-03-04 13:37:09,852 : INFO : SwitchController : <<<<<<< 's_flipper_left' inactive >>>>>>>
2026-03-04 13:37:09,941 : INFO : SwitchController : <<<<<<< 's_flipper_left_eos' active >>>>>>>
2026-03-04 13:37:09,942 : INFO : EventManager : Event: ======'machine_var_audits_switches_s_flipper_left_eos'====== Args={'value': 615, 'prev_value': 614, 'change': 1}
2026-03-04 13:37:10,816 : INFO : SwitchController : <<<<<<< 's_flipper_right_lower' active >>>>>>>
2026-03-04 13:37:10,816 : INFO : EventManager : Event: ======'machine_var_audits_switches_s_flipper_right_lower'====== Args={'value': 1507, 'prev_value': 1506, 'change': 1}
2026-03-04 13:37:10,819 : INFO : SwitchController : <<<<<<< 's_flipper_right_upper' active >>>>>>>
2026-03-04 13:37:10,819 : INFO : EventManager : Event: ======'machine_var_audits_switches_s_flipper_right_upper'====== Args={'value': 1355, 'prev_value': 1354, 'change': 1}
2026-03-04 13:37:10,937 : INFO : SwitchController : <<<<<<< 's_flipper_right_upper' inactive >>>>>>>
2026-03-04 13:37:10,947 : INFO : SwitchController : <<<<<<< 's_flipper_right_lower' inactive >>>>>>>
2026-03-04 13:37:11,258 : INFO : SwitchController : <<<<<<< 's_bumper_upper' active >>>>>>>
2026-03-04 13:37:11,258 : INFO : EventManager : Event: ======'s_bumper_upper_active'====== Args={}
2026-03-04 13:37:11,259 : INFO : EventManager : Event: ======'machine_var_audits_switches_s_bumper_upper'====== Args={'value': 40, 'prev_value': 39, 'change': 1}
2026-03-04 13:37:11,260 : INFO : EventManager : Event: ======'machine_var_audits_shots_shot_bumper_upper'====== Args={'value': 34, 'prev_value': 33, 'change': 1}
2026-03-04 13:37:11,260 : INFO : EventManager : Event: ======'shot_bumper_upper_hit'====== Args={'profile': 'default', 'state': 'lit', 'advancing': False}
2026-03-04 13:37:11,260 : INFO : EventManager : Event: ======'shot_bumper_upper_default_hit'====== Args={'profile': 'default', 'state': 'lit', 'advancing': False}
2026-03-04 13:37:11,261 : INFO : EventManager : Event: ======'shot_bumper_upper_default_lit_hit'====== Args={'profile': 'default', 'state': 'lit', 'advancing': False}
2026-03-04 13:37:11,261 : INFO : EventManager : Event: ======'shot_bumper_upper_lit_hit'====== Args={'profile': 'default', 'state': 'lit', 'advancing': False}
2026-03-04 13:37:11,261 : INFO : EventManager : Event: ======'bumpers_hit'====== Args={'shot': 'shot_bumper_upper'}
2026-03-04 13:37:11,261 : INFO : EventManager : Event: ======'bumpers_lit_hit'====== Args={'shot': 'shot_bumper_upper'}
2026-03-04 13:37:11,261 : INFO : EventManager : Event: ======'player_score'====== Args={'value': 33030, 'prev_value': 23030, 'change': 10000, 'player_num': 1, 'source': 'bumpers'}
2026-03-04 13:37:11,281 : INFO : SwitchController : <<<<<<< 's_bumper_upper' inactive >>>>>>>
2026-03-04 13:37:13,066 : INFO : SwitchController : <<<<<<< 's_sling_right' active >>>>>>>
2026-03-04 13:37:13,067 : INFO : EventManager : Event: ======'s_sling_right_active'====== Args={}
2026-03-04 13:37:13,067 : INFO : EventManager : Event: ======'machine_var_audits_switches_s_sling_right'====== Args={'value': 98, 'prev_value': 97, 'change': 1}
2026-03-04 13:37:13,067 : INFO : EventManager : Event: ======'machine_var_audits_shots_shot_sling_right'====== Args={'value': 70, 'prev_value': 69, 'change': 1}
2026-03-04 13:37:13,073 : INFO : EventManager : Event: ======'shot_sling_right_hit'====== Args={'profile': 'default', 'state': 'lit', 'advancing': False}
2026-03-04 13:37:13,073 : INFO : EventManager : Event: ======'shot_sling_right_default_hit'====== Args={'profile': 'default', 'state': 'lit', 'advancing': False}
2026-03-04 13:37:13,074 : INFO : EventManager : Event: ======'shot_sling_right_default_lit_hit'====== Args={'profile': 'default', 'state': 'lit', 'advancing': False}
2026-03-04 13:37:13,074 : INFO : EventManager : Event: ======'shot_sling_right_lit_hit'====== Args={'profile': 'default', 'state': 'lit', 'advancing': False}
2026-03-04 13:37:13,074 : INFO : EventManager : Event: ======'slings_hit'====== Args={'shot': 'shot_sling_right'}
2026-03-04 13:37:13,074 : INFO : EventManager : Event: ======'slings_lit_hit'====== Args={'shot': 'shot_sling_right'}
2026-03-04 13:37:13,074 : INFO : EventManager : Event: ======'player_score'====== Args={'value': 34030, 'prev_value': 33030, 'change': 1000, 'player_num': 1, 'source': 'bumpers'}
2026-03-04 13:37:13,091 : INFO : SwitchController : <<<<<<< 's_sling_right' inactive >>>>>>>
2026-03-04 13:37:13,863 : INFO : SwitchController : <<<<<<< 's_flipper_right_lower' active >>>>>>>
2026-03-04 13:37:13,863 : INFO : EventManager : Event: ======'machine_var_audits_switches_s_flipper_right_lower'====== Args={'value': 1508, 'prev_value': 1507, 'change': 1}
2026-03-04 13:37:13,869 : INFO : SwitchController : <<<<<<< 's_flipper_right_upper' active >>>>>>>
2026-03-04 13:37:13,869 : INFO : EventManager : Event: ======'machine_var_audits_switches_s_flipper_right_upper'====== Args={'value': 1356, 'prev_value': 1355, 'change': 1}
2026-03-04 13:37:14,026 : INFO : SwitchController : <<<<<<< 's_flipper_right_upper' inactive >>>>>>>
2026-03-04 13:37:14,034 : INFO : SwitchController : <<<<<<< 's_flipper_right_lower' inactive >>>>>>>
2026-03-04 13:37:17,123 : INFO : SwitchController : <<<<<<< 's_flipper_left' active >>>>>>>
2026-03-04 13:37:17,123 : INFO : EventManager : Event: ======'machine_var_audits_switches_s_flipper_left'====== Args={'value': 722, 'prev_value': 721, 'change': 1}
2026-03-04 13:37:17,157 : INFO : SwitchController : <<<<<<< 's_flipper_left_eos' inactive >>>>>>>
2026-03-04 13:37:17,242 : INFO : SwitchController : <<<<<<< 's_flipper_left' inactive >>>>>>>
2026-03-04 13:37:17,331 : INFO : SwitchController : <<<<<<< 's_flipper_left_eos' active >>>>>>>
2026-03-04 13:37:17,331 : INFO : EventManager : Event: ======'machine_var_audits_switches_s_flipper_left_eos'====== Args={'value': 616, 'prev_value': 615, 'change': 1}
2026-03-04 13:37:19,489 : INFO : SwitchController : <<<<<<< 's_flipper_left' active >>>>>>>
2026-03-04 13:37:19,490 : INFO : EventManager : Event: ======'machine_var_audits_switches_s_flipper_left'====== Args={'value': 723, 'prev_value': 722, 'change': 1}
2026-03-04 13:37:19,524 : INFO : SwitchController : <<<<<<< 's_flipper_left_eos' inactive >>>>>>>
2026-03-04 13:37:19,590 : INFO : SwitchController : <<<<<<< 's_flipper_left' inactive >>>>>>>
2026-03-04 13:37:19,680 : INFO : SwitchController : <<<<<<< 's_flipper_left_eos' active >>>>>>>
2026-03-04 13:37:19,680 : INFO : EventManager : Event: ======'machine_var_audits_switches_s_flipper_left_eos'====== Args={'value': 617, 'prev_value': 616, 'change': 1}
2026-03-04 13:37:25,484 : INFO : SwitchController : <<<<<<< 's_flipper_right_lower' active >>>>>>>
2026-03-04 13:37:25,484 : INFO : EventManager : Event: ======'machine_var_audits_switches_s_flipper_right_lower'====== Args={'value': 1509, 'prev_value': 1508, 'change': 1}
2026-03-04 13:37:25,507 : INFO : SwitchController : <<<<<<< 's_flipper_right_upper' active >>>>>>>
2026-03-04 13:37:25,508 : INFO : EventManager : Event: ======'machine_var_audits_switches_s_flipper_right_upper'====== Args={'value': 1357, 'prev_value': 1356, 'change': 1}
2026-03-04 13:37:25,626 : INFO : SwitchController : <<<<<<< 's_flipper_right_upper' inactive >>>>>>>
2026-03-04 13:37:25,648 : INFO : SwitchController : <<<<<<< 's_flipper_right_lower' inactive >>>>>>>
2026-03-04 13:37:26,803 : INFO : SwitchController : <<<<<<< 's_flipper_right_lower' active >>>>>>>
2026-03-04 13:37:26,804 : INFO : EventManager : Event: ======'machine_var_audits_switches_s_flipper_right_lower'====== Args={'value': 1510, 'prev_value': 1509, 'change': 1}
2026-03-04 13:37:26,805 : INFO : SwitchController : <<<<<<< 's_flipper_right_upper' active >>>>>>>
2026-03-04 13:37:26,805 : INFO : EventManager : Event: ======'machine_var_audits_switches_s_flipper_right_upper'====== Args={'value': 1358, 'prev_value': 1357, 'change': 1}
2026-03-04 13:37:27,015 : INFO : SwitchController : <<<<<<< 's_flipper_right_upper' inactive >>>>>>>
2026-03-04 13:37:27,039 : INFO : SwitchController : <<<<<<< 's_flipper_right_lower' inactive >>>>>>>
2026-03-04 13:37:27,144 : INFO : SwitchController : <<<<<<< 's_flipper_left' active >>>>>>>
2026-03-04 13:37:27,144 : INFO : EventManager : Event: ======'machine_var_audits_switches_s_flipper_left'====== Args={'value': 724, 'prev_value': 723, 'change': 1}
2026-03-04 13:37:27,169 : INFO : SwitchController : <<<<<<< 's_sling_left' active >>>>>>>
2026-03-04 13:37:27,170 : INFO : EventManager : Event: ======'s_sling_left_active'====== Args={}
2026-03-04 13:37:27,170 : INFO : EventManager : Event: ======'machine_var_audits_switches_s_sling_left'====== Args={'value': 601, 'prev_value': 600, 'change': 1}
2026-03-04 13:37:27,171 : INFO : SwitchController : <<<<<<< 's_flipper_left_eos' inactive >>>>>>>
2026-03-04 13:37:27,171 : INFO : EventManager : Event: ======'machine_var_audits_shots_shot_sling_left'====== Args={'value': 578, 'prev_value': 577, 'change': 1}
2026-03-04 13:37:27,172 : INFO : EventManager : Event: ======'shot_sling_left_hit'====== Args={'profile': 'default', 'state': 'lit', 'advancing': False}
2026-03-04 13:37:27,172 : INFO : EventManager : Event: ======'shot_sling_left_default_hit'====== Args={'profile': 'default', 'state': 'lit', 'advancing': False}
2026-03-04 13:37:27,172 : INFO : EventManager : Event: ======'shot_sling_left_default_lit_hit'====== Args={'profile': 'default', 'state': 'lit', 'advancing': False}
2026-03-04 13:37:27,172 : INFO : EventManager : Event: ======'shot_sling_left_lit_hit'====== Args={'profile': 'default', 'state': 'lit', 'advancing': False}
2026-03-04 13:37:27,172 : INFO : EventManager : Event: ======'slings_hit'====== Args={'shot': 'shot_sling_left'}
2026-03-04 13:37:27,172 : INFO : EventManager : Event: ======'slings_lit_hit'====== Args={'shot': 'shot_sling_left'}
2026-03-04 13:37:27,172 : INFO : EventManager : Event: ======'player_score'====== Args={'value': 35030, 'prev_value': 34030, 'change': 1000, 'player_num': 1, 'source': 'bumpers'}
2026-03-04 13:37:27,193 : INFO : SwitchController : <<<<<<< 's_sling_left' inactive >>>>>>>
2026-03-04 13:37:27,340 : INFO : SwitchController : <<<<<<< 's_flipper_left' inactive >>>>>>>
2026-03-04 13:37:27,428 : INFO : SwitchController : <<<<<<< 's_flipper_left_eos' active >>>>>>>
2026-03-04 13:37:27,429 : INFO : EventManager : Event: ======'machine_var_audits_switches_s_flipper_left_eos'====== Args={'value': 618, 'prev_value': 617, 'change': 1}
2026-03-04 13:37:29,499 : INFO : SwitchController : <<<<<<< 's_flipper_left' active >>>>>>>
2026-03-04 13:37:29,499 : INFO : EventManager : Event: ======'machine_var_audits_switches_s_flipper_left'====== Args={'value': 725, 'prev_value': 724, 'change': 1}
2026-03-04 13:37:29,521 : INFO : SwitchController : <<<<<<< 's_flipper_left_eos' inactive >>>>>>>
2026-03-04 13:37:29,627 : INFO : SwitchController : <<<<<<< 's_flipper_left' inactive >>>>>>>
2026-03-04 13:37:29,713 : INFO : SwitchController : <<<<<<< 's_flipper_left_eos' active >>>>>>>
2026-03-04 13:37:29,713 : INFO : EventManager : Event: ======'machine_var_audits_switches_s_flipper_left_eos'====== Args={'value': 619, 'prev_value': 618, 'change': 1}
2026-03-04 13:37:30,641 : INFO : SwitchController : <<<<<<< 's_flipper_right_upper' active >>>>>>>
2026-03-04 13:37:30,641 : INFO : EventManager : Event: ======'machine_var_audits_switches_s_flipper_right_upper'====== Args={'value': 1359, 'prev_value': 1358, 'change': 1}
2026-03-04 13:37:30,643 : INFO : SwitchController : <<<<<<< 's_flipper_right_lower' active >>>>>>>
2026-03-04 13:37:30,643 : INFO : EventManager : Event: ======'machine_var_audits_switches_s_flipper_right_lower'====== Args={'value': 1511, 'prev_value': 1510, 'change': 1}
2026-03-04 13:37:30,804 : INFO : SwitchController : <<<<<<< 's_flipper_right_upper' inactive >>>>>>>
2026-03-04 13:37:30,812 : INFO : SwitchController : <<<<<<< 's_flipper_right_lower' inactive >>>>>>>
2026-03-04 13:37:32,475 : INFO : SwitchController : <<<<<<< 's_inlane_left' active >>>>>>>
2026-03-04 13:37:32,476 : INFO : EventManager : Event: ======'s_inlane_left_active'====== Args={}
2026-03-04 13:37:32,476 : INFO : EventManager : Event: ======'sw_playfield_active'====== Args={}
2026-03-04 13:37:32,476 : INFO : EventManager : Event: ======'machine_var_audits_switches_s_inlane_left'====== Args={'value': 39, 'prev_value': 38, 'change': 1}
2026-03-04 13:37:32,476 : INFO : EventManager : Event: ======'machine_var_audits_shots_shot_inlane_left'====== Args={'value': 39, 'prev_value': 38, 'change': 1}
2026-03-04 13:37:32,477 : INFO : EventManager : Event: ======'shot_inlane_left_hit'====== Args={'profile': 'default', 'state': 'lit', 'advancing': False}
2026-03-04 13:37:32,477 : INFO : EventManager : Event: ======'shot_inlane_left_default_hit'====== Args={'profile': 'default', 'state': 'lit', 'advancing': False}
2026-03-04 13:37:32,477 : INFO : EventManager : Event: ======'shot_inlane_left_default_lit_hit'====== Args={'profile': 'default', 'state': 'lit', 'advancing': False}
2026-03-04 13:37:32,477 : INFO : EventManager : Event: ======'shot_inlane_left_lit_hit'====== Args={'profile': 'default', 'state': 'lit', 'advancing': False}
2026-03-04 13:37:32,477 : INFO : EventManager : Event: ======'inlanes_hit'====== Args={'shot': 'shot_inlane_left'}
2026-03-04 13:37:32,477 : INFO : EventManager : Event: ======'inlanes_lit_hit'====== Args={'shot': 'shot_inlane_left'}
2026-03-04 13:37:32,477 : INFO : EventManager : Event: ======'player_score'====== Args={'value': 35040, 'prev_value': 35030, 'change': 10, 'player_num': 1, 'source': 'bumpers'}
2026-03-04 13:37:32,517 : INFO : SwitchController : <<<<<<< 's_inlane_left' inactive >>>>>>>
2026-03-04 13:37:32,547 : INFO : SwitchController : <<<<<<< 's_inlane_left' active >>>>>>>
2026-03-04 13:37:32,547 : INFO : EventManager : Event: ======'s_inlane_left_active'====== Args={}
2026-03-04 13:37:32,547 : INFO : EventManager : Event: ======'sw_playfield_active'====== Args={}
2026-03-04 13:37:32,548 : INFO : EventManager : Event: ======'machine_var_audits_switches_s_inlane_left'====== Args={'value': 40, 'prev_value': 39, 'change': 1}
2026-03-04 13:37:32,548 : INFO : EventManager : Event: ======'machine_var_audits_shots_shot_inlane_left'====== Args={'value': 40, 'prev_value': 39, 'change': 1}
2026-03-04 13:37:32,548 : INFO : EventManager : Event: ======'shot_inlane_left_hit'====== Args={'profile': 'default', 'state': 'lit', 'advancing': False}
2026-03-04 13:37:32,548 : INFO : EventManager : Event: ======'shot_inlane_left_default_hit'====== Args={'profile': 'default', 'state': 'lit', 'advancing': False}
2026-03-04 13:37:32,549 : INFO : EventManager : Event: ======'shot_inlane_left_default_lit_hit'====== Args={'profile': 'default', 'state': 'lit', 'advancing': False}
2026-03-04 13:37:32,549 : INFO : EventManager : Event: ======'shot_inlane_left_lit_hit'====== Args={'profile': 'default', 'state': 'lit', 'advancing': False}
2026-03-04 13:37:32,549 : INFO : EventManager : Event: ======'inlanes_hit'====== Args={'shot': 'shot_inlane_left'}
2026-03-04 13:37:32,549 : INFO : EventManager : Event: ======'inlanes_lit_hit'====== Args={'shot': 'shot_inlane_left'}
2026-03-04 13:37:32,549 : INFO : EventManager : Event: ======'player_score'====== Args={'value': 35050, 'prev_value': 35040, 'change': 10, 'player_num': 1, 'source': 'bumpers'}
2026-03-04 13:37:32,636 : INFO : SwitchController : <<<<<<< 's_inlane_left' inactive >>>>>>>
2026-03-04 13:37:33,253 : INFO : SwitchController : <<<<<<< 's_flipper_left' active >>>>>>>
2026-03-04 13:37:33,253 : INFO : EventManager : Event: ======'machine_var_audits_switches_s_flipper_left'====== Args={'value': 726, 'prev_value': 725, 'change': 1}
2026-03-04 13:37:33,286 : INFO : SwitchController : <<<<<<< 's_flipper_left_eos' inactive >>>>>>>
2026-03-04 13:37:33,338 : INFO : SwitchController : <<<<<<< 's_flipper_left' inactive >>>>>>>
2026-03-04 13:37:33,426 : INFO : SwitchController : <<<<<<< 's_flipper_left_eos' active >>>>>>>
2026-03-04 13:37:33,427 : INFO : EventManager : Event: ======'machine_var_audits_switches_s_flipper_left_eos'====== Args={'value': 620, 'prev_value': 619, 'change': 1}
2026-03-04 13:37:40,597 : INFO : SwitchController : <<<<<<< 's_bumper_lower' active >>>>>>>
2026-03-04 13:37:40,597 : INFO : EventManager : Event: ======'s_bumper_lower_active'====== Args={}
2026-03-04 13:37:40,597 : INFO : EventManager : Event: ======'machine_var_audits_switches_s_bumper_lower'====== Args={'value': 35, 'prev_value': 34, 'change': 1}
2026-03-04 13:37:40,598 : INFO : EventManager : Event: ======'machine_var_audits_shots_shot_bumper_lower'====== Args={'value': 35, 'prev_value': 34, 'change': 1}
2026-03-04 13:37:40,598 : INFO : EventManager : Event: ======'shot_bumper_lower_hit'====== Args={'profile': 'default', 'state': 'lit', 'advancing': False}
2026-03-04 13:37:40,598 : INFO : EventManager : Event: ======'shot_bumper_lower_default_hit'====== Args={'profile': 'default', 'state': 'lit', 'advancing': False}
2026-03-04 13:37:40,598 : INFO : EventManager : Event: ======'shot_bumper_lower_default_lit_hit'====== Args={'profile': 'default', 'state': 'lit', 'advancing': False}
2026-03-04 13:37:40,598 : INFO : EventManager : Event: ======'shot_bumper_lower_lit_hit'====== Args={'profile': 'default', 'state': 'lit', 'advancing': False}
2026-03-04 13:37:40,598 : INFO : EventManager : Event: ======'bumpers_hit'====== Args={'shot': 'shot_bumper_lower'}
2026-03-04 13:37:40,598 : INFO : EventManager : Event: ======'bumpers_lit_hit'====== Args={'shot': 'shot_bumper_lower'}
2026-03-04 13:37:40,599 : INFO : EventManager : Event: ======'player_score'====== Args={'value': 45050, 'prev_value': 35050, 'change': 10000, 'player_num': 1, 'source': 'bumpers'}
2026-03-04 13:37:40,620 : INFO : SwitchController : <<<<<<< 's_bumper_lower' inactive >>>>>>>
2026-03-04 13:37:43,644 : INFO : SwitchController : <<<<<<< 's_flipper_left' active >>>>>>>
2026-03-04 13:37:43,645 : INFO : EventManager : Event: ======'machine_var_audits_switches_s_flipper_left'====== Args={'value': 727, 'prev_value': 726, 'change': 1}
2026-03-04 13:37:43,681 : INFO : SwitchController : <<<<<<< 's_flipper_left_eos' inactive >>>>>>>
2026-03-04 13:37:43,775 : INFO : SwitchController : <<<<<<< 's_flipper_left' inactive >>>>>>>
2026-03-04 13:37:43,865 : INFO : SwitchController : <<<<<<< 's_flipper_left_eos' active >>>>>>>
2026-03-04 13:37:43,865 : INFO : EventManager : Event: ======'machine_var_audits_switches_s_flipper_left_eos'====== Args={'value': 621, 'prev_value': 620, 'change': 1}
2026-03-04 13:37:47,555 : INFO : SwitchController : <<<<<<< 's_flipper_right_lower' active >>>>>>>
2026-03-04 13:37:47,555 : INFO : EventManager : Event: ======'machine_var_audits_switches_s_flipper_right_lower'====== Args={'value': 1512, 'prev_value': 1511, 'change': 1}
2026-03-04 13:37:47,556 : INFO : SwitchController : <<<<<<< 's_flipper_right_upper' active >>>>>>>
2026-03-04 13:37:47,556 : INFO : EventManager : Event: ======'machine_var_audits_switches_s_flipper_right_upper'====== Args={'value': 1360, 'prev_value': 1359, 'change': 1}
2026-03-04 13:37:47,709 : INFO : SwitchController : <<<<<<< 's_flipper_right_upper' inactive >>>>>>>
2026-03-04 13:37:47,715 : INFO : SwitchController : <<<<<<< 's_flipper_right_lower' inactive >>>>>>>
2026-03-04 13:37:48,810 : INFO : SwitchController : <<<<<<< 's_flipper_right_lower' active >>>>>>>
2026-03-04 13:37:48,810 : INFO : EventManager : Event: ======'machine_var_audits_switches_s_flipper_right_lower'====== Args={'value': 1513, 'prev_value': 1512, 'change': 1}
2026-03-04 13:37:48,833 : INFO : SwitchController : <<<<<<< 's_flipper_right_upper' active >>>>>>>
2026-03-04 13:37:48,833 : INFO : EventManager : Event: ======'machine_var_audits_switches_s_flipper_right_upper'====== Args={'value': 1361, 'prev_value': 1360, 'change': 1}
2026-03-04 13:37:48,927 : INFO : SwitchController : <<<<<<< 's_flipper_right_upper' inactive >>>>>>>
2026-03-04 13:37:48,950 : INFO : SwitchController : <<<<<<< 's_flipper_right_lower' inactive >>>>>>>
2026-03-04 13:37:49,745 : INFO : SwitchController : <<<<<<< 's_flipper_left' active >>>>>>>
2026-03-04 13:37:49,745 : INFO : EventManager : Event: ======'machine_var_audits_switches_s_flipper_left'====== Args={'value': 728, 'prev_value': 727, 'change': 1}
2026-03-04 13:37:49,771 : INFO : SwitchController : <<<<<<< 's_flipper_left_eos' inactive >>>>>>>
2026-03-04 13:37:49,771 : INFO : SwitchController : <<<<<<< 's_flipper_left' inactive >>>>>>>
2026-03-04 13:37:49,771 : INFO : SwitchController : <<<<<<< 's_flipper_left' active >>>>>>>
2026-03-04 13:37:49,771 : INFO : EventManager : Event: ======'machine_var_audits_switches_s_flipper_left'====== Args={'value': 729, 'prev_value': 728, 'change': 1}
2026-03-04 13:37:49,933 : INFO : SwitchController : <<<<<<< 's_flipper_left' inactive >>>>>>>
2026-03-04 13:37:50,022 : INFO : SwitchController : <<<<<<< 's_flipper_left_eos' active >>>>>>>
2026-03-04 13:37:50,022 : INFO : EventManager : Event: ======'machine_var_audits_switches_s_flipper_left_eos'====== Args={'value': 622, 'prev_value': 621, 'change': 1}
2026-03-04 13:37:51,062 : INFO : SwitchController : <<<<<<< 's_flipper_right_lower' active >>>>>>>
2026-03-04 13:37:51,062 : INFO : EventManager : Event: ======'machine_var_audits_switches_s_flipper_right_lower'====== Args={'value': 1514, 'prev_value': 1513, 'change': 1}
2026-03-04 13:37:51,066 : INFO : SwitchController : <<<<<<< 's_flipper_right_upper' active >>>>>>>
2026-03-04 13:37:51,066 : INFO : EventManager : Event: ======'machine_var_audits_switches_s_flipper_right_upper'====== Args={'value': 1362, 'prev_value': 1361, 'change': 1}
2026-03-04 13:37:51,237 : INFO : SwitchController : <<<<<<< 's_flipper_right_upper' inactive >>>>>>>
2026-03-04 13:37:51,261 : INFO : SwitchController : <<<<<<< 's_flipper_right_lower' inactive >>>>>>>
2026-03-04 13:37:52,962 : INFO : SwitchController : <<<<<<< 's_flipper_left' active >>>>>>>
2026-03-04 13:37:52,962 : INFO : EventManager : Event: ======'machine_var_audits_switches_s_flipper_left'====== Args={'value': 730, 'prev_value': 729, 'change': 1}
2026-03-04 13:37:52,984 : INFO : SwitchController : <<<<<<< 's_flipper_left_eos' inactive >>>>>>>
2026-03-04 13:37:53,070 : INFO : SwitchController : <<<<<<< 's_flipper_right_lower' active >>>>>>>
2026-03-04 13:37:53,070 : INFO : EventManager : Event: ======'machine_var_audits_switches_s_flipper_right_lower'====== Args={'value': 1515, 'prev_value': 1514, 'change': 1}
2026-03-04 13:37:53,133 : INFO : SwitchController : <<<<<<< 's_flipper_left' inactive >>>>>>>
2026-03-04 13:37:53,134 : INFO : SwitchController : <<<<<<< 's_flipper_right_upper' active >>>>>>>
2026-03-04 13:37:53,134 : INFO : EventManager : Event: ======'machine_var_audits_switches_s_flipper_right_upper'====== Args={'value': 1363, 'prev_value': 1362, 'change': 1}
2026-03-04 13:37:53,222 : INFO : SwitchController : <<<<<<< 's_flipper_left_eos' active >>>>>>>
2026-03-04 13:37:53,222 : INFO : EventManager : Event: ======'machine_var_audits_switches_s_flipper_left_eos'====== Args={'value': 623, 'prev_value': 622, 'change': 1}
2026-03-04 13:37:53,268 : INFO : SwitchController : <<<<<<< 's_flipper_right_upper' inactive >>>>>>>
2026-03-04 13:37:53,291 : INFO : SwitchController : <<<<<<< 's_flipper_right_lower' inactive >>>>>>>
2026-03-04 13:37:54,351 : INFO : SwitchController : <<<<<<< 's_trough_6' active >>>>>>>
2026-03-04 13:37:54,351 : INFO : EventManager : Event: ======'machine_var_audits_switches_s_trough_6'====== Args={'value': 116, 'prev_value': 115, 'change': 1}
2026-03-04 13:37:54,444 : INFO : SwitchController : <<<<<<< 's_trough_6' inactive >>>>>>>
2026-03-04 13:37:54,450 : INFO : SwitchController : <<<<<<< 's_trough_5' active >>>>>>>
2026-03-04 13:37:54,450 : INFO : EventManager : Event: ======'machine_var_audits_switches_s_trough_5'====== Args={'value': 120, 'prev_value': 119, 'change': 1}
2026-03-04 13:37:54,525 : INFO : SwitchController : <<<<<<< 's_trough_5' inactive >>>>>>>
2026-03-04 13:37:54,534 : INFO : SwitchController : <<<<<<< 's_trough_4' active >>>>>>>
2026-03-04 13:37:54,534 : INFO : EventManager : Event: ======'machine_var_audits_switches_s_trough_4'====== Args={'value': 113, 'prev_value': 112, 'change': 1}
2026-03-04 13:37:54,600 : INFO : SwitchController : <<<<<<< 's_trough_4' inactive >>>>>>>
2026-03-04 13:37:54,608 : INFO : SwitchController : <<<<<<< 's_trough_3' active >>>>>>>
2026-03-04 13:37:54,609 : INFO : EventManager : Event: ======'machine_var_audits_switches_s_trough_3'====== Args={'value': 104, 'prev_value': 103, 'change': 1}
2026-03-04 13:37:54,669 : INFO : SwitchController : <<<<<<< 's_trough_3' inactive >>>>>>>
2026-03-04 13:37:54,676 : INFO : SwitchController : <<<<<<< 's_trough_2' active >>>>>>>
2026-03-04 13:37:54,677 : INFO : EventManager : Event: ======'machine_var_audits_switches_s_trough_2'====== Args={'value': 94, 'prev_value': 93, 'change': 1}
2026-03-04 13:37:54,731 : INFO : SwitchController : <<<<<<< 's_trough_2' inactive >>>>>>>
2026-03-04 13:37:54,736 : INFO : SwitchController : <<<<<<< 's_trough_1' active >>>>>>>
2026-03-04 13:37:54,737 : INFO : EventManager : Event: ======'machine_var_audits_switches_s_trough_1'====== Args={'value': 84, 'prev_value': 83, 'change': 1}
2026-03-04 13:37:55,237 : INFO : EventManager : Event: ======'balldevice_bd_trough_ball_count_changed'====== Args={'balls': 1}
2026-03-04 13:37:55,237 : INFO : ball_device.bd_trough : Received unexpected ball
2026-03-04 13:37:55,237 : INFO : EventManager : Event: ======'balldevice_captured_from_playfield'====== Args={'balls': 1}
2026-03-04 13:37:55,237 : INFO : EventManager : Event: ======'sw_playfield_active'====== Args={'balls': 1}
2026-03-04 13:37:55,238 : INFO : EventManager : Event: ======'playfield_ball_count_change'====== Args={'balls': 0, 'change': -1}
2026-03-04 13:37:55,238 : INFO : EventManager : Event: ======'balldevice_bd_trough_ball_enter'====== Args={'new_balls': 1, 'unclaimed_balls': 1, 'new_available_balls': 1, 'device': <ball_device.bd_trough>}
2026-03-04 13:37:55,238 : INFO : EventManager : Event: ======'ball_drain'====== Args={'device': <ball_device.bd_trough>, 'balls': 1}
2026-03-04 13:37:55,238 : INFO : EventManager : Event: ======'ball_will_end'====== Args={}
2026-03-04 13:37:55,239 : INFO : EventManager : Event: ======'balldevice_balls_available'====== Args={}
2026-03-04 13:37:55,239 : INFO : EventManager : Event: ======'balldevice_bd_trough_ball_entered'====== Args={'new_balls': 1, 'device': <ball_device.bd_trough>}
2026-03-04 13:37:55,239 : INFO : EventManager : Event: ======'mode_base_will_stop'====== Args={}
2026-03-04 13:37:55,239 : INFO : EventManager : Event: ======'mode_base_stopping'====== Args={}
2026-03-04 13:37:55,240 : INFO : EventManager : Event: ======'stop_mode_bumpers'====== Args={'priority': 0}
2026-03-04 13:37:55,240 : INFO : EventManager : Event: ======'mode_bumpers_will_stop'====== Args={}
2026-03-04 13:37:55,240 : INFO : EventManager : Event: ======'mode_bumpers_stopping'====== Args={}
2026-03-04 13:37:55,240 : INFO : Mode.base : Stopped.
2026-03-04 13:37:55,240 : INFO : EventManager : Event: ======'modes_active_modes_changed'====== Args={}
2026-03-04 13:37:55,241 : INFO : EventManager : Event: ======'mode_base_stopped'====== Args={}
2026-03-04 13:37:55,241 : INFO : EventManager : Event: ======'clear'====== Args={'key': 'base'}
2026-03-04 13:37:55,241 : INFO : Mode.bumpers : Stopped.
2026-03-04 13:37:55,241 : INFO : EventManager : Event: ======'modes_active_modes_changed'====== Args={}
2026-03-04 13:37:55,241 : INFO : EventManager : Event: ======'mode_bumpers_stopped'====== Args={}
2026-03-04 13:37:55,241 : INFO : EventManager : Event: ======'clear'====== Args={'key': 'bumpers'}
2026-03-04 13:37:55,243 : INFO : EventManager : Event: ======'ball_ending'====== Args={}
2026-03-04 13:37:55,243 : INFO : EventManager : Event: ======'ball_ended'====== Args={}
2026-03-04 13:37:55,245 : INFO : EventManager : Event: ======'player_turn_will_end'====== Args={'player': <Player 1>, 'number': 1}
2026-03-04 13:37:55,246 : INFO : EventManager : Event: ======'player_turn_ending'====== Args={'player': <Player 1>, 'number': 1}
2026-03-04 13:37:55,246 : INFO : EventManager : Event: ======'player_turn_ended'====== Args={'player': <Player 1>, 'number': 1}
2026-03-04 13:37:55,246 : INFO : EventManager : Event: ======'player_turn_will_start'====== Args={'player': <Player 1>, 'number': 1}
2026-03-04 13:37:55,246 : INFO : EventManager : Event: ======'player_turn_starting'====== Args={'player': <Player 1>, 'number': 1}
2026-03-04 13:37:55,246 : INFO : EventManager : Event: ======'player_ball'====== Args={'value': 2, 'prev_value': 1, 'change': 1, 'player_num': 1}
2026-03-04 13:37:55,247 : INFO : EventManager : Event: ======'player_turn_started'====== Args={'player': <Player 1>, 'number': 1}
2026-03-04 13:37:55,248 : INFO : EventManager : Event: ======'ball_will_start'====== Args={'player': 1, 'ball': 2, 'balls_remaining': 1, 'is_extra_ball': False}
2026-03-04 13:37:55,248 : INFO : EventManager : Event: ======'ball_starting'====== Args={'player': 1, 'ball': 2, 'balls_remaining': 1, 'is_extra_ball': False}
2026-03-04 13:37:55,249 : INFO : EventManager : Event: ======'mode_base_will_start'====== Args={'queue': <QueuedEvent>, 'player': 1, 'ball': 2, 'balls_remaining': 1, 'is_extra_ball': False}
2026-03-04 13:37:55,249 : INFO : EventManager : Event: ======'mode_base_starting'====== Args={'queue': <QueuedEvent>, 'player': 1, 'ball': 2, 'balls_remaining': 1, 'is_extra_ball': False}
2026-03-04 13:37:55,250 : INFO : Mode.base : Started. Priority: 100
2026-03-04 13:37:55,250 : INFO : EventManager : Event: ======'modes_active_modes_changed'====== Args={}
2026-03-04 13:37:55,250 : INFO : EventManager : Event: ======'mode_base_started'====== Args={'queue': <QueuedEvent>, 'player': 1, 'ball': 2, 'balls_remaining': 1, 'is_extra_ball': False}
2026-03-04 13:37:55,250 : INFO : EventManager : Event: ======'start_mode_bumpers'====== Args={'priority': 0}
2026-03-04 13:37:55,251 : INFO : EventManager : Event: ======'mode_bumpers_will_start'====== Args={'priority': 0}
2026-03-04 13:37:55,254 : INFO : EventManager : Event: ======'mode_bumpers_starting'====== Args={'priority': 0}
2026-03-04 13:37:55,254 : INFO : Mode.bumpers : Started. Priority: 200
2026-03-04 13:37:55,254 : INFO : EventManager : Event: ======'modes_active_modes_changed'====== Args={}
2026-03-04 13:37:55,254 : INFO : EventManager : Event: ======'mode_bumpers_started'====== Args={'priority': 0}
2026-03-04 13:37:55,255 : INFO : EventManager : Event: ======'balls_in_play'====== Args={'balls': 1}
2026-03-04 13:37:55,255 : INFO : EventManager : Event: ======'ball_started'====== Args={'player': 1, 'ball': 2, 'balls_remaining': 1, 'is_extra_ball': False}
2026-03-04 13:37:55,265 : INFO : EventManager : Event: ======'single_player_ball_started'====== Args={}
2026-03-04 13:37:55,265 : INFO : EventManager : Event: ======'ball_start_target'====== Args={'target': 'playfield'}
2026-03-04 13:37:55,266 : INFO : ball_device.bd_plunger : Setting up player-controlled eject. Balls: 1, Target: <playfield.playfield>, player_controlled_eject_event: None
2026-03-04 13:37:55,266 : INFO : EventManager : Event: ======'balldevice_balls_available'====== Args={}
2026-03-04 13:37:55,267 : INFO : ball_device.bd_trough : State: waiting_for_target_ready
2026-03-04 13:37:55,267 : INFO : EventManager : Event: ======'balldevice_bd_trough_ball_eject_attempt'====== Args={'balls': 1, 'target': <ball_device.bd_plunger>, 'source': <ball_device.bd_trough>, 'mechanical_eject': True, 'num_attempts': 0}
2026-03-04 13:37:55,267 : INFO : ball_device.bd_plunger : State: waiting_for_ball
2026-03-04 13:37:55,267 : INFO : ball_device.bd_trough : State: ejecting
2026-03-04 13:37:55,267 : INFO : ball_device.bd_trough : Ejecting ball to <ball_device.bd_plunger>
2026-03-04 13:37:55,268 : INFO : EventManager : Event: ======'balldevice_bd_trough_ejecting_ball'====== Args={'balls': 1, 'target': <ball_device.bd_plunger>, 'source': <ball_device.bd_trough>, 'mechanical_eject': True, 'num_attempts': 0}
2026-03-04 13:37:55,268 : INFO : ball_device.bd_trough : Wait for ball to leave device
2026-03-04 13:37:55,268 : INFO : coil.c_trough_eject : Pulsing Driver for 20ms (1.0 pulse_power)
2026-03-04 13:37:55,276 : INFO : EventManager : Event: ======'slide_base_slide_created'====== Args={'_from_bcp': True}
2026-03-04 13:37:55,276 : INFO : EventManager : Event: ======'slide_base_slide_inactive'====== Args={'is_removing': True, '_from_bcp': True}
2026-03-04 13:37:55,277 : INFO : EventManager : Event: ======'slide_base_slide_active'====== Args={'original_context': 'base', 'original_calling_context': 'mode_base_started', 'priority': 100.0, 'queue': '<QueuedEvent>', 'player': 1.0, 'ball': 2.0, 'balls_remaining': 1.0, 'is_extra_ball': False, 'cmd': 'slides_play', '_from_bcp': True}
2026-03-04 13:37:55,277 : INFO : EventManager : Event: ======'slide_base_slide_removed'====== Args={'_from_bcp': True}
2026-03-04 13:37:55,295 : INFO : SwitchController : <<<<<<< 's_trough_1' inactive >>>>>>>
2026-03-04 13:37:55,295 : INFO : SwitchController : <<<<<<< 's_trough_7' active >>>>>>>
2026-03-04 13:37:55,296 : INFO : EventManager : Event: ======'machine_var_audits_switches_s_trough_7'====== Args={'value': 94, 'prev_value': 93, 'change': 1}
2026-03-04 13:37:55,297 : INFO : ball_device.bd_trough : State: ball_left
2026-03-04 13:37:55,297 : INFO : ball_device.bd_trough : Ball left
2026-03-04 13:37:55,297 : INFO : ball_device.bd_trough : Wait for confirm with timeout 3.0
2026-03-04 13:37:55,316 : INFO : SwitchController : <<<<<<< 's_trough_7' inactive >>>>>>>
2026-03-04 13:37:55,447 : INFO : SwitchController : <<<<<<< 's_plunger' active >>>>>>>
2026-03-04 13:37:55,448 : INFO : EventManager : Event: ======'machine_var_audits_switches_s_plunger'====== Args={'value': 101, 'prev_value': 100, 'change': 1}
2026-03-04 13:37:55,948 : INFO : ball_device.bd_plunger : Received ball from <ball_device.bd_trough>
2026-03-04 13:37:55,948 : INFO : EventManager : Event: ======'balldevice_bd_plunger_ball_enter'====== Args={'new_balls': 1, 'unclaimed_balls': 0, 'new_available_balls': 0, 'device': <ball_device.bd_plunger>}
2026-03-04 13:37:55,949 : INFO : EventManager : Event: ======'balldevice_bd_plunger_ball_entered'====== Args={'new_balls': 0, 'device': <ball_device.bd_plunger>}
2026-03-04 13:37:55,949 : INFO : EventManager : Event: ======'balldevice_bd_plunger_ball_count_changed'====== Args={'balls': 1}
2026-03-04 13:37:55,949 : INFO : ball_device.bd_trough : Got eject confirm
2026-03-04 13:37:55,949 : INFO : ball_device.bd_trough : Eject successful
2026-03-04 13:37:55,949 : INFO : EventManager : Event: ======'balldevice_bd_trough_ball_eject_success'====== Args={'balls': 1, 'target': <ball_device.bd_plunger>}
2026-03-04 13:37:55,949 : INFO : ball_device.bd_plunger : State: waiting_for_target_ready
2026-03-04 13:37:55,950 : INFO : EventManager : Event: ======'balldevice_bd_plunger_ball_eject_attempt'====== Args={'balls': 1, 'target': <playfield.playfield>, 'source': <ball_device.bd_plunger>, 'mechanical_eject': True, 'num_attempts': 0}
2026-03-04 13:37:55,950 : INFO : EventManager : Event: ======'balldevice_bd_trough_ball_count_changed'====== Args={'balls': 0}
2026-03-04 13:37:55,950 : INFO : ball_device.bd_trough : State: idle
2026-03-04 13:37:55,950 : INFO : ball_device.bd_plunger : State: ejecting
2026-03-04 13:37:55,950 : INFO : ball_device.bd_plunger : Ejecting ball to <playfield.playfield>
2026-03-04 13:37:55,950 : INFO : EventManager : Event: ======'balldevice_bd_plunger_ejecting_ball'====== Args={'balls': 1, 'target': <playfield.playfield>, 'source': <ball_device.bd_plunger>, 'mechanical_eject': True, 'num_attempts': 0}
2026-03-04 13:37:55,951 : INFO : ball_device.bd_plunger : Wait for ball to leave device
2026-03-04 13:37:56,714 : INFO : SwitchController : <<<<<<< 's_plunger' inactive >>>>>>>
2026-03-04 13:37:56,716 : INFO : ball_device.bd_plunger : State: ball_left
2026-03-04 13:37:56,716 : INFO : ball_device.bd_plunger : Ball left
2026-03-04 13:37:56,716 : INFO : ball_device.bd_plunger : Wait for confirm with timeout 5.0
2026-03-04 13:37:58,502 : INFO : SwitchController : <<<<<<< 's_flipper_right_lower' active >>>>>>>
2026-03-04 13:37:58,503 : INFO : EventManager : Event: ======'machine_var_audits_switches_s_flipper_right_lower'====== Args={'value': 1516, 'prev_value': 1515, 'change': 1}
2026-03-04 13:37:58,524 : INFO : SwitchController : <<<<<<< 's_flipper_right_upper' active >>>>>>>
2026-03-04 13:37:58,525 : INFO : EventManager : Event: ======'machine_var_audits_switches_s_flipper_right_upper'====== Args={'value': 1364, 'prev_value': 1363, 'change': 1}
2026-03-04 13:37:58,607 : INFO : SwitchController : <<<<<<< 's_flipper_right_upper' inactive >>>>>>>
2026-03-04 13:37:58,637 : INFO : SwitchController : <<<<<<< 's_flipper_right_lower' inactive >>>>>>>
2026-03-04 13:37:59,060 : INFO : SwitchController : <<<<<<< 's_flipper_right_lower' active >>>>>>>
2026-03-04 13:37:59,060 : INFO : EventManager : Event: ======'machine_var_audits_switches_s_flipper_right_lower'====== Args={'value': 1517, 'prev_value': 1516, 'change': 1}
2026-03-04 13:37:59,063 : INFO : SwitchController : <<<<<<< 's_flipper_right_upper' active >>>>>>>
2026-03-04 13:37:59,063 : INFO : EventManager : Event: ======'machine_var_audits_switches_s_flipper_right_upper'====== Args={'value': 1365, 'prev_value': 1364, 'change': 1}
2026-03-04 13:37:59,190 : INFO : SwitchController : <<<<<<< 's_flipper_right_upper' inactive >>>>>>>
2026-03-04 13:37:59,211 : INFO : SwitchController : <<<<<<< 's_flipper_right_lower' inactive >>>>>>>
2026-03-04 13:38:01,165 : INFO : SwitchController : <<<<<<< 's_flipper_right_lower' active >>>>>>>
2026-03-04 13:38:01,166 : INFO : EventManager : Event: ======'machine_var_audits_switches_s_flipper_right_lower'====== Args={'value': 1518, 'prev_value': 1517, 'change': 1}
2026-03-04 13:38:01,166 : INFO : SwitchController : <<<<<<< 's_flipper_right_upper' active >>>>>>>
2026-03-04 13:38:01,166 : INFO : EventManager : Event: ======'machine_var_audits_switches_s_flipper_right_upper'====== Args={'value': 1366, 'prev_value': 1365, 'change': 1}
2026-03-04 13:38:01,363 : INFO : SwitchController : <<<<<<< 's_flipper_right_upper' inactive >>>>>>>
2026-03-04 13:38:01,385 : INFO : SwitchController : <<<<<<< 's_flipper_right_lower' inactive >>>>>>>
2026-03-04 13:38:01,717 : INFO : ball_device.bd_plunger : State: failed_confirm
2026-03-04 13:38:01,717 : INFO : ball_device.bd_plunger : Got timeout (5.0s) before confirm from <playfield.playfield>
2026-03-04 13:38:01,818 : INFO : ball_device.bd_plunger : Confirming eject because target is playfield and ball did not return.
2026-03-04 13:38:01,819 : INFO : ball_device.bd_plunger : Eject successful
2026-03-04 13:38:01,819 : INFO : EventManager : Event: ======'balldevice_bd_plunger_ball_eject_success'====== Args={'balls': 1, 'target': <playfield.playfield>}
2026-03-04 13:38:01,819 : INFO : EventManager : Event: ======'balldevice_playfield_ball_enter'====== Args={'new_balls': 1, 'unclaimed_balls': 1, 'device': <playfield.playfield>}
2026-03-04 13:38:01,820 : INFO : EventManager : Event: ======'playfield_ball_count_change'====== Args={'balls': 1, 'change': 1}
2026-03-04 13:38:01,820 : INFO : EventManager : Event: ======'balldevice_bd_plunger_ball_count_changed'====== Args={'balls': 0}
2026-03-04 13:38:01,820 : INFO : ball_device.bd_plunger : State: idle
2026-03-04 13:38:02,778 : INFO : SwitchController : <<<<<<< 's_flipper_right_lower' active >>>>>>>
2026-03-04 13:38:02,779 : INFO : EventManager : Event: ======'machine_var_audits_switches_s_flipper_right_lower'====== Args={'value': 1519, 'prev_value': 1518, 'change': 1}
2026-03-04 13:38:02,782 : INFO : SwitchController : <<<<<<< 's_flipper_right_upper' active >>>>>>>
2026-03-04 13:38:02,782 : INFO : EventManager : Event: ======'machine_var_audits_switches_s_flipper_right_upper'====== Args={'value': 1367, 'prev_value': 1366, 'change': 1}
2026-03-04 13:38:02,920 : INFO : SwitchController : <<<<<<< 's_flipper_right_upper' inactive >>>>>>>
2026-03-04 13:38:02,928 : INFO : SwitchController : <<<<<<< 's_flipper_right_lower' inactive >>>>>>>
2026-03-04 13:38:03,268 : INFO : SwitchController : <<<<<<< 's_flipper_left' active >>>>>>>
2026-03-04 13:38:03,268 : INFO : EventManager : Event: ======'machine_var_audits_switches_s_flipper_left'====== Args={'value': 731, 'prev_value': 730, 'change': 1}
2026-03-04 13:38:03,291 : INFO : SwitchController : <<<<<<< 's_flipper_left_eos' inactive >>>>>>>
2026-03-04 13:38:03,423 : INFO : SwitchController : <<<<<<< 's_flipper_left' inactive >>>>>>>
2026-03-04 13:38:03,510 : INFO : SwitchController : <<<<<<< 's_flipper_left_eos' active >>>>>>>
2026-03-04 13:38:03,510 : INFO : EventManager : Event: ======'machine_var_audits_switches_s_flipper_left_eos'====== Args={'value': 624, 'prev_value': 623, 'change': 1}
2026-03-04 13:38:03,565 : INFO : SwitchController : <<<<<<< 's_flipper_right_lower' active >>>>>>>
2026-03-04 13:38:03,565 : INFO : EventManager : Event: ======'machine_var_audits_switches_s_flipper_right_lower'====== Args={'value': 1520, 'prev_value': 1519, 'change': 1}
2026-03-04 13:38:03,571 : INFO : SwitchController : <<<<<<< 's_flipper_right_upper' active >>>>>>>
2026-03-04 13:38:03,571 : INFO : EventManager : Event: ======'machine_var_audits_switches_s_flipper_right_upper'====== Args={'value': 1368, 'prev_value': 1367, 'change': 1}
2026-03-04 13:38:03,715 : INFO : SwitchController : <<<<<<< 's_flipper_right_upper' inactive >>>>>>>
2026-03-04 13:38:03,738 : INFO : SwitchController : <<<<<<< 's_flipper_right_lower' inactive >>>>>>>
2026-03-04 13:38:03,824 : INFO : SwitchController : <<<<<<< 's_sling_right' active >>>>>>>
2026-03-04 13:38:03,824 : INFO : EventManager : Event: ======'s_sling_right_active'====== Args={}
2026-03-04 13:38:03,824 : INFO : EventManager : Event: ======'machine_var_audits_switches_s_sling_right'====== Args={'value': 99, 'prev_value': 98, 'change': 1}
2026-03-04 13:38:03,825 : INFO : EventManager : Event: ======'machine_var_audits_shots_shot_sling_right'====== Args={'value': 71, 'prev_value': 70, 'change': 1}
2026-03-04 13:38:03,826 : INFO : EventManager : Event: ======'shot_sling_right_hit'====== Args={'profile': 'default', 'state': 'lit', 'advancing': False}
2026-03-04 13:38:03,826 : INFO : EventManager : Event: ======'shot_sling_right_default_hit'====== Args={'profile': 'default', 'state': 'lit', 'advancing': False}
2026-03-04 13:38:03,826 : INFO : EventManager : Event: ======'shot_sling_right_default_lit_hit'====== Args={'profile': 'default', 'state': 'lit', 'advancing': False}
2026-03-04 13:38:03,826 : INFO : EventManager : Event: ======'shot_sling_right_lit_hit'====== Args={'profile': 'default', 'state': 'lit', 'advancing': False}
2026-03-04 13:38:03,826 : INFO : EventManager : Event: ======'slings_hit'====== Args={'shot': 'shot_sling_right'}
2026-03-04 13:38:03,827 : INFO : EventManager : Event: ======'slings_lit_hit'====== Args={'shot': 'shot_sling_right'}
2026-03-04 13:38:03,827 : INFO : EventManager : Event: ======'player_score'====== Args={'value': 46050, 'prev_value': 45050, 'change': 1000, 'player_num': 1, 'source': 'bumpers'}
2026-03-04 13:38:03,849 : INFO : SwitchController : <<<<<<< 's_sling_right' inactive >>>>>>>
2026-03-04 13:38:04,108 : INFO : SwitchController : <<<<<<< 's_flipper_left' active >>>>>>>
2026-03-04 13:38:04,108 : INFO : EventManager : Event: ======'machine_var_audits_switches_s_flipper_left'====== Args={'value': 732, 'prev_value': 731, 'change': 1}
2026-03-04 13:38:04,131 : INFO : SwitchController : <<<<<<< 's_flipper_left_eos' inactive >>>>>>>
2026-03-04 13:38:04,267 : INFO : SwitchController : <<<<<<< 's_flipper_left' inactive >>>>>>>
2026-03-04 13:38:04,357 : INFO : SwitchController : <<<<<<< 's_flipper_left_eos' active >>>>>>>
2026-03-04 13:38:04,358 : INFO : EventManager : Event: ======'machine_var_audits_switches_s_flipper_left_eos'====== Args={'value': 625, 'prev_value': 624, 'change': 1}
2026-03-04 13:38:05,384 : INFO : SwitchController : <<<<<<< 's_flipper_left' active >>>>>>>
2026-03-04 13:38:05,384 : INFO : EventManager : Event: ======'machine_var_audits_switches_s_flipper_left'====== Args={'value': 733, 'prev_value': 732, 'change': 1}
2026-03-04 13:38:05,419 : INFO : SwitchController : <<<<<<< 's_flipper_left_eos' inactive >>>>>>>
2026-03-04 13:38:05,477 : INFO : SwitchController : <<<<<<< 's_flipper_left' inactive >>>>>>>
2026-03-04 13:38:05,565 : INFO : SwitchController : <<<<<<< 's_flipper_left_eos' active >>>>>>>
2026-03-04 13:38:05,565 : INFO : EventManager : Event: ======'machine_var_audits_switches_s_flipper_left_eos'====== Args={'value': 626, 'prev_value': 625, 'change': 1}
2026-03-04 13:38:07,154 : INFO : SwitchController : <<<<<<< 's_flipper_right_lower' active >>>>>>>
2026-03-04 13:38:07,154 : INFO : EventManager : Event: ======'machine_var_audits_switches_s_flipper_right_lower'====== Args={'value': 1521, 'prev_value': 1520, 'change': 1}
2026-03-04 13:38:07,160 : INFO : SwitchController : <<<<<<< 's_flipper_right_upper' active >>>>>>>
2026-03-04 13:38:07,160 : INFO : EventManager : Event: ======'machine_var_audits_switches_s_flipper_right_upper'====== Args={'value': 1369, 'prev_value': 1368, 'change': 1}
2026-03-04 13:38:07,311 : INFO : SwitchController : <<<<<<< 's_flipper_right_upper' inactive >>>>>>>
2026-03-04 13:38:07,335 : INFO : SwitchController : <<<<<<< 's_flipper_right_lower' inactive >>>>>>>
2026-03-04 13:38:08,608 : INFO : SwitchController : <<<<<<< 's_flipper_right_lower' active >>>>>>>
2026-03-04 13:38:08,608 : INFO : EventManager : Event: ======'machine_var_audits_switches_s_flipper_right_lower'====== Args={'value': 1522, 'prev_value': 1521, 'change': 1}
2026-03-04 13:38:08,618 : INFO : SwitchController : <<<<<<< 's_flipper_right_upper' active >>>>>>>
2026-03-04 13:38:08,618 : INFO : EventManager : Event: ======'machine_var_audits_switches_s_flipper_right_upper'====== Args={'value': 1370, 'prev_value': 1369, 'change': 1}
2026-03-04 13:38:08,787 : INFO : SwitchController : <<<<<<< 's_flipper_right_upper' inactive >>>>>>>
2026-03-04 13:38:08,811 : INFO : SwitchController : <<<<<<< 's_flipper_right_lower' inactive >>>>>>>
2026-03-04 13:38:11,994 : INFO : SwitchController : <<<<<<< 's_trough_6' active >>>>>>>
2026-03-04 13:38:11,994 : INFO : EventManager : Event: ======'machine_var_audits_switches_s_trough_6'====== Args={'value': 117, 'prev_value': 116, 'change': 1}
2026-03-04 13:38:12,079 : INFO : SwitchController : <<<<<<< 's_trough_6' inactive >>>>>>>
2026-03-04 13:38:12,088 : INFO : SwitchController : <<<<<<< 's_trough_5' active >>>>>>>
2026-03-04 13:38:12,088 : INFO : EventManager : Event: ======'machine_var_audits_switches_s_trough_5'====== Args={'value': 121, 'prev_value': 120, 'change': 1}
2026-03-04 13:38:12,157 : INFO : SwitchController : <<<<<<< 's_trough_5' inactive >>>>>>>
2026-03-04 13:38:12,165 : INFO : SwitchController : <<<<<<< 's_trough_4' active >>>>>>>
2026-03-04 13:38:12,166 : INFO : EventManager : Event: ======'machine_var_audits_switches_s_trough_4'====== Args={'value': 114, 'prev_value': 113, 'change': 1}
2026-03-04 13:38:12,229 : INFO : SwitchController : <<<<<<< 's_trough_4' inactive >>>>>>>
2026-03-04 13:38:12,236 : INFO : SwitchController : <<<<<<< 's_trough_3' active >>>>>>>
2026-03-04 13:38:12,236 : INFO : EventManager : Event: ======'machine_var_audits_switches_s_trough_3'====== Args={'value': 105, 'prev_value': 104, 'change': 1}
2026-03-04 13:38:12,294 : INFO : SwitchController : <<<<<<< 's_trough_3' inactive >>>>>>>
2026-03-04 13:38:12,301 : INFO : SwitchController : <<<<<<< 's_trough_2' active >>>>>>>
2026-03-04 13:38:12,301 : INFO : EventManager : Event: ======'machine_var_audits_switches_s_trough_2'====== Args={'value': 95, 'prev_value': 94, 'change': 1}
2026-03-04 13:38:12,356 : INFO : SwitchController : <<<<<<< 's_trough_2' inactive >>>>>>>
2026-03-04 13:38:12,361 : INFO : SwitchController : <<<<<<< 's_trough_1' active >>>>>>>
2026-03-04 13:38:12,361 : INFO : EventManager : Event: ======'machine_var_audits_switches_s_trough_1'====== Args={'value': 85, 'prev_value': 84, 'change': 1}
2026-03-04 13:38:12,862 : INFO : EventManager : Event: ======'balldevice_bd_trough_ball_count_changed'====== Args={'balls': 1}
2026-03-04 13:38:12,862 : INFO : ball_device.bd_trough : Received unexpected ball
2026-03-04 13:38:12,862 : INFO : EventManager : Event: ======'balldevice_captured_from_playfield'====== Args={'balls': 1}
2026-03-04 13:38:12,862 : INFO : EventManager : Event: ======'sw_playfield_active'====== Args={'balls': 1}
2026-03-04 13:38:12,862 : INFO : EventManager : Event: ======'playfield_ball_count_change'====== Args={'balls': 0, 'change': -1}
2026-03-04 13:38:12,863 : INFO : EventManager : Event: ======'balldevice_bd_trough_ball_enter'====== Args={'new_balls': 1, 'unclaimed_balls': 1, 'new_available_balls': 1, 'device': <ball_device.bd_trough>}
2026-03-04 13:38:12,863 : INFO : EventManager : Event: ======'ball_drain'====== Args={'device': <ball_device.bd_trough>, 'balls': 1}
2026-03-04 13:38:12,863 : INFO : EventManager : Event: ======'ball_will_end'====== Args={}
2026-03-04 13:38:12,863 : INFO : EventManager : Event: ======'balldevice_balls_available'====== Args={}
2026-03-04 13:38:12,863 : INFO : EventManager : Event: ======'balldevice_bd_trough_ball_entered'====== Args={'new_balls': 1, 'device': <ball_device.bd_trough>}
2026-03-04 13:38:12,864 : INFO : EventManager : Event: ======'mode_base_will_stop'====== Args={}
2026-03-04 13:38:12,864 : INFO : EventManager : Event: ======'mode_base_stopping'====== Args={}
2026-03-04 13:38:12,865 : INFO : EventManager : Event: ======'stop_mode_bumpers'====== Args={'priority': 0}
2026-03-04 13:38:12,865 : INFO : EventManager : Event: ======'mode_bumpers_will_stop'====== Args={}
2026-03-04 13:38:12,865 : INFO : EventManager : Event: ======'mode_bumpers_stopping'====== Args={}
2026-03-04 13:38:12,865 : INFO : Mode.base : Stopped.
2026-03-04 13:38:12,865 : INFO : EventManager : Event: ======'modes_active_modes_changed'====== Args={}
2026-03-04 13:38:12,865 : INFO : EventManager : Event: ======'mode_base_stopped'====== Args={}
2026-03-04 13:38:12,866 : INFO : EventManager : Event: ======'clear'====== Args={'key': 'base'}
2026-03-04 13:38:12,866 : INFO : Mode.bumpers : Stopped.
2026-03-04 13:38:12,866 : INFO : EventManager : Event: ======'modes_active_modes_changed'====== Args={}
2026-03-04 13:38:12,866 : INFO : EventManager : Event: ======'mode_bumpers_stopped'====== Args={}
2026-03-04 13:38:12,866 : INFO : EventManager : Event: ======'clear'====== Args={'key': 'bumpers'}
2026-03-04 13:38:12,868 : INFO : EventManager : Event: ======'ball_ending'====== Args={}
2026-03-04 13:38:12,868 : INFO : EventManager : Event: ======'ball_ended'====== Args={}
2026-03-04 13:38:12,870 : INFO : EventManager : Event: ======'player_turn_will_end'====== Args={'player': <Player 1>, 'number': 1}
2026-03-04 13:38:12,870 : INFO : EventManager : Event: ======'player_turn_ending'====== Args={'player': <Player 1>, 'number': 1}
2026-03-04 13:38:12,871 : INFO : EventManager : Event: ======'player_turn_ended'====== Args={'player': <Player 1>, 'number': 1}
2026-03-04 13:38:12,871 : INFO : EventManager : Event: ======'player_turn_will_start'====== Args={'player': <Player 1>, 'number': 1}
2026-03-04 13:38:12,871 : INFO : EventManager : Event: ======'player_turn_starting'====== Args={'player': <Player 1>, 'number': 1}
2026-03-04 13:38:12,871 : INFO : EventManager : Event: ======'player_ball'====== Args={'value': 3, 'prev_value': 2, 'change': 1, 'player_num': 1}
2026-03-04 13:38:12,872 : INFO : EventManager : Event: ======'player_turn_started'====== Args={'player': <Player 1>, 'number': 1}
2026-03-04 13:38:12,873 : INFO : EventManager : Event: ======'ball_will_start'====== Args={'player': 1, 'ball': 3, 'balls_remaining': 0, 'is_extra_ball': False}
2026-03-04 13:38:12,873 : INFO : EventManager : Event: ======'ball_starting'====== Args={'player': 1, 'ball': 3, 'balls_remaining': 0, 'is_extra_ball': False}
2026-03-04 13:38:12,874 : INFO : EventManager : Event: ======'mode_base_will_start'====== Args={'queue': <QueuedEvent>, 'player': 1, 'ball': 3, 'balls_remaining': 0, 'is_extra_ball': False}
2026-03-04 13:38:12,874 : INFO : EventManager : Event: ======'mode_base_starting'====== Args={'queue': <QueuedEvent>, 'player': 1, 'ball': 3, 'balls_remaining': 0, 'is_extra_ball': False}
2026-03-04 13:38:12,875 : INFO : Mode.base : Started. Priority: 100
2026-03-04 13:38:12,875 : INFO : EventManager : Event: ======'modes_active_modes_changed'====== Args={}
2026-03-04 13:38:12,875 : INFO : EventManager : Event: ======'mode_base_started'====== Args={'queue': <QueuedEvent>, 'player': 1, 'ball': 3, 'balls_remaining': 0, 'is_extra_ball': False}
2026-03-04 13:38:12,875 : INFO : EventManager : Event: ======'start_mode_bumpers'====== Args={'priority': 0}
2026-03-04 13:38:12,876 : INFO : EventManager : Event: ======'mode_bumpers_will_start'====== Args={'priority': 0}
2026-03-04 13:38:12,879 : INFO : EventManager : Event: ======'mode_bumpers_starting'====== Args={'priority': 0}
2026-03-04 13:38:12,879 : INFO : Mode.bumpers : Started. Priority: 200
2026-03-04 13:38:12,879 : INFO : EventManager : Event: ======'modes_active_modes_changed'====== Args={}
2026-03-04 13:38:12,879 : INFO : EventManager : Event: ======'mode_bumpers_started'====== Args={'priority': 0}
2026-03-04 13:38:12,879 : INFO : EventManager : Event: ======'balls_in_play'====== Args={'balls': 1}
2026-03-04 13:38:12,880 : INFO : EventManager : Event: ======'ball_started'====== Args={'player': 1, 'ball': 3, 'balls_remaining': 0, 'is_extra_ball': False}
2026-03-04 13:38:12,889 : INFO : EventManager : Event: ======'single_player_ball_started'====== Args={}
2026-03-04 13:38:12,890 : INFO : EventManager : Event: ======'ball_start_target'====== Args={'target': 'playfield'}
2026-03-04 13:38:12,890 : INFO : ball_device.bd_plunger : Setting up player-controlled eject. Balls: 1, Target: <playfield.playfield>, player_controlled_eject_event: None
2026-03-04 13:38:12,891 : INFO : EventManager : Event: ======'balldevice_balls_available'====== Args={}
2026-03-04 13:38:12,892 : INFO : ball_device.bd_trough : State: waiting_for_target_ready
2026-03-04 13:38:12,892 : INFO : EventManager : Event: ======'balldevice_bd_trough_ball_eject_attempt'====== Args={'balls': 1, 'target': <ball_device.bd_plunger>, 'source': <ball_device.bd_trough>, 'mechanical_eject': True, 'num_attempts': 0}
2026-03-04 13:38:12,892 : INFO : ball_device.bd_plunger : State: waiting_for_ball
2026-03-04 13:38:12,892 : INFO : ball_device.bd_trough : State: ejecting
2026-03-04 13:38:12,892 : INFO : ball_device.bd_trough : Ejecting ball to <ball_device.bd_plunger>
2026-03-04 13:38:12,892 : INFO : EventManager : Event: ======'balldevice_bd_trough_ejecting_ball'====== Args={'balls': 1, 'target': <ball_device.bd_plunger>, 'source': <ball_device.bd_trough>, 'mechanical_eject': True, 'num_attempts': 0}
2026-03-04 13:38:12,893 : INFO : ball_device.bd_trough : Wait for ball to leave device
2026-03-04 13:38:12,893 : INFO : coil.c_trough_eject : Pulsing Driver for 20ms (1.0 pulse_power)
2026-03-04 13:38:12,921 : INFO : SwitchController : <<<<<<< 's_trough_1' inactive >>>>>>>
2026-03-04 13:38:12,921 : INFO : SwitchController : <<<<<<< 's_trough_7' active >>>>>>>
2026-03-04 13:38:12,921 : INFO : EventManager : Event: ======'machine_var_audits_switches_s_trough_7'====== Args={'value': 95, 'prev_value': 94, 'change': 1}
2026-03-04 13:38:12,922 : INFO : ball_device.bd_trough : State: ball_left
2026-03-04 13:38:12,922 : INFO : ball_device.bd_trough : Ball left
2026-03-04 13:38:12,922 : INFO : ball_device.bd_trough : Wait for confirm with timeout 3.0
2026-03-04 13:38:12,941 : INFO : SwitchController : <<<<<<< 's_trough_7' inactive >>>>>>>
2026-03-04 13:38:12,976 : INFO : EventManager : Event: ======'slide_base_slide_created'====== Args={'_from_bcp': True}
2026-03-04 13:38:12,977 : INFO : EventManager : Event: ======'slide_base_slide_inactive'====== Args={'is_removing': True, '_from_bcp': True}
2026-03-04 13:38:12,977 : INFO : EventManager : Event: ======'slide_base_slide_active'====== Args={'original_context': 'base', 'original_calling_context': 'mode_base_started', 'priority': 100.0, 'queue': '<QueuedEvent>', 'player': 1.0, 'ball': 3.0, 'balls_remaining': 0.0, 'is_extra_ball': False, 'cmd': 'slides_play', '_from_bcp': True}
2026-03-04 13:38:12,977 : INFO : EventManager : Event: ======'slide_base_slide_removed'====== Args={'_from_bcp': True}
2026-03-04 13:38:13,046 : INFO : SwitchController : <<<<<<< 's_plunger' active >>>>>>>
2026-03-04 13:38:13,046 : INFO : EventManager : Event: ======'machine_var_audits_switches_s_plunger'====== Args={'value': 102, 'prev_value': 101, 'change': 1}
2026-03-04 13:38:13,547 : INFO : ball_device.bd_plunger : Received ball from <ball_device.bd_trough>
2026-03-04 13:38:13,547 : INFO : EventManager : Event: ======'balldevice_bd_plunger_ball_enter'====== Args={'new_balls': 1, 'unclaimed_balls': 0, 'new_available_balls': 0, 'device': <ball_device.bd_plunger>}
2026-03-04 13:38:13,548 : INFO : EventManager : Event: ======'balldevice_bd_plunger_ball_entered'====== Args={'new_balls': 0, 'device': <ball_device.bd_plunger>}
2026-03-04 13:38:13,549 : INFO : EventManager : Event: ======'balldevice_bd_plunger_ball_count_changed'====== Args={'balls': 1}
2026-03-04 13:38:13,549 : INFO : ball_device.bd_trough : Got eject confirm
2026-03-04 13:38:13,549 : INFO : ball_device.bd_trough : Eject successful
2026-03-04 13:38:13,549 : INFO : EventManager : Event: ======'balldevice_bd_trough_ball_eject_success'====== Args={'balls': 1, 'target': <ball_device.bd_plunger>}
2026-03-04 13:38:13,549 : INFO : ball_device.bd_plunger : State: waiting_for_target_ready
2026-03-04 13:38:13,550 : INFO : EventManager : Event: ======'balldevice_bd_plunger_ball_eject_attempt'====== Args={'balls': 1, 'target': <playfield.playfield>, 'source': <ball_device.bd_plunger>, 'mechanical_eject': True, 'num_attempts': 0}
2026-03-04 13:38:13,550 : INFO : EventManager : Event: ======'balldevice_bd_trough_ball_count_changed'====== Args={'balls': 0}
2026-03-04 13:38:13,550 : INFO : ball_device.bd_trough : State: idle
2026-03-04 13:38:13,551 : INFO : ball_device.bd_plunger : State: ejecting
2026-03-04 13:38:13,551 : INFO : ball_device.bd_plunger : Ejecting ball to <playfield.playfield>
2026-03-04 13:38:13,551 : INFO : EventManager : Event: ======'balldevice_bd_plunger_ejecting_ball'====== Args={'balls': 1, 'target': <playfield.playfield>, 'source': <ball_device.bd_plunger>, 'mechanical_eject': True, 'num_attempts': 0}
2026-03-04 13:38:13,552 : INFO : ball_device.bd_plunger : Wait for ball to leave device
2026-03-04 13:38:14,364 : INFO : SwitchController : <<<<<<< 's_plunger' inactive >>>>>>>
2026-03-04 13:38:14,364 : INFO : ball_device.bd_plunger : State: ball_left
2026-03-04 13:38:14,364 : INFO : ball_device.bd_plunger : Ball left
2026-03-04 13:38:14,364 : INFO : ball_device.bd_plunger : Wait for confirm with timeout 5.0
2026-03-04 13:38:16,449 : INFO : SwitchController : <<<<<<< 's_flipper_right_lower' active >>>>>>>
2026-03-04 13:38:16,449 : INFO : EventManager : Event: ======'machine_var_audits_switches_s_flipper_right_lower'====== Args={'value': 1523, 'prev_value': 1522, 'change': 1}
2026-03-04 13:38:16,450 : INFO : SwitchController : <<<<<<< 's_flipper_right_upper' active >>>>>>>
2026-03-04 13:38:16,450 : INFO : EventManager : Event: ======'machine_var_audits_switches_s_flipper_right_upper'====== Args={'value': 1371, 'prev_value': 1370, 'change': 1}
2026-03-04 13:38:16,581 : INFO : SwitchController : <<<<<<< 's_flipper_right_upper' inactive >>>>>>>
2026-03-04 13:38:16,606 : INFO : SwitchController : <<<<<<< 's_flipper_right_lower' inactive >>>>>>>
2026-03-04 13:38:16,735 : INFO : SwitchController : <<<<<<< 's_bumper_upper' active >>>>>>>
2026-03-04 13:38:16,735 : INFO : EventManager : Event: ======'playfield_active'====== Args={'source': 'shot_bumper_upper'}
2026-03-04 13:38:16,735 : INFO : EventManager : Event: ======'s_bumper_upper_active'====== Args={}
2026-03-04 13:38:16,735 : INFO : EventManager : Event: ======'playfield_active'====== Args={'source': 'bumper_upper'}
2026-03-04 13:38:16,736 : INFO : EventManager : Event: ======'machine_var_audits_switches_s_bumper_upper'====== Args={'value': 41, 'prev_value': 40, 'change': 1}
2026-03-04 13:38:16,736 : INFO : EventManager : Event: ======'machine_var_audits_shots_shot_bumper_upper'====== Args={'value': 35, 'prev_value': 34, 'change': 1}
2026-03-04 13:38:16,736 : INFO : EventManager : Event: ======'shot_bumper_upper_hit'====== Args={'profile': 'default', 'state': 'lit', 'advancing': False}
2026-03-04 13:38:16,737 : INFO : EventManager : Event: ======'shot_bumper_upper_default_hit'====== Args={'profile': 'default', 'state': 'lit', 'advancing': False}
2026-03-04 13:38:16,737 : INFO : EventManager : Event: ======'shot_bumper_upper_default_lit_hit'====== Args={'profile': 'default', 'state': 'lit', 'advancing': False}
2026-03-04 13:38:16,737 : INFO : EventManager : Event: ======'shot_bumper_upper_lit_hit'====== Args={'profile': 'default', 'state': 'lit', 'advancing': False}
2026-03-04 13:38:16,737 : INFO : EventManager : Event: ======'bumpers_hit'====== Args={'shot': 'shot_bumper_upper'}
2026-03-04 13:38:16,737 : INFO : EventManager : Event: ======'bumpers_lit_hit'====== Args={'shot': 'shot_bumper_upper'}
2026-03-04 13:38:16,737 : INFO : EventManager : Event: ======'player_score'====== Args={'value': 56050, 'prev_value': 46050, 'change': 10000, 'player_num': 1, 'source': 'bumpers'}
2026-03-04 13:38:16,739 : INFO : ball_device.bd_plunger : Got eject confirm
2026-03-04 13:38:16,739 : INFO : ball_device.bd_plunger : Eject successful
2026-03-04 13:38:16,739 : INFO : EventManager : Event: ======'balldevice_bd_plunger_ball_eject_success'====== Args={'balls': 1, 'target': <playfield.playfield>}
2026-03-04 13:38:16,739 : INFO : EventManager : Event: ======'balldevice_playfield_ball_enter'====== Args={'new_balls': 1, 'unclaimed_balls': 1, 'device': <playfield.playfield>}
2026-03-04 13:38:16,740 : INFO : EventManager : Event: ======'playfield_ball_count_change'====== Args={'balls': 1, 'change': 1}
2026-03-04 13:38:16,740 : INFO : EventManager : Event: ======'balldevice_bd_plunger_ball_count_changed'====== Args={'balls': 0}
2026-03-04 13:38:16,740 : INFO : ball_device.bd_plunger : State: idle
2026-03-04 13:38:16,756 : INFO : SwitchController : <<<<<<< 's_bumper_upper' inactive >>>>>>>
2026-03-04 13:38:18,243 : INFO : SwitchController : <<<<<<< 's_inlane_right_1' active >>>>>>>
2026-03-04 13:38:18,243 : INFO : EventManager : Event: ======'s_inlane_right_1_active'====== Args={}
2026-03-04 13:38:18,243 : INFO : EventManager : Event: ======'sw_playfield_active'====== Args={}
2026-03-04 13:38:18,244 : INFO : EventManager : Event: ======'machine_var_audits_switches_s_inlane_right_1'====== Args={'value': 1308, 'prev_value': 1307, 'change': 1}
2026-03-04 13:38:18,245 : INFO : EventManager : Event: ======'player_shot_shot_inlane_right_1'====== Args={'value': 1, 'prev_value': 0, 'change': 1, 'player_num': 1}
2026-03-04 13:38:18,245 : INFO : EventManager : Event: ======'machine_var_audits_shots_shot_inlane_right_1'====== Args={'value': 976, 'prev_value': 975, 'change': 1}
2026-03-04 13:38:18,246 : INFO : EventManager : Event: ======'shot_inlane_right_1_hit'====== Args={'profile': 'default', 'state': 'unlit', 'advancing': True}
2026-03-04 13:38:18,246 : INFO : EventManager : Event: ======'shot_inlane_right_1_default_hit'====== Args={'profile': 'default', 'state': 'unlit', 'advancing': True}
2026-03-04 13:38:18,246 : INFO : EventManager : Event: ======'shot_inlane_right_1_default_unlit_hit'====== Args={'profile': 'default', 'state': 'unlit', 'advancing': True}
2026-03-04 13:38:18,246 : INFO : EventManager : Event: ======'shot_inlane_right_1_unlit_hit'====== Args={'profile': 'default', 'state': 'unlit', 'advancing': True}
2026-03-04 13:38:18,249 : INFO : EventManager : Event: ======'inlanes_complete'====== Args={'state': 'lit'}
2026-03-04 13:38:18,249 : INFO : EventManager : Event: ======'inlanes_lit_complete'====== Args={}
2026-03-04 13:38:18,249 : INFO : EventManager : Event: ======'inlanes_hit'====== Args={'shot': 'shot_inlane_right_1'}
2026-03-04 13:38:18,249 : INFO : EventManager : Event: ======'inlanes_unlit_hit'====== Args={'shot': 'shot_inlane_right_1'}
2026-03-04 13:38:18,249 : INFO : EventManager : Event: ======'player_score'====== Args={'value': 56060, 'prev_value': 56050, 'change': 10, 'player_num': 1, 'source': 'bumpers'}
2026-03-04 13:38:18,286 : INFO : SwitchController : <<<<<<< 's_inlane_right_1' inactive >>>>>>>
2026-03-04 13:38:18,557 : INFO : SwitchController : <<<<<<< 's_flipper_right_lower' active >>>>>>>
2026-03-04 13:38:18,557 : INFO : EventManager : Event: ======'machine_var_audits_switches_s_flipper_right_lower'====== Args={'value': 1524, 'prev_value': 1523, 'change': 1}
2026-03-04 13:38:18,564 : INFO : SwitchController : <<<<<<< 's_flipper_right_upper' active >>>>>>>
2026-03-04 13:38:18,564 : INFO : EventManager : Event: ======'machine_var_audits_switches_s_flipper_right_upper'====== Args={'value': 1372, 'prev_value': 1371, 'change': 1}
2026-03-04 13:38:18,732 : INFO : SwitchController : <<<<<<< 's_flipper_right_upper' inactive >>>>>>>
2026-03-04 13:38:18,753 : INFO : SwitchController : <<<<<<< 's_flipper_right_lower' inactive >>>>>>>
2026-03-04 13:38:18,874 : INFO : SwitchController : <<<<<<< 's_bumper_upper' active >>>>>>>
2026-03-04 13:38:18,874 : INFO : EventManager : Event: ======'s_bumper_upper_active'====== Args={}
2026-03-04 13:38:18,874 : INFO : EventManager : Event: ======'machine_var_audits_switches_s_bumper_upper'====== Args={'value': 42, 'prev_value': 41, 'change': 1}
2026-03-04 13:38:18,875 : INFO : EventManager : Event: ======'machine_var_audits_shots_shot_bumper_upper'====== Args={'value': 36, 'prev_value': 35, 'change': 1}
2026-03-04 13:38:18,875 : INFO : EventManager : Event: ======'shot_bumper_upper_hit'====== Args={'profile': 'default', 'state': 'lit', 'advancing': False}
2026-03-04 13:38:18,875 : INFO : EventManager : Event: ======'shot_bumper_upper_default_hit'====== Args={'profile': 'default', 'state': 'lit', 'advancing': False}
2026-03-04 13:38:18,875 : INFO : EventManager : Event: ======'shot_bumper_upper_default_lit_hit'====== Args={'profile': 'default', 'state': 'lit', 'advancing': False}
2026-03-04 13:38:18,875 : INFO : EventManager : Event: ======'shot_bumper_upper_lit_hit'====== Args={'profile': 'default', 'state': 'lit', 'advancing': False}
2026-03-04 13:38:18,875 : INFO : EventManager : Event: ======'bumpers_hit'====== Args={'shot': 'shot_bumper_upper'}
2026-03-04 13:38:18,875 : INFO : EventManager : Event: ======'bumpers_lit_hit'====== Args={'shot': 'shot_bumper_upper'}
2026-03-04 13:38:18,875 : INFO : EventManager : Event: ======'player_score'====== Args={'value': 66060, 'prev_value': 56060, 'change': 10000, 'player_num': 1, 'source': 'bumpers'}
2026-03-04 13:38:18,896 : INFO : SwitchController : <<<<<<< 's_bumper_upper' inactive >>>>>>>
2026-03-04 13:38:20,860 : INFO : SwitchController : <<<<<<< 's_flipper_right_lower' active >>>>>>>
2026-03-04 13:38:20,860 : INFO : EventManager : Event: ======'machine_var_audits_switches_s_flipper_right_lower'====== Args={'value': 1525, 'prev_value': 1524, 'change': 1}
2026-03-04 13:38:20,861 : INFO : SwitchController : <<<<<<< 's_flipper_right_upper' active >>>>>>>
2026-03-04 13:38:20,861 : INFO : EventManager : Event: ======'machine_var_audits_switches_s_flipper_right_upper'====== Args={'value': 1373, 'prev_value': 1372, 'change': 1}
2026-03-04 13:38:21,026 : INFO : SwitchController : <<<<<<< 's_flipper_right_upper' inactive >>>>>>>
2026-03-04 13:38:21,050 : INFO : SwitchController : <<<<<<< 's_flipper_right_lower' inactive >>>>>>>
2026-03-04 13:38:21,780 : INFO : SwitchController : <<<<<<< 's_inlane_right_1' active >>>>>>>
2026-03-04 13:38:21,780 : INFO : EventManager : Event: ======'s_inlane_right_1_active'====== Args={}
2026-03-04 13:38:21,780 : INFO : EventManager : Event: ======'sw_playfield_active'====== Args={}
2026-03-04 13:38:21,781 : INFO : EventManager : Event: ======'machine_var_audits_switches_s_inlane_right_1'====== Args={'value': 1309, 'prev_value': 1308, 'change': 1}
2026-03-04 13:38:21,781 : INFO : EventManager : Event: ======'machine_var_audits_shots_shot_inlane_right_1'====== Args={'value': 977, 'prev_value': 976, 'change': 1}
2026-03-04 13:38:21,781 : INFO : EventManager : Event: ======'shot_inlane_right_1_hit'====== Args={'profile': 'default', 'state': 'lit', 'advancing': False}
2026-03-04 13:38:21,782 : INFO : EventManager : Event: ======'shot_inlane_right_1_default_hit'====== Args={'profile': 'default', 'state': 'lit', 'advancing': False}
2026-03-04 13:38:21,782 : INFO : EventManager : Event: ======'shot_inlane_right_1_default_lit_hit'====== Args={'profile': 'default', 'state': 'lit', 'advancing': False}
2026-03-04 13:38:21,782 : INFO : EventManager : Event: ======'shot_inlane_right_1_lit_hit'====== Args={'profile': 'default', 'state': 'lit', 'advancing': False}
2026-03-04 13:38:21,782 : INFO : EventManager : Event: ======'inlanes_hit'====== Args={'shot': 'shot_inlane_right_1'}
2026-03-04 13:38:21,782 : INFO : EventManager : Event: ======'inlanes_lit_hit'====== Args={'shot': 'shot_inlane_right_1'}
2026-03-04 13:38:21,782 : INFO : EventManager : Event: ======'player_score'====== Args={'value': 66070, 'prev_value': 66060, 'change': 10, 'player_num': 1, 'source': 'bumpers'}
2026-03-04 13:38:21,818 : INFO : SwitchController : <<<<<<< 's_inlane_right_1' inactive >>>>>>>
2026-03-04 13:38:22,515 : INFO : SwitchController : <<<<<<< 's_flipper_right_lower' active >>>>>>>
2026-03-04 13:38:22,516 : INFO : EventManager : Event: ======'machine_var_audits_switches_s_flipper_right_lower'====== Args={'value': 1526, 'prev_value': 1525, 'change': 1}
2026-03-04 13:38:22,524 : INFO : SwitchController : <<<<<<< 's_flipper_right_upper' active >>>>>>>
2026-03-04 13:38:22,524 : INFO : EventManager : Event: ======'machine_var_audits_switches_s_flipper_right_upper'====== Args={'value': 1374, 'prev_value': 1373, 'change': 1}
2026-03-04 13:38:23,591 : INFO : SwitchController : <<<<<<< 's_flipper_right_upper' inactive >>>>>>>
2026-03-04 13:38:23,613 : INFO : SwitchController : <<<<<<< 's_flipper_right_lower' inactive >>>>>>>
2026-03-04 13:38:24,151 : INFO : SwitchController : <<<<<<< 's_flipper_right_lower' active >>>>>>>
2026-03-04 13:38:24,151 : INFO : EventManager : Event: ======'machine_var_audits_switches_s_flipper_right_lower'====== Args={'value': 1527, 'prev_value': 1526, 'change': 1}
2026-03-04 13:38:24,151 : INFO : SwitchController : <<<<<<< 's_flipper_right_upper' active >>>>>>>
2026-03-04 13:38:24,151 : INFO : EventManager : Event: ======'machine_var_audits_switches_s_flipper_right_upper'====== Args={'value': 1375, 'prev_value': 1374, 'change': 1}
2026-03-04 13:38:24,301 : INFO : SwitchController : <<<<<<< 's_flipper_right_upper' inactive >>>>>>>
2026-03-04 13:38:24,309 : INFO : SwitchController : <<<<<<< 's_flipper_right_lower' inactive >>>>>>>
2026-03-04 13:38:26,033 : INFO : SwitchController : <<<<<<< 's_flipper_right_lower' active >>>>>>>
2026-03-04 13:38:26,033 : INFO : EventManager : Event: ======'machine_var_audits_switches_s_flipper_right_lower'====== Args={'value': 1528, 'prev_value': 1527, 'change': 1}
2026-03-04 13:38:26,037 : INFO : SwitchController : <<<<<<< 's_flipper_right_upper' active >>>>>>>
2026-03-04 13:38:26,037 : INFO : EventManager : Event: ======'machine_var_audits_switches_s_flipper_right_upper'====== Args={'value': 1376, 'prev_value': 1375, 'change': 1}
2026-03-04 13:38:26,119 : INFO : SwitchController : <<<<<<< 's_sling_right' active >>>>>>>
2026-03-04 13:38:26,120 : INFO : EventManager : Event: ======'s_sling_right_active'====== Args={}
2026-03-04 13:38:26,120 : INFO : EventManager : Event: ======'machine_var_audits_switches_s_sling_right'====== Args={'value': 100, 'prev_value': 99, 'change': 1}
2026-03-04 13:38:26,120 : INFO : EventManager : Event: ======'machine_var_audits_shots_shot_sling_right'====== Args={'value': 72, 'prev_value': 71, 'change': 1}
2026-03-04 13:38:26,120 : INFO : EventManager : Event: ======'shot_sling_right_hit'====== Args={'profile': 'default', 'state': 'lit', 'advancing': False}
2026-03-04 13:38:26,121 : INFO : EventManager : Event: ======'shot_sling_right_default_hit'====== Args={'profile': 'default', 'state': 'lit', 'advancing': False}
2026-03-04 13:38:26,121 : INFO : EventManager : Event: ======'shot_sling_right_default_lit_hit'====== Args={'profile': 'default', 'state': 'lit', 'advancing': False}
2026-03-04 13:38:26,121 : INFO : EventManager : Event: ======'shot_sling_right_lit_hit'====== Args={'profile': 'default', 'state': 'lit', 'advancing': False}
2026-03-04 13:38:26,121 : INFO : EventManager : Event: ======'slings_hit'====== Args={'shot': 'shot_sling_right'}
2026-03-04 13:38:26,121 : INFO : EventManager : Event: ======'slings_lit_hit'====== Args={'shot': 'shot_sling_right'}
2026-03-04 13:38:26,121 : INFO : EventManager : Event: ======'player_score'====== Args={'value': 67070, 'prev_value': 66070, 'change': 1000, 'player_num': 1, 'source': 'bumpers'}
2026-03-04 13:38:26,150 : INFO : SwitchController : <<<<<<< 's_sling_right' inactive >>>>>>>
2026-03-04 13:38:26,207 : INFO : SwitchController : <<<<<<< 's_flipper_right_upper' inactive >>>>>>>
2026-03-04 13:38:26,232 : INFO : SwitchController : <<<<<<< 's_flipper_right_lower' inactive >>>>>>>
2026-03-04 13:38:26,358 : INFO : SwitchController : <<<<<<< 's_flipper_left' active >>>>>>>
2026-03-04 13:38:26,359 : INFO : EventManager : Event: ======'machine_var_audits_switches_s_flipper_left'====== Args={'value': 734, 'prev_value': 733, 'change': 1}
2026-03-04 13:38:26,382 : INFO : SwitchController : <<<<<<< 's_flipper_left_eos' inactive >>>>>>>
2026-03-04 13:38:26,528 : INFO : SwitchController : <<<<<<< 's_flipper_left' inactive >>>>>>>
2026-03-04 13:38:26,614 : INFO : SwitchController : <<<<<<< 's_flipper_left_eos' active >>>>>>>
2026-03-04 13:38:26,614 : INFO : EventManager : Event: ======'machine_var_audits_switches_s_flipper_left_eos'====== Args={'value': 627, 'prev_value': 626, 'change': 1}
2026-03-04 13:38:26,698 : INFO : SwitchController : <<<<<<< 's_flipper_right_lower' active >>>>>>>
2026-03-04 13:38:26,698 : INFO : EventManager : Event: ======'machine_var_audits_switches_s_flipper_right_lower'====== Args={'value': 1529, 'prev_value': 1528, 'change': 1}
2026-03-04 13:38:26,701 : INFO : SwitchController : <<<<<<< 's_flipper_right_upper' active >>>>>>>
2026-03-04 13:38:26,702 : INFO : EventManager : Event: ======'machine_var_audits_switches_s_flipper_right_upper'====== Args={'value': 1377, 'prev_value': 1376, 'change': 1}
2026-03-04 13:38:27,036 : INFO : SwitchController : <<<<<<< 's_flipper_right_upper' inactive >>>>>>>
2026-03-04 13:38:27,070 : INFO : SwitchController : <<<<<<< 's_flipper_right_lower' inactive >>>>>>>
2026-03-04 13:38:28,254 : INFO : SwitchController : <<<<<<< 's_flipper_right_lower' active >>>>>>>
2026-03-04 13:38:28,254 : INFO : EventManager : Event: ======'machine_var_audits_switches_s_flipper_right_lower'====== Args={'value': 1530, 'prev_value': 1529, 'change': 1}
2026-03-04 13:38:28,265 : INFO : SwitchController : <<<<<<< 's_flipper_right_upper' active >>>>>>>
2026-03-04 13:38:28,265 : INFO : EventManager : Event: ======'machine_var_audits_switches_s_flipper_right_upper'====== Args={'value': 1378, 'prev_value': 1377, 'change': 1}
2026-03-04 13:38:28,331 : INFO : SwitchController : <<<<<<< 's_flipper_right_upper' inactive >>>>>>>
2026-03-04 13:38:28,470 : INFO : SwitchController : <<<<<<< 's_flipper_right_lower' inactive >>>>>>>
2026-03-04 13:38:29,321 : INFO : SwitchController : <<<<<<< 's_flipper_left' active >>>>>>>
2026-03-04 13:38:29,321 : INFO : EventManager : Event: ======'machine_var_audits_switches_s_flipper_left'====== Args={'value': 735, 'prev_value': 734, 'change': 1}
2026-03-04 13:38:29,345 : INFO : SwitchController : <<<<<<< 's_flipper_left_eos' inactive >>>>>>>
2026-03-04 13:38:29,726 : INFO : SwitchController : <<<<<<< 's_flipper_left' inactive >>>>>>>
2026-03-04 13:38:29,748 : INFO : SwitchController : <<<<<<< 's_inlane_left' active >>>>>>>
2026-03-04 13:38:29,748 : INFO : EventManager : Event: ======'s_inlane_left_active'====== Args={}
2026-03-04 13:38:29,748 : INFO : EventManager : Event: ======'sw_playfield_active'====== Args={}
2026-03-04 13:38:29,748 : INFO : EventManager : Event: ======'machine_var_audits_switches_s_inlane_left'====== Args={'value': 41, 'prev_value': 40, 'change': 1}
2026-03-04 13:38:29,749 : INFO : EventManager : Event: ======'machine_var_audits_shots_shot_inlane_left'====== Args={'value': 41, 'prev_value': 40, 'change': 1}
2026-03-04 13:38:29,749 : INFO : EventManager : Event: ======'shot_inlane_left_hit'====== Args={'profile': 'default', 'state': 'lit', 'advancing': False}
2026-03-04 13:38:29,749 : INFO : EventManager : Event: ======'shot_inlane_left_default_hit'====== Args={'profile': 'default', 'state': 'lit', 'advancing': False}
2026-03-04 13:38:29,749 : INFO : EventManager : Event: ======'shot_inlane_left_default_lit_hit'====== Args={'profile': 'default', 'state': 'lit', 'advancing': False}
2026-03-04 13:38:29,749 : INFO : EventManager : Event: ======'shot_inlane_left_lit_hit'====== Args={'profile': 'default', 'state': 'lit', 'advancing': False}
2026-03-04 13:38:29,749 : INFO : EventManager : Event: ======'inlanes_hit'====== Args={'shot': 'shot_inlane_left'}
2026-03-04 13:38:29,749 : INFO : EventManager : Event: ======'inlanes_lit_hit'====== Args={'shot': 'shot_inlane_left'}
2026-03-04 13:38:29,749 : INFO : EventManager : Event: ======'player_score'====== Args={'value': 67080, 'prev_value': 67070, 'change': 10, 'player_num': 1, 'source': 'bumpers'}
2026-03-04 13:38:29,813 : INFO : SwitchController : <<<<<<< 's_flipper_left_eos' active >>>>>>>
2026-03-04 13:38:29,814 : INFO : EventManager : Event: ======'machine_var_audits_switches_s_flipper_left_eos'====== Args={'value': 628, 'prev_value': 627, 'change': 1}
2026-03-04 13:38:30,675 : INFO : SwitchController : <<<<<<< 's_inlane_left' inactive >>>>>>>
2026-03-04 13:38:31,328 : INFO : SwitchController : <<<<<<< 's_flipper_left' active >>>>>>>
2026-03-04 13:38:31,328 : INFO : EventManager : Event: ======'machine_var_audits_switches_s_flipper_left'====== Args={'value': 736, 'prev_value': 735, 'change': 1}
2026-03-04 13:38:31,361 : INFO : SwitchController : <<<<<<< 's_flipper_left_eos' inactive >>>>>>>
2026-03-04 13:38:31,467 : INFO : SwitchController : <<<<<<< 's_flipper_left' inactive >>>>>>>
2026-03-04 13:38:31,557 : INFO : SwitchController : <<<<<<< 's_flipper_left_eos' active >>>>>>>
2026-03-04 13:38:31,557 : INFO : EventManager : Event: ======'machine_var_audits_switches_s_flipper_left_eos'====== Args={'value': 629, 'prev_value': 628, 'change': 1}
2026-03-04 13:38:32,241 : INFO : SwitchController : <<<<<<< 's_flipper_right_lower' active >>>>>>>
2026-03-04 13:38:32,241 : INFO : EventManager : Event: ======'machine_var_audits_switches_s_flipper_right_lower'====== Args={'value': 1531, 'prev_value': 1530, 'change': 1}
2026-03-04 13:38:32,250 : INFO : SwitchController : <<<<<<< 's_flipper_right_upper' active >>>>>>>
2026-03-04 13:38:32,250 : INFO : EventManager : Event: ======'machine_var_audits_switches_s_flipper_right_upper'====== Args={'value': 1379, 'prev_value': 1378, 'change': 1}
2026-03-04 13:38:32,402 : INFO : SwitchController : <<<<<<< 's_flipper_right_upper' inactive >>>>>>>
2026-03-04 13:38:32,430 : INFO : SwitchController : <<<<<<< 's_flipper_right_lower' inactive >>>>>>>
2026-03-04 13:38:33,525 : INFO : SwitchController : <<<<<<< 's_flipper_right_lower' active >>>>>>>
2026-03-04 13:38:33,525 : INFO : EventManager : Event: ======'machine_var_audits_switches_s_flipper_right_lower'====== Args={'value': 1532, 'prev_value': 1531, 'change': 1}
2026-03-04 13:38:33,533 : INFO : SwitchController : <<<<<<< 's_flipper_right_upper' active >>>>>>>
2026-03-04 13:38:33,533 : INFO : EventManager : Event: ======'machine_var_audits_switches_s_flipper_right_upper'====== Args={'value': 1380, 'prev_value': 1379, 'change': 1}
2026-03-04 13:38:33,692 : INFO : SwitchController : <<<<<<< 's_flipper_right_upper' inactive >>>>>>>
2026-03-04 13:38:33,712 : INFO : SwitchController : <<<<<<< 's_flipper_right_lower' inactive >>>>>>>
2026-03-04 13:38:36,913 : INFO : SwitchController : <<<<<<< 's_trough_6' active >>>>>>>
2026-03-04 13:38:36,914 : INFO : EventManager : Event: ======'machine_var_audits_switches_s_trough_6'====== Args={'value': 118, 'prev_value': 117, 'change': 1}
2026-03-04 13:38:37,046 : INFO : SwitchController : <<<<<<< 's_trough_6' inactive >>>>>>>
2026-03-04 13:38:37,066 : INFO : SwitchController : <<<<<<< 's_trough_5' active >>>>>>>
2026-03-04 13:38:37,067 : INFO : EventManager : Event: ======'machine_var_audits_switches_s_trough_5'====== Args={'value': 122, 'prev_value': 121, 'change': 1}
2026-03-04 13:38:37,156 : INFO : SwitchController : <<<<<<< 's_trough_5' inactive >>>>>>>
2026-03-04 13:38:37,166 : INFO : SwitchController : <<<<<<< 's_trough_4' active >>>>>>>
2026-03-04 13:38:37,166 : INFO : EventManager : Event: ======'machine_var_audits_switches_s_trough_4'====== Args={'value': 115, 'prev_value': 114, 'change': 1}
2026-03-04 13:38:37,246 : INFO : SwitchController : <<<<<<< 's_trough_4' inactive >>>>>>>
2026-03-04 13:38:37,255 : INFO : SwitchController : <<<<<<< 's_trough_3' active >>>>>>>
2026-03-04 13:38:37,255 : INFO : EventManager : Event: ======'machine_var_audits_switches_s_trough_3'====== Args={'value': 106, 'prev_value': 105, 'change': 1}
2026-03-04 13:38:37,323 : INFO : SwitchController : <<<<<<< 's_trough_3' inactive >>>>>>>
2026-03-04 13:38:37,332 : INFO : SwitchController : <<<<<<< 's_trough_2' active >>>>>>>
2026-03-04 13:38:37,332 : INFO : EventManager : Event: ======'machine_var_audits_switches_s_trough_2'====== Args={'value': 96, 'prev_value': 95, 'change': 1}
2026-03-04 13:38:37,394 : INFO : SwitchController : <<<<<<< 's_trough_2' inactive >>>>>>>
2026-03-04 13:38:37,400 : INFO : SwitchController : <<<<<<< 's_trough_1' active >>>>>>>
2026-03-04 13:38:37,400 : INFO : EventManager : Event: ======'machine_var_audits_switches_s_trough_1'====== Args={'value': 86, 'prev_value': 85, 'change': 1}
2026-03-04 13:38:37,900 : INFO : EventManager : Event: ======'balldevice_bd_trough_ball_count_changed'====== Args={'balls': 1}
2026-03-04 13:38:37,900 : INFO : ball_device.bd_trough : Received unexpected ball
2026-03-04 13:38:37,900 : INFO : EventManager : Event: ======'balldevice_captured_from_playfield'====== Args={'balls': 1}
2026-03-04 13:38:37,901 : INFO : EventManager : Event: ======'sw_playfield_active'====== Args={'balls': 1}
2026-03-04 13:38:37,901 : INFO : EventManager : Event: ======'playfield_ball_count_change'====== Args={'balls': 0, 'change': -1}
2026-03-04 13:38:37,901 : INFO : EventManager : Event: ======'balldevice_bd_trough_ball_enter'====== Args={'new_balls': 1, 'unclaimed_balls': 1, 'new_available_balls': 1, 'device': <ball_device.bd_trough>}
2026-03-04 13:38:37,901 : INFO : EventManager : Event: ======'ball_drain'====== Args={'device': <ball_device.bd_trough>, 'balls': 1}
2026-03-04 13:38:37,902 : INFO : EventManager : Event: ======'ball_will_end'====== Args={}
2026-03-04 13:38:37,902 : INFO : EventManager : Event: ======'balldevice_balls_available'====== Args={}
2026-03-04 13:38:37,902 : INFO : EventManager : Event: ======'balldevice_bd_trough_ball_entered'====== Args={'new_balls': 1, 'device': <ball_device.bd_trough>}
2026-03-04 13:38:37,902 : INFO : EventManager : Event: ======'mode_base_will_stop'====== Args={}
2026-03-04 13:38:37,902 : INFO : EventManager : Event: ======'mode_base_stopping'====== Args={}
2026-03-04 13:38:37,903 : INFO : EventManager : Event: ======'stop_mode_bumpers'====== Args={'priority': 0}
2026-03-04 13:38:37,903 : INFO : EventManager : Event: ======'mode_bumpers_will_stop'====== Args={}
2026-03-04 13:38:37,903 : INFO : EventManager : Event: ======'mode_bumpers_stopping'====== Args={}
2026-03-04 13:38:37,903 : INFO : Mode.base : Stopped.
2026-03-04 13:38:37,903 : INFO : EventManager : Event: ======'modes_active_modes_changed'====== Args={}
2026-03-04 13:38:37,903 : INFO : EventManager : Event: ======'mode_base_stopped'====== Args={}
2026-03-04 13:38:37,903 : INFO : EventManager : Event: ======'clear'====== Args={'key': 'base'}
2026-03-04 13:38:37,904 : INFO : Mode.bumpers : Stopped.
2026-03-04 13:38:37,904 : INFO : EventManager : Event: ======'modes_active_modes_changed'====== Args={}
2026-03-04 13:38:37,904 : INFO : EventManager : Event: ======'mode_bumpers_stopped'====== Args={}
2026-03-04 13:38:37,904 : INFO : EventManager : Event: ======'clear'====== Args={'key': 'bumpers'}
2026-03-04 13:38:37,906 : INFO : EventManager : Event: ======'ball_ending'====== Args={}
2026-03-04 13:38:37,906 : INFO : EventManager : Event: ======'ball_ended'====== Args={}
2026-03-04 13:38:37,910 : INFO : EventManager : Event: ======'player_turn_will_end'====== Args={'player': <Player 1>, 'number': 1}
2026-03-04 13:38:37,910 : INFO : EventManager : Event: ======'player_turn_ending'====== Args={'player': <Player 1>, 'number': 1}
2026-03-04 13:38:37,911 : INFO : EventManager : Event: ======'player_turn_ended'====== Args={'player': <Player 1>, 'number': 1}
2026-03-04 13:38:37,911 : INFO : EventManager : Event: ======'game_will_end'====== Args={}
2026-03-04 13:38:37,911 : INFO : EventManager : Event: ======'game_ending'====== Args={}
2026-03-04 13:38:37,912 : INFO : EventManager : Event: ======'machine_var_player1_score'====== Args={'value': 67080, 'prev_value': 33050, 'change': 34030}
2026-03-04 13:38:37,912 : INFO : EventManager : Event: ======'game_ended'====== Args={}
2026-03-04 13:38:37,912 : INFO : EventManager : Event: ======'mode_game_will_stop'====== Args={}
2026-03-04 13:38:37,913 : INFO : EventManager : Event: ======'mode_game_stopping'====== Args={}
2026-03-04 13:38:37,913 : INFO : EventManager : Event: ======'mode_attract_will_start'====== Args={}
2026-03-04 13:38:37,913 : INFO : Timer.attract_carousel_timer : Starting Timer.
2026-03-04 13:38:37,914 : INFO : EventManager : Event: ======'timer_attract_carousel_timer_started'====== Args={'ticks': 0, 'ticks_remaining': 1}
2026-03-04 13:38:37,914 : INFO : EventManager : Event: ======'timer_attract_carousel_timer_tick'====== Args={'ticks': 0, 'ticks_remaining': 1}
2026-03-04 13:38:37,916 : INFO : EventManager : Event: ======'mode_attract_starting'====== Args={}
2026-03-04 13:38:37,916 : INFO : Mode.attract : Started. Priority: 10
2026-03-04 13:38:37,916 : INFO : EventManager : Event: ======'modes_active_modes_changed'====== Args={}
2026-03-04 13:38:37,916 : INFO : EventManager : Event: ======'mode_attract_started'====== Args={}
2026-03-04 13:38:37,917 : INFO : EventManager : Event: ======'collecting_balls_complete'====== Args={}
2026-03-04 13:38:37,917 : INFO : EventManager : Event: ======'carousel_item_highlighted'====== Args={'carousel': 'attract', 'direction': None, 'item': 'title'}
2026-03-04 13:38:37,918 : INFO : EventManager : Event: ======'timer_attract_carousel_timer_tick'====== Args={'ticks': 0, 'ticks_remaining': 1}
2026-03-04 13:38:37,918 : INFO : Mode.game : Stopped.
2026-03-04 13:38:37,918 : INFO : EventManager : Event: ======'modes_active_modes_changed'====== Args={}
2026-03-04 13:38:37,918 : INFO : EventManager : Event: ======'mode_game_stopped'====== Args={}
2026-03-04 13:38:37,918 : INFO : EventManager : Event: ======'clear'====== Args={'key': 'game'}
2026-03-04 13:38:38,021 : INFO : EventManager : Event: ======'slide_attract_created'====== Args={'_from_bcp': True}
2026-03-04 13:38:38,021 : INFO : EventManager : Event: ======'slide_base_slide_inactive'====== Args={'is_removing': True, '_from_bcp': True}
2026-03-04 13:38:38,021 : INFO : EventManager : Event: ======'slide_attract_active'====== Args={'original_context': 'attract', 'original_calling_context': 'mode_attract_started', 'priority': 10.0, 'cmd': 'slides_play', '_from_bcp': True}
2026-03-04 13:38:38,021 : INFO : EventManager : Event: ======'slide_base_slide_removed'====== Args={'_from_bcp': True}
2026-03-04 13:38:42,918 : INFO : Timer.attract_carousel_timer : Timer Complete
2026-03-04 13:38:42,919 : INFO : Timer.attract_carousel_timer : Stopping Timer
2026-03-04 13:38:42,919 : INFO : EventManager : Event: ======'timer_attract_carousel_timer_stopped'====== Args={'ticks': 1, 'ticks_remaining': 1}
2026-03-04 13:38:42,919 : INFO : EventManager : Event: ======'timer_attract_carousel_timer_complete'====== Args={'ticks': 1, 'ticks_remaining': 1}
2026-03-04 13:38:42,919 : INFO : EventManager : Event: ======'carousel_item_highlighted'====== Args={'carousel': 'attract', 'direction': 'forwards', 'item': 'credits'}
2026-03-04 13:38:42,920 : INFO : Timer.attract_carousel_timer : Starting Timer.
2026-03-04 13:38:42,920 : INFO : EventManager : Event: ======'timer_attract_carousel_timer_started'====== Args={'ticks': 0, 'ticks_remaining': 1}
2026-03-04 13:38:42,920 : INFO : EventManager : Event: ======'timer_attract_carousel_timer_tick'====== Args={'ticks': 0, 'ticks_remaining': 1}
2026-03-04 13:38:47,678 : INFO : Machine : Shutting down...
2026-03-04 13:38:47,678 : INFO : EventManager : Event: ======'shutdown'====== Args={}
2026-03-04 13:38:47,783 : INFO : root : MPF run loop ended.
