2026-03-03 17:33:16,344 : INFO : root : Loading config.
2026-03-03 17:33:16,697 : INFO : ConfigProcessor : Config spec file cache created: /var/folders/1s/015t8n3n70gcr2ch4xflj4yr0000gn/T/config_spec.mpf_cache
2026-03-03 17:33:16,698 : INFO : YamlMultifileConfigLoader : Machine config file #1: config.yaml
2026-03-03 17:33:16,698 : INFO : ConfigProcessor : Loading config from cache: /var/folders/1s/015t8n3n70gcr2ch4xflj4yr0000gn/T/954ddabc670342668a09b03520c7eb79.mpf_cache
2026-03-03 17:33:16,699 : WARNING : ConfigProcessor : Config file in cache changed: /Users/pinball/NapoleonDynamite/config/config_coils.yaml
2026-03-03 17:33:16,699 : INFO : ConfigProcessor : Loading config from file /Users/pinball/mpf/lib/python3.14/site-packages/mpf/mpfconfig.yaml.
2026-03-03 17:33:16,795 : INFO : ConfigProcessor : Loading config: /Users/pinball/mpf/lib/python3.14/site-packages/mpf/mpfconfig.yaml
2026-03-03 17:33:16,796 : INFO : ConfigProcessor : Loading config from file /Users/pinball/NapoleonDynamite/config/config.yaml.
2026-03-03 17:33:16,810 : INFO : ConfigProcessor : Loading config: /Users/pinball/NapoleonDynamite/config/config.yaml
2026-03-03 17:33:16,814 : INFO : ConfigProcessor : Loading config: /Users/pinball/NapoleonDynamite/config/config_ball_devices.yaml
2026-03-03 17:33:16,821 : INFO : ConfigProcessor : Loading config: /Users/pinball/NapoleonDynamite/config/config_coils.yaml
2026-03-03 17:33:16,836 : INFO : ConfigProcessor : Loading config: /Users/pinball/NapoleonDynamite/config/config_switches.yaml
2026-03-03 17:33:16,837 : INFO : ConfigProcessor : Config file cache created: /var/folders/1s/015t8n3n70gcr2ch4xflj4yr0000gn/T/954ddabc670342668a09b03520c7eb79.mpf_cache
2026-03-03 17:33:16,900 : INFO : ConfigProcessor : Loading config from cache: /var/folders/1s/015t8n3n70gcr2ch4xflj4yr0000gn/T/64218df07edc412f774c53ffb33c812d.mpf_cache
2026-03-03 17:33:16,901 : INFO : ConfigProcessor : Loading config from cache: /var/folders/1s/015t8n3n70gcr2ch4xflj4yr0000gn/T/767518d75df2d86a4d35c1fb94c70abd.mpf_cache
2026-03-03 17:33:16,901 : INFO : ConfigProcessor : Loading config from cache: /var/folders/1s/015t8n3n70gcr2ch4xflj4yr0000gn/T/64218df07edc412f774c53ffb33c812d.mpf_cache
2026-03-03 17:33:16,902 : INFO : ConfigProcessor : Loading config from cache: /var/folders/1s/015t8n3n70gcr2ch4xflj4yr0000gn/T/73548cb541cc3751ae5711fe0817282a.mpf_cache
2026-03-03 17:33:16,902 : INFO : ConfigProcessor : Loading config from cache: /var/folders/1s/015t8n3n70gcr2ch4xflj4yr0000gn/T/57f006170cd447d443f971cd8b826597.mpf_cache
2026-03-03 17:33:16,903 : INFO : Machine : Mission Pinball Framework Core Engine v0.80.0.dev13
2026-03-03 17:33:16,903 : INFO : Machine : Command line arguments: {'no_load_cache': False, 'create_config_cache': True, 'bcp': True, 'configfile': ['config.yaml'], 'force_assets_load': False, 'platform_integration_test': False, 'jsonlogging': False, 'logfile': 'logs/2026-03-03-17-33-16-mpf-ANDREs-Mac-mini.local.log', 'pause': False, 'production': False, 'text_ui': True, 'loglevel': 15, 'consoleloglevel': 20, 'force_platform': None, 'syslog_address': None, 'full_logfile_path': '/Users/pinball/NapoleonDynamite/logs/2026-03-03-17-33-16-mpf-ANDREs-Mac-mini.local.log'}
2026-03-03 17:33:16,903 : INFO : Machine : MPF path: /Users/pinball/mpf/lib/python3.14/site-packages/mpf
2026-03-03 17:33:16,903 : INFO : Machine : Machine path: /Users/pinball/NapoleonDynamite
2026-03-03 17:33:16,903 : INFO : Machine : Platform: darwin
2026-03-03 17:33:16,903 : INFO : Machine : Python executable location: /Users/pinball/mpf/bin/python3.14
2026-03-03 17:33:16,903 : INFO : Machine : Python version: 3.14.3 (64-bit)
2026-03-03 17:33:16,904 : INFO : Machine : Initializing MPF...
2026-03-03 17:33:17,032 : INFO : FAST : Auto-detecting ports for the following connections: ['net', 'exp']
2026-03-03 17:33:17,069 : INFO : FAST : Detected NET on port /dev/cu.usbmodem14101
2026-03-03 17:33:17,077 : INFO : FAST : Detected EXP on port /dev/cu.usbmodem14103
2026-03-03 17:33:17,180 : INFO : FAST [NET] : Trying to connect to /dev/cu.usbmodem14101 at 921600bps
2026-03-03 17:33:17,185 : INFO : FAST [NET] : Connected to /dev/cu.usbmodem14101 at 921600bps
2026-03-03 17:33:17,187 : INFO : FAST [NET] : Connected to FP-CPU-2000 with firmware v02.26
2026-03-03 17:33:17,189 : INFO : FAST [NET] : Registered I/O Board 0: Model: FP-I/O-0024, Firmware: 01.10, Switches: 24, Drivers: 8
2026-03-03 17:33:17,190 : INFO : FAST [NET] : Registered I/O Board 1: Model: FP-I/O-3208, Firmware: 01.10, Switches: 32, Drivers: 8
2026-03-03 17:33:17,192 : INFO : FAST [NET] : Registered I/O Board 2: Model: FP-I/O-0804, Firmware: 01.10, Switches: 8, Drivers: 4
2026-03-03 17:33:17,193 : INFO : FAST [EXP] : Trying to connect to /dev/cu.usbmodem14103 at 921600bps
2026-03-03 17:33:17,197 : INFO : FAST [EXP] : Connected to /dev/cu.usbmodem14103 at 921600bps
2026-03-03 17:33:17,199 : INFO : FAST [EXP] : Verifying hardware for EXP "neuron" (FP-EXP-2000, @48) with ID string "EXP FP-EXP-2000  0.34", board address 48
2026-03-03 17:33:17,200 : INFO : FAST [EXP] : Verifying hardware for EXP "neuron" (FP-EXP-2000, @48) with ID string "LED FP-BRK-0001  0.8", board address 480
2026-03-03 17:33:17,201 : INFO : EventManager : Event: ======'machine_var_credits_string'====== Args={'value': 'FREE PLAY', 'prev_value': None, 'change': True}
2026-03-03 17:33:17,217 : INFO : EventManager : Event: ======'machine_var_master_volume'====== Args={'value': 0.5, 'prev_value': None, 'change': True}
2026-03-03 17:33:17,217 : INFO : EventManager : Event: ======'machine_var_player1_score'====== Args={'value': 11130, 'prev_value': None, 'change': True}
2026-03-03 17:33:17,217 : INFO : EventManager : Event: ======'machine_var_mpf_version'====== Args={'value': 'Mission Pinball Framework v0.80.0.dev13', 'prev_value': None, 'change': True}
2026-03-03 17:33:17,218 : INFO : EventManager : Event: ======'machine_var_mpf_extended_version'====== Args={'value': 'Mission Pinball Framework v0.80.0.dev13, Config version:6, Show version: 6, BCP version:1.1', 'prev_value': None, 'change': True}
2026-03-03 17:33:17,218 : INFO : EventManager : Event: ======'machine_var_python_version'====== Args={'value': '3.14.3', 'prev_value': None, 'change': True}
2026-03-03 17:33:17,242 : INFO : EventManager : Event: ======'machine_var_platform'====== Args={'value': 'macOS-14.8.4-x86_64-i386-64bit-Mach-O', 'prev_value': None, 'change': True}
2026-03-03 17:33:17,243 : INFO : EventManager : Event: ======'machine_var_platform_system'====== Args={'value': 'Darwin', 'prev_value': None, 'change': True}
2026-03-03 17:33:17,243 : INFO : EventManager : Event: ======'machine_var_platform_release'====== Args={'value': '23.6.0', 'prev_value': None, 'change': True}
2026-03-03 17:33:17,243 : INFO : EventManager : Event: ======'machine_var_platform_version'====== Args={'value': 'Darwin Kernel Version 23.6.0: Mon Jan 19 22:02:22 PST 2026; root:xnu-10063.141.1.710.3~1/RELEASE_X86_64', 'prev_value': None, 'change': True}
2026-03-03 17:33:17,243 : INFO : EventManager : Event: ======'machine_var_platform_machine'====== Args={'value': 'x86_64', 'prev_value': None, 'change': True}
2026-03-03 17:33:17,243 : INFO : EventManager : Event: ======'machine_var_log_file_path'====== Args={'value': '/Users/pinball/NapoleonDynamite/logs/2026-03-03-17-33-16-mpf-ANDREs-Mac-mini.local.log', 'prev_value': None, 'change': True}
2026-03-03 17:33:17,243 : INFO : EventManager : Event: ======'init_phase_1'====== Args={}
2026-03-03 17:33:17,396 : INFO : SwitchController : <<<<<<< 's_flipper_left_eos' active >>>>>>>
2026-03-03 17:33:17,396 : INFO : SwitchController : <<<<<<< 's_trough_1' active >>>>>>>
2026-03-03 17:33:17,397 : INFO : SwitchController : <<<<<<< 's_bumper_lower' active >>>>>>>
2026-03-03 17:33:17,397 : INFO : SwitchController : <<<<<<< 's_bumper_upper' active >>>>>>>
2026-03-03 17:33:17,428 : INFO : EventManager : Event: ======'init_phase_2'====== Args={}
2026-03-03 17:33:17,429 : INFO : SwitchController : Found active switch: (37, [FAST Platform Interface]) <switch.s_flipper_left_eos>
2026-03-03 17:33:17,429 : INFO : SwitchController : Found active switch: (24, [FAST Platform Interface]) <switch.s_trough_1>
2026-03-03 17:33:17,429 : INFO : SwitchController : Found active switch: (41, [FAST Platform Interface]) <switch.s_bumper_lower>
2026-03-03 17:33:17,429 : INFO : SwitchController : Found active switch: (42, [FAST Platform Interface]) <switch.s_bumper_upper>
2026-03-03 17:33:17,434 : INFO : EventManager : Event: ======'bcp_connection_attempt'====== Args={'name': 'local_display', 'host': 'localhost', 'port': 5050}
2026-03-03 17:33:17,436 : INFO : BCPClientSocket : Connecting BCP to 'local_display' at localhost:5050...
2026-03-03 17:33:17,447 : INFO : BCPClientSocket : Connected BCP to 'local_display' localhost:5050
2026-03-03 17:33:17,448 : INFO : EventManager : Event: ======'bcp_clients_connected'====== Args={}
2026-03-03 17:33:17,897 : INFO : ball_device.bd_trough : BCH: Initial count: 1
2026-03-03 17:33:17,898 : INFO : ball_device.bd_trough : State: idle
2026-03-03 17:33:17,898 : INFO : ball_device.bd_plunger : BCH: Initial count: 0
2026-03-03 17:33:17,899 : INFO : ball_device.bd_plunger : State: idle
2026-03-03 17:33:17,912 : INFO : EventManager : Event: ======'init_phase_3'====== Args={}
2026-03-03 17:33:17,915 : INFO : EventManager : Event: ======'init_phase_4'====== Args={}
2026-03-03 17:33:17,916 : INFO : BallController : Initial balls found: 1
2026-03-03 17:33:17,917 : INFO : EventManager : Event: ======'machine_var_audits_events_game_ended'====== Args={'value': 11, 'prev_value': None, 'change': True}
2026-03-03 17:33:17,917 : INFO : EventManager : Event: ======'machine_var_audits_events_game_started'====== Args={'value': 25, 'prev_value': None, 'change': True}
2026-03-03 17:33:17,917 : INFO : EventManager : Event: ======'machine_var_audits_missing_switches_s_bumper_lower'====== Args={'value': 25, 'prev_value': None, 'change': True}
2026-03-03 17:33:17,917 : INFO : EventManager : Event: ======'machine_var_audits_missing_switches_s_bumper_upper'====== Args={'value': 20, 'prev_value': None, 'change': True}
2026-03-03 17:33:17,917 : INFO : EventManager : Event: ======'machine_var_audits_missing_switches_s_flipper_right_lower_eos'====== Args={'value': 3, 'prev_value': None, 'change': True}
2026-03-03 17:33:17,917 : INFO : EventManager : Event: ======'machine_var_audits_missing_switches_s_start'====== Args={'value': 4, 'prev_value': None, 'change': True}
2026-03-03 17:33:17,917 : INFO : EventManager : Event: ======'machine_var_audits_player_score'====== Args={'value': {'average': 13668, 'top': [123050, 15710, 11130, 7390, 3050, 1700, 1600, 400, 10, 0], 'total': 12}, 'prev_value': None, 'change': True}
2026-03-03 17:33:17,917 : INFO : EventManager : Event: ======'machine_var_audits_shots_shot_inlane_left'====== Args={'value': 30, 'prev_value': None, 'change': True}
2026-03-03 17:33:17,918 : INFO : EventManager : Event: ======'machine_var_audits_shots_shot_inlane_right_1'====== Args={'value': 964, 'prev_value': None, 'change': True}
2026-03-03 17:33:17,918 : INFO : EventManager : Event: ======'machine_var_audits_shots_shot_inlane_right_2'====== Args={'value': 18, 'prev_value': None, 'change': True}
2026-03-03 17:33:17,918 : INFO : EventManager : Event: ======'machine_var_audits_shots_shot_sling_left'====== Args={'value': 564, 'prev_value': None, 'change': True}
2026-03-03 17:33:17,918 : INFO : EventManager : Event: ======'machine_var_audits_shots_shot_sling_right'====== Args={'value': 45, 'prev_value': None, 'change': True}
2026-03-03 17:33:17,918 : INFO : EventManager : Event: ======'machine_var_audits_shots_sling_left'====== Args={'value': 21, 'prev_value': None, 'change': True}
2026-03-03 17:33:17,918 : INFO : EventManager : Event: ======'machine_var_audits_shots_sling_right'====== Args={'value': 28, 'prev_value': None, 'change': True}
2026-03-03 17:33:17,918 : INFO : EventManager : Event: ======'machine_var_audits_switches_s_bumper_lower'====== Args={'value': 0, 'prev_value': None, 'change': True}
2026-03-03 17:33:17,918 : INFO : EventManager : Event: ======'machine_var_audits_switches_s_bumper_upper'====== Args={'value': 6, 'prev_value': None, 'change': True}
2026-03-03 17:33:17,918 : INFO : EventManager : Event: ======'machine_var_audits_switches_s_flipper_left'====== Args={'value': 629, 'prev_value': None, 'change': True}
2026-03-03 17:33:17,918 : INFO : EventManager : Event: ======'machine_var_audits_switches_s_flipper_left_eos'====== Args={'value': 523, 'prev_value': None, 'change': True}
2026-03-03 17:33:17,918 : INFO : EventManager : Event: ======'machine_var_audits_switches_s_flipper_right_lower'====== Args={'value': 1327, 'prev_value': None, 'change': True}
2026-03-03 17:33:17,919 : INFO : EventManager : Event: ======'machine_var_audits_switches_s_flipper_right_lower_eos'====== Args={'value': 728, 'prev_value': None, 'change': True}
2026-03-03 17:33:17,919 : INFO : EventManager : Event: ======'machine_var_audits_switches_s_flipper_right_upper'====== Args={'value': 1193, 'prev_value': None, 'change': True}
2026-03-03 17:33:17,919 : INFO : EventManager : Event: ======'machine_var_audits_switches_s_flipper_right_upper_eos'====== Args={'value': 837, 'prev_value': None, 'change': True}
2026-03-03 17:33:17,919 : INFO : EventManager : Event: ======'machine_var_audits_switches_s_inlane_left'====== Args={'value': 30, 'prev_value': None, 'change': True}
2026-03-03 17:33:17,919 : INFO : EventManager : Event: ======'machine_var_audits_switches_s_inlane_right_1'====== Args={'value': 1296, 'prev_value': None, 'change': True}
2026-03-03 17:33:17,919 : INFO : EventManager : Event: ======'machine_var_audits_switches_s_inlane_right_2'====== Args={'value': 18, 'prev_value': None, 'change': True}
2026-03-03 17:33:17,919 : INFO : EventManager : Event: ======'machine_var_audits_switches_s_plunger'====== Args={'value': 82, 'prev_value': None, 'change': True}
2026-03-03 17:33:17,919 : INFO : EventManager : Event: ======'machine_var_audits_switches_s_sling_left'====== Args={'value': 587, 'prev_value': None, 'change': True}
2026-03-03 17:33:17,919 : INFO : EventManager : Event: ======'machine_var_audits_switches_s_sling_right'====== Args={'value': 73, 'prev_value': None, 'change': True}
2026-03-03 17:33:17,919 : INFO : EventManager : Event: ======'machine_var_audits_switches_s_start'====== Args={'value': 9, 'prev_value': None, 'change': True}
2026-03-03 17:33:17,919 : INFO : EventManager : Event: ======'machine_var_audits_switches_s_trough_1'====== Args={'value': 64, 'prev_value': None, 'change': True}
2026-03-03 17:33:17,920 : INFO : EventManager : Event: ======'machine_var_audits_switches_s_trough_2'====== Args={'value': 77, 'prev_value': None, 'change': True}
2026-03-03 17:33:17,920 : INFO : EventManager : Event: ======'machine_var_audits_switches_s_trough_3'====== Args={'value': 87, 'prev_value': None, 'change': True}
2026-03-03 17:33:17,920 : INFO : EventManager : Event: ======'machine_var_audits_switches_s_trough_4'====== Args={'value': 97, 'prev_value': None, 'change': True}
2026-03-03 17:33:17,920 : INFO : EventManager : Event: ======'machine_var_audits_switches_s_trough_5'====== Args={'value': 105, 'prev_value': None, 'change': True}
2026-03-03 17:33:17,920 : INFO : EventManager : Event: ======'machine_var_audits_switches_s_trough_6'====== Args={'value': 104, 'prev_value': None, 'change': True}
2026-03-03 17:33:17,920 : INFO : EventManager : Event: ======'machine_var_audits_switches_s_trough_7'====== Args={'value': 75, 'prev_value': None, 'change': True}
2026-03-03 17:33:17,921 : INFO : EventManager : Event: ======'init_phase_5'====== Args={}
2026-03-03 17:33:17,921 : INFO : EventManager : Event: ======'init_done'====== Args={}
2026-03-03 17:33:17,921 : INFO : EventManager : Event: ======'machine_reset_phase_1'====== Args={}
2026-03-03 17:33:17,961 : INFO : EventManager : Event: ======'machine_reset_phase_2'====== Args={}
2026-03-03 17:33:17,962 : INFO : EventManager : Event: ======'machine_reset_phase_3'====== Args={}
2026-03-03 17:33:17,962 : INFO : EventManager : Event: ======'reset_complete'====== Args={}
2026-03-03 17:33:17,962 : INFO : EventManager : Event: ======'mode_attract_will_start'====== Args={}
2026-03-03 17:33:17,963 : INFO : Timer.attract_carousel_timer : Starting Timer.
2026-03-03 17:33:17,963 : INFO : EventManager : Event: ======'timer_attract_carousel_timer_started'====== Args={'ticks': 0, 'ticks_remaining': 1}
2026-03-03 17:33:17,963 : INFO : EventManager : Event: ======'timer_attract_carousel_timer_tick'====== Args={'ticks': 0, 'ticks_remaining': 1}
2026-03-03 17:33:17,964 : INFO : EventManager : Event: ======'mode_attract_starting'====== Args={}
2026-03-03 17:33:17,964 : INFO : Mode.attract : Started. Priority: 10
2026-03-03 17:33:17,964 : INFO : EventManager : Event: ======'modes_active_modes_changed'====== Args={}
2026-03-03 17:33:17,964 : INFO : EventManager : Event: ======'mode_attract_started'====== Args={}
2026-03-03 17:33:17,965 : INFO : EventManager : Event: ======'collecting_balls_complete'====== Args={}
2026-03-03 17:33:17,966 : INFO : EventManager : Event: ======'carousel_item_highlighted'====== Args={'carousel': 'attract', 'direction': None, 'item': 'title'}
2026-03-03 17:33:17,966 : INFO : EventManager : Event: ======'timer_attract_carousel_timer_tick'====== Args={'ticks': 0, 'ticks_remaining': 1}
2026-03-03 17:33:17,967 : INFO : Machine : Starting the main run loop with active modes: [<Mode.attract>]
2026-03-03 17:33:18,199 : INFO : EventManager : Event: ======'slide_attract_created'====== Args={'_from_bcp': True}
2026-03-03 17:33:18,200 : INFO : EventManager : Event: ======'slide__removed'====== Args={'_from_bcp': True}
2026-03-03 17:33:18,200 : INFO : EventManager : Event: ======'slide_attract_active'====== Args={'original_context': 'attract', 'original_calling_context': 'mode_attract_started', 'priority': 10.0, 'cmd': 'slides_play', '_from_bcp': True}
2026-03-03 17:33:22,967 : INFO : Timer.attract_carousel_timer : Timer Complete
2026-03-03 17:33:22,967 : INFO : Timer.attract_carousel_timer : Stopping Timer
2026-03-03 17:33:22,967 : INFO : EventManager : Event: ======'timer_attract_carousel_timer_stopped'====== Args={'ticks': 1, 'ticks_remaining': 1}
2026-03-03 17:33:22,967 : INFO : EventManager : Event: ======'timer_attract_carousel_timer_complete'====== Args={'ticks': 1, 'ticks_remaining': 1}
2026-03-03 17:33:22,968 : INFO : EventManager : Event: ======'carousel_item_highlighted'====== Args={'carousel': 'attract', 'direction': 'forwards', 'item': 'credits'}
2026-03-03 17:33:22,968 : INFO : Timer.attract_carousel_timer : Starting Timer.
2026-03-03 17:33:22,968 : INFO : EventManager : Event: ======'timer_attract_carousel_timer_started'====== Args={'ticks': 0, 'ticks_remaining': 1}
2026-03-03 17:33:22,969 : INFO : EventManager : Event: ======'timer_attract_carousel_timer_tick'====== Args={'ticks': 0, 'ticks_remaining': 1}
2026-03-03 17:33:27,751 : INFO : SwitchController : <<<<<<< 's_start' active >>>>>>>
2026-03-03 17:33:27,969 : INFO : Timer.attract_carousel_timer : Timer Complete
2026-03-03 17:33:27,969 : INFO : Timer.attract_carousel_timer : Stopping Timer
2026-03-03 17:33:27,969 : INFO : EventManager : Event: ======'timer_attract_carousel_timer_stopped'====== Args={'ticks': 1, 'ticks_remaining': 1}
2026-03-03 17:33:27,969 : INFO : EventManager : Event: ======'timer_attract_carousel_timer_complete'====== Args={'ticks': 1, 'ticks_remaining': 1}
2026-03-03 17:33:27,969 : INFO : EventManager : Event: ======'carousel_item_highlighted'====== Args={'carousel': 'attract', 'direction': 'forwards', 'item': 'last_scores_1p'}
2026-03-03 17:33:27,970 : INFO : Timer.attract_carousel_timer : Starting Timer.
2026-03-03 17:33:27,970 : INFO : EventManager : Event: ======'timer_attract_carousel_timer_started'====== Args={'ticks': 0, 'ticks_remaining': 1}
2026-03-03 17:33:27,970 : INFO : EventManager : Event: ======'timer_attract_carousel_timer_tick'====== Args={'ticks': 0, 'ticks_remaining': 1}
2026-03-03 17:33:28,034 : INFO : SwitchController : <<<<<<< 's_start' inactive >>>>>>>
2026-03-03 17:33:28,035 : INFO : EventManager : Event: ======'request_to_start_game'====== Args={}
2026-03-03 17:33:28,035 : INFO : EventManager : Event: ======'game_start'====== Args={'buttons': [], 'hold_time': 0.2829059590003453}
2026-03-03 17:33:28,035 : INFO : EventManager : Event: ======'mode_game_will_start'====== Args={'buttons': [], 'hold_time': 0.2829059590003453}
2026-03-03 17:33:28,036 : INFO : EventManager : Event: ======'mode_game_starting'====== Args={'buttons': [], 'hold_time': 0.2829059590003453}
2026-03-03 17:33:28,036 : INFO : EventManager : Event: ======'mode_attract_will_stop'====== Args={}
2026-03-03 17:33:28,036 : INFO : EventManager : Event: ======'mode_attract_stopping'====== Args={}
2026-03-03 17:33:28,036 : INFO : Mode.attract : Stopped.
2026-03-03 17:33:28,036 : INFO : EventManager : Event: ======'modes_active_modes_changed'====== Args={}
2026-03-03 17:33:28,037 : INFO : EventManager : Event: ======'mode_attract_stopped'====== Args={}
2026-03-03 17:33:28,037 : INFO : EventManager : Event: ======'clear'====== Args={'key': 'attract'}
2026-03-03 17:33:28,037 : INFO : Timer.attract_carousel_timer : Stopping Timer
2026-03-03 17:33:28,037 : INFO : EventManager : Event: ======'timer_attract_carousel_timer_stopped'====== Args={'ticks': 0, 'ticks_remaining': 1}
2026-03-03 17:33:28,037 : INFO : Mode.game : Started. Priority: 20
2026-03-03 17:33:28,037 : INFO : EventManager : Event: ======'modes_active_modes_changed'====== Args={}
2026-03-03 17:33:28,037 : INFO : EventManager : Event: ======'mode_game_started'====== Args={'buttons': [], 'hold_time': 0.2829059590003453}
2026-03-03 17:33:28,038 : INFO : EventManager : Event: ======'game_will_start'====== Args={}
2026-03-03 17:33:28,039 : INFO : EventManager : Event: ======'game_starting'====== Args={'game': <Mode.game>}
2026-03-03 17:33:28,040 : INFO : EventManager : Unordered handler for class <Auditor> on event game_ended with priority 1. Handlers: [RegisteredHandler(callback=<bound method Auditor.disable of <Auditor>>, priority=1, kwargs={}, key=UUID('754c5d1d-e1ff-4879-acf9-b6c8d6c43357'), condition=None, blocking_facility=None), RegisteredHandler(callback=<bound method Auditor._save_audits of <Auditor>>, priority=1, kwargs={}, key=UUID('abe5dca0-fd9f-49e7-b430-8fbd0fc9d884'), condition=None, blocking_facility=None)]. The order of those handlers is not defined and they will be executed in random order. This might lead to race conditions and potential bugs.
2026-03-03 17:33:28,041 : INFO : EventManager : Event: ======'player_add_request'====== Args={}
2026-03-03 17:33:28,041 : INFO : EventManager : Event: ======'player_will_add'====== Args={'number': 1}
2026-03-03 17:33:28,041 : INFO : EventManager : Event: ======'player_adding'====== Args={'player': <Player 1>, 'number': 1}
2026-03-03 17:33:28,041 : INFO : EventManager : Event: ======'player_added'====== Args={'player': <Player 1>, 'num': 1}
2026-03-03 17:33:28,041 : INFO : Mode.game : Player added successfully. Total players: 1
2026-03-03 17:33:28,042 : INFO : EventManager : Event: ======'player_index'====== Args={'value': 0, 'prev_value': 0, 'change': 0, 'player_num': 1}
2026-03-03 17:33:28,042 : INFO : EventManager : Event: ======'player_number'====== Args={'value': 1, 'prev_value': 1, 'change': 0, 'player_num': 1}
2026-03-03 17:33:28,042 : INFO : EventManager : Event: ======'player_score'====== Args={'value': 0, 'prev_value': 0, 'change': 0, 'player_num': 1}
2026-03-03 17:33:28,043 : INFO : EventManager : Event: ======'game_started'====== Args={}
2026-03-03 17:33:28,043 : INFO : EventManager : Event: ======'player_turn_will_start'====== Args={'player': <Player 1>, 'number': 1}
2026-03-03 17:33:28,072 : INFO : EventManager : Event: ======'player_turn_starting'====== Args={'player': <Player 1>, 'number': 1}
2026-03-03 17:33:28,073 : INFO : EventManager : Event: ======'player_ball'====== Args={'value': 1, 'prev_value': 0, 'change': 1, 'player_num': 1}
2026-03-03 17:33:28,073 : INFO : EventManager : Event: ======'player_turn_started'====== Args={'player': <Player 1>, 'number': 1}
2026-03-03 17:33:28,074 : INFO : EventManager : Event: ======'ball_will_start'====== Args={'player': 1, 'ball': 1, 'balls_remaining': 2, 'is_extra_ball': False}
2026-03-03 17:33:28,074 : INFO : EventManager : Event: ======'ball_starting'====== Args={'player': 1, 'ball': 1, 'balls_remaining': 2, 'is_extra_ball': False}
2026-03-03 17:33:28,075 : INFO : EventManager : Event: ======'mode_base_will_start'====== Args={'queue': <QueuedEvent>, 'player': 1, 'ball': 1, 'balls_remaining': 2, 'is_extra_ball': False}
2026-03-03 17:33:28,076 : INFO : EventManager : Event: ======'mode_base_starting'====== Args={'queue': <QueuedEvent>, 'player': 1, 'ball': 1, 'balls_remaining': 2, 'is_extra_ball': False}
2026-03-03 17:33:28,076 : INFO : Mode.base : Started. Priority: 100
2026-03-03 17:33:28,077 : INFO : EventManager : Event: ======'modes_active_modes_changed'====== Args={}
2026-03-03 17:33:28,077 : INFO : EventManager : Event: ======'mode_base_started'====== Args={'queue': <QueuedEvent>, 'player': 1, 'ball': 1, 'balls_remaining': 2, 'is_extra_ball': False}
2026-03-03 17:33:28,077 : INFO : EventManager : Event: ======'start_mode_bumpers'====== Args={'priority': 0}
2026-03-03 17:33:28,078 : INFO : EventManager : Event: ======'mode_bumpers_will_start'====== Args={'priority': 0}
2026-03-03 17:33:28,078 : INFO : EventManager : Event: ======'player_shot_shot_sling_left_enabled'====== Args={'value': True, 'prev_value': 0, 'change': 1, 'player_num': 1}
2026-03-03 17:33:28,079 : INFO : EventManager : Event: ======'player_shot_shot_sling_right_enabled'====== Args={'value': True, 'prev_value': 0, 'change': 1, 'player_num': 1}
2026-03-03 17:33:28,080 : INFO : EventManager : Event: ======'player_shot_shot_bumper_lower_enabled'====== Args={'value': True, 'prev_value': 0, 'change': 1, 'player_num': 1}
2026-03-03 17:33:28,080 : INFO : EventManager : Event: ======'player_shot_shot_bumper_upper_enabled'====== Args={'value': True, 'prev_value': 0, 'change': 1, 'player_num': 1}
2026-03-03 17:33:28,080 : INFO : EventManager : Event: ======'player_shot_shot_inlane_left_enabled'====== Args={'value': True, 'prev_value': 0, 'change': 1, 'player_num': 1}
2026-03-03 17:33:28,081 : INFO : EventManager : Event: ======'player_shot_shot_inlane_right_1_enabled'====== Args={'value': True, 'prev_value': 0, 'change': 1, 'player_num': 1}
2026-03-03 17:33:28,081 : INFO : EventManager : Event: ======'player_shot_shot_inlane_right_2_enabled'====== Args={'value': True, 'prev_value': 0, 'change': 1, 'player_num': 1}
2026-03-03 17:33:28,081 : INFO : EventManager : Event: ======'slings_complete'====== Args={'state': 'unlit'}
2026-03-03 17:33:28,081 : INFO : EventManager : Event: ======'slings_unlit_complete'====== Args={}
2026-03-03 17:33:28,082 : INFO : EventManager : Event: ======'bumpers_complete'====== Args={'state': 'unlit'}
2026-03-03 17:33:28,082 : INFO : EventManager : Event: ======'bumpers_unlit_complete'====== Args={}
2026-03-03 17:33:28,082 : INFO : EventManager : Event: ======'inlanes_complete'====== Args={'state': 'unlit'}
2026-03-03 17:33:28,082 : INFO : EventManager : Event: ======'inlanes_unlit_complete'====== Args={}
2026-03-03 17:33:28,083 : INFO : EventManager : Event: ======'mode_bumpers_starting'====== Args={'priority': 0}
2026-03-03 17:33:28,084 : INFO : Mode.bumpers : Started. Priority: 200
2026-03-03 17:33:28,084 : INFO : EventManager : Event: ======'modes_active_modes_changed'====== Args={}
2026-03-03 17:33:28,084 : INFO : EventManager : Event: ======'mode_bumpers_started'====== Args={'priority': 0}
2026-03-03 17:33:28,084 : INFO : EventManager : Event: ======'balls_in_play'====== Args={'balls': 1}
2026-03-03 17:33:28,084 : INFO : EventManager : Event: ======'ball_started'====== Args={'player': 1, 'ball': 1, 'balls_remaining': 2, 'is_extra_ball': False}
2026-03-03 17:33:28,097 : INFO : EventManager : Event: ======'single_player_ball_started'====== Args={}
2026-03-03 17:33:28,097 : INFO : EventManager : Event: ======'ball_start_target'====== Args={'target': 'playfield'}
2026-03-03 17:33:28,098 : INFO : ball_device.bd_plunger : Setting up player-controlled eject. Balls: 1, Target: <playfield.playfield>, player_controlled_eject_event: None
2026-03-03 17:33:28,098 : INFO : EventManager : Event: ======'balldevice_balls_available'====== Args={}
2026-03-03 17:33:28,099 : INFO : ball_device.bd_trough : State: waiting_for_target_ready
2026-03-03 17:33:28,099 : INFO : EventManager : Event: ======'balldevice_bd_trough_ball_eject_attempt'====== Args={'balls': 1, 'target': <ball_device.bd_plunger>, 'source': <ball_device.bd_trough>, 'mechanical_eject': True, 'num_attempts': 0}
2026-03-03 17:33:28,099 : INFO : ball_device.bd_plunger : State: waiting_for_ball
2026-03-03 17:33:28,100 : INFO : ball_device.bd_trough : State: ejecting
2026-03-03 17:33:28,100 : INFO : ball_device.bd_trough : Ejecting ball to <ball_device.bd_plunger>
2026-03-03 17:33:28,100 : INFO : EventManager : Event: ======'balldevice_bd_trough_ejecting_ball'====== Args={'balls': 1, 'target': <ball_device.bd_plunger>, 'source': <ball_device.bd_trough>, 'mechanical_eject': True, 'num_attempts': 0}
2026-03-03 17:33:28,101 : INFO : ball_device.bd_trough : Wait for ball to leave device
2026-03-03 17:33:28,101 : INFO : coil.c_trough_eject : Pulsing Driver for 20ms (1.0 pulse_power)
2026-03-03 17:33:28,127 : INFO : SwitchController : <<<<<<< 's_trough_1' inactive >>>>>>>
2026-03-03 17:33:28,128 : INFO : SwitchController : <<<<<<< 's_trough_7' active >>>>>>>
2026-03-03 17:33:28,128 : INFO : EventManager : Event: ======'machine_var_audits_switches_s_trough_7'====== Args={'value': 76, 'prev_value': 75, 'change': 1}
2026-03-03 17:33:28,128 : INFO : ball_device.bd_trough : State: ball_left
2026-03-03 17:33:28,128 : INFO : ball_device.bd_trough : Ball left
2026-03-03 17:33:28,129 : INFO : ball_device.bd_trough : Wait for confirm with timeout 3.0
2026-03-03 17:33:28,160 : INFO : SwitchController : <<<<<<< 's_trough_7' inactive >>>>>>>
2026-03-03 17:33:28,163 : INFO : EventManager : Event: ======'slide_base_slide_created'====== Args={'_from_bcp': True}
2026-03-03 17:33:28,163 : INFO : EventManager : Event: ======'slide_attract_inactive'====== Args={'is_removing': True, '_from_bcp': True}
2026-03-03 17:33:28,164 : INFO : EventManager : Event: ======'slide_base_slide_active'====== Args={'original_context': 'base', 'original_calling_context': 'mode_base_started', 'priority': 100.0, 'queue': '<QueuedEvent>', 'player': 1.0, 'ball': 1.0, 'balls_remaining': 2.0, 'is_extra_ball': False, 'cmd': 'slides_play', '_from_bcp': True}
2026-03-03 17:33:28,164 : INFO : EventManager : Event: ======'slide_attract_removed'====== Args={'_from_bcp': True}
2026-03-03 17:33:28,248 : INFO : SwitchController : <<<<<<< 's_plunger' active >>>>>>>
2026-03-03 17:33:28,248 : INFO : EventManager : Event: ======'machine_var_audits_switches_s_plunger'====== Args={'value': 83, 'prev_value': 82, 'change': 1}
2026-03-03 17:33:28,749 : INFO : ball_device.bd_plunger : Received ball from <ball_device.bd_trough>
2026-03-03 17:33:28,749 : INFO : EventManager : Event: ======'balldevice_bd_plunger_ball_enter'====== Args={'new_balls': 1, 'unclaimed_balls': 0, 'new_available_balls': 0, 'device': <ball_device.bd_plunger>}
2026-03-03 17:33:28,750 : INFO : EventManager : Event: ======'balldevice_bd_plunger_ball_entered'====== Args={'new_balls': 0, 'device': <ball_device.bd_plunger>}
2026-03-03 17:33:28,750 : INFO : EventManager : Event: ======'balldevice_bd_plunger_ball_count_changed'====== Args={'balls': 1}
2026-03-03 17:33:28,750 : INFO : ball_device.bd_trough : Got eject confirm
2026-03-03 17:33:28,750 : INFO : ball_device.bd_trough : Eject successful
2026-03-03 17:33:28,750 : INFO : EventManager : Event: ======'balldevice_bd_trough_ball_eject_success'====== Args={'balls': 1, 'target': <ball_device.bd_plunger>}
2026-03-03 17:33:28,751 : INFO : ball_device.bd_plunger : State: waiting_for_target_ready
2026-03-03 17:33:28,751 : INFO : EventManager : Event: ======'balldevice_bd_plunger_ball_eject_attempt'====== Args={'balls': 1, 'target': <playfield.playfield>, 'source': <ball_device.bd_plunger>, 'mechanical_eject': True, 'num_attempts': 0}
2026-03-03 17:33:28,751 : INFO : EventManager : Event: ======'balldevice_bd_trough_ball_count_changed'====== Args={'balls': 0}
2026-03-03 17:33:28,751 : INFO : ball_device.bd_trough : State: idle
2026-03-03 17:33:28,751 : INFO : ball_device.bd_plunger : State: ejecting
2026-03-03 17:33:28,751 : INFO : ball_device.bd_plunger : Ejecting ball to <playfield.playfield>
2026-03-03 17:33:28,752 : INFO : EventManager : Event: ======'balldevice_bd_plunger_ejecting_ball'====== Args={'balls': 1, 'target': <playfield.playfield>, 'source': <ball_device.bd_plunger>, 'mechanical_eject': True, 'num_attempts': 0}
2026-03-03 17:33:28,752 : INFO : ball_device.bd_plunger : Wait for ball to leave device
2026-03-03 17:33:32,487 : INFO : SwitchController : <<<<<<< 's_plunger' inactive >>>>>>>
2026-03-03 17:33:32,488 : INFO : ball_device.bd_plunger : State: ball_left
2026-03-03 17:33:32,488 : INFO : ball_device.bd_plunger : Ball left
2026-03-03 17:33:32,488 : INFO : ball_device.bd_plunger : Wait for confirm with timeout 5.0
2026-03-03 17:33:33,046 : INFO : SwitchController : <<<<<<< 's_flipper_right_lower' active >>>>>>>
2026-03-03 17:33:33,046 : INFO : EventManager : Event: ======'machine_var_audits_switches_s_flipper_right_lower'====== Args={'value': 1328, 'prev_value': 1327, 'change': 1}
2026-03-03 17:33:33,073 : INFO : SwitchController : <<<<<<< 's_flipper_right_upper' active >>>>>>>
2026-03-03 17:33:33,073 : INFO : EventManager : Event: ======'machine_var_audits_switches_s_flipper_right_upper'====== Args={'value': 1194, 'prev_value': 1193, 'change': 1}
2026-03-03 17:33:33,214 : INFO : SwitchController : <<<<<<< 's_flipper_right_upper' inactive >>>>>>>
2026-03-03 17:33:33,233 : INFO : SwitchController : <<<<<<< 's_flipper_right_lower' inactive >>>>>>>
2026-03-03 17:33:33,501 : INFO : SwitchController : <<<<<<< 's_flipper_right_lower' active >>>>>>>
2026-03-03 17:33:33,502 : INFO : EventManager : Event: ======'machine_var_audits_switches_s_flipper_right_lower'====== Args={'value': 1329, 'prev_value': 1328, 'change': 1}
2026-03-03 17:33:33,511 : INFO : SwitchController : <<<<<<< 's_flipper_right_upper' active >>>>>>>
2026-03-03 17:33:33,511 : INFO : EventManager : Event: ======'machine_var_audits_switches_s_flipper_right_upper'====== Args={'value': 1195, 'prev_value': 1194, 'change': 1}
2026-03-03 17:33:33,614 : INFO : SwitchController : <<<<<<< 's_flipper_right_upper' inactive >>>>>>>
2026-03-03 17:33:33,636 : INFO : SwitchController : <<<<<<< 's_flipper_right_lower' inactive >>>>>>>
2026-03-03 17:33:34,218 : INFO : SwitchController : <<<<<<< 's_flipper_right_lower' active >>>>>>>
2026-03-03 17:33:34,219 : INFO : EventManager : Event: ======'machine_var_audits_switches_s_flipper_right_lower'====== Args={'value': 1330, 'prev_value': 1329, 'change': 1}
2026-03-03 17:33:34,225 : INFO : SwitchController : <<<<<<< 's_flipper_right_upper' active >>>>>>>
2026-03-03 17:33:34,225 : INFO : EventManager : Event: ======'machine_var_audits_switches_s_flipper_right_upper'====== Args={'value': 1196, 'prev_value': 1195, 'change': 1}
2026-03-03 17:33:34,570 : INFO : SwitchController : <<<<<<< 's_flipper_right_upper' inactive >>>>>>>
2026-03-03 17:33:34,580 : INFO : SwitchController : <<<<<<< 's_flipper_right_lower' inactive >>>>>>>
2026-03-03 17:33:36,969 : INFO : SwitchController : <<<<<<< 's_flipper_right_lower' active >>>>>>>
2026-03-03 17:33:36,969 : INFO : EventManager : Event: ======'machine_var_audits_switches_s_flipper_right_lower'====== Args={'value': 1331, 'prev_value': 1330, 'change': 1}
2026-03-03 17:33:36,970 : INFO : SwitchController : <<<<<<< 's_flipper_right_upper' active >>>>>>>
2026-03-03 17:33:36,970 : INFO : EventManager : Event: ======'machine_var_audits_switches_s_flipper_right_upper'====== Args={'value': 1197, 'prev_value': 1196, 'change': 1}
2026-03-03 17:33:37,489 : INFO : ball_device.bd_plunger : State: failed_confirm
2026-03-03 17:33:37,489 : INFO : ball_device.bd_plunger : Got timeout (5.0s) before confirm from <playfield.playfield>
2026-03-03 17:33:37,591 : INFO : ball_device.bd_plunger : Confirming eject because target is playfield and ball did not return.
2026-03-03 17:33:37,591 : INFO : ball_device.bd_plunger : Eject successful
2026-03-03 17:33:37,591 : INFO : EventManager : Event: ======'balldevice_bd_plunger_ball_eject_success'====== Args={'balls': 1, 'target': <playfield.playfield>}
2026-03-03 17:33:37,591 : INFO : EventManager : Event: ======'balldevice_playfield_ball_enter'====== Args={'new_balls': 1, 'unclaimed_balls': 1, 'device': <playfield.playfield>}
2026-03-03 17:33:37,592 : INFO : EventManager : Event: ======'playfield_ball_count_change'====== Args={'balls': 1, 'change': 1}
2026-03-03 17:33:37,592 : INFO : EventManager : Event: ======'balldevice_bd_plunger_ball_count_changed'====== Args={'balls': 0}
2026-03-03 17:33:37,592 : INFO : ball_device.bd_plunger : State: idle
2026-03-03 17:33:37,947 : INFO : SwitchController : <<<<<<< 's_flipper_right_upper' inactive >>>>>>>
2026-03-03 17:33:37,949 : INFO : SwitchController : <<<<<<< 's_flipper_right_lower' inactive >>>>>>>
2026-03-03 17:33:39,314 : INFO : SwitchController : <<<<<<< 's_flipper_left' active >>>>>>>
2026-03-03 17:33:39,314 : INFO : EventManager : Event: ======'machine_var_audits_switches_s_flipper_left'====== Args={'value': 630, 'prev_value': 629, 'change': 1}
2026-03-03 17:33:39,336 : INFO : SwitchController : <<<<<<< 's_flipper_left_eos' inactive >>>>>>>
2026-03-03 17:33:39,490 : INFO : SwitchController : <<<<<<< 's_flipper_left' inactive >>>>>>>
2026-03-03 17:33:39,508 : INFO : SwitchController : <<<<<<< 's_sling_left' active >>>>>>>
2026-03-03 17:33:39,509 : INFO : EventManager : Event: ======'s_sling_left_active'====== Args={}
2026-03-03 17:33:39,509 : INFO : EventManager : Event: ======'machine_var_audits_switches_s_sling_left'====== Args={'value': 588, 'prev_value': 587, 'change': 1}
2026-03-03 17:33:39,509 : INFO : EventManager : Event: ======'player_shot_shot_sling_left'====== Args={'value': 1, 'prev_value': 0, 'change': 1, 'player_num': 1}
2026-03-03 17:33:39,510 : INFO : EventManager : Event: ======'machine_var_audits_shots_shot_sling_left'====== Args={'value': 565, 'prev_value': 564, 'change': 1}
2026-03-03 17:33:39,510 : INFO : EventManager : Event: ======'shot_sling_left_hit'====== Args={'profile': 'default', 'state': 'unlit', 'advancing': True}
2026-03-03 17:33:39,510 : INFO : EventManager : Event: ======'shot_sling_left_default_hit'====== Args={'profile': 'default', 'state': 'unlit', 'advancing': True}
2026-03-03 17:33:39,510 : INFO : EventManager : Event: ======'shot_sling_left_default_unlit_hit'====== Args={'profile': 'default', 'state': 'unlit', 'advancing': True}
2026-03-03 17:33:39,510 : INFO : EventManager : Event: ======'shot_sling_left_unlit_hit'====== Args={'profile': 'default', 'state': 'unlit', 'advancing': True}
2026-03-03 17:33:39,510 : INFO : EventManager : Event: ======'slings_hit'====== Args={'shot': 'shot_sling_left'}
2026-03-03 17:33:39,510 : INFO : EventManager : Event: ======'slings_unlit_hit'====== Args={'shot': 'shot_sling_left'}
2026-03-03 17:33:39,511 : INFO : EventManager : Event: ======'player_initial_value'====== Args={'value': 0, 'prev_value': 0, 'change': 0, 'player_num': 1, 'source': 'bumpers'}
2026-03-03 17:33:39,511 : INFO : EventManager : Event: ======'player_score'====== Args={'value': 1000, 'prev_value': 0, 'change': 1000, 'player_num': 1, 'source': 'bumpers'}
2026-03-03 17:33:39,518 : INFO : SwitchController : <<<<<<< 's_sling_left' inactive >>>>>>>
2026-03-03 17:33:39,578 : INFO : SwitchController : <<<<<<< 's_flipper_left_eos' active >>>>>>>
2026-03-03 17:33:39,578 : INFO : EventManager : Event: ======'machine_var_audits_switches_s_flipper_left_eos'====== Args={'value': 524, 'prev_value': 523, 'change': 1}
2026-03-03 17:33:40,410 : INFO : SwitchController : <<<<<<< 's_trough_6' active >>>>>>>
2026-03-03 17:33:40,411 : INFO : EventManager : Event: ======'machine_var_audits_switches_s_trough_6'====== Args={'value': 105, 'prev_value': 104, 'change': 1}
2026-03-03 17:33:40,492 : INFO : SwitchController : <<<<<<< 's_trough_6' inactive >>>>>>>
2026-03-03 17:33:40,498 : INFO : SwitchController : <<<<<<< 's_trough_5' active >>>>>>>
2026-03-03 17:33:40,498 : INFO : EventManager : Event: ======'machine_var_audits_switches_s_trough_5'====== Args={'value': 106, 'prev_value': 105, 'change': 1}
2026-03-03 17:33:40,567 : INFO : SwitchController : <<<<<<< 's_trough_5' inactive >>>>>>>
2026-03-03 17:33:40,574 : INFO : SwitchController : <<<<<<< 's_trough_4' active >>>>>>>
2026-03-03 17:33:40,574 : INFO : EventManager : Event: ======'machine_var_audits_switches_s_trough_4'====== Args={'value': 98, 'prev_value': 97, 'change': 1}
2026-03-03 17:33:40,635 : INFO : SwitchController : <<<<<<< 's_trough_4' inactive >>>>>>>
2026-03-03 17:33:40,642 : INFO : SwitchController : <<<<<<< 's_trough_3' active >>>>>>>
2026-03-03 17:33:40,643 : INFO : EventManager : Event: ======'machine_var_audits_switches_s_trough_3'====== Args={'value': 88, 'prev_value': 87, 'change': 1}
2026-03-03 17:33:40,699 : INFO : SwitchController : <<<<<<< 's_trough_3' inactive >>>>>>>
2026-03-03 17:33:40,706 : INFO : SwitchController : <<<<<<< 's_trough_2' active >>>>>>>
2026-03-03 17:33:40,706 : INFO : EventManager : Event: ======'machine_var_audits_switches_s_trough_2'====== Args={'value': 78, 'prev_value': 77, 'change': 1}
2026-03-03 17:33:40,759 : INFO : SwitchController : <<<<<<< 's_trough_2' inactive >>>>>>>
2026-03-03 17:33:40,763 : INFO : SwitchController : <<<<<<< 's_trough_1' active >>>>>>>
2026-03-03 17:33:40,763 : INFO : EventManager : Event: ======'machine_var_audits_switches_s_trough_1'====== Args={'value': 65, 'prev_value': 64, 'change': 1}
2026-03-03 17:33:40,824 : INFO : SwitchController : <<<<<<< 's_trough_1' inactive >>>>>>>
2026-03-03 17:33:40,830 : INFO : SwitchController : <<<<<<< 's_trough_1' active >>>>>>>
2026-03-03 17:33:40,830 : INFO : EventManager : Event: ======'machine_var_audits_switches_s_trough_1'====== Args={'value': 66, 'prev_value': 65, 'change': 1}
2026-03-03 17:33:41,332 : INFO : EventManager : Event: ======'balldevice_bd_trough_ball_count_changed'====== Args={'balls': 1}
2026-03-03 17:33:41,332 : INFO : ball_device.bd_trough : Received unexpected ball
2026-03-03 17:33:41,332 : INFO : EventManager : Event: ======'balldevice_captured_from_playfield'====== Args={'balls': 1}
2026-03-03 17:33:41,332 : INFO : EventManager : Event: ======'sw_playfield_active'====== Args={'balls': 1}
2026-03-03 17:33:41,332 : INFO : EventManager : Event: ======'playfield_ball_count_change'====== Args={'balls': 0, 'change': -1}
2026-03-03 17:33:41,333 : INFO : EventManager : Event: ======'balldevice_bd_trough_ball_enter'====== Args={'new_balls': 1, 'unclaimed_balls': 1, 'new_available_balls': 1, 'device': <ball_device.bd_trough>}
2026-03-03 17:33:41,333 : INFO : EventManager : Event: ======'ball_drain'====== Args={'device': <ball_device.bd_trough>, 'balls': 1}
2026-03-03 17:33:41,333 : INFO : EventManager : Event: ======'ball_will_end'====== Args={}
2026-03-03 17:33:41,333 : INFO : EventManager : Event: ======'balldevice_balls_available'====== Args={}
2026-03-03 17:33:41,333 : INFO : EventManager : Event: ======'balldevice_bd_trough_ball_entered'====== Args={'new_balls': 1, 'device': <ball_device.bd_trough>}
2026-03-03 17:33:41,334 : INFO : EventManager : Event: ======'mode_base_will_stop'====== Args={}
2026-03-03 17:33:41,334 : INFO : EventManager : Event: ======'mode_base_stopping'====== Args={}
2026-03-03 17:33:41,334 : INFO : EventManager : Event: ======'stop_mode_bumpers'====== Args={'priority': 0}
2026-03-03 17:33:41,334 : INFO : EventManager : Event: ======'mode_bumpers_will_stop'====== Args={}
2026-03-03 17:33:41,334 : INFO : EventManager : Event: ======'mode_bumpers_stopping'====== Args={}
2026-03-03 17:33:41,334 : INFO : Mode.base : Stopped.
2026-03-03 17:33:41,334 : INFO : EventManager : Event: ======'modes_active_modes_changed'====== Args={}
2026-03-03 17:33:41,335 : INFO : EventManager : Event: ======'mode_base_stopped'====== Args={}
2026-03-03 17:33:41,335 : INFO : EventManager : Event: ======'clear'====== Args={'key': 'base'}
2026-03-03 17:33:41,335 : INFO : Mode.bumpers : Stopped.
2026-03-03 17:33:41,336 : INFO : EventManager : Event: ======'modes_active_modes_changed'====== Args={}
2026-03-03 17:33:41,336 : INFO : EventManager : Event: ======'mode_bumpers_stopped'====== Args={}
2026-03-03 17:33:41,336 : INFO : EventManager : Event: ======'clear'====== Args={'key': 'bumpers'}
2026-03-03 17:33:41,337 : INFO : EventManager : Event: ======'ball_ending'====== Args={}
2026-03-03 17:33:41,338 : INFO : EventManager : Event: ======'ball_ended'====== Args={}
2026-03-03 17:33:41,339 : INFO : EventManager : Event: ======'player_turn_will_end'====== Args={'player': <Player 1>, 'number': 1}
2026-03-03 17:33:41,339 : INFO : EventManager : Event: ======'player_turn_ending'====== Args={'player': <Player 1>, 'number': 1}
2026-03-03 17:33:41,340 : INFO : EventManager : Event: ======'player_turn_ended'====== Args={'player': <Player 1>, 'number': 1}
2026-03-03 17:33:41,348 : INFO : EventManager : Event: ======'player_turn_will_start'====== Args={'player': <Player 1>, 'number': 1}
2026-03-03 17:33:41,358 : INFO : EventManager : Event: ======'player_turn_starting'====== Args={'player': <Player 1>, 'number': 1}
2026-03-03 17:33:41,358 : INFO : EventManager : Event: ======'player_ball'====== Args={'value': 2, 'prev_value': 1, 'change': 1, 'player_num': 1}
2026-03-03 17:33:41,358 : INFO : EventManager : Event: ======'player_turn_started'====== Args={'player': <Player 1>, 'number': 1}
2026-03-03 17:33:41,359 : INFO : EventManager : Event: ======'ball_will_start'====== Args={'player': 1, 'ball': 2, 'balls_remaining': 1, 'is_extra_ball': False}
2026-03-03 17:33:41,360 : INFO : EventManager : Event: ======'ball_starting'====== Args={'player': 1, 'ball': 2, 'balls_remaining': 1, 'is_extra_ball': False}
2026-03-03 17:33:41,360 : INFO : EventManager : Event: ======'mode_base_will_start'====== Args={'queue': <QueuedEvent>, 'player': 1, 'ball': 2, 'balls_remaining': 1, 'is_extra_ball': False}
2026-03-03 17:33:41,361 : INFO : EventManager : Event: ======'mode_base_starting'====== Args={'queue': <QueuedEvent>, 'player': 1, 'ball': 2, 'balls_remaining': 1, 'is_extra_ball': False}
2026-03-03 17:33:41,361 : INFO : Mode.base : Started. Priority: 100
2026-03-03 17:33:41,361 : INFO : EventManager : Event: ======'modes_active_modes_changed'====== Args={}
2026-03-03 17:33:41,362 : INFO : EventManager : Event: ======'mode_base_started'====== Args={'queue': <QueuedEvent>, 'player': 1, 'ball': 2, 'balls_remaining': 1, 'is_extra_ball': False}
2026-03-03 17:33:41,362 : INFO : EventManager : Event: ======'start_mode_bumpers'====== Args={'priority': 0}
2026-03-03 17:33:41,363 : INFO : EventManager : Event: ======'mode_bumpers_will_start'====== Args={'priority': 0}
2026-03-03 17:33:41,366 : INFO : EventManager : Event: ======'mode_bumpers_starting'====== Args={'priority': 0}
2026-03-03 17:33:41,366 : INFO : Mode.bumpers : Started. Priority: 200
2026-03-03 17:33:41,366 : INFO : EventManager : Event: ======'modes_active_modes_changed'====== Args={}
2026-03-03 17:33:41,366 : INFO : EventManager : Event: ======'mode_bumpers_started'====== Args={'priority': 0}
2026-03-03 17:33:41,367 : INFO : EventManager : Event: ======'balls_in_play'====== Args={'balls': 1}
2026-03-03 17:33:41,367 : INFO : EventManager : Event: ======'ball_started'====== Args={'player': 1, 'ball': 2, 'balls_remaining': 1, 'is_extra_ball': False}
2026-03-03 17:33:41,368 : INFO : EventManager : Event: ======'single_player_ball_started'====== Args={}
2026-03-03 17:33:41,368 : INFO : EventManager : Event: ======'ball_start_target'====== Args={'target': 'playfield'}
2026-03-03 17:33:41,368 : INFO : ball_device.bd_plunger : Setting up player-controlled eject. Balls: 1, Target: <playfield.playfield>, player_controlled_eject_event: None
2026-03-03 17:33:41,369 : INFO : EventManager : Event: ======'balldevice_balls_available'====== Args={}
2026-03-03 17:33:41,379 : INFO : ball_device.bd_trough : State: waiting_for_target_ready
2026-03-03 17:33:41,379 : INFO : EventManager : Event: ======'balldevice_bd_trough_ball_eject_attempt'====== Args={'balls': 1, 'target': <ball_device.bd_plunger>, 'source': <ball_device.bd_trough>, 'mechanical_eject': True, 'num_attempts': 0}
2026-03-03 17:33:41,379 : INFO : ball_device.bd_plunger : State: waiting_for_ball
2026-03-03 17:33:41,379 : INFO : ball_device.bd_trough : State: ejecting
2026-03-03 17:33:41,380 : INFO : ball_device.bd_trough : Ejecting ball to <ball_device.bd_plunger>
2026-03-03 17:33:41,380 : INFO : EventManager : Event: ======'balldevice_bd_trough_ejecting_ball'====== Args={'balls': 1, 'target': <ball_device.bd_plunger>, 'source': <ball_device.bd_trough>, 'mechanical_eject': True, 'num_attempts': 0}
2026-03-03 17:33:41,380 : INFO : ball_device.bd_trough : Wait for ball to leave device
2026-03-03 17:33:41,381 : INFO : coil.c_trough_eject : Pulsing Driver for 20ms (1.0 pulse_power)
2026-03-03 17:33:41,388 : INFO : EventManager : Event: ======'slide_base_slide_created'====== Args={'_from_bcp': True}
2026-03-03 17:33:41,389 : INFO : EventManager : Event: ======'slide_base_slide_inactive'====== Args={'is_removing': True, '_from_bcp': True}
2026-03-03 17:33:41,390 : INFO : EventManager : Event: ======'slide_base_slide_active'====== Args={'original_context': 'base', 'original_calling_context': 'mode_base_started', 'priority': 100.0, 'queue': '<QueuedEvent>', 'player': 1.0, 'ball': 2.0, 'balls_remaining': 1.0, 'is_extra_ball': False, 'cmd': 'slides_play', '_from_bcp': True}
2026-03-03 17:33:41,390 : INFO : EventManager : Event: ======'slide_base_slide_removed'====== Args={'_from_bcp': True}
2026-03-03 17:33:41,406 : INFO : SwitchController : <<<<<<< 's_trough_1' inactive >>>>>>>
2026-03-03 17:33:41,407 : INFO : SwitchController : <<<<<<< 's_trough_7' active >>>>>>>
2026-03-03 17:33:41,407 : INFO : EventManager : Event: ======'machine_var_audits_switches_s_trough_7'====== Args={'value': 77, 'prev_value': 76, 'change': 1}
2026-03-03 17:33:41,408 : INFO : ball_device.bd_trough : State: ball_left
2026-03-03 17:33:41,408 : INFO : ball_device.bd_trough : Ball left
2026-03-03 17:33:41,408 : INFO : ball_device.bd_trough : Wait for confirm with timeout 3.0
2026-03-03 17:33:41,437 : INFO : SwitchController : <<<<<<< 's_trough_7' inactive >>>>>>>
2026-03-03 17:33:41,532 : INFO : SwitchController : <<<<<<< 's_plunger' active >>>>>>>
2026-03-03 17:33:41,532 : INFO : EventManager : Event: ======'machine_var_audits_switches_s_plunger'====== Args={'value': 84, 'prev_value': 83, 'change': 1}
2026-03-03 17:33:42,034 : INFO : ball_device.bd_plunger : Received ball from <ball_device.bd_trough>
2026-03-03 17:33:42,034 : INFO : EventManager : Event: ======'balldevice_bd_plunger_ball_enter'====== Args={'new_balls': 1, 'unclaimed_balls': 0, 'new_available_balls': 0, 'device': <ball_device.bd_plunger>}
2026-03-03 17:33:42,034 : INFO : EventManager : Event: ======'balldevice_bd_plunger_ball_entered'====== Args={'new_balls': 0, 'device': <ball_device.bd_plunger>}
2026-03-03 17:33:42,034 : INFO : EventManager : Event: ======'balldevice_bd_plunger_ball_count_changed'====== Args={'balls': 1}
2026-03-03 17:33:42,035 : INFO : ball_device.bd_trough : Got eject confirm
2026-03-03 17:33:42,035 : INFO : ball_device.bd_trough : Eject successful
2026-03-03 17:33:42,035 : INFO : EventManager : Event: ======'balldevice_bd_trough_ball_eject_success'====== Args={'balls': 1, 'target': <ball_device.bd_plunger>}
2026-03-03 17:33:42,035 : INFO : ball_device.bd_plunger : State: waiting_for_target_ready
2026-03-03 17:33:42,035 : INFO : EventManager : Event: ======'balldevice_bd_plunger_ball_eject_attempt'====== Args={'balls': 1, 'target': <playfield.playfield>, 'source': <ball_device.bd_plunger>, 'mechanical_eject': True, 'num_attempts': 0}
2026-03-03 17:33:42,036 : INFO : EventManager : Event: ======'balldevice_bd_trough_ball_count_changed'====== Args={'balls': 0}
2026-03-03 17:33:42,036 : INFO : ball_device.bd_trough : State: idle
2026-03-03 17:33:42,036 : INFO : ball_device.bd_plunger : State: ejecting
2026-03-03 17:33:42,036 : INFO : ball_device.bd_plunger : Ejecting ball to <playfield.playfield>
2026-03-03 17:33:42,036 : INFO : EventManager : Event: ======'balldevice_bd_plunger_ejecting_ball'====== Args={'balls': 1, 'target': <playfield.playfield>, 'source': <ball_device.bd_plunger>, 'mechanical_eject': True, 'num_attempts': 0}
2026-03-03 17:33:42,037 : INFO : ball_device.bd_plunger : Wait for ball to leave device
2026-03-03 17:33:50,156 : INFO : SwitchController : <<<<<<< 's_plunger' inactive >>>>>>>
2026-03-03 17:33:50,157 : INFO : ball_device.bd_plunger : State: ball_left
2026-03-03 17:33:50,157 : INFO : ball_device.bd_plunger : Ball left
2026-03-03 17:33:50,157 : INFO : ball_device.bd_plunger : Wait for confirm with timeout 5.0
2026-03-03 17:33:50,596 : INFO : SwitchController : <<<<<<< 's_trough_4' active >>>>>>>
2026-03-03 17:33:50,596 : INFO : EventManager : Event: ======'machine_var_audits_switches_s_trough_4'====== Args={'value': 99, 'prev_value': 98, 'change': 1}
2026-03-03 17:33:50,777 : INFO : SwitchController : <<<<<<< 's_trough_4' inactive >>>>>>>
2026-03-03 17:33:50,814 : INFO : SwitchController : <<<<<<< 's_trough_3' active >>>>>>>
2026-03-03 17:33:50,814 : INFO : EventManager : Event: ======'machine_var_audits_switches_s_trough_3'====== Args={'value': 89, 'prev_value': 88, 'change': 1}
2026-03-03 17:33:50,975 : INFO : SwitchController : <<<<<<< 's_trough_3' inactive >>>>>>>
2026-03-03 17:33:50,997 : INFO : SwitchController : <<<<<<< 's_trough_2' active >>>>>>>
2026-03-03 17:33:50,997 : INFO : EventManager : Event: ======'machine_var_audits_switches_s_trough_2'====== Args={'value': 79, 'prev_value': 78, 'change': 1}
2026-03-03 17:33:51,094 : INFO : SwitchController : <<<<<<< 's_trough_2' inactive >>>>>>>
2026-03-03 17:33:51,102 : INFO : SwitchController : <<<<<<< 's_trough_1' active >>>>>>>
2026-03-03 17:33:51,102 : INFO : EventManager : Event: ======'machine_var_audits_switches_s_trough_1'====== Args={'value': 67, 'prev_value': 66, 'change': 1}
2026-03-03 17:33:51,603 : INFO : EventManager : Event: ======'balldevice_bd_trough_ball_count_changed'====== Args={'balls': 1}
2026-03-03 17:33:51,603 : INFO : ball_device.bd_trough : Received unexpected ball
2026-03-03 17:33:51,603 : INFO : EventManager : Event: ======'balldevice_captured_from_playfield'====== Args={'balls': 1}
2026-03-03 17:33:51,603 : INFO : EventManager : Event: ======'sw_playfield_active'====== Args={'balls': 1}
2026-03-03 17:33:51,604 : INFO : EventManager : Event: ======'playfield_active'====== Args={'source': None}
2026-03-03 17:33:51,604 : INFO : EventManager : Event: ======'playfield_ball_count_change'====== Args={'balls': -1, 'change': -1}
2026-03-03 17:33:51,604 : INFO : EventManager : Event: ======'balldevice_bd_trough_ball_enter'====== Args={'new_balls': 1, 'unclaimed_balls': 1, 'new_available_balls': 1, 'device': <ball_device.bd_trough>}
2026-03-03 17:33:51,604 : INFO : EventManager : Event: ======'ball_drain'====== Args={'device': <ball_device.bd_trough>, 'balls': 1}
2026-03-03 17:33:51,605 : INFO : ball_device.bd_plunger : Got eject confirm
2026-03-03 17:33:51,605 : INFO : ball_device.bd_plunger : Eject successful
2026-03-03 17:33:51,605 : INFO : EventManager : Event: ======'balldevice_bd_plunger_ball_eject_success'====== Args={'balls': 1, 'target': <playfield.playfield>}
2026-03-03 17:33:51,605 : INFO : EventManager : Event: ======'balldevice_playfield_ball_enter'====== Args={'new_balls': 1, 'unclaimed_balls': 1, 'device': <playfield.playfield>}
2026-03-03 17:33:51,605 : INFO : EventManager : Event: ======'playfield_ball_count_change'====== Args={'balls': 0, 'change': 1}
2026-03-03 17:33:51,605 : INFO : EventManager : Event: ======'ball_will_end'====== Args={}
2026-03-03 17:33:51,605 : INFO : EventManager : Event: ======'balldevice_balls_available'====== Args={}
2026-03-03 17:33:51,605 : INFO : EventManager : Event: ======'balldevice_bd_trough_ball_entered'====== Args={'new_balls': 1, 'device': <ball_device.bd_trough>}
2026-03-03 17:33:51,605 : INFO : EventManager : Event: ======'mode_base_will_stop'====== Args={}
2026-03-03 17:33:51,606 : INFO : EventManager : Event: ======'mode_base_stopping'====== Args={}
2026-03-03 17:33:51,606 : INFO : EventManager : Event: ======'stop_mode_bumpers'====== Args={'priority': 0}
2026-03-03 17:33:51,606 : INFO : EventManager : Event: ======'mode_bumpers_will_stop'====== Args={}
2026-03-03 17:33:51,606 : INFO : EventManager : Event: ======'mode_bumpers_stopping'====== Args={}
2026-03-03 17:33:51,606 : INFO : Mode.base : Stopped.
2026-03-03 17:33:51,606 : INFO : EventManager : Event: ======'modes_active_modes_changed'====== Args={}
2026-03-03 17:33:51,607 : INFO : EventManager : Event: ======'mode_base_stopped'====== Args={}
2026-03-03 17:33:51,607 : INFO : EventManager : Event: ======'clear'====== Args={'key': 'base'}
2026-03-03 17:33:51,607 : INFO : Mode.bumpers : Stopped.
2026-03-03 17:33:51,607 : INFO : EventManager : Event: ======'modes_active_modes_changed'====== Args={}
2026-03-03 17:33:51,607 : INFO : EventManager : Event: ======'mode_bumpers_stopped'====== Args={}
2026-03-03 17:33:51,607 : INFO : EventManager : Event: ======'clear'====== Args={'key': 'bumpers'}
2026-03-03 17:33:51,608 : INFO : EventManager : Event: ======'balldevice_bd_plunger_ball_count_changed'====== Args={'balls': 0}
2026-03-03 17:33:51,608 : INFO : ball_device.bd_plunger : State: idle
2026-03-03 17:33:51,609 : INFO : EventManager : Event: ======'ball_ending'====== Args={}
2026-03-03 17:33:51,610 : INFO : EventManager : Event: ======'ball_ended'====== Args={}
2026-03-03 17:33:51,620 : INFO : EventManager : Event: ======'player_turn_will_end'====== Args={'player': <Player 1>, 'number': 1}
2026-03-03 17:33:51,631 : INFO : EventManager : Event: ======'player_turn_ending'====== Args={'player': <Player 1>, 'number': 1}
2026-03-03 17:33:51,632 : INFO : EventManager : Event: ======'player_turn_ended'====== Args={'player': <Player 1>, 'number': 1}
2026-03-03 17:33:51,632 : INFO : EventManager : Event: ======'player_turn_will_start'====== Args={'player': <Player 1>, 'number': 1}
2026-03-03 17:33:51,633 : INFO : EventManager : Event: ======'player_turn_starting'====== Args={'player': <Player 1>, 'number': 1}
2026-03-03 17:33:51,633 : INFO : EventManager : Event: ======'player_ball'====== Args={'value': 3, 'prev_value': 2, 'change': 1, 'player_num': 1}
2026-03-03 17:33:51,633 : INFO : EventManager : Event: ======'player_turn_started'====== Args={'player': <Player 1>, 'number': 1}
2026-03-03 17:33:51,635 : INFO : EventManager : Event: ======'ball_will_start'====== Args={'player': 1, 'ball': 3, 'balls_remaining': 0, 'is_extra_ball': False}
2026-03-03 17:33:51,635 : INFO : EventManager : Event: ======'ball_starting'====== Args={'player': 1, 'ball': 3, 'balls_remaining': 0, 'is_extra_ball': False}
2026-03-03 17:33:51,635 : INFO : EventManager : Event: ======'mode_base_will_start'====== Args={'queue': <QueuedEvent>, 'player': 1, 'ball': 3, 'balls_remaining': 0, 'is_extra_ball': False}
2026-03-03 17:33:51,636 : INFO : EventManager : Event: ======'mode_base_starting'====== Args={'queue': <QueuedEvent>, 'player': 1, 'ball': 3, 'balls_remaining': 0, 'is_extra_ball': False}
2026-03-03 17:33:51,637 : INFO : Mode.base : Started. Priority: 100
2026-03-03 17:33:51,637 : INFO : EventManager : Event: ======'modes_active_modes_changed'====== Args={}
2026-03-03 17:33:51,637 : INFO : EventManager : Event: ======'mode_base_started'====== Args={'queue': <QueuedEvent>, 'player': 1, 'ball': 3, 'balls_remaining': 0, 'is_extra_ball': False}
2026-03-03 17:33:51,637 : INFO : EventManager : Event: ======'start_mode_bumpers'====== Args={'priority': 0}
2026-03-03 17:33:51,638 : INFO : EventManager : Event: ======'mode_bumpers_will_start'====== Args={'priority': 0}
2026-03-03 17:33:51,641 : INFO : EventManager : Event: ======'mode_bumpers_starting'====== Args={'priority': 0}
2026-03-03 17:33:51,641 : INFO : Mode.bumpers : Started. Priority: 200
2026-03-03 17:33:51,641 : INFO : EventManager : Event: ======'modes_active_modes_changed'====== Args={}
2026-03-03 17:33:51,641 : INFO : EventManager : Event: ======'mode_bumpers_started'====== Args={'priority': 0}
2026-03-03 17:33:51,642 : INFO : EventManager : Event: ======'balls_in_play'====== Args={'balls': 1}
2026-03-03 17:33:51,642 : INFO : EventManager : Event: ======'ball_started'====== Args={'player': 1, 'ball': 3, 'balls_remaining': 0, 'is_extra_ball': False}
2026-03-03 17:33:51,643 : INFO : EventManager : Event: ======'single_player_ball_started'====== Args={}
2026-03-03 17:33:51,643 : INFO : EventManager : Event: ======'ball_start_target'====== Args={'target': 'playfield'}
2026-03-03 17:33:51,644 : INFO : ball_device.bd_plunger : Setting up player-controlled eject. Balls: 1, Target: <playfield.playfield>, player_controlled_eject_event: None
2026-03-03 17:33:51,644 : INFO : EventManager : Event: ======'balldevice_balls_available'====== Args={}
2026-03-03 17:33:51,654 : INFO : EventManager : Event: ======'slide_base_slide_created'====== Args={'_from_bcp': True}
2026-03-03 17:33:51,655 : INFO : EventManager : Event: ======'slide_base_slide_inactive'====== Args={'is_removing': True, '_from_bcp': True}
2026-03-03 17:33:51,655 : INFO : EventManager : Event: ======'slide_base_slide_active'====== Args={'original_context': 'base', 'original_calling_context': 'mode_base_started', 'priority': 100.0, 'queue': '<QueuedEvent>', 'player': 1.0, 'ball': 3.0, 'balls_remaining': 0.0, 'is_extra_ball': False, 'cmd': 'slides_play', '_from_bcp': True}
2026-03-03 17:33:51,656 : INFO : EventManager : Event: ======'slide_base_slide_removed'====== Args={'_from_bcp': True}
2026-03-03 17:33:51,657 : INFO : ball_device.bd_trough : State: waiting_for_target_ready
2026-03-03 17:33:51,657 : INFO : EventManager : Event: ======'balldevice_bd_trough_ball_eject_attempt'====== Args={'balls': 1, 'target': <ball_device.bd_plunger>, 'source': <ball_device.bd_trough>, 'mechanical_eject': True, 'num_attempts': 0}
2026-03-03 17:33:51,657 : INFO : ball_device.bd_plunger : State: waiting_for_ball
2026-03-03 17:33:51,658 : INFO : ball_device.bd_trough : State: ejecting
2026-03-03 17:33:51,658 : INFO : ball_device.bd_trough : Ejecting ball to <ball_device.bd_plunger>
2026-03-03 17:33:51,658 : INFO : EventManager : Event: ======'balldevice_bd_trough_ejecting_ball'====== Args={'balls': 1, 'target': <ball_device.bd_plunger>, 'source': <ball_device.bd_trough>, 'mechanical_eject': True, 'num_attempts': 0}
2026-03-03 17:33:51,659 : INFO : ball_device.bd_trough : Wait for ball to leave device
2026-03-03 17:33:51,660 : INFO : coil.c_trough_eject : Pulsing Driver for 20ms (1.0 pulse_power)
2026-03-03 17:33:51,687 : INFO : SwitchController : <<<<<<< 's_trough_1' inactive >>>>>>>
2026-03-03 17:33:51,687 : INFO : SwitchController : <<<<<<< 's_trough_7' active >>>>>>>
2026-03-03 17:33:51,687 : INFO : EventManager : Event: ======'machine_var_audits_switches_s_trough_7'====== Args={'value': 78, 'prev_value': 77, 'change': 1}
2026-03-03 17:33:51,688 : INFO : ball_device.bd_trough : State: ball_left
2026-03-03 17:33:51,688 : INFO : ball_device.bd_trough : Ball left
2026-03-03 17:33:51,688 : INFO : ball_device.bd_trough : Wait for confirm with timeout 3.0
2026-03-03 17:33:51,708 : INFO : SwitchController : <<<<<<< 's_trough_7' inactive >>>>>>>
2026-03-03 17:33:51,810 : INFO : SwitchController : <<<<<<< 's_plunger' active >>>>>>>
2026-03-03 17:33:51,810 : INFO : EventManager : Event: ======'machine_var_audits_switches_s_plunger'====== Args={'value': 85, 'prev_value': 84, 'change': 1}
2026-03-03 17:33:52,311 : INFO : ball_device.bd_plunger : Received ball from <ball_device.bd_trough>
2026-03-03 17:33:52,311 : INFO : EventManager : Event: ======'balldevice_bd_plunger_ball_enter'====== Args={'new_balls': 1, 'unclaimed_balls': 0, 'new_available_balls': 0, 'device': <ball_device.bd_plunger>}
2026-03-03 17:33:52,312 : INFO : EventManager : Event: ======'balldevice_bd_plunger_ball_entered'====== Args={'new_balls': 0, 'device': <ball_device.bd_plunger>}
2026-03-03 17:33:52,312 : INFO : EventManager : Event: ======'balldevice_bd_plunger_ball_count_changed'====== Args={'balls': 1}
2026-03-03 17:33:52,313 : INFO : ball_device.bd_trough : Got eject confirm
2026-03-03 17:33:52,313 : INFO : ball_device.bd_trough : Eject successful
2026-03-03 17:33:52,313 : INFO : EventManager : Event: ======'balldevice_bd_trough_ball_eject_success'====== Args={'balls': 1, 'target': <ball_device.bd_plunger>}
2026-03-03 17:33:52,313 : INFO : ball_device.bd_plunger : State: waiting_for_target_ready
2026-03-03 17:33:52,313 : INFO : EventManager : Event: ======'balldevice_bd_plunger_ball_eject_attempt'====== Args={'balls': 1, 'target': <playfield.playfield>, 'source': <ball_device.bd_plunger>, 'mechanical_eject': True, 'num_attempts': 0}
2026-03-03 17:33:52,314 : INFO : EventManager : Event: ======'balldevice_bd_trough_ball_count_changed'====== Args={'balls': 0}
2026-03-03 17:33:52,314 : INFO : ball_device.bd_trough : State: idle
2026-03-03 17:33:52,314 : INFO : ball_device.bd_plunger : State: ejecting
2026-03-03 17:33:52,314 : INFO : ball_device.bd_plunger : Ejecting ball to <playfield.playfield>
2026-03-03 17:33:52,314 : INFO : EventManager : Event: ======'balldevice_bd_plunger_ejecting_ball'====== Args={'balls': 1, 'target': <playfield.playfield>, 'source': <ball_device.bd_plunger>, 'mechanical_eject': True, 'num_attempts': 0}
2026-03-03 17:33:52,315 : INFO : ball_device.bd_plunger : Wait for ball to leave device
2026-03-03 17:33:52,700 : INFO : SwitchController : <<<<<<< 's_plunger' inactive >>>>>>>
2026-03-03 17:33:52,701 : INFO : ball_device.bd_plunger : State: ball_left
2026-03-03 17:33:52,701 : INFO : ball_device.bd_plunger : Ball left
2026-03-03 17:33:52,701 : INFO : ball_device.bd_plunger : Wait for confirm with timeout 5.0
2026-03-03 17:33:53,294 : INFO : SwitchController : <<<<<<< 's_trough_5' active >>>>>>>
2026-03-03 17:33:53,294 : INFO : EventManager : Event: ======'machine_var_audits_switches_s_trough_5'====== Args={'value': 107, 'prev_value': 106, 'change': 1}
2026-03-03 17:33:53,610 : INFO : SwitchController : <<<<<<< 's_trough_5' inactive >>>>>>>
2026-03-03 17:33:53,633 : INFO : SwitchController : <<<<<<< 's_trough_4' active >>>>>>>
2026-03-03 17:33:53,633 : INFO : EventManager : Event: ======'machine_var_audits_switches_s_trough_4'====== Args={'value': 100, 'prev_value': 99, 'change': 1}
2026-03-03 17:33:53,777 : INFO : SwitchController : <<<<<<< 's_trough_4' inactive >>>>>>>
2026-03-03 17:33:53,798 : INFO : SwitchController : <<<<<<< 's_trough_3' active >>>>>>>
2026-03-03 17:33:53,798 : INFO : EventManager : Event: ======'machine_var_audits_switches_s_trough_3'====== Args={'value': 90, 'prev_value': 89, 'change': 1}
2026-03-03 17:33:53,889 : INFO : SwitchController : <<<<<<< 's_trough_3' inactive >>>>>>>
2026-03-03 17:33:53,899 : INFO : SwitchController : <<<<<<< 's_trough_2' active >>>>>>>
2026-03-03 17:33:53,899 : INFO : EventManager : Event: ======'machine_var_audits_switches_s_trough_2'====== Args={'value': 80, 'prev_value': 79, 'change': 1}
2026-03-03 17:33:53,981 : INFO : SwitchController : <<<<<<< 's_trough_2' inactive >>>>>>>
2026-03-03 17:33:53,997 : INFO : SwitchController : <<<<<<< 's_trough_1' active >>>>>>>
2026-03-03 17:33:53,997 : INFO : EventManager : Event: ======'machine_var_audits_switches_s_trough_1'====== Args={'value': 68, 'prev_value': 67, 'change': 1}
2026-03-03 17:33:54,497 : INFO : EventManager : Event: ======'balldevice_bd_trough_ball_count_changed'====== Args={'balls': 1}
2026-03-03 17:33:54,497 : INFO : ball_device.bd_trough : Received unexpected ball
2026-03-03 17:33:54,497 : INFO : EventManager : Event: ======'balldevice_captured_from_playfield'====== Args={'balls': 1}
2026-03-03 17:33:54,498 : INFO : EventManager : Event: ======'sw_playfield_active'====== Args={'balls': 1}
2026-03-03 17:33:54,498 : INFO : EventManager : Event: ======'playfield_active'====== Args={'source': None}
2026-03-03 17:33:54,498 : INFO : EventManager : Event: ======'playfield_ball_count_change'====== Args={'balls': -1, 'change': -1}
2026-03-03 17:33:54,498 : INFO : EventManager : Event: ======'balldevice_bd_trough_ball_enter'====== Args={'new_balls': 1, 'unclaimed_balls': 1, 'new_available_balls': 1, 'device': <ball_device.bd_trough>}
2026-03-03 17:33:54,498 : INFO : EventManager : Event: ======'ball_drain'====== Args={'device': <ball_device.bd_trough>, 'balls': 1}
2026-03-03 17:33:54,499 : INFO : ball_device.bd_plunger : Got eject confirm
2026-03-03 17:33:54,499 : INFO : ball_device.bd_plunger : Eject successful
2026-03-03 17:33:54,499 : INFO : EventManager : Event: ======'balldevice_bd_plunger_ball_eject_success'====== Args={'balls': 1, 'target': <playfield.playfield>}
2026-03-03 17:33:54,499 : INFO : EventManager : Event: ======'balldevice_playfield_ball_enter'====== Args={'new_balls': 1, 'unclaimed_balls': 1, 'device': <playfield.playfield>}
2026-03-03 17:33:54,499 : INFO : EventManager : Event: ======'playfield_ball_count_change'====== Args={'balls': 0, 'change': 1}
2026-03-03 17:33:54,499 : INFO : EventManager : Event: ======'ball_will_end'====== Args={}
2026-03-03 17:33:54,499 : INFO : EventManager : Event: ======'balldevice_balls_available'====== Args={}
2026-03-03 17:33:54,499 : INFO : EventManager : Event: ======'balldevice_bd_trough_ball_entered'====== Args={'new_balls': 1, 'device': <ball_device.bd_trough>}
2026-03-03 17:33:54,500 : INFO : EventManager : Event: ======'mode_base_will_stop'====== Args={}
2026-03-03 17:33:54,500 : INFO : EventManager : Event: ======'mode_base_stopping'====== Args={}
2026-03-03 17:33:54,500 : INFO : EventManager : Event: ======'stop_mode_bumpers'====== Args={'priority': 0}
2026-03-03 17:33:54,500 : INFO : EventManager : Event: ======'mode_bumpers_will_stop'====== Args={}
2026-03-03 17:33:54,501 : INFO : EventManager : Event: ======'mode_bumpers_stopping'====== Args={}
2026-03-03 17:33:54,501 : INFO : Mode.base : Stopped.
2026-03-03 17:33:54,501 : INFO : EventManager : Event: ======'modes_active_modes_changed'====== Args={}
2026-03-03 17:33:54,501 : INFO : EventManager : Event: ======'mode_base_stopped'====== Args={}
2026-03-03 17:33:54,501 : INFO : EventManager : Event: ======'clear'====== Args={'key': 'base'}
2026-03-03 17:33:54,502 : INFO : Mode.bumpers : Stopped.
2026-03-03 17:33:54,502 : INFO : EventManager : Event: ======'modes_active_modes_changed'====== Args={}
2026-03-03 17:33:54,502 : INFO : EventManager : Event: ======'mode_bumpers_stopped'====== Args={}
2026-03-03 17:33:54,502 : INFO : EventManager : Event: ======'clear'====== Args={'key': 'bumpers'}
2026-03-03 17:33:54,503 : INFO : EventManager : Event: ======'balldevice_bd_plunger_ball_count_changed'====== Args={'balls': 0}
2026-03-03 17:33:54,503 : INFO : ball_device.bd_plunger : State: idle
2026-03-03 17:33:54,503 : INFO : EventManager : Event: ======'ball_ending'====== Args={}
2026-03-03 17:33:54,504 : INFO : EventManager : Event: ======'ball_ended'====== Args={}
2026-03-03 17:33:54,506 : INFO : EventManager : Event: ======'player_turn_will_end'====== Args={'player': <Player 1>, 'number': 1}
2026-03-03 17:33:54,506 : INFO : EventManager : Event: ======'player_turn_ending'====== Args={'player': <Player 1>, 'number': 1}
2026-03-03 17:33:54,507 : INFO : EventManager : Event: ======'player_turn_ended'====== Args={'player': <Player 1>, 'number': 1}
2026-03-03 17:33:54,507 : INFO : EventManager : Event: ======'game_will_end'====== Args={}
2026-03-03 17:33:54,507 : INFO : EventManager : Event: ======'game_ending'====== Args={}
2026-03-03 17:33:54,507 : INFO : EventManager : Event: ======'machine_var_player1_score'====== Args={'value': 1000, 'prev_value': 11130, 'change': -10130}
2026-03-03 17:33:54,508 : INFO : EventManager : Event: ======'game_ended'====== Args={}
2026-03-03 17:33:54,508 : INFO : EventManager : Event: ======'mode_game_will_stop'====== Args={}
2026-03-03 17:33:54,508 : INFO : EventManager : Event: ======'mode_game_stopping'====== Args={}
2026-03-03 17:33:54,508 : INFO : EventManager : Event: ======'mode_attract_will_start'====== Args={}
2026-03-03 17:33:54,509 : INFO : Timer.attract_carousel_timer : Starting Timer.
2026-03-03 17:33:54,509 : INFO : EventManager : Event: ======'timer_attract_carousel_timer_started'====== Args={'ticks': 0, 'ticks_remaining': 1}
2026-03-03 17:33:54,509 : INFO : EventManager : Event: ======'timer_attract_carousel_timer_tick'====== Args={'ticks': 0, 'ticks_remaining': 1}
2026-03-03 17:33:54,511 : INFO : EventManager : Event: ======'mode_attract_starting'====== Args={}
2026-03-03 17:33:54,511 : INFO : Mode.attract : Started. Priority: 10
2026-03-03 17:33:54,511 : INFO : EventManager : Event: ======'modes_active_modes_changed'====== Args={}
2026-03-03 17:33:54,511 : INFO : EventManager : Event: ======'mode_attract_started'====== Args={}
2026-03-03 17:33:54,512 : INFO : EventManager : Event: ======'collecting_balls_complete'====== Args={}
2026-03-03 17:33:54,513 : INFO : EventManager : Event: ======'carousel_item_highlighted'====== Args={'carousel': 'attract', 'direction': None, 'item': 'title'}
2026-03-03 17:33:54,513 : INFO : EventManager : Event: ======'timer_attract_carousel_timer_tick'====== Args={'ticks': 0, 'ticks_remaining': 1}
2026-03-03 17:33:54,513 : INFO : Mode.game : Stopped.
2026-03-03 17:33:54,513 : INFO : EventManager : Event: ======'modes_active_modes_changed'====== Args={}
2026-03-03 17:33:54,513 : INFO : EventManager : Event: ======'mode_game_stopped'====== Args={}
2026-03-03 17:33:54,513 : INFO : EventManager : Event: ======'clear'====== Args={'key': 'game'}
2026-03-03 17:33:54,549 : INFO : EventManager : Event: ======'slide_attract_created'====== Args={'_from_bcp': True}
2026-03-03 17:33:54,549 : INFO : EventManager : Event: ======'slide_base_slide_inactive'====== Args={'is_removing': True, '_from_bcp': True}
2026-03-03 17:33:54,550 : INFO : EventManager : Event: ======'slide_attract_active'====== Args={'original_context': 'attract', 'original_calling_context': 'mode_attract_started', 'priority': 10.0, 'cmd': 'slides_play', '_from_bcp': True}
2026-03-03 17:33:54,550 : INFO : EventManager : Event: ======'slide_base_slide_removed'====== Args={'_from_bcp': True}
2026-03-03 17:33:59,513 : INFO : Timer.attract_carousel_timer : Timer Complete
2026-03-03 17:33:59,513 : INFO : Timer.attract_carousel_timer : Stopping Timer
2026-03-03 17:33:59,513 : INFO : EventManager : Event: ======'timer_attract_carousel_timer_stopped'====== Args={'ticks': 1, 'ticks_remaining': 1}
2026-03-03 17:33:59,513 : INFO : EventManager : Event: ======'timer_attract_carousel_timer_complete'====== Args={'ticks': 1, 'ticks_remaining': 1}
2026-03-03 17:33:59,514 : INFO : EventManager : Event: ======'carousel_item_highlighted'====== Args={'carousel': 'attract', 'direction': 'forwards', 'item': 'credits'}
2026-03-03 17:33:59,514 : INFO : Timer.attract_carousel_timer : Starting Timer.
2026-03-03 17:33:59,514 : INFO : EventManager : Event: ======'timer_attract_carousel_timer_started'====== Args={'ticks': 0, 'ticks_remaining': 1}
2026-03-03 17:33:59,514 : INFO : EventManager : Event: ======'timer_attract_carousel_timer_tick'====== Args={'ticks': 0, 'ticks_remaining': 1}
2026-03-03 17:34:04,514 : INFO : Timer.attract_carousel_timer : Timer Complete
2026-03-03 17:34:04,514 : INFO : Timer.attract_carousel_timer : Stopping Timer
2026-03-03 17:34:04,514 : INFO : EventManager : Event: ======'timer_attract_carousel_timer_stopped'====== Args={'ticks': 1, 'ticks_remaining': 1}
2026-03-03 17:34:04,514 : INFO : EventManager : Event: ======'timer_attract_carousel_timer_complete'====== Args={'ticks': 1, 'ticks_remaining': 1}
2026-03-03 17:34:04,515 : INFO : EventManager : Event: ======'carousel_item_highlighted'====== Args={'carousel': 'attract', 'direction': 'forwards', 'item': 'last_scores_1p'}
2026-03-03 17:34:04,515 : INFO : Timer.attract_carousel_timer : Starting Timer.
2026-03-03 17:34:04,515 : INFO : EventManager : Event: ======'timer_attract_carousel_timer_started'====== Args={'ticks': 0, 'ticks_remaining': 1}
2026-03-03 17:34:04,515 : INFO : EventManager : Event: ======'timer_attract_carousel_timer_tick'====== Args={'ticks': 0, 'ticks_remaining': 1}
2026-03-03 17:34:09,515 : INFO : Timer.attract_carousel_timer : Timer Complete
2026-03-03 17:34:09,515 : INFO : Timer.attract_carousel_timer : Stopping Timer
2026-03-03 17:34:09,515 : INFO : EventManager : Event: ======'timer_attract_carousel_timer_stopped'====== Args={'ticks': 1, 'ticks_remaining': 1}
2026-03-03 17:34:09,516 : INFO : EventManager : Event: ======'timer_attract_carousel_timer_complete'====== Args={'ticks': 1, 'ticks_remaining': 1}
2026-03-03 17:34:09,516 : INFO : EventManager : Event: ======'carousel_item_highlighted'====== Args={'carousel': 'attract', 'direction': 'forwards', 'item': 'logo'}
2026-03-03 17:34:09,516 : INFO : Timer.attract_carousel_timer : Starting Timer.
2026-03-03 17:34:09,516 : INFO : EventManager : Event: ======'timer_attract_carousel_timer_started'====== Args={'ticks': 0, 'ticks_remaining': 1}
2026-03-03 17:34:09,516 : INFO : EventManager : Event: ======'timer_attract_carousel_timer_tick'====== Args={'ticks': 0, 'ticks_remaining': 1}
2026-03-03 17:34:14,517 : INFO : Timer.attract_carousel_timer : Timer Complete
2026-03-03 17:34:14,518 : INFO : Timer.attract_carousel_timer : Stopping Timer
2026-03-03 17:34:14,518 : INFO : EventManager : Event: ======'timer_attract_carousel_timer_stopped'====== Args={'ticks': 1, 'ticks_remaining': 1}
2026-03-03 17:34:14,518 : INFO : EventManager : Event: ======'timer_attract_carousel_timer_complete'====== Args={'ticks': 1, 'ticks_remaining': 1}
2026-03-03 17:34:14,519 : INFO : EventManager : Event: ======'carousel_item_highlighted'====== Args={'carousel': 'attract', 'direction': 'forwards', 'item': 'title'}
2026-03-03 17:34:14,520 : INFO : Timer.attract_carousel_timer : Starting Timer.
2026-03-03 17:34:14,520 : INFO : EventManager : Event: ======'timer_attract_carousel_timer_started'====== Args={'ticks': 0, 'ticks_remaining': 1}
2026-03-03 17:34:14,520 : INFO : EventManager : Event: ======'timer_attract_carousel_timer_tick'====== Args={'ticks': 0, 'ticks_remaining': 1}
2026-03-03 17:34:19,520 : INFO : Timer.attract_carousel_timer : Timer Complete
2026-03-03 17:34:19,521 : INFO : Timer.attract_carousel_timer : Stopping Timer
2026-03-03 17:34:19,521 : INFO : EventManager : Event: ======'timer_attract_carousel_timer_stopped'====== Args={'ticks': 1, 'ticks_remaining': 1}
2026-03-03 17:34:19,521 : INFO : EventManager : Event: ======'timer_attract_carousel_timer_complete'====== Args={'ticks': 1, 'ticks_remaining': 1}
2026-03-03 17:34:19,522 : INFO : EventManager : Event: ======'carousel_item_highlighted'====== Args={'carousel': 'attract', 'direction': 'forwards', 'item': 'credits'}
2026-03-03 17:34:19,522 : INFO : Timer.attract_carousel_timer : Starting Timer.
2026-03-03 17:34:19,523 : INFO : EventManager : Event: ======'timer_attract_carousel_timer_started'====== Args={'ticks': 0, 'ticks_remaining': 1}
2026-03-03 17:34:19,523 : INFO : EventManager : Event: ======'timer_attract_carousel_timer_tick'====== Args={'ticks': 0, 'ticks_remaining': 1}
2026-03-03 17:34:24,523 : INFO : Timer.attract_carousel_timer : Timer Complete
2026-03-03 17:34:24,523 : INFO : Timer.attract_carousel_timer : Stopping Timer
2026-03-03 17:34:24,523 : INFO : EventManager : Event: ======'timer_attract_carousel_timer_stopped'====== Args={'ticks': 1, 'ticks_remaining': 1}
2026-03-03 17:34:24,523 : INFO : EventManager : Event: ======'timer_attract_carousel_timer_complete'====== Args={'ticks': 1, 'ticks_remaining': 1}
2026-03-03 17:34:24,523 : INFO : EventManager : Event: ======'carousel_item_highlighted'====== Args={'carousel': 'attract', 'direction': 'forwards', 'item': 'last_scores_1p'}
2026-03-03 17:34:24,523 : INFO : Timer.attract_carousel_timer : Starting Timer.
2026-03-03 17:34:24,524 : INFO : EventManager : Event: ======'timer_attract_carousel_timer_started'====== Args={'ticks': 0, 'ticks_remaining': 1}
2026-03-03 17:34:24,524 : INFO : EventManager : Event: ======'timer_attract_carousel_timer_tick'====== Args={'ticks': 0, 'ticks_remaining': 1}
2026-03-03 17:34:29,524 : INFO : Timer.attract_carousel_timer : Timer Complete
2026-03-03 17:34:29,525 : INFO : Timer.attract_carousel_timer : Stopping Timer
2026-03-03 17:34:29,525 : INFO : EventManager : Event: ======'timer_attract_carousel_timer_stopped'====== Args={'ticks': 1, 'ticks_remaining': 1}
2026-03-03 17:34:29,525 : INFO : EventManager : Event: ======'timer_attract_carousel_timer_complete'====== Args={'ticks': 1, 'ticks_remaining': 1}
2026-03-03 17:34:29,525 : INFO : EventManager : Event: ======'carousel_item_highlighted'====== Args={'carousel': 'attract', 'direction': 'forwards', 'item': 'logo'}
2026-03-03 17:34:29,525 : INFO : Timer.attract_carousel_timer : Starting Timer.
2026-03-03 17:34:29,526 : INFO : EventManager : Event: ======'timer_attract_carousel_timer_started'====== Args={'ticks': 0, 'ticks_remaining': 1}
2026-03-03 17:34:29,526 : INFO : EventManager : Event: ======'timer_attract_carousel_timer_tick'====== Args={'ticks': 0, 'ticks_remaining': 1}
2026-03-03 17:34:34,528 : INFO : Timer.attract_carousel_timer : Timer Complete
2026-03-03 17:34:34,528 : INFO : Timer.attract_carousel_timer : Stopping Timer
2026-03-03 17:34:34,528 : INFO : EventManager : Event: ======'timer_attract_carousel_timer_stopped'====== Args={'ticks': 1, 'ticks_remaining': 1}
2026-03-03 17:34:34,528 : INFO : EventManager : Event: ======'timer_attract_carousel_timer_complete'====== Args={'ticks': 1, 'ticks_remaining': 1}
2026-03-03 17:34:34,529 : INFO : EventManager : Event: ======'carousel_item_highlighted'====== Args={'carousel': 'attract', 'direction': 'forwards', 'item': 'title'}
2026-03-03 17:34:34,529 : INFO : Timer.attract_carousel_timer : Starting Timer.
2026-03-03 17:34:34,529 : INFO : EventManager : Event: ======'timer_attract_carousel_timer_started'====== Args={'ticks': 0, 'ticks_remaining': 1}
2026-03-03 17:34:34,530 : INFO : EventManager : Event: ======'timer_attract_carousel_timer_tick'====== Args={'ticks': 0, 'ticks_remaining': 1}
2026-03-03 17:34:39,530 : INFO : Timer.attract_carousel_timer : Timer Complete
2026-03-03 17:34:39,530 : INFO : Timer.attract_carousel_timer : Stopping Timer
2026-03-03 17:34:39,530 : INFO : EventManager : Event: ======'timer_attract_carousel_timer_stopped'====== Args={'ticks': 1, 'ticks_remaining': 1}
2026-03-03 17:34:39,530 : INFO : EventManager : Event: ======'timer_attract_carousel_timer_complete'====== Args={'ticks': 1, 'ticks_remaining': 1}
2026-03-03 17:34:39,530 : INFO : EventManager : Event: ======'carousel_item_highlighted'====== Args={'carousel': 'attract', 'direction': 'forwards', 'item': 'credits'}
2026-03-03 17:34:39,531 : INFO : Timer.attract_carousel_timer : Starting Timer.
2026-03-03 17:34:39,531 : INFO : EventManager : Event: ======'timer_attract_carousel_timer_started'====== Args={'ticks': 0, 'ticks_remaining': 1}
2026-03-03 17:34:39,531 : INFO : EventManager : Event: ======'timer_attract_carousel_timer_tick'====== Args={'ticks': 0, 'ticks_remaining': 1}
2026-03-03 17:34:44,532 : INFO : Timer.attract_carousel_timer : Timer Complete
2026-03-03 17:34:44,532 : INFO : Timer.attract_carousel_timer : Stopping Timer
2026-03-03 17:34:44,532 : INFO : EventManager : Event: ======'timer_attract_carousel_timer_stopped'====== Args={'ticks': 1, 'ticks_remaining': 1}
2026-03-03 17:34:44,532 : INFO : EventManager : Event: ======'timer_attract_carousel_timer_complete'====== Args={'ticks': 1, 'ticks_remaining': 1}
2026-03-03 17:34:44,532 : INFO : EventManager : Event: ======'carousel_item_highlighted'====== Args={'carousel': 'attract', 'direction': 'forwards', 'item': 'last_scores_1p'}
2026-03-03 17:34:44,533 : INFO : Timer.attract_carousel_timer : Starting Timer.
2026-03-03 17:34:44,533 : INFO : EventManager : Event: ======'timer_attract_carousel_timer_started'====== Args={'ticks': 0, 'ticks_remaining': 1}
2026-03-03 17:34:44,533 : INFO : EventManager : Event: ======'timer_attract_carousel_timer_tick'====== Args={'ticks': 0, 'ticks_remaining': 1}
2026-03-03 17:34:49,533 : INFO : Timer.attract_carousel_timer : Timer Complete
2026-03-03 17:34:49,533 : INFO : Timer.attract_carousel_timer : Stopping Timer
2026-03-03 17:34:49,534 : INFO : EventManager : Event: ======'timer_attract_carousel_timer_stopped'====== Args={'ticks': 1, 'ticks_remaining': 1}
2026-03-03 17:34:49,534 : INFO : EventManager : Event: ======'timer_attract_carousel_timer_complete'====== Args={'ticks': 1, 'ticks_remaining': 1}
2026-03-03 17:34:49,534 : INFO : EventManager : Event: ======'carousel_item_highlighted'====== Args={'carousel': 'attract', 'direction': 'forwards', 'item': 'logo'}
2026-03-03 17:34:49,534 : INFO : Timer.attract_carousel_timer : Starting Timer.
2026-03-03 17:34:49,534 : INFO : EventManager : Event: ======'timer_attract_carousel_timer_started'====== Args={'ticks': 0, 'ticks_remaining': 1}
2026-03-03 17:34:49,535 : INFO : EventManager : Event: ======'timer_attract_carousel_timer_tick'====== Args={'ticks': 0, 'ticks_remaining': 1}
2026-03-03 17:34:54,535 : INFO : Timer.attract_carousel_timer : Timer Complete
2026-03-03 17:34:54,536 : INFO : Timer.attract_carousel_timer : Stopping Timer
2026-03-03 17:34:54,536 : INFO : EventManager : Event: ======'timer_attract_carousel_timer_stopped'====== Args={'ticks': 1, 'ticks_remaining': 1}
2026-03-03 17:34:54,536 : INFO : EventManager : Event: ======'timer_attract_carousel_timer_complete'====== Args={'ticks': 1, 'ticks_remaining': 1}
2026-03-03 17:34:54,536 : INFO : EventManager : Event: ======'carousel_item_highlighted'====== Args={'carousel': 'attract', 'direction': 'forwards', 'item': 'title'}
2026-03-03 17:34:54,536 : INFO : Timer.attract_carousel_timer : Starting Timer.
2026-03-03 17:34:54,536 : INFO : EventManager : Event: ======'timer_attract_carousel_timer_started'====== Args={'ticks': 0, 'ticks_remaining': 1}
2026-03-03 17:34:54,536 : INFO : EventManager : Event: ======'timer_attract_carousel_timer_tick'====== Args={'ticks': 0, 'ticks_remaining': 1}
2026-03-03 17:34:59,536 : INFO : Timer.attract_carousel_timer : Timer Complete
2026-03-03 17:34:59,537 : INFO : Timer.attract_carousel_timer : Stopping Timer
2026-03-03 17:34:59,537 : INFO : EventManager : Event: ======'timer_attract_carousel_timer_stopped'====== Args={'ticks': 1, 'ticks_remaining': 1}
2026-03-03 17:34:59,537 : INFO : EventManager : Event: ======'timer_attract_carousel_timer_complete'====== Args={'ticks': 1, 'ticks_remaining': 1}
2026-03-03 17:34:59,537 : INFO : EventManager : Event: ======'carousel_item_highlighted'====== Args={'carousel': 'attract', 'direction': 'forwards', 'item': 'credits'}
2026-03-03 17:34:59,537 : INFO : Timer.attract_carousel_timer : Starting Timer.
2026-03-03 17:34:59,537 : INFO : EventManager : Event: ======'timer_attract_carousel_timer_started'====== Args={'ticks': 0, 'ticks_remaining': 1}
2026-03-03 17:34:59,538 : INFO : EventManager : Event: ======'timer_attract_carousel_timer_tick'====== Args={'ticks': 0, 'ticks_remaining': 1}
2026-03-03 17:35:04,538 : INFO : Timer.attract_carousel_timer : Timer Complete
2026-03-03 17:35:04,538 : INFO : Timer.attract_carousel_timer : Stopping Timer
2026-03-03 17:35:04,538 : INFO : EventManager : Event: ======'timer_attract_carousel_timer_stopped'====== Args={'ticks': 1, 'ticks_remaining': 1}
2026-03-03 17:35:04,538 : INFO : EventManager : Event: ======'timer_attract_carousel_timer_complete'====== Args={'ticks': 1, 'ticks_remaining': 1}
2026-03-03 17:35:04,538 : INFO : EventManager : Event: ======'carousel_item_highlighted'====== Args={'carousel': 'attract', 'direction': 'forwards', 'item': 'last_scores_1p'}
2026-03-03 17:35:04,539 : INFO : Timer.attract_carousel_timer : Starting Timer.
2026-03-03 17:35:04,539 : INFO : EventManager : Event: ======'timer_attract_carousel_timer_started'====== Args={'ticks': 0, 'ticks_remaining': 1}
2026-03-03 17:35:04,539 : INFO : EventManager : Event: ======'timer_attract_carousel_timer_tick'====== Args={'ticks': 0, 'ticks_remaining': 1}
2026-03-03 17:35:09,540 : INFO : Timer.attract_carousel_timer : Timer Complete
2026-03-03 17:35:09,540 : INFO : Timer.attract_carousel_timer : Stopping Timer
2026-03-03 17:35:09,540 : INFO : EventManager : Event: ======'timer_attract_carousel_timer_stopped'====== Args={'ticks': 1, 'ticks_remaining': 1}
2026-03-03 17:35:09,540 : INFO : EventManager : Event: ======'timer_attract_carousel_timer_complete'====== Args={'ticks': 1, 'ticks_remaining': 1}
2026-03-03 17:35:09,540 : INFO : EventManager : Event: ======'carousel_item_highlighted'====== Args={'carousel': 'attract', 'direction': 'forwards', 'item': 'logo'}
2026-03-03 17:35:09,541 : INFO : Timer.attract_carousel_timer : Starting Timer.
2026-03-03 17:35:09,541 : INFO : EventManager : Event: ======'timer_attract_carousel_timer_started'====== Args={'ticks': 0, 'ticks_remaining': 1}
2026-03-03 17:35:09,541 : INFO : EventManager : Event: ======'timer_attract_carousel_timer_tick'====== Args={'ticks': 0, 'ticks_remaining': 1}
2026-03-03 17:35:14,541 : INFO : Timer.attract_carousel_timer : Timer Complete
2026-03-03 17:35:14,541 : INFO : Timer.attract_carousel_timer : Stopping Timer
2026-03-03 17:35:14,541 : INFO : EventManager : Event: ======'timer_attract_carousel_timer_stopped'====== Args={'ticks': 1, 'ticks_remaining': 1}
2026-03-03 17:35:14,541 : INFO : EventManager : Event: ======'timer_attract_carousel_timer_complete'====== Args={'ticks': 1, 'ticks_remaining': 1}
2026-03-03 17:35:14,542 : INFO : EventManager : Event: ======'carousel_item_highlighted'====== Args={'carousel': 'attract', 'direction': 'forwards', 'item': 'title'}
2026-03-03 17:35:14,542 : INFO : Timer.attract_carousel_timer : Starting Timer.
2026-03-03 17:35:14,542 : INFO : EventManager : Event: ======'timer_attract_carousel_timer_started'====== Args={'ticks': 0, 'ticks_remaining': 1}
2026-03-03 17:35:14,542 : INFO : EventManager : Event: ======'timer_attract_carousel_timer_tick'====== Args={'ticks': 0, 'ticks_remaining': 1}
2026-03-03 17:35:19,543 : INFO : Timer.attract_carousel_timer : Timer Complete
2026-03-03 17:35:19,543 : INFO : Timer.attract_carousel_timer : Stopping Timer
2026-03-03 17:35:19,543 : INFO : EventManager : Event: ======'timer_attract_carousel_timer_stopped'====== Args={'ticks': 1, 'ticks_remaining': 1}
2026-03-03 17:35:19,543 : INFO : EventManager : Event: ======'timer_attract_carousel_timer_complete'====== Args={'ticks': 1, 'ticks_remaining': 1}
2026-03-03 17:35:19,544 : INFO : EventManager : Event: ======'carousel_item_highlighted'====== Args={'carousel': 'attract', 'direction': 'forwards', 'item': 'credits'}
2026-03-03 17:35:19,544 : INFO : Timer.attract_carousel_timer : Starting Timer.
2026-03-03 17:35:19,544 : INFO : EventManager : Event: ======'timer_attract_carousel_timer_started'====== Args={'ticks': 0, 'ticks_remaining': 1}
2026-03-03 17:35:19,544 : INFO : EventManager : Event: ======'timer_attract_carousel_timer_tick'====== Args={'ticks': 0, 'ticks_remaining': 1}
2026-03-03 17:35:24,544 : INFO : Timer.attract_carousel_timer : Timer Complete
2026-03-03 17:35:24,544 : INFO : Timer.attract_carousel_timer : Stopping Timer
2026-03-03 17:35:24,544 : INFO : EventManager : Event: ======'timer_attract_carousel_timer_stopped'====== Args={'ticks': 1, 'ticks_remaining': 1}
2026-03-03 17:35:24,545 : INFO : EventManager : Event: ======'timer_attract_carousel_timer_complete'====== Args={'ticks': 1, 'ticks_remaining': 1}
2026-03-03 17:35:24,545 : INFO : EventManager : Event: ======'carousel_item_highlighted'====== Args={'carousel': 'attract', 'direction': 'forwards', 'item': 'last_scores_1p'}
2026-03-03 17:35:24,545 : INFO : Timer.attract_carousel_timer : Starting Timer.
2026-03-03 17:35:24,545 : INFO : EventManager : Event: ======'timer_attract_carousel_timer_started'====== Args={'ticks': 0, 'ticks_remaining': 1}
2026-03-03 17:35:24,545 : INFO : EventManager : Event: ======'timer_attract_carousel_timer_tick'====== Args={'ticks': 0, 'ticks_remaining': 1}
2026-03-03 17:35:29,545 : INFO : Timer.attract_carousel_timer : Timer Complete
2026-03-03 17:35:29,545 : INFO : Timer.attract_carousel_timer : Stopping Timer
2026-03-03 17:35:29,546 : INFO : EventManager : Event: ======'timer_attract_carousel_timer_stopped'====== Args={'ticks': 1, 'ticks_remaining': 1}
2026-03-03 17:35:29,546 : INFO : EventManager : Event: ======'timer_attract_carousel_timer_complete'====== Args={'ticks': 1, 'ticks_remaining': 1}
2026-03-03 17:35:29,546 : INFO : EventManager : Event: ======'carousel_item_highlighted'====== Args={'carousel': 'attract', 'direction': 'forwards', 'item': 'logo'}
2026-03-03 17:35:29,547 : INFO : Timer.attract_carousel_timer : Starting Timer.
2026-03-03 17:35:29,547 : INFO : EventManager : Event: ======'timer_attract_carousel_timer_started'====== Args={'ticks': 0, 'ticks_remaining': 1}
2026-03-03 17:35:29,547 : INFO : EventManager : Event: ======'timer_attract_carousel_timer_tick'====== Args={'ticks': 0, 'ticks_remaining': 1}
2026-03-03 17:35:34,547 : INFO : Timer.attract_carousel_timer : Timer Complete
2026-03-03 17:35:34,547 : INFO : Timer.attract_carousel_timer : Stopping Timer
2026-03-03 17:35:34,547 : INFO : EventManager : Event: ======'timer_attract_carousel_timer_stopped'====== Args={'ticks': 1, 'ticks_remaining': 1}
2026-03-03 17:35:34,547 : INFO : EventManager : Event: ======'timer_attract_carousel_timer_complete'====== Args={'ticks': 1, 'ticks_remaining': 1}
2026-03-03 17:35:34,548 : INFO : EventManager : Event: ======'carousel_item_highlighted'====== Args={'carousel': 'attract', 'direction': 'forwards', 'item': 'title'}
2026-03-03 17:35:34,548 : INFO : Timer.attract_carousel_timer : Starting Timer.
2026-03-03 17:35:34,548 : INFO : EventManager : Event: ======'timer_attract_carousel_timer_started'====== Args={'ticks': 0, 'ticks_remaining': 1}
2026-03-03 17:35:34,548 : INFO : EventManager : Event: ======'timer_attract_carousel_timer_tick'====== Args={'ticks': 0, 'ticks_remaining': 1}
2026-03-03 17:35:38,252 : INFO : SwitchController : <<<<<<< 's_start' active >>>>>>>
2026-03-03 17:35:38,434 : INFO : SwitchController : <<<<<<< 's_start' inactive >>>>>>>
2026-03-03 17:35:38,435 : INFO : EventManager : Event: ======'request_to_start_game'====== Args={}
2026-03-03 17:35:38,435 : INFO : EventManager : Event: ======'game_start'====== Args={'buttons': [], 'hold_time': 0.18234418900101446}
2026-03-03 17:35:38,435 : INFO : EventManager : Event: ======'mode_game_will_start'====== Args={'buttons': [], 'hold_time': 0.18234418900101446}
2026-03-03 17:35:38,435 : INFO : EventManager : Event: ======'mode_game_starting'====== Args={'buttons': [], 'hold_time': 0.18234418900101446}
2026-03-03 17:35:38,436 : INFO : EventManager : Event: ======'mode_attract_will_stop'====== Args={}
2026-03-03 17:35:38,436 : INFO : EventManager : Event: ======'mode_attract_stopping'====== Args={}
2026-03-03 17:35:38,436 : INFO : Mode.attract : Stopped.
2026-03-03 17:35:38,436 : INFO : EventManager : Event: ======'modes_active_modes_changed'====== Args={}
2026-03-03 17:35:38,436 : INFO : EventManager : Event: ======'mode_attract_stopped'====== Args={}
2026-03-03 17:35:38,436 : INFO : EventManager : Event: ======'clear'====== Args={'key': 'attract'}
2026-03-03 17:35:38,437 : INFO : Timer.attract_carousel_timer : Stopping Timer
2026-03-03 17:35:38,437 : INFO : EventManager : Event: ======'timer_attract_carousel_timer_stopped'====== Args={'ticks': 0, 'ticks_remaining': 1}
2026-03-03 17:35:38,437 : INFO : Mode.game : Started. Priority: 20
2026-03-03 17:35:38,437 : INFO : EventManager : Event: ======'modes_active_modes_changed'====== Args={}
2026-03-03 17:35:38,437 : INFO : EventManager : Event: ======'mode_game_started'====== Args={'buttons': [], 'hold_time': 0.18234418900101446}
2026-03-03 17:35:38,437 : INFO : EventManager : Event: ======'game_will_start'====== Args={}
2026-03-03 17:35:38,438 : INFO : EventManager : Event: ======'game_starting'====== Args={'game': <Mode.game>}
2026-03-03 17:35:38,439 : INFO : EventManager : Unordered handler for class <Auditor> on event game_ended with priority 1. Handlers: [RegisteredHandler(callback=<bound method Auditor.disable of <Auditor>>, priority=1, kwargs={}, key=UUID('754c5d1d-e1ff-4879-acf9-b6c8d6c43357'), condition=None, blocking_facility=None), RegisteredHandler(callback=<bound method Auditor._save_audits of <Auditor>>, priority=1, kwargs={}, key=UUID('bf2a37e9-0015-4e4f-932b-3324ffca734d'), condition=None, blocking_facility=None)]. The order of those handlers is not defined and they will be executed in random order. This might lead to race conditions and potential bugs.
2026-03-03 17:35:38,439 : INFO : EventManager : Event: ======'player_add_request'====== Args={}
2026-03-03 17:35:38,439 : INFO : EventManager : Event: ======'player_will_add'====== Args={'number': 1}
2026-03-03 17:35:38,439 : INFO : EventManager : Event: ======'player_adding'====== Args={'player': <Player 1>, 'number': 1}
2026-03-03 17:35:38,439 : INFO : EventManager : Event: ======'player_added'====== Args={'player': <Player 1>, 'num': 1}
2026-03-03 17:35:38,439 : INFO : Mode.game : Player added successfully. Total players: 1
2026-03-03 17:35:38,439 : INFO : EventManager : Event: ======'player_index'====== Args={'value': 0, 'prev_value': 0, 'change': 0, 'player_num': 1}
2026-03-03 17:35:38,440 : INFO : EventManager : Event: ======'player_number'====== Args={'value': 1, 'prev_value': 1, 'change': 0, 'player_num': 1}
2026-03-03 17:35:38,440 : INFO : EventManager : Event: ======'player_score'====== Args={'value': 0, 'prev_value': 0, 'change': 0, 'player_num': 1}
2026-03-03 17:35:38,441 : INFO : EventManager : Event: ======'game_started'====== Args={}
2026-03-03 17:35:38,441 : INFO : EventManager : Event: ======'player_turn_will_start'====== Args={'player': <Player 1>, 'number': 1}
2026-03-03 17:35:38,447 : INFO : EventManager : Event: ======'player_turn_starting'====== Args={'player': <Player 1>, 'number': 1}
2026-03-03 17:35:38,462 : INFO : EventManager : Event: ======'player_ball'====== Args={'value': 1, 'prev_value': 0, 'change': 1, 'player_num': 1}
2026-03-03 17:35:38,463 : INFO : EventManager : Event: ======'player_turn_started'====== Args={'player': <Player 1>, 'number': 1}
2026-03-03 17:35:38,464 : INFO : EventManager : Event: ======'ball_will_start'====== Args={'player': 1, 'ball': 1, 'balls_remaining': 2, 'is_extra_ball': False}
2026-03-03 17:35:38,464 : INFO : EventManager : Event: ======'ball_starting'====== Args={'player': 1, 'ball': 1, 'balls_remaining': 2, 'is_extra_ball': False}
2026-03-03 17:35:38,465 : INFO : EventManager : Event: ======'mode_base_will_start'====== Args={'queue': <QueuedEvent>, 'player': 1, 'ball': 1, 'balls_remaining': 2, 'is_extra_ball': False}
2026-03-03 17:35:38,466 : INFO : EventManager : Event: ======'mode_base_starting'====== Args={'queue': <QueuedEvent>, 'player': 1, 'ball': 1, 'balls_remaining': 2, 'is_extra_ball': False}
2026-03-03 17:35:38,466 : INFO : Mode.base : Started. Priority: 100
2026-03-03 17:35:38,466 : INFO : EventManager : Event: ======'modes_active_modes_changed'====== Args={}
2026-03-03 17:35:38,466 : INFO : EventManager : Event: ======'mode_base_started'====== Args={'queue': <QueuedEvent>, 'player': 1, 'ball': 1, 'balls_remaining': 2, 'is_extra_ball': False}
2026-03-03 17:35:38,466 : INFO : EventManager : Event: ======'start_mode_bumpers'====== Args={'priority': 0}
2026-03-03 17:35:38,467 : INFO : EventManager : Event: ======'mode_bumpers_will_start'====== Args={'priority': 0}
2026-03-03 17:35:38,467 : INFO : EventManager : Event: ======'player_shot_shot_sling_left_enabled'====== Args={'value': True, 'prev_value': 0, 'change': 1, 'player_num': 1}
2026-03-03 17:35:38,468 : INFO : EventManager : Event: ======'player_shot_shot_sling_right_enabled'====== Args={'value': True, 'prev_value': 0, 'change': 1, 'player_num': 1}
2026-03-03 17:35:38,468 : INFO : EventManager : Event: ======'player_shot_shot_bumper_lower_enabled'====== Args={'value': True, 'prev_value': 0, 'change': 1, 'player_num': 1}
2026-03-03 17:35:38,469 : INFO : EventManager : Event: ======'player_shot_shot_bumper_upper_enabled'====== Args={'value': True, 'prev_value': 0, 'change': 1, 'player_num': 1}
2026-03-03 17:35:38,469 : INFO : EventManager : Event: ======'player_shot_shot_inlane_left_enabled'====== Args={'value': True, 'prev_value': 0, 'change': 1, 'player_num': 1}
2026-03-03 17:35:38,469 : INFO : EventManager : Event: ======'player_shot_shot_inlane_right_1_enabled'====== Args={'value': True, 'prev_value': 0, 'change': 1, 'player_num': 1}
2026-03-03 17:35:38,470 : INFO : EventManager : Event: ======'player_shot_shot_inlane_right_2_enabled'====== Args={'value': True, 'prev_value': 0, 'change': 1, 'player_num': 1}
2026-03-03 17:35:38,470 : INFO : EventManager : Event: ======'slings_complete'====== Args={'state': 'unlit'}
2026-03-03 17:35:38,470 : INFO : EventManager : Event: ======'slings_unlit_complete'====== Args={}
2026-03-03 17:35:38,472 : INFO : EventManager : Event: ======'mode_bumpers_starting'====== Args={'priority': 0}
2026-03-03 17:35:38,479 : INFO : Mode.bumpers : Started. Priority: 200
2026-03-03 17:35:38,479 : INFO : EventManager : Event: ======'modes_active_modes_changed'====== Args={}
2026-03-03 17:35:38,479 : INFO : EventManager : Event: ======'mode_bumpers_started'====== Args={'priority': 0}
2026-03-03 17:35:38,480 : INFO : EventManager : Event: ======'balls_in_play'====== Args={'balls': 1}
2026-03-03 17:35:38,480 : INFO : EventManager : Event: ======'ball_started'====== Args={'player': 1, 'ball': 1, 'balls_remaining': 2, 'is_extra_ball': False}
2026-03-03 17:35:38,490 : INFO : EventManager : Event: ======'single_player_ball_started'====== Args={}
2026-03-03 17:35:38,491 : INFO : EventManager : Event: ======'ball_start_target'====== Args={'target': 'playfield'}
2026-03-03 17:35:38,491 : INFO : ball_device.bd_plunger : Setting up player-controlled eject. Balls: 1, Target: <playfield.playfield>, player_controlled_eject_event: None
2026-03-03 17:35:38,491 : INFO : EventManager : Event: ======'balldevice_balls_available'====== Args={}
2026-03-03 17:35:38,492 : INFO : ball_device.bd_trough : State: waiting_for_target_ready
2026-03-03 17:35:38,492 : INFO : EventManager : Event: ======'balldevice_bd_trough_ball_eject_attempt'====== Args={'balls': 1, 'target': <ball_device.bd_plunger>, 'source': <ball_device.bd_trough>, 'mechanical_eject': True, 'num_attempts': 0}
2026-03-03 17:35:38,492 : INFO : ball_device.bd_plunger : State: waiting_for_ball
2026-03-03 17:35:38,493 : INFO : ball_device.bd_trough : State: ejecting
2026-03-03 17:35:38,493 : INFO : ball_device.bd_trough : Ejecting ball to <ball_device.bd_plunger>
2026-03-03 17:35:38,493 : INFO : EventManager : Event: ======'balldevice_bd_trough_ejecting_ball'====== Args={'balls': 1, 'target': <ball_device.bd_plunger>, 'source': <ball_device.bd_trough>, 'mechanical_eject': True, 'num_attempts': 0}
2026-03-03 17:35:38,493 : INFO : ball_device.bd_trough : Wait for ball to leave device
2026-03-03 17:35:38,494 : INFO : coil.c_trough_eject : Pulsing Driver for 20ms (1.0 pulse_power)
2026-03-03 17:35:38,521 : INFO : SwitchController : <<<<<<< 's_trough_1' inactive >>>>>>>
2026-03-03 17:35:38,522 : INFO : SwitchController : <<<<<<< 's_trough_7' active >>>>>>>
2026-03-03 17:35:38,522 : INFO : EventManager : Event: ======'machine_var_audits_switches_s_trough_7'====== Args={'value': 79, 'prev_value': 78, 'change': 1}
2026-03-03 17:35:38,522 : INFO : ball_device.bd_trough : State: ball_left
2026-03-03 17:35:38,522 : INFO : ball_device.bd_trough : Ball left
2026-03-03 17:35:38,523 : INFO : ball_device.bd_trough : Wait for confirm with timeout 3.0
2026-03-03 17:35:38,524 : INFO : EventManager : Event: ======'slide_base_slide_created'====== Args={'_from_bcp': True}
2026-03-03 17:35:38,524 : INFO : EventManager : Event: ======'slide_attract_inactive'====== Args={'is_removing': True, '_from_bcp': True}
2026-03-03 17:35:38,527 : INFO : EventManager : Event: ======'slide_base_slide_active'====== Args={'original_context': 'base', 'original_calling_context': 'mode_base_started', 'priority': 100.0, 'queue': '<QueuedEvent>', 'player': 1.0, 'ball': 1.0, 'balls_remaining': 2.0, 'is_extra_ball': False, 'cmd': 'slides_play', '_from_bcp': True}
2026-03-03 17:35:38,528 : INFO : EventManager : Event: ======'slide_attract_removed'====== Args={'_from_bcp': True}
2026-03-03 17:35:38,540 : INFO : SwitchController : <<<<<<< 's_trough_7' inactive >>>>>>>
2026-03-03 17:35:38,643 : INFO : SwitchController : <<<<<<< 's_plunger' active >>>>>>>
2026-03-03 17:35:38,643 : INFO : EventManager : Event: ======'machine_var_audits_switches_s_plunger'====== Args={'value': 86, 'prev_value': 85, 'change': 1}
2026-03-03 17:35:39,145 : INFO : ball_device.bd_plunger : Received ball from <ball_device.bd_trough>
2026-03-03 17:35:39,145 : INFO : EventManager : Event: ======'balldevice_bd_plunger_ball_enter'====== Args={'new_balls': 1, 'unclaimed_balls': 0, 'new_available_balls': 0, 'device': <ball_device.bd_plunger>}
2026-03-03 17:35:39,146 : INFO : EventManager : Event: ======'balldevice_bd_plunger_ball_entered'====== Args={'new_balls': 0, 'device': <ball_device.bd_plunger>}
2026-03-03 17:35:39,147 : INFO : EventManager : Event: ======'balldevice_bd_plunger_ball_count_changed'====== Args={'balls': 1}
2026-03-03 17:35:39,147 : INFO : ball_device.bd_trough : Got eject confirm
2026-03-03 17:35:39,147 : INFO : ball_device.bd_trough : Eject successful
2026-03-03 17:35:39,147 : INFO : EventManager : Event: ======'balldevice_bd_trough_ball_eject_success'====== Args={'balls': 1, 'target': <ball_device.bd_plunger>}
2026-03-03 17:35:39,148 : INFO : ball_device.bd_plunger : State: waiting_for_target_ready
2026-03-03 17:35:39,148 : INFO : EventManager : Event: ======'balldevice_bd_plunger_ball_eject_attempt'====== Args={'balls': 1, 'target': <playfield.playfield>, 'source': <ball_device.bd_plunger>, 'mechanical_eject': True, 'num_attempts': 0}
2026-03-03 17:35:39,148 : INFO : EventManager : Event: ======'balldevice_bd_trough_ball_count_changed'====== Args={'balls': 0}
2026-03-03 17:35:39,148 : INFO : ball_device.bd_trough : State: idle
2026-03-03 17:35:39,149 : INFO : ball_device.bd_plunger : State: ejecting
2026-03-03 17:35:39,149 : INFO : ball_device.bd_plunger : Ejecting ball to <playfield.playfield>
2026-03-03 17:35:39,149 : INFO : EventManager : Event: ======'balldevice_bd_plunger_ejecting_ball'====== Args={'balls': 1, 'target': <playfield.playfield>, 'source': <ball_device.bd_plunger>, 'mechanical_eject': True, 'num_attempts': 0}
2026-03-03 17:35:39,149 : INFO : ball_device.bd_plunger : Wait for ball to leave device
2026-03-03 17:35:40,706 : INFO : SwitchController : <<<<<<< 's_plunger' inactive >>>>>>>
2026-03-03 17:35:40,707 : INFO : ball_device.bd_plunger : State: ball_left
2026-03-03 17:35:40,707 : INFO : ball_device.bd_plunger : Ball left
2026-03-03 17:35:40,707 : INFO : ball_device.bd_plunger : Wait for confirm with timeout 5.0
2026-03-03 17:35:41,263 : INFO : SwitchController : <<<<<<< 's_flipper_right_lower' active >>>>>>>
2026-03-03 17:35:41,263 : INFO : EventManager : Event: ======'machine_var_audits_switches_s_flipper_right_lower'====== Args={'value': 1332, 'prev_value': 1331, 'change': 1}
2026-03-03 17:35:41,294 : INFO : SwitchController : <<<<<<< 's_flipper_right_lower' inactive >>>>>>>
2026-03-03 17:35:41,751 : INFO : SwitchController : <<<<<<< 's_flipper_right_lower' active >>>>>>>
2026-03-03 17:35:41,752 : INFO : EventManager : Event: ======'machine_var_audits_switches_s_flipper_right_lower'====== Args={'value': 1333, 'prev_value': 1332, 'change': 1}
2026-03-03 17:35:41,754 : INFO : SwitchController : <<<<<<< 's_flipper_right_upper' active >>>>>>>
2026-03-03 17:35:41,755 : INFO : EventManager : Event: ======'machine_var_audits_switches_s_flipper_right_upper'====== Args={'value': 1198, 'prev_value': 1197, 'change': 1}
2026-03-03 17:35:41,859 : INFO : SwitchController : <<<<<<< 's_flipper_right_upper' inactive >>>>>>>
2026-03-03 17:35:41,879 : INFO : SwitchController : <<<<<<< 's_flipper_right_lower' inactive >>>>>>>
2026-03-03 17:35:41,880 : INFO : SwitchController : <<<<<<< 's_flipper_left' active >>>>>>>
2026-03-03 17:35:41,881 : INFO : EventManager : Event: ======'machine_var_audits_switches_s_flipper_left'====== Args={'value': 631, 'prev_value': 630, 'change': 1}
2026-03-03 17:35:41,900 : INFO : SwitchController : <<<<<<< 's_flipper_left_eos' inactive >>>>>>>
2026-03-03 17:35:42,017 : INFO : SwitchController : <<<<<<< 's_flipper_left' inactive >>>>>>>
2026-03-03 17:35:42,105 : INFO : SwitchController : <<<<<<< 's_flipper_left_eos' active >>>>>>>
2026-03-03 17:35:42,105 : INFO : EventManager : Event: ======'machine_var_audits_switches_s_flipper_left_eos'====== Args={'value': 525, 'prev_value': 524, 'change': 1}
2026-03-03 17:35:42,486 : INFO : SwitchController : <<<<<<< 's_flipper_right_lower' active >>>>>>>
2026-03-03 17:35:42,486 : INFO : EventManager : Event: ======'machine_var_audits_switches_s_flipper_right_lower'====== Args={'value': 1334, 'prev_value': 1333, 'change': 1}
2026-03-03 17:35:42,494 : INFO : SwitchController : <<<<<<< 's_flipper_right_upper' active >>>>>>>
2026-03-03 17:35:42,494 : INFO : EventManager : Event: ======'machine_var_audits_switches_s_flipper_right_upper'====== Args={'value': 1199, 'prev_value': 1198, 'change': 1}
2026-03-03 17:35:42,792 : INFO : SwitchController : <<<<<<< 's_flipper_right_upper' inactive >>>>>>>
2026-03-03 17:35:42,800 : INFO : SwitchController : <<<<<<< 's_flipper_right_lower' inactive >>>>>>>
2026-03-03 17:35:45,204 : INFO : SwitchController : <<<<<<< 's_flipper_right_lower' active >>>>>>>
2026-03-03 17:35:45,204 : INFO : EventManager : Event: ======'machine_var_audits_switches_s_flipper_right_lower'====== Args={'value': 1335, 'prev_value': 1334, 'change': 1}
2026-03-03 17:35:45,205 : INFO : SwitchController : <<<<<<< 's_flipper_right_upper' active >>>>>>>
2026-03-03 17:35:45,205 : INFO : EventManager : Event: ======'machine_var_audits_switches_s_flipper_right_upper'====== Args={'value': 1200, 'prev_value': 1199, 'change': 1}
2026-03-03 17:35:45,708 : INFO : ball_device.bd_plunger : State: failed_confirm
2026-03-03 17:35:45,708 : INFO : ball_device.bd_plunger : Got timeout (5.0s) before confirm from <playfield.playfield>
2026-03-03 17:35:45,810 : INFO : ball_device.bd_plunger : Confirming eject because target is playfield and ball did not return.
2026-03-03 17:35:45,810 : INFO : ball_device.bd_plunger : Eject successful
2026-03-03 17:35:45,810 : INFO : EventManager : Event: ======'balldevice_bd_plunger_ball_eject_success'====== Args={'balls': 1, 'target': <playfield.playfield>}
2026-03-03 17:35:45,810 : INFO : EventManager : Event: ======'balldevice_playfield_ball_enter'====== Args={'new_balls': 1, 'unclaimed_balls': 1, 'device': <playfield.playfield>}
2026-03-03 17:35:45,810 : INFO : EventManager : Event: ======'playfield_ball_count_change'====== Args={'balls': 1, 'change': 1}
2026-03-03 17:35:45,811 : INFO : EventManager : Event: ======'balldevice_bd_plunger_ball_count_changed'====== Args={'balls': 0}
2026-03-03 17:35:45,811 : INFO : ball_device.bd_plunger : State: idle
2026-03-03 17:35:46,359 : INFO : SwitchController : <<<<<<< 's_flipper_right_upper' inactive >>>>>>>
2026-03-03 17:35:46,361 : INFO : SwitchController : <<<<<<< 's_flipper_right_lower' inactive >>>>>>>
2026-03-03 17:35:47,358 : INFO : SwitchController : <<<<<<< 's_flipper_right_lower' active >>>>>>>
2026-03-03 17:35:47,359 : INFO : EventManager : Event: ======'machine_var_audits_switches_s_flipper_right_lower'====== Args={'value': 1336, 'prev_value': 1335, 'change': 1}
2026-03-03 17:35:47,359 : INFO : SwitchController : <<<<<<< 's_flipper_right_upper' active >>>>>>>
2026-03-03 17:35:47,360 : INFO : EventManager : Event: ======'machine_var_audits_switches_s_flipper_right_upper'====== Args={'value': 1201, 'prev_value': 1200, 'change': 1}
2026-03-03 17:35:47,479 : INFO : SwitchController : <<<<<<< 's_flipper_right_upper' inactive >>>>>>>
2026-03-03 17:35:47,486 : INFO : SwitchController : <<<<<<< 's_flipper_right_lower' inactive >>>>>>>
2026-03-03 17:35:48,211 : INFO : SwitchController : <<<<<<< 's_flipper_right_lower' active >>>>>>>
2026-03-03 17:35:48,212 : INFO : EventManager : Event: ======'machine_var_audits_switches_s_flipper_right_lower'====== Args={'value': 1337, 'prev_value': 1336, 'change': 1}
2026-03-03 17:35:48,231 : INFO : SwitchController : <<<<<<< 's_flipper_right_upper' active >>>>>>>
2026-03-03 17:35:48,231 : INFO : EventManager : Event: ======'machine_var_audits_switches_s_flipper_right_upper'====== Args={'value': 1202, 'prev_value': 1201, 'change': 1}
2026-03-03 17:35:48,331 : INFO : SwitchController : <<<<<<< 's_flipper_right_upper' inactive >>>>>>>
2026-03-03 17:35:48,351 : INFO : SwitchController : <<<<<<< 's_flipper_right_lower' inactive >>>>>>>
2026-03-03 17:35:48,553 : INFO : SwitchController : <<<<<<< 's_sling_right' active >>>>>>>
2026-03-03 17:35:48,553 : INFO : EventManager : Event: ======'s_sling_right_active'====== Args={}
2026-03-03 17:35:48,553 : INFO : EventManager : Event: ======'machine_var_audits_switches_s_sling_right'====== Args={'value': 74, 'prev_value': 73, 'change': 1}
2026-03-03 17:35:48,554 : INFO : EventManager : Event: ======'player_shot_shot_sling_right'====== Args={'value': 1, 'prev_value': 0, 'change': 1, 'player_num': 1}
2026-03-03 17:35:48,554 : INFO : EventManager : Event: ======'machine_var_audits_shots_shot_sling_right'====== Args={'value': 46, 'prev_value': 45, 'change': 1}
2026-03-03 17:35:48,555 : INFO : EventManager : Event: ======'shot_sling_right_hit'====== Args={'profile': 'default', 'state': 'unlit', 'advancing': True}
2026-03-03 17:35:48,555 : INFO : EventManager : Event: ======'shot_sling_right_default_hit'====== Args={'profile': 'default', 'state': 'unlit', 'advancing': True}
2026-03-03 17:35:48,556 : INFO : EventManager : Event: ======'shot_sling_right_default_unlit_hit'====== Args={'profile': 'default', 'state': 'unlit', 'advancing': True}
2026-03-03 17:35:48,556 : INFO : EventManager : Event: ======'shot_sling_right_unlit_hit'====== Args={'profile': 'default', 'state': 'unlit', 'advancing': True}
2026-03-03 17:35:48,556 : INFO : EventManager : Event: ======'slings_hit'====== Args={'shot': 'shot_sling_right'}
2026-03-03 17:35:48,556 : INFO : EventManager : Event: ======'slings_unlit_hit'====== Args={'shot': 'shot_sling_right'}
2026-03-03 17:35:48,557 : INFO : EventManager : Event: ======'player_initial_value'====== Args={'value': 0, 'prev_value': 0, 'change': 0, 'player_num': 1, 'source': 'bumpers'}
2026-03-03 17:35:48,558 : INFO : EventManager : Event: ======'player_score'====== Args={'value': 1000, 'prev_value': 0, 'change': 1000, 'player_num': 1, 'source': 'bumpers'}
2026-03-03 17:35:48,573 : INFO : SwitchController : <<<<<<< 's_sling_right' inactive >>>>>>>
2026-03-03 17:35:48,890 : INFO : SwitchController : <<<<<<< 's_flipper_left' active >>>>>>>
2026-03-03 17:35:48,890 : INFO : EventManager : Event: ======'machine_var_audits_switches_s_flipper_left'====== Args={'value': 632, 'prev_value': 631, 'change': 1}
2026-03-03 17:35:48,919 : INFO : SwitchController : <<<<<<< 's_flipper_left_eos' inactive >>>>>>>
2026-03-03 17:35:49,054 : INFO : SwitchController : <<<<<<< 's_flipper_left' inactive >>>>>>>
2026-03-03 17:35:49,138 : INFO : SwitchController : <<<<<<< 's_flipper_left_eos' active >>>>>>>
2026-03-03 17:35:49,138 : INFO : EventManager : Event: ======'machine_var_audits_switches_s_flipper_left_eos'====== Args={'value': 526, 'prev_value': 525, 'change': 1}
2026-03-03 17:35:49,703 : INFO : SwitchController : <<<<<<< 's_flipper_left' active >>>>>>>
2026-03-03 17:35:49,703 : INFO : EventManager : Event: ======'machine_var_audits_switches_s_flipper_left'====== Args={'value': 633, 'prev_value': 632, 'change': 1}
2026-03-03 17:35:49,725 : INFO : SwitchController : <<<<<<< 's_flipper_left_eos' inactive >>>>>>>
2026-03-03 17:35:49,940 : INFO : SwitchController : <<<<<<< 's_flipper_left' inactive >>>>>>>
2026-03-03 17:35:50,027 : INFO : SwitchController : <<<<<<< 's_flipper_left_eos' active >>>>>>>
2026-03-03 17:35:50,027 : INFO : EventManager : Event: ======'machine_var_audits_switches_s_flipper_left_eos'====== Args={'value': 527, 'prev_value': 526, 'change': 1}
2026-03-03 17:35:50,368 : INFO : SwitchController : <<<<<<< 's_flipper_right_lower' active >>>>>>>
2026-03-03 17:35:50,369 : INFO : EventManager : Event: ======'machine_var_audits_switches_s_flipper_right_lower'====== Args={'value': 1338, 'prev_value': 1337, 'change': 1}
2026-03-03 17:35:50,372 : INFO : SwitchController : <<<<<<< 's_flipper_right_upper' active >>>>>>>
2026-03-03 17:35:50,372 : INFO : EventManager : Event: ======'machine_var_audits_switches_s_flipper_right_upper'====== Args={'value': 1203, 'prev_value': 1202, 'change': 1}
2026-03-03 17:35:50,529 : INFO : SwitchController : <<<<<<< 's_flipper_right_upper' inactive >>>>>>>
2026-03-03 17:35:50,550 : INFO : SwitchController : <<<<<<< 's_flipper_right_lower' inactive >>>>>>>
2026-03-03 17:35:51,242 : INFO : SwitchController : <<<<<<< 's_sling_right' active >>>>>>>
2026-03-03 17:35:51,243 : INFO : EventManager : Event: ======'s_sling_right_active'====== Args={}
2026-03-03 17:35:51,243 : INFO : EventManager : Event: ======'machine_var_audits_switches_s_sling_right'====== Args={'value': 75, 'prev_value': 74, 'change': 1}
2026-03-03 17:35:51,244 : INFO : EventManager : Event: ======'machine_var_audits_shots_shot_sling_right'====== Args={'value': 47, 'prev_value': 46, 'change': 1}
2026-03-03 17:35:51,245 : INFO : EventManager : Event: ======'shot_sling_right_hit'====== Args={'profile': 'default', 'state': 'lit', 'advancing': False}
2026-03-03 17:35:51,245 : INFO : EventManager : Event: ======'shot_sling_right_default_hit'====== Args={'profile': 'default', 'state': 'lit', 'advancing': False}
2026-03-03 17:35:51,245 : INFO : EventManager : Event: ======'shot_sling_right_default_lit_hit'====== Args={'profile': 'default', 'state': 'lit', 'advancing': False}
2026-03-03 17:35:51,245 : INFO : EventManager : Event: ======'shot_sling_right_lit_hit'====== Args={'profile': 'default', 'state': 'lit', 'advancing': False}
2026-03-03 17:35:51,245 : INFO : EventManager : Event: ======'slings_hit'====== Args={'shot': 'shot_sling_right'}
2026-03-03 17:35:51,245 : INFO : EventManager : Event: ======'slings_lit_hit'====== Args={'shot': 'shot_sling_right'}
2026-03-03 17:35:51,246 : INFO : EventManager : Event: ======'player_score'====== Args={'value': 2000, 'prev_value': 1000, 'change': 1000, 'player_num': 1, 'source': 'bumpers'}
2026-03-03 17:35:51,262 : INFO : SwitchController : <<<<<<< 's_sling_right' inactive >>>>>>>
2026-03-03 17:35:51,646 : INFO : SwitchController : <<<<<<< 's_flipper_left' active >>>>>>>
2026-03-03 17:35:51,646 : INFO : EventManager : Event: ======'machine_var_audits_switches_s_flipper_left'====== Args={'value': 634, 'prev_value': 633, 'change': 1}
2026-03-03 17:35:51,671 : INFO : SwitchController : <<<<<<< 's_flipper_left_eos' inactive >>>>>>>
2026-03-03 17:35:51,783 : INFO : SwitchController : <<<<<<< 's_flipper_left' inactive >>>>>>>
2026-03-03 17:35:51,873 : INFO : SwitchController : <<<<<<< 's_flipper_left_eos' active >>>>>>>
2026-03-03 17:35:51,873 : INFO : EventManager : Event: ======'machine_var_audits_switches_s_flipper_left_eos'====== Args={'value': 528, 'prev_value': 527, 'change': 1}
2026-03-03 17:35:52,533 : INFO : SwitchController : <<<<<<< 's_flipper_right_lower' active >>>>>>>
2026-03-03 17:35:52,534 : INFO : EventManager : Event: ======'machine_var_audits_switches_s_flipper_right_lower'====== Args={'value': 1339, 'prev_value': 1338, 'change': 1}
2026-03-03 17:35:52,534 : INFO : SwitchController : <<<<<<< 's_flipper_right_upper' active >>>>>>>
2026-03-03 17:35:52,534 : INFO : EventManager : Event: ======'machine_var_audits_switches_s_flipper_right_upper'====== Args={'value': 1204, 'prev_value': 1203, 'change': 1}
2026-03-03 17:35:52,679 : INFO : SwitchController : <<<<<<< 's_flipper_right_upper' inactive >>>>>>>
2026-03-03 17:35:52,685 : INFO : SwitchController : <<<<<<< 's_flipper_right_lower' inactive >>>>>>>
2026-03-03 17:35:54,132 : INFO : SwitchController : <<<<<<< 's_flipper_right_lower' active >>>>>>>
2026-03-03 17:35:54,132 : INFO : EventManager : Event: ======'machine_var_audits_switches_s_flipper_right_lower'====== Args={'value': 1340, 'prev_value': 1339, 'change': 1}
2026-03-03 17:35:54,135 : INFO : SwitchController : <<<<<<< 's_flipper_right_upper' active >>>>>>>
2026-03-03 17:35:54,136 : INFO : EventManager : Event: ======'machine_var_audits_switches_s_flipper_right_upper'====== Args={'value': 1205, 'prev_value': 1204, 'change': 1}
2026-03-03 17:35:54,277 : INFO : SwitchController : <<<<<<< 's_flipper_right_upper' inactive >>>>>>>
2026-03-03 17:35:54,288 : INFO : SwitchController : <<<<<<< 's_flipper_right_lower' inactive >>>>>>>
2026-03-03 17:35:57,137 : INFO : SwitchController : <<<<<<< 's_flipper_right_lower' active >>>>>>>
2026-03-03 17:35:57,138 : INFO : EventManager : Event: ======'machine_var_audits_switches_s_flipper_right_lower'====== Args={'value': 1341, 'prev_value': 1340, 'change': 1}
2026-03-03 17:35:57,138 : INFO : SwitchController : <<<<<<< 's_flipper_right_upper' active >>>>>>>
2026-03-03 17:35:57,138 : INFO : EventManager : Event: ======'machine_var_audits_switches_s_flipper_right_upper'====== Args={'value': 1206, 'prev_value': 1205, 'change': 1}
2026-03-03 17:35:57,147 : INFO : SwitchController : <<<<<<< 's_flipper_right_lower' inactive >>>>>>>
2026-03-03 17:35:57,147 : INFO : SwitchController : <<<<<<< 's_flipper_right_lower' active >>>>>>>
2026-03-03 17:35:57,147 : INFO : EventManager : Event: ======'machine_var_audits_switches_s_flipper_right_lower'====== Args={'value': 1342, 'prev_value': 1341, 'change': 1}
2026-03-03 17:35:57,268 : INFO : SwitchController : <<<<<<< 's_flipper_right_upper' inactive >>>>>>>
2026-03-03 17:35:57,272 : INFO : SwitchController : <<<<<<< 's_flipper_right_lower' inactive >>>>>>>
2026-03-03 17:35:58,081 : INFO : SwitchController : <<<<<<< 's_flipper_right_lower' active >>>>>>>
2026-03-03 17:35:58,081 : INFO : EventManager : Event: ======'machine_var_audits_switches_s_flipper_right_lower'====== Args={'value': 1343, 'prev_value': 1342, 'change': 1}
2026-03-03 17:35:58,082 : INFO : SwitchController : <<<<<<< 's_flipper_right_upper' active >>>>>>>
2026-03-03 17:35:58,082 : INFO : EventManager : Event: ======'machine_var_audits_switches_s_flipper_right_upper'====== Args={'value': 1207, 'prev_value': 1206, 'change': 1}
2026-03-03 17:35:58,203 : INFO : SwitchController : <<<<<<< 's_flipper_right_upper' inactive >>>>>>>
2026-03-03 17:35:58,210 : INFO : SwitchController : <<<<<<< 's_flipper_right_lower' inactive >>>>>>>
2026-03-03 17:35:58,503 : INFO : SwitchController : <<<<<<< 's_flipper_right_lower' active >>>>>>>
2026-03-03 17:35:58,503 : INFO : EventManager : Event: ======'machine_var_audits_switches_s_flipper_right_lower'====== Args={'value': 1344, 'prev_value': 1343, 'change': 1}
2026-03-03 17:35:58,504 : INFO : SwitchController : <<<<<<< 's_flipper_right_upper' active >>>>>>>
2026-03-03 17:35:58,504 : INFO : EventManager : Event: ======'machine_var_audits_switches_s_flipper_right_upper'====== Args={'value': 1208, 'prev_value': 1207, 'change': 1}
2026-03-03 17:35:58,649 : INFO : SwitchController : <<<<<<< 's_flipper_right_upper' inactive >>>>>>>
2026-03-03 17:35:58,654 : INFO : SwitchController : <<<<<<< 's_flipper_right_lower' inactive >>>>>>>
2026-03-03 17:36:00,539 : INFO : SwitchController : <<<<<<< 's_flipper_left' active >>>>>>>
2026-03-03 17:36:00,540 : INFO : EventManager : Event: ======'machine_var_audits_switches_s_flipper_left'====== Args={'value': 635, 'prev_value': 634, 'change': 1}
2026-03-03 17:36:00,562 : INFO : SwitchController : <<<<<<< 's_flipper_left_eos' inactive >>>>>>>
2026-03-03 17:36:00,690 : INFO : SwitchController : <<<<<<< 's_flipper_left' inactive >>>>>>>
2026-03-03 17:36:00,691 : INFO : SwitchController : <<<<<<< 's_flipper_right_lower' active >>>>>>>
2026-03-03 17:36:00,691 : INFO : EventManager : Event: ======'machine_var_audits_switches_s_flipper_right_lower'====== Args={'value': 1345, 'prev_value': 1344, 'change': 1}
2026-03-03 17:36:00,697 : INFO : SwitchController : <<<<<<< 's_flipper_right_upper' active >>>>>>>
2026-03-03 17:36:00,698 : INFO : EventManager : Event: ======'machine_var_audits_switches_s_flipper_right_upper'====== Args={'value': 1209, 'prev_value': 1208, 'change': 1}
2026-03-03 17:36:00,778 : INFO : SwitchController : <<<<<<< 's_flipper_left_eos' active >>>>>>>
2026-03-03 17:36:00,778 : INFO : EventManager : Event: ======'machine_var_audits_switches_s_flipper_left_eos'====== Args={'value': 529, 'prev_value': 528, 'change': 1}
2026-03-03 17:36:00,800 : INFO : SwitchController : <<<<<<< 's_flipper_right_upper' inactive >>>>>>>
2026-03-03 17:36:00,819 : INFO : SwitchController : <<<<<<< 's_flipper_right_lower' inactive >>>>>>>
2026-03-03 17:36:01,046 : INFO : SwitchController : <<<<<<< 's_trough_5' active >>>>>>>
2026-03-03 17:36:01,047 : INFO : EventManager : Event: ======'machine_var_audits_switches_s_trough_5'====== Args={'value': 108, 'prev_value': 107, 'change': 1}
2026-03-03 17:36:01,108 : INFO : SwitchController : <<<<<<< 's_trough_5' inactive >>>>>>>
2026-03-03 17:36:01,131 : INFO : SwitchController : <<<<<<< 's_trough_4' active >>>>>>>
2026-03-03 17:36:01,131 : INFO : EventManager : Event: ======'machine_var_audits_switches_s_trough_4'====== Args={'value': 101, 'prev_value': 100, 'change': 1}
2026-03-03 17:36:01,174 : INFO : SwitchController : <<<<<<< 's_trough_4' inactive >>>>>>>
2026-03-03 17:36:01,182 : INFO : SwitchController : <<<<<<< 's_trough_3' active >>>>>>>
2026-03-03 17:36:01,183 : INFO : EventManager : Event: ======'machine_var_audits_switches_s_trough_3'====== Args={'value': 91, 'prev_value': 90, 'change': 1}
2026-03-03 17:36:01,240 : INFO : SwitchController : <<<<<<< 's_trough_3' inactive >>>>>>>
2026-03-03 17:36:01,246 : INFO : SwitchController : <<<<<<< 's_trough_2' active >>>>>>>
2026-03-03 17:36:01,246 : INFO : EventManager : Event: ======'machine_var_audits_switches_s_trough_2'====== Args={'value': 81, 'prev_value': 80, 'change': 1}
2026-03-03 17:36:01,296 : INFO : SwitchController : <<<<<<< 's_trough_2' inactive >>>>>>>
2026-03-03 17:36:01,301 : INFO : SwitchController : <<<<<<< 's_trough_1' active >>>>>>>
2026-03-03 17:36:01,302 : INFO : EventManager : Event: ======'machine_var_audits_switches_s_trough_1'====== Args={'value': 69, 'prev_value': 68, 'change': 1}
2026-03-03 17:36:01,355 : INFO : SwitchController : <<<<<<< 's_trough_1' inactive >>>>>>>
2026-03-03 17:36:01,381 : INFO : SwitchController : <<<<<<< 's_trough_1' active >>>>>>>
2026-03-03 17:36:01,381 : INFO : EventManager : Event: ======'machine_var_audits_switches_s_trough_1'====== Args={'value': 70, 'prev_value': 69, 'change': 1}
2026-03-03 17:36:01,402 : INFO : SwitchController : <<<<<<< 's_trough_1' inactive >>>>>>>
2026-03-03 17:36:01,421 : INFO : SwitchController : <<<<<<< 's_trough_1' active >>>>>>>
2026-03-03 17:36:01,421 : INFO : EventManager : Event: ======'machine_var_audits_switches_s_trough_1'====== Args={'value': 71, 'prev_value': 70, 'change': 1}
2026-03-03 17:36:01,922 : INFO : EventManager : Event: ======'balldevice_bd_trough_ball_count_changed'====== Args={'balls': 1}
2026-03-03 17:36:01,923 : INFO : ball_device.bd_trough : Received unexpected ball
2026-03-03 17:36:01,923 : INFO : EventManager : Event: ======'balldevice_captured_from_playfield'====== Args={'balls': 1}
2026-03-03 17:36:01,923 : INFO : EventManager : Event: ======'sw_playfield_active'====== Args={'balls': 1}
2026-03-03 17:36:01,923 : INFO : EventManager : Event: ======'playfield_ball_count_change'====== Args={'balls': 0, 'change': -1}
2026-03-03 17:36:01,924 : INFO : EventManager : Event: ======'balldevice_bd_trough_ball_enter'====== Args={'new_balls': 1, 'unclaimed_balls': 1, 'new_available_balls': 1, 'device': <ball_device.bd_trough>}
2026-03-03 17:36:01,924 : INFO : EventManager : Event: ======'ball_drain'====== Args={'device': <ball_device.bd_trough>, 'balls': 1}
2026-03-03 17:36:01,924 : INFO : EventManager : Event: ======'ball_will_end'====== Args={}
2026-03-03 17:36:01,924 : INFO : EventManager : Event: ======'balldevice_balls_available'====== Args={}
2026-03-03 17:36:01,924 : INFO : EventManager : Event: ======'balldevice_bd_trough_ball_entered'====== Args={'new_balls': 1, 'device': <ball_device.bd_trough>}
2026-03-03 17:36:01,924 : INFO : EventManager : Event: ======'mode_base_will_stop'====== Args={}
2026-03-03 17:36:01,925 : INFO : EventManager : Event: ======'mode_base_stopping'====== Args={}
2026-03-03 17:36:01,925 : INFO : EventManager : Event: ======'stop_mode_bumpers'====== Args={'priority': 0}
2026-03-03 17:36:01,925 : INFO : EventManager : Event: ======'mode_bumpers_will_stop'====== Args={}
2026-03-03 17:36:01,925 : INFO : EventManager : Event: ======'mode_bumpers_stopping'====== Args={}
2026-03-03 17:36:01,925 : INFO : Mode.base : Stopped.
2026-03-03 17:36:01,925 : INFO : EventManager : Event: ======'modes_active_modes_changed'====== Args={}
2026-03-03 17:36:01,926 : INFO : EventManager : Event: ======'mode_base_stopped'====== Args={}
2026-03-03 17:36:01,926 : INFO : EventManager : Event: ======'clear'====== Args={'key': 'base'}
2026-03-03 17:36:01,926 : INFO : Mode.bumpers : Stopped.
2026-03-03 17:36:01,926 : INFO : EventManager : Event: ======'modes_active_modes_changed'====== Args={}
2026-03-03 17:36:01,926 : INFO : EventManager : Event: ======'mode_bumpers_stopped'====== Args={}
2026-03-03 17:36:01,926 : INFO : EventManager : Event: ======'clear'====== Args={'key': 'bumpers'}
2026-03-03 17:36:01,928 : INFO : EventManager : Event: ======'ball_ending'====== Args={}
2026-03-03 17:36:01,929 : INFO : EventManager : Event: ======'ball_ended'====== Args={}
2026-03-03 17:36:01,930 : INFO : EventManager : Event: ======'player_turn_will_end'====== Args={'player': <Player 1>, 'number': 1}
2026-03-03 17:36:01,931 : INFO : EventManager : Event: ======'player_turn_ending'====== Args={'player': <Player 1>, 'number': 1}
2026-03-03 17:36:01,931 : INFO : EventManager : Event: ======'player_turn_ended'====== Args={'player': <Player 1>, 'number': 1}
2026-03-03 17:36:01,931 : INFO : EventManager : Event: ======'player_turn_will_start'====== Args={'player': <Player 1>, 'number': 1}
2026-03-03 17:36:01,931 : INFO : EventManager : Event: ======'player_turn_starting'====== Args={'player': <Player 1>, 'number': 1}
2026-03-03 17:36:01,932 : INFO : EventManager : Event: ======'player_ball'====== Args={'value': 2, 'prev_value': 1, 'change': 1, 'player_num': 1}
2026-03-03 17:36:01,932 : INFO : EventManager : Event: ======'player_turn_started'====== Args={'player': <Player 1>, 'number': 1}
2026-03-03 17:36:01,933 : INFO : EventManager : Event: ======'ball_will_start'====== Args={'player': 1, 'ball': 2, 'balls_remaining': 1, 'is_extra_ball': False}
2026-03-03 17:36:01,933 : INFO : EventManager : Event: ======'ball_starting'====== Args={'player': 1, 'ball': 2, 'balls_remaining': 1, 'is_extra_ball': False}
2026-03-03 17:36:01,934 : INFO : EventManager : Event: ======'mode_base_will_start'====== Args={'queue': <QueuedEvent>, 'player': 1, 'ball': 2, 'balls_remaining': 1, 'is_extra_ball': False}
2026-03-03 17:36:01,934 : INFO : EventManager : Event: ======'mode_base_starting'====== Args={'queue': <QueuedEvent>, 'player': 1, 'ball': 2, 'balls_remaining': 1, 'is_extra_ball': False}
2026-03-03 17:36:01,935 : INFO : Mode.base : Started. Priority: 100
2026-03-03 17:36:01,935 : INFO : EventManager : Event: ======'modes_active_modes_changed'====== Args={}
2026-03-03 17:36:01,935 : INFO : EventManager : Event: ======'mode_base_started'====== Args={'queue': <QueuedEvent>, 'player': 1, 'ball': 2, 'balls_remaining': 1, 'is_extra_ball': False}
2026-03-03 17:36:01,935 : INFO : EventManager : Event: ======'start_mode_bumpers'====== Args={'priority': 0}
2026-03-03 17:36:01,936 : INFO : EventManager : Event: ======'mode_bumpers_will_start'====== Args={'priority': 0}
2026-03-03 17:36:01,939 : INFO : EventManager : Event: ======'mode_bumpers_starting'====== Args={'priority': 0}
2026-03-03 17:36:01,939 : INFO : Mode.bumpers : Started. Priority: 200
2026-03-03 17:36:01,939 : INFO : EventManager : Event: ======'modes_active_modes_changed'====== Args={}
2026-03-03 17:36:01,939 : INFO : EventManager : Event: ======'mode_bumpers_started'====== Args={'priority': 0}
2026-03-03 17:36:01,939 : INFO : EventManager : Event: ======'balls_in_play'====== Args={'balls': 1}
2026-03-03 17:36:01,939 : INFO : EventManager : Event: ======'ball_started'====== Args={'player': 1, 'ball': 2, 'balls_remaining': 1, 'is_extra_ball': False}
2026-03-03 17:36:01,949 : INFO : EventManager : Event: ======'single_player_ball_started'====== Args={}
2026-03-03 17:36:01,949 : INFO : EventManager : Event: ======'ball_start_target'====== Args={'target': 'playfield'}
2026-03-03 17:36:01,950 : INFO : ball_device.bd_plunger : Setting up player-controlled eject. Balls: 1, Target: <playfield.playfield>, player_controlled_eject_event: None
2026-03-03 17:36:01,950 : INFO : EventManager : Event: ======'balldevice_balls_available'====== Args={}
2026-03-03 17:36:01,951 : INFO : ball_device.bd_trough : State: waiting_for_target_ready
2026-03-03 17:36:01,951 : INFO : EventManager : Event: ======'balldevice_bd_trough_ball_eject_attempt'====== Args={'balls': 1, 'target': <ball_device.bd_plunger>, 'source': <ball_device.bd_trough>, 'mechanical_eject': True, 'num_attempts': 0}
2026-03-03 17:36:01,951 : INFO : ball_device.bd_plunger : State: waiting_for_ball
2026-03-03 17:36:01,952 : INFO : ball_device.bd_trough : State: ejecting
2026-03-03 17:36:01,952 : INFO : ball_device.bd_trough : Ejecting ball to <ball_device.bd_plunger>
2026-03-03 17:36:01,952 : INFO : EventManager : Event: ======'balldevice_bd_trough_ejecting_ball'====== Args={'balls': 1, 'target': <ball_device.bd_plunger>, 'source': <ball_device.bd_trough>, 'mechanical_eject': True, 'num_attempts': 0}
2026-03-03 17:36:01,952 : INFO : ball_device.bd_trough : Wait for ball to leave device
2026-03-03 17:36:01,953 : INFO : coil.c_trough_eject : Pulsing Driver for 20ms (1.0 pulse_power)
2026-03-03 17:36:01,971 : INFO : EventManager : Event: ======'slide_base_slide_created'====== Args={'_from_bcp': True}
2026-03-03 17:36:01,971 : INFO : EventManager : Event: ======'slide_base_slide_inactive'====== Args={'is_removing': True, '_from_bcp': True}
2026-03-03 17:36:01,971 : INFO : EventManager : Event: ======'slide_base_slide_active'====== Args={'original_context': 'base', 'original_calling_context': 'mode_base_started', 'priority': 100.0, 'queue': '<QueuedEvent>', 'player': 1.0, 'ball': 2.0, 'balls_remaining': 1.0, 'is_extra_ball': False, 'cmd': 'slides_play', '_from_bcp': True}
2026-03-03 17:36:01,972 : INFO : EventManager : Event: ======'slide_base_slide_removed'====== Args={'_from_bcp': True}
2026-03-03 17:36:01,980 : INFO : SwitchController : <<<<<<< 's_trough_1' inactive >>>>>>>
2026-03-03 17:36:01,980 : INFO : SwitchController : <<<<<<< 's_trough_7' active >>>>>>>
2026-03-03 17:36:01,980 : INFO : EventManager : Event: ======'machine_var_audits_switches_s_trough_7'====== Args={'value': 80, 'prev_value': 79, 'change': 1}
2026-03-03 17:36:01,981 : INFO : ball_device.bd_trough : State: ball_left
2026-03-03 17:36:01,981 : INFO : ball_device.bd_trough : Ball left
2026-03-03 17:36:01,981 : INFO : ball_device.bd_trough : Wait for confirm with timeout 3.0
2026-03-03 17:36:01,995 : INFO : SwitchController : <<<<<<< 's_trough_7' inactive >>>>>>>
2026-03-03 17:36:02,102 : INFO : SwitchController : <<<<<<< 's_plunger' active >>>>>>>
2026-03-03 17:36:02,102 : INFO : EventManager : Event: ======'machine_var_audits_switches_s_plunger'====== Args={'value': 87, 'prev_value': 86, 'change': 1}
2026-03-03 17:36:02,603 : INFO : ball_device.bd_plunger : Received ball from <ball_device.bd_trough>
2026-03-03 17:36:02,603 : INFO : EventManager : Event: ======'balldevice_bd_plunger_ball_enter'====== Args={'new_balls': 1, 'unclaimed_balls': 0, 'new_available_balls': 0, 'device': <ball_device.bd_plunger>}
2026-03-03 17:36:02,604 : INFO : EventManager : Event: ======'balldevice_bd_plunger_ball_entered'====== Args={'new_balls': 0, 'device': <ball_device.bd_plunger>}
2026-03-03 17:36:02,604 : INFO : EventManager : Event: ======'balldevice_bd_plunger_ball_count_changed'====== Args={'balls': 1}
2026-03-03 17:36:02,604 : INFO : ball_device.bd_trough : Got eject confirm
2026-03-03 17:36:02,604 : INFO : ball_device.bd_trough : Eject successful
2026-03-03 17:36:02,605 : INFO : EventManager : Event: ======'balldevice_bd_trough_ball_eject_success'====== Args={'balls': 1, 'target': <ball_device.bd_plunger>}
2026-03-03 17:36:02,605 : INFO : ball_device.bd_plunger : State: waiting_for_target_ready
2026-03-03 17:36:02,605 : INFO : EventManager : Event: ======'balldevice_bd_plunger_ball_eject_attempt'====== Args={'balls': 1, 'target': <playfield.playfield>, 'source': <ball_device.bd_plunger>, 'mechanical_eject': True, 'num_attempts': 0}
2026-03-03 17:36:02,605 : INFO : EventManager : Event: ======'balldevice_bd_trough_ball_count_changed'====== Args={'balls': 0}
2026-03-03 17:36:02,605 : INFO : ball_device.bd_trough : State: idle
2026-03-03 17:36:02,606 : INFO : ball_device.bd_plunger : State: ejecting
2026-03-03 17:36:02,606 : INFO : ball_device.bd_plunger : Ejecting ball to <playfield.playfield>
2026-03-03 17:36:02,606 : INFO : EventManager : Event: ======'balldevice_bd_plunger_ejecting_ball'====== Args={'balls': 1, 'target': <playfield.playfield>, 'source': <ball_device.bd_plunger>, 'mechanical_eject': True, 'num_attempts': 0}
2026-03-03 17:36:02,606 : INFO : ball_device.bd_plunger : Wait for ball to leave device
2026-03-03 17:36:02,977 : INFO : SwitchController : <<<<<<< 's_plunger' inactive >>>>>>>
2026-03-03 17:36:02,977 : INFO : ball_device.bd_plunger : State: ball_left
2026-03-03 17:36:02,978 : INFO : ball_device.bd_plunger : Ball left
2026-03-03 17:36:02,978 : INFO : ball_device.bd_plunger : Wait for confirm with timeout 5.0
2026-03-03 17:36:02,992 : INFO : SwitchController : <<<<<<< 's_plunger' active >>>>>>>
2026-03-03 17:36:02,992 : INFO : EventManager : Event: ======'machine_var_audits_switches_s_plunger'====== Args={'value': 88, 'prev_value': 87, 'change': 1}
2026-03-03 17:36:02,993 : INFO : SwitchController : <<<<<<< 's_plunger' inactive >>>>>>>
2026-03-03 17:36:04,471 : INFO : SwitchController : <<<<<<< 's_flipper_left' active >>>>>>>
2026-03-03 17:36:04,472 : INFO : EventManager : Event: ======'machine_var_audits_switches_s_flipper_left'====== Args={'value': 636, 'prev_value': 635, 'change': 1}
2026-03-03 17:36:04,494 : INFO : SwitchController : <<<<<<< 's_flipper_left_eos' inactive >>>>>>>
2026-03-03 17:36:04,632 : INFO : SwitchController : <<<<<<< 's_flipper_left' inactive >>>>>>>
2026-03-03 17:36:04,719 : INFO : SwitchController : <<<<<<< 's_flipper_left_eos' active >>>>>>>
2026-03-03 17:36:04,719 : INFO : EventManager : Event: ======'machine_var_audits_switches_s_flipper_left_eos'====== Args={'value': 530, 'prev_value': 529, 'change': 1}
2026-03-03 17:36:04,812 : INFO : SwitchController : <<<<<<< 's_flipper_left' active >>>>>>>
2026-03-03 17:36:04,812 : INFO : EventManager : Event: ======'machine_var_audits_switches_s_flipper_left'====== Args={'value': 637, 'prev_value': 636, 'change': 1}
2026-03-03 17:36:04,835 : INFO : SwitchController : <<<<<<< 's_flipper_left_eos' inactive >>>>>>>
2026-03-03 17:36:04,894 : INFO : SwitchController : <<<<<<< 's_flipper_left' inactive >>>>>>>
2026-03-03 17:36:04,982 : INFO : SwitchController : <<<<<<< 's_flipper_left_eos' active >>>>>>>
2026-03-03 17:36:04,982 : INFO : EventManager : Event: ======'machine_var_audits_switches_s_flipper_left_eos'====== Args={'value': 531, 'prev_value': 530, 'change': 1}
2026-03-03 17:36:05,054 : INFO : SwitchController : <<<<<<< 's_flipper_right_lower' active >>>>>>>
2026-03-03 17:36:05,054 : INFO : EventManager : Event: ======'machine_var_audits_switches_s_flipper_right_lower'====== Args={'value': 1346, 'prev_value': 1345, 'change': 1}
2026-03-03 17:36:05,055 : INFO : SwitchController : <<<<<<< 's_flipper_right_upper' active >>>>>>>
2026-03-03 17:36:05,055 : INFO : EventManager : Event: ======'machine_var_audits_switches_s_flipper_right_upper'====== Args={'value': 1210, 'prev_value': 1209, 'change': 1}
2026-03-03 17:36:05,172 : INFO : SwitchController : <<<<<<< 's_flipper_right_upper' inactive >>>>>>>
2026-03-03 17:36:05,181 : INFO : SwitchController : <<<<<<< 's_flipper_right_lower' inactive >>>>>>>
2026-03-03 17:36:05,420 : INFO : SwitchController : <<<<<<< 's_flipper_right_lower' active >>>>>>>
2026-03-03 17:36:05,420 : INFO : EventManager : Event: ======'machine_var_audits_switches_s_flipper_right_lower'====== Args={'value': 1347, 'prev_value': 1346, 'change': 1}
2026-03-03 17:36:05,422 : INFO : SwitchController : <<<<<<< 's_flipper_right_upper' active >>>>>>>
2026-03-03 17:36:05,422 : INFO : EventManager : Event: ======'machine_var_audits_switches_s_flipper_right_upper'====== Args={'value': 1211, 'prev_value': 1210, 'change': 1}
2026-03-03 17:36:05,532 : INFO : SwitchController : <<<<<<< 's_flipper_right_upper' inactive >>>>>>>
2026-03-03 17:36:05,554 : INFO : SwitchController : <<<<<<< 's_flipper_right_lower' inactive >>>>>>>
2026-03-03 17:36:07,454 : INFO : SwitchController : <<<<<<< 's_flipper_right_lower' active >>>>>>>
2026-03-03 17:36:07,454 : INFO : EventManager : Event: ======'machine_var_audits_switches_s_flipper_right_lower'====== Args={'value': 1348, 'prev_value': 1347, 'change': 1}
2026-03-03 17:36:07,462 : INFO : SwitchController : <<<<<<< 's_flipper_right_upper' active >>>>>>>
2026-03-03 17:36:07,463 : INFO : EventManager : Event: ======'machine_var_audits_switches_s_flipper_right_upper'====== Args={'value': 1212, 'prev_value': 1211, 'change': 1}
2026-03-03 17:36:07,595 : INFO : SwitchController : <<<<<<< 's_flipper_right_upper' inactive >>>>>>>
2026-03-03 17:36:07,599 : INFO : SwitchController : <<<<<<< 's_flipper_right_lower' inactive >>>>>>>
2026-03-03 17:36:07,978 : INFO : ball_device.bd_plunger : State: failed_confirm
2026-03-03 17:36:07,978 : INFO : ball_device.bd_plunger : Got timeout (5.0s) before confirm from <playfield.playfield>
2026-03-03 17:36:08,079 : INFO : ball_device.bd_plunger : Confirming eject because target is playfield and ball did not return.
2026-03-03 17:36:08,079 : INFO : ball_device.bd_plunger : Eject successful
2026-03-03 17:36:08,079 : INFO : EventManager : Event: ======'balldevice_bd_plunger_ball_eject_success'====== Args={'balls': 1, 'target': <playfield.playfield>}
2026-03-03 17:36:08,079 : INFO : EventManager : Event: ======'balldevice_playfield_ball_enter'====== Args={'new_balls': 1, 'unclaimed_balls': 1, 'device': <playfield.playfield>}
2026-03-03 17:36:08,080 : INFO : EventManager : Event: ======'playfield_ball_count_change'====== Args={'balls': 1, 'change': 1}
2026-03-03 17:36:08,080 : INFO : EventManager : Event: ======'balldevice_bd_plunger_ball_count_changed'====== Args={'balls': 0}
2026-03-03 17:36:08,080 : INFO : ball_device.bd_plunger : State: idle
2026-03-03 17:36:08,754 : INFO : SwitchController : <<<<<<< 's_flipper_right_lower' active >>>>>>>
2026-03-03 17:36:08,754 : INFO : EventManager : Event: ======'machine_var_audits_switches_s_flipper_right_lower'====== Args={'value': 1349, 'prev_value': 1348, 'change': 1}
2026-03-03 17:36:08,757 : INFO : SwitchController : <<<<<<< 's_flipper_right_upper' active >>>>>>>
2026-03-03 17:36:08,757 : INFO : EventManager : Event: ======'machine_var_audits_switches_s_flipper_right_upper'====== Args={'value': 1213, 'prev_value': 1212, 'change': 1}
2026-03-03 17:36:08,873 : INFO : SwitchController : <<<<<<< 's_sling_right' active >>>>>>>
2026-03-03 17:36:08,873 : INFO : EventManager : Event: ======'s_sling_right_active'====== Args={}
2026-03-03 17:36:08,873 : INFO : EventManager : Event: ======'machine_var_audits_switches_s_sling_right'====== Args={'value': 76, 'prev_value': 75, 'change': 1}
2026-03-03 17:36:08,874 : INFO : EventManager : Event: ======'machine_var_audits_shots_shot_sling_right'====== Args={'value': 48, 'prev_value': 47, 'change': 1}
2026-03-03 17:36:08,874 : INFO : EventManager : Event: ======'shot_sling_right_hit'====== Args={'profile': 'default', 'state': 'lit', 'advancing': False}
2026-03-03 17:36:08,874 : INFO : EventManager : Event: ======'shot_sling_right_default_hit'====== Args={'profile': 'default', 'state': 'lit', 'advancing': False}
2026-03-03 17:36:08,874 : INFO : EventManager : Event: ======'shot_sling_right_default_lit_hit'====== Args={'profile': 'default', 'state': 'lit', 'advancing': False}
2026-03-03 17:36:08,874 : INFO : EventManager : Event: ======'shot_sling_right_lit_hit'====== Args={'profile': 'default', 'state': 'lit', 'advancing': False}
2026-03-03 17:36:08,874 : INFO : EventManager : Event: ======'slings_hit'====== Args={'shot': 'shot_sling_right'}
2026-03-03 17:36:08,874 : INFO : EventManager : Event: ======'slings_lit_hit'====== Args={'shot': 'shot_sling_right'}
2026-03-03 17:36:08,874 : INFO : EventManager : Event: ======'player_score'====== Args={'value': 3000, 'prev_value': 2000, 'change': 1000, 'player_num': 1, 'source': 'bumpers'}
2026-03-03 17:36:08,894 : INFO : SwitchController : <<<<<<< 's_sling_right' inactive >>>>>>>
2026-03-03 17:36:08,923 : INFO : SwitchController : <<<<<<< 's_flipper_right_upper' inactive >>>>>>>
2026-03-03 17:36:08,929 : INFO : SwitchController : <<<<<<< 's_flipper_right_lower' inactive >>>>>>>
2026-03-03 17:36:08,954 : INFO : SwitchController : <<<<<<< 's_sling_left' active >>>>>>>
2026-03-03 17:36:08,954 : INFO : EventManager : Event: ======'s_sling_left_active'====== Args={}
2026-03-03 17:36:08,954 : INFO : EventManager : Event: ======'machine_var_audits_switches_s_sling_left'====== Args={'value': 589, 'prev_value': 588, 'change': 1}
2026-03-03 17:36:08,954 : INFO : EventManager : Event: ======'player_shot_shot_sling_left'====== Args={'value': 1, 'prev_value': 0, 'change': 1, 'player_num': 1}
2026-03-03 17:36:08,955 : INFO : EventManager : Event: ======'machine_var_audits_shots_shot_sling_left'====== Args={'value': 566, 'prev_value': 565, 'change': 1}
2026-03-03 17:36:08,955 : INFO : EventManager : Event: ======'shot_sling_left_hit'====== Args={'profile': 'default', 'state': 'unlit', 'advancing': True}
2026-03-03 17:36:08,955 : INFO : EventManager : Event: ======'shot_sling_left_default_hit'====== Args={'profile': 'default', 'state': 'unlit', 'advancing': True}
2026-03-03 17:36:08,955 : INFO : EventManager : Event: ======'shot_sling_left_default_unlit_hit'====== Args={'profile': 'default', 'state': 'unlit', 'advancing': True}
2026-03-03 17:36:08,955 : INFO : EventManager : Event: ======'shot_sling_left_unlit_hit'====== Args={'profile': 'default', 'state': 'unlit', 'advancing': True}
2026-03-03 17:36:08,957 : INFO : EventManager : Event: ======'slings_complete'====== Args={'state': 'lit'}
2026-03-03 17:36:08,958 : INFO : EventManager : Event: ======'slings_lit_complete'====== Args={}
2026-03-03 17:36:08,958 : INFO : EventManager : Event: ======'slings_hit'====== Args={'shot': 'shot_sling_left'}
2026-03-03 17:36:08,958 : INFO : EventManager : Event: ======'slings_unlit_hit'====== Args={'shot': 'shot_sling_left'}
2026-03-03 17:36:08,958 : INFO : EventManager : Event: ======'player_score'====== Args={'value': 4000, 'prev_value': 3000, 'change': 1000, 'player_num': 1, 'source': 'bumpers'}
2026-03-03 17:36:08,977 : INFO : SwitchController : <<<<<<< 's_sling_left' inactive >>>>>>>
2026-03-03 17:36:09,578 : INFO : SwitchController : <<<<<<< 's_flipper_left' active >>>>>>>
2026-03-03 17:36:09,578 : INFO : EventManager : Event: ======'machine_var_audits_switches_s_flipper_left'====== Args={'value': 638, 'prev_value': 637, 'change': 1}
2026-03-03 17:36:09,582 : INFO : SwitchController : <<<<<<< 's_sling_left' active >>>>>>>
2026-03-03 17:36:09,583 : INFO : EventManager : Event: ======'s_sling_left_active'====== Args={}
2026-03-03 17:36:09,583 : INFO : EventManager : Event: ======'machine_var_audits_switches_s_sling_left'====== Args={'value': 590, 'prev_value': 589, 'change': 1}
2026-03-03 17:36:09,586 : INFO : EventManager : Event: ======'machine_var_audits_shots_shot_sling_left'====== Args={'value': 567, 'prev_value': 566, 'change': 1}
2026-03-03 17:36:09,587 : INFO : EventManager : Event: ======'shot_sling_left_hit'====== Args={'profile': 'default', 'state': 'lit', 'advancing': False}
2026-03-03 17:36:09,588 : INFO : EventManager : Event: ======'shot_sling_left_default_hit'====== Args={'profile': 'default', 'state': 'lit', 'advancing': False}
2026-03-03 17:36:09,589 : INFO : EventManager : Event: ======'shot_sling_left_default_lit_hit'====== Args={'profile': 'default', 'state': 'lit', 'advancing': False}
2026-03-03 17:36:09,589 : INFO : EventManager : Event: ======'shot_sling_left_lit_hit'====== Args={'profile': 'default', 'state': 'lit', 'advancing': False}
2026-03-03 17:36:09,589 : INFO : EventManager : Event: ======'slings_hit'====== Args={'shot': 'shot_sling_left'}
2026-03-03 17:36:09,589 : INFO : EventManager : Event: ======'slings_lit_hit'====== Args={'shot': 'shot_sling_left'}
2026-03-03 17:36:09,590 : INFO : EventManager : Event: ======'player_score'====== Args={'value': 5000, 'prev_value': 4000, 'change': 1000, 'player_num': 1, 'source': 'bumpers'}
2026-03-03 17:36:09,602 : INFO : SwitchController : <<<<<<< 's_sling_left' inactive >>>>>>>
2026-03-03 17:36:09,602 : INFO : SwitchController : <<<<<<< 's_flipper_left_eos' inactive >>>>>>>
2026-03-03 17:36:09,726 : INFO : SwitchController : <<<<<<< 's_flipper_left' inactive >>>>>>>
2026-03-03 17:36:09,813 : INFO : SwitchController : <<<<<<< 's_flipper_left_eos' active >>>>>>>
2026-03-03 17:36:09,814 : INFO : EventManager : Event: ======'machine_var_audits_switches_s_flipper_left_eos'====== Args={'value': 532, 'prev_value': 531, 'change': 1}
2026-03-03 17:36:11,286 : INFO : SwitchController : <<<<<<< 's_flipper_right_upper' active >>>>>>>
2026-03-03 17:36:11,286 : INFO : EventManager : Event: ======'machine_var_audits_switches_s_flipper_right_upper'====== Args={'value': 1214, 'prev_value': 1213, 'change': 1}
2026-03-03 17:36:11,287 : INFO : SwitchController : <<<<<<< 's_flipper_right_lower' active >>>>>>>
2026-03-03 17:36:11,287 : INFO : EventManager : Event: ======'machine_var_audits_switches_s_flipper_right_lower'====== Args={'value': 1350, 'prev_value': 1349, 'change': 1}
2026-03-03 17:36:11,290 : INFO : SwitchController : <<<<<<< 's_flipper_right_lower' inactive >>>>>>>
2026-03-03 17:36:11,292 : INFO : SwitchController : <<<<<<< 's_flipper_right_lower' active >>>>>>>
2026-03-03 17:36:11,292 : INFO : EventManager : Event: ======'machine_var_audits_switches_s_flipper_right_lower'====== Args={'value': 1351, 'prev_value': 1350, 'change': 1}
2026-03-03 17:36:11,437 : INFO : SwitchController : <<<<<<< 's_flipper_right_upper' inactive >>>>>>>
2026-03-03 17:36:11,443 : INFO : SwitchController : <<<<<<< 's_flipper_right_lower' inactive >>>>>>>
2026-03-03 17:36:11,993 : INFO : SwitchController : <<<<<<< 's_flipper_right_upper' active >>>>>>>
2026-03-03 17:36:11,993 : INFO : EventManager : Event: ======'machine_var_audits_switches_s_flipper_right_upper'====== Args={'value': 1215, 'prev_value': 1214, 'change': 1}
2026-03-03 17:36:11,994 : INFO : SwitchController : <<<<<<< 's_flipper_right_lower' active >>>>>>>
2026-03-03 17:36:11,994 : INFO : EventManager : Event: ======'machine_var_audits_switches_s_flipper_right_lower'====== Args={'value': 1352, 'prev_value': 1351, 'change': 1}
2026-03-03 17:36:12,124 : INFO : SwitchController : <<<<<<< 's_flipper_right_upper' inactive >>>>>>>
2026-03-03 17:36:12,131 : INFO : SwitchController : <<<<<<< 's_flipper_right_lower' inactive >>>>>>>
2026-03-03 17:36:12,903 : INFO : SwitchController : <<<<<<< 's_flipper_right_lower' active >>>>>>>
2026-03-03 17:36:12,904 : INFO : EventManager : Event: ======'machine_var_audits_switches_s_flipper_right_lower'====== Args={'value': 1353, 'prev_value': 1352, 'change': 1}
2026-03-03 17:36:12,906 : INFO : SwitchController : <<<<<<< 's_flipper_right_upper' active >>>>>>>
2026-03-03 17:36:12,907 : INFO : EventManager : Event: ======'machine_var_audits_switches_s_flipper_right_upper'====== Args={'value': 1216, 'prev_value': 1215, 'change': 1}
2026-03-03 17:36:13,032 : INFO : SwitchController : <<<<<<< 's_flipper_right_upper' inactive >>>>>>>
2026-03-03 17:36:13,042 : INFO : SwitchController : <<<<<<< 's_flipper_right_lower' inactive >>>>>>>
2026-03-03 17:36:15,929 : INFO : SwitchController : <<<<<<< 's_inlane_right_2' active >>>>>>>
2026-03-03 17:36:15,929 : INFO : EventManager : Event: ======'s_inlane_right_2_active'====== Args={}
2026-03-03 17:36:15,929 : INFO : EventManager : Event: ======'sw_playfield_active'====== Args={}
2026-03-03 17:36:15,929 : INFO : EventManager : Event: ======'machine_var_audits_switches_s_inlane_right_2'====== Args={'value': 19, 'prev_value': 18, 'change': 1}
2026-03-03 17:36:15,930 : INFO : EventManager : Event: ======'player_shot_shot_inlane_right_2'====== Args={'value': 1, 'prev_value': 0, 'change': 1, 'player_num': 1}
2026-03-03 17:36:15,931 : INFO : EventManager : Event: ======'machine_var_audits_shots_shot_inlane_right_2'====== Args={'value': 19, 'prev_value': 18, 'change': 1}
2026-03-03 17:36:15,931 : INFO : EventManager : Event: ======'shot_inlane_right_2_hit'====== Args={'profile': 'default', 'state': 'unlit', 'advancing': True}
2026-03-03 17:36:15,931 : INFO : EventManager : Event: ======'shot_inlane_right_2_default_hit'====== Args={'profile': 'default', 'state': 'unlit', 'advancing': True}
2026-03-03 17:36:15,931 : INFO : EventManager : Event: ======'shot_inlane_right_2_default_unlit_hit'====== Args={'profile': 'default', 'state': 'unlit', 'advancing': True}
2026-03-03 17:36:15,931 : INFO : EventManager : Event: ======'shot_inlane_right_2_unlit_hit'====== Args={'profile': 'default', 'state': 'unlit', 'advancing': True}
2026-03-03 17:36:15,931 : INFO : EventManager : Event: ======'inlanes_hit'====== Args={'shot': 'shot_inlane_right_2'}
2026-03-03 17:36:15,931 : INFO : EventManager : Event: ======'inlanes_unlit_hit'====== Args={'shot': 'shot_inlane_right_2'}
2026-03-03 17:36:15,931 : INFO : EventManager : Event: ======'player_score'====== Args={'value': 5010, 'prev_value': 5000, 'change': 10, 'player_num': 1, 'source': 'bumpers'}
2026-03-03 17:36:16,130 : INFO : SwitchController : <<<<<<< 's_inlane_right_2' inactive >>>>>>>
2026-03-03 17:36:17,059 : INFO : SwitchController : <<<<<<< 's_flipper_right_lower' active >>>>>>>
2026-03-03 17:36:17,059 : INFO : EventManager : Event: ======'machine_var_audits_switches_s_flipper_right_lower'====== Args={'value': 1354, 'prev_value': 1353, 'change': 1}
2026-03-03 17:36:17,061 : INFO : SwitchController : <<<<<<< 's_flipper_right_upper' active >>>>>>>
2026-03-03 17:36:17,061 : INFO : EventManager : Event: ======'machine_var_audits_switches_s_flipper_right_upper'====== Args={'value': 1217, 'prev_value': 1216, 'change': 1}
2026-03-03 17:36:17,234 : INFO : SwitchController : <<<<<<< 's_flipper_right_upper' inactive >>>>>>>
2026-03-03 17:36:17,240 : INFO : SwitchController : <<<<<<< 's_flipper_right_lower' inactive >>>>>>>
2026-03-03 17:36:17,730 : INFO : SwitchController : <<<<<<< 's_flipper_left' active >>>>>>>
2026-03-03 17:36:17,731 : INFO : EventManager : Event: ======'machine_var_audits_switches_s_flipper_left'====== Args={'value': 639, 'prev_value': 638, 'change': 1}
2026-03-03 17:36:17,751 : INFO : SwitchController : <<<<<<< 's_flipper_left' inactive >>>>>>>
2026-03-03 17:36:17,754 : INFO : SwitchController : <<<<<<< 's_flipper_left_eos' inactive >>>>>>>
2026-03-03 17:36:17,848 : INFO : SwitchController : <<<<<<< 's_flipper_left_eos' active >>>>>>>
2026-03-03 17:36:17,848 : INFO : EventManager : Event: ======'machine_var_audits_switches_s_flipper_left_eos'====== Args={'value': 533, 'prev_value': 532, 'change': 1}
2026-03-03 17:36:18,269 : INFO : SwitchController : <<<<<<< 's_flipper_right_lower' active >>>>>>>
2026-03-03 17:36:18,270 : INFO : EventManager : Event: ======'machine_var_audits_switches_s_flipper_right_lower'====== Args={'value': 1355, 'prev_value': 1354, 'change': 1}
2026-03-03 17:36:18,271 : INFO : SwitchController : <<<<<<< 's_flipper_right_upper' active >>>>>>>
2026-03-03 17:36:18,271 : INFO : EventManager : Event: ======'machine_var_audits_switches_s_flipper_right_upper'====== Args={'value': 1218, 'prev_value': 1217, 'change': 1}
2026-03-03 17:36:18,291 : INFO : SwitchController : <<<<<<< 's_flipper_left' active >>>>>>>
2026-03-03 17:36:18,291 : INFO : EventManager : Event: ======'machine_var_audits_switches_s_flipper_left'====== Args={'value': 640, 'prev_value': 639, 'change': 1}
2026-03-03 17:36:18,310 : INFO : SwitchController : <<<<<<< 's_flipper_left_eos' inactive >>>>>>>
2026-03-03 17:36:18,417 : INFO : SwitchController : <<<<<<< 's_flipper_right_upper' inactive >>>>>>>
2026-03-03 17:36:18,424 : INFO : SwitchController : <<<<<<< 's_flipper_right_lower' inactive >>>>>>>
2026-03-03 17:36:18,464 : INFO : SwitchController : <<<<<<< 's_flipper_left' inactive >>>>>>>
2026-03-03 17:36:18,552 : INFO : SwitchController : <<<<<<< 's_flipper_left_eos' active >>>>>>>
2026-03-03 17:36:18,552 : INFO : EventManager : Event: ======'machine_var_audits_switches_s_flipper_left_eos'====== Args={'value': 534, 'prev_value': 533, 'change': 1}
2026-03-03 17:36:18,890 : INFO : SwitchController : <<<<<<< 's_trough_5' active >>>>>>>
2026-03-03 17:36:18,890 : INFO : EventManager : Event: ======'machine_var_audits_switches_s_trough_5'====== Args={'value': 109, 'prev_value': 108, 'change': 1}
2026-03-03 17:36:19,000 : INFO : SwitchController : <<<<<<< 's_trough_5' inactive >>>>>>>
2026-03-03 17:36:19,008 : INFO : SwitchController : <<<<<<< 's_trough_4' active >>>>>>>
2026-03-03 17:36:19,008 : INFO : EventManager : Event: ======'machine_var_audits_switches_s_trough_4'====== Args={'value': 102, 'prev_value': 101, 'change': 1}
2026-03-03 17:36:19,154 : INFO : SwitchController : <<<<<<< 's_trough_4' inactive >>>>>>>
2026-03-03 17:36:19,174 : INFO : SwitchController : <<<<<<< 's_trough_3' active >>>>>>>
2026-03-03 17:36:19,175 : INFO : EventManager : Event: ======'machine_var_audits_switches_s_trough_3'====== Args={'value': 92, 'prev_value': 91, 'change': 1}
2026-03-03 17:36:19,267 : INFO : SwitchController : <<<<<<< 's_trough_3' inactive >>>>>>>
2026-03-03 17:36:19,277 : INFO : SwitchController : <<<<<<< 's_trough_2' active >>>>>>>
2026-03-03 17:36:19,278 : INFO : EventManager : Event: ======'machine_var_audits_switches_s_trough_2'====== Args={'value': 82, 'prev_value': 81, 'change': 1}
2026-03-03 17:36:19,358 : INFO : SwitchController : <<<<<<< 's_trough_2' inactive >>>>>>>
2026-03-03 17:36:19,365 : INFO : SwitchController : <<<<<<< 's_trough_1' active >>>>>>>
2026-03-03 17:36:19,365 : INFO : EventManager : Event: ======'machine_var_audits_switches_s_trough_1'====== Args={'value': 72, 'prev_value': 71, 'change': 1}
2026-03-03 17:36:19,866 : INFO : EventManager : Event: ======'balldevice_bd_trough_ball_count_changed'====== Args={'balls': 1}
2026-03-03 17:36:19,866 : INFO : ball_device.bd_trough : Received unexpected ball
2026-03-03 17:36:19,866 : INFO : EventManager : Event: ======'balldevice_captured_from_playfield'====== Args={'balls': 1}
2026-03-03 17:36:19,867 : INFO : EventManager : Event: ======'sw_playfield_active'====== Args={'balls': 1}
2026-03-03 17:36:19,867 : INFO : EventManager : Event: ======'playfield_ball_count_change'====== Args={'balls': 0, 'change': -1}
2026-03-03 17:36:19,867 : INFO : EventManager : Event: ======'balldevice_bd_trough_ball_enter'====== Args={'new_balls': 1, 'unclaimed_balls': 1, 'new_available_balls': 1, 'device': <ball_device.bd_trough>}
2026-03-03 17:36:19,867 : INFO : EventManager : Event: ======'ball_drain'====== Args={'device': <ball_device.bd_trough>, 'balls': 1}
2026-03-03 17:36:19,868 : INFO : EventManager : Event: ======'ball_will_end'====== Args={}
2026-03-03 17:36:19,868 : INFO : EventManager : Event: ======'balldevice_balls_available'====== Args={}
2026-03-03 17:36:19,868 : INFO : EventManager : Event: ======'balldevice_bd_trough_ball_entered'====== Args={'new_balls': 1, 'device': <ball_device.bd_trough>}
2026-03-03 17:36:19,868 : INFO : EventManager : Event: ======'mode_base_will_stop'====== Args={}
2026-03-03 17:36:19,868 : INFO : EventManager : Event: ======'mode_base_stopping'====== Args={}
2026-03-03 17:36:19,869 : INFO : EventManager : Event: ======'stop_mode_bumpers'====== Args={'priority': 0}
2026-03-03 17:36:19,869 : INFO : EventManager : Event: ======'mode_bumpers_will_stop'====== Args={}
2026-03-03 17:36:19,869 : INFO : EventManager : Event: ======'mode_bumpers_stopping'====== Args={}
2026-03-03 17:36:19,869 : INFO : Mode.base : Stopped.
2026-03-03 17:36:19,869 : INFO : EventManager : Event: ======'modes_active_modes_changed'====== Args={}
2026-03-03 17:36:19,870 : INFO : EventManager : Event: ======'mode_base_stopped'====== Args={}
2026-03-03 17:36:19,870 : INFO : EventManager : Event: ======'clear'====== Args={'key': 'base'}
2026-03-03 17:36:19,870 : INFO : Mode.bumpers : Stopped.
2026-03-03 17:36:19,870 : INFO : EventManager : Event: ======'modes_active_modes_changed'====== Args={}
2026-03-03 17:36:19,870 : INFO : EventManager : Event: ======'mode_bumpers_stopped'====== Args={}
2026-03-03 17:36:19,870 : INFO : EventManager : Event: ======'clear'====== Args={'key': 'bumpers'}
2026-03-03 17:36:19,872 : INFO : EventManager : Event: ======'ball_ending'====== Args={}
2026-03-03 17:36:19,872 : INFO : EventManager : Event: ======'ball_ended'====== Args={}
2026-03-03 17:36:19,874 : INFO : EventManager : Event: ======'player_turn_will_end'====== Args={'player': <Player 1>, 'number': 1}
2026-03-03 17:36:19,874 : INFO : EventManager : Event: ======'player_turn_ending'====== Args={'player': <Player 1>, 'number': 1}
2026-03-03 17:36:19,875 : INFO : EventManager : Event: ======'player_turn_ended'====== Args={'player': <Player 1>, 'number': 1}
2026-03-03 17:36:19,875 : INFO : EventManager : Event: ======'player_turn_will_start'====== Args={'player': <Player 1>, 'number': 1}
2026-03-03 17:36:19,875 : INFO : EventManager : Event: ======'player_turn_starting'====== Args={'player': <Player 1>, 'number': 1}
2026-03-03 17:36:19,875 : INFO : EventManager : Event: ======'player_ball'====== Args={'value': 3, 'prev_value': 2, 'change': 1, 'player_num': 1}
2026-03-03 17:36:19,876 : INFO : EventManager : Event: ======'player_turn_started'====== Args={'player': <Player 1>, 'number': 1}
2026-03-03 17:36:19,877 : INFO : EventManager : Event: ======'ball_will_start'====== Args={'player': 1, 'ball': 3, 'balls_remaining': 0, 'is_extra_ball': False}
2026-03-03 17:36:19,877 : INFO : EventManager : Event: ======'ball_starting'====== Args={'player': 1, 'ball': 3, 'balls_remaining': 0, 'is_extra_ball': False}
2026-03-03 17:36:19,878 : INFO : EventManager : Event: ======'mode_base_will_start'====== Args={'queue': <QueuedEvent>, 'player': 1, 'ball': 3, 'balls_remaining': 0, 'is_extra_ball': False}
2026-03-03 17:36:19,879 : INFO : EventManager : Event: ======'mode_base_starting'====== Args={'queue': <QueuedEvent>, 'player': 1, 'ball': 3, 'balls_remaining': 0, 'is_extra_ball': False}
2026-03-03 17:36:19,880 : INFO : Mode.base : Started. Priority: 100
2026-03-03 17:36:19,880 : INFO : EventManager : Event: ======'modes_active_modes_changed'====== Args={}
2026-03-03 17:36:19,880 : INFO : EventManager : Event: ======'mode_base_started'====== Args={'queue': <QueuedEvent>, 'player': 1, 'ball': 3, 'balls_remaining': 0, 'is_extra_ball': False}
2026-03-03 17:36:19,880 : INFO : EventManager : Event: ======'start_mode_bumpers'====== Args={'priority': 0}
2026-03-03 17:36:19,881 : INFO : EventManager : Event: ======'mode_bumpers_will_start'====== Args={'priority': 0}
2026-03-03 17:36:19,884 : INFO : EventManager : Event: ======'mode_bumpers_starting'====== Args={'priority': 0}
2026-03-03 17:36:19,884 : INFO : Mode.bumpers : Started. Priority: 200
2026-03-03 17:36:19,884 : INFO : EventManager : Event: ======'modes_active_modes_changed'====== Args={}
2026-03-03 17:36:19,884 : INFO : EventManager : Event: ======'mode_bumpers_started'====== Args={'priority': 0}
2026-03-03 17:36:19,885 : INFO : EventManager : Event: ======'balls_in_play'====== Args={'balls': 1}
2026-03-03 17:36:19,885 : INFO : EventManager : Event: ======'ball_started'====== Args={'player': 1, 'ball': 3, 'balls_remaining': 0, 'is_extra_ball': False}
2026-03-03 17:36:19,894 : INFO : EventManager : Event: ======'single_player_ball_started'====== Args={}
2026-03-03 17:36:19,896 : INFO : EventManager : Event: ======'ball_start_target'====== Args={'target': 'playfield'}
2026-03-03 17:36:19,898 : INFO : ball_device.bd_plunger : Setting up player-controlled eject. Balls: 1, Target: <playfield.playfield>, player_controlled_eject_event: None
2026-03-03 17:36:19,898 : INFO : EventManager : Event: ======'balldevice_balls_available'====== Args={}
2026-03-03 17:36:19,900 : INFO : ball_device.bd_trough : State: waiting_for_target_ready
2026-03-03 17:36:19,900 : INFO : EventManager : Event: ======'balldevice_bd_trough_ball_eject_attempt'====== Args={'balls': 1, 'target': <ball_device.bd_plunger>, 'source': <ball_device.bd_trough>, 'mechanical_eject': True, 'num_attempts': 0}
2026-03-03 17:36:19,900 : INFO : ball_device.bd_plunger : State: waiting_for_ball
2026-03-03 17:36:19,901 : INFO : ball_device.bd_trough : State: ejecting
2026-03-03 17:36:19,901 : INFO : ball_device.bd_trough : Ejecting ball to <ball_device.bd_plunger>
2026-03-03 17:36:19,901 : INFO : EventManager : Event: ======'balldevice_bd_trough_ejecting_ball'====== Args={'balls': 1, 'target': <ball_device.bd_plunger>, 'source': <ball_device.bd_trough>, 'mechanical_eject': True, 'num_attempts': 0}
2026-03-03 17:36:19,901 : INFO : ball_device.bd_trough : Wait for ball to leave device
2026-03-03 17:36:19,902 : INFO : coil.c_trough_eject : Pulsing Driver for 20ms (1.0 pulse_power)
2026-03-03 17:36:19,929 : INFO : SwitchController : <<<<<<< 's_trough_1' inactive >>>>>>>
2026-03-03 17:36:19,929 : INFO : SwitchController : <<<<<<< 's_trough_7' active >>>>>>>
2026-03-03 17:36:19,929 : INFO : EventManager : Event: ======'machine_var_audits_switches_s_trough_7'====== Args={'value': 81, 'prev_value': 80, 'change': 1}
2026-03-03 17:36:19,930 : INFO : ball_device.bd_trough : State: ball_left
2026-03-03 17:36:19,930 : INFO : ball_device.bd_trough : Ball left
2026-03-03 17:36:19,930 : INFO : ball_device.bd_trough : Wait for confirm with timeout 3.0
2026-03-03 17:36:19,950 : INFO : SwitchController : <<<<<<< 's_trough_7' inactive >>>>>>>
2026-03-03 17:36:19,955 : INFO : EventManager : Event: ======'slide_base_slide_created'====== Args={'_from_bcp': True}
2026-03-03 17:36:19,955 : INFO : EventManager : Event: ======'slide_base_slide_inactive'====== Args={'is_removing': True, '_from_bcp': True}
2026-03-03 17:36:19,955 : INFO : EventManager : Event: ======'slide_base_slide_active'====== Args={'original_context': 'base', 'original_calling_context': 'mode_base_started', 'priority': 100.0, 'queue': '<QueuedEvent>', 'player': 1.0, 'ball': 3.0, 'balls_remaining': 0.0, 'is_extra_ball': False, 'cmd': 'slides_play', '_from_bcp': True}
2026-03-03 17:36:19,956 : INFO : EventManager : Event: ======'slide_base_slide_removed'====== Args={'_from_bcp': True}
2026-03-03 17:36:20,056 : INFO : SwitchController : <<<<<<< 's_plunger' active >>>>>>>
2026-03-03 17:36:20,056 : INFO : EventManager : Event: ======'machine_var_audits_switches_s_plunger'====== Args={'value': 89, 'prev_value': 88, 'change': 1}
2026-03-03 17:36:20,558 : INFO : ball_device.bd_plunger : Received ball from <ball_device.bd_trough>
2026-03-03 17:36:20,558 : INFO : EventManager : Event: ======'balldevice_bd_plunger_ball_enter'====== Args={'new_balls': 1, 'unclaimed_balls': 0, 'new_available_balls': 0, 'device': <ball_device.bd_plunger>}
2026-03-03 17:36:20,561 : INFO : EventManager : Event: ======'balldevice_bd_plunger_ball_entered'====== Args={'new_balls': 0, 'device': <ball_device.bd_plunger>}
2026-03-03 17:36:20,561 : INFO : EventManager : Event: ======'balldevice_bd_plunger_ball_count_changed'====== Args={'balls': 1}
2026-03-03 17:36:20,562 : INFO : ball_device.bd_trough : Got eject confirm
2026-03-03 17:36:20,562 : INFO : ball_device.bd_trough : Eject successful
2026-03-03 17:36:20,562 : INFO : EventManager : Event: ======'balldevice_bd_trough_ball_eject_success'====== Args={'balls': 1, 'target': <ball_device.bd_plunger>}
2026-03-03 17:36:20,563 : INFO : ball_device.bd_plunger : State: waiting_for_target_ready
2026-03-03 17:36:20,563 : INFO : EventManager : Event: ======'balldevice_bd_plunger_ball_eject_attempt'====== Args={'balls': 1, 'target': <playfield.playfield>, 'source': <ball_device.bd_plunger>, 'mechanical_eject': True, 'num_attempts': 0}
2026-03-03 17:36:20,564 : INFO : EventManager : Event: ======'balldevice_bd_trough_ball_count_changed'====== Args={'balls': 0}
2026-03-03 17:36:20,564 : INFO : ball_device.bd_trough : State: idle
2026-03-03 17:36:20,565 : INFO : ball_device.bd_plunger : State: ejecting
2026-03-03 17:36:20,565 : INFO : ball_device.bd_plunger : Ejecting ball to <playfield.playfield>
2026-03-03 17:36:20,565 : INFO : EventManager : Event: ======'balldevice_bd_plunger_ejecting_ball'====== Args={'balls': 1, 'target': <playfield.playfield>, 'source': <ball_device.bd_plunger>, 'mechanical_eject': True, 'num_attempts': 0}
2026-03-03 17:36:20,567 : INFO : ball_device.bd_plunger : Wait for ball to leave device
2026-03-03 17:36:21,003 : INFO : SwitchController : <<<<<<< 's_plunger' inactive >>>>>>>
2026-03-03 17:36:21,004 : INFO : ball_device.bd_plunger : State: ball_left
2026-03-03 17:36:21,004 : INFO : ball_device.bd_plunger : Ball left
2026-03-03 17:36:21,004 : INFO : ball_device.bd_plunger : Wait for confirm with timeout 5.0
2026-03-03 17:36:22,168 : INFO : SwitchController : <<<<<<< 's_flipper_right_lower' active >>>>>>>
2026-03-03 17:36:22,169 : INFO : EventManager : Event: ======'machine_var_audits_switches_s_flipper_right_lower'====== Args={'value': 1356, 'prev_value': 1355, 'change': 1}
2026-03-03 17:36:22,190 : INFO : SwitchController : <<<<<<< 's_flipper_right_upper' active >>>>>>>
2026-03-03 17:36:22,190 : INFO : EventManager : Event: ======'machine_var_audits_switches_s_flipper_right_upper'====== Args={'value': 1219, 'prev_value': 1218, 'change': 1}
2026-03-03 17:36:22,225 : INFO : SwitchController : <<<<<<< 's_flipper_left' active >>>>>>>
2026-03-03 17:36:22,225 : INFO : EventManager : Event: ======'machine_var_audits_switches_s_flipper_left'====== Args={'value': 641, 'prev_value': 640, 'change': 1}
2026-03-03 17:36:22,256 : INFO : SwitchController : <<<<<<< 's_flipper_left_eos' inactive >>>>>>>
2026-03-03 17:36:22,279 : INFO : SwitchController : <<<<<<< 's_flipper_right_upper' inactive >>>>>>>
2026-03-03 17:36:22,288 : INFO : SwitchController : <<<<<<< 's_flipper_right_lower' inactive >>>>>>>
2026-03-03 17:36:22,317 : INFO : SwitchController : <<<<<<< 's_flipper_left' inactive >>>>>>>
2026-03-03 17:36:22,404 : INFO : SwitchController : <<<<<<< 's_flipper_left_eos' active >>>>>>>
2026-03-03 17:36:22,404 : INFO : EventManager : Event: ======'machine_var_audits_switches_s_flipper_left_eos'====== Args={'value': 535, 'prev_value': 534, 'change': 1}
2026-03-03 17:36:22,606 : INFO : SwitchController : <<<<<<< 's_flipper_right_lower' active >>>>>>>
2026-03-03 17:36:22,607 : INFO : EventManager : Event: ======'machine_var_audits_switches_s_flipper_right_lower'====== Args={'value': 1357, 'prev_value': 1356, 'change': 1}
2026-03-03 17:36:22,607 : INFO : SwitchController : <<<<<<< 's_flipper_right_upper' active >>>>>>>
2026-03-03 17:36:22,607 : INFO : EventManager : Event: ======'machine_var_audits_switches_s_flipper_right_upper'====== Args={'value': 1220, 'prev_value': 1219, 'change': 1}
2026-03-03 17:36:22,874 : INFO : SwitchController : <<<<<<< 's_flipper_right_upper' inactive >>>>>>>
2026-03-03 17:36:22,879 : INFO : SwitchController : <<<<<<< 's_flipper_right_lower' inactive >>>>>>>
2026-03-03 17:36:25,227 : INFO : SwitchController : <<<<<<< 's_flipper_right_lower' active >>>>>>>
2026-03-03 17:36:25,227 : INFO : EventManager : Event: ======'machine_var_audits_switches_s_flipper_right_lower'====== Args={'value': 1358, 'prev_value': 1357, 'change': 1}
2026-03-03 17:36:25,227 : INFO : SwitchController : <<<<<<< 's_flipper_right_upper' active >>>>>>>
2026-03-03 17:36:25,227 : INFO : EventManager : Event: ======'machine_var_audits_switches_s_flipper_right_upper'====== Args={'value': 1221, 'prev_value': 1220, 'change': 1}
2026-03-03 17:36:25,384 : INFO : SwitchController : <<<<<<< 's_flipper_right_upper' inactive >>>>>>>
2026-03-03 17:36:25,390 : INFO : SwitchController : <<<<<<< 's_flipper_right_lower' inactive >>>>>>>
2026-03-03 17:36:26,005 : INFO : ball_device.bd_plunger : State: failed_confirm
2026-03-03 17:36:26,005 : INFO : ball_device.bd_plunger : Got timeout (5.0s) before confirm from <playfield.playfield>
2026-03-03 17:36:26,106 : INFO : ball_device.bd_plunger : Confirming eject because target is playfield and ball did not return.
2026-03-03 17:36:26,106 : INFO : ball_device.bd_plunger : Eject successful
2026-03-03 17:36:26,106 : INFO : EventManager : Event: ======'balldevice_bd_plunger_ball_eject_success'====== Args={'balls': 1, 'target': <playfield.playfield>}
2026-03-03 17:36:26,107 : INFO : EventManager : Event: ======'balldevice_playfield_ball_enter'====== Args={'new_balls': 1, 'unclaimed_balls': 1, 'device': <playfield.playfield>}
2026-03-03 17:36:26,107 : INFO : EventManager : Event: ======'playfield_ball_count_change'====== Args={'balls': 1, 'change': 1}
2026-03-03 17:36:26,107 : INFO : EventManager : Event: ======'balldevice_bd_plunger_ball_count_changed'====== Args={'balls': 0}
2026-03-03 17:36:26,107 : INFO : ball_device.bd_plunger : State: idle
2026-03-03 17:36:26,171 : INFO : SwitchController : <<<<<<< 's_flipper_left' active >>>>>>>
2026-03-03 17:36:26,172 : INFO : EventManager : Event: ======'machine_var_audits_switches_s_flipper_left'====== Args={'value': 642, 'prev_value': 641, 'change': 1}
2026-03-03 17:36:26,205 : INFO : SwitchController : <<<<<<< 's_flipper_left_eos' inactive >>>>>>>
2026-03-03 17:36:26,279 : INFO : SwitchController : <<<<<<< 's_flipper_left' inactive >>>>>>>
2026-03-03 17:36:26,365 : INFO : SwitchController : <<<<<<< 's_flipper_left_eos' active >>>>>>>
2026-03-03 17:36:26,365 : INFO : EventManager : Event: ======'machine_var_audits_switches_s_flipper_left_eos'====== Args={'value': 536, 'prev_value': 535, 'change': 1}
2026-03-03 17:36:26,527 : INFO : SwitchController : <<<<<<< 's_flipper_left' active >>>>>>>
2026-03-03 17:36:26,527 : INFO : EventManager : Event: ======'machine_var_audits_switches_s_flipper_left'====== Args={'value': 643, 'prev_value': 642, 'change': 1}
2026-03-03 17:36:26,547 : INFO : SwitchController : <<<<<<< 's_flipper_left' inactive >>>>>>>
2026-03-03 17:36:26,551 : INFO : SwitchController : <<<<<<< 's_flipper_left_eos' inactive >>>>>>>
2026-03-03 17:36:26,579 : INFO : SwitchController : <<<<<<< 's_flipper_left_eos' active >>>>>>>
2026-03-03 17:36:26,579 : INFO : EventManager : Event: ======'machine_var_audits_switches_s_flipper_left_eos'====== Args={'value': 537, 'prev_value': 536, 'change': 1}
2026-03-03 17:36:28,795 : INFO : SwitchController : <<<<<<< 's_flipper_right_lower' active >>>>>>>
2026-03-03 17:36:28,796 : INFO : EventManager : Event: ======'machine_var_audits_switches_s_flipper_right_lower'====== Args={'value': 1359, 'prev_value': 1358, 'change': 1}
2026-03-03 17:36:28,796 : INFO : SwitchController : <<<<<<< 's_flipper_right_upper' active >>>>>>>
2026-03-03 17:36:28,797 : INFO : EventManager : Event: ======'machine_var_audits_switches_s_flipper_right_upper'====== Args={'value': 1222, 'prev_value': 1221, 'change': 1}
2026-03-03 17:36:28,872 : INFO : SwitchController : <<<<<<< 's_flipper_left' active >>>>>>>
2026-03-03 17:36:28,873 : INFO : EventManager : Event: ======'machine_var_audits_switches_s_flipper_left'====== Args={'value': 644, 'prev_value': 643, 'change': 1}
2026-03-03 17:36:28,894 : INFO : SwitchController : <<<<<<< 's_flipper_left_eos' inactive >>>>>>>
2026-03-03 17:36:28,949 : INFO : SwitchController : <<<<<<< 's_flipper_right_upper' inactive >>>>>>>
2026-03-03 17:36:28,955 : INFO : SwitchController : <<<<<<< 's_flipper_right_lower' inactive >>>>>>>
2026-03-03 17:36:29,004 : INFO : SwitchController : <<<<<<< 's_flipper_left' inactive >>>>>>>
2026-03-03 17:36:29,091 : INFO : SwitchController : <<<<<<< 's_flipper_left_eos' active >>>>>>>
2026-03-03 17:36:29,091 : INFO : EventManager : Event: ======'machine_var_audits_switches_s_flipper_left_eos'====== Args={'value': 538, 'prev_value': 537, 'change': 1}
2026-03-03 17:36:29,718 : INFO : SwitchController : <<<<<<< 's_flipper_right_lower' active >>>>>>>
2026-03-03 17:36:29,718 : INFO : EventManager : Event: ======'machine_var_audits_switches_s_flipper_right_lower'====== Args={'value': 1360, 'prev_value': 1359, 'change': 1}
2026-03-03 17:36:29,720 : INFO : SwitchController : <<<<<<< 's_flipper_right_upper' active >>>>>>>
2026-03-03 17:36:29,720 : INFO : EventManager : Event: ======'machine_var_audits_switches_s_flipper_right_upper'====== Args={'value': 1223, 'prev_value': 1222, 'change': 1}
2026-03-03 17:36:30,092 : INFO : SwitchController : <<<<<<< 's_flipper_right_upper' inactive >>>>>>>
2026-03-03 17:36:30,098 : INFO : SwitchController : <<<<<<< 's_flipper_right_lower' inactive >>>>>>>
2026-03-03 17:36:32,312 : INFO : SwitchController : <<<<<<< 's_flipper_right_lower' active >>>>>>>
2026-03-03 17:36:32,312 : INFO : EventManager : Event: ======'machine_var_audits_switches_s_flipper_right_lower'====== Args={'value': 1361, 'prev_value': 1360, 'change': 1}
2026-03-03 17:36:32,313 : INFO : SwitchController : <<<<<<< 's_flipper_right_upper' active >>>>>>>
2026-03-03 17:36:32,313 : INFO : EventManager : Event: ======'machine_var_audits_switches_s_flipper_right_upper'====== Args={'value': 1224, 'prev_value': 1223, 'change': 1}
2026-03-03 17:36:32,497 : INFO : SwitchController : <<<<<<< 's_flipper_right_upper' inactive >>>>>>>
2026-03-03 17:36:32,501 : INFO : SwitchController : <<<<<<< 's_flipper_right_lower' inactive >>>>>>>
2026-03-03 17:36:33,513 : INFO : SwitchController : <<<<<<< 's_flipper_right_lower' active >>>>>>>
2026-03-03 17:36:33,513 : INFO : EventManager : Event: ======'machine_var_audits_switches_s_flipper_right_lower'====== Args={'value': 1362, 'prev_value': 1361, 'change': 1}
2026-03-03 17:36:33,515 : INFO : SwitchController : <<<<<<< 's_flipper_right_upper' active >>>>>>>
2026-03-03 17:36:33,515 : INFO : EventManager : Event: ======'machine_var_audits_switches_s_flipper_right_upper'====== Args={'value': 1225, 'prev_value': 1224, 'change': 1}
2026-03-03 17:36:33,763 : INFO : SwitchController : <<<<<<< 's_flipper_right_upper' inactive >>>>>>>
2026-03-03 17:36:33,769 : INFO : SwitchController : <<<<<<< 's_flipper_right_lower' inactive >>>>>>>
2026-03-03 17:36:33,786 : INFO : SwitchController : <<<<<<< 's_sling_right' active >>>>>>>
2026-03-03 17:36:33,786 : INFO : EventManager : Event: ======'s_sling_right_active'====== Args={}
2026-03-03 17:36:33,786 : INFO : EventManager : Event: ======'machine_var_audits_switches_s_sling_right'====== Args={'value': 77, 'prev_value': 76, 'change': 1}
2026-03-03 17:36:33,787 : INFO : EventManager : Event: ======'machine_var_audits_shots_shot_sling_right'====== Args={'value': 49, 'prev_value': 48, 'change': 1}
2026-03-03 17:36:33,787 : INFO : EventManager : Event: ======'shot_sling_right_hit'====== Args={'profile': 'default', 'state': 'lit', 'advancing': False}
2026-03-03 17:36:33,787 : INFO : EventManager : Event: ======'shot_sling_right_default_hit'====== Args={'profile': 'default', 'state': 'lit', 'advancing': False}
2026-03-03 17:36:33,787 : INFO : EventManager : Event: ======'shot_sling_right_default_lit_hit'====== Args={'profile': 'default', 'state': 'lit', 'advancing': False}
2026-03-03 17:36:33,787 : INFO : EventManager : Event: ======'shot_sling_right_lit_hit'====== Args={'profile': 'default', 'state': 'lit', 'advancing': False}
2026-03-03 17:36:33,787 : INFO : EventManager : Event: ======'slings_hit'====== Args={'shot': 'shot_sling_right'}
2026-03-03 17:36:33,787 : INFO : EventManager : Event: ======'slings_lit_hit'====== Args={'shot': 'shot_sling_right'}
2026-03-03 17:36:33,788 : INFO : EventManager : Event: ======'player_score'====== Args={'value': 6010, 'prev_value': 5010, 'change': 1000, 'player_num': 1, 'source': 'bumpers'}
2026-03-03 17:36:33,806 : INFO : SwitchController : <<<<<<< 's_sling_right' inactive >>>>>>>
2026-03-03 17:36:33,865 : INFO : SwitchController : <<<<<<< 's_sling_left' active >>>>>>>
2026-03-03 17:36:33,865 : INFO : EventManager : Event: ======'s_sling_left_active'====== Args={}
2026-03-03 17:36:33,865 : INFO : EventManager : Event: ======'machine_var_audits_switches_s_sling_left'====== Args={'value': 591, 'prev_value': 590, 'change': 1}
2026-03-03 17:36:33,866 : INFO : EventManager : Event: ======'machine_var_audits_shots_shot_sling_left'====== Args={'value': 568, 'prev_value': 567, 'change': 1}
2026-03-03 17:36:33,867 : INFO : EventManager : Event: ======'shot_sling_left_hit'====== Args={'profile': 'default', 'state': 'lit', 'advancing': False}
2026-03-03 17:36:33,867 : INFO : EventManager : Event: ======'shot_sling_left_default_hit'====== Args={'profile': 'default', 'state': 'lit', 'advancing': False}
2026-03-03 17:36:33,867 : INFO : EventManager : Event: ======'shot_sling_left_default_lit_hit'====== Args={'profile': 'default', 'state': 'lit', 'advancing': False}
2026-03-03 17:36:33,867 : INFO : EventManager : Event: ======'shot_sling_left_lit_hit'====== Args={'profile': 'default', 'state': 'lit', 'advancing': False}
2026-03-03 17:36:33,867 : INFO : EventManager : Event: ======'slings_hit'====== Args={'shot': 'shot_sling_left'}
2026-03-03 17:36:33,867 : INFO : EventManager : Event: ======'slings_lit_hit'====== Args={'shot': 'shot_sling_left'}
2026-03-03 17:36:33,868 : INFO : EventManager : Event: ======'player_score'====== Args={'value': 7010, 'prev_value': 6010, 'change': 1000, 'player_num': 1, 'source': 'bumpers'}
2026-03-03 17:36:33,885 : INFO : SwitchController : <<<<<<< 's_sling_left' inactive >>>>>>>
2026-03-03 17:36:33,979 : INFO : SwitchController : <<<<<<< 's_sling_right' active >>>>>>>
2026-03-03 17:36:33,980 : INFO : EventManager : Event: ======'s_sling_right_active'====== Args={}
2026-03-03 17:36:33,980 : INFO : EventManager : Event: ======'machine_var_audits_switches_s_sling_right'====== Args={'value': 78, 'prev_value': 77, 'change': 1}
2026-03-03 17:36:33,980 : INFO : EventManager : Event: ======'machine_var_audits_shots_shot_sling_right'====== Args={'value': 50, 'prev_value': 49, 'change': 1}
2026-03-03 17:36:33,981 : INFO : EventManager : Event: ======'shot_sling_right_hit'====== Args={'profile': 'default', 'state': 'lit', 'advancing': False}
2026-03-03 17:36:33,981 : INFO : EventManager : Event: ======'shot_sling_right_default_hit'====== Args={'profile': 'default', 'state': 'lit', 'advancing': False}
2026-03-03 17:36:33,981 : INFO : EventManager : Event: ======'shot_sling_right_default_lit_hit'====== Args={'profile': 'default', 'state': 'lit', 'advancing': False}
2026-03-03 17:36:33,981 : INFO : EventManager : Event: ======'shot_sling_right_lit_hit'====== Args={'profile': 'default', 'state': 'lit', 'advancing': False}
2026-03-03 17:36:33,981 : INFO : EventManager : Event: ======'slings_hit'====== Args={'shot': 'shot_sling_right'}
2026-03-03 17:36:33,982 : INFO : EventManager : Event: ======'slings_lit_hit'====== Args={'shot': 'shot_sling_right'}
2026-03-03 17:36:33,982 : INFO : EventManager : Event: ======'player_score'====== Args={'value': 8010, 'prev_value': 7010, 'change': 1000, 'player_num': 1, 'source': 'bumpers'}
2026-03-03 17:36:33,995 : INFO : SwitchController : <<<<<<< 's_sling_right' inactive >>>>>>>
2026-03-03 17:36:35,559 : INFO : SwitchController : <<<<<<< 's_flipper_right_lower' active >>>>>>>
2026-03-03 17:36:35,560 : INFO : EventManager : Event: ======'machine_var_audits_switches_s_flipper_right_lower'====== Args={'value': 1363, 'prev_value': 1362, 'change': 1}
2026-03-03 17:36:35,580 : INFO : SwitchController : <<<<<<< 's_flipper_right_upper' active >>>>>>>
2026-03-03 17:36:35,580 : INFO : EventManager : Event: ======'machine_var_audits_switches_s_flipper_right_upper'====== Args={'value': 1226, 'prev_value': 1225, 'change': 1}
2026-03-03 17:36:36,016 : INFO : SwitchController : <<<<<<< 's_sling_right' active >>>>>>>
2026-03-03 17:36:36,016 : INFO : EventManager : Event: ======'s_sling_right_active'====== Args={}
2026-03-03 17:36:36,016 : INFO : EventManager : Event: ======'machine_var_audits_switches_s_sling_right'====== Args={'value': 79, 'prev_value': 78, 'change': 1}
2026-03-03 17:36:36,016 : INFO : EventManager : Event: ======'machine_var_audits_shots_shot_sling_right'====== Args={'value': 51, 'prev_value': 50, 'change': 1}
2026-03-03 17:36:36,017 : INFO : EventManager : Event: ======'shot_sling_right_hit'====== Args={'profile': 'default', 'state': 'lit', 'advancing': False}
2026-03-03 17:36:36,017 : INFO : EventManager : Event: ======'shot_sling_right_default_hit'====== Args={'profile': 'default', 'state': 'lit', 'advancing': False}
2026-03-03 17:36:36,017 : INFO : EventManager : Event: ======'shot_sling_right_default_lit_hit'====== Args={'profile': 'default', 'state': 'lit', 'advancing': False}
2026-03-03 17:36:36,017 : INFO : EventManager : Event: ======'shot_sling_right_lit_hit'====== Args={'profile': 'default', 'state': 'lit', 'advancing': False}
2026-03-03 17:36:36,017 : INFO : EventManager : Event: ======'slings_hit'====== Args={'shot': 'shot_sling_right'}
2026-03-03 17:36:36,017 : INFO : EventManager : Event: ======'slings_lit_hit'====== Args={'shot': 'shot_sling_right'}
2026-03-03 17:36:36,017 : INFO : EventManager : Event: ======'player_score'====== Args={'value': 9010, 'prev_value': 8010, 'change': 1000, 'player_num': 1, 'source': 'bumpers'}
2026-03-03 17:36:36,024 : INFO : SwitchController : <<<<<<< 's_sling_right' inactive >>>>>>>
2026-03-03 17:36:36,230 : INFO : SwitchController : <<<<<<< 's_flipper_right_upper' inactive >>>>>>>
2026-03-03 17:36:36,240 : INFO : SwitchController : <<<<<<< 's_flipper_right_lower' inactive >>>>>>>
2026-03-03 17:36:37,058 : INFO : SwitchController : <<<<<<< 's_flipper_right_lower' active >>>>>>>
2026-03-03 17:36:37,058 : INFO : EventManager : Event: ======'machine_var_audits_switches_s_flipper_right_lower'====== Args={'value': 1364, 'prev_value': 1363, 'change': 1}
2026-03-03 17:36:37,059 : INFO : SwitchController : <<<<<<< 's_flipper_right_upper' active >>>>>>>
2026-03-03 17:36:37,059 : INFO : EventManager : Event: ======'machine_var_audits_switches_s_flipper_right_upper'====== Args={'value': 1227, 'prev_value': 1226, 'change': 1}
2026-03-03 17:36:37,217 : INFO : SwitchController : <<<<<<< 's_flipper_right_upper' inactive >>>>>>>
2026-03-03 17:36:37,225 : INFO : SwitchController : <<<<<<< 's_flipper_right_lower' inactive >>>>>>>
2026-03-03 17:36:42,714 : INFO : SwitchController : <<<<<<< 's_flipper_left' active >>>>>>>
2026-03-03 17:36:42,714 : INFO : EventManager : Event: ======'machine_var_audits_switches_s_flipper_left'====== Args={'value': 645, 'prev_value': 644, 'change': 1}
2026-03-03 17:36:42,749 : INFO : SwitchController : <<<<<<< 's_flipper_left_eos' inactive >>>>>>>
2026-03-03 17:36:42,887 : INFO : SwitchController : <<<<<<< 's_flipper_left' inactive >>>>>>>
2026-03-03 17:36:42,972 : INFO : SwitchController : <<<<<<< 's_flipper_left_eos' active >>>>>>>
2026-03-03 17:36:42,972 : INFO : EventManager : Event: ======'machine_var_audits_switches_s_flipper_left_eos'====== Args={'value': 539, 'prev_value': 538, 'change': 1}
2026-03-03 17:36:43,563 : INFO : SwitchController : <<<<<<< 's_flipper_right_lower' active >>>>>>>
2026-03-03 17:36:43,563 : INFO : EventManager : Event: ======'machine_var_audits_switches_s_flipper_right_lower'====== Args={'value': 1365, 'prev_value': 1364, 'change': 1}
2026-03-03 17:36:43,586 : INFO : SwitchController : <<<<<<< 's_flipper_right_upper' active >>>>>>>
2026-03-03 17:36:43,586 : INFO : EventManager : Event: ======'machine_var_audits_switches_s_flipper_right_upper'====== Args={'value': 1228, 'prev_value': 1227, 'change': 1}
2026-03-03 17:36:43,715 : INFO : SwitchController : <<<<<<< 's_flipper_right_upper' inactive >>>>>>>
2026-03-03 17:36:43,741 : INFO : SwitchController : <<<<<<< 's_flipper_right_lower' inactive >>>>>>>
2026-03-03 17:36:43,845 : INFO : SwitchController : <<<<<<< 's_flipper_left' active >>>>>>>
2026-03-03 17:36:43,846 : INFO : EventManager : Event: ======'machine_var_audits_switches_s_flipper_left'====== Args={'value': 646, 'prev_value': 645, 'change': 1}
2026-03-03 17:36:43,866 : INFO : SwitchController : <<<<<<< 's_flipper_left_eos' inactive >>>>>>>
2026-03-03 17:36:44,055 : INFO : SwitchController : <<<<<<< 's_flipper_left' inactive >>>>>>>
2026-03-03 17:36:44,146 : INFO : SwitchController : <<<<<<< 's_flipper_left_eos' active >>>>>>>
2026-03-03 17:36:44,146 : INFO : EventManager : Event: ======'machine_var_audits_switches_s_flipper_left_eos'====== Args={'value': 540, 'prev_value': 539, 'change': 1}
2026-03-03 17:36:46,290 : INFO : SwitchController : <<<<<<< 's_flipper_left' active >>>>>>>
2026-03-03 17:36:46,290 : INFO : EventManager : Event: ======'machine_var_audits_switches_s_flipper_left'====== Args={'value': 647, 'prev_value': 646, 'change': 1}
2026-03-03 17:36:46,332 : INFO : SwitchController : <<<<<<< 's_flipper_left_eos' inactive >>>>>>>
2026-03-03 17:36:46,456 : INFO : SwitchController : <<<<<<< 's_flipper_left' inactive >>>>>>>
2026-03-03 17:36:46,544 : INFO : SwitchController : <<<<<<< 's_flipper_left_eos' active >>>>>>>
2026-03-03 17:36:46,544 : INFO : EventManager : Event: ======'machine_var_audits_switches_s_flipper_left_eos'====== Args={'value': 541, 'prev_value': 540, 'change': 1}
2026-03-03 17:36:48,069 : INFO : SwitchController : <<<<<<< 's_inlane_left' active >>>>>>>
2026-03-03 17:36:48,070 : INFO : EventManager : Event: ======'s_inlane_left_active'====== Args={}
2026-03-03 17:36:48,070 : INFO : EventManager : Event: ======'sw_playfield_active'====== Args={}
2026-03-03 17:36:48,070 : INFO : EventManager : Event: ======'machine_var_audits_switches_s_inlane_left'====== Args={'value': 31, 'prev_value': 30, 'change': 1}
2026-03-03 17:36:48,070 : INFO : EventManager : Event: ======'player_shot_shot_inlane_left'====== Args={'value': 1, 'prev_value': 0, 'change': 1, 'player_num': 1}
2026-03-03 17:36:48,071 : INFO : EventManager : Event: ======'machine_var_audits_shots_shot_inlane_left'====== Args={'value': 31, 'prev_value': 30, 'change': 1}
2026-03-03 17:36:48,071 : INFO : EventManager : Event: ======'shot_inlane_left_hit'====== Args={'profile': 'default', 'state': 'unlit', 'advancing': True}
2026-03-03 17:36:48,071 : INFO : EventManager : Event: ======'shot_inlane_left_default_hit'====== Args={'profile': 'default', 'state': 'unlit', 'advancing': True}
2026-03-03 17:36:48,071 : INFO : EventManager : Event: ======'shot_inlane_left_default_unlit_hit'====== Args={'profile': 'default', 'state': 'unlit', 'advancing': True}
2026-03-03 17:36:48,071 : INFO : EventManager : Event: ======'shot_inlane_left_unlit_hit'====== Args={'profile': 'default', 'state': 'unlit', 'advancing': True}
2026-03-03 17:36:48,071 : INFO : EventManager : Event: ======'inlanes_hit'====== Args={'shot': 'shot_inlane_left'}
2026-03-03 17:36:48,071 : INFO : EventManager : Event: ======'inlanes_unlit_hit'====== Args={'shot': 'shot_inlane_left'}
2026-03-03 17:36:48,071 : INFO : EventManager : Event: ======'player_score'====== Args={'value': 9020, 'prev_value': 9010, 'change': 10, 'player_num': 1, 'source': 'bumpers'}
2026-03-03 17:36:48,377 : INFO : SwitchController : <<<<<<< 's_inlane_left' inactive >>>>>>>
2026-03-03 17:36:49,172 : INFO : SwitchController : <<<<<<< 's_flipper_left' active >>>>>>>
2026-03-03 17:36:49,172 : INFO : EventManager : Event: ======'machine_var_audits_switches_s_flipper_left'====== Args={'value': 648, 'prev_value': 647, 'change': 1}
2026-03-03 17:36:49,211 : INFO : SwitchController : <<<<<<< 's_flipper_left_eos' inactive >>>>>>>
2026-03-03 17:36:49,301 : INFO : SwitchController : <<<<<<< 's_flipper_left' inactive >>>>>>>
2026-03-03 17:36:49,387 : INFO : SwitchController : <<<<<<< 's_flipper_left_eos' active >>>>>>>
2026-03-03 17:36:49,387 : INFO : EventManager : Event: ======'machine_var_audits_switches_s_flipper_left_eos'====== Args={'value': 542, 'prev_value': 541, 'change': 1}
2026-03-03 17:36:49,924 : INFO : SwitchController : <<<<<<< 's_flipper_left' active >>>>>>>
2026-03-03 17:36:49,924 : INFO : EventManager : Event: ======'machine_var_audits_switches_s_flipper_left'====== Args={'value': 649, 'prev_value': 648, 'change': 1}
2026-03-03 17:36:49,944 : INFO : SwitchController : <<<<<<< 's_flipper_right_lower' active >>>>>>>
2026-03-03 17:36:49,945 : INFO : EventManager : Event: ======'machine_var_audits_switches_s_flipper_right_lower'====== Args={'value': 1366, 'prev_value': 1365, 'change': 1}
2026-03-03 17:36:49,947 : INFO : SwitchController : <<<<<<< 's_flipper_left_eos' inactive >>>>>>>
2026-03-03 17:36:50,012 : INFO : SwitchController : <<<<<<< 's_flipper_right_lower' inactive >>>>>>>
2026-03-03 17:36:50,065 : INFO : SwitchController : <<<<<<< 's_flipper_left' inactive >>>>>>>
2026-03-03 17:36:50,152 : INFO : SwitchController : <<<<<<< 's_flipper_left_eos' active >>>>>>>
2026-03-03 17:36:50,152 : INFO : EventManager : Event: ======'machine_var_audits_switches_s_flipper_left_eos'====== Args={'value': 543, 'prev_value': 542, 'change': 1}
2026-03-03 17:36:53,780 : INFO : SwitchController : <<<<<<< 's_flipper_left' active >>>>>>>
2026-03-03 17:36:53,780 : INFO : EventManager : Event: ======'machine_var_audits_switches_s_flipper_left'====== Args={'value': 650, 'prev_value': 649, 'change': 1}
2026-03-03 17:36:53,821 : INFO : SwitchController : <<<<<<< 's_flipper_left_eos' inactive >>>>>>>
2026-03-03 17:36:53,960 : INFO : SwitchController : <<<<<<< 's_flipper_left' inactive >>>>>>>
2026-03-03 17:36:54,047 : INFO : SwitchController : <<<<<<< 's_flipper_left_eos' active >>>>>>>
2026-03-03 17:36:54,047 : INFO : EventManager : Event: ======'machine_var_audits_switches_s_flipper_left_eos'====== Args={'value': 544, 'prev_value': 543, 'change': 1}
2026-03-03 17:36:57,817 : INFO : SwitchController : <<<<<<< 's_flipper_left' active >>>>>>>
2026-03-03 17:36:57,817 : INFO : EventManager : Event: ======'machine_var_audits_switches_s_flipper_left'====== Args={'value': 651, 'prev_value': 650, 'change': 1}
2026-03-03 17:36:57,838 : INFO : SwitchController : <<<<<<< 's_flipper_left' inactive >>>>>>>
2026-03-03 17:36:57,842 : INFO : SwitchController : <<<<<<< 's_flipper_left_eos' inactive >>>>>>>
2026-03-03 17:36:57,861 : INFO : SwitchController : <<<<<<< 's_flipper_left_eos' active >>>>>>>
2026-03-03 17:36:57,862 : INFO : EventManager : Event: ======'machine_var_audits_switches_s_flipper_left_eos'====== Args={'value': 545, 'prev_value': 544, 'change': 1}
2026-03-03 17:36:58,432 : INFO : SwitchController : <<<<<<< 's_flipper_left' active >>>>>>>
2026-03-03 17:36:58,432 : INFO : EventManager : Event: ======'machine_var_audits_switches_s_flipper_left'====== Args={'value': 652, 'prev_value': 651, 'change': 1}
2026-03-03 17:36:58,468 : INFO : SwitchController : <<<<<<< 's_flipper_left_eos' inactive >>>>>>>
2026-03-03 17:36:58,557 : INFO : SwitchController : <<<<<<< 's_flipper_left' inactive >>>>>>>
2026-03-03 17:36:58,644 : INFO : SwitchController : <<<<<<< 's_flipper_left_eos' active >>>>>>>
2026-03-03 17:36:58,644 : INFO : EventManager : Event: ======'machine_var_audits_switches_s_flipper_left_eos'====== Args={'value': 546, 'prev_value': 545, 'change': 1}
2026-03-03 17:36:59,924 : INFO : SwitchController : <<<<<<< 's_flipper_left' active >>>>>>>
2026-03-03 17:36:59,924 : INFO : EventManager : Event: ======'machine_var_audits_switches_s_flipper_left'====== Args={'value': 653, 'prev_value': 652, 'change': 1}
2026-03-03 17:36:59,946 : INFO : SwitchController : <<<<<<< 's_flipper_left_eos' inactive >>>>>>>
2026-03-03 17:37:00,412 : INFO : SwitchController : <<<<<<< 's_flipper_left' inactive >>>>>>>
2026-03-03 17:37:00,501 : INFO : SwitchController : <<<<<<< 's_flipper_left_eos' active >>>>>>>
2026-03-03 17:37:00,502 : INFO : EventManager : Event: ======'machine_var_audits_switches_s_flipper_left_eos'====== Args={'value': 547, 'prev_value': 546, 'change': 1}
2026-03-03 17:37:01,010 : INFO : SwitchController : <<<<<<< 's_sling_right' active >>>>>>>
2026-03-03 17:37:01,010 : INFO : EventManager : Event: ======'s_sling_right_active'====== Args={}
2026-03-03 17:37:01,010 : INFO : EventManager : Event: ======'machine_var_audits_switches_s_sling_right'====== Args={'value': 80, 'prev_value': 79, 'change': 1}
2026-03-03 17:37:01,011 : INFO : EventManager : Event: ======'machine_var_audits_shots_shot_sling_right'====== Args={'value': 52, 'prev_value': 51, 'change': 1}
2026-03-03 17:37:01,011 : INFO : EventManager : Event: ======'shot_sling_right_hit'====== Args={'profile': 'default', 'state': 'lit', 'advancing': False}
2026-03-03 17:37:01,012 : INFO : EventManager : Event: ======'shot_sling_right_default_hit'====== Args={'profile': 'default', 'state': 'lit', 'advancing': False}
2026-03-03 17:37:01,012 : INFO : EventManager : Event: ======'shot_sling_right_default_lit_hit'====== Args={'profile': 'default', 'state': 'lit', 'advancing': False}
2026-03-03 17:37:01,012 : INFO : EventManager : Event: ======'shot_sling_right_lit_hit'====== Args={'profile': 'default', 'state': 'lit', 'advancing': False}
2026-03-03 17:37:01,012 : INFO : EventManager : Event: ======'slings_hit'====== Args={'shot': 'shot_sling_right'}
2026-03-03 17:37:01,012 : INFO : EventManager : Event: ======'slings_lit_hit'====== Args={'shot': 'shot_sling_right'}
2026-03-03 17:37:01,012 : INFO : EventManager : Event: ======'player_score'====== Args={'value': 10020, 'prev_value': 9020, 'change': 1000, 'player_num': 1, 'source': 'bumpers'}
2026-03-03 17:37:01,035 : INFO : SwitchController : <<<<<<< 's_sling_right' inactive >>>>>>>
2026-03-03 17:37:02,868 : INFO : SwitchController : <<<<<<< 's_trough_3' active >>>>>>>
2026-03-03 17:37:02,868 : INFO : EventManager : Event: ======'machine_var_audits_switches_s_trough_3'====== Args={'value': 93, 'prev_value': 92, 'change': 1}
2026-03-03 17:37:02,891 : INFO : SwitchController : <<<<<<< 's_trough_3' inactive >>>>>>>
2026-03-03 17:37:02,966 : INFO : SwitchController : <<<<<<< 's_trough_2' active >>>>>>>
2026-03-03 17:37:02,966 : INFO : EventManager : Event: ======'machine_var_audits_switches_s_trough_2'====== Args={'value': 83, 'prev_value': 82, 'change': 1}
2026-03-03 17:37:03,052 : INFO : SwitchController : <<<<<<< 's_trough_2' inactive >>>>>>>
2026-03-03 17:37:03,057 : INFO : SwitchController : <<<<<<< 's_trough_1' active >>>>>>>
2026-03-03 17:37:03,058 : INFO : EventManager : Event: ======'machine_var_audits_switches_s_trough_1'====== Args={'value': 73, 'prev_value': 72, 'change': 1}
2026-03-03 17:37:03,558 : INFO : EventManager : Event: ======'balldevice_bd_trough_ball_count_changed'====== Args={'balls': 1}
2026-03-03 17:37:03,558 : INFO : ball_device.bd_trough : Received unexpected ball
2026-03-03 17:37:03,558 : INFO : EventManager : Event: ======'balldevice_captured_from_playfield'====== Args={'balls': 1}
2026-03-03 17:37:03,558 : INFO : EventManager : Event: ======'sw_playfield_active'====== Args={'balls': 1}
2026-03-03 17:37:03,558 : INFO : EventManager : Event: ======'playfield_ball_count_change'====== Args={'balls': 0, 'change': -1}
2026-03-03 17:37:03,559 : INFO : EventManager : Event: ======'balldevice_bd_trough_ball_enter'====== Args={'new_balls': 1, 'unclaimed_balls': 1, 'new_available_balls': 1, 'device': <ball_device.bd_trough>}
2026-03-03 17:37:03,559 : INFO : EventManager : Event: ======'ball_drain'====== Args={'device': <ball_device.bd_trough>, 'balls': 1}
2026-03-03 17:37:03,560 : INFO : EventManager : Event: ======'ball_will_end'====== Args={}
2026-03-03 17:37:03,560 : INFO : EventManager : Event: ======'balldevice_balls_available'====== Args={}
2026-03-03 17:37:03,560 : INFO : EventManager : Event: ======'balldevice_bd_trough_ball_entered'====== Args={'new_balls': 1, 'device': <ball_device.bd_trough>}
2026-03-03 17:37:03,560 : INFO : EventManager : Event: ======'mode_base_will_stop'====== Args={}
2026-03-03 17:37:03,560 : INFO : EventManager : Event: ======'mode_base_stopping'====== Args={}
2026-03-03 17:37:03,560 : INFO : EventManager : Event: ======'stop_mode_bumpers'====== Args={'priority': 0}
2026-03-03 17:37:03,560 : INFO : EventManager : Event: ======'mode_bumpers_will_stop'====== Args={}
2026-03-03 17:37:03,561 : INFO : EventManager : Event: ======'mode_bumpers_stopping'====== Args={}
2026-03-03 17:37:03,561 : INFO : Mode.base : Stopped.
2026-03-03 17:37:03,561 : INFO : EventManager : Event: ======'modes_active_modes_changed'====== Args={}
2026-03-03 17:37:03,561 : INFO : EventManager : Event: ======'mode_base_stopped'====== Args={}
2026-03-03 17:37:03,561 : INFO : EventManager : Event: ======'clear'====== Args={'key': 'base'}
2026-03-03 17:37:03,562 : INFO : Mode.bumpers : Stopped.
2026-03-03 17:37:03,562 : INFO : EventManager : Event: ======'modes_active_modes_changed'====== Args={}
2026-03-03 17:37:03,562 : INFO : EventManager : Event: ======'mode_bumpers_stopped'====== Args={}
2026-03-03 17:37:03,562 : INFO : EventManager : Event: ======'clear'====== Args={'key': 'bumpers'}
2026-03-03 17:37:03,563 : INFO : EventManager : Event: ======'ball_ending'====== Args={}
2026-03-03 17:37:03,564 : INFO : EventManager : Event: ======'ball_ended'====== Args={}
2026-03-03 17:37:03,566 : INFO : EventManager : Event: ======'player_turn_will_end'====== Args={'player': <Player 1>, 'number': 1}
2026-03-03 17:37:03,566 : INFO : EventManager : Event: ======'player_turn_ending'====== Args={'player': <Player 1>, 'number': 1}
2026-03-03 17:37:03,566 : INFO : EventManager : Event: ======'player_turn_ended'====== Args={'player': <Player 1>, 'number': 1}
2026-03-03 17:37:03,567 : INFO : EventManager : Event: ======'game_will_end'====== Args={}
2026-03-03 17:37:03,567 : INFO : EventManager : Event: ======'game_ending'====== Args={}
2026-03-03 17:37:03,567 : INFO : EventManager : Event: ======'machine_var_player1_score'====== Args={'value': 10020, 'prev_value': 1000, 'change': 9020}
2026-03-03 17:37:03,567 : INFO : EventManager : Event: ======'game_ended'====== Args={}
2026-03-03 17:37:03,569 : INFO : EventManager : Event: ======'mode_game_will_stop'====== Args={}
2026-03-03 17:37:03,569 : INFO : EventManager : Event: ======'mode_game_stopping'====== Args={}
2026-03-03 17:37:03,569 : INFO : EventManager : Event: ======'mode_attract_will_start'====== Args={}
2026-03-03 17:37:03,570 : INFO : Timer.attract_carousel_timer : Starting Timer.
2026-03-03 17:37:03,570 : INFO : EventManager : Event: ======'timer_attract_carousel_timer_started'====== Args={'ticks': 0, 'ticks_remaining': 1}
2026-03-03 17:37:03,570 : INFO : EventManager : Event: ======'timer_attract_carousel_timer_tick'====== Args={'ticks': 0, 'ticks_remaining': 1}
2026-03-03 17:37:03,571 : INFO : EventManager : Event: ======'mode_attract_starting'====== Args={}
2026-03-03 17:37:03,571 : INFO : Mode.attract : Started. Priority: 10
2026-03-03 17:37:03,571 : INFO : EventManager : Event: ======'modes_active_modes_changed'====== Args={}
2026-03-03 17:37:03,571 : INFO : EventManager : Event: ======'mode_attract_started'====== Args={}
2026-03-03 17:37:03,572 : INFO : EventManager : Event: ======'collecting_balls_complete'====== Args={}
2026-03-03 17:37:03,572 : INFO : EventManager : Event: ======'carousel_item_highlighted'====== Args={'carousel': 'attract', 'direction': None, 'item': 'title'}
2026-03-03 17:37:03,573 : INFO : EventManager : Event: ======'timer_attract_carousel_timer_tick'====== Args={'ticks': 0, 'ticks_remaining': 1}
2026-03-03 17:37:03,573 : INFO : Mode.game : Stopped.
2026-03-03 17:37:03,573 : INFO : EventManager : Event: ======'modes_active_modes_changed'====== Args={}
2026-03-03 17:37:03,573 : INFO : EventManager : Event: ======'mode_game_stopped'====== Args={}
2026-03-03 17:37:03,573 : INFO : EventManager : Event: ======'clear'====== Args={'key': 'game'}
2026-03-03 17:37:03,685 : INFO : EventManager : Event: ======'slide_attract_created'====== Args={'_from_bcp': True}
2026-03-03 17:37:03,685 : INFO : EventManager : Event: ======'slide_base_slide_inactive'====== Args={'is_removing': True, '_from_bcp': True}
2026-03-03 17:37:03,686 : INFO : EventManager : Event: ======'slide_attract_active'====== Args={'original_context': 'attract', 'original_calling_context': 'mode_attract_started', 'priority': 10.0, 'cmd': 'slides_play', '_from_bcp': True}
2026-03-03 17:37:03,687 : INFO : EventManager : Event: ======'slide_base_slide_removed'====== Args={'_from_bcp': True}
2026-03-03 17:37:08,573 : INFO : Timer.attract_carousel_timer : Timer Complete
2026-03-03 17:37:08,573 : INFO : Timer.attract_carousel_timer : Stopping Timer
2026-03-03 17:37:08,573 : INFO : EventManager : Event: ======'timer_attract_carousel_timer_stopped'====== Args={'ticks': 1, 'ticks_remaining': 1}
2026-03-03 17:37:08,573 : INFO : EventManager : Event: ======'timer_attract_carousel_timer_complete'====== Args={'ticks': 1, 'ticks_remaining': 1}
2026-03-03 17:37:08,574 : INFO : EventManager : Event: ======'carousel_item_highlighted'====== Args={'carousel': 'attract', 'direction': 'forwards', 'item': 'credits'}
2026-03-03 17:37:08,574 : INFO : Timer.attract_carousel_timer : Starting Timer.
2026-03-03 17:37:08,574 : INFO : EventManager : Event: ======'timer_attract_carousel_timer_started'====== Args={'ticks': 0, 'ticks_remaining': 1}
2026-03-03 17:37:08,574 : INFO : EventManager : Event: ======'timer_attract_carousel_timer_tick'====== Args={'ticks': 0, 'ticks_remaining': 1}
2026-03-03 17:37:12,635 : INFO : Machine : Shutting down...
2026-03-03 17:37:12,635 : INFO : EventManager : Event: ======'shutdown'====== Args={}
2026-03-03 17:37:12,744 : INFO : root : MPF run loop ended.
