2026-03-01 11:22:49,481 : INFO : root : Loading config.
2026-03-01 11:22:49,839 : INFO : ConfigProcessor : Config spec file cache created: /var/folders/1s/015t8n3n70gcr2ch4xflj4yr0000gn/T/config_spec.mpf_cache
2026-03-01 11:22:49,840 : INFO : YamlMultifileConfigLoader : Machine config file #1: config.yaml
2026-03-01 11:22:49,840 : INFO : ConfigProcessor : Loading config from cache: /var/folders/1s/015t8n3n70gcr2ch4xflj4yr0000gn/T/954ddabc670342668a09b03520c7eb79.mpf_cache
2026-03-01 11:22:49,902 : INFO : ConfigProcessor : Loading config from cache: /var/folders/1s/015t8n3n70gcr2ch4xflj4yr0000gn/T/64218df07edc412f774c53ffb33c812d.mpf_cache
2026-03-01 11:22:49,902 : INFO : ConfigProcessor : Loading config from cache: /var/folders/1s/015t8n3n70gcr2ch4xflj4yr0000gn/T/767518d75df2d86a4d35c1fb94c70abd.mpf_cache
2026-03-01 11:22:49,903 : INFO : ConfigProcessor : Loading config from cache: /var/folders/1s/015t8n3n70gcr2ch4xflj4yr0000gn/T/64218df07edc412f774c53ffb33c812d.mpf_cache
2026-03-01 11:22:49,903 : INFO : ConfigProcessor : Loading config from cache: /var/folders/1s/015t8n3n70gcr2ch4xflj4yr0000gn/T/73548cb541cc3751ae5711fe0817282a.mpf_cache
2026-03-01 11:22:49,903 : INFO : ConfigProcessor : Loading config from cache: /var/folders/1s/015t8n3n70gcr2ch4xflj4yr0000gn/T/57f006170cd447d443f971cd8b826597.mpf_cache
2026-03-01 11:22:49,904 : INFO : ConfigProcessor : Loading config from cache: /var/folders/1s/015t8n3n70gcr2ch4xflj4yr0000gn/T/adb0ea3e4ccf2dafa758999a39c1d676.mpf_cache
2026-03-01 11:22:49,904 : INFO : Machine : Mission Pinball Framework Core Engine v0.80.0.dev13
2026-03-01 11:22:49,904 : INFO : Machine : Command line arguments: {'no_load_cache': False, 'create_config_cache': True, 'bcp': True, 'configfile': ['config.yaml'], 'force_assets_load': False, 'platform_integration_test': False, 'jsonlogging': False, 'logfile': 'logs/2026-03-01-11-22-49-mpf-ANDREs-Mac-mini.local.log', 'pause': False, 'production': False, 'text_ui': True, 'loglevel': 15, 'consoleloglevel': 20, 'force_platform': None, 'syslog_address': None, 'full_logfile_path': '/Users/pinball/NapoleonDynamite/logs/2026-03-01-11-22-49-mpf-ANDREs-Mac-mini.local.log'}
2026-03-01 11:22:49,905 : INFO : Machine : MPF path: /Users/pinball/mpf/lib/python3.14/site-packages/mpf
2026-03-01 11:22:49,905 : INFO : Machine : Machine path: /Users/pinball/NapoleonDynamite
2026-03-01 11:22:49,905 : INFO : Machine : Platform: darwin
2026-03-01 11:22:49,905 : INFO : Machine : Python executable location: /Users/pinball/mpf/bin/python3.14
2026-03-01 11:22:49,905 : INFO : Machine : Python version: 3.14.3 (64-bit)
2026-03-01 11:22:49,906 : INFO : Machine : Initializing MPF...
2026-03-01 11:22:50,017 : INFO : FAST : Auto-detecting ports for the following connections: ['net', 'exp']
2026-03-01 11:22:50,038 : INFO : FAST : Detected NET on port /dev/cu.usbmodem14101
2026-03-01 11:22:50,045 : INFO : FAST : Detected EXP on port /dev/cu.usbmodem14103
2026-03-01 11:22:50,149 : INFO : FAST [NET] : Trying to connect to /dev/cu.usbmodem14101 at 921600bps
2026-03-01 11:22:50,154 : INFO : FAST [NET] : Connected to /dev/cu.usbmodem14101 at 921600bps
2026-03-01 11:22:50,156 : INFO : FAST [NET] : Connected to FP-CPU-2000 with firmware v02.26
2026-03-01 11:22:50,158 : INFO : FAST [NET] : Registered I/O Board 0: Model: FP-I/O-0024, Firmware: 01.10, Switches: 24, Drivers: 8
2026-03-01 11:22:50,160 : INFO : FAST [NET] : Registered I/O Board 1: Model: FP-I/O-3208, Firmware: 01.10, Switches: 32, Drivers: 8
2026-03-01 11:22:50,161 : INFO : FAST [NET] : Registered I/O Board 2: Model: FP-I/O-0804, Firmware: 01.10, Switches: 8, Drivers: 4
2026-03-01 11:22:50,163 : INFO : FAST [EXP] : Trying to connect to /dev/cu.usbmodem14103 at 921600bps
2026-03-01 11:22:50,167 : INFO : FAST [EXP] : Connected to /dev/cu.usbmodem14103 at 921600bps
2026-03-01 11:22:50,169 : INFO : FAST [EXP] : Verifying hardware for EXP "neuron" (FP-EXP-2000, @48) with ID string "EXP FP-EXP-2000  0.34", board address 48
2026-03-01 11:22:50,170 : INFO : FAST [EXP] : Verifying hardware for EXP "neuron" (FP-EXP-2000, @48) with ID string "LED FP-BRK-0001  0.8", board address 480
2026-03-01 11:22:50,172 : INFO : EventManager : Event: ======'machine_var_credits_string'====== Args={'value': 'FREE PLAY', 'prev_value': None, 'change': True}
2026-03-01 11:22:50,192 : INFO : EventManager : Event: ======'machine_var_master_volume'====== Args={'value': 0.5, 'prev_value': None, 'change': True}
2026-03-01 11:22:50,192 : INFO : EventManager : Event: ======'machine_var_mpf_version'====== Args={'value': 'Mission Pinball Framework v0.80.0.dev13', 'prev_value': None, 'change': True}
2026-03-01 11:22:50,192 : INFO : EventManager : Event: ======'machine_var_mpf_extended_version'====== Args={'value': 'Mission Pinball Framework v0.80.0.dev13, Config version:6, Show version: 6, BCP version:1.1', 'prev_value': None, 'change': True}
2026-03-01 11:22:50,193 : INFO : EventManager : Event: ======'machine_var_python_version'====== Args={'value': '3.14.3', 'prev_value': None, 'change': True}
2026-03-01 11:22:50,212 : INFO : EventManager : Event: ======'machine_var_platform'====== Args={'value': 'macOS-14.8.4-x86_64-i386-64bit-Mach-O', 'prev_value': None, 'change': True}
2026-03-01 11:22:50,212 : INFO : EventManager : Event: ======'machine_var_platform_system'====== Args={'value': 'Darwin', 'prev_value': None, 'change': True}
2026-03-01 11:22:50,212 : INFO : EventManager : Event: ======'machine_var_platform_release'====== Args={'value': '23.6.0', 'prev_value': None, 'change': True}
2026-03-01 11:22:50,212 : INFO : EventManager : Event: ======'machine_var_platform_version'====== Args={'value': 'Darwin Kernel Version 23.6.0: Mon Jan 19 22:02:22 PST 2026; root:xnu-10063.141.1.710.3~1/RELEASE_X86_64', 'prev_value': None, 'change': True}
2026-03-01 11:22:50,212 : INFO : EventManager : Event: ======'machine_var_platform_machine'====== Args={'value': 'x86_64', 'prev_value': None, 'change': True}
2026-03-01 11:22:50,212 : INFO : EventManager : Event: ======'machine_var_log_file_path'====== Args={'value': '/Users/pinball/NapoleonDynamite/logs/2026-03-01-11-22-49-mpf-ANDREs-Mac-mini.local.log', 'prev_value': None, 'change': True}
2026-03-01 11:22:50,213 : INFO : EventManager : Event: ======'init_phase_1'====== Args={}
2026-03-01 11:22:50,388 : INFO : SwitchController : <<<<<<< 's_flipper_left_eos' active >>>>>>>
2026-03-01 11:22:50,389 : INFO : SwitchController : <<<<<<< 's_flipper_right_lower_eos' active >>>>>>>
2026-03-01 11:22:50,389 : INFO : SwitchController : <<<<<<< 's_trough_1' active >>>>>>>
2026-03-01 11:22:50,389 : INFO : SwitchController : <<<<<<< 's_trough_2' active >>>>>>>
2026-03-01 11:22:50,389 : INFO : SwitchController : <<<<<<< 's_trough_3' active >>>>>>>
2026-03-01 11:22:50,389 : INFO : SwitchController : <<<<<<< 's_trough_4' active >>>>>>>
2026-03-01 11:22:50,389 : INFO : SwitchController : <<<<<<< 's_trough_5' active >>>>>>>
2026-03-01 11:22:50,389 : INFO : SwitchController : <<<<<<< 's_trough_6' active >>>>>>>
2026-03-01 11:22:50,389 : INFO : SwitchController : <<<<<<< 's_trough_7' active >>>>>>>
2026-03-01 11:22:50,389 : INFO : SwitchController : <<<<<<< 's_bumper_lower' active >>>>>>>
2026-03-01 11:22:50,389 : INFO : SwitchController : <<<<<<< 's_bumper_upper' active >>>>>>>
2026-03-01 11:22:50,389 : INFO : SwitchController : <<<<<<< 's_inlane_right_2' active >>>>>>>
2026-03-01 11:22:50,389 : INFO : SwitchController : <<<<<<< 's_inlane_left' active >>>>>>>
2026-03-01 11:22:50,420 : INFO : EventManager : Event: ======'init_phase_2'====== Args={}
2026-03-01 11:22:50,421 : INFO : SwitchController : Found active switch: (37, [FAST Platform Interface]) <switch.s_flipper_left_eos>
2026-03-01 11:22:50,421 : INFO : SwitchController : Found active switch: (32, [FAST Platform Interface]) <switch.s_flipper_right_lower_eos>
2026-03-01 11:22:50,421 : INFO : SwitchController : Found active switch: (24, [FAST Platform Interface]) <switch.s_trough_1>
2026-03-01 11:22:50,422 : INFO : SwitchController : Found active switch: (25, [FAST Platform Interface]) <switch.s_trough_2>
2026-03-01 11:22:50,422 : INFO : SwitchController : Found active switch: (26, [FAST Platform Interface]) <switch.s_trough_3>
2026-03-01 11:22:50,422 : INFO : SwitchController : Found active switch: (27, [FAST Platform Interface]) <switch.s_trough_4>
2026-03-01 11:22:50,422 : INFO : SwitchController : Found active switch: (28, [FAST Platform Interface]) <switch.s_trough_5>
2026-03-01 11:22:50,422 : INFO : SwitchController : Found active switch: (29, [FAST Platform Interface]) <switch.s_trough_6>
2026-03-01 11:22:50,422 : INFO : SwitchController : Found active switch: (30, [FAST Platform Interface]) <switch.s_trough_7>
2026-03-01 11:22:50,422 : INFO : SwitchController : Found active switch: (41, [FAST Platform Interface]) <switch.s_bumper_lower>
2026-03-01 11:22:50,422 : INFO : SwitchController : Found active switch: (42, [FAST Platform Interface]) <switch.s_bumper_upper>
2026-03-01 11:22:50,422 : INFO : SwitchController : Found active switch: (36, [FAST Platform Interface]) <switch.s_inlane_right_2>
2026-03-01 11:22:50,422 : INFO : SwitchController : Found active switch: (39, [FAST Platform Interface]) <switch.s_inlane_left>
2026-03-01 11:22:50,427 : INFO : EventManager : Event: ======'bcp_connection_attempt'====== Args={'name': 'local_display', 'host': 'localhost', 'port': 5050}
2026-03-01 11:22:50,429 : INFO : BCPClientSocket : Connecting BCP to 'local_display' at localhost:5050...
2026-03-01 11:22:50,438 : INFO : BCPClientSocket : Connected BCP to 'local_display' localhost:5050
2026-03-01 11:22:50,439 : INFO : EventManager : Event: ======'bcp_clients_connected'====== Args={}
2026-03-01 11:22:50,890 : INFO : ball_device.bd_trough : BCH: Initial count: 7
2026-03-01 11:22:50,891 : INFO : ball_device.bd_trough : State: idle
2026-03-01 11:22:50,892 : INFO : ball_device.bd_plunger : BCH: Initial count: 0
2026-03-01 11:22:50,892 : INFO : ball_device.bd_plunger : State: idle
2026-03-01 11:22:50,909 : INFO : EventManager : Event: ======'init_phase_3'====== Args={}
2026-03-01 11:22:50,912 : INFO : EventManager : Event: ======'init_phase_4'====== Args={}
2026-03-01 11:22:50,913 : INFO : BallController : Initial balls found: 7
2026-03-01 11:22:50,914 : INFO : EventManager : Event: ======'machine_var_audits_events_game_ended'====== Args={'value': 0, 'prev_value': None, 'change': True}
2026-03-01 11:22:50,914 : INFO : EventManager : Event: ======'machine_var_audits_events_game_started'====== Args={'value': 13, 'prev_value': None, 'change': True}
2026-03-01 11:22:50,914 : INFO : EventManager : Event: ======'machine_var_audits_missing_switches_s_bumper_lower'====== Args={'value': 4, 'prev_value': None, 'change': True}
2026-03-01 11:22:50,914 : INFO : EventManager : Event: ======'machine_var_audits_missing_switches_s_bumper_upper'====== Args={'value': 5, 'prev_value': None, 'change': True}
2026-03-01 11:22:50,914 : INFO : EventManager : Event: ======'machine_var_audits_missing_switches_s_flipper_left'====== Args={'value': 1, 'prev_value': None, 'change': True}
2026-03-01 11:22:50,914 : INFO : EventManager : Event: ======'machine_var_audits_missing_switches_s_flipper_left_eos'====== Args={'value': 4, 'prev_value': None, 'change': True}
2026-03-01 11:22:50,914 : INFO : EventManager : Event: ======'machine_var_audits_missing_switches_s_inlane_left'====== Args={'value': 4, 'prev_value': None, 'change': True}
2026-03-01 11:22:50,914 : INFO : EventManager : Event: ======'machine_var_audits_missing_switches_s_inlane_right_1'====== Args={'value': 1, 'prev_value': None, 'change': True}
2026-03-01 11:22:50,914 : INFO : EventManager : Event: ======'machine_var_audits_missing_switches_s_inlane_right_2'====== Args={'value': 4, 'prev_value': None, 'change': True}
2026-03-01 11:22:50,915 : INFO : EventManager : Event: ======'machine_var_audits_missing_switches_s_plunger_lane'====== Args={'value': 1, 'prev_value': None, 'change': True}
2026-03-01 11:22:50,915 : INFO : EventManager : Event: ======'machine_var_audits_missing_switches_s_scoop_tina'====== Args={'value': 1, 'prev_value': None, 'change': True}
2026-03-01 11:22:50,915 : INFO : EventManager : Event: ======'machine_var_audits_missing_switches_s_sling_left'====== Args={'value': 1, 'prev_value': None, 'change': True}
2026-03-01 11:22:50,915 : INFO : EventManager : Event: ======'machine_var_audits_missing_switches_s_sling_right'====== Args={'value': 1, 'prev_value': None, 'change': True}
2026-03-01 11:22:50,915 : INFO : EventManager : Event: ======'machine_var_audits_missing_switches_s_start'====== Args={'value': 1, 'prev_value': None, 'change': True}
2026-03-01 11:22:50,915 : INFO : EventManager : Event: ======'machine_var_audits_missing_switches_s_trough_1'====== Args={'value': 1, 'prev_value': None, 'change': True}
2026-03-01 11:22:50,915 : INFO : EventManager : Event: ======'machine_var_audits_missing_switches_s_trough_2'====== Args={'value': 1, 'prev_value': None, 'change': True}
2026-03-01 11:22:50,915 : INFO : EventManager : Event: ======'machine_var_audits_missing_switches_s_trough_3'====== Args={'value': 1, 'prev_value': None, 'change': True}
2026-03-01 11:22:50,915 : INFO : EventManager : Event: ======'machine_var_audits_missing_switches_s_trough_4'====== Args={'value': 2, 'prev_value': None, 'change': True}
2026-03-01 11:22:50,915 : INFO : EventManager : Event: ======'machine_var_audits_missing_switches_s_trough_5'====== Args={'value': 2, 'prev_value': None, 'change': True}
2026-03-01 11:22:50,915 : INFO : EventManager : Event: ======'machine_var_audits_missing_switches_s_trough_6'====== Args={'value': 2, 'prev_value': None, 'change': True}
2026-03-01 11:22:50,915 : INFO : EventManager : Event: ======'machine_var_audits_missing_switches_s_trough_7'====== Args={'value': 1, 'prev_value': None, 'change': True}
2026-03-01 11:22:50,916 : INFO : EventManager : Event: ======'machine_var_audits_player_score'====== Args={'value': {'average': 0, 'top': [], 'total': 0}, 'prev_value': None, 'change': True}
2026-03-01 11:22:50,916 : INFO : EventManager : Event: ======'machine_var_audits_shots_bumper_lower'====== Args={'value': 76, 'prev_value': None, 'change': True}
2026-03-01 11:22:50,916 : INFO : EventManager : Event: ======'machine_var_audits_shots_bumper_upper'====== Args={'value': 81, 'prev_value': None, 'change': True}
2026-03-01 11:22:50,916 : INFO : EventManager : Event: ======'machine_var_audits_shots_hurryup'====== Args={'value': 3, 'prev_value': None, 'change': True}
2026-03-01 11:22:50,916 : INFO : EventManager : Event: ======'machine_var_audits_shots_inlane_left'====== Args={'value': 17, 'prev_value': None, 'change': True}
2026-03-01 11:22:50,916 : INFO : EventManager : Event: ======'machine_var_audits_shots_left_lane'====== Args={'value': 8, 'prev_value': None, 'change': True}
2026-03-01 11:22:50,916 : INFO : EventManager : Event: ======'machine_var_audits_switches_s_bumper_lower'====== Args={'value': 76, 'prev_value': None, 'change': True}
2026-03-01 11:22:50,916 : INFO : EventManager : Event: ======'machine_var_audits_switches_s_bumper_upper'====== Args={'value': 81, 'prev_value': None, 'change': True}
2026-03-01 11:22:50,917 : INFO : EventManager : Event: ======'machine_var_audits_switches_s_flipper_left'====== Args={'value': 1, 'prev_value': None, 'change': True}
2026-03-01 11:22:50,917 : INFO : EventManager : Event: ======'machine_var_audits_switches_s_flipper_left_eos'====== Args={'value': 0, 'prev_value': None, 'change': True}
2026-03-01 11:22:50,917 : INFO : EventManager : Event: ======'machine_var_audits_switches_s_flipper_right_lower'====== Args={'value': 29, 'prev_value': None, 'change': True}
2026-03-01 11:22:50,917 : INFO : EventManager : Event: ======'machine_var_audits_switches_s_flipper_right_lower_eos'====== Args={'value': 13, 'prev_value': None, 'change': True}
2026-03-01 11:22:50,917 : INFO : EventManager : Event: ======'machine_var_audits_switches_s_flipper_right_upper'====== Args={'value': 29, 'prev_value': None, 'change': True}
2026-03-01 11:22:50,917 : INFO : EventManager : Event: ======'machine_var_audits_switches_s_flipper_right_upper_eos'====== Args={'value': 14, 'prev_value': None, 'change': True}
2026-03-01 11:22:50,917 : INFO : EventManager : Event: ======'machine_var_audits_switches_s_inlane_left'====== Args={'value': 27, 'prev_value': None, 'change': True}
2026-03-01 11:22:50,917 : INFO : EventManager : Event: ======'machine_var_audits_switches_s_inlane_right_1'====== Args={'value': 9, 'prev_value': None, 'change': True}
2026-03-01 11:22:50,917 : INFO : EventManager : Event: ======'machine_var_audits_switches_s_inlane_right_2'====== Args={'value': 3, 'prev_value': None, 'change': True}
2026-03-01 11:22:50,917 : INFO : EventManager : Event: ======'machine_var_audits_switches_s_plunger_lane'====== Args={'value': 3, 'prev_value': None, 'change': True}
2026-03-01 11:22:50,917 : INFO : EventManager : Event: ======'machine_var_audits_switches_s_scoop_tina'====== Args={'value': 1, 'prev_value': None, 'change': True}
2026-03-01 11:22:50,917 : INFO : EventManager : Event: ======'machine_var_audits_switches_s_sling_left'====== Args={'value': 160, 'prev_value': None, 'change': True}
2026-03-01 11:22:50,918 : INFO : EventManager : Event: ======'machine_var_audits_switches_s_sling_right'====== Args={'value': 4, 'prev_value': None, 'change': True}
2026-03-01 11:22:50,918 : INFO : EventManager : Event: ======'machine_var_audits_switches_s_start'====== Args={'value': 14, 'prev_value': None, 'change': True}
2026-03-01 11:22:50,918 : INFO : EventManager : Event: ======'machine_var_audits_switches_s_trough_1'====== Args={'value': 12, 'prev_value': None, 'change': True}
2026-03-01 11:22:50,918 : INFO : EventManager : Event: ======'machine_var_audits_switches_s_trough_2'====== Args={'value': 14, 'prev_value': None, 'change': True}
2026-03-01 11:22:50,918 : INFO : EventManager : Event: ======'machine_var_audits_switches_s_trough_3'====== Args={'value': 20, 'prev_value': None, 'change': True}
2026-03-01 11:22:50,918 : INFO : EventManager : Event: ======'machine_var_audits_switches_s_trough_4'====== Args={'value': 27, 'prev_value': None, 'change': True}
2026-03-01 11:22:50,918 : INFO : EventManager : Event: ======'machine_var_audits_switches_s_trough_5'====== Args={'value': 32, 'prev_value': None, 'change': True}
2026-03-01 11:22:50,918 : INFO : EventManager : Event: ======'machine_var_audits_switches_s_trough_6'====== Args={'value': 35, 'prev_value': None, 'change': True}
2026-03-01 11:22:50,918 : INFO : EventManager : Event: ======'machine_var_audits_switches_s_trough_7'====== Args={'value': 12, 'prev_value': None, 'change': True}
2026-03-01 11:22:50,920 : INFO : EventManager : Event: ======'init_phase_5'====== Args={}
2026-03-01 11:22:50,920 : INFO : ball_device.bd_trough : BCH: Count is unstable. Trying to reorder balls.
2026-03-01 11:22:50,920 : WARNING : ball_device.bd_trough : Cannot reorder device because eject_coil_reorder_pulse is not configured
2026-03-01 11:22:50,920 : INFO : ball_device.bd_trough : BCH: Repulse done. Waiting for balls to settle.
2026-03-01 11:22:50,920 : INFO : ball_device.bd_trough : BCH: Reordered count: 7
2026-03-01 11:22:50,921 : INFO : EventManager : Event: ======'init_done'====== Args={}
2026-03-01 11:22:50,922 : INFO : EventManager : Event: ======'machine_reset_phase_1'====== Args={}
2026-03-01 11:22:50,950 : INFO : EventManager : Event: ======'machine_reset_phase_2'====== Args={}
2026-03-01 11:22:50,951 : INFO : EventManager : Event: ======'machine_reset_phase_3'====== Args={}
2026-03-01 11:22:50,953 : INFO : EventManager : Event: ======'reset_complete'====== Args={}
2026-03-01 11:22:50,953 : INFO : EventManager : Event: ======'mode_attract_will_start'====== Args={}
2026-03-01 11:22:50,954 : INFO : Timer.attract_carousel_timer : Starting Timer.
2026-03-01 11:22:50,954 : INFO : EventManager : Event: ======'timer_attract_carousel_timer_started'====== Args={'ticks': 0, 'ticks_remaining': 1}
2026-03-01 11:22:50,954 : INFO : EventManager : Event: ======'timer_attract_carousel_timer_tick'====== Args={'ticks': 0, 'ticks_remaining': 1}
2026-03-01 11:22:50,955 : INFO : EventManager : Event: ======'mode_attract_starting'====== Args={}
2026-03-01 11:22:50,955 : INFO : Mode.attract : Started. Priority: 10
2026-03-01 11:22:50,956 : INFO : EventManager : Event: ======'modes_active_modes_changed'====== Args={}
2026-03-01 11:22:50,956 : INFO : EventManager : Event: ======'mode_attract_started'====== Args={}
2026-03-01 11:22:50,957 : INFO : EventManager : Event: ======'collecting_balls_complete'====== Args={}
2026-03-01 11:22:50,957 : INFO : EventManager : Event: ======'carousel_item_highlighted'====== Args={'carousel': 'attract', 'direction': None, 'item': 'title'}
2026-03-01 11:22:50,957 : INFO : EventManager : Event: ======'timer_attract_carousel_timer_tick'====== Args={'ticks': 0, 'ticks_remaining': 1}
2026-03-01 11:22:50,958 : INFO : Machine : Starting the main run loop with active modes: [<Mode.attract>]
2026-03-01 11:22:51,158 : INFO : EventManager : Event: ======'slide_attract_created'====== Args={'_from_bcp': True}
2026-03-01 11:22:51,158 : INFO : EventManager : Event: ======'slide__removed'====== Args={'_from_bcp': True}
2026-03-01 11:22:51,159 : INFO : EventManager : Event: ======'slide_attract_active'====== Args={'original_context': 'attract', 'original_calling_context': 'mode_attract_started', 'priority': 10.0, 'cmd': 'slides_play', '_from_bcp': True}
2026-03-01 11:22:55,958 : INFO : Timer.attract_carousel_timer : Timer Complete
2026-03-01 11:22:55,958 : INFO : Timer.attract_carousel_timer : Stopping Timer
2026-03-01 11:22:55,958 : INFO : EventManager : Event: ======'timer_attract_carousel_timer_stopped'====== Args={'ticks': 1, 'ticks_remaining': 1}
2026-03-01 11:22:55,958 : INFO : EventManager : Event: ======'timer_attract_carousel_timer_complete'====== Args={'ticks': 1, 'ticks_remaining': 1}
2026-03-01 11:22:55,959 : INFO : EventManager : Event: ======'carousel_item_highlighted'====== Args={'carousel': 'attract', 'direction': 'forwards', 'item': 'credits'}
2026-03-01 11:22:55,959 : INFO : Timer.attract_carousel_timer : Starting Timer.
2026-03-01 11:22:55,959 : INFO : EventManager : Event: ======'timer_attract_carousel_timer_started'====== Args={'ticks': 0, 'ticks_remaining': 1}
2026-03-01 11:22:55,959 : INFO : EventManager : Event: ======'timer_attract_carousel_timer_tick'====== Args={'ticks': 0, 'ticks_remaining': 1}
2026-03-01 11:23:00,960 : INFO : Timer.attract_carousel_timer : Timer Complete
2026-03-01 11:23:00,960 : INFO : Timer.attract_carousel_timer : Stopping Timer
2026-03-01 11:23:00,960 : INFO : EventManager : Event: ======'timer_attract_carousel_timer_stopped'====== Args={'ticks': 1, 'ticks_remaining': 1}
2026-03-01 11:23:00,960 : INFO : EventManager : Event: ======'timer_attract_carousel_timer_complete'====== Args={'ticks': 1, 'ticks_remaining': 1}
2026-03-01 11:23:00,960 : INFO : EventManager : Event: ======'carousel_item_highlighted'====== Args={'carousel': 'attract', 'direction': 'forwards', 'item': 'logo'}
2026-03-01 11:23:00,961 : INFO : Timer.attract_carousel_timer : Starting Timer.
2026-03-01 11:23:00,961 : INFO : EventManager : Event: ======'timer_attract_carousel_timer_started'====== Args={'ticks': 0, 'ticks_remaining': 1}
2026-03-01 11:23:00,961 : INFO : EventManager : Event: ======'timer_attract_carousel_timer_tick'====== Args={'ticks': 0, 'ticks_remaining': 1}
2026-03-01 11:23:03,933 : INFO : SwitchController : <<<<<<< 's_flipper_right_upper' active >>>>>>>
2026-03-01 11:23:03,933 : INFO : SwitchController : <<<<<<< 's_flipper_right_lower' active >>>>>>>
2026-03-01 11:23:03,933 : INFO : EventManager : Event: ======'s_flipper_right_lower_active'====== Args={}
2026-03-01 11:23:03,934 : INFO : EventManager : Event: ======'carousel_item_highlighted'====== Args={'carousel': 'attract', 'direction': 'forwards', 'item': 'title'}
2026-03-01 11:23:03,934 : INFO : EventManager : Event: ======'timer_attract_carousel_timer_tick'====== Args={'ticks': 0, 'ticks_remaining': 1}
2026-03-01 11:23:03,956 : INFO : SwitchController : <<<<<<< 's_flipper_right_upper_eos' active >>>>>>>
2026-03-01 11:23:03,960 : INFO : SwitchController : <<<<<<< 's_flipper_right_lower_eos' inactive >>>>>>>
2026-03-01 11:23:03,999 : INFO : SwitchController : <<<<<<< 's_flipper_right_lower' inactive >>>>>>>
2026-03-01 11:23:04,006 : INFO : SwitchController : <<<<<<< 's_flipper_right_upper' inactive >>>>>>>
2026-03-01 11:23:04,095 : INFO : SwitchController : <<<<<<< 's_flipper_right_lower_eos' active >>>>>>>
2026-03-01 11:23:04,111 : INFO : SwitchController : <<<<<<< 's_flipper_right_upper_eos' inactive >>>>>>>
2026-03-01 11:23:08,935 : INFO : Timer.attract_carousel_timer : Timer Complete
2026-03-01 11:23:08,935 : INFO : Timer.attract_carousel_timer : Stopping Timer
2026-03-01 11:23:08,935 : INFO : EventManager : Event: ======'timer_attract_carousel_timer_stopped'====== Args={'ticks': 1, 'ticks_remaining': 1}
2026-03-01 11:23:08,935 : INFO : EventManager : Event: ======'timer_attract_carousel_timer_complete'====== Args={'ticks': 1, 'ticks_remaining': 1}
2026-03-01 11:23:08,936 : INFO : EventManager : Event: ======'carousel_item_highlighted'====== Args={'carousel': 'attract', 'direction': 'forwards', 'item': 'credits'}
2026-03-01 11:23:08,937 : INFO : Timer.attract_carousel_timer : Starting Timer.
2026-03-01 11:23:08,937 : INFO : EventManager : Event: ======'timer_attract_carousel_timer_started'====== Args={'ticks': 0, 'ticks_remaining': 1}
2026-03-01 11:23:08,937 : INFO : EventManager : Event: ======'timer_attract_carousel_timer_tick'====== Args={'ticks': 0, 'ticks_remaining': 1}
2026-03-01 11:23:13,938 : INFO : Timer.attract_carousel_timer : Timer Complete
2026-03-01 11:23:13,938 : INFO : Timer.attract_carousel_timer : Stopping Timer
2026-03-01 11:23:13,938 : INFO : EventManager : Event: ======'timer_attract_carousel_timer_stopped'====== Args={'ticks': 1, 'ticks_remaining': 1}
2026-03-01 11:23:13,938 : INFO : EventManager : Event: ======'timer_attract_carousel_timer_complete'====== Args={'ticks': 1, 'ticks_remaining': 1}
2026-03-01 11:23:13,938 : INFO : EventManager : Event: ======'carousel_item_highlighted'====== Args={'carousel': 'attract', 'direction': 'forwards', 'item': 'logo'}
2026-03-01 11:23:13,939 : INFO : Timer.attract_carousel_timer : Starting Timer.
2026-03-01 11:23:13,939 : INFO : EventManager : Event: ======'timer_attract_carousel_timer_started'====== Args={'ticks': 0, 'ticks_remaining': 1}
2026-03-01 11:23:13,939 : INFO : EventManager : Event: ======'timer_attract_carousel_timer_tick'====== Args={'ticks': 0, 'ticks_remaining': 1}
2026-03-01 11:23:18,940 : INFO : Timer.attract_carousel_timer : Timer Complete
2026-03-01 11:23:18,940 : INFO : Timer.attract_carousel_timer : Stopping Timer
2026-03-01 11:23:18,940 : INFO : EventManager : Event: ======'timer_attract_carousel_timer_stopped'====== Args={'ticks': 1, 'ticks_remaining': 1}
2026-03-01 11:23:18,940 : INFO : EventManager : Event: ======'timer_attract_carousel_timer_complete'====== Args={'ticks': 1, 'ticks_remaining': 1}
2026-03-01 11:23:18,941 : INFO : EventManager : Event: ======'carousel_item_highlighted'====== Args={'carousel': 'attract', 'direction': 'forwards', 'item': 'title'}
2026-03-01 11:23:18,941 : INFO : Timer.attract_carousel_timer : Starting Timer.
2026-03-01 11:23:18,941 : INFO : EventManager : Event: ======'timer_attract_carousel_timer_started'====== Args={'ticks': 0, 'ticks_remaining': 1}
2026-03-01 11:23:18,941 : INFO : EventManager : Event: ======'timer_attract_carousel_timer_tick'====== Args={'ticks': 0, 'ticks_remaining': 1}
2026-03-01 11:23:23,942 : INFO : Timer.attract_carousel_timer : Timer Complete
2026-03-01 11:23:23,942 : INFO : Timer.attract_carousel_timer : Stopping Timer
2026-03-01 11:23:23,942 : INFO : EventManager : Event: ======'timer_attract_carousel_timer_stopped'====== Args={'ticks': 1, 'ticks_remaining': 1}
2026-03-01 11:23:23,942 : INFO : EventManager : Event: ======'timer_attract_carousel_timer_complete'====== Args={'ticks': 1, 'ticks_remaining': 1}
2026-03-01 11:23:23,943 : INFO : EventManager : Event: ======'carousel_item_highlighted'====== Args={'carousel': 'attract', 'direction': 'forwards', 'item': 'credits'}
2026-03-01 11:23:23,943 : INFO : Timer.attract_carousel_timer : Starting Timer.
2026-03-01 11:23:23,943 : INFO : EventManager : Event: ======'timer_attract_carousel_timer_started'====== Args={'ticks': 0, 'ticks_remaining': 1}
2026-03-01 11:23:23,943 : INFO : EventManager : Event: ======'timer_attract_carousel_timer_tick'====== Args={'ticks': 0, 'ticks_remaining': 1}
2026-03-01 11:23:28,944 : INFO : Timer.attract_carousel_timer : Timer Complete
2026-03-01 11:23:28,944 : INFO : Timer.attract_carousel_timer : Stopping Timer
2026-03-01 11:23:28,944 : INFO : EventManager : Event: ======'timer_attract_carousel_timer_stopped'====== Args={'ticks': 1, 'ticks_remaining': 1}
2026-03-01 11:23:28,944 : INFO : EventManager : Event: ======'timer_attract_carousel_timer_complete'====== Args={'ticks': 1, 'ticks_remaining': 1}
2026-03-01 11:23:28,945 : INFO : EventManager : Event: ======'carousel_item_highlighted'====== Args={'carousel': 'attract', 'direction': 'forwards', 'item': 'logo'}
2026-03-01 11:23:28,945 : INFO : Timer.attract_carousel_timer : Starting Timer.
2026-03-01 11:23:28,945 : INFO : EventManager : Event: ======'timer_attract_carousel_timer_started'====== Args={'ticks': 0, 'ticks_remaining': 1}
2026-03-01 11:23:28,945 : INFO : EventManager : Event: ======'timer_attract_carousel_timer_tick'====== Args={'ticks': 0, 'ticks_remaining': 1}
2026-03-01 11:23:33,945 : INFO : Timer.attract_carousel_timer : Timer Complete
2026-03-01 11:23:33,945 : INFO : Timer.attract_carousel_timer : Stopping Timer
2026-03-01 11:23:33,946 : INFO : EventManager : Event: ======'timer_attract_carousel_timer_stopped'====== Args={'ticks': 1, 'ticks_remaining': 1}
2026-03-01 11:23:33,946 : INFO : EventManager : Event: ======'timer_attract_carousel_timer_complete'====== Args={'ticks': 1, 'ticks_remaining': 1}
2026-03-01 11:23:33,946 : INFO : EventManager : Event: ======'carousel_item_highlighted'====== Args={'carousel': 'attract', 'direction': 'forwards', 'item': 'title'}
2026-03-01 11:23:33,946 : INFO : Timer.attract_carousel_timer : Starting Timer.
2026-03-01 11:23:33,946 : INFO : EventManager : Event: ======'timer_attract_carousel_timer_started'====== Args={'ticks': 0, 'ticks_remaining': 1}
2026-03-01 11:23:33,947 : INFO : EventManager : Event: ======'timer_attract_carousel_timer_tick'====== Args={'ticks': 0, 'ticks_remaining': 1}
2026-03-01 11:23:38,947 : INFO : Timer.attract_carousel_timer : Timer Complete
2026-03-01 11:23:38,947 : INFO : Timer.attract_carousel_timer : Stopping Timer
2026-03-01 11:23:38,947 : INFO : EventManager : Event: ======'timer_attract_carousel_timer_stopped'====== Args={'ticks': 1, 'ticks_remaining': 1}
2026-03-01 11:23:38,947 : INFO : EventManager : Event: ======'timer_attract_carousel_timer_complete'====== Args={'ticks': 1, 'ticks_remaining': 1}
2026-03-01 11:23:38,947 : INFO : EventManager : Event: ======'carousel_item_highlighted'====== Args={'carousel': 'attract', 'direction': 'forwards', 'item': 'credits'}
2026-03-01 11:23:38,948 : INFO : Timer.attract_carousel_timer : Starting Timer.
2026-03-01 11:23:38,948 : INFO : EventManager : Event: ======'timer_attract_carousel_timer_started'====== Args={'ticks': 0, 'ticks_remaining': 1}
2026-03-01 11:23:38,948 : INFO : EventManager : Event: ======'timer_attract_carousel_timer_tick'====== Args={'ticks': 0, 'ticks_remaining': 1}
2026-03-01 11:23:43,948 : INFO : Timer.attract_carousel_timer : Timer Complete
2026-03-01 11:23:43,948 : INFO : Timer.attract_carousel_timer : Stopping Timer
2026-03-01 11:23:43,948 : INFO : EventManager : Event: ======'timer_attract_carousel_timer_stopped'====== Args={'ticks': 1, 'ticks_remaining': 1}
2026-03-01 11:23:43,948 : INFO : EventManager : Event: ======'timer_attract_carousel_timer_complete'====== Args={'ticks': 1, 'ticks_remaining': 1}
2026-03-01 11:23:43,949 : INFO : EventManager : Event: ======'carousel_item_highlighted'====== Args={'carousel': 'attract', 'direction': 'forwards', 'item': 'logo'}
2026-03-01 11:23:43,949 : INFO : Timer.attract_carousel_timer : Starting Timer.
2026-03-01 11:23:43,949 : INFO : EventManager : Event: ======'timer_attract_carousel_timer_started'====== Args={'ticks': 0, 'ticks_remaining': 1}
2026-03-01 11:23:43,949 : INFO : EventManager : Event: ======'timer_attract_carousel_timer_tick'====== Args={'ticks': 0, 'ticks_remaining': 1}
2026-03-01 11:23:48,949 : INFO : Timer.attract_carousel_timer : Timer Complete
2026-03-01 11:23:48,950 : INFO : Timer.attract_carousel_timer : Stopping Timer
2026-03-01 11:23:48,950 : INFO : EventManager : Event: ======'timer_attract_carousel_timer_stopped'====== Args={'ticks': 1, 'ticks_remaining': 1}
2026-03-01 11:23:48,950 : INFO : EventManager : Event: ======'timer_attract_carousel_timer_complete'====== Args={'ticks': 1, 'ticks_remaining': 1}
2026-03-01 11:23:48,950 : INFO : EventManager : Event: ======'carousel_item_highlighted'====== Args={'carousel': 'attract', 'direction': 'forwards', 'item': 'title'}
2026-03-01 11:23:48,950 : INFO : Timer.attract_carousel_timer : Starting Timer.
2026-03-01 11:23:48,950 : INFO : EventManager : Event: ======'timer_attract_carousel_timer_started'====== Args={'ticks': 0, 'ticks_remaining': 1}
2026-03-01 11:23:48,951 : INFO : EventManager : Event: ======'timer_attract_carousel_timer_tick'====== Args={'ticks': 0, 'ticks_remaining': 1}
2026-03-01 11:23:50,731 : INFO : SwitchController : <<<<<<< 's_flipper_right_upper' active >>>>>>>
2026-03-01 11:23:50,734 : INFO : SwitchController : <<<<<<< 's_flipper_right_lower' active >>>>>>>
2026-03-01 11:23:50,734 : INFO : EventManager : Event: ======'s_flipper_right_lower_active'====== Args={}
2026-03-01 11:23:50,734 : INFO : EventManager : Event: ======'carousel_item_highlighted'====== Args={'carousel': 'attract', 'direction': 'forwards', 'item': 'credits'}
2026-03-01 11:23:50,734 : INFO : EventManager : Event: ======'timer_attract_carousel_timer_tick'====== Args={'ticks': 0, 'ticks_remaining': 1}
2026-03-01 11:23:50,754 : INFO : SwitchController : <<<<<<< 's_flipper_right_upper_eos' active >>>>>>>
2026-03-01 11:23:50,761 : INFO : SwitchController : <<<<<<< 's_flipper_right_lower_eos' inactive >>>>>>>
2026-03-01 11:23:50,886 : INFO : SwitchController : <<<<<<< 's_flipper_right_lower' inactive >>>>>>>
2026-03-01 11:23:50,893 : INFO : SwitchController : <<<<<<< 's_flipper_right_upper' inactive >>>>>>>
2026-03-01 11:23:50,980 : INFO : SwitchController : <<<<<<< 's_flipper_right_lower_eos' active >>>>>>>
2026-03-01 11:23:50,997 : INFO : SwitchController : <<<<<<< 's_flipper_right_upper_eos' inactive >>>>>>>
2026-03-01 11:23:51,867 : INFO : SwitchController : <<<<<<< 's_flipper_right_upper' active >>>>>>>
2026-03-01 11:23:51,875 : INFO : SwitchController : <<<<<<< 's_flipper_right_lower' active >>>>>>>
2026-03-01 11:23:51,875 : INFO : EventManager : Event: ======'s_flipper_right_lower_active'====== Args={}
2026-03-01 11:23:51,875 : INFO : EventManager : Event: ======'carousel_item_highlighted'====== Args={'carousel': 'attract', 'direction': 'forwards', 'item': 'logo'}
2026-03-01 11:23:51,876 : INFO : EventManager : Event: ======'timer_attract_carousel_timer_tick'====== Args={'ticks': 0, 'ticks_remaining': 1}
2026-03-01 11:23:51,889 : INFO : SwitchController : <<<<<<< 's_flipper_right_upper_eos' active >>>>>>>
2026-03-01 11:23:51,902 : INFO : SwitchController : <<<<<<< 's_flipper_right_lower_eos' inactive >>>>>>>
2026-03-01 11:23:51,971 : INFO : SwitchController : <<<<<<< 's_flipper_right_lower' inactive >>>>>>>
2026-03-01 11:23:51,985 : INFO : SwitchController : <<<<<<< 's_flipper_right_upper' inactive >>>>>>>
2026-03-01 11:23:52,067 : INFO : SwitchController : <<<<<<< 's_flipper_right_lower_eos' active >>>>>>>
2026-03-01 11:23:52,089 : INFO : SwitchController : <<<<<<< 's_flipper_right_upper_eos' inactive >>>>>>>
2026-03-01 11:23:56,876 : INFO : Timer.attract_carousel_timer : Timer Complete
2026-03-01 11:23:56,876 : INFO : Timer.attract_carousel_timer : Stopping Timer
2026-03-01 11:23:56,876 : INFO : EventManager : Event: ======'timer_attract_carousel_timer_stopped'====== Args={'ticks': 1, 'ticks_remaining': 1}
2026-03-01 11:23:56,876 : INFO : EventManager : Event: ======'timer_attract_carousel_timer_complete'====== Args={'ticks': 1, 'ticks_remaining': 1}
2026-03-01 11:23:56,877 : INFO : EventManager : Event: ======'carousel_item_highlighted'====== Args={'carousel': 'attract', 'direction': 'forwards', 'item': 'title'}
2026-03-01 11:23:56,877 : INFO : Timer.attract_carousel_timer : Starting Timer.
2026-03-01 11:23:56,877 : INFO : EventManager : Event: ======'timer_attract_carousel_timer_started'====== Args={'ticks': 0, 'ticks_remaining': 1}
2026-03-01 11:23:56,877 : INFO : EventManager : Event: ======'timer_attract_carousel_timer_tick'====== Args={'ticks': 0, 'ticks_remaining': 1}
2026-03-01 11:24:01,878 : INFO : Timer.attract_carousel_timer : Timer Complete
2026-03-01 11:24:01,878 : INFO : Timer.attract_carousel_timer : Stopping Timer
2026-03-01 11:24:01,878 : INFO : EventManager : Event: ======'timer_attract_carousel_timer_stopped'====== Args={'ticks': 1, 'ticks_remaining': 1}
2026-03-01 11:24:01,878 : INFO : EventManager : Event: ======'timer_attract_carousel_timer_complete'====== Args={'ticks': 1, 'ticks_remaining': 1}
2026-03-01 11:24:01,879 : INFO : EventManager : Event: ======'carousel_item_highlighted'====== Args={'carousel': 'attract', 'direction': 'forwards', 'item': 'credits'}
2026-03-01 11:24:01,879 : INFO : Timer.attract_carousel_timer : Starting Timer.
2026-03-01 11:24:01,879 : INFO : EventManager : Event: ======'timer_attract_carousel_timer_started'====== Args={'ticks': 0, 'ticks_remaining': 1}
2026-03-01 11:24:01,879 : INFO : EventManager : Event: ======'timer_attract_carousel_timer_tick'====== Args={'ticks': 0, 'ticks_remaining': 1}
2026-03-01 11:24:06,879 : INFO : Timer.attract_carousel_timer : Timer Complete
2026-03-01 11:24:06,879 : INFO : Timer.attract_carousel_timer : Stopping Timer
2026-03-01 11:24:06,880 : INFO : EventManager : Event: ======'timer_attract_carousel_timer_stopped'====== Args={'ticks': 1, 'ticks_remaining': 1}
2026-03-01 11:24:06,880 : INFO : EventManager : Event: ======'timer_attract_carousel_timer_complete'====== Args={'ticks': 1, 'ticks_remaining': 1}
2026-03-01 11:24:06,880 : INFO : EventManager : Event: ======'carousel_item_highlighted'====== Args={'carousel': 'attract', 'direction': 'forwards', 'item': 'logo'}
2026-03-01 11:24:06,880 : INFO : Timer.attract_carousel_timer : Starting Timer.
2026-03-01 11:24:06,880 : INFO : EventManager : Event: ======'timer_attract_carousel_timer_started'====== Args={'ticks': 0, 'ticks_remaining': 1}
2026-03-01 11:24:06,880 : INFO : EventManager : Event: ======'timer_attract_carousel_timer_tick'====== Args={'ticks': 0, 'ticks_remaining': 1}
2026-03-01 11:24:11,880 : INFO : Timer.attract_carousel_timer : Timer Complete
2026-03-01 11:24:11,881 : INFO : Timer.attract_carousel_timer : Stopping Timer
2026-03-01 11:24:11,881 : INFO : EventManager : Event: ======'timer_attract_carousel_timer_stopped'====== Args={'ticks': 1, 'ticks_remaining': 1}
2026-03-01 11:24:11,881 : INFO : EventManager : Event: ======'timer_attract_carousel_timer_complete'====== Args={'ticks': 1, 'ticks_remaining': 1}
2026-03-01 11:24:11,881 : INFO : EventManager : Event: ======'carousel_item_highlighted'====== Args={'carousel': 'attract', 'direction': 'forwards', 'item': 'title'}
2026-03-01 11:24:11,882 : INFO : Timer.attract_carousel_timer : Starting Timer.
2026-03-01 11:24:11,882 : INFO : EventManager : Event: ======'timer_attract_carousel_timer_started'====== Args={'ticks': 0, 'ticks_remaining': 1}
2026-03-01 11:24:11,882 : INFO : EventManager : Event: ======'timer_attract_carousel_timer_tick'====== Args={'ticks': 0, 'ticks_remaining': 1}
2026-03-01 11:24:16,882 : INFO : Timer.attract_carousel_timer : Timer Complete
2026-03-01 11:24:16,882 : INFO : Timer.attract_carousel_timer : Stopping Timer
2026-03-01 11:24:16,882 : INFO : EventManager : Event: ======'timer_attract_carousel_timer_stopped'====== Args={'ticks': 1, 'ticks_remaining': 1}
2026-03-01 11:24:16,882 : INFO : EventManager : Event: ======'timer_attract_carousel_timer_complete'====== Args={'ticks': 1, 'ticks_remaining': 1}
2026-03-01 11:24:16,883 : INFO : EventManager : Event: ======'carousel_item_highlighted'====== Args={'carousel': 'attract', 'direction': 'forwards', 'item': 'credits'}
2026-03-01 11:24:16,883 : INFO : Timer.attract_carousel_timer : Starting Timer.
2026-03-01 11:24:16,883 : INFO : EventManager : Event: ======'timer_attract_carousel_timer_started'====== Args={'ticks': 0, 'ticks_remaining': 1}
2026-03-01 11:24:16,883 : INFO : EventManager : Event: ======'timer_attract_carousel_timer_tick'====== Args={'ticks': 0, 'ticks_remaining': 1}
2026-03-01 11:24:21,883 : INFO : Timer.attract_carousel_timer : Timer Complete
2026-03-01 11:24:21,884 : INFO : Timer.attract_carousel_timer : Stopping Timer
2026-03-01 11:24:21,884 : INFO : EventManager : Event: ======'timer_attract_carousel_timer_stopped'====== Args={'ticks': 1, 'ticks_remaining': 1}
2026-03-01 11:24:21,884 : INFO : EventManager : Event: ======'timer_attract_carousel_timer_complete'====== Args={'ticks': 1, 'ticks_remaining': 1}
2026-03-01 11:24:21,884 : INFO : EventManager : Event: ======'carousel_item_highlighted'====== Args={'carousel': 'attract', 'direction': 'forwards', 'item': 'logo'}
2026-03-01 11:24:21,884 : INFO : Timer.attract_carousel_timer : Starting Timer.
2026-03-01 11:24:21,885 : INFO : EventManager : Event: ======'timer_attract_carousel_timer_started'====== Args={'ticks': 0, 'ticks_remaining': 1}
2026-03-01 11:24:21,885 : INFO : EventManager : Event: ======'timer_attract_carousel_timer_tick'====== Args={'ticks': 0, 'ticks_remaining': 1}
2026-03-01 11:24:26,885 : INFO : Timer.attract_carousel_timer : Timer Complete
2026-03-01 11:24:26,885 : INFO : Timer.attract_carousel_timer : Stopping Timer
2026-03-01 11:24:26,885 : INFO : EventManager : Event: ======'timer_attract_carousel_timer_stopped'====== Args={'ticks': 1, 'ticks_remaining': 1}
2026-03-01 11:24:26,885 : INFO : EventManager : Event: ======'timer_attract_carousel_timer_complete'====== Args={'ticks': 1, 'ticks_remaining': 1}
2026-03-01 11:24:26,885 : INFO : EventManager : Event: ======'carousel_item_highlighted'====== Args={'carousel': 'attract', 'direction': 'forwards', 'item': 'title'}
2026-03-01 11:24:26,886 : INFO : Timer.attract_carousel_timer : Starting Timer.
2026-03-01 11:24:26,886 : INFO : EventManager : Event: ======'timer_attract_carousel_timer_started'====== Args={'ticks': 0, 'ticks_remaining': 1}
2026-03-01 11:24:26,886 : INFO : EventManager : Event: ======'timer_attract_carousel_timer_tick'====== Args={'ticks': 0, 'ticks_remaining': 1}
2026-03-01 11:24:31,887 : INFO : Timer.attract_carousel_timer : Timer Complete
2026-03-01 11:24:31,887 : INFO : Timer.attract_carousel_timer : Stopping Timer
2026-03-01 11:24:31,887 : INFO : EventManager : Event: ======'timer_attract_carousel_timer_stopped'====== Args={'ticks': 1, 'ticks_remaining': 1}
2026-03-01 11:24:31,887 : INFO : EventManager : Event: ======'timer_attract_carousel_timer_complete'====== Args={'ticks': 1, 'ticks_remaining': 1}
2026-03-01 11:24:31,887 : INFO : EventManager : Event: ======'carousel_item_highlighted'====== Args={'carousel': 'attract', 'direction': 'forwards', 'item': 'credits'}
2026-03-01 11:24:31,888 : INFO : Timer.attract_carousel_timer : Starting Timer.
2026-03-01 11:24:31,888 : INFO : EventManager : Event: ======'timer_attract_carousel_timer_started'====== Args={'ticks': 0, 'ticks_remaining': 1}
2026-03-01 11:24:31,888 : INFO : EventManager : Event: ======'timer_attract_carousel_timer_tick'====== Args={'ticks': 0, 'ticks_remaining': 1}
2026-03-01 11:24:36,889 : INFO : Timer.attract_carousel_timer : Timer Complete
2026-03-01 11:24:36,889 : INFO : Timer.attract_carousel_timer : Stopping Timer
2026-03-01 11:24:36,889 : INFO : EventManager : Event: ======'timer_attract_carousel_timer_stopped'====== Args={'ticks': 1, 'ticks_remaining': 1}
2026-03-01 11:24:36,889 : INFO : EventManager : Event: ======'timer_attract_carousel_timer_complete'====== Args={'ticks': 1, 'ticks_remaining': 1}
2026-03-01 11:24:36,890 : INFO : EventManager : Event: ======'carousel_item_highlighted'====== Args={'carousel': 'attract', 'direction': 'forwards', 'item': 'logo'}
2026-03-01 11:24:36,890 : INFO : Timer.attract_carousel_timer : Starting Timer.
2026-03-01 11:24:36,890 : INFO : EventManager : Event: ======'timer_attract_carousel_timer_started'====== Args={'ticks': 0, 'ticks_remaining': 1}
2026-03-01 11:24:36,890 : INFO : EventManager : Event: ======'timer_attract_carousel_timer_tick'====== Args={'ticks': 0, 'ticks_remaining': 1}
2026-03-01 11:24:41,891 : INFO : Timer.attract_carousel_timer : Timer Complete
2026-03-01 11:24:41,891 : INFO : Timer.attract_carousel_timer : Stopping Timer
2026-03-01 11:24:41,891 : INFO : EventManager : Event: ======'timer_attract_carousel_timer_stopped'====== Args={'ticks': 1, 'ticks_remaining': 1}
2026-03-01 11:24:41,891 : INFO : EventManager : Event: ======'timer_attract_carousel_timer_complete'====== Args={'ticks': 1, 'ticks_remaining': 1}
2026-03-01 11:24:41,892 : INFO : EventManager : Event: ======'carousel_item_highlighted'====== Args={'carousel': 'attract', 'direction': 'forwards', 'item': 'title'}
2026-03-01 11:24:41,892 : INFO : Timer.attract_carousel_timer : Starting Timer.
2026-03-01 11:24:41,892 : INFO : EventManager : Event: ======'timer_attract_carousel_timer_started'====== Args={'ticks': 0, 'ticks_remaining': 1}
2026-03-01 11:24:41,892 : INFO : EventManager : Event: ======'timer_attract_carousel_timer_tick'====== Args={'ticks': 0, 'ticks_remaining': 1}
2026-03-01 11:24:46,893 : INFO : Timer.attract_carousel_timer : Timer Complete
2026-03-01 11:24:46,893 : INFO : Timer.attract_carousel_timer : Stopping Timer
2026-03-01 11:24:46,893 : INFO : EventManager : Event: ======'timer_attract_carousel_timer_stopped'====== Args={'ticks': 1, 'ticks_remaining': 1}
2026-03-01 11:24:46,893 : INFO : EventManager : Event: ======'timer_attract_carousel_timer_complete'====== Args={'ticks': 1, 'ticks_remaining': 1}
2026-03-01 11:24:46,893 : INFO : EventManager : Event: ======'carousel_item_highlighted'====== Args={'carousel': 'attract', 'direction': 'forwards', 'item': 'credits'}
2026-03-01 11:24:46,894 : INFO : Timer.attract_carousel_timer : Starting Timer.
2026-03-01 11:24:46,894 : INFO : EventManager : Event: ======'timer_attract_carousel_timer_started'====== Args={'ticks': 0, 'ticks_remaining': 1}
2026-03-01 11:24:46,894 : INFO : EventManager : Event: ======'timer_attract_carousel_timer_tick'====== Args={'ticks': 0, 'ticks_remaining': 1}
2026-03-01 11:24:51,895 : INFO : Timer.attract_carousel_timer : Timer Complete
2026-03-01 11:24:51,895 : INFO : Timer.attract_carousel_timer : Stopping Timer
2026-03-01 11:24:51,895 : INFO : EventManager : Event: ======'timer_attract_carousel_timer_stopped'====== Args={'ticks': 1, 'ticks_remaining': 1}
2026-03-01 11:24:51,895 : INFO : EventManager : Event: ======'timer_attract_carousel_timer_complete'====== Args={'ticks': 1, 'ticks_remaining': 1}
2026-03-01 11:24:51,895 : INFO : EventManager : Event: ======'carousel_item_highlighted'====== Args={'carousel': 'attract', 'direction': 'forwards', 'item': 'logo'}
2026-03-01 11:24:51,896 : INFO : Timer.attract_carousel_timer : Starting Timer.
2026-03-01 11:24:51,896 : INFO : EventManager : Event: ======'timer_attract_carousel_timer_started'====== Args={'ticks': 0, 'ticks_remaining': 1}
2026-03-01 11:24:51,896 : INFO : EventManager : Event: ======'timer_attract_carousel_timer_tick'====== Args={'ticks': 0, 'ticks_remaining': 1}
2026-03-01 11:24:56,896 : INFO : Timer.attract_carousel_timer : Timer Complete
2026-03-01 11:24:56,896 : INFO : Timer.attract_carousel_timer : Stopping Timer
2026-03-01 11:24:56,897 : INFO : EventManager : Event: ======'timer_attract_carousel_timer_stopped'====== Args={'ticks': 1, 'ticks_remaining': 1}
2026-03-01 11:24:56,897 : INFO : EventManager : Event: ======'timer_attract_carousel_timer_complete'====== Args={'ticks': 1, 'ticks_remaining': 1}
2026-03-01 11:24:56,897 : INFO : EventManager : Event: ======'carousel_item_highlighted'====== Args={'carousel': 'attract', 'direction': 'forwards', 'item': 'title'}
2026-03-01 11:24:56,898 : INFO : Timer.attract_carousel_timer : Starting Timer.
2026-03-01 11:24:56,898 : INFO : EventManager : Event: ======'timer_attract_carousel_timer_started'====== Args={'ticks': 0, 'ticks_remaining': 1}
2026-03-01 11:24:56,898 : INFO : EventManager : Event: ======'timer_attract_carousel_timer_tick'====== Args={'ticks': 0, 'ticks_remaining': 1}
2026-03-01 11:25:01,899 : INFO : Timer.attract_carousel_timer : Timer Complete
2026-03-01 11:25:01,899 : INFO : Timer.attract_carousel_timer : Stopping Timer
2026-03-01 11:25:01,899 : INFO : EventManager : Event: ======'timer_attract_carousel_timer_stopped'====== Args={'ticks': 1, 'ticks_remaining': 1}
2026-03-01 11:25:01,899 : INFO : EventManager : Event: ======'timer_attract_carousel_timer_complete'====== Args={'ticks': 1, 'ticks_remaining': 1}
2026-03-01 11:25:01,899 : INFO : EventManager : Event: ======'carousel_item_highlighted'====== Args={'carousel': 'attract', 'direction': 'forwards', 'item': 'credits'}
2026-03-01 11:25:01,900 : INFO : Timer.attract_carousel_timer : Starting Timer.
2026-03-01 11:25:01,900 : INFO : EventManager : Event: ======'timer_attract_carousel_timer_started'====== Args={'ticks': 0, 'ticks_remaining': 1}
2026-03-01 11:25:01,900 : INFO : EventManager : Event: ======'timer_attract_carousel_timer_tick'====== Args={'ticks': 0, 'ticks_remaining': 1}
2026-03-01 11:25:06,900 : INFO : Timer.attract_carousel_timer : Timer Complete
2026-03-01 11:25:06,901 : INFO : Timer.attract_carousel_timer : Stopping Timer
2026-03-01 11:25:06,901 : INFO : EventManager : Event: ======'timer_attract_carousel_timer_stopped'====== Args={'ticks': 1, 'ticks_remaining': 1}
2026-03-01 11:25:06,901 : INFO : EventManager : Event: ======'timer_attract_carousel_timer_complete'====== Args={'ticks': 1, 'ticks_remaining': 1}
2026-03-01 11:25:06,901 : INFO : EventManager : Event: ======'carousel_item_highlighted'====== Args={'carousel': 'attract', 'direction': 'forwards', 'item': 'logo'}
2026-03-01 11:25:06,901 : INFO : Timer.attract_carousel_timer : Starting Timer.
2026-03-01 11:25:06,902 : INFO : EventManager : Event: ======'timer_attract_carousel_timer_started'====== Args={'ticks': 0, 'ticks_remaining': 1}
2026-03-01 11:25:06,902 : INFO : EventManager : Event: ======'timer_attract_carousel_timer_tick'====== Args={'ticks': 0, 'ticks_remaining': 1}
2026-03-01 11:25:11,903 : INFO : Timer.attract_carousel_timer : Timer Complete
2026-03-01 11:25:11,903 : INFO : Timer.attract_carousel_timer : Stopping Timer
2026-03-01 11:25:11,903 : INFO : EventManager : Event: ======'timer_attract_carousel_timer_stopped'====== Args={'ticks': 1, 'ticks_remaining': 1}
2026-03-01 11:25:11,903 : INFO : EventManager : Event: ======'timer_attract_carousel_timer_complete'====== Args={'ticks': 1, 'ticks_remaining': 1}
2026-03-01 11:25:11,903 : INFO : EventManager : Event: ======'carousel_item_highlighted'====== Args={'carousel': 'attract', 'direction': 'forwards', 'item': 'title'}
2026-03-01 11:25:11,904 : INFO : Timer.attract_carousel_timer : Starting Timer.
2026-03-01 11:25:11,904 : INFO : EventManager : Event: ======'timer_attract_carousel_timer_started'====== Args={'ticks': 0, 'ticks_remaining': 1}
2026-03-01 11:25:11,904 : INFO : EventManager : Event: ======'timer_attract_carousel_timer_tick'====== Args={'ticks': 0, 'ticks_remaining': 1}
2026-03-01 11:25:16,905 : INFO : Timer.attract_carousel_timer : Timer Complete
2026-03-01 11:25:16,905 : INFO : Timer.attract_carousel_timer : Stopping Timer
2026-03-01 11:25:16,905 : INFO : EventManager : Event: ======'timer_attract_carousel_timer_stopped'====== Args={'ticks': 1, 'ticks_remaining': 1}
2026-03-01 11:25:16,905 : INFO : EventManager : Event: ======'timer_attract_carousel_timer_complete'====== Args={'ticks': 1, 'ticks_remaining': 1}
2026-03-01 11:25:16,905 : INFO : EventManager : Event: ======'carousel_item_highlighted'====== Args={'carousel': 'attract', 'direction': 'forwards', 'item': 'credits'}
2026-03-01 11:25:16,906 : INFO : Timer.attract_carousel_timer : Starting Timer.
2026-03-01 11:25:16,906 : INFO : EventManager : Event: ======'timer_attract_carousel_timer_started'====== Args={'ticks': 0, 'ticks_remaining': 1}
2026-03-01 11:25:16,906 : INFO : EventManager : Event: ======'timer_attract_carousel_timer_tick'====== Args={'ticks': 0, 'ticks_remaining': 1}
2026-03-01 11:25:21,907 : INFO : Timer.attract_carousel_timer : Timer Complete
2026-03-01 11:25:21,907 : INFO : Timer.attract_carousel_timer : Stopping Timer
2026-03-01 11:25:21,907 : INFO : EventManager : Event: ======'timer_attract_carousel_timer_stopped'====== Args={'ticks': 1, 'ticks_remaining': 1}
2026-03-01 11:25:21,907 : INFO : EventManager : Event: ======'timer_attract_carousel_timer_complete'====== Args={'ticks': 1, 'ticks_remaining': 1}
2026-03-01 11:25:21,908 : INFO : EventManager : Event: ======'carousel_item_highlighted'====== Args={'carousel': 'attract', 'direction': 'forwards', 'item': 'logo'}
2026-03-01 11:25:21,908 : INFO : Timer.attract_carousel_timer : Starting Timer.
2026-03-01 11:25:21,908 : INFO : EventManager : Event: ======'timer_attract_carousel_timer_started'====== Args={'ticks': 0, 'ticks_remaining': 1}
2026-03-01 11:25:21,908 : INFO : EventManager : Event: ======'timer_attract_carousel_timer_tick'====== Args={'ticks': 0, 'ticks_remaining': 1}
2026-03-01 11:25:26,909 : INFO : Timer.attract_carousel_timer : Timer Complete
2026-03-01 11:25:26,909 : INFO : Timer.attract_carousel_timer : Stopping Timer
2026-03-01 11:25:26,909 : INFO : EventManager : Event: ======'timer_attract_carousel_timer_stopped'====== Args={'ticks': 1, 'ticks_remaining': 1}
2026-03-01 11:25:26,910 : INFO : EventManager : Event: ======'timer_attract_carousel_timer_complete'====== Args={'ticks': 1, 'ticks_remaining': 1}
2026-03-01 11:25:26,910 : INFO : EventManager : Event: ======'carousel_item_highlighted'====== Args={'carousel': 'attract', 'direction': 'forwards', 'item': 'title'}
2026-03-01 11:25:26,910 : INFO : Timer.attract_carousel_timer : Starting Timer.
2026-03-01 11:25:26,910 : INFO : EventManager : Event: ======'timer_attract_carousel_timer_started'====== Args={'ticks': 0, 'ticks_remaining': 1}
2026-03-01 11:25:26,910 : INFO : EventManager : Event: ======'timer_attract_carousel_timer_tick'====== Args={'ticks': 0, 'ticks_remaining': 1}
2026-03-01 11:25:31,911 : INFO : Timer.attract_carousel_timer : Timer Complete
2026-03-01 11:25:31,911 : INFO : Timer.attract_carousel_timer : Stopping Timer
2026-03-01 11:25:31,911 : INFO : EventManager : Event: ======'timer_attract_carousel_timer_stopped'====== Args={'ticks': 1, 'ticks_remaining': 1}
2026-03-01 11:25:31,911 : INFO : EventManager : Event: ======'timer_attract_carousel_timer_complete'====== Args={'ticks': 1, 'ticks_remaining': 1}
2026-03-01 11:25:31,911 : INFO : EventManager : Event: ======'carousel_item_highlighted'====== Args={'carousel': 'attract', 'direction': 'forwards', 'item': 'credits'}
2026-03-01 11:25:31,912 : INFO : Timer.attract_carousel_timer : Starting Timer.
2026-03-01 11:25:31,912 : INFO : EventManager : Event: ======'timer_attract_carousel_timer_started'====== Args={'ticks': 0, 'ticks_remaining': 1}
2026-03-01 11:25:31,912 : INFO : EventManager : Event: ======'timer_attract_carousel_timer_tick'====== Args={'ticks': 0, 'ticks_remaining': 1}
2026-03-01 11:25:36,912 : INFO : Timer.attract_carousel_timer : Timer Complete
2026-03-01 11:25:36,912 : INFO : Timer.attract_carousel_timer : Stopping Timer
2026-03-01 11:25:36,912 : INFO : EventManager : Event: ======'timer_attract_carousel_timer_stopped'====== Args={'ticks': 1, 'ticks_remaining': 1}
2026-03-01 11:25:36,912 : INFO : EventManager : Event: ======'timer_attract_carousel_timer_complete'====== Args={'ticks': 1, 'ticks_remaining': 1}
2026-03-01 11:25:36,913 : INFO : EventManager : Event: ======'carousel_item_highlighted'====== Args={'carousel': 'attract', 'direction': 'forwards', 'item': 'logo'}
2026-03-01 11:25:36,913 : INFO : Timer.attract_carousel_timer : Starting Timer.
2026-03-01 11:25:36,913 : INFO : EventManager : Event: ======'timer_attract_carousel_timer_started'====== Args={'ticks': 0, 'ticks_remaining': 1}
2026-03-01 11:25:36,913 : INFO : EventManager : Event: ======'timer_attract_carousel_timer_tick'====== Args={'ticks': 0, 'ticks_remaining': 1}
2026-03-01 11:25:41,913 : INFO : Timer.attract_carousel_timer : Timer Complete
2026-03-01 11:25:41,913 : INFO : Timer.attract_carousel_timer : Stopping Timer
2026-03-01 11:25:41,914 : INFO : EventManager : Event: ======'timer_attract_carousel_timer_stopped'====== Args={'ticks': 1, 'ticks_remaining': 1}
2026-03-01 11:25:41,914 : INFO : EventManager : Event: ======'timer_attract_carousel_timer_complete'====== Args={'ticks': 1, 'ticks_remaining': 1}
2026-03-01 11:25:41,914 : INFO : EventManager : Event: ======'carousel_item_highlighted'====== Args={'carousel': 'attract', 'direction': 'forwards', 'item': 'title'}
2026-03-01 11:25:41,914 : INFO : Timer.attract_carousel_timer : Starting Timer.
2026-03-01 11:25:41,914 : INFO : EventManager : Event: ======'timer_attract_carousel_timer_started'====== Args={'ticks': 0, 'ticks_remaining': 1}
2026-03-01 11:25:41,915 : INFO : EventManager : Event: ======'timer_attract_carousel_timer_tick'====== Args={'ticks': 0, 'ticks_remaining': 1}
2026-03-01 11:25:46,915 : INFO : Timer.attract_carousel_timer : Timer Complete
2026-03-01 11:25:46,915 : INFO : Timer.attract_carousel_timer : Stopping Timer
2026-03-01 11:25:46,915 : INFO : EventManager : Event: ======'timer_attract_carousel_timer_stopped'====== Args={'ticks': 1, 'ticks_remaining': 1}
2026-03-01 11:25:46,915 : INFO : EventManager : Event: ======'timer_attract_carousel_timer_complete'====== Args={'ticks': 1, 'ticks_remaining': 1}
2026-03-01 11:25:46,915 : INFO : EventManager : Event: ======'carousel_item_highlighted'====== Args={'carousel': 'attract', 'direction': 'forwards', 'item': 'credits'}
2026-03-01 11:25:46,916 : INFO : Timer.attract_carousel_timer : Starting Timer.
2026-03-01 11:25:46,916 : INFO : EventManager : Event: ======'timer_attract_carousel_timer_started'====== Args={'ticks': 0, 'ticks_remaining': 1}
2026-03-01 11:25:46,916 : INFO : EventManager : Event: ======'timer_attract_carousel_timer_tick'====== Args={'ticks': 0, 'ticks_remaining': 1}
2026-03-01 11:25:51,916 : INFO : Timer.attract_carousel_timer : Timer Complete
2026-03-01 11:25:51,916 : INFO : Timer.attract_carousel_timer : Stopping Timer
2026-03-01 11:25:51,916 : INFO : EventManager : Event: ======'timer_attract_carousel_timer_stopped'====== Args={'ticks': 1, 'ticks_remaining': 1}
2026-03-01 11:25:51,916 : INFO : EventManager : Event: ======'timer_attract_carousel_timer_complete'====== Args={'ticks': 1, 'ticks_remaining': 1}
2026-03-01 11:25:51,917 : INFO : EventManager : Event: ======'carousel_item_highlighted'====== Args={'carousel': 'attract', 'direction': 'forwards', 'item': 'logo'}
2026-03-01 11:25:51,917 : INFO : Timer.attract_carousel_timer : Starting Timer.
2026-03-01 11:25:51,917 : INFO : EventManager : Event: ======'timer_attract_carousel_timer_started'====== Args={'ticks': 0, 'ticks_remaining': 1}
2026-03-01 11:25:51,917 : INFO : EventManager : Event: ======'timer_attract_carousel_timer_tick'====== Args={'ticks': 0, 'ticks_remaining': 1}
2026-03-01 11:25:56,918 : INFO : Timer.attract_carousel_timer : Timer Complete
2026-03-01 11:25:56,918 : INFO : Timer.attract_carousel_timer : Stopping Timer
2026-03-01 11:25:56,918 : INFO : EventManager : Event: ======'timer_attract_carousel_timer_stopped'====== Args={'ticks': 1, 'ticks_remaining': 1}
2026-03-01 11:25:56,918 : INFO : EventManager : Event: ======'timer_attract_carousel_timer_complete'====== Args={'ticks': 1, 'ticks_remaining': 1}
2026-03-01 11:25:56,919 : INFO : EventManager : Event: ======'carousel_item_highlighted'====== Args={'carousel': 'attract', 'direction': 'forwards', 'item': 'title'}
2026-03-01 11:25:56,919 : INFO : Timer.attract_carousel_timer : Starting Timer.
2026-03-01 11:25:56,919 : INFO : EventManager : Event: ======'timer_attract_carousel_timer_started'====== Args={'ticks': 0, 'ticks_remaining': 1}
2026-03-01 11:25:56,919 : INFO : EventManager : Event: ======'timer_attract_carousel_timer_tick'====== Args={'ticks': 0, 'ticks_remaining': 1}
2026-03-01 11:26:01,920 : INFO : Timer.attract_carousel_timer : Timer Complete
2026-03-01 11:26:01,920 : INFO : Timer.attract_carousel_timer : Stopping Timer
2026-03-01 11:26:01,921 : INFO : EventManager : Event: ======'timer_attract_carousel_timer_stopped'====== Args={'ticks': 1, 'ticks_remaining': 1}
2026-03-01 11:26:01,921 : INFO : EventManager : Event: ======'timer_attract_carousel_timer_complete'====== Args={'ticks': 1, 'ticks_remaining': 1}
2026-03-01 11:26:01,921 : INFO : EventManager : Event: ======'carousel_item_highlighted'====== Args={'carousel': 'attract', 'direction': 'forwards', 'item': 'credits'}
2026-03-01 11:26:01,921 : INFO : Timer.attract_carousel_timer : Starting Timer.
2026-03-01 11:26:01,921 : INFO : EventManager : Event: ======'timer_attract_carousel_timer_started'====== Args={'ticks': 0, 'ticks_remaining': 1}
2026-03-01 11:26:01,921 : INFO : EventManager : Event: ======'timer_attract_carousel_timer_tick'====== Args={'ticks': 0, 'ticks_remaining': 1}
2026-03-01 11:26:06,922 : INFO : Timer.attract_carousel_timer : Timer Complete
2026-03-01 11:26:06,923 : INFO : Timer.attract_carousel_timer : Stopping Timer
2026-03-01 11:26:06,923 : INFO : EventManager : Event: ======'timer_attract_carousel_timer_stopped'====== Args={'ticks': 1, 'ticks_remaining': 1}
2026-03-01 11:26:06,923 : INFO : EventManager : Event: ======'timer_attract_carousel_timer_complete'====== Args={'ticks': 1, 'ticks_remaining': 1}
2026-03-01 11:26:06,923 : INFO : EventManager : Event: ======'carousel_item_highlighted'====== Args={'carousel': 'attract', 'direction': 'forwards', 'item': 'logo'}
2026-03-01 11:26:06,923 : INFO : Timer.attract_carousel_timer : Starting Timer.
2026-03-01 11:26:06,924 : INFO : EventManager : Event: ======'timer_attract_carousel_timer_started'====== Args={'ticks': 0, 'ticks_remaining': 1}
2026-03-01 11:26:06,924 : INFO : EventManager : Event: ======'timer_attract_carousel_timer_tick'====== Args={'ticks': 0, 'ticks_remaining': 1}
2026-03-01 11:26:11,925 : INFO : Timer.attract_carousel_timer : Timer Complete
2026-03-01 11:26:11,925 : INFO : Timer.attract_carousel_timer : Stopping Timer
2026-03-01 11:26:11,925 : INFO : EventManager : Event: ======'timer_attract_carousel_timer_stopped'====== Args={'ticks': 1, 'ticks_remaining': 1}
2026-03-01 11:26:11,925 : INFO : EventManager : Event: ======'timer_attract_carousel_timer_complete'====== Args={'ticks': 1, 'ticks_remaining': 1}
2026-03-01 11:26:11,925 : INFO : EventManager : Event: ======'carousel_item_highlighted'====== Args={'carousel': 'attract', 'direction': 'forwards', 'item': 'title'}
2026-03-01 11:26:11,926 : INFO : Timer.attract_carousel_timer : Starting Timer.
2026-03-01 11:26:11,926 : INFO : EventManager : Event: ======'timer_attract_carousel_timer_started'====== Args={'ticks': 0, 'ticks_remaining': 1}
2026-03-01 11:26:11,926 : INFO : EventManager : Event: ======'timer_attract_carousel_timer_tick'====== Args={'ticks': 0, 'ticks_remaining': 1}
2026-03-01 11:26:16,927 : INFO : Timer.attract_carousel_timer : Timer Complete
2026-03-01 11:26:16,927 : INFO : Timer.attract_carousel_timer : Stopping Timer
2026-03-01 11:26:16,927 : INFO : EventManager : Event: ======'timer_attract_carousel_timer_stopped'====== Args={'ticks': 1, 'ticks_remaining': 1}
2026-03-01 11:26:16,927 : INFO : EventManager : Event: ======'timer_attract_carousel_timer_complete'====== Args={'ticks': 1, 'ticks_remaining': 1}
2026-03-01 11:26:16,927 : INFO : EventManager : Event: ======'carousel_item_highlighted'====== Args={'carousel': 'attract', 'direction': 'forwards', 'item': 'credits'}
2026-03-01 11:26:16,928 : INFO : Timer.attract_carousel_timer : Starting Timer.
2026-03-01 11:26:16,928 : INFO : EventManager : Event: ======'timer_attract_carousel_timer_started'====== Args={'ticks': 0, 'ticks_remaining': 1}
2026-03-01 11:26:16,928 : INFO : EventManager : Event: ======'timer_attract_carousel_timer_tick'====== Args={'ticks': 0, 'ticks_remaining': 1}
2026-03-01 11:26:21,929 : INFO : Timer.attract_carousel_timer : Timer Complete
2026-03-01 11:26:21,929 : INFO : Timer.attract_carousel_timer : Stopping Timer
2026-03-01 11:26:21,929 : INFO : EventManager : Event: ======'timer_attract_carousel_timer_stopped'====== Args={'ticks': 1, 'ticks_remaining': 1}
2026-03-01 11:26:21,929 : INFO : EventManager : Event: ======'timer_attract_carousel_timer_complete'====== Args={'ticks': 1, 'ticks_remaining': 1}
2026-03-01 11:26:21,930 : INFO : EventManager : Event: ======'carousel_item_highlighted'====== Args={'carousel': 'attract', 'direction': 'forwards', 'item': 'logo'}
2026-03-01 11:26:21,930 : INFO : Timer.attract_carousel_timer : Starting Timer.
2026-03-01 11:26:21,930 : INFO : EventManager : Event: ======'timer_attract_carousel_timer_started'====== Args={'ticks': 0, 'ticks_remaining': 1}
2026-03-01 11:26:21,930 : INFO : EventManager : Event: ======'timer_attract_carousel_timer_tick'====== Args={'ticks': 0, 'ticks_remaining': 1}
2026-03-01 11:26:26,105 : INFO : SwitchController : <<<<<<< 's_flipper_right_upper' active >>>>>>>
2026-03-01 11:26:26,106 : INFO : SwitchController : <<<<<<< 's_flipper_right_lower' active >>>>>>>
2026-03-01 11:26:26,106 : INFO : EventManager : Event: ======'s_flipper_right_lower_active'====== Args={}
2026-03-01 11:26:26,106 : INFO : EventManager : Event: ======'carousel_item_highlighted'====== Args={'carousel': 'attract', 'direction': 'forwards', 'item': 'title'}
2026-03-01 11:26:26,106 : INFO : EventManager : Event: ======'timer_attract_carousel_timer_tick'====== Args={'ticks': 0, 'ticks_remaining': 1}
2026-03-01 11:26:26,122 : INFO : SwitchController : <<<<<<< 's_flipper_right_lower' inactive >>>>>>>
2026-03-01 11:26:26,128 : INFO : SwitchController : <<<<<<< 's_flipper_right_upper_eos' active >>>>>>>
2026-03-01 11:26:26,136 : INFO : SwitchController : <<<<<<< 's_flipper_right_lower_eos' inactive >>>>>>>
2026-03-01 11:26:26,158 : INFO : SwitchController : <<<<<<< 's_flipper_right_lower_eos' active >>>>>>>
2026-03-01 11:26:26,202 : INFO : SwitchController : <<<<<<< 's_flipper_right_upper' inactive >>>>>>>
2026-03-01 11:26:26,306 : INFO : SwitchController : <<<<<<< 's_flipper_right_upper_eos' inactive >>>>>>>
2026-03-01 11:26:26,554 : INFO : SwitchController : <<<<<<< 's_flipper_right_upper' active >>>>>>>
2026-03-01 11:26:26,576 : INFO : SwitchController : <<<<<<< 's_flipper_right_upper_eos' active >>>>>>>
2026-03-01 11:26:26,590 : INFO : SwitchController : <<<<<<< 's_flipper_right_upper' inactive >>>>>>>
2026-03-01 11:26:26,591 : INFO : SwitchController : <<<<<<< 's_flipper_right_upper' active >>>>>>>
2026-03-01 11:26:26,593 : INFO : SwitchController : <<<<<<< 's_flipper_right_upper' inactive >>>>>>>
2026-03-01 11:26:26,654 : INFO : SwitchController : <<<<<<< 's_flipper_right_upper' active >>>>>>>
2026-03-01 11:26:26,699 : INFO : SwitchController : <<<<<<< 's_flipper_right_upper' inactive >>>>>>>
2026-03-01 11:26:26,807 : INFO : SwitchController : <<<<<<< 's_flipper_right_upper_eos' inactive >>>>>>>
2026-03-01 11:26:27,017 : INFO : SwitchController : <<<<<<< 's_flipper_right_upper' active >>>>>>>
2026-03-01 11:26:27,031 : INFO : SwitchController : <<<<<<< 's_flipper_right_lower' active >>>>>>>
2026-03-01 11:26:27,031 : INFO : EventManager : Event: ======'s_flipper_right_lower_active'====== Args={}
2026-03-01 11:26:27,031 : INFO : EventManager : Event: ======'carousel_item_highlighted'====== Args={'carousel': 'attract', 'direction': 'forwards', 'item': 'credits'}
2026-03-01 11:26:27,032 : INFO : EventManager : Event: ======'timer_attract_carousel_timer_tick'====== Args={'ticks': 0, 'ticks_remaining': 1}
2026-03-01 11:26:27,038 : INFO : SwitchController : <<<<<<< 's_flipper_right_upper_eos' active >>>>>>>
2026-03-01 11:26:27,055 : INFO : SwitchController : <<<<<<< 's_flipper_right_lower_eos' inactive >>>>>>>
2026-03-01 11:26:27,117 : INFO : SwitchController : <<<<<<< 's_flipper_right_lower' inactive >>>>>>>
2026-03-01 11:26:27,135 : INFO : SwitchController : <<<<<<< 's_flipper_right_upper' inactive >>>>>>>
2026-03-01 11:26:27,212 : INFO : SwitchController : <<<<<<< 's_flipper_right_lower_eos' active >>>>>>>
2026-03-01 11:26:27,242 : INFO : SwitchController : <<<<<<< 's_flipper_right_upper_eos' inactive >>>>>>>
2026-03-01 11:26:32,033 : INFO : Timer.attract_carousel_timer : Timer Complete
2026-03-01 11:26:32,033 : INFO : Timer.attract_carousel_timer : Stopping Timer
2026-03-01 11:26:32,033 : INFO : EventManager : Event: ======'timer_attract_carousel_timer_stopped'====== Args={'ticks': 1, 'ticks_remaining': 1}
2026-03-01 11:26:32,033 : INFO : EventManager : Event: ======'timer_attract_carousel_timer_complete'====== Args={'ticks': 1, 'ticks_remaining': 1}
2026-03-01 11:26:32,033 : INFO : EventManager : Event: ======'carousel_item_highlighted'====== Args={'carousel': 'attract', 'direction': 'forwards', 'item': 'logo'}
2026-03-01 11:26:32,034 : INFO : Timer.attract_carousel_timer : Starting Timer.
2026-03-01 11:26:32,034 : INFO : EventManager : Event: ======'timer_attract_carousel_timer_started'====== Args={'ticks': 0, 'ticks_remaining': 1}
2026-03-01 11:26:32,034 : INFO : EventManager : Event: ======'timer_attract_carousel_timer_tick'====== Args={'ticks': 0, 'ticks_remaining': 1}
2026-03-01 11:26:37,034 : INFO : Timer.attract_carousel_timer : Timer Complete
2026-03-01 11:26:37,035 : INFO : Timer.attract_carousel_timer : Stopping Timer
2026-03-01 11:26:37,035 : INFO : EventManager : Event: ======'timer_attract_carousel_timer_stopped'====== Args={'ticks': 1, 'ticks_remaining': 1}
2026-03-01 11:26:37,035 : INFO : EventManager : Event: ======'timer_attract_carousel_timer_complete'====== Args={'ticks': 1, 'ticks_remaining': 1}
2026-03-01 11:26:37,035 : INFO : EventManager : Event: ======'carousel_item_highlighted'====== Args={'carousel': 'attract', 'direction': 'forwards', 'item': 'title'}
2026-03-01 11:26:37,035 : INFO : Timer.attract_carousel_timer : Starting Timer.
2026-03-01 11:26:37,036 : INFO : EventManager : Event: ======'timer_attract_carousel_timer_started'====== Args={'ticks': 0, 'ticks_remaining': 1}
2026-03-01 11:26:37,036 : INFO : EventManager : Event: ======'timer_attract_carousel_timer_tick'====== Args={'ticks': 0, 'ticks_remaining': 1}
2026-03-01 11:26:42,036 : INFO : Timer.attract_carousel_timer : Timer Complete
2026-03-01 11:26:42,036 : INFO : Timer.attract_carousel_timer : Stopping Timer
2026-03-01 11:26:42,036 : INFO : EventManager : Event: ======'timer_attract_carousel_timer_stopped'====== Args={'ticks': 1, 'ticks_remaining': 1}
2026-03-01 11:26:42,036 : INFO : EventManager : Event: ======'timer_attract_carousel_timer_complete'====== Args={'ticks': 1, 'ticks_remaining': 1}
2026-03-01 11:26:42,036 : INFO : EventManager : Event: ======'carousel_item_highlighted'====== Args={'carousel': 'attract', 'direction': 'forwards', 'item': 'credits'}
2026-03-01 11:26:42,037 : INFO : Timer.attract_carousel_timer : Starting Timer.
2026-03-01 11:26:42,037 : INFO : EventManager : Event: ======'timer_attract_carousel_timer_started'====== Args={'ticks': 0, 'ticks_remaining': 1}
2026-03-01 11:26:42,037 : INFO : EventManager : Event: ======'timer_attract_carousel_timer_tick'====== Args={'ticks': 0, 'ticks_remaining': 1}
2026-03-01 11:26:47,038 : INFO : Timer.attract_carousel_timer : Timer Complete
2026-03-01 11:26:47,038 : INFO : Timer.attract_carousel_timer : Stopping Timer
2026-03-01 11:26:47,038 : INFO : EventManager : Event: ======'timer_attract_carousel_timer_stopped'====== Args={'ticks': 1, 'ticks_remaining': 1}
2026-03-01 11:26:47,038 : INFO : EventManager : Event: ======'timer_attract_carousel_timer_complete'====== Args={'ticks': 1, 'ticks_remaining': 1}
2026-03-01 11:26:47,038 : INFO : EventManager : Event: ======'carousel_item_highlighted'====== Args={'carousel': 'attract', 'direction': 'forwards', 'item': 'logo'}
2026-03-01 11:26:47,039 : INFO : Timer.attract_carousel_timer : Starting Timer.
2026-03-01 11:26:47,039 : INFO : EventManager : Event: ======'timer_attract_carousel_timer_started'====== Args={'ticks': 0, 'ticks_remaining': 1}
2026-03-01 11:26:47,039 : INFO : EventManager : Event: ======'timer_attract_carousel_timer_tick'====== Args={'ticks': 0, 'ticks_remaining': 1}
2026-03-01 11:26:52,039 : INFO : Timer.attract_carousel_timer : Timer Complete
2026-03-01 11:26:52,039 : INFO : Timer.attract_carousel_timer : Stopping Timer
2026-03-01 11:26:52,039 : INFO : EventManager : Event: ======'timer_attract_carousel_timer_stopped'====== Args={'ticks': 1, 'ticks_remaining': 1}
2026-03-01 11:26:52,039 : INFO : EventManager : Event: ======'timer_attract_carousel_timer_complete'====== Args={'ticks': 1, 'ticks_remaining': 1}
2026-03-01 11:26:52,040 : INFO : EventManager : Event: ======'carousel_item_highlighted'====== Args={'carousel': 'attract', 'direction': 'forwards', 'item': 'title'}
2026-03-01 11:26:52,040 : INFO : Timer.attract_carousel_timer : Starting Timer.
2026-03-01 11:26:52,040 : INFO : EventManager : Event: ======'timer_attract_carousel_timer_started'====== Args={'ticks': 0, 'ticks_remaining': 1}
2026-03-01 11:26:52,040 : INFO : EventManager : Event: ======'timer_attract_carousel_timer_tick'====== Args={'ticks': 0, 'ticks_remaining': 1}
2026-03-01 11:26:57,041 : INFO : Timer.attract_carousel_timer : Timer Complete
2026-03-01 11:26:57,041 : INFO : Timer.attract_carousel_timer : Stopping Timer
2026-03-01 11:26:57,041 : INFO : EventManager : Event: ======'timer_attract_carousel_timer_stopped'====== Args={'ticks': 1, 'ticks_remaining': 1}
2026-03-01 11:26:57,041 : INFO : EventManager : Event: ======'timer_attract_carousel_timer_complete'====== Args={'ticks': 1, 'ticks_remaining': 1}
2026-03-01 11:26:57,042 : INFO : EventManager : Event: ======'carousel_item_highlighted'====== Args={'carousel': 'attract', 'direction': 'forwards', 'item': 'credits'}
2026-03-01 11:26:57,042 : INFO : Timer.attract_carousel_timer : Starting Timer.
2026-03-01 11:26:57,042 : INFO : EventManager : Event: ======'timer_attract_carousel_timer_started'====== Args={'ticks': 0, 'ticks_remaining': 1}
2026-03-01 11:26:57,042 : INFO : EventManager : Event: ======'timer_attract_carousel_timer_tick'====== Args={'ticks': 0, 'ticks_remaining': 1}
2026-03-01 11:27:02,043 : INFO : Timer.attract_carousel_timer : Timer Complete
2026-03-01 11:27:02,043 : INFO : Timer.attract_carousel_timer : Stopping Timer
2026-03-01 11:27:02,043 : INFO : EventManager : Event: ======'timer_attract_carousel_timer_stopped'====== Args={'ticks': 1, 'ticks_remaining': 1}
2026-03-01 11:27:02,044 : INFO : EventManager : Event: ======'timer_attract_carousel_timer_complete'====== Args={'ticks': 1, 'ticks_remaining': 1}
2026-03-01 11:27:02,044 : INFO : EventManager : Event: ======'carousel_item_highlighted'====== Args={'carousel': 'attract', 'direction': 'forwards', 'item': 'logo'}
2026-03-01 11:27:02,044 : INFO : Timer.attract_carousel_timer : Starting Timer.
2026-03-01 11:27:02,044 : INFO : EventManager : Event: ======'timer_attract_carousel_timer_started'====== Args={'ticks': 0, 'ticks_remaining': 1}
2026-03-01 11:27:02,044 : INFO : EventManager : Event: ======'timer_attract_carousel_timer_tick'====== Args={'ticks': 0, 'ticks_remaining': 1}
2026-03-01 11:27:07,044 : INFO : Timer.attract_carousel_timer : Timer Complete
2026-03-01 11:27:07,045 : INFO : Timer.attract_carousel_timer : Stopping Timer
2026-03-01 11:27:07,045 : INFO : EventManager : Event: ======'timer_attract_carousel_timer_stopped'====== Args={'ticks': 1, 'ticks_remaining': 1}
2026-03-01 11:27:07,045 : INFO : EventManager : Event: ======'timer_attract_carousel_timer_complete'====== Args={'ticks': 1, 'ticks_remaining': 1}
2026-03-01 11:27:07,045 : INFO : EventManager : Event: ======'carousel_item_highlighted'====== Args={'carousel': 'attract', 'direction': 'forwards', 'item': 'title'}
2026-03-01 11:27:07,045 : INFO : Timer.attract_carousel_timer : Starting Timer.
2026-03-01 11:27:07,046 : INFO : EventManager : Event: ======'timer_attract_carousel_timer_started'====== Args={'ticks': 0, 'ticks_remaining': 1}
2026-03-01 11:27:07,046 : INFO : EventManager : Event: ======'timer_attract_carousel_timer_tick'====== Args={'ticks': 0, 'ticks_remaining': 1}
2026-03-01 11:27:12,046 : INFO : Timer.attract_carousel_timer : Timer Complete
2026-03-01 11:27:12,046 : INFO : Timer.attract_carousel_timer : Stopping Timer
2026-03-01 11:27:12,046 : INFO : EventManager : Event: ======'timer_attract_carousel_timer_stopped'====== Args={'ticks': 1, 'ticks_remaining': 1}
2026-03-01 11:27:12,046 : INFO : EventManager : Event: ======'timer_attract_carousel_timer_complete'====== Args={'ticks': 1, 'ticks_remaining': 1}
2026-03-01 11:27:12,046 : INFO : EventManager : Event: ======'carousel_item_highlighted'====== Args={'carousel': 'attract', 'direction': 'forwards', 'item': 'credits'}
2026-03-01 11:27:12,047 : INFO : Timer.attract_carousel_timer : Starting Timer.
2026-03-01 11:27:12,047 : INFO : EventManager : Event: ======'timer_attract_carousel_timer_started'====== Args={'ticks': 0, 'ticks_remaining': 1}
2026-03-01 11:27:12,047 : INFO : EventManager : Event: ======'timer_attract_carousel_timer_tick'====== Args={'ticks': 0, 'ticks_remaining': 1}
2026-03-01 11:27:17,047 : INFO : Timer.attract_carousel_timer : Timer Complete
2026-03-01 11:27:17,047 : INFO : Timer.attract_carousel_timer : Stopping Timer
2026-03-01 11:27:17,048 : INFO : EventManager : Event: ======'timer_attract_carousel_timer_stopped'====== Args={'ticks': 1, 'ticks_remaining': 1}
2026-03-01 11:27:17,048 : INFO : EventManager : Event: ======'timer_attract_carousel_timer_complete'====== Args={'ticks': 1, 'ticks_remaining': 1}
2026-03-01 11:27:17,048 : INFO : EventManager : Event: ======'carousel_item_highlighted'====== Args={'carousel': 'attract', 'direction': 'forwards', 'item': 'logo'}
2026-03-01 11:27:17,048 : INFO : Timer.attract_carousel_timer : Starting Timer.
2026-03-01 11:27:17,049 : INFO : EventManager : Event: ======'timer_attract_carousel_timer_started'====== Args={'ticks': 0, 'ticks_remaining': 1}
2026-03-01 11:27:17,049 : INFO : EventManager : Event: ======'timer_attract_carousel_timer_tick'====== Args={'ticks': 0, 'ticks_remaining': 1}
2026-03-01 11:27:22,049 : INFO : Timer.attract_carousel_timer : Timer Complete
2026-03-01 11:27:22,050 : INFO : Timer.attract_carousel_timer : Stopping Timer
2026-03-01 11:27:22,050 : INFO : EventManager : Event: ======'timer_attract_carousel_timer_stopped'====== Args={'ticks': 1, 'ticks_remaining': 1}
2026-03-01 11:27:22,050 : INFO : EventManager : Event: ======'timer_attract_carousel_timer_complete'====== Args={'ticks': 1, 'ticks_remaining': 1}
2026-03-01 11:27:22,050 : INFO : EventManager : Event: ======'carousel_item_highlighted'====== Args={'carousel': 'attract', 'direction': 'forwards', 'item': 'title'}
2026-03-01 11:27:22,051 : INFO : Timer.attract_carousel_timer : Starting Timer.
2026-03-01 11:27:22,051 : INFO : EventManager : Event: ======'timer_attract_carousel_timer_started'====== Args={'ticks': 0, 'ticks_remaining': 1}
2026-03-01 11:27:22,051 : INFO : EventManager : Event: ======'timer_attract_carousel_timer_tick'====== Args={'ticks': 0, 'ticks_remaining': 1}
2026-03-01 11:27:27,052 : INFO : Timer.attract_carousel_timer : Timer Complete
2026-03-01 11:27:27,052 : INFO : Timer.attract_carousel_timer : Stopping Timer
2026-03-01 11:27:27,052 : INFO : EventManager : Event: ======'timer_attract_carousel_timer_stopped'====== Args={'ticks': 1, 'ticks_remaining': 1}
2026-03-01 11:27:27,052 : INFO : EventManager : Event: ======'timer_attract_carousel_timer_complete'====== Args={'ticks': 1, 'ticks_remaining': 1}
2026-03-01 11:27:27,052 : INFO : EventManager : Event: ======'carousel_item_highlighted'====== Args={'carousel': 'attract', 'direction': 'forwards', 'item': 'credits'}
2026-03-01 11:27:27,053 : INFO : Timer.attract_carousel_timer : Starting Timer.
2026-03-01 11:27:27,053 : INFO : EventManager : Event: ======'timer_attract_carousel_timer_started'====== Args={'ticks': 0, 'ticks_remaining': 1}
2026-03-01 11:27:27,053 : INFO : EventManager : Event: ======'timer_attract_carousel_timer_tick'====== Args={'ticks': 0, 'ticks_remaining': 1}
2026-03-01 11:27:30,090 : INFO : SwitchController : <<<<<<< 's_flipper_left' active >>>>>>>
2026-03-01 11:27:30,090 : INFO : EventManager : Event: ======'s_flipper_left_active'====== Args={}
2026-03-01 11:27:30,090 : INFO : EventManager : Event: ======'carousel_item_highlighted'====== Args={'carousel': 'attract', 'direction': 'backwards', 'item': 'title'}
2026-03-01 11:27:30,091 : INFO : EventManager : Event: ======'timer_attract_carousel_timer_tick'====== Args={'ticks': 0, 'ticks_remaining': 1}
2026-03-01 11:27:30,114 : INFO : SwitchController : <<<<<<< 's_flipper_left_eos' inactive >>>>>>>
2026-03-01 11:27:30,233 : INFO : SwitchController : <<<<<<< 's_flipper_left' inactive >>>>>>>
2026-03-01 11:27:30,325 : INFO : SwitchController : <<<<<<< 's_flipper_left_eos' active >>>>>>>
2026-03-01 11:27:30,536 : INFO : SwitchController : <<<<<<< 's_flipper_left' active >>>>>>>
2026-03-01 11:27:30,536 : INFO : EventManager : Event: ======'s_flipper_left_active'====== Args={}
2026-03-01 11:27:30,537 : INFO : EventManager : Event: ======'carousel_item_highlighted'====== Args={'carousel': 'attract', 'direction': 'backwards', 'item': 'logo'}
2026-03-01 11:27:30,537 : INFO : EventManager : Event: ======'timer_attract_carousel_timer_tick'====== Args={'ticks': 0, 'ticks_remaining': 1}
2026-03-01 11:27:30,561 : INFO : SwitchController : <<<<<<< 's_flipper_left_eos' inactive >>>>>>>
2026-03-01 11:27:30,674 : INFO : SwitchController : <<<<<<< 's_flipper_left' inactive >>>>>>>
2026-03-01 11:27:30,765 : INFO : SwitchController : <<<<<<< 's_flipper_left_eos' active >>>>>>>
2026-03-01 11:27:30,970 : INFO : SwitchController : <<<<<<< 's_flipper_left' active >>>>>>>
2026-03-01 11:27:30,970 : INFO : EventManager : Event: ======'s_flipper_left_active'====== Args={}
2026-03-01 11:27:30,971 : INFO : EventManager : Event: ======'carousel_item_highlighted'====== Args={'carousel': 'attract', 'direction': 'backwards', 'item': 'credits'}
2026-03-01 11:27:30,971 : INFO : EventManager : Event: ======'timer_attract_carousel_timer_tick'====== Args={'ticks': 0, 'ticks_remaining': 1}
2026-03-01 11:27:30,994 : INFO : SwitchController : <<<<<<< 's_flipper_left_eos' inactive >>>>>>>
2026-03-01 11:27:31,082 : INFO : SwitchController : <<<<<<< 's_flipper_left' inactive >>>>>>>
2026-03-01 11:27:31,171 : INFO : SwitchController : <<<<<<< 's_flipper_left_eos' active >>>>>>>
2026-03-01 11:27:31,391 : INFO : SwitchController : <<<<<<< 's_flipper_left' active >>>>>>>
2026-03-01 11:27:31,391 : INFO : EventManager : Event: ======'s_flipper_left_active'====== Args={}
2026-03-01 11:27:31,392 : INFO : EventManager : Event: ======'carousel_item_highlighted'====== Args={'carousel': 'attract', 'direction': 'backwards', 'item': 'title'}
2026-03-01 11:27:31,392 : INFO : EventManager : Event: ======'timer_attract_carousel_timer_tick'====== Args={'ticks': 0, 'ticks_remaining': 1}
2026-03-01 11:27:31,413 : INFO : SwitchController : <<<<<<< 's_flipper_left_eos' inactive >>>>>>>
2026-03-01 11:27:31,513 : INFO : SwitchController : <<<<<<< 's_flipper_left' inactive >>>>>>>
2026-03-01 11:27:31,603 : INFO : SwitchController : <<<<<<< 's_flipper_left_eos' active >>>>>>>
2026-03-01 11:27:31,893 : INFO : SwitchController : <<<<<<< 's_flipper_left' active >>>>>>>
2026-03-01 11:27:31,893 : INFO : EventManager : Event: ======'s_flipper_left_active'====== Args={}
2026-03-01 11:27:31,893 : INFO : EventManager : Event: ======'carousel_item_highlighted'====== Args={'carousel': 'attract', 'direction': 'backwards', 'item': 'logo'}
2026-03-01 11:27:31,894 : INFO : EventManager : Event: ======'timer_attract_carousel_timer_tick'====== Args={'ticks': 0, 'ticks_remaining': 1}
2026-03-01 11:27:31,917 : INFO : SwitchController : <<<<<<< 's_flipper_left_eos' inactive >>>>>>>
2026-03-01 11:27:31,931 : INFO : SwitchController : <<<<<<< 's_flipper_left' inactive >>>>>>>
2026-03-01 11:27:32,019 : INFO : SwitchController : <<<<<<< 's_flipper_left_eos' active >>>>>>>
2026-03-01 11:27:36,894 : INFO : Timer.attract_carousel_timer : Timer Complete
2026-03-01 11:27:36,894 : INFO : Timer.attract_carousel_timer : Stopping Timer
2026-03-01 11:27:36,894 : INFO : EventManager : Event: ======'timer_attract_carousel_timer_stopped'====== Args={'ticks': 1, 'ticks_remaining': 1}
2026-03-01 11:27:36,894 : INFO : EventManager : Event: ======'timer_attract_carousel_timer_complete'====== Args={'ticks': 1, 'ticks_remaining': 1}
2026-03-01 11:27:36,894 : INFO : EventManager : Event: ======'carousel_item_highlighted'====== Args={'carousel': 'attract', 'direction': 'forwards', 'item': 'title'}
2026-03-01 11:27:36,895 : INFO : Timer.attract_carousel_timer : Starting Timer.
2026-03-01 11:27:36,895 : INFO : EventManager : Event: ======'timer_attract_carousel_timer_started'====== Args={'ticks': 0, 'ticks_remaining': 1}
2026-03-01 11:27:36,895 : INFO : EventManager : Event: ======'timer_attract_carousel_timer_tick'====== Args={'ticks': 0, 'ticks_remaining': 1}
2026-03-01 11:27:41,895 : INFO : Timer.attract_carousel_timer : Timer Complete
2026-03-01 11:27:41,896 : INFO : Timer.attract_carousel_timer : Stopping Timer
2026-03-01 11:27:41,896 : INFO : EventManager : Event: ======'timer_attract_carousel_timer_stopped'====== Args={'ticks': 1, 'ticks_remaining': 1}
2026-03-01 11:27:41,896 : INFO : EventManager : Event: ======'timer_attract_carousel_timer_complete'====== Args={'ticks': 1, 'ticks_remaining': 1}
2026-03-01 11:27:41,896 : INFO : EventManager : Event: ======'carousel_item_highlighted'====== Args={'carousel': 'attract', 'direction': 'forwards', 'item': 'credits'}
2026-03-01 11:27:41,896 : INFO : Timer.attract_carousel_timer : Starting Timer.
2026-03-01 11:27:41,897 : INFO : EventManager : Event: ======'timer_attract_carousel_timer_started'====== Args={'ticks': 0, 'ticks_remaining': 1}
2026-03-01 11:27:41,897 : INFO : EventManager : Event: ======'timer_attract_carousel_timer_tick'====== Args={'ticks': 0, 'ticks_remaining': 1}
2026-03-01 11:27:46,897 : INFO : Timer.attract_carousel_timer : Timer Complete
2026-03-01 11:27:46,897 : INFO : Timer.attract_carousel_timer : Stopping Timer
2026-03-01 11:27:46,897 : INFO : EventManager : Event: ======'timer_attract_carousel_timer_stopped'====== Args={'ticks': 1, 'ticks_remaining': 1}
2026-03-01 11:27:46,897 : INFO : EventManager : Event: ======'timer_attract_carousel_timer_complete'====== Args={'ticks': 1, 'ticks_remaining': 1}
2026-03-01 11:27:46,897 : INFO : EventManager : Event: ======'carousel_item_highlighted'====== Args={'carousel': 'attract', 'direction': 'forwards', 'item': 'logo'}
2026-03-01 11:27:46,898 : INFO : Timer.attract_carousel_timer : Starting Timer.
2026-03-01 11:27:46,898 : INFO : EventManager : Event: ======'timer_attract_carousel_timer_started'====== Args={'ticks': 0, 'ticks_remaining': 1}
2026-03-01 11:27:46,898 : INFO : EventManager : Event: ======'timer_attract_carousel_timer_tick'====== Args={'ticks': 0, 'ticks_remaining': 1}
2026-03-01 11:27:51,899 : INFO : Timer.attract_carousel_timer : Timer Complete
2026-03-01 11:27:51,899 : INFO : Timer.attract_carousel_timer : Stopping Timer
2026-03-01 11:27:51,899 : INFO : EventManager : Event: ======'timer_attract_carousel_timer_stopped'====== Args={'ticks': 1, 'ticks_remaining': 1}
2026-03-01 11:27:51,899 : INFO : EventManager : Event: ======'timer_attract_carousel_timer_complete'====== Args={'ticks': 1, 'ticks_remaining': 1}
2026-03-01 11:27:51,899 : INFO : EventManager : Event: ======'carousel_item_highlighted'====== Args={'carousel': 'attract', 'direction': 'forwards', 'item': 'title'}
2026-03-01 11:27:51,900 : INFO : Timer.attract_carousel_timer : Starting Timer.
2026-03-01 11:27:51,900 : INFO : EventManager : Event: ======'timer_attract_carousel_timer_started'====== Args={'ticks': 0, 'ticks_remaining': 1}
2026-03-01 11:27:51,900 : INFO : EventManager : Event: ======'timer_attract_carousel_timer_tick'====== Args={'ticks': 0, 'ticks_remaining': 1}
2026-03-01 11:27:56,901 : INFO : Timer.attract_carousel_timer : Timer Complete
2026-03-01 11:27:56,901 : INFO : Timer.attract_carousel_timer : Stopping Timer
2026-03-01 11:27:56,901 : INFO : EventManager : Event: ======'timer_attract_carousel_timer_stopped'====== Args={'ticks': 1, 'ticks_remaining': 1}
2026-03-01 11:27:56,901 : INFO : EventManager : Event: ======'timer_attract_carousel_timer_complete'====== Args={'ticks': 1, 'ticks_remaining': 1}
2026-03-01 11:27:56,902 : INFO : EventManager : Event: ======'carousel_item_highlighted'====== Args={'carousel': 'attract', 'direction': 'forwards', 'item': 'credits'}
2026-03-01 11:27:56,902 : INFO : Timer.attract_carousel_timer : Starting Timer.
2026-03-01 11:27:56,902 : INFO : EventManager : Event: ======'timer_attract_carousel_timer_started'====== Args={'ticks': 0, 'ticks_remaining': 1}
2026-03-01 11:27:56,902 : INFO : EventManager : Event: ======'timer_attract_carousel_timer_tick'====== Args={'ticks': 0, 'ticks_remaining': 1}
2026-03-01 11:27:57,854 : INFO : SwitchController : <<<<<<< 's_flipper_right_upper' active >>>>>>>
2026-03-01 11:27:57,857 : INFO : SwitchController : <<<<<<< 's_flipper_right_lower' active >>>>>>>
2026-03-01 11:27:57,857 : INFO : EventManager : Event: ======'s_flipper_right_lower_active'====== Args={}
2026-03-01 11:27:57,857 : INFO : EventManager : Event: ======'carousel_item_highlighted'====== Args={'carousel': 'attract', 'direction': 'forwards', 'item': 'logo'}
2026-03-01 11:27:57,857 : INFO : EventManager : Event: ======'timer_attract_carousel_timer_tick'====== Args={'ticks': 0, 'ticks_remaining': 1}
2026-03-01 11:27:57,859 : INFO : SwitchController : <<<<<<< 's_flipper_right_lower' inactive >>>>>>>
2026-03-01 11:27:57,877 : INFO : SwitchController : <<<<<<< 's_flipper_right_upper_eos' active >>>>>>>
2026-03-01 11:27:57,884 : INFO : SwitchController : <<<<<<< 's_flipper_right_lower' active >>>>>>>
2026-03-01 11:27:57,884 : INFO : EventManager : Event: ======'s_flipper_right_lower_active'====== Args={}
2026-03-01 11:27:57,884 : INFO : EventManager : Event: ======'carousel_item_highlighted'====== Args={'carousel': 'attract', 'direction': 'forwards', 'item': 'title'}
2026-03-01 11:27:57,885 : INFO : EventManager : Event: ======'timer_attract_carousel_timer_tick'====== Args={'ticks': 0, 'ticks_remaining': 1}
2026-03-01 11:27:57,910 : INFO : SwitchController : <<<<<<< 's_flipper_right_lower_eos' inactive >>>>>>>
2026-03-01 11:27:57,967 : INFO : SwitchController : <<<<<<< 's_flipper_right_lower' inactive >>>>>>>
2026-03-01 11:27:57,981 : INFO : SwitchController : <<<<<<< 's_flipper_right_upper' inactive >>>>>>>
2026-03-01 11:27:58,063 : INFO : SwitchController : <<<<<<< 's_flipper_right_lower_eos' active >>>>>>>
2026-03-01 11:27:58,082 : INFO : SwitchController : <<<<<<< 's_flipper_right_upper_eos' inactive >>>>>>>
2026-03-01 11:27:58,187 : INFO : SwitchController : <<<<<<< 's_flipper_right_upper' active >>>>>>>
2026-03-01 11:27:58,190 : INFO : SwitchController : <<<<<<< 's_flipper_right_lower' active >>>>>>>
2026-03-01 11:27:58,190 : INFO : EventManager : Event: ======'s_flipper_right_lower_active'====== Args={}
2026-03-01 11:27:58,190 : INFO : EventManager : Event: ======'carousel_item_highlighted'====== Args={'carousel': 'attract', 'direction': 'forwards', 'item': 'credits'}
2026-03-01 11:27:58,191 : INFO : EventManager : Event: ======'timer_attract_carousel_timer_tick'====== Args={'ticks': 0, 'ticks_remaining': 1}
2026-03-01 11:27:58,210 : INFO : SwitchController : <<<<<<< 's_flipper_right_upper_eos' active >>>>>>>
2026-03-01 11:27:58,216 : INFO : SwitchController : <<<<<<< 's_flipper_right_lower_eos' inactive >>>>>>>
2026-03-01 11:27:58,272 : INFO : SwitchController : <<<<<<< 's_flipper_right_lower' inactive >>>>>>>
2026-03-01 11:27:58,281 : INFO : SwitchController : <<<<<<< 's_flipper_right_upper' inactive >>>>>>>
2026-03-01 11:27:58,365 : INFO : SwitchController : <<<<<<< 's_flipper_right_lower_eos' active >>>>>>>
2026-03-01 11:27:58,386 : INFO : SwitchController : <<<<<<< 's_flipper_right_upper_eos' inactive >>>>>>>
2026-03-01 11:27:58,503 : INFO : SwitchController : <<<<<<< 's_flipper_right_upper' active >>>>>>>
2026-03-01 11:27:58,505 : INFO : SwitchController : <<<<<<< 's_flipper_right_lower' active >>>>>>>
2026-03-01 11:27:58,505 : INFO : EventManager : Event: ======'s_flipper_right_lower_active'====== Args={}
2026-03-01 11:27:58,505 : INFO : EventManager : Event: ======'carousel_item_highlighted'====== Args={'carousel': 'attract', 'direction': 'forwards', 'item': 'logo'}
2026-03-01 11:27:58,506 : INFO : EventManager : Event: ======'timer_attract_carousel_timer_tick'====== Args={'ticks': 0, 'ticks_remaining': 1}
2026-03-01 11:27:58,527 : INFO : SwitchController : <<<<<<< 's_flipper_right_upper_eos' active >>>>>>>
2026-03-01 11:27:58,532 : INFO : SwitchController : <<<<<<< 's_flipper_right_lower_eos' inactive >>>>>>>
2026-03-01 11:27:58,595 : INFO : SwitchController : <<<<<<< 's_flipper_right_lower' inactive >>>>>>>
2026-03-01 11:27:58,603 : INFO : SwitchController : <<<<<<< 's_flipper_right_upper' inactive >>>>>>>
2026-03-01 11:27:58,690 : INFO : SwitchController : <<<<<<< 's_flipper_right_lower_eos' active >>>>>>>
2026-03-01 11:27:58,710 : INFO : SwitchController : <<<<<<< 's_flipper_right_upper_eos' inactive >>>>>>>
2026-03-01 11:28:03,507 : INFO : Timer.attract_carousel_timer : Timer Complete
2026-03-01 11:28:03,507 : INFO : Timer.attract_carousel_timer : Stopping Timer
2026-03-01 11:28:03,507 : INFO : EventManager : Event: ======'timer_attract_carousel_timer_stopped'====== Args={'ticks': 1, 'ticks_remaining': 1}
2026-03-01 11:28:03,507 : INFO : EventManager : Event: ======'timer_attract_carousel_timer_complete'====== Args={'ticks': 1, 'ticks_remaining': 1}
2026-03-01 11:28:03,508 : INFO : EventManager : Event: ======'carousel_item_highlighted'====== Args={'carousel': 'attract', 'direction': 'forwards', 'item': 'title'}
2026-03-01 11:28:03,508 : INFO : Timer.attract_carousel_timer : Starting Timer.
2026-03-01 11:28:03,508 : INFO : EventManager : Event: ======'timer_attract_carousel_timer_started'====== Args={'ticks': 0, 'ticks_remaining': 1}
2026-03-01 11:28:03,508 : INFO : EventManager : Event: ======'timer_attract_carousel_timer_tick'====== Args={'ticks': 0, 'ticks_remaining': 1}
2026-03-01 11:28:08,509 : INFO : Timer.attract_carousel_timer : Timer Complete
2026-03-01 11:28:08,509 : INFO : Timer.attract_carousel_timer : Stopping Timer
2026-03-01 11:28:08,509 : INFO : EventManager : Event: ======'timer_attract_carousel_timer_stopped'====== Args={'ticks': 1, 'ticks_remaining': 1}
2026-03-01 11:28:08,509 : INFO : EventManager : Event: ======'timer_attract_carousel_timer_complete'====== Args={'ticks': 1, 'ticks_remaining': 1}
2026-03-01 11:28:08,510 : INFO : EventManager : Event: ======'carousel_item_highlighted'====== Args={'carousel': 'attract', 'direction': 'forwards', 'item': 'credits'}
2026-03-01 11:28:08,510 : INFO : Timer.attract_carousel_timer : Starting Timer.
2026-03-01 11:28:08,510 : INFO : EventManager : Event: ======'timer_attract_carousel_timer_started'====== Args={'ticks': 0, 'ticks_remaining': 1}
2026-03-01 11:28:08,510 : INFO : EventManager : Event: ======'timer_attract_carousel_timer_tick'====== Args={'ticks': 0, 'ticks_remaining': 1}
2026-03-01 11:28:13,510 : INFO : Timer.attract_carousel_timer : Timer Complete
2026-03-01 11:28:13,510 : INFO : Timer.attract_carousel_timer : Stopping Timer
2026-03-01 11:28:13,511 : INFO : EventManager : Event: ======'timer_attract_carousel_timer_stopped'====== Args={'ticks': 1, 'ticks_remaining': 1}
2026-03-01 11:28:13,511 : INFO : EventManager : Event: ======'timer_attract_carousel_timer_complete'====== Args={'ticks': 1, 'ticks_remaining': 1}
2026-03-01 11:28:13,511 : INFO : EventManager : Event: ======'carousel_item_highlighted'====== Args={'carousel': 'attract', 'direction': 'forwards', 'item': 'logo'}
2026-03-01 11:28:13,512 : INFO : Timer.attract_carousel_timer : Starting Timer.
2026-03-01 11:28:13,512 : INFO : EventManager : Event: ======'timer_attract_carousel_timer_started'====== Args={'ticks': 0, 'ticks_remaining': 1}
2026-03-01 11:28:13,512 : INFO : EventManager : Event: ======'timer_attract_carousel_timer_tick'====== Args={'ticks': 0, 'ticks_remaining': 1}
2026-03-01 11:28:18,512 : INFO : Timer.attract_carousel_timer : Timer Complete
2026-03-01 11:28:18,512 : INFO : Timer.attract_carousel_timer : Stopping Timer
2026-03-01 11:28:18,512 : INFO : EventManager : Event: ======'timer_attract_carousel_timer_stopped'====== Args={'ticks': 1, 'ticks_remaining': 1}
2026-03-01 11:28:18,512 : INFO : EventManager : Event: ======'timer_attract_carousel_timer_complete'====== Args={'ticks': 1, 'ticks_remaining': 1}
2026-03-01 11:28:18,513 : INFO : EventManager : Event: ======'carousel_item_highlighted'====== Args={'carousel': 'attract', 'direction': 'forwards', 'item': 'title'}
2026-03-01 11:28:18,513 : INFO : Timer.attract_carousel_timer : Starting Timer.
2026-03-01 11:28:18,513 : INFO : EventManager : Event: ======'timer_attract_carousel_timer_started'====== Args={'ticks': 0, 'ticks_remaining': 1}
2026-03-01 11:28:18,513 : INFO : EventManager : Event: ======'timer_attract_carousel_timer_tick'====== Args={'ticks': 0, 'ticks_remaining': 1}
2026-03-01 11:28:23,514 : INFO : Timer.attract_carousel_timer : Timer Complete
2026-03-01 11:28:23,514 : INFO : Timer.attract_carousel_timer : Stopping Timer
2026-03-01 11:28:23,514 : INFO : EventManager : Event: ======'timer_attract_carousel_timer_stopped'====== Args={'ticks': 1, 'ticks_remaining': 1}
2026-03-01 11:28:23,514 : INFO : EventManager : Event: ======'timer_attract_carousel_timer_complete'====== Args={'ticks': 1, 'ticks_remaining': 1}
2026-03-01 11:28:23,514 : INFO : EventManager : Event: ======'carousel_item_highlighted'====== Args={'carousel': 'attract', 'direction': 'forwards', 'item': 'credits'}
2026-03-01 11:28:23,515 : INFO : Timer.attract_carousel_timer : Starting Timer.
2026-03-01 11:28:23,515 : INFO : EventManager : Event: ======'timer_attract_carousel_timer_started'====== Args={'ticks': 0, 'ticks_remaining': 1}
2026-03-01 11:28:23,515 : INFO : EventManager : Event: ======'timer_attract_carousel_timer_tick'====== Args={'ticks': 0, 'ticks_remaining': 1}
2026-03-01 11:28:28,515 : INFO : Timer.attract_carousel_timer : Timer Complete
2026-03-01 11:28:28,515 : INFO : Timer.attract_carousel_timer : Stopping Timer
2026-03-01 11:28:28,515 : INFO : EventManager : Event: ======'timer_attract_carousel_timer_stopped'====== Args={'ticks': 1, 'ticks_remaining': 1}
2026-03-01 11:28:28,515 : INFO : EventManager : Event: ======'timer_attract_carousel_timer_complete'====== Args={'ticks': 1, 'ticks_remaining': 1}
2026-03-01 11:28:28,516 : INFO : EventManager : Event: ======'carousel_item_highlighted'====== Args={'carousel': 'attract', 'direction': 'forwards', 'item': 'logo'}
2026-03-01 11:28:28,516 : INFO : Timer.attract_carousel_timer : Starting Timer.
2026-03-01 11:28:28,516 : INFO : EventManager : Event: ======'timer_attract_carousel_timer_started'====== Args={'ticks': 0, 'ticks_remaining': 1}
2026-03-01 11:28:28,516 : INFO : EventManager : Event: ======'timer_attract_carousel_timer_tick'====== Args={'ticks': 0, 'ticks_remaining': 1}
2026-03-01 11:28:33,517 : INFO : Timer.attract_carousel_timer : Timer Complete
2026-03-01 11:28:33,517 : INFO : Timer.attract_carousel_timer : Stopping Timer
2026-03-01 11:28:33,517 : INFO : EventManager : Event: ======'timer_attract_carousel_timer_stopped'====== Args={'ticks': 1, 'ticks_remaining': 1}
2026-03-01 11:28:33,517 : INFO : EventManager : Event: ======'timer_attract_carousel_timer_complete'====== Args={'ticks': 1, 'ticks_remaining': 1}
2026-03-01 11:28:33,518 : INFO : EventManager : Event: ======'carousel_item_highlighted'====== Args={'carousel': 'attract', 'direction': 'forwards', 'item': 'title'}
2026-03-01 11:28:33,518 : INFO : Timer.attract_carousel_timer : Starting Timer.
2026-03-01 11:28:33,518 : INFO : EventManager : Event: ======'timer_attract_carousel_timer_started'====== Args={'ticks': 0, 'ticks_remaining': 1}
2026-03-01 11:28:33,518 : INFO : EventManager : Event: ======'timer_attract_carousel_timer_tick'====== Args={'ticks': 0, 'ticks_remaining': 1}
2026-03-01 11:28:38,519 : INFO : Timer.attract_carousel_timer : Timer Complete
2026-03-01 11:28:38,519 : INFO : Timer.attract_carousel_timer : Stopping Timer
2026-03-01 11:28:38,519 : INFO : EventManager : Event: ======'timer_attract_carousel_timer_stopped'====== Args={'ticks': 1, 'ticks_remaining': 1}
2026-03-01 11:28:38,519 : INFO : EventManager : Event: ======'timer_attract_carousel_timer_complete'====== Args={'ticks': 1, 'ticks_remaining': 1}
2026-03-01 11:28:38,520 : INFO : EventManager : Event: ======'carousel_item_highlighted'====== Args={'carousel': 'attract', 'direction': 'forwards', 'item': 'credits'}
2026-03-01 11:28:38,520 : INFO : Timer.attract_carousel_timer : Starting Timer.
2026-03-01 11:28:38,521 : INFO : EventManager : Event: ======'timer_attract_carousel_timer_started'====== Args={'ticks': 0, 'ticks_remaining': 1}
2026-03-01 11:28:38,521 : INFO : EventManager : Event: ======'timer_attract_carousel_timer_tick'====== Args={'ticks': 0, 'ticks_remaining': 1}
2026-03-01 11:28:43,521 : INFO : Timer.attract_carousel_timer : Timer Complete
2026-03-01 11:28:43,521 : INFO : Timer.attract_carousel_timer : Stopping Timer
2026-03-01 11:28:43,521 : INFO : EventManager : Event: ======'timer_attract_carousel_timer_stopped'====== Args={'ticks': 1, 'ticks_remaining': 1}
2026-03-01 11:28:43,521 : INFO : EventManager : Event: ======'timer_attract_carousel_timer_complete'====== Args={'ticks': 1, 'ticks_remaining': 1}
2026-03-01 11:28:43,521 : INFO : EventManager : Event: ======'carousel_item_highlighted'====== Args={'carousel': 'attract', 'direction': 'forwards', 'item': 'logo'}
2026-03-01 11:28:43,522 : INFO : Timer.attract_carousel_timer : Starting Timer.
2026-03-01 11:28:43,522 : INFO : EventManager : Event: ======'timer_attract_carousel_timer_started'====== Args={'ticks': 0, 'ticks_remaining': 1}
2026-03-01 11:28:43,522 : INFO : EventManager : Event: ======'timer_attract_carousel_timer_tick'====== Args={'ticks': 0, 'ticks_remaining': 1}
2026-03-01 11:28:48,522 : INFO : Timer.attract_carousel_timer : Timer Complete
2026-03-01 11:28:48,522 : INFO : Timer.attract_carousel_timer : Stopping Timer
2026-03-01 11:28:48,522 : INFO : EventManager : Event: ======'timer_attract_carousel_timer_stopped'====== Args={'ticks': 1, 'ticks_remaining': 1}
2026-03-01 11:28:48,522 : INFO : EventManager : Event: ======'timer_attract_carousel_timer_complete'====== Args={'ticks': 1, 'ticks_remaining': 1}
2026-03-01 11:28:48,523 : INFO : EventManager : Event: ======'carousel_item_highlighted'====== Args={'carousel': 'attract', 'direction': 'forwards', 'item': 'title'}
2026-03-01 11:28:48,523 : INFO : Timer.attract_carousel_timer : Starting Timer.
2026-03-01 11:28:48,523 : INFO : EventManager : Event: ======'timer_attract_carousel_timer_started'====== Args={'ticks': 0, 'ticks_remaining': 1}
2026-03-01 11:28:48,523 : INFO : EventManager : Event: ======'timer_attract_carousel_timer_tick'====== Args={'ticks': 0, 'ticks_remaining': 1}
2026-03-01 11:28:53,524 : INFO : Timer.attract_carousel_timer : Timer Complete
2026-03-01 11:28:53,524 : INFO : Timer.attract_carousel_timer : Stopping Timer
2026-03-01 11:28:53,524 : INFO : EventManager : Event: ======'timer_attract_carousel_timer_stopped'====== Args={'ticks': 1, 'ticks_remaining': 1}
2026-03-01 11:28:53,524 : INFO : EventManager : Event: ======'timer_attract_carousel_timer_complete'====== Args={'ticks': 1, 'ticks_remaining': 1}
2026-03-01 11:28:53,525 : INFO : EventManager : Event: ======'carousel_item_highlighted'====== Args={'carousel': 'attract', 'direction': 'forwards', 'item': 'credits'}
2026-03-01 11:28:53,525 : INFO : Timer.attract_carousel_timer : Starting Timer.
2026-03-01 11:28:53,525 : INFO : EventManager : Event: ======'timer_attract_carousel_timer_started'====== Args={'ticks': 0, 'ticks_remaining': 1}
2026-03-01 11:28:53,525 : INFO : EventManager : Event: ======'timer_attract_carousel_timer_tick'====== Args={'ticks': 0, 'ticks_remaining': 1}
2026-03-01 11:28:56,930 : INFO : SwitchController : <<<<<<< 's_flipper_left' active >>>>>>>
2026-03-01 11:28:56,930 : INFO : EventManager : Event: ======'s_flipper_left_active'====== Args={}
2026-03-01 11:28:56,930 : INFO : EventManager : Event: ======'carousel_item_highlighted'====== Args={'carousel': 'attract', 'direction': 'backwards', 'item': 'title'}
2026-03-01 11:28:56,931 : INFO : EventManager : Event: ======'timer_attract_carousel_timer_tick'====== Args={'ticks': 0, 'ticks_remaining': 1}
2026-03-01 11:28:56,954 : INFO : SwitchController : <<<<<<< 's_flipper_left_eos' inactive >>>>>>>
2026-03-01 11:28:57,074 : INFO : SwitchController : <<<<<<< 's_flipper_left' inactive >>>>>>>
2026-03-01 11:28:57,162 : INFO : SwitchController : <<<<<<< 's_flipper_left_eos' active >>>>>>>
2026-03-01 11:28:57,391 : INFO : SwitchController : <<<<<<< 's_flipper_left' active >>>>>>>
2026-03-01 11:28:57,391 : INFO : EventManager : Event: ======'s_flipper_left_active'====== Args={}
2026-03-01 11:28:57,392 : INFO : EventManager : Event: ======'carousel_item_highlighted'====== Args={'carousel': 'attract', 'direction': 'backwards', 'item': 'logo'}
2026-03-01 11:28:57,392 : INFO : EventManager : Event: ======'timer_attract_carousel_timer_tick'====== Args={'ticks': 0, 'ticks_remaining': 1}
2026-03-01 11:28:57,414 : INFO : SwitchController : <<<<<<< 's_flipper_left_eos' inactive >>>>>>>
2026-03-01 11:28:57,508 : INFO : SwitchController : <<<<<<< 's_flipper_left' inactive >>>>>>>
2026-03-01 11:28:57,599 : INFO : SwitchController : <<<<<<< 's_flipper_left_eos' active >>>>>>>
2026-03-01 11:28:57,758 : INFO : SwitchController : <<<<<<< 's_flipper_left' active >>>>>>>
2026-03-01 11:28:57,758 : INFO : EventManager : Event: ======'s_flipper_left_active'====== Args={}
2026-03-01 11:28:57,759 : INFO : EventManager : Event: ======'carousel_item_highlighted'====== Args={'carousel': 'attract', 'direction': 'backwards', 'item': 'credits'}
2026-03-01 11:28:57,759 : INFO : EventManager : Event: ======'timer_attract_carousel_timer_tick'====== Args={'ticks': 0, 'ticks_remaining': 1}
2026-03-01 11:28:57,783 : INFO : SwitchController : <<<<<<< 's_flipper_left_eos' inactive >>>>>>>
2026-03-01 11:28:57,876 : INFO : SwitchController : <<<<<<< 's_flipper_left' inactive >>>>>>>
2026-03-01 11:28:57,965 : INFO : SwitchController : <<<<<<< 's_flipper_left_eos' active >>>>>>>
2026-03-01 11:28:58,070 : INFO : SwitchController : <<<<<<< 's_flipper_left' active >>>>>>>
2026-03-01 11:28:58,070 : INFO : EventManager : Event: ======'s_flipper_left_active'====== Args={}
2026-03-01 11:28:58,070 : INFO : EventManager : Event: ======'carousel_item_highlighted'====== Args={'carousel': 'attract', 'direction': 'backwards', 'item': 'title'}
2026-03-01 11:28:58,071 : INFO : EventManager : Event: ======'timer_attract_carousel_timer_tick'====== Args={'ticks': 0, 'ticks_remaining': 1}
2026-03-01 11:28:58,094 : INFO : SwitchController : <<<<<<< 's_flipper_left_eos' inactive >>>>>>>
2026-03-01 11:28:58,157 : INFO : SwitchController : <<<<<<< 's_flipper_left' inactive >>>>>>>
2026-03-01 11:28:58,247 : INFO : SwitchController : <<<<<<< 's_flipper_left_eos' active >>>>>>>
2026-03-01 11:28:58,327 : INFO : SwitchController : <<<<<<< 's_flipper_left' active >>>>>>>
2026-03-01 11:28:58,327 : INFO : EventManager : Event: ======'s_flipper_left_active'====== Args={}
2026-03-01 11:28:58,328 : INFO : EventManager : Event: ======'carousel_item_highlighted'====== Args={'carousel': 'attract', 'direction': 'backwards', 'item': 'logo'}
2026-03-01 11:28:58,328 : INFO : EventManager : Event: ======'timer_attract_carousel_timer_tick'====== Args={'ticks': 0, 'ticks_remaining': 1}
2026-03-01 11:28:58,349 : INFO : SwitchController : <<<<<<< 's_flipper_left_eos' inactive >>>>>>>
2026-03-01 11:28:58,416 : INFO : SwitchController : <<<<<<< 's_flipper_left' inactive >>>>>>>
2026-03-01 11:28:58,507 : INFO : SwitchController : <<<<<<< 's_flipper_left_eos' active >>>>>>>
2026-03-01 11:28:59,316 : INFO : SwitchController : <<<<<<< 's_flipper_left' active >>>>>>>
2026-03-01 11:28:59,316 : INFO : EventManager : Event: ======'s_flipper_left_active'====== Args={}
2026-03-01 11:28:59,317 : INFO : EventManager : Event: ======'carousel_item_highlighted'====== Args={'carousel': 'attract', 'direction': 'backwards', 'item': 'credits'}
2026-03-01 11:28:59,317 : INFO : EventManager : Event: ======'timer_attract_carousel_timer_tick'====== Args={'ticks': 0, 'ticks_remaining': 1}
2026-03-01 11:28:59,340 : INFO : SwitchController : <<<<<<< 's_flipper_left_eos' inactive >>>>>>>
2026-03-01 11:28:59,456 : INFO : SwitchController : <<<<<<< 's_flipper_left' inactive >>>>>>>
2026-03-01 11:28:59,545 : INFO : SwitchController : <<<<<<< 's_flipper_left_eos' active >>>>>>>
2026-03-01 11:28:59,644 : INFO : SwitchController : <<<<<<< 's_flipper_left' active >>>>>>>
2026-03-01 11:28:59,644 : INFO : EventManager : Event: ======'s_flipper_left_active'====== Args={}
2026-03-01 11:28:59,644 : INFO : EventManager : Event: ======'carousel_item_highlighted'====== Args={'carousel': 'attract', 'direction': 'backwards', 'item': 'title'}
2026-03-01 11:28:59,644 : INFO : EventManager : Event: ======'timer_attract_carousel_timer_tick'====== Args={'ticks': 0, 'ticks_remaining': 1}
2026-03-01 11:28:59,667 : INFO : SwitchController : <<<<<<< 's_flipper_left_eos' inactive >>>>>>>
2026-03-01 11:28:59,725 : INFO : SwitchController : <<<<<<< 's_flipper_left' inactive >>>>>>>
2026-03-01 11:28:59,816 : INFO : SwitchController : <<<<<<< 's_flipper_left_eos' active >>>>>>>
2026-03-01 11:28:59,918 : INFO : SwitchController : <<<<<<< 's_flipper_left' active >>>>>>>
2026-03-01 11:28:59,918 : INFO : EventManager : Event: ======'s_flipper_left_active'====== Args={}
2026-03-01 11:28:59,919 : INFO : EventManager : Event: ======'carousel_item_highlighted'====== Args={'carousel': 'attract', 'direction': 'backwards', 'item': 'logo'}
2026-03-01 11:28:59,919 : INFO : EventManager : Event: ======'timer_attract_carousel_timer_tick'====== Args={'ticks': 0, 'ticks_remaining': 1}
2026-03-01 11:28:59,941 : INFO : SwitchController : <<<<<<< 's_flipper_left_eos' inactive >>>>>>>
2026-03-01 11:29:00,032 : INFO : SwitchController : <<<<<<< 's_flipper_left' inactive >>>>>>>
2026-03-01 11:29:00,121 : INFO : SwitchController : <<<<<<< 's_flipper_left_eos' active >>>>>>>
2026-03-01 11:29:00,190 : INFO : SwitchController : <<<<<<< 's_flipper_left' active >>>>>>>
2026-03-01 11:29:00,190 : INFO : EventManager : Event: ======'s_flipper_left_active'====== Args={}
2026-03-01 11:29:00,191 : INFO : EventManager : Event: ======'carousel_item_highlighted'====== Args={'carousel': 'attract', 'direction': 'backwards', 'item': 'credits'}
2026-03-01 11:29:00,191 : INFO : EventManager : Event: ======'timer_attract_carousel_timer_tick'====== Args={'ticks': 0, 'ticks_remaining': 1}
2026-03-01 11:29:00,214 : INFO : SwitchController : <<<<<<< 's_flipper_left_eos' inactive >>>>>>>
2026-03-01 11:29:00,297 : INFO : SwitchController : <<<<<<< 's_flipper_left' inactive >>>>>>>
2026-03-01 11:29:00,386 : INFO : SwitchController : <<<<<<< 's_flipper_left_eos' active >>>>>>>
2026-03-01 11:29:00,447 : INFO : SwitchController : <<<<<<< 's_flipper_left' active >>>>>>>
2026-03-01 11:29:00,447 : INFO : EventManager : Event: ======'s_flipper_left_active'====== Args={}
2026-03-01 11:29:00,448 : INFO : EventManager : Event: ======'carousel_item_highlighted'====== Args={'carousel': 'attract', 'direction': 'backwards', 'item': 'title'}
2026-03-01 11:29:00,448 : INFO : EventManager : Event: ======'timer_attract_carousel_timer_tick'====== Args={'ticks': 0, 'ticks_remaining': 1}
2026-03-01 11:29:00,468 : INFO : SwitchController : <<<<<<< 's_flipper_left_eos' inactive >>>>>>>
2026-03-01 11:29:00,563 : INFO : SwitchController : <<<<<<< 's_flipper_left' inactive >>>>>>>
2026-03-01 11:29:00,652 : INFO : SwitchController : <<<<<<< 's_flipper_left_eos' active >>>>>>>
2026-03-01 11:29:00,717 : INFO : SwitchController : <<<<<<< 's_flipper_left' active >>>>>>>
2026-03-01 11:29:00,717 : INFO : EventManager : Event: ======'s_flipper_left_active'====== Args={}
2026-03-01 11:29:00,717 : INFO : EventManager : Event: ======'carousel_item_highlighted'====== Args={'carousel': 'attract', 'direction': 'backwards', 'item': 'logo'}
2026-03-01 11:29:00,718 : INFO : EventManager : Event: ======'timer_attract_carousel_timer_tick'====== Args={'ticks': 0, 'ticks_remaining': 1}
2026-03-01 11:29:00,740 : INFO : SwitchController : <<<<<<< 's_flipper_left_eos' inactive >>>>>>>
2026-03-01 11:29:00,831 : INFO : SwitchController : <<<<<<< 's_flipper_left' inactive >>>>>>>
2026-03-01 11:29:00,920 : INFO : SwitchController : <<<<<<< 's_flipper_left_eos' active >>>>>>>
2026-03-01 11:29:00,980 : INFO : SwitchController : <<<<<<< 's_flipper_left' active >>>>>>>
2026-03-01 11:29:00,980 : INFO : EventManager : Event: ======'s_flipper_left_active'====== Args={}
2026-03-01 11:29:00,980 : INFO : EventManager : Event: ======'carousel_item_highlighted'====== Args={'carousel': 'attract', 'direction': 'backwards', 'item': 'credits'}
2026-03-01 11:29:00,981 : INFO : EventManager : Event: ======'timer_attract_carousel_timer_tick'====== Args={'ticks': 0, 'ticks_remaining': 1}
2026-03-01 11:29:01,001 : INFO : SwitchController : <<<<<<< 's_flipper_left_eos' inactive >>>>>>>
2026-03-01 11:29:01,087 : INFO : SwitchController : <<<<<<< 's_flipper_left' inactive >>>>>>>
2026-03-01 11:29:01,175 : INFO : SwitchController : <<<<<<< 's_flipper_left_eos' active >>>>>>>
2026-03-01 11:29:01,233 : INFO : SwitchController : <<<<<<< 's_flipper_left' active >>>>>>>
2026-03-01 11:29:01,233 : INFO : EventManager : Event: ======'s_flipper_left_active'====== Args={}
2026-03-01 11:29:01,233 : INFO : EventManager : Event: ======'carousel_item_highlighted'====== Args={'carousel': 'attract', 'direction': 'backwards', 'item': 'title'}
2026-03-01 11:29:01,233 : INFO : EventManager : Event: ======'timer_attract_carousel_timer_tick'====== Args={'ticks': 0, 'ticks_remaining': 1}
2026-03-01 11:29:01,255 : INFO : SwitchController : <<<<<<< 's_flipper_left_eos' inactive >>>>>>>
2026-03-01 11:29:01,347 : INFO : SwitchController : <<<<<<< 's_flipper_left' inactive >>>>>>>
2026-03-01 11:29:01,437 : INFO : SwitchController : <<<<<<< 's_flipper_left_eos' active >>>>>>>
2026-03-01 11:29:01,488 : INFO : SwitchController : <<<<<<< 's_flipper_left' active >>>>>>>
2026-03-01 11:29:01,488 : INFO : EventManager : Event: ======'s_flipper_left_active'====== Args={}
2026-03-01 11:29:01,489 : INFO : EventManager : Event: ======'carousel_item_highlighted'====== Args={'carousel': 'attract', 'direction': 'backwards', 'item': 'logo'}
2026-03-01 11:29:01,489 : INFO : EventManager : Event: ======'timer_attract_carousel_timer_tick'====== Args={'ticks': 0, 'ticks_remaining': 1}
2026-03-01 11:29:01,510 : INFO : SwitchController : <<<<<<< 's_flipper_left_eos' inactive >>>>>>>
2026-03-01 11:29:01,596 : INFO : SwitchController : <<<<<<< 's_flipper_left' inactive >>>>>>>
2026-03-01 11:29:01,687 : INFO : SwitchController : <<<<<<< 's_flipper_left_eos' active >>>>>>>
2026-03-01 11:29:01,734 : INFO : SwitchController : <<<<<<< 's_flipper_left' active >>>>>>>
2026-03-01 11:29:01,734 : INFO : EventManager : Event: ======'s_flipper_left_active'====== Args={}
2026-03-01 11:29:01,735 : INFO : EventManager : Event: ======'carousel_item_highlighted'====== Args={'carousel': 'attract', 'direction': 'backwards', 'item': 'credits'}
2026-03-01 11:29:01,735 : INFO : EventManager : Event: ======'timer_attract_carousel_timer_tick'====== Args={'ticks': 0, 'ticks_remaining': 1}
2026-03-01 11:29:01,756 : INFO : SwitchController : <<<<<<< 's_flipper_left_eos' inactive >>>>>>>
2026-03-01 11:29:01,839 : INFO : SwitchController : <<<<<<< 's_flipper_left' inactive >>>>>>>
2026-03-01 11:29:01,928 : INFO : SwitchController : <<<<<<< 's_flipper_left_eos' active >>>>>>>
2026-03-01 11:29:01,985 : INFO : SwitchController : <<<<<<< 's_flipper_left' active >>>>>>>
2026-03-01 11:29:01,986 : INFO : EventManager : Event: ======'s_flipper_left_active'====== Args={}
2026-03-01 11:29:01,986 : INFO : EventManager : Event: ======'carousel_item_highlighted'====== Args={'carousel': 'attract', 'direction': 'backwards', 'item': 'title'}
2026-03-01 11:29:01,986 : INFO : EventManager : Event: ======'timer_attract_carousel_timer_tick'====== Args={'ticks': 0, 'ticks_remaining': 1}
2026-03-01 11:29:02,006 : INFO : SwitchController : <<<<<<< 's_flipper_left_eos' inactive >>>>>>>
2026-03-01 11:29:02,083 : INFO : SwitchController : <<<<<<< 's_flipper_left' inactive >>>>>>>
2026-03-01 11:29:02,173 : INFO : SwitchController : <<<<<<< 's_flipper_left_eos' active >>>>>>>
2026-03-01 11:29:02,268 : INFO : SwitchController : <<<<<<< 's_flipper_left' active >>>>>>>
2026-03-01 11:29:02,268 : INFO : EventManager : Event: ======'s_flipper_left_active'====== Args={}
2026-03-01 11:29:02,268 : INFO : EventManager : Event: ======'carousel_item_highlighted'====== Args={'carousel': 'attract', 'direction': 'backwards', 'item': 'logo'}
2026-03-01 11:29:02,269 : INFO : EventManager : Event: ======'timer_attract_carousel_timer_tick'====== Args={'ticks': 0, 'ticks_remaining': 1}
2026-03-01 11:29:02,292 : INFO : SwitchController : <<<<<<< 's_flipper_left_eos' inactive >>>>>>>
2026-03-01 11:29:02,386 : INFO : SwitchController : <<<<<<< 's_flipper_left' inactive >>>>>>>
2026-03-01 11:29:02,476 : INFO : SwitchController : <<<<<<< 's_flipper_left_eos' active >>>>>>>
2026-03-01 11:29:07,270 : INFO : Timer.attract_carousel_timer : Timer Complete
2026-03-01 11:29:07,270 : INFO : Timer.attract_carousel_timer : Stopping Timer
2026-03-01 11:29:07,270 : INFO : EventManager : Event: ======'timer_attract_carousel_timer_stopped'====== Args={'ticks': 1, 'ticks_remaining': 1}
2026-03-01 11:29:07,270 : INFO : EventManager : Event: ======'timer_attract_carousel_timer_complete'====== Args={'ticks': 1, 'ticks_remaining': 1}
2026-03-01 11:29:07,270 : INFO : EventManager : Event: ======'carousel_item_highlighted'====== Args={'carousel': 'attract', 'direction': 'forwards', 'item': 'title'}
2026-03-01 11:29:07,271 : INFO : Timer.attract_carousel_timer : Starting Timer.
2026-03-01 11:29:07,271 : INFO : EventManager : Event: ======'timer_attract_carousel_timer_started'====== Args={'ticks': 0, 'ticks_remaining': 1}
2026-03-01 11:29:07,271 : INFO : EventManager : Event: ======'timer_attract_carousel_timer_tick'====== Args={'ticks': 0, 'ticks_remaining': 1}
2026-03-01 11:29:12,272 : INFO : Timer.attract_carousel_timer : Timer Complete
2026-03-01 11:29:12,272 : INFO : Timer.attract_carousel_timer : Stopping Timer
2026-03-01 11:29:12,272 : INFO : EventManager : Event: ======'timer_attract_carousel_timer_stopped'====== Args={'ticks': 1, 'ticks_remaining': 1}
2026-03-01 11:29:12,272 : INFO : EventManager : Event: ======'timer_attract_carousel_timer_complete'====== Args={'ticks': 1, 'ticks_remaining': 1}
2026-03-01 11:29:12,273 : INFO : EventManager : Event: ======'carousel_item_highlighted'====== Args={'carousel': 'attract', 'direction': 'forwards', 'item': 'credits'}
2026-03-01 11:29:12,273 : INFO : Timer.attract_carousel_timer : Starting Timer.
2026-03-01 11:29:12,273 : INFO : EventManager : Event: ======'timer_attract_carousel_timer_started'====== Args={'ticks': 0, 'ticks_remaining': 1}
2026-03-01 11:29:12,273 : INFO : EventManager : Event: ======'timer_attract_carousel_timer_tick'====== Args={'ticks': 0, 'ticks_remaining': 1}
2026-03-01 11:29:17,274 : INFO : Timer.attract_carousel_timer : Timer Complete
2026-03-01 11:29:17,274 : INFO : Timer.attract_carousel_timer : Stopping Timer
2026-03-01 11:29:17,274 : INFO : EventManager : Event: ======'timer_attract_carousel_timer_stopped'====== Args={'ticks': 1, 'ticks_remaining': 1}
2026-03-01 11:29:17,275 : INFO : EventManager : Event: ======'timer_attract_carousel_timer_complete'====== Args={'ticks': 1, 'ticks_remaining': 1}
2026-03-01 11:29:17,275 : INFO : EventManager : Event: ======'carousel_item_highlighted'====== Args={'carousel': 'attract', 'direction': 'forwards', 'item': 'logo'}
2026-03-01 11:29:17,275 : INFO : Timer.attract_carousel_timer : Starting Timer.
2026-03-01 11:29:17,275 : INFO : EventManager : Event: ======'timer_attract_carousel_timer_started'====== Args={'ticks': 0, 'ticks_remaining': 1}
2026-03-01 11:29:17,275 : INFO : EventManager : Event: ======'timer_attract_carousel_timer_tick'====== Args={'ticks': 0, 'ticks_remaining': 1}
2026-03-01 11:29:22,189 : INFO : SwitchController : <<<<<<< 's_flipper_right_upper' active >>>>>>>
2026-03-01 11:29:22,193 : INFO : SwitchController : <<<<<<< 's_flipper_right_lower' active >>>>>>>
2026-03-01 11:29:22,193 : INFO : EventManager : Event: ======'s_flipper_right_lower_active'====== Args={}
2026-03-01 11:29:22,193 : INFO : EventManager : Event: ======'carousel_item_highlighted'====== Args={'carousel': 'attract', 'direction': 'forwards', 'item': 'title'}
2026-03-01 11:29:22,194 : INFO : EventManager : Event: ======'timer_attract_carousel_timer_tick'====== Args={'ticks': 0, 'ticks_remaining': 1}
2026-03-01 11:29:22,213 : INFO : SwitchController : <<<<<<< 's_flipper_right_upper_eos' active >>>>>>>
2026-03-01 11:29:22,220 : INFO : SwitchController : <<<<<<< 's_flipper_right_lower_eos' inactive >>>>>>>
2026-03-01 11:29:22,304 : INFO : SwitchController : <<<<<<< 's_flipper_right_lower' inactive >>>>>>>
2026-03-01 11:29:22,320 : INFO : SwitchController : <<<<<<< 's_flipper_right_upper' inactive >>>>>>>
2026-03-01 11:29:22,399 : INFO : SwitchController : <<<<<<< 's_flipper_right_lower_eos' active >>>>>>>
2026-03-01 11:29:22,426 : INFO : SwitchController : <<<<<<< 's_flipper_right_upper_eos' inactive >>>>>>>
2026-03-01 11:29:22,696 : INFO : SwitchController : <<<<<<< 's_flipper_right_upper' active >>>>>>>
2026-03-01 11:29:22,701 : INFO : SwitchController : <<<<<<< 's_flipper_right_lower' active >>>>>>>
2026-03-01 11:29:22,701 : INFO : EventManager : Event: ======'s_flipper_right_lower_active'====== Args={}
2026-03-01 11:29:22,702 : INFO : EventManager : Event: ======'carousel_item_highlighted'====== Args={'carousel': 'attract', 'direction': 'forwards', 'item': 'credits'}
2026-03-01 11:29:22,702 : INFO : EventManager : Event: ======'timer_attract_carousel_timer_tick'====== Args={'ticks': 0, 'ticks_remaining': 1}
2026-03-01 11:29:22,719 : INFO : SwitchController : <<<<<<< 's_flipper_right_upper_eos' active >>>>>>>
2026-03-01 11:29:22,728 : INFO : SwitchController : <<<<<<< 's_flipper_right_lower_eos' inactive >>>>>>>
2026-03-01 11:29:22,805 : INFO : SwitchController : <<<<<<< 's_flipper_right_lower' inactive >>>>>>>
2026-03-01 11:29:22,819 : INFO : SwitchController : <<<<<<< 's_flipper_right_upper' inactive >>>>>>>
2026-03-01 11:29:22,900 : INFO : SwitchController : <<<<<<< 's_flipper_right_lower_eos' active >>>>>>>
2026-03-01 11:29:22,923 : INFO : SwitchController : <<<<<<< 's_flipper_right_upper_eos' inactive >>>>>>>
2026-03-01 11:29:23,173 : INFO : SwitchController : <<<<<<< 's_flipper_right_upper' active >>>>>>>
2026-03-01 11:29:23,191 : INFO : SwitchController : <<<<<<< 's_flipper_right_lower' active >>>>>>>
2026-03-01 11:29:23,191 : INFO : EventManager : Event: ======'s_flipper_right_lower_active'====== Args={}
2026-03-01 11:29:23,191 : INFO : EventManager : Event: ======'carousel_item_highlighted'====== Args={'carousel': 'attract', 'direction': 'forwards', 'item': 'logo'}
2026-03-01 11:29:23,192 : INFO : EventManager : Event: ======'timer_attract_carousel_timer_tick'====== Args={'ticks': 0, 'ticks_remaining': 1}
2026-03-01 11:29:23,197 : INFO : SwitchController : <<<<<<< 's_flipper_right_upper_eos' active >>>>>>>
2026-03-01 11:29:23,217 : INFO : SwitchController : <<<<<<< 's_flipper_right_lower_eos' inactive >>>>>>>
2026-03-01 11:29:23,333 : INFO : SwitchController : <<<<<<< 's_flipper_right_lower' inactive >>>>>>>
2026-03-01 11:29:23,340 : INFO : SwitchController : <<<<<<< 's_flipper_right_upper' inactive >>>>>>>
2026-03-01 11:29:23,427 : INFO : SwitchController : <<<<<<< 's_flipper_right_lower_eos' active >>>>>>>
2026-03-01 11:29:23,447 : INFO : SwitchController : <<<<<<< 's_flipper_right_upper_eos' inactive >>>>>>>
2026-03-01 11:29:24,710 : INFO : SwitchController : <<<<<<< 's_flipper_left' active >>>>>>>
2026-03-01 11:29:24,710 : INFO : EventManager : Event: ======'s_flipper_left_active'====== Args={}
2026-03-01 11:29:24,711 : INFO : EventManager : Event: ======'carousel_item_highlighted'====== Args={'carousel': 'attract', 'direction': 'backwards', 'item': 'credits'}
2026-03-01 11:29:24,711 : INFO : EventManager : Event: ======'timer_attract_carousel_timer_tick'====== Args={'ticks': 0, 'ticks_remaining': 1}
2026-03-01 11:29:24,734 : INFO : SwitchController : <<<<<<< 's_flipper_left_eos' inactive >>>>>>>
2026-03-01 11:29:24,847 : INFO : SwitchController : <<<<<<< 's_flipper_left' inactive >>>>>>>
2026-03-01 11:29:24,938 : INFO : SwitchController : <<<<<<< 's_flipper_left_eos' active >>>>>>>
2026-03-01 11:29:25,200 : INFO : SwitchController : <<<<<<< 's_flipper_left' active >>>>>>>
2026-03-01 11:29:25,200 : INFO : EventManager : Event: ======'s_flipper_left_active'====== Args={}
2026-03-01 11:29:25,200 : INFO : EventManager : Event: ======'carousel_item_highlighted'====== Args={'carousel': 'attract', 'direction': 'backwards', 'item': 'title'}
2026-03-01 11:29:25,201 : INFO : EventManager : Event: ======'timer_attract_carousel_timer_tick'====== Args={'ticks': 0, 'ticks_remaining': 1}
2026-03-01 11:29:25,224 : INFO : SwitchController : <<<<<<< 's_flipper_left_eos' inactive >>>>>>>
2026-03-01 11:29:25,360 : INFO : SwitchController : <<<<<<< 's_flipper_left' inactive >>>>>>>
2026-03-01 11:29:25,450 : INFO : SwitchController : <<<<<<< 's_flipper_left_eos' active >>>>>>>
2026-03-01 11:29:25,686 : INFO : SwitchController : <<<<<<< 's_flipper_left' active >>>>>>>
2026-03-01 11:29:25,686 : INFO : EventManager : Event: ======'s_flipper_left_active'====== Args={}
2026-03-01 11:29:25,687 : INFO : EventManager : Event: ======'carousel_item_highlighted'====== Args={'carousel': 'attract', 'direction': 'backwards', 'item': 'logo'}
2026-03-01 11:29:25,687 : INFO : EventManager : Event: ======'timer_attract_carousel_timer_tick'====== Args={'ticks': 0, 'ticks_remaining': 1}
2026-03-01 11:29:25,710 : INFO : SwitchController : <<<<<<< 's_flipper_left_eos' inactive >>>>>>>
2026-03-01 11:29:25,819 : INFO : SwitchController : <<<<<<< 's_flipper_left' inactive >>>>>>>
2026-03-01 11:29:25,911 : INFO : SwitchController : <<<<<<< 's_flipper_left_eos' active >>>>>>>
2026-03-01 11:29:26,564 : INFO : SwitchController : <<<<<<< 's_flipper_right_upper' active >>>>>>>
2026-03-01 11:29:26,567 : INFO : SwitchController : <<<<<<< 's_flipper_right_lower' active >>>>>>>
2026-03-01 11:29:26,567 : INFO : EventManager : Event: ======'s_flipper_right_lower_active'====== Args={}
2026-03-01 11:29:26,568 : INFO : EventManager : Event: ======'carousel_item_highlighted'====== Args={'carousel': 'attract', 'direction': 'forwards', 'item': 'title'}
2026-03-01 11:29:26,568 : INFO : EventManager : Event: ======'timer_attract_carousel_timer_tick'====== Args={'ticks': 0, 'ticks_remaining': 1}
2026-03-01 11:29:26,579 : INFO : SwitchController : <<<<<<< 's_flipper_right_lower' inactive >>>>>>>
2026-03-01 11:29:26,586 : INFO : SwitchController : <<<<<<< 's_flipper_right_lower' active >>>>>>>
2026-03-01 11:29:26,587 : INFO : EventManager : Event: ======'s_flipper_right_lower_active'====== Args={}
2026-03-01 11:29:26,587 : INFO : EventManager : Event: ======'carousel_item_highlighted'====== Args={'carousel': 'attract', 'direction': 'forwards', 'item': 'credits'}
2026-03-01 11:29:26,587 : INFO : EventManager : Event: ======'timer_attract_carousel_timer_tick'====== Args={'ticks': 0, 'ticks_remaining': 1}
2026-03-01 11:29:26,588 : INFO : SwitchController : <<<<<<< 's_flipper_right_upper_eos' active >>>>>>>
2026-03-01 11:29:26,595 : INFO : SwitchController : <<<<<<< 's_flipper_right_lower_eos' inactive >>>>>>>
2026-03-01 11:29:26,661 : INFO : SwitchController : <<<<<<< 's_flipper_right_lower' inactive >>>>>>>
2026-03-01 11:29:26,671 : INFO : SwitchController : <<<<<<< 's_flipper_right_upper' inactive >>>>>>>
2026-03-01 11:29:26,758 : INFO : SwitchController : <<<<<<< 's_flipper_right_lower_eos' active >>>>>>>
2026-03-01 11:29:26,778 : INFO : SwitchController : <<<<<<< 's_flipper_right_upper_eos' inactive >>>>>>>
2026-03-01 11:29:26,912 : INFO : SwitchController : <<<<<<< 's_flipper_right_upper' active >>>>>>>
2026-03-01 11:29:26,915 : INFO : SwitchController : <<<<<<< 's_flipper_right_lower' active >>>>>>>
2026-03-01 11:29:26,916 : INFO : EventManager : Event: ======'s_flipper_right_lower_active'====== Args={}
2026-03-01 11:29:26,916 : INFO : EventManager : Event: ======'carousel_item_highlighted'====== Args={'carousel': 'attract', 'direction': 'forwards', 'item': 'logo'}
2026-03-01 11:29:26,916 : INFO : EventManager : Event: ======'timer_attract_carousel_timer_tick'====== Args={'ticks': 0, 'ticks_remaining': 1}
2026-03-01 11:29:26,936 : INFO : SwitchController : <<<<<<< 's_flipper_right_upper_eos' active >>>>>>>
2026-03-01 11:29:26,943 : INFO : SwitchController : <<<<<<< 's_flipper_right_lower_eos' inactive >>>>>>>
2026-03-01 11:29:26,968 : INFO : SwitchController : <<<<<<< 's_flipper_right_lower' inactive >>>>>>>
2026-03-01 11:29:26,975 : INFO : SwitchController : <<<<<<< 's_flipper_right_upper' inactive >>>>>>>
2026-03-01 11:29:27,063 : INFO : SwitchController : <<<<<<< 's_flipper_right_lower_eos' active >>>>>>>
2026-03-01 11:29:27,082 : INFO : SwitchController : <<<<<<< 's_flipper_right_upper_eos' inactive >>>>>>>
2026-03-01 11:29:27,196 : INFO : SwitchController : <<<<<<< 's_flipper_right_upper' active >>>>>>>
2026-03-01 11:29:27,196 : INFO : SwitchController : <<<<<<< 's_flipper_right_lower' active >>>>>>>
2026-03-01 11:29:27,197 : INFO : EventManager : Event: ======'s_flipper_right_lower_active'====== Args={}
2026-03-01 11:29:27,197 : INFO : EventManager : Event: ======'carousel_item_highlighted'====== Args={'carousel': 'attract', 'direction': 'forwards', 'item': 'title'}
2026-03-01 11:29:27,197 : INFO : EventManager : Event: ======'timer_attract_carousel_timer_tick'====== Args={'ticks': 0, 'ticks_remaining': 1}
2026-03-01 11:29:27,203 : INFO : SwitchController : <<<<<<< 's_flipper_right_lower' inactive >>>>>>>
2026-03-01 11:29:27,219 : INFO : SwitchController : <<<<<<< 's_flipper_right_upper_eos' active >>>>>>>
2026-03-01 11:29:27,220 : INFO : SwitchController : <<<<<<< 's_flipper_right_lower' active >>>>>>>
2026-03-01 11:29:27,220 : INFO : EventManager : Event: ======'s_flipper_right_lower_active'====== Args={}
2026-03-01 11:29:27,220 : INFO : EventManager : Event: ======'carousel_item_highlighted'====== Args={'carousel': 'attract', 'direction': 'forwards', 'item': 'credits'}
2026-03-01 11:29:27,220 : INFO : EventManager : Event: ======'timer_attract_carousel_timer_tick'====== Args={'ticks': 0, 'ticks_remaining': 1}
2026-03-01 11:29:27,239 : INFO : SwitchController : <<<<<<< 's_flipper_right_lower_eos' inactive >>>>>>>
2026-03-01 11:29:27,256 : INFO : SwitchController : <<<<<<< 's_flipper_right_lower' inactive >>>>>>>
2026-03-01 11:29:27,265 : INFO : SwitchController : <<<<<<< 's_flipper_right_upper' inactive >>>>>>>
2026-03-01 11:29:27,353 : INFO : SwitchController : <<<<<<< 's_flipper_right_lower_eos' active >>>>>>>
2026-03-01 11:29:27,373 : INFO : SwitchController : <<<<<<< 's_flipper_right_upper_eos' inactive >>>>>>>
2026-03-01 11:29:27,544 : INFO : SwitchController : <<<<<<< 's_flipper_left' active >>>>>>>
2026-03-01 11:29:27,544 : INFO : EventManager : Event: ======'s_flipper_left_active'====== Args={}
2026-03-01 11:29:27,545 : INFO : EventManager : Event: ======'carousel_item_highlighted'====== Args={'carousel': 'attract', 'direction': 'backwards', 'item': 'title'}
2026-03-01 11:29:27,545 : INFO : EventManager : Event: ======'timer_attract_carousel_timer_tick'====== Args={'ticks': 0, 'ticks_remaining': 1}
2026-03-01 11:29:27,568 : INFO : SwitchController : <<<<<<< 's_flipper_left_eos' inactive >>>>>>>
2026-03-01 11:29:27,662 : INFO : SwitchController : <<<<<<< 's_flipper_left' inactive >>>>>>>
2026-03-01 11:29:27,751 : INFO : SwitchController : <<<<<<< 's_flipper_left_eos' active >>>>>>>
2026-03-01 11:29:27,850 : INFO : SwitchController : <<<<<<< 's_flipper_left' active >>>>>>>
2026-03-01 11:29:27,850 : INFO : EventManager : Event: ======'s_flipper_left_active'====== Args={}
2026-03-01 11:29:27,851 : INFO : EventManager : Event: ======'carousel_item_highlighted'====== Args={'carousel': 'attract', 'direction': 'backwards', 'item': 'logo'}
2026-03-01 11:29:27,851 : INFO : EventManager : Event: ======'timer_attract_carousel_timer_tick'====== Args={'ticks': 0, 'ticks_remaining': 1}
2026-03-01 11:29:27,874 : INFO : SwitchController : <<<<<<< 's_flipper_left_eos' inactive >>>>>>>
2026-03-01 11:29:27,986 : INFO : SwitchController : <<<<<<< 's_flipper_left' inactive >>>>>>>
2026-03-01 11:29:28,075 : INFO : SwitchController : <<<<<<< 's_flipper_left_eos' active >>>>>>>
2026-03-01 11:29:28,180 : INFO : SwitchController : <<<<<<< 's_flipper_left' active >>>>>>>
2026-03-01 11:29:28,181 : INFO : EventManager : Event: ======'s_flipper_left_active'====== Args={}
2026-03-01 11:29:28,181 : INFO : EventManager : Event: ======'carousel_item_highlighted'====== Args={'carousel': 'attract', 'direction': 'backwards', 'item': 'credits'}
2026-03-01 11:29:28,181 : INFO : EventManager : Event: ======'timer_attract_carousel_timer_tick'====== Args={'ticks': 0, 'ticks_remaining': 1}
2026-03-01 11:29:28,204 : INFO : SwitchController : <<<<<<< 's_flipper_left_eos' inactive >>>>>>>
2026-03-01 11:29:28,310 : INFO : SwitchController : <<<<<<< 's_flipper_left' inactive >>>>>>>
2026-03-01 11:29:28,400 : INFO : SwitchController : <<<<<<< 's_flipper_left_eos' active >>>>>>>
2026-03-01 11:29:33,182 : INFO : Timer.attract_carousel_timer : Timer Complete
2026-03-01 11:29:33,182 : INFO : Timer.attract_carousel_timer : Stopping Timer
2026-03-01 11:29:33,182 : INFO : EventManager : Event: ======'timer_attract_carousel_timer_stopped'====== Args={'ticks': 1, 'ticks_remaining': 1}
2026-03-01 11:29:33,183 : INFO : EventManager : Event: ======'timer_attract_carousel_timer_complete'====== Args={'ticks': 1, 'ticks_remaining': 1}
2026-03-01 11:29:33,183 : INFO : EventManager : Event: ======'carousel_item_highlighted'====== Args={'carousel': 'attract', 'direction': 'forwards', 'item': 'logo'}
2026-03-01 11:29:33,183 : INFO : Timer.attract_carousel_timer : Starting Timer.
2026-03-01 11:29:33,183 : INFO : EventManager : Event: ======'timer_attract_carousel_timer_started'====== Args={'ticks': 0, 'ticks_remaining': 1}
2026-03-01 11:29:33,183 : INFO : EventManager : Event: ======'timer_attract_carousel_timer_tick'====== Args={'ticks': 0, 'ticks_remaining': 1}
2026-03-01 11:29:38,183 : INFO : Timer.attract_carousel_timer : Timer Complete
2026-03-01 11:29:38,184 : INFO : Timer.attract_carousel_timer : Stopping Timer
2026-03-01 11:29:38,184 : INFO : EventManager : Event: ======'timer_attract_carousel_timer_stopped'====== Args={'ticks': 1, 'ticks_remaining': 1}
2026-03-01 11:29:38,184 : INFO : EventManager : Event: ======'timer_attract_carousel_timer_complete'====== Args={'ticks': 1, 'ticks_remaining': 1}
2026-03-01 11:29:38,184 : INFO : EventManager : Event: ======'carousel_item_highlighted'====== Args={'carousel': 'attract', 'direction': 'forwards', 'item': 'title'}
2026-03-01 11:29:38,184 : INFO : Timer.attract_carousel_timer : Starting Timer.
2026-03-01 11:29:38,184 : INFO : EventManager : Event: ======'timer_attract_carousel_timer_started'====== Args={'ticks': 0, 'ticks_remaining': 1}
2026-03-01 11:29:38,185 : INFO : EventManager : Event: ======'timer_attract_carousel_timer_tick'====== Args={'ticks': 0, 'ticks_remaining': 1}
2026-03-01 11:29:43,185 : INFO : Timer.attract_carousel_timer : Timer Complete
2026-03-01 11:29:43,185 : INFO : Timer.attract_carousel_timer : Stopping Timer
2026-03-01 11:29:43,185 : INFO : EventManager : Event: ======'timer_attract_carousel_timer_stopped'====== Args={'ticks': 1, 'ticks_remaining': 1}
2026-03-01 11:29:43,185 : INFO : EventManager : Event: ======'timer_attract_carousel_timer_complete'====== Args={'ticks': 1, 'ticks_remaining': 1}
2026-03-01 11:29:43,185 : INFO : EventManager : Event: ======'carousel_item_highlighted'====== Args={'carousel': 'attract', 'direction': 'forwards', 'item': 'credits'}
2026-03-01 11:29:43,186 : INFO : Timer.attract_carousel_timer : Starting Timer.
2026-03-01 11:29:43,186 : INFO : EventManager : Event: ======'timer_attract_carousel_timer_started'====== Args={'ticks': 0, 'ticks_remaining': 1}
2026-03-01 11:29:43,186 : INFO : EventManager : Event: ======'timer_attract_carousel_timer_tick'====== Args={'ticks': 0, 'ticks_remaining': 1}
2026-03-01 11:29:48,187 : INFO : Timer.attract_carousel_timer : Timer Complete
2026-03-01 11:29:48,187 : INFO : Timer.attract_carousel_timer : Stopping Timer
2026-03-01 11:29:48,187 : INFO : EventManager : Event: ======'timer_attract_carousel_timer_stopped'====== Args={'ticks': 1, 'ticks_remaining': 1}
2026-03-01 11:29:48,187 : INFO : EventManager : Event: ======'timer_attract_carousel_timer_complete'====== Args={'ticks': 1, 'ticks_remaining': 1}
2026-03-01 11:29:48,187 : INFO : EventManager : Event: ======'carousel_item_highlighted'====== Args={'carousel': 'attract', 'direction': 'forwards', 'item': 'logo'}
2026-03-01 11:29:48,188 : INFO : Timer.attract_carousel_timer : Starting Timer.
2026-03-01 11:29:48,188 : INFO : EventManager : Event: ======'timer_attract_carousel_timer_started'====== Args={'ticks': 0, 'ticks_remaining': 1}
2026-03-01 11:29:48,188 : INFO : EventManager : Event: ======'timer_attract_carousel_timer_tick'====== Args={'ticks': 0, 'ticks_remaining': 1}
2026-03-01 11:29:53,189 : INFO : Timer.attract_carousel_timer : Timer Complete
2026-03-01 11:29:53,189 : INFO : Timer.attract_carousel_timer : Stopping Timer
2026-03-01 11:29:53,189 : INFO : EventManager : Event: ======'timer_attract_carousel_timer_stopped'====== Args={'ticks': 1, 'ticks_remaining': 1}
2026-03-01 11:29:53,189 : INFO : EventManager : Event: ======'timer_attract_carousel_timer_complete'====== Args={'ticks': 1, 'ticks_remaining': 1}
2026-03-01 11:29:53,190 : INFO : EventManager : Event: ======'carousel_item_highlighted'====== Args={'carousel': 'attract', 'direction': 'forwards', 'item': 'title'}
2026-03-01 11:29:53,190 : INFO : Timer.attract_carousel_timer : Starting Timer.
2026-03-01 11:29:53,190 : INFO : EventManager : Event: ======'timer_attract_carousel_timer_started'====== Args={'ticks': 0, 'ticks_remaining': 1}
2026-03-01 11:29:53,190 : INFO : EventManager : Event: ======'timer_attract_carousel_timer_tick'====== Args={'ticks': 0, 'ticks_remaining': 1}
2026-03-01 11:29:56,955 : INFO : SwitchController : <<<<<<< 's_start' active >>>>>>>
2026-03-01 11:29:57,066 : INFO : SwitchController : <<<<<<< 's_start' inactive >>>>>>>
2026-03-01 11:29:57,066 : INFO : EventManager : Event: ======'request_to_start_game'====== Args={}
2026-03-01 11:29:57,066 : INFO : EventManager : Event: ======'game_start'====== Args={'buttons': [], 'hold_time': 0.11074429599989344}
2026-03-01 11:29:57,066 : INFO : EventManager : Event: ======'mode_game_will_start'====== Args={'buttons': [], 'hold_time': 0.11074429599989344}
2026-03-01 11:29:57,067 : INFO : EventManager : Event: ======'mode_game_starting'====== Args={'buttons': [], 'hold_time': 0.11074429599989344}
2026-03-01 11:29:57,067 : INFO : EventManager : Event: ======'mode_attract_will_stop'====== Args={}
2026-03-01 11:29:57,067 : INFO : EventManager : Event: ======'mode_attract_stopping'====== Args={}
2026-03-01 11:29:57,067 : INFO : Mode.attract : Stopped.
2026-03-01 11:29:57,067 : INFO : EventManager : Event: ======'modes_active_modes_changed'====== Args={}
2026-03-01 11:29:57,068 : INFO : EventManager : Event: ======'mode_attract_stopped'====== Args={}
2026-03-01 11:29:57,068 : INFO : EventManager : Event: ======'clear'====== Args={'key': 'attract'}
2026-03-01 11:29:57,069 : INFO : Timer.attract_carousel_timer : Stopping Timer
2026-03-01 11:29:57,069 : INFO : EventManager : Event: ======'timer_attract_carousel_timer_stopped'====== Args={'ticks': 0, 'ticks_remaining': 1}
2026-03-01 11:29:57,069 : INFO : Mode.game : Started. Priority: 20
2026-03-01 11:29:57,069 : INFO : EventManager : Event: ======'modes_active_modes_changed'====== Args={}
2026-03-01 11:29:57,069 : INFO : EventManager : Event: ======'mode_game_started'====== Args={'buttons': [], 'hold_time': 0.11074429599989344}
2026-03-01 11:29:57,070 : INFO : EventManager : Event: ======'game_will_start'====== Args={}
2026-03-01 11:29:57,071 : INFO : EventManager : Event: ======'game_starting'====== Args={'game': <Mode.game>}
2026-03-01 11:29:57,072 : INFO : EventManager : Unordered handler for class <Auditor> on event game_ended with priority 1. Handlers: [RegisteredHandler(callback=<bound method Auditor.disable of <Auditor>>, priority=1, kwargs={}, key=UUID('35649658-f91d-4f67-a69e-08fdd25ba55a'), condition=None, blocking_facility=None), RegisteredHandler(callback=<bound method Auditor._save_audits of <Auditor>>, priority=1, kwargs={}, key=UUID('73a9f3bb-c3ab-4afd-8ff4-743908f2daa9'), condition=None, blocking_facility=None)]. The order of those handlers is not defined and they will be executed in random order. This might lead to race conditions and potential bugs.
2026-03-01 11:29:57,072 : INFO : EventManager : Event: ======'player_add_request'====== Args={}
2026-03-01 11:29:57,072 : INFO : EventManager : Event: ======'player_will_add'====== Args={'number': 1}
2026-03-01 11:29:57,072 : INFO : EventManager : Event: ======'player_adding'====== Args={'player': <Player 1>, 'number': 1}
2026-03-01 11:29:57,072 : INFO : EventManager : Event: ======'player_added'====== Args={'player': <Player 1>, 'num': 1}
2026-03-01 11:29:57,072 : INFO : Mode.game : Player added successfully. Total players: 1
2026-03-01 11:29:57,073 : INFO : EventManager : Event: ======'player_index'====== Args={'value': 0, 'prev_value': 0, 'change': 0, 'player_num': 1}
2026-03-01 11:29:57,073 : INFO : EventManager : Event: ======'player_number'====== Args={'value': 1, 'prev_value': 1, 'change': 0, 'player_num': 1}
2026-03-01 11:29:57,073 : INFO : EventManager : Event: ======'player_score'====== Args={'value': 0, 'prev_value': 0, 'change': 0, 'player_num': 1}
2026-03-01 11:29:57,074 : INFO : EventManager : Event: ======'game_started'====== Args={}
2026-03-01 11:29:57,074 : INFO : EventManager : Event: ======'player_turn_will_start'====== Args={'player': <Player 1>, 'number': 1}
2026-03-01 11:29:57,081 : INFO : EventManager : Event: ======'player_turn_starting'====== Args={'player': <Player 1>, 'number': 1}
2026-03-01 11:29:57,089 : INFO : EventManager : Event: ======'player_ball'====== Args={'value': 1, 'prev_value': 0, 'change': 1, 'player_num': 1}
2026-03-01 11:29:57,090 : INFO : EventManager : Event: ======'player_turn_started'====== Args={'player': <Player 1>, 'number': 1}
2026-03-01 11:29:57,091 : INFO : EventManager : Event: ======'ball_will_start'====== Args={'player': 1, 'ball': 1, 'balls_remaining': 2, 'is_extra_ball': False}
2026-03-01 11:29:57,091 : INFO : EventManager : Event: ======'ball_starting'====== Args={'player': 1, 'ball': 1, 'balls_remaining': 2, 'is_extra_ball': False}
2026-03-01 11:29:57,092 : INFO : EventManager : Event: ======'mode_base_will_start'====== Args={'queue': <QueuedEvent>, 'player': 1, 'ball': 1, 'balls_remaining': 2, 'is_extra_ball': False}
2026-03-01 11:29:57,092 : INFO : EventManager : Event: ======'player_shot_left_lane_enabled'====== Args={'value': True, 'prev_value': 0, 'change': 1, 'player_num': 1}
2026-03-01 11:29:57,093 : INFO : EventManager : Event: ======'mode_base_starting'====== Args={'queue': <QueuedEvent>, 'player': 1, 'ball': 1, 'balls_remaining': 2, 'is_extra_ball': False}
2026-03-01 11:29:57,093 : INFO : Mode.base : Started. Priority: 100
2026-03-01 11:29:57,094 : INFO : EventManager : Event: ======'modes_active_modes_changed'====== Args={}
2026-03-01 11:29:57,094 : INFO : EventManager : Event: ======'mode_base_started'====== Args={'queue': <QueuedEvent>, 'player': 1, 'ball': 1, 'balls_remaining': 2, 'is_extra_ball': False}
2026-03-01 11:29:57,094 : INFO : EventManager : Event: ======'start_mode_bumpers'====== Args={'priority': 0}
2026-03-01 11:29:57,094 : INFO : EventManager : Event: ======'mode_bumpers_will_start'====== Args={'priority': 0}
2026-03-01 11:29:57,095 : INFO : EventManager : Event: ======'player_shot_bumper_lower_enabled'====== Args={'value': True, 'prev_value': 0, 'change': 1, 'player_num': 1}
2026-03-01 11:29:57,096 : INFO : EventManager : Event: ======'player_shot_bumper_upper_enabled'====== Args={'value': True, 'prev_value': 0, 'change': 1, 'player_num': 1}
2026-03-01 11:29:57,096 : INFO : EventManager : Event: ======'bumpers_complete'====== Args={'state': 'unlit'}
2026-03-01 11:29:57,096 : INFO : EventManager : Event: ======'bumpers_unlit_complete'====== Args={}
2026-03-01 11:29:57,097 : INFO : EventManager : Event: ======'mode_bumpers_starting'====== Args={'priority': 0}
2026-03-01 11:29:57,097 : INFO : Mode.bumpers : Started. Priority: 200
2026-03-01 11:29:57,097 : INFO : EventManager : Event: ======'modes_active_modes_changed'====== Args={}
2026-03-01 11:29:57,097 : INFO : EventManager : Event: ======'mode_bumpers_started'====== Args={'priority': 0}
2026-03-01 11:29:57,098 : INFO : EventManager : Event: ======'balls_in_play'====== Args={'balls': 1}
2026-03-01 11:29:57,098 : INFO : EventManager : Event: ======'ball_started'====== Args={'player': 1, 'ball': 1, 'balls_remaining': 2, 'is_extra_ball': False}
2026-03-01 11:29:57,098 : INFO : EventManager : Event: ======'single_player_ball_started'====== Args={}
2026-03-01 11:29:57,099 : INFO : EventManager : Event: ======'ball_start_target'====== Args={'target': 'playfield'}
2026-03-01 11:29:57,099 : INFO : ball_device.bd_trough : Setting up player-controlled eject. Balls: 1, Target: <playfield.playfield>, player_controlled_eject_event: None
2026-03-01 11:29:57,099 : INFO : ball_device.bd_trough : Adding 1 ball(s) to the eject_queue with target <playfield.playfield>.
2026-03-01 11:29:57,099 : INFO : EventManager : Event: ======'balldevice_balls_available'====== Args={}
2026-03-01 11:29:57,100 : INFO : ball_device.bd_trough : State: waiting_for_target_ready
2026-03-01 11:29:57,100 : INFO : EventManager : Event: ======'balldevice_bd_trough_ball_eject_attempt'====== Args={'balls': 1, 'target': <ball_device.bd_plunger>, 'source': <ball_device.bd_trough>, 'mechanical_eject': False, 'num_attempts': 0}
2026-03-01 11:29:57,100 : INFO : ball_device.bd_plunger : State: waiting_for_ball
2026-03-01 11:29:57,101 : INFO : ball_device.bd_trough : State: ejecting
2026-03-01 11:29:57,101 : INFO : ball_device.bd_trough : Ejecting ball to <ball_device.bd_plunger>
2026-03-01 11:29:57,101 : INFO : EventManager : Event: ======'balldevice_bd_trough_ejecting_ball'====== Args={'balls': 1, 'target': <ball_device.bd_plunger>, 'source': <ball_device.bd_trough>, 'mechanical_eject': False, 'num_attempts': 0}
2026-03-01 11:29:57,106 : INFO : ball_device.bd_trough : Wait for ball to leave device
2026-03-01 11:29:57,106 : INFO : coil.c_trough_eject : Pulsing Driver for 10ms (1.0 pulse_power)
2026-03-01 11:29:57,170 : INFO : EventManager : Event: ======'slide_base_slide_created'====== Args={'_from_bcp': True}
2026-03-01 11:29:57,170 : INFO : EventManager : Event: ======'slide_attract_inactive'====== Args={'is_removing': True, '_from_bcp': True}
2026-03-01 11:29:57,170 : INFO : EventManager : Event: ======'slide_base_slide_active'====== Args={'original_context': 'base', 'original_calling_context': 'mode_base_started', 'priority': 100.0, 'queue': '<QueuedEvent>', 'player': 1.0, 'ball': 1.0, 'balls_remaining': 2.0, 'is_extra_ball': False, 'cmd': 'slides_play', '_from_bcp': True}
2026-03-01 11:29:57,171 : INFO : EventManager : Event: ======'slide_attract_removed'====== Args={'_from_bcp': True}
2026-03-01 11:30:03,848 : INFO : SwitchController : <<<<<<< 's_trough_5' inactive >>>>>>>
2026-03-01 11:30:03,849 : INFO : ball_device.bd_trough : State: ball_left
2026-03-01 11:30:03,849 : INFO : ball_device.bd_trough : Ball left
2026-03-01 11:30:03,849 : INFO : ball_device.bd_trough : Wait for confirm with timeout 10.0
2026-03-01 11:30:03,941 : INFO : SwitchController : <<<<<<< 's_trough_5' active >>>>>>>
2026-03-01 11:30:03,941 : INFO : EventManager : Event: ======'machine_var_audits_switches_s_trough_5'====== Args={'value': 33, 'prev_value': 32, 'change': 1}
2026-03-01 11:30:03,951 : INFO : SwitchController : <<<<<<< 's_trough_4' inactive >>>>>>>
2026-03-01 11:30:03,956 : INFO : SwitchController : <<<<<<< 's_trough_6' inactive >>>>>>>
2026-03-01 11:30:03,959 : INFO : SwitchController : <<<<<<< 's_trough_6' active >>>>>>>
2026-03-01 11:30:03,959 : INFO : EventManager : Event: ======'machine_var_audits_switches_s_trough_6'====== Args={'value': 36, 'prev_value': 35, 'change': 1}
2026-03-01 11:30:04,025 : INFO : SwitchController : <<<<<<< 's_trough_4' active >>>>>>>
2026-03-01 11:30:04,026 : INFO : EventManager : Event: ======'machine_var_audits_switches_s_trough_4'====== Args={'value': 28, 'prev_value': 27, 'change': 1}
2026-03-01 11:30:04,033 : INFO : SwitchController : <<<<<<< 's_trough_3' inactive >>>>>>>
2026-03-01 11:30:04,040 : INFO : SwitchController : <<<<<<< 's_trough_5' inactive >>>>>>>
2026-03-01 11:30:04,098 : INFO : SwitchController : <<<<<<< 's_trough_5' active >>>>>>>
2026-03-01 11:30:04,098 : INFO : EventManager : Event: ======'machine_var_audits_switches_s_trough_5'====== Args={'value': 34, 'prev_value': 33, 'change': 1}
2026-03-01 11:30:04,100 : INFO : SwitchController : <<<<<<< 's_trough_3' active >>>>>>>
2026-03-01 11:30:04,100 : INFO : EventManager : Event: ======'machine_var_audits_switches_s_trough_3'====== Args={'value': 21, 'prev_value': 20, 'change': 1}
2026-03-01 11:30:04,107 : INFO : SwitchController : <<<<<<< 's_trough_2' inactive >>>>>>>
2026-03-01 11:30:04,116 : INFO : SwitchController : <<<<<<< 's_trough_4' inactive >>>>>>>
2026-03-01 11:30:04,166 : INFO : SwitchController : <<<<<<< 's_trough_2' active >>>>>>>
2026-03-01 11:30:04,167 : INFO : EventManager : Event: ======'machine_var_audits_switches_s_trough_2'====== Args={'value': 15, 'prev_value': 14, 'change': 1}
2026-03-01 11:30:04,172 : INFO : SwitchController : <<<<<<< 's_trough_1' inactive >>>>>>>
2026-03-01 11:30:04,189 : INFO : SwitchController : <<<<<<< 's_trough_4' active >>>>>>>
2026-03-01 11:30:04,189 : INFO : EventManager : Event: ======'machine_var_audits_switches_s_trough_4'====== Args={'value': 29, 'prev_value': 28, 'change': 1}
2026-03-01 11:30:04,191 : INFO : SwitchController : <<<<<<< 's_trough_6' inactive >>>>>>>
2026-03-01 11:30:04,203 : INFO : SwitchController : <<<<<<< 's_trough_3' inactive >>>>>>>
2026-03-01 11:30:04,217 : INFO : SwitchController : <<<<<<< 's_trough_6' active >>>>>>>
2026-03-01 11:30:04,217 : INFO : EventManager : Event: ======'machine_var_audits_switches_s_trough_6'====== Args={'value': 37, 'prev_value': 36, 'change': 1}
2026-03-01 11:30:04,289 : INFO : SwitchController : <<<<<<< 's_trough_3' active >>>>>>>
2026-03-01 11:30:04,289 : INFO : EventManager : Event: ======'machine_var_audits_switches_s_trough_3'====== Args={'value': 22, 'prev_value': 21, 'change': 1}
2026-03-01 11:30:04,292 : INFO : SwitchController : <<<<<<< 's_trough_5' inactive >>>>>>>
2026-03-01 11:30:04,297 : INFO : SwitchController : <<<<<<< 's_trough_2' inactive >>>>>>>
2026-03-01 11:30:04,492 : INFO : SwitchController : <<<<<<< 's_trough_5' active >>>>>>>
2026-03-01 11:30:04,492 : INFO : EventManager : Event: ======'machine_var_audits_switches_s_trough_5'====== Args={'value': 35, 'prev_value': 34, 'change': 1}
2026-03-01 11:30:04,506 : INFO : SwitchController : <<<<<<< 's_trough_4' inactive >>>>>>>
2026-03-01 11:30:04,614 : INFO : SwitchController : <<<<<<< 's_trough_4' active >>>>>>>
2026-03-01 11:30:04,614 : INFO : EventManager : Event: ======'machine_var_audits_switches_s_trough_4'====== Args={'value': 30, 'prev_value': 29, 'change': 1}
2026-03-01 11:30:04,629 : INFO : SwitchController : <<<<<<< 's_trough_3' inactive >>>>>>>
2026-03-01 11:30:08,860 : INFO : SwitchController : <<<<<<< 's_trough_4' inactive >>>>>>>
2026-03-01 11:30:08,891 : INFO : SwitchController : <<<<<<< 's_trough_4' active >>>>>>>
2026-03-01 11:30:08,892 : INFO : EventManager : Event: ======'machine_var_audits_switches_s_trough_4'====== Args={'value': 31, 'prev_value': 30, 'change': 1}
2026-03-01 11:30:08,937 : INFO : SwitchController : <<<<<<< 's_trough_5' inactive >>>>>>>
2026-03-01 11:30:09,262 : INFO : SwitchController : <<<<<<< 's_trough_5' active >>>>>>>
2026-03-01 11:30:09,262 : INFO : EventManager : Event: ======'machine_var_audits_switches_s_trough_5'====== Args={'value': 36, 'prev_value': 35, 'change': 1}
2026-03-01 11:30:09,277 : INFO : SwitchController : <<<<<<< 's_trough_4' inactive >>>>>>>
2026-03-01 11:30:09,319 : INFO : SwitchController : <<<<<<< 's_trough_5' inactive >>>>>>>
2026-03-01 11:30:09,378 : INFO : SwitchController : <<<<<<< 's_trough_5' active >>>>>>>
2026-03-01 11:30:09,378 : INFO : EventManager : Event: ======'machine_var_audits_switches_s_trough_5'====== Args={'value': 37, 'prev_value': 36, 'change': 1}
2026-03-01 11:30:09,406 : INFO : SwitchController : <<<<<<< 's_trough_6' inactive >>>>>>>
2026-03-01 11:30:09,742 : INFO : SwitchController : <<<<<<< 's_trough_6' active >>>>>>>
2026-03-01 11:30:09,742 : INFO : EventManager : Event: ======'machine_var_audits_switches_s_trough_6'====== Args={'value': 38, 'prev_value': 37, 'change': 1}
2026-03-01 11:30:09,768 : INFO : SwitchController : <<<<<<< 's_trough_5' inactive >>>>>>>
2026-03-01 11:30:10,698 : INFO : SwitchController : <<<<<<< 's_plunger_lane' active >>>>>>>
2026-03-01 11:30:10,698 : INFO : EventManager : Event: ======'machine_var_audits_switches_s_plunger_lane'====== Args={'value': 4, 'prev_value': 3, 'change': 1}
2026-03-01 11:30:11,199 : INFO : ball_device.bd_plunger : Received ball from <ball_device.bd_trough>
2026-03-01 11:30:11,199 : INFO : EventManager : Event: ======'balldevice_bd_plunger_ball_enter'====== Args={'new_balls': 1, 'unclaimed_balls': 0, 'new_available_balls': 0, 'device': <ball_device.bd_plunger>}
2026-03-01 11:30:11,200 : INFO : EventManager : Event: ======'balldevice_bd_plunger_ball_entered'====== Args={'new_balls': 0, 'device': <ball_device.bd_plunger>}
2026-03-01 11:30:11,200 : INFO : EventManager : Event: ======'balldevice_bd_plunger_ball_count_changed'====== Args={'balls': 1}
2026-03-01 11:30:11,200 : INFO : ball_device.bd_trough : Got eject confirm
2026-03-01 11:30:11,200 : INFO : ball_device.bd_trough : Eject successful
2026-03-01 11:30:11,200 : INFO : EventManager : Event: ======'balldevice_bd_trough_ball_eject_success'====== Args={'balls': 1, 'target': <ball_device.bd_plunger>}
2026-03-01 11:30:11,201 : INFO : ball_device.bd_plunger : State: waiting_for_target_ready
2026-03-01 11:30:11,201 : INFO : EventManager : Event: ======'balldevice_bd_plunger_ball_eject_attempt'====== Args={'balls': 1, 'target': <playfield.playfield>, 'source': <ball_device.bd_plunger>, 'mechanical_eject': False, 'num_attempts': 0}
2026-03-01 11:30:11,201 : INFO : EventManager : Event: ======'balldevice_bd_trough_ball_count_changed'====== Args={'balls': 6}
2026-03-01 11:30:11,201 : INFO : ball_device.bd_trough : State: idle
2026-03-01 11:30:11,201 : INFO : ball_device.bd_plunger : State: ejecting
2026-03-01 11:30:11,201 : INFO : ball_device.bd_plunger : Ejecting ball to <playfield.playfield>
2026-03-01 11:30:11,202 : INFO : EventManager : Event: ======'balldevice_bd_plunger_ejecting_ball'====== Args={'balls': 1, 'target': <playfield.playfield>, 'source': <ball_device.bd_plunger>, 'mechanical_eject': False, 'num_attempts': 0}
2026-03-01 11:30:11,202 : INFO : ball_device.bd_plunger : Wait for ball to leave device
2026-03-01 11:30:11,700 : INFO : SwitchController : <<<<<<< 's_plunger_lane' inactive >>>>>>>
2026-03-01 11:30:11,701 : INFO : ball_device.bd_plunger : State: ball_left
2026-03-01 11:30:11,701 : INFO : ball_device.bd_plunger : Ball left
2026-03-01 11:30:11,701 : INFO : ball_device.bd_plunger : Wait for confirm with timeout 10.0
2026-03-01 11:30:12,625 : INFO : SwitchController : <<<<<<< 's_flipper_right_upper' active >>>>>>>
2026-03-01 11:30:12,626 : INFO : EventManager : Event: ======'machine_var_audits_switches_s_flipper_right_upper'====== Args={'value': 30, 'prev_value': 29, 'change': 1}
2026-03-01 11:30:12,635 : INFO : SwitchController : <<<<<<< 's_flipper_right_lower' active >>>>>>>
2026-03-01 11:30:12,636 : INFO : EventManager : Event: ======'machine_var_audits_switches_s_flipper_right_lower'====== Args={'value': 30, 'prev_value': 29, 'change': 1}
2026-03-01 11:30:12,648 : INFO : SwitchController : <<<<<<< 's_flipper_right_upper_eos' active >>>>>>>
2026-03-01 11:30:12,649 : INFO : EventManager : Event: ======'machine_var_audits_switches_s_flipper_right_upper_eos'====== Args={'value': 15, 'prev_value': 14, 'change': 1}
2026-03-01 11:30:12,655 : INFO : SwitchController : <<<<<<< 's_flipper_right_lower_eos' inactive >>>>>>>
2026-03-01 11:30:12,726 : INFO : SwitchController : <<<<<<< 's_flipper_right_lower' inactive >>>>>>>
2026-03-01 11:30:12,732 : INFO : SwitchController : <<<<<<< 's_flipper_right_upper' inactive >>>>>>>
2026-03-01 11:30:12,791 : INFO : SwitchController : <<<<<<< 's_flipper_left' active >>>>>>>
2026-03-01 11:30:12,792 : INFO : EventManager : Event: ======'machine_var_audits_switches_s_flipper_left'====== Args={'value': 2, 'prev_value': 1, 'change': 1}
2026-03-01 11:30:12,816 : INFO : SwitchController : <<<<<<< 's_flipper_left_eos' inactive >>>>>>>
2026-03-01 11:30:12,819 : INFO : SwitchController : <<<<<<< 's_flipper_right_lower_eos' active >>>>>>>
2026-03-01 11:30:12,819 : INFO : EventManager : Event: ======'machine_var_audits_switches_s_flipper_right_lower_eos'====== Args={'value': 14, 'prev_value': 13, 'change': 1}
2026-03-01 11:30:12,821 : INFO : SwitchController : <<<<<<< 's_flipper_right_upper_eos' inactive >>>>>>>
2026-03-01 11:30:12,914 : INFO : SwitchController : <<<<<<< 's_flipper_left' inactive >>>>>>>
2026-03-01 11:30:13,004 : INFO : SwitchController : <<<<<<< 's_flipper_left_eos' active >>>>>>>
2026-03-01 11:30:13,004 : INFO : EventManager : Event: ======'machine_var_audits_switches_s_flipper_left_eos'====== Args={'value': 1, 'prev_value': 0, 'change': 1}
2026-03-01 11:30:14,117 : INFO : SwitchController : <<<<<<< 's_flipper_right_upper' active >>>>>>>
2026-03-01 11:30:14,117 : INFO : EventManager : Event: ======'machine_var_audits_switches_s_flipper_right_upper'====== Args={'value': 31, 'prev_value': 30, 'change': 1}
2026-03-01 11:30:14,120 : INFO : SwitchController : <<<<<<< 's_flipper_right_lower' active >>>>>>>
2026-03-01 11:30:14,120 : INFO : EventManager : Event: ======'machine_var_audits_switches_s_flipper_right_lower'====== Args={'value': 31, 'prev_value': 30, 'change': 1}
2026-03-01 11:30:14,148 : INFO : SwitchController : <<<<<<< 's_flipper_right_lower_eos' inactive >>>>>>>
2026-03-01 11:30:14,190 : INFO : SwitchController : <<<<<<< 's_flipper_right_upper_eos' active >>>>>>>
2026-03-01 11:30:14,191 : INFO : EventManager : Event: ======'machine_var_audits_switches_s_flipper_right_upper_eos'====== Args={'value': 16, 'prev_value': 15, 'change': 1}
2026-03-01 11:30:14,336 : INFO : SwitchController : <<<<<<< 's_flipper_right_lower' inactive >>>>>>>
2026-03-01 11:30:14,340 : INFO : SwitchController : <<<<<<< 's_flipper_right_upper' inactive >>>>>>>
2026-03-01 11:30:14,368 : INFO : SwitchController : <<<<<<< 's_flipper_right_upper_eos' inactive >>>>>>>
2026-03-01 11:30:14,430 : INFO : SwitchController : <<<<<<< 's_flipper_right_lower_eos' active >>>>>>>
2026-03-01 11:30:14,430 : INFO : EventManager : Event: ======'machine_var_audits_switches_s_flipper_right_lower_eos'====== Args={'value': 15, 'prev_value': 14, 'change': 1}
2026-03-01 11:30:14,540 : INFO : SwitchController : <<<<<<< 's_flipper_right_upper' active >>>>>>>
2026-03-01 11:30:14,540 : INFO : EventManager : Event: ======'machine_var_audits_switches_s_flipper_right_upper'====== Args={'value': 32, 'prev_value': 31, 'change': 1}
2026-03-01 11:30:14,541 : INFO : SwitchController : <<<<<<< 's_flipper_right_lower' active >>>>>>>
2026-03-01 11:30:14,541 : INFO : EventManager : Event: ======'machine_var_audits_switches_s_flipper_right_lower'====== Args={'value': 32, 'prev_value': 31, 'change': 1}
2026-03-01 11:30:14,563 : INFO : SwitchController : <<<<<<< 's_flipper_right_upper_eos' active >>>>>>>
2026-03-01 11:30:14,563 : INFO : EventManager : Event: ======'machine_var_audits_switches_s_flipper_right_upper_eos'====== Args={'value': 17, 'prev_value': 16, 'change': 1}
2026-03-01 11:30:14,569 : INFO : SwitchController : <<<<<<< 's_flipper_right_lower_eos' inactive >>>>>>>
2026-03-01 11:30:14,718 : INFO : SwitchController : <<<<<<< 's_flipper_right_lower' inactive >>>>>>>
2026-03-01 11:30:14,724 : INFO : SwitchController : <<<<<<< 's_flipper_right_upper' inactive >>>>>>>
2026-03-01 11:30:14,812 : INFO : SwitchController : <<<<<<< 's_flipper_right_lower_eos' active >>>>>>>
2026-03-01 11:30:14,812 : INFO : EventManager : Event: ======'machine_var_audits_switches_s_flipper_right_lower_eos'====== Args={'value': 16, 'prev_value': 15, 'change': 1}
2026-03-01 11:30:14,813 : INFO : SwitchController : <<<<<<< 's_flipper_right_upper_eos' inactive >>>>>>>
2026-03-01 11:30:15,972 : INFO : SwitchController : <<<<<<< 's_flipper_right_lower' active >>>>>>>
2026-03-01 11:30:15,972 : INFO : EventManager : Event: ======'machine_var_audits_switches_s_flipper_right_lower'====== Args={'value': 33, 'prev_value': 32, 'change': 1}
2026-03-01 11:30:15,985 : INFO : SwitchController : <<<<<<< 's_flipper_right_upper' active >>>>>>>
2026-03-01 11:30:15,985 : INFO : EventManager : Event: ======'machine_var_audits_switches_s_flipper_right_upper'====== Args={'value': 33, 'prev_value': 32, 'change': 1}
2026-03-01 11:30:16,000 : INFO : SwitchController : <<<<<<< 's_flipper_right_lower_eos' inactive >>>>>>>
2026-03-01 11:30:16,033 : INFO : SwitchController : <<<<<<< 's_flipper_right_upper_eos' active >>>>>>>
2026-03-01 11:30:16,033 : INFO : EventManager : Event: ======'machine_var_audits_switches_s_flipper_right_upper_eos'====== Args={'value': 18, 'prev_value': 17, 'change': 1}
2026-03-01 11:30:16,171 : INFO : SwitchController : <<<<<<< 's_flipper_right_lower' inactive >>>>>>>
2026-03-01 11:30:16,176 : INFO : SwitchController : <<<<<<< 's_flipper_right_upper' inactive >>>>>>>
2026-03-01 11:30:16,202 : INFO : EventManager : Event: ======'balldevice_bd_trough_ball_count_changed'====== Args={'balls': 2}
2026-03-01 11:30:16,202 : WARNING : ball_device.bd_trough : Ball disappeared while idle. This should not normally happen.
2026-03-01 11:30:16,202 : INFO : EventManager : Event: ======'balldevice_playfield_ball_enter'====== Args={'new_balls': 1, 'unclaimed_balls': 1, 'device': <playfield.playfield>}
2026-03-01 11:30:16,202 : INFO : EventManager : Event: ======'playfield_ball_count_change'====== Args={'balls': 1, 'change': 1}
2026-03-01 11:30:16,202 : INFO : ball_device.bd_trough : 1 ball(s) missing from device. Mechanical eject? False
2026-03-01 11:30:16,203 : INFO : EventManager : Event: ======'balldevice_bd_trough_ball_missing'====== Args={'balls': 1}
2026-03-01 11:30:16,203 : INFO : EventManager : Event: ======'balldevice_ball_missing'====== Args={'balls': 1, 'name': 'bd_trough'}
2026-03-01 11:30:16,203 : WARNING : ball_device.bd_trough : Ball disappeared while idle. This should not normally happen.
2026-03-01 11:30:16,203 : INFO : EventManager : Event: ======'balldevice_playfield_ball_enter'====== Args={'new_balls': 1, 'unclaimed_balls': 1, 'device': <playfield.playfield>}
2026-03-01 11:30:16,204 : INFO : EventManager : Event: ======'playfield_ball_count_change'====== Args={'balls': 2, 'change': 1}
2026-03-01 11:30:16,204 : INFO : ball_device.bd_trough : 1 ball(s) missing from device. Mechanical eject? False
2026-03-01 11:30:16,204 : INFO : EventManager : Event: ======'balldevice_bd_trough_ball_missing'====== Args={'balls': 1}
2026-03-01 11:30:16,204 : INFO : EventManager : Event: ======'balldevice_ball_missing'====== Args={'balls': 1, 'name': 'bd_trough'}
2026-03-01 11:30:16,204 : WARNING : ball_device.bd_trough : Ball disappeared while idle. This should not normally happen.
2026-03-01 11:30:16,204 : INFO : EventManager : Event: ======'balldevice_playfield_ball_enter'====== Args={'new_balls': 1, 'unclaimed_balls': 1, 'device': <playfield.playfield>}
2026-03-01 11:30:16,204 : INFO : EventManager : Event: ======'playfield_ball_count_change'====== Args={'balls': 3, 'change': 1}
2026-03-01 11:30:16,204 : INFO : ball_device.bd_trough : 1 ball(s) missing from device. Mechanical eject? False
2026-03-01 11:30:16,205 : INFO : EventManager : Event: ======'balldevice_bd_trough_ball_missing'====== Args={'balls': 1}
2026-03-01 11:30:16,205 : INFO : EventManager : Event: ======'balldevice_ball_missing'====== Args={'balls': 1, 'name': 'bd_trough'}
2026-03-01 11:30:16,205 : WARNING : ball_device.bd_trough : Ball disappeared while idle. This should not normally happen.
2026-03-01 11:30:16,205 : INFO : EventManager : Event: ======'balldevice_playfield_ball_enter'====== Args={'new_balls': 1, 'unclaimed_balls': 1, 'device': <playfield.playfield>}
2026-03-01 11:30:16,205 : INFO : EventManager : Event: ======'playfield_ball_count_change'====== Args={'balls': 4, 'change': 1}
2026-03-01 11:30:16,205 : INFO : ball_device.bd_trough : 1 ball(s) missing from device. Mechanical eject? False
2026-03-01 11:30:16,205 : INFO : EventManager : Event: ======'balldevice_bd_trough_ball_missing'====== Args={'balls': 1}
2026-03-01 11:30:16,206 : INFO : EventManager : Event: ======'balldevice_ball_missing'====== Args={'balls': 1, 'name': 'bd_trough'}
2026-03-01 11:30:16,212 : INFO : SwitchController : <<<<<<< 's_flipper_right_upper_eos' inactive >>>>>>>
2026-03-01 11:30:16,266 : INFO : SwitchController : <<<<<<< 's_flipper_right_lower_eos' active >>>>>>>
2026-03-01 11:30:16,266 : INFO : EventManager : Event: ======'machine_var_audits_switches_s_flipper_right_lower_eos'====== Args={'value': 17, 'prev_value': 16, 'change': 1}
2026-03-01 11:30:16,466 : INFO : SwitchController : <<<<<<< 's_flipper_left' active >>>>>>>
2026-03-01 11:30:16,466 : INFO : EventManager : Event: ======'machine_var_audits_switches_s_flipper_left'====== Args={'value': 3, 'prev_value': 2, 'change': 1}
2026-03-01 11:30:16,489 : INFO : SwitchController : <<<<<<< 's_flipper_left_eos' inactive >>>>>>>
2026-03-01 11:30:16,491 : INFO : SwitchController : <<<<<<< 's_flipper_left' inactive >>>>>>>
2026-03-01 11:30:16,493 : INFO : SwitchController : <<<<<<< 's_flipper_left' active >>>>>>>
2026-03-01 11:30:16,493 : INFO : EventManager : Event: ======'machine_var_audits_switches_s_flipper_left'====== Args={'value': 4, 'prev_value': 3, 'change': 1}
2026-03-01 11:30:16,512 : INFO : SwitchController : <<<<<<< 's_flipper_left' inactive >>>>>>>
2026-03-01 11:30:16,608 : INFO : SwitchController : <<<<<<< 's_flipper_left_eos' active >>>>>>>
2026-03-01 11:30:16,608 : INFO : EventManager : Event: ======'machine_var_audits_switches_s_flipper_left_eos'====== Args={'value': 2, 'prev_value': 1, 'change': 1}
2026-03-01 11:30:16,777 : INFO : SwitchController : <<<<<<< 's_flipper_right_upper' active >>>>>>>
2026-03-01 11:30:16,777 : INFO : EventManager : Event: ======'machine_var_audits_switches_s_flipper_right_upper'====== Args={'value': 34, 'prev_value': 33, 'change': 1}
2026-03-01 11:30:16,778 : INFO : SwitchController : <<<<<<< 's_flipper_right_lower' active >>>>>>>
2026-03-01 11:30:16,778 : INFO : EventManager : Event: ======'machine_var_audits_switches_s_flipper_right_lower'====== Args={'value': 34, 'prev_value': 33, 'change': 1}
2026-03-01 11:30:16,801 : INFO : SwitchController : <<<<<<< 's_flipper_right_upper_eos' active >>>>>>>
2026-03-01 11:30:16,802 : INFO : EventManager : Event: ======'machine_var_audits_switches_s_flipper_right_upper_eos'====== Args={'value': 19, 'prev_value': 18, 'change': 1}
2026-03-01 11:30:16,806 : INFO : SwitchController : <<<<<<< 's_flipper_right_lower_eos' inactive >>>>>>>
2026-03-01 11:30:16,923 : INFO : SwitchController : <<<<<<< 's_flipper_right_lower' inactive >>>>>>>
2026-03-01 11:30:16,927 : INFO : SwitchController : <<<<<<< 's_flipper_right_upper' inactive >>>>>>>
2026-03-01 11:30:17,018 : INFO : SwitchController : <<<<<<< 's_flipper_right_lower_eos' active >>>>>>>
2026-03-01 11:30:17,018 : INFO : EventManager : Event: ======'machine_var_audits_switches_s_flipper_right_lower_eos'====== Args={'value': 18, 'prev_value': 17, 'change': 1}
2026-03-01 11:30:17,019 : INFO : SwitchController : <<<<<<< 's_flipper_right_upper_eos' inactive >>>>>>>
2026-03-01 11:30:17,060 : INFO : SwitchController : <<<<<<< 's_flipper_left' active >>>>>>>
2026-03-01 11:30:17,061 : INFO : EventManager : Event: ======'machine_var_audits_switches_s_flipper_left'====== Args={'value': 5, 'prev_value': 4, 'change': 1}
2026-03-01 11:30:17,084 : INFO : SwitchController : <<<<<<< 's_flipper_left_eos' inactive >>>>>>>
2026-03-01 11:30:17,241 : INFO : SwitchController : <<<<<<< 's_flipper_left' inactive >>>>>>>
2026-03-01 11:30:17,330 : INFO : SwitchController : <<<<<<< 's_flipper_left_eos' active >>>>>>>
2026-03-01 11:30:17,330 : INFO : EventManager : Event: ======'machine_var_audits_switches_s_flipper_left_eos'====== Args={'value': 3, 'prev_value': 2, 'change': 1}
2026-03-01 11:30:18,336 : INFO : SwitchController : <<<<<<< 's_flipper_left' active >>>>>>>
2026-03-01 11:30:18,336 : INFO : EventManager : Event: ======'machine_var_audits_switches_s_flipper_left'====== Args={'value': 6, 'prev_value': 5, 'change': 1}
2026-03-01 11:30:18,360 : INFO : SwitchController : <<<<<<< 's_flipper_left_eos' inactive >>>>>>>
2026-03-01 11:30:18,394 : INFO : SwitchController : <<<<<<< 's_flipper_left' inactive >>>>>>>
2026-03-01 11:30:18,483 : INFO : SwitchController : <<<<<<< 's_flipper_left_eos' active >>>>>>>
2026-03-01 11:30:18,483 : INFO : EventManager : Event: ======'machine_var_audits_switches_s_flipper_left_eos'====== Args={'value': 4, 'prev_value': 3, 'change': 1}
2026-03-01 11:30:20,291 : INFO : SwitchController : <<<<<<< 's_plunger_lane' active >>>>>>>
2026-03-01 11:30:20,291 : INFO : EventManager : Event: ======'machine_var_audits_switches_s_plunger_lane'====== Args={'value': 5, 'prev_value': 4, 'change': 1}
2026-03-01 11:30:20,951 : INFO : SwitchController : <<<<<<< 's_plunger_lane' inactive >>>>>>>
2026-03-01 11:30:21,701 : INFO : ball_device.bd_plunger : State: failed_confirm
2026-03-01 11:30:21,701 : INFO : ball_device.bd_plunger : Got timeout (10.0s) before confirm from <playfield.playfield>
2026-03-01 11:30:21,803 : INFO : ball_device.bd_plunger : Confirming eject because target is playfield and ball did not return.
2026-03-01 11:30:21,803 : INFO : ball_device.bd_plunger : Eject successful
2026-03-01 11:30:21,803 : INFO : EventManager : Event: ======'balldevice_bd_plunger_ball_eject_success'====== Args={'balls': 1, 'target': <playfield.playfield>}
2026-03-01 11:30:21,804 : INFO : EventManager : Event: ======'balldevice_playfield_ball_enter'====== Args={'new_balls': 1, 'unclaimed_balls': 1, 'device': <playfield.playfield>}
2026-03-01 11:30:21,804 : INFO : EventManager : Event: ======'playfield_ball_count_change'====== Args={'balls': 5, 'change': 1}
2026-03-01 11:30:21,804 : INFO : EventManager : Event: ======'balldevice_bd_plunger_ball_count_changed'====== Args={'balls': 0}
2026-03-01 11:30:21,804 : INFO : ball_device.bd_plunger : State: idle
2026-03-01 11:30:21,997 : INFO : SwitchController : <<<<<<< 's_flipper_right_lower' active >>>>>>>
2026-03-01 11:30:21,997 : INFO : EventManager : Event: ======'machine_var_audits_switches_s_flipper_right_lower'====== Args={'value': 35, 'prev_value': 34, 'change': 1}
2026-03-01 11:30:21,998 : INFO : SwitchController : <<<<<<< 's_flipper_right_upper' active >>>>>>>
2026-03-01 11:30:21,998 : INFO : EventManager : Event: ======'machine_var_audits_switches_s_flipper_right_upper'====== Args={'value': 35, 'prev_value': 34, 'change': 1}
2026-03-01 11:30:22,019 : INFO : SwitchController : <<<<<<< 's_flipper_right_upper_eos' active >>>>>>>
2026-03-01 11:30:22,019 : INFO : EventManager : Event: ======'machine_var_audits_switches_s_flipper_right_upper_eos'====== Args={'value': 20, 'prev_value': 19, 'change': 1}
2026-03-01 11:30:22,025 : INFO : SwitchController : <<<<<<< 's_flipper_right_lower_eos' inactive >>>>>>>
2026-03-01 11:30:22,109 : INFO : SwitchController : <<<<<<< 's_flipper_right_lower' inactive >>>>>>>
2026-03-01 11:30:22,116 : INFO : SwitchController : <<<<<<< 's_flipper_right_upper' inactive >>>>>>>
2026-03-01 11:30:22,134 : INFO : SwitchController : <<<<<<< 's_flipper_left' active >>>>>>>
2026-03-01 11:30:22,134 : INFO : EventManager : Event: ======'machine_var_audits_switches_s_flipper_left'====== Args={'value': 7, 'prev_value': 6, 'change': 1}
2026-03-01 11:30:22,158 : INFO : SwitchController : <<<<<<< 's_flipper_left_eos' inactive >>>>>>>
2026-03-01 11:30:22,203 : INFO : SwitchController : <<<<<<< 's_flipper_right_lower_eos' active >>>>>>>
2026-03-01 11:30:22,203 : INFO : EventManager : Event: ======'machine_var_audits_switches_s_flipper_right_lower_eos'====== Args={'value': 19, 'prev_value': 18, 'change': 1}
2026-03-01 11:30:22,207 : INFO : SwitchController : <<<<<<< 's_flipper_right_upper_eos' inactive >>>>>>>
2026-03-01 11:30:22,282 : INFO : SwitchController : <<<<<<< 's_flipper_left' inactive >>>>>>>
2026-03-01 11:30:22,370 : INFO : SwitchController : <<<<<<< 's_flipper_left_eos' active >>>>>>>
2026-03-01 11:30:22,370 : INFO : EventManager : Event: ======'machine_var_audits_switches_s_flipper_left_eos'====== Args={'value': 5, 'prev_value': 4, 'change': 1}
2026-03-01 11:30:22,378 : INFO : SwitchController : <<<<<<< 's_flipper_right_upper' active >>>>>>>
2026-03-01 11:30:22,378 : INFO : EventManager : Event: ======'machine_var_audits_switches_s_flipper_right_upper'====== Args={'value': 36, 'prev_value': 35, 'change': 1}
2026-03-01 11:30:22,379 : INFO : SwitchController : <<<<<<< 's_flipper_right_lower' active >>>>>>>
2026-03-01 11:30:22,379 : INFO : EventManager : Event: ======'machine_var_audits_switches_s_flipper_right_lower'====== Args={'value': 36, 'prev_value': 35, 'change': 1}
2026-03-01 11:30:22,403 : INFO : SwitchController : <<<<<<< 's_flipper_right_upper_eos' active >>>>>>>
2026-03-01 11:30:22,403 : INFO : EventManager : Event: ======'machine_var_audits_switches_s_flipper_right_upper_eos'====== Args={'value': 21, 'prev_value': 20, 'change': 1}
2026-03-01 11:30:22,408 : INFO : SwitchController : <<<<<<< 's_flipper_right_lower_eos' inactive >>>>>>>
2026-03-01 11:30:22,493 : INFO : SwitchController : <<<<<<< 's_flipper_right_lower' inactive >>>>>>>
2026-03-01 11:30:22,498 : INFO : SwitchController : <<<<<<< 's_flipper_right_upper' inactive >>>>>>>
2026-03-01 11:30:22,588 : INFO : SwitchController : <<<<<<< 's_flipper_right_lower_eos' active >>>>>>>
2026-03-01 11:30:22,588 : INFO : EventManager : Event: ======'machine_var_audits_switches_s_flipper_right_lower_eos'====== Args={'value': 20, 'prev_value': 19, 'change': 1}
2026-03-01 11:30:22,589 : INFO : SwitchController : <<<<<<< 's_flipper_right_upper_eos' inactive >>>>>>>
2026-03-01 11:30:22,657 : INFO : SwitchController : <<<<<<< 's_flipper_left' active >>>>>>>
2026-03-01 11:30:22,657 : INFO : EventManager : Event: ======'machine_var_audits_switches_s_flipper_left'====== Args={'value': 8, 'prev_value': 7, 'change': 1}
2026-03-01 11:30:22,673 : INFO : SwitchController : <<<<<<< 's_flipper_left' inactive >>>>>>>
2026-03-01 11:30:22,680 : INFO : SwitchController : <<<<<<< 's_flipper_left_eos' inactive >>>>>>>
2026-03-01 11:30:22,701 : INFO : SwitchController : <<<<<<< 's_flipper_left_eos' active >>>>>>>
2026-03-01 11:30:22,701 : INFO : EventManager : Event: ======'machine_var_audits_switches_s_flipper_left_eos'====== Args={'value': 6, 'prev_value': 5, 'change': 1}
2026-03-01 11:30:22,985 : INFO : SwitchController : <<<<<<< 's_flipper_left' active >>>>>>>
2026-03-01 11:30:22,985 : INFO : EventManager : Event: ======'machine_var_audits_switches_s_flipper_left'====== Args={'value': 9, 'prev_value': 8, 'change': 1}
2026-03-01 11:30:23,007 : INFO : SwitchController : <<<<<<< 's_flipper_left_eos' inactive >>>>>>>
2026-03-01 11:30:23,109 : INFO : SwitchController : <<<<<<< 's_flipper_left' inactive >>>>>>>
2026-03-01 11:30:23,198 : INFO : SwitchController : <<<<<<< 's_flipper_left_eos' active >>>>>>>
2026-03-01 11:30:23,198 : INFO : EventManager : Event: ======'machine_var_audits_switches_s_flipper_left_eos'====== Args={'value': 7, 'prev_value': 6, 'change': 1}
2026-03-01 11:30:23,222 : INFO : SwitchController : <<<<<<< 's_flipper_right_lower' active >>>>>>>
2026-03-01 11:30:23,222 : INFO : EventManager : Event: ======'machine_var_audits_switches_s_flipper_right_lower'====== Args={'value': 37, 'prev_value': 36, 'change': 1}
2026-03-01 11:30:23,224 : INFO : SwitchController : <<<<<<< 's_flipper_right_upper' active >>>>>>>
2026-03-01 11:30:23,224 : INFO : EventManager : Event: ======'machine_var_audits_switches_s_flipper_right_upper'====== Args={'value': 37, 'prev_value': 36, 'change': 1}
2026-03-01 11:30:23,248 : INFO : SwitchController : <<<<<<< 's_flipper_right_upper_eos' active >>>>>>>
2026-03-01 11:30:23,249 : INFO : EventManager : Event: ======'machine_var_audits_switches_s_flipper_right_upper_eos'====== Args={'value': 22, 'prev_value': 21, 'change': 1}
2026-03-01 11:30:23,250 : INFO : SwitchController : <<<<<<< 's_flipper_right_lower_eos' inactive >>>>>>>
2026-03-01 11:30:23,436 : INFO : SwitchController : <<<<<<< 's_flipper_right_lower' inactive >>>>>>>
2026-03-01 11:30:23,440 : INFO : SwitchController : <<<<<<< 's_flipper_right_upper' inactive >>>>>>>
2026-03-01 11:30:23,530 : INFO : SwitchController : <<<<<<< 's_flipper_right_lower_eos' active >>>>>>>
2026-03-01 11:30:23,531 : INFO : EventManager : Event: ======'machine_var_audits_switches_s_flipper_right_lower_eos'====== Args={'value': 21, 'prev_value': 20, 'change': 1}
2026-03-01 11:30:23,531 : INFO : SwitchController : <<<<<<< 's_flipper_right_upper_eos' inactive >>>>>>>
2026-03-01 11:30:25,680 : INFO : SwitchController : <<<<<<< 's_flipper_left' active >>>>>>>
2026-03-01 11:30:25,681 : INFO : EventManager : Event: ======'machine_var_audits_switches_s_flipper_left'====== Args={'value': 10, 'prev_value': 9, 'change': 1}
2026-03-01 11:30:25,858 : INFO : SwitchController : <<<<<<< 's_flipper_left' inactive >>>>>>>
2026-03-01 11:30:30,521 : INFO : SwitchController : <<<<<<< 's_flipper_right_lower' active >>>>>>>
2026-03-01 11:30:30,521 : INFO : EventManager : Event: ======'machine_var_audits_switches_s_flipper_right_lower'====== Args={'value': 38, 'prev_value': 37, 'change': 1}
2026-03-01 11:30:30,530 : INFO : SwitchController : <<<<<<< 's_flipper_right_upper' active >>>>>>>
2026-03-01 11:30:30,530 : INFO : EventManager : Event: ======'machine_var_audits_switches_s_flipper_right_upper'====== Args={'value': 38, 'prev_value': 37, 'change': 1}
2026-03-01 11:30:30,554 : INFO : SwitchController : <<<<<<< 's_flipper_right_upper_eos' active >>>>>>>
2026-03-01 11:30:30,555 : INFO : EventManager : Event: ======'machine_var_audits_switches_s_flipper_right_upper_eos'====== Args={'value': 23, 'prev_value': 22, 'change': 1}
2026-03-01 11:30:30,711 : INFO : SwitchController : <<<<<<< 's_flipper_right_lower' inactive >>>>>>>
2026-03-01 11:30:30,712 : INFO : SwitchController : <<<<<<< 's_flipper_right_upper' inactive >>>>>>>
2026-03-01 11:30:30,732 : INFO : SwitchController : <<<<<<< 's_sling_left' active >>>>>>>
2026-03-01 11:30:30,732 : INFO : EventManager : Event: ======'machine_var_audits_switches_s_sling_left'====== Args={'value': 161, 'prev_value': 160, 'change': 1}
2026-03-01 11:30:30,739 : INFO : SwitchController : <<<<<<< 's_sling_left' inactive >>>>>>>
2026-03-01 11:30:30,804 : INFO : SwitchController : <<<<<<< 's_flipper_right_upper_eos' inactive >>>>>>>
2026-03-01 11:30:31,136 : INFO : SwitchController : <<<<<<< 's_flipper_right_upper' active >>>>>>>
2026-03-01 11:30:31,137 : INFO : EventManager : Event: ======'machine_var_audits_switches_s_flipper_right_upper'====== Args={'value': 39, 'prev_value': 38, 'change': 1}
2026-03-01 11:30:31,138 : INFO : SwitchController : <<<<<<< 's_flipper_right_lower' active >>>>>>>
2026-03-01 11:30:31,139 : INFO : EventManager : Event: ======'machine_var_audits_switches_s_flipper_right_lower'====== Args={'value': 39, 'prev_value': 38, 'change': 1}
2026-03-01 11:30:31,161 : INFO : SwitchController : <<<<<<< 's_flipper_right_upper_eos' active >>>>>>>
2026-03-01 11:30:31,161 : INFO : EventManager : Event: ======'machine_var_audits_switches_s_flipper_right_upper_eos'====== Args={'value': 24, 'prev_value': 23, 'change': 1}
2026-03-01 11:30:31,167 : INFO : SwitchController : <<<<<<< 's_flipper_right_lower_eos' inactive >>>>>>>
2026-03-01 11:30:31,281 : INFO : SwitchController : <<<<<<< 's_flipper_right_lower' inactive >>>>>>>
2026-03-01 11:30:31,285 : INFO : SwitchController : <<<<<<< 's_flipper_right_upper' inactive >>>>>>>
2026-03-01 11:30:31,303 : INFO : SwitchController : <<<<<<< 's_flipper_left' active >>>>>>>
2026-03-01 11:30:31,303 : INFO : EventManager : Event: ======'machine_var_audits_switches_s_flipper_left'====== Args={'value': 11, 'prev_value': 10, 'change': 1}
2026-03-01 11:30:31,327 : INFO : SwitchController : <<<<<<< 's_flipper_left_eos' inactive >>>>>>>
2026-03-01 11:30:31,375 : INFO : SwitchController : <<<<<<< 's_flipper_right_lower_eos' active >>>>>>>
2026-03-01 11:30:31,375 : INFO : EventManager : Event: ======'machine_var_audits_switches_s_flipper_right_lower_eos'====== Args={'value': 22, 'prev_value': 21, 'change': 1}
2026-03-01 11:30:31,376 : INFO : SwitchController : <<<<<<< 's_flipper_right_upper_eos' inactive >>>>>>>
2026-03-01 11:30:31,462 : INFO : SwitchController : <<<<<<< 's_flipper_left' inactive >>>>>>>
2026-03-01 11:30:31,548 : INFO : SwitchController : <<<<<<< 's_flipper_left_eos' active >>>>>>>
2026-03-01 11:30:31,549 : INFO : EventManager : Event: ======'machine_var_audits_switches_s_flipper_left_eos'====== Args={'value': 8, 'prev_value': 7, 'change': 1}
2026-03-01 11:30:33,473 : INFO : SwitchController : <<<<<<< 's_sling_left' active >>>>>>>
2026-03-01 11:30:33,473 : INFO : EventManager : Event: ======'machine_var_audits_switches_s_sling_left'====== Args={'value': 162, 'prev_value': 161, 'change': 1}
2026-03-01 11:30:33,490 : INFO : SwitchController : <<<<<<< 's_sling_left' inactive >>>>>>>
2026-03-01 11:30:33,562 : INFO : SwitchController : <<<<<<< 's_sling_right' active >>>>>>>
2026-03-01 11:30:33,563 : INFO : EventManager : Event: ======'machine_var_audits_switches_s_sling_right'====== Args={'value': 5, 'prev_value': 4, 'change': 1}
2026-03-01 11:30:33,570 : INFO : SwitchController : <<<<<<< 's_sling_right' inactive >>>>>>>
2026-03-01 11:30:34,694 : INFO : SwitchController : <<<<<<< 's_flipper_left' active >>>>>>>
2026-03-01 11:30:34,695 : INFO : EventManager : Event: ======'machine_var_audits_switches_s_flipper_left'====== Args={'value': 12, 'prev_value': 11, 'change': 1}
2026-03-01 11:30:34,718 : INFO : SwitchController : <<<<<<< 's_flipper_left_eos' inactive >>>>>>>
2026-03-01 11:30:34,888 : INFO : SwitchController : <<<<<<< 's_flipper_left' inactive >>>>>>>
2026-03-01 11:30:34,974 : INFO : SwitchController : <<<<<<< 's_flipper_left_eos' active >>>>>>>
2026-03-01 11:30:34,974 : INFO : EventManager : Event: ======'machine_var_audits_switches_s_flipper_left_eos'====== Args={'value': 9, 'prev_value': 8, 'change': 1}
2026-03-01 11:30:35,225 : INFO : SwitchController : <<<<<<< 's_flipper_left' active >>>>>>>
2026-03-01 11:30:35,225 : INFO : EventManager : Event: ======'machine_var_audits_switches_s_flipper_left'====== Args={'value': 13, 'prev_value': 12, 'change': 1}
2026-03-01 11:30:35,367 : INFO : SwitchController : <<<<<<< 's_flipper_left' inactive >>>>>>>
2026-03-01 11:30:35,692 : INFO : SwitchController : <<<<<<< 's_flipper_right_upper' active >>>>>>>
2026-03-01 11:30:35,692 : INFO : EventManager : Event: ======'machine_var_audits_switches_s_flipper_right_upper'====== Args={'value': 40, 'prev_value': 39, 'change': 1}
2026-03-01 11:30:35,694 : INFO : SwitchController : <<<<<<< 's_flipper_right_lower' active >>>>>>>
2026-03-01 11:30:35,694 : INFO : EventManager : Event: ======'machine_var_audits_switches_s_flipper_right_lower'====== Args={'value': 40, 'prev_value': 39, 'change': 1}
2026-03-01 11:30:35,716 : INFO : SwitchController : <<<<<<< 's_flipper_right_upper_eos' active >>>>>>>
2026-03-01 11:30:35,717 : INFO : EventManager : Event: ======'machine_var_audits_switches_s_flipper_right_upper_eos'====== Args={'value': 25, 'prev_value': 24, 'change': 1}
2026-03-01 11:30:35,722 : INFO : SwitchController : <<<<<<< 's_flipper_right_lower_eos' inactive >>>>>>>
2026-03-01 11:30:35,833 : INFO : SwitchController : <<<<<<< 's_flipper_right_lower' inactive >>>>>>>
2026-03-01 11:30:35,841 : INFO : SwitchController : <<<<<<< 's_flipper_right_upper' inactive >>>>>>>
2026-03-01 11:30:35,892 : INFO : SwitchController : <<<<<<< 's_flipper_left' active >>>>>>>
2026-03-01 11:30:35,892 : INFO : EventManager : Event: ======'machine_var_audits_switches_s_flipper_left'====== Args={'value': 14, 'prev_value': 13, 'change': 1}
2026-03-01 11:30:35,915 : INFO : SwitchController : <<<<<<< 's_flipper_left_eos' inactive >>>>>>>
2026-03-01 11:30:35,930 : INFO : SwitchController : <<<<<<< 's_flipper_right_lower_eos' active >>>>>>>
2026-03-01 11:30:35,930 : INFO : EventManager : Event: ======'machine_var_audits_switches_s_flipper_right_lower_eos'====== Args={'value': 23, 'prev_value': 22, 'change': 1}
2026-03-01 11:30:35,932 : INFO : SwitchController : <<<<<<< 's_flipper_right_upper_eos' inactive >>>>>>>
2026-03-01 11:30:36,045 : INFO : SwitchController : <<<<<<< 's_flipper_left' inactive >>>>>>>
2026-03-01 11:30:36,133 : INFO : SwitchController : <<<<<<< 's_flipper_left_eos' active >>>>>>>
2026-03-01 11:30:36,133 : INFO : EventManager : Event: ======'machine_var_audits_switches_s_flipper_left_eos'====== Args={'value': 10, 'prev_value': 9, 'change': 1}
2026-03-01 11:30:36,258 : INFO : SwitchController : <<<<<<< 's_flipper_left' active >>>>>>>
2026-03-01 11:30:36,259 : INFO : EventManager : Event: ======'machine_var_audits_switches_s_flipper_left'====== Args={'value': 15, 'prev_value': 14, 'change': 1}
2026-03-01 11:30:36,259 : INFO : SwitchController : <<<<<<< 's_flipper_left_eos' inactive >>>>>>>
2026-03-01 11:30:36,338 : INFO : SwitchController : <<<<<<< 's_flipper_left' inactive >>>>>>>
2026-03-01 11:30:36,424 : INFO : SwitchController : <<<<<<< 's_flipper_left_eos' active >>>>>>>
2026-03-01 11:30:36,425 : INFO : EventManager : Event: ======'machine_var_audits_switches_s_flipper_left_eos'====== Args={'value': 11, 'prev_value': 10, 'change': 1}
2026-03-01 11:30:37,033 : INFO : SwitchController : <<<<<<< 's_flipper_right_lower' active >>>>>>>
2026-03-01 11:30:37,034 : INFO : EventManager : Event: ======'machine_var_audits_switches_s_flipper_right_lower'====== Args={'value': 41, 'prev_value': 40, 'change': 1}
2026-03-01 11:30:37,040 : INFO : SwitchController : <<<<<<< 's_flipper_right_upper' active >>>>>>>
2026-03-01 11:30:37,040 : INFO : EventManager : Event: ======'machine_var_audits_switches_s_flipper_right_upper'====== Args={'value': 41, 'prev_value': 40, 'change': 1}
2026-03-01 11:30:37,063 : INFO : SwitchController : <<<<<<< 's_flipper_right_upper_eos' active >>>>>>>
2026-03-01 11:30:37,063 : INFO : EventManager : Event: ======'machine_var_audits_switches_s_flipper_right_upper_eos'====== Args={'value': 26, 'prev_value': 25, 'change': 1}
2026-03-01 11:30:37,561 : INFO : SwitchController : <<<<<<< 's_flipper_left' active >>>>>>>
2026-03-01 11:30:37,561 : INFO : EventManager : Event: ======'machine_var_audits_switches_s_flipper_left'====== Args={'value': 16, 'prev_value': 15, 'change': 1}
2026-03-01 11:30:37,585 : INFO : SwitchController : <<<<<<< 's_flipper_left_eos' inactive >>>>>>>
2026-03-01 11:30:37,738 : INFO : SwitchController : <<<<<<< 's_flipper_left' inactive >>>>>>>
2026-03-01 11:30:37,824 : INFO : SwitchController : <<<<<<< 's_flipper_left_eos' active >>>>>>>
2026-03-01 11:30:37,824 : INFO : EventManager : Event: ======'machine_var_audits_switches_s_flipper_left_eos'====== Args={'value': 12, 'prev_value': 11, 'change': 1}
2026-03-01 11:30:38,700 : INFO : SwitchController : <<<<<<< 's_flipper_right_lower_eos' inactive >>>>>>>
2026-03-01 11:30:40,423 : INFO : SwitchController : <<<<<<< 's_flipper_left' active >>>>>>>
2026-03-01 11:30:40,423 : INFO : EventManager : Event: ======'machine_var_audits_switches_s_flipper_left'====== Args={'value': 17, 'prev_value': 16, 'change': 1}
2026-03-01 11:30:40,447 : INFO : SwitchController : <<<<<<< 's_flipper_left_eos' inactive >>>>>>>
2026-03-01 11:30:40,605 : INFO : SwitchController : <<<<<<< 's_flipper_left' inactive >>>>>>>
2026-03-01 11:30:40,693 : INFO : SwitchController : <<<<<<< 's_flipper_left_eos' active >>>>>>>
2026-03-01 11:30:40,693 : INFO : EventManager : Event: ======'machine_var_audits_switches_s_flipper_left_eos'====== Args={'value': 13, 'prev_value': 12, 'change': 1}
2026-03-01 11:30:42,323 : INFO : SwitchController : <<<<<<< 's_flipper_right_lower' inactive >>>>>>>
2026-03-01 11:30:42,324 : INFO : SwitchController : <<<<<<< 's_flipper_right_upper' inactive >>>>>>>
2026-03-01 11:30:42,415 : INFO : SwitchController : <<<<<<< 's_flipper_right_lower_eos' active >>>>>>>
2026-03-01 11:30:42,415 : INFO : EventManager : Event: ======'machine_var_audits_switches_s_flipper_right_lower_eos'====== Args={'value': 24, 'prev_value': 23, 'change': 1}
2026-03-01 11:30:42,417 : INFO : SwitchController : <<<<<<< 's_flipper_right_upper_eos' inactive >>>>>>>
2026-03-01 11:30:44,866 : INFO : SwitchController : <<<<<<< 's_flipper_right_upper' active >>>>>>>
2026-03-01 11:30:44,866 : INFO : EventManager : Event: ======'machine_var_audits_switches_s_flipper_right_upper'====== Args={'value': 42, 'prev_value': 41, 'change': 1}
2026-03-01 11:30:44,867 : INFO : SwitchController : <<<<<<< 's_flipper_right_lower' active >>>>>>>
2026-03-01 11:30:44,867 : INFO : EventManager : Event: ======'machine_var_audits_switches_s_flipper_right_lower'====== Args={'value': 42, 'prev_value': 41, 'change': 1}
2026-03-01 11:30:44,891 : INFO : SwitchController : <<<<<<< 's_flipper_right_upper_eos' active >>>>>>>
2026-03-01 11:30:44,892 : INFO : EventManager : Event: ======'machine_var_audits_switches_s_flipper_right_upper_eos'====== Args={'value': 27, 'prev_value': 26, 'change': 1}
2026-03-01 11:30:44,920 : INFO : SwitchController : <<<<<<< 's_flipper_right_lower' inactive >>>>>>>
2026-03-01 11:30:44,923 : INFO : SwitchController : <<<<<<< 's_flipper_right_upper' inactive >>>>>>>
2026-03-01 11:30:45,014 : INFO : SwitchController : <<<<<<< 's_flipper_right_upper_eos' inactive >>>>>>>
2026-03-01 11:30:45,435 : INFO : SwitchController : <<<<<<< 's_flipper_right_upper' active >>>>>>>
2026-03-01 11:30:45,435 : INFO : EventManager : Event: ======'machine_var_audits_switches_s_flipper_right_upper'====== Args={'value': 43, 'prev_value': 42, 'change': 1}
2026-03-01 11:30:45,437 : INFO : SwitchController : <<<<<<< 's_flipper_right_lower' active >>>>>>>
2026-03-01 11:30:45,437 : INFO : EventManager : Event: ======'machine_var_audits_switches_s_flipper_right_lower'====== Args={'value': 43, 'prev_value': 42, 'change': 1}
2026-03-01 11:30:45,458 : INFO : SwitchController : <<<<<<< 's_flipper_right_upper_eos' active >>>>>>>
2026-03-01 11:30:45,459 : INFO : EventManager : Event: ======'machine_var_audits_switches_s_flipper_right_upper_eos'====== Args={'value': 28, 'prev_value': 27, 'change': 1}
2026-03-01 11:30:45,463 : INFO : SwitchController : <<<<<<< 's_flipper_right_lower_eos' inactive >>>>>>>
2026-03-01 11:30:45,528 : INFO : SwitchController : <<<<<<< 's_flipper_right_lower' inactive >>>>>>>
2026-03-01 11:30:45,533 : INFO : SwitchController : <<<<<<< 's_flipper_right_upper' inactive >>>>>>>
2026-03-01 11:30:45,623 : INFO : SwitchController : <<<<<<< 's_flipper_right_lower_eos' active >>>>>>>
2026-03-01 11:30:45,623 : INFO : EventManager : Event: ======'machine_var_audits_switches_s_flipper_right_lower_eos'====== Args={'value': 25, 'prev_value': 24, 'change': 1}
2026-03-01 11:30:45,624 : INFO : SwitchController : <<<<<<< 's_flipper_right_upper_eos' inactive >>>>>>>
2026-03-01 11:30:45,632 : INFO : SwitchController : <<<<<<< 's_flipper_left' active >>>>>>>
2026-03-01 11:30:45,633 : INFO : EventManager : Event: ======'machine_var_audits_switches_s_flipper_left'====== Args={'value': 18, 'prev_value': 17, 'change': 1}
2026-03-01 11:30:45,656 : INFO : SwitchController : <<<<<<< 's_flipper_left_eos' inactive >>>>>>>
2026-03-01 11:30:45,743 : INFO : SwitchController : <<<<<<< 's_flipper_left' inactive >>>>>>>
2026-03-01 11:30:45,834 : INFO : SwitchController : <<<<<<< 's_flipper_left_eos' active >>>>>>>
2026-03-01 11:30:45,834 : INFO : EventManager : Event: ======'machine_var_audits_switches_s_flipper_left_eos'====== Args={'value': 14, 'prev_value': 13, 'change': 1}
2026-03-01 11:30:45,913 : INFO : SwitchController : <<<<<<< 's_flipper_right_upper' active >>>>>>>
2026-03-01 11:30:45,914 : INFO : EventManager : Event: ======'machine_var_audits_switches_s_flipper_right_upper'====== Args={'value': 44, 'prev_value': 43, 'change': 1}
2026-03-01 11:30:45,916 : INFO : SwitchController : <<<<<<< 's_flipper_right_lower' active >>>>>>>
2026-03-01 11:30:45,916 : INFO : EventManager : Event: ======'machine_var_audits_switches_s_flipper_right_lower'====== Args={'value': 44, 'prev_value': 43, 'change': 1}
2026-03-01 11:30:45,938 : INFO : SwitchController : <<<<<<< 's_flipper_right_upper_eos' active >>>>>>>
2026-03-01 11:30:45,938 : INFO : EventManager : Event: ======'machine_var_audits_switches_s_flipper_right_upper_eos'====== Args={'value': 29, 'prev_value': 28, 'change': 1}
2026-03-01 11:30:45,945 : INFO : SwitchController : <<<<<<< 's_flipper_right_lower_eos' inactive >>>>>>>
2026-03-01 11:30:46,016 : INFO : SwitchController : <<<<<<< 's_flipper_right_lower' inactive >>>>>>>
2026-03-01 11:30:46,024 : INFO : SwitchController : <<<<<<< 's_flipper_right_upper' inactive >>>>>>>
2026-03-01 11:30:46,111 : INFO : SwitchController : <<<<<<< 's_flipper_right_lower_eos' active >>>>>>>
2026-03-01 11:30:46,111 : INFO : EventManager : Event: ======'machine_var_audits_switches_s_flipper_right_lower_eos'====== Args={'value': 26, 'prev_value': 25, 'change': 1}
2026-03-01 11:30:46,115 : INFO : SwitchController : <<<<<<< 's_flipper_right_upper_eos' inactive >>>>>>>
2026-03-01 11:30:46,294 : INFO : SwitchController : <<<<<<< 's_flipper_right_lower' active >>>>>>>
2026-03-01 11:30:46,294 : INFO : EventManager : Event: ======'machine_var_audits_switches_s_flipper_right_lower'====== Args={'value': 45, 'prev_value': 44, 'change': 1}
2026-03-01 11:30:46,295 : INFO : SwitchController : <<<<<<< 's_flipper_right_upper' active >>>>>>>
2026-03-01 11:30:46,295 : INFO : EventManager : Event: ======'machine_var_audits_switches_s_flipper_right_upper'====== Args={'value': 45, 'prev_value': 44, 'change': 1}
2026-03-01 11:30:46,317 : INFO : SwitchController : <<<<<<< 's_flipper_right_upper_eos' active >>>>>>>
2026-03-01 11:30:46,317 : INFO : EventManager : Event: ======'machine_var_audits_switches_s_flipper_right_upper_eos'====== Args={'value': 30, 'prev_value': 29, 'change': 1}
2026-03-01 11:30:46,322 : INFO : SwitchController : <<<<<<< 's_flipper_right_lower_eos' inactive >>>>>>>
2026-03-01 11:30:46,381 : INFO : SwitchController : <<<<<<< 's_flipper_right_lower' inactive >>>>>>>
2026-03-01 11:30:46,388 : INFO : SwitchController : <<<<<<< 's_flipper_right_upper' inactive >>>>>>>
2026-03-01 11:30:46,475 : INFO : SwitchController : <<<<<<< 's_flipper_right_lower_eos' active >>>>>>>
2026-03-01 11:30:46,476 : INFO : EventManager : Event: ======'machine_var_audits_switches_s_flipper_right_lower_eos'====== Args={'value': 27, 'prev_value': 26, 'change': 1}
2026-03-01 11:30:46,479 : INFO : SwitchController : <<<<<<< 's_flipper_right_upper_eos' inactive >>>>>>>
2026-03-01 11:30:48,123 : INFO : SwitchController : <<<<<<< 's_flipper_left' active >>>>>>>
2026-03-01 11:30:48,123 : INFO : EventManager : Event: ======'machine_var_audits_switches_s_flipper_left'====== Args={'value': 19, 'prev_value': 18, 'change': 1}
2026-03-01 11:30:48,188 : INFO : SwitchController : <<<<<<< 's_flipper_left_eos' inactive >>>>>>>
2026-03-01 11:30:48,294 : INFO : SwitchController : <<<<<<< 's_flipper_left' inactive >>>>>>>
2026-03-01 11:30:48,345 : INFO : SwitchController : <<<<<<< 's_sling_right' active >>>>>>>
2026-03-01 11:30:48,346 : INFO : EventManager : Event: ======'machine_var_audits_switches_s_sling_right'====== Args={'value': 6, 'prev_value': 5, 'change': 1}
2026-03-01 11:30:48,360 : INFO : SwitchController : <<<<<<< 's_sling_right' inactive >>>>>>>
2026-03-01 11:30:48,380 : INFO : SwitchController : <<<<<<< 's_flipper_left_eos' active >>>>>>>
2026-03-01 11:30:48,380 : INFO : EventManager : Event: ======'machine_var_audits_switches_s_flipper_left_eos'====== Args={'value': 15, 'prev_value': 14, 'change': 1}
2026-03-01 11:30:48,882 : INFO : SwitchController : <<<<<<< 's_flipper_right_upper' active >>>>>>>
2026-03-01 11:30:48,882 : INFO : EventManager : Event: ======'machine_var_audits_switches_s_flipper_right_upper'====== Args={'value': 46, 'prev_value': 45, 'change': 1}
2026-03-01 11:30:48,885 : INFO : SwitchController : <<<<<<< 's_flipper_right_lower' active >>>>>>>
2026-03-01 11:30:48,885 : INFO : EventManager : Event: ======'machine_var_audits_switches_s_flipper_right_lower'====== Args={'value': 46, 'prev_value': 45, 'change': 1}
2026-03-01 11:30:48,905 : INFO : SwitchController : <<<<<<< 's_flipper_right_upper_eos' active >>>>>>>
2026-03-01 11:30:48,906 : INFO : EventManager : Event: ======'machine_var_audits_switches_s_flipper_right_upper_eos'====== Args={'value': 31, 'prev_value': 30, 'change': 1}
2026-03-01 11:30:48,911 : INFO : SwitchController : <<<<<<< 's_flipper_right_lower_eos' inactive >>>>>>>
2026-03-01 11:30:48,995 : INFO : SwitchController : <<<<<<< 's_flipper_right_lower' inactive >>>>>>>
2026-03-01 11:30:49,004 : INFO : SwitchController : <<<<<<< 's_flipper_right_upper' inactive >>>>>>>
2026-03-01 11:30:49,031 : INFO : SwitchController : <<<<<<< 's_flipper_left' active >>>>>>>
2026-03-01 11:30:49,031 : INFO : EventManager : Event: ======'machine_var_audits_switches_s_flipper_left'====== Args={'value': 20, 'prev_value': 19, 'change': 1}
2026-03-01 11:30:49,055 : INFO : SwitchController : <<<<<<< 's_flipper_left_eos' inactive >>>>>>>
2026-03-01 11:30:49,082 : INFO : SwitchController : <<<<<<< 's_flipper_right_lower_eos' active >>>>>>>
2026-03-01 11:30:49,083 : INFO : EventManager : Event: ======'machine_var_audits_switches_s_flipper_right_lower_eos'====== Args={'value': 28, 'prev_value': 27, 'change': 1}
2026-03-01 11:30:49,093 : INFO : SwitchController : <<<<<<< 's_flipper_right_upper_eos' inactive >>>>>>>
2026-03-01 11:30:49,152 : INFO : SwitchController : <<<<<<< 's_flipper_left' inactive >>>>>>>
2026-03-01 11:30:49,241 : INFO : SwitchController : <<<<<<< 's_flipper_left_eos' active >>>>>>>
2026-03-01 11:30:49,241 : INFO : EventManager : Event: ======'machine_var_audits_switches_s_flipper_left_eos'====== Args={'value': 16, 'prev_value': 15, 'change': 1}
2026-03-01 11:30:52,277 : INFO : SwitchController : <<<<<<< 's_flipper_left' active >>>>>>>
2026-03-01 11:30:52,277 : INFO : EventManager : Event: ======'machine_var_audits_switches_s_flipper_left'====== Args={'value': 21, 'prev_value': 20, 'change': 1}
2026-03-01 11:30:52,301 : INFO : SwitchController : <<<<<<< 's_flipper_left_eos' inactive >>>>>>>
2026-03-01 11:30:52,457 : INFO : SwitchController : <<<<<<< 's_flipper_left' inactive >>>>>>>
2026-03-01 11:30:52,545 : INFO : SwitchController : <<<<<<< 's_flipper_left_eos' active >>>>>>>
2026-03-01 11:30:52,545 : INFO : EventManager : Event: ======'machine_var_audits_switches_s_flipper_left_eos'====== Args={'value': 17, 'prev_value': 16, 'change': 1}
2026-03-01 11:30:52,691 : INFO : SwitchController : <<<<<<< 's_flipper_left' active >>>>>>>
2026-03-01 11:30:52,691 : INFO : EventManager : Event: ======'machine_var_audits_switches_s_flipper_left'====== Args={'value': 22, 'prev_value': 21, 'change': 1}
2026-03-01 11:30:52,743 : INFO : SwitchController : <<<<<<< 's_flipper_left_eos' inactive >>>>>>>
2026-03-01 11:30:52,825 : INFO : SwitchController : <<<<<<< 's_flipper_left' inactive >>>>>>>
2026-03-01 11:30:52,911 : INFO : SwitchController : <<<<<<< 's_flipper_left_eos' active >>>>>>>
2026-03-01 11:30:52,912 : INFO : EventManager : Event: ======'machine_var_audits_switches_s_flipper_left_eos'====== Args={'value': 18, 'prev_value': 17, 'change': 1}
2026-03-01 11:30:53,399 : INFO : SwitchController : <<<<<<< 's_flipper_right_upper' active >>>>>>>
2026-03-01 11:30:53,399 : INFO : EventManager : Event: ======'machine_var_audits_switches_s_flipper_right_upper'====== Args={'value': 47, 'prev_value': 46, 'change': 1}
2026-03-01 11:30:53,403 : INFO : SwitchController : <<<<<<< 's_flipper_right_lower' active >>>>>>>
2026-03-01 11:30:53,403 : INFO : EventManager : Event: ======'machine_var_audits_switches_s_flipper_right_lower'====== Args={'value': 47, 'prev_value': 46, 'change': 1}
2026-03-01 11:30:53,421 : INFO : SwitchController : <<<<<<< 's_flipper_right_upper_eos' active >>>>>>>
2026-03-01 11:30:53,421 : INFO : EventManager : Event: ======'machine_var_audits_switches_s_flipper_right_upper_eos'====== Args={'value': 32, 'prev_value': 31, 'change': 1}
2026-03-01 11:30:53,431 : INFO : SwitchController : <<<<<<< 's_flipper_right_lower_eos' inactive >>>>>>>
2026-03-01 11:30:53,516 : INFO : SwitchController : <<<<<<< 's_flipper_right_lower' inactive >>>>>>>
2026-03-01 11:30:53,524 : INFO : SwitchController : <<<<<<< 's_flipper_right_upper' inactive >>>>>>>
2026-03-01 11:30:53,571 : INFO : SwitchController : <<<<<<< 's_flipper_left' active >>>>>>>
2026-03-01 11:30:53,571 : INFO : EventManager : Event: ======'machine_var_audits_switches_s_flipper_left'====== Args={'value': 23, 'prev_value': 22, 'change': 1}
2026-03-01 11:30:53,595 : INFO : SwitchController : <<<<<<< 's_flipper_left_eos' inactive >>>>>>>
2026-03-01 11:30:53,610 : INFO : SwitchController : <<<<<<< 's_flipper_right_lower_eos' active >>>>>>>
2026-03-01 11:30:53,610 : INFO : EventManager : Event: ======'machine_var_audits_switches_s_flipper_right_lower_eos'====== Args={'value': 29, 'prev_value': 28, 'change': 1}
2026-03-01 11:30:53,614 : INFO : SwitchController : <<<<<<< 's_flipper_right_upper_eos' inactive >>>>>>>
2026-03-01 11:30:53,699 : INFO : SwitchController : <<<<<<< 's_flipper_left' inactive >>>>>>>
2026-03-01 11:30:53,787 : INFO : SwitchController : <<<<<<< 's_flipper_left_eos' active >>>>>>>
2026-03-01 11:30:53,788 : INFO : EventManager : Event: ======'machine_var_audits_switches_s_flipper_left_eos'====== Args={'value': 19, 'prev_value': 18, 'change': 1}
2026-03-01 11:30:54,668 : INFO : SwitchController : <<<<<<< 's_flipper_right_upper' active >>>>>>>
2026-03-01 11:30:54,669 : INFO : EventManager : Event: ======'machine_var_audits_switches_s_flipper_right_upper'====== Args={'value': 48, 'prev_value': 47, 'change': 1}
2026-03-01 11:30:54,673 : INFO : SwitchController : <<<<<<< 's_flipper_right_lower' active >>>>>>>
2026-03-01 11:30:54,673 : INFO : EventManager : Event: ======'machine_var_audits_switches_s_flipper_right_lower'====== Args={'value': 48, 'prev_value': 47, 'change': 1}
2026-03-01 11:30:54,693 : INFO : SwitchController : <<<<<<< 's_flipper_right_upper_eos' active >>>>>>>
2026-03-01 11:30:54,693 : INFO : EventManager : Event: ======'machine_var_audits_switches_s_flipper_right_upper_eos'====== Args={'value': 33, 'prev_value': 32, 'change': 1}
2026-03-01 11:30:54,702 : INFO : SwitchController : <<<<<<< 's_flipper_right_lower_eos' inactive >>>>>>>
2026-03-01 11:30:54,804 : INFO : SwitchController : <<<<<<< 's_flipper_left' active >>>>>>>
2026-03-01 11:30:54,804 : INFO : EventManager : Event: ======'machine_var_audits_switches_s_flipper_left'====== Args={'value': 24, 'prev_value': 23, 'change': 1}
2026-03-01 11:30:54,809 : INFO : SwitchController : <<<<<<< 's_flipper_right_lower' inactive >>>>>>>
2026-03-01 11:30:54,818 : INFO : SwitchController : <<<<<<< 's_flipper_right_upper' inactive >>>>>>>
2026-03-01 11:30:54,828 : INFO : SwitchController : <<<<<<< 's_flipper_left_eos' inactive >>>>>>>
2026-03-01 11:30:54,902 : INFO : SwitchController : <<<<<<< 's_flipper_right_lower_eos' active >>>>>>>
2026-03-01 11:30:54,903 : INFO : EventManager : Event: ======'machine_var_audits_switches_s_flipper_right_lower_eos'====== Args={'value': 30, 'prev_value': 29, 'change': 1}
2026-03-01 11:30:54,907 : INFO : SwitchController : <<<<<<< 's_flipper_right_upper_eos' inactive >>>>>>>
2026-03-01 11:30:54,935 : INFO : SwitchController : <<<<<<< 's_flipper_left' inactive >>>>>>>
2026-03-01 11:30:55,024 : INFO : SwitchController : <<<<<<< 's_flipper_left_eos' active >>>>>>>
2026-03-01 11:30:55,024 : INFO : EventManager : Event: ======'machine_var_audits_switches_s_flipper_left_eos'====== Args={'value': 20, 'prev_value': 19, 'change': 1}
2026-03-01 11:30:56,218 : INFO : SwitchController : <<<<<<< 's_flipper_right_lower' active >>>>>>>
2026-03-01 11:30:56,218 : INFO : EventManager : Event: ======'machine_var_audits_switches_s_flipper_right_lower'====== Args={'value': 49, 'prev_value': 48, 'change': 1}
2026-03-01 11:30:56,221 : INFO : SwitchController : <<<<<<< 's_flipper_right_upper' active >>>>>>>
2026-03-01 11:30:56,221 : INFO : EventManager : Event: ======'machine_var_audits_switches_s_flipper_right_upper'====== Args={'value': 49, 'prev_value': 48, 'change': 1}
2026-03-01 11:30:56,246 : INFO : SwitchController : <<<<<<< 's_flipper_right_upper_eos' active >>>>>>>
2026-03-01 11:30:56,246 : INFO : EventManager : Event: ======'machine_var_audits_switches_s_flipper_right_upper_eos'====== Args={'value': 34, 'prev_value': 33, 'change': 1}
2026-03-01 11:30:56,373 : INFO : SwitchController : <<<<<<< 's_flipper_right_lower' inactive >>>>>>>
2026-03-01 11:30:56,377 : INFO : SwitchController : <<<<<<< 's_flipper_right_upper' inactive >>>>>>>
2026-03-01 11:30:56,468 : INFO : SwitchController : <<<<<<< 's_flipper_right_upper_eos' inactive >>>>>>>
2026-03-01 11:30:56,581 : INFO : SwitchController : <<<<<<< 's_sling_left' active >>>>>>>
2026-03-01 11:30:56,581 : INFO : EventManager : Event: ======'machine_var_audits_switches_s_sling_left'====== Args={'value': 163, 'prev_value': 162, 'change': 1}
2026-03-01 11:30:56,597 : INFO : SwitchController : <<<<<<< 's_sling_left' inactive >>>>>>>
2026-03-01 11:30:56,663 : INFO : SwitchController : <<<<<<< 's_sling_right' active >>>>>>>
2026-03-01 11:30:56,663 : INFO : EventManager : Event: ======'machine_var_audits_switches_s_sling_right'====== Args={'value': 7, 'prev_value': 6, 'change': 1}
2026-03-01 11:30:56,679 : INFO : SwitchController : <<<<<<< 's_sling_right' inactive >>>>>>>
2026-03-01 11:30:56,705 : INFO : SwitchController : <<<<<<< 's_flipper_right_lower' active >>>>>>>
2026-03-01 11:30:56,705 : INFO : EventManager : Event: ======'machine_var_audits_switches_s_flipper_right_lower'====== Args={'value': 50, 'prev_value': 49, 'change': 1}
2026-03-01 11:30:56,705 : INFO : SwitchController : <<<<<<< 's_flipper_right_upper' active >>>>>>>
2026-03-01 11:30:56,706 : INFO : EventManager : Event: ======'machine_var_audits_switches_s_flipper_right_upper'====== Args={'value': 50, 'prev_value': 49, 'change': 1}
2026-03-01 11:30:56,729 : INFO : SwitchController : <<<<<<< 's_flipper_right_upper_eos' active >>>>>>>
2026-03-01 11:30:56,729 : INFO : EventManager : Event: ======'machine_var_audits_switches_s_flipper_right_upper_eos'====== Args={'value': 35, 'prev_value': 34, 'change': 1}
2026-03-01 11:30:56,733 : INFO : SwitchController : <<<<<<< 's_flipper_right_lower_eos' inactive >>>>>>>
2026-03-01 11:30:56,751 : INFO : SwitchController : <<<<<<< 's_sling_left' active >>>>>>>
2026-03-01 11:30:56,751 : INFO : EventManager : Event: ======'machine_var_audits_switches_s_sling_left'====== Args={'value': 164, 'prev_value': 163, 'change': 1}
2026-03-01 11:30:56,769 : INFO : SwitchController : <<<<<<< 's_sling_left' inactive >>>>>>>
2026-03-01 11:30:56,819 : INFO : SwitchController : <<<<<<< 's_flipper_right_lower' inactive >>>>>>>
2026-03-01 11:30:56,824 : INFO : SwitchController : <<<<<<< 's_flipper_right_upper' inactive >>>>>>>
2026-03-01 11:30:56,891 : INFO : SwitchController : <<<<<<< 's_flipper_left' active >>>>>>>
2026-03-01 11:30:56,891 : INFO : EventManager : Event: ======'machine_var_audits_switches_s_flipper_left'====== Args={'value': 25, 'prev_value': 24, 'change': 1}
2026-03-01 11:30:56,915 : INFO : SwitchController : <<<<<<< 's_flipper_right_lower_eos' active >>>>>>>
2026-03-01 11:30:56,916 : INFO : EventManager : Event: ======'machine_var_audits_switches_s_flipper_right_lower_eos'====== Args={'value': 31, 'prev_value': 30, 'change': 1}
2026-03-01 11:30:56,916 : INFO : SwitchController : <<<<<<< 's_flipper_left_eos' inactive >>>>>>>
2026-03-01 11:30:56,916 : INFO : SwitchController : <<<<<<< 's_flipper_right_upper_eos' inactive >>>>>>>
2026-03-01 11:30:57,040 : INFO : SwitchController : <<<<<<< 's_flipper_left' inactive >>>>>>>
2026-03-01 11:30:57,128 : INFO : SwitchController : <<<<<<< 's_flipper_left_eos' active >>>>>>>
2026-03-01 11:30:57,128 : INFO : EventManager : Event: ======'machine_var_audits_switches_s_flipper_left_eos'====== Args={'value': 21, 'prev_value': 20, 'change': 1}
2026-03-01 11:30:59,168 : INFO : SwitchController : <<<<<<< 's_flipper_right_upper' active >>>>>>>
2026-03-01 11:30:59,168 : INFO : EventManager : Event: ======'machine_var_audits_switches_s_flipper_right_upper'====== Args={'value': 51, 'prev_value': 50, 'change': 1}
2026-03-01 11:30:59,177 : INFO : SwitchController : <<<<<<< 's_flipper_right_lower' active >>>>>>>
2026-03-01 11:30:59,177 : INFO : EventManager : Event: ======'machine_var_audits_switches_s_flipper_right_lower'====== Args={'value': 51, 'prev_value': 50, 'change': 1}
2026-03-01 11:30:59,193 : INFO : SwitchController : <<<<<<< 's_flipper_right_upper_eos' active >>>>>>>
2026-03-01 11:30:59,193 : INFO : EventManager : Event: ======'machine_var_audits_switches_s_flipper_right_upper_eos'====== Args={'value': 36, 'prev_value': 35, 'change': 1}
2026-03-01 11:30:59,201 : INFO : SwitchController : <<<<<<< 's_flipper_right_lower_eos' inactive >>>>>>>
2026-03-01 11:30:59,276 : INFO : SwitchController : <<<<<<< 's_flipper_right_lower' inactive >>>>>>>
2026-03-01 11:30:59,282 : INFO : SwitchController : <<<<<<< 's_flipper_right_upper' inactive >>>>>>>
2026-03-01 11:30:59,299 : INFO : SwitchController : <<<<<<< 's_flipper_left' active >>>>>>>
2026-03-01 11:30:59,299 : INFO : EventManager : Event: ======'machine_var_audits_switches_s_flipper_left'====== Args={'value': 26, 'prev_value': 25, 'change': 1}
2026-03-01 11:30:59,323 : INFO : SwitchController : <<<<<<< 's_flipper_left_eos' inactive >>>>>>>
2026-03-01 11:30:59,368 : INFO : SwitchController : <<<<<<< 's_flipper_right_lower_eos' active >>>>>>>
2026-03-01 11:30:59,369 : INFO : EventManager : Event: ======'machine_var_audits_switches_s_flipper_right_lower_eos'====== Args={'value': 32, 'prev_value': 31, 'change': 1}
2026-03-01 11:30:59,371 : INFO : SwitchController : <<<<<<< 's_flipper_right_upper_eos' inactive >>>>>>>
2026-03-01 11:30:59,413 : INFO : SwitchController : <<<<<<< 's_flipper_left' inactive >>>>>>>
2026-03-01 11:30:59,502 : INFO : SwitchController : <<<<<<< 's_flipper_left_eos' active >>>>>>>
2026-03-01 11:30:59,502 : INFO : EventManager : Event: ======'machine_var_audits_switches_s_flipper_left_eos'====== Args={'value': 22, 'prev_value': 21, 'change': 1}
2026-03-01 11:31:00,281 : INFO : SwitchController : <<<<<<< 's_flipper_right_upper' active >>>>>>>
2026-03-01 11:31:00,281 : INFO : EventManager : Event: ======'machine_var_audits_switches_s_flipper_right_upper'====== Args={'value': 52, 'prev_value': 51, 'change': 1}
2026-03-01 11:31:00,281 : INFO : SwitchController : <<<<<<< 's_flipper_right_lower' active >>>>>>>
2026-03-01 11:31:00,282 : INFO : EventManager : Event: ======'machine_var_audits_switches_s_flipper_right_lower'====== Args={'value': 52, 'prev_value': 51, 'change': 1}
2026-03-01 11:31:00,283 : INFO : SwitchController : <<<<<<< 's_flipper_right_upper' inactive >>>>>>>
2026-03-01 11:31:00,289 : INFO : SwitchController : <<<<<<< 's_flipper_right_upper' active >>>>>>>
2026-03-01 11:31:00,289 : INFO : EventManager : Event: ======'machine_var_audits_switches_s_flipper_right_upper'====== Args={'value': 53, 'prev_value': 52, 'change': 1}
2026-03-01 11:31:00,311 : INFO : SwitchController : <<<<<<< 's_flipper_right_upper_eos' active >>>>>>>
2026-03-01 11:31:00,311 : INFO : EventManager : Event: ======'machine_var_audits_switches_s_flipper_right_upper_eos'====== Args={'value': 37, 'prev_value': 36, 'change': 1}
2026-03-01 11:31:00,963 : INFO : SwitchController : <<<<<<< 's_flipper_left' active >>>>>>>
2026-03-01 11:31:00,964 : INFO : EventManager : Event: ======'machine_var_audits_switches_s_flipper_left'====== Args={'value': 27, 'prev_value': 26, 'change': 1}
2026-03-01 11:31:00,985 : INFO : SwitchController : <<<<<<< 's_flipper_left_eos' inactive >>>>>>>
2026-03-01 11:31:01,067 : INFO : SwitchController : <<<<<<< 's_flipper_right_lower' inactive >>>>>>>
2026-03-01 11:31:01,068 : INFO : SwitchController : <<<<<<< 's_flipper_right_upper' inactive >>>>>>>
2026-03-01 11:31:01,104 : INFO : SwitchController : <<<<<<< 's_flipper_left' inactive >>>>>>>
2026-03-01 11:31:01,152 : INFO : SwitchController : <<<<<<< 's_flipper_right_upper' active >>>>>>>
2026-03-01 11:31:01,152 : INFO : EventManager : Event: ======'machine_var_audits_switches_s_flipper_right_upper'====== Args={'value': 54, 'prev_value': 53, 'change': 1}
2026-03-01 11:31:01,159 : INFO : SwitchController : <<<<<<< 's_flipper_right_upper_eos' inactive >>>>>>>
2026-03-01 11:31:01,168 : INFO : SwitchController : <<<<<<< 's_flipper_right_upper_eos' active >>>>>>>
2026-03-01 11:31:01,168 : INFO : EventManager : Event: ======'machine_var_audits_switches_s_flipper_right_upper_eos'====== Args={'value': 38, 'prev_value': 37, 'change': 1}
2026-03-01 11:31:01,198 : INFO : SwitchController : <<<<<<< 's_flipper_left_eos' active >>>>>>>
2026-03-01 11:31:01,198 : INFO : EventManager : Event: ======'machine_var_audits_switches_s_flipper_left_eos'====== Args={'value': 23, 'prev_value': 22, 'change': 1}
2026-03-01 11:31:01,262 : INFO : SwitchController : <<<<<<< 's_flipper_right_upper' inactive >>>>>>>
2026-03-01 11:31:01,356 : INFO : SwitchController : <<<<<<< 's_flipper_right_upper_eos' inactive >>>>>>>
2026-03-01 11:31:02,491 : INFO : SwitchController : <<<<<<< 's_flipper_right_upper' active >>>>>>>
2026-03-01 11:31:02,491 : INFO : EventManager : Event: ======'machine_var_audits_switches_s_flipper_right_upper'====== Args={'value': 55, 'prev_value': 54, 'change': 1}
2026-03-01 11:31:02,493 : INFO : SwitchController : <<<<<<< 's_flipper_right_lower' active >>>>>>>
2026-03-01 11:31:02,493 : INFO : EventManager : Event: ======'machine_var_audits_switches_s_flipper_right_lower'====== Args={'value': 53, 'prev_value': 52, 'change': 1}
2026-03-01 11:31:02,515 : INFO : SwitchController : <<<<<<< 's_flipper_right_upper_eos' active >>>>>>>
2026-03-01 11:31:02,515 : INFO : EventManager : Event: ======'machine_var_audits_switches_s_flipper_right_upper_eos'====== Args={'value': 39, 'prev_value': 38, 'change': 1}
2026-03-01 11:31:02,564 : INFO : SwitchController : <<<<<<< 's_flipper_right_lower' inactive >>>>>>>
2026-03-01 11:31:02,568 : INFO : SwitchController : <<<<<<< 's_flipper_right_upper' inactive >>>>>>>
2026-03-01 11:31:02,659 : INFO : SwitchController : <<<<<<< 's_flipper_right_upper_eos' inactive >>>>>>>
2026-03-01 11:31:03,070 : INFO : SwitchController : <<<<<<< 's_flipper_right_upper' active >>>>>>>
2026-03-01 11:31:03,070 : INFO : EventManager : Event: ======'machine_var_audits_switches_s_flipper_right_upper'====== Args={'value': 56, 'prev_value': 55, 'change': 1}
2026-03-01 11:31:03,072 : INFO : SwitchController : <<<<<<< 's_flipper_right_lower' active >>>>>>>
2026-03-01 11:31:03,072 : INFO : EventManager : Event: ======'machine_var_audits_switches_s_flipper_right_lower'====== Args={'value': 54, 'prev_value': 53, 'change': 1}
2026-03-01 11:31:03,092 : INFO : SwitchController : <<<<<<< 's_flipper_right_upper_eos' active >>>>>>>
2026-03-01 11:31:03,093 : INFO : EventManager : Event: ======'machine_var_audits_switches_s_flipper_right_upper_eos'====== Args={'value': 40, 'prev_value': 39, 'change': 1}
2026-03-01 11:31:03,099 : INFO : SwitchController : <<<<<<< 's_flipper_right_lower_eos' inactive >>>>>>>
2026-03-01 11:31:03,110 : INFO : SwitchController : <<<<<<< 's_flipper_right_lower' inactive >>>>>>>
2026-03-01 11:31:03,117 : INFO : SwitchController : <<<<<<< 's_flipper_right_upper' inactive >>>>>>>
2026-03-01 11:31:03,204 : INFO : SwitchController : <<<<<<< 's_flipper_right_lower_eos' active >>>>>>>
2026-03-01 11:31:03,204 : INFO : EventManager : Event: ======'machine_var_audits_switches_s_flipper_right_lower_eos'====== Args={'value': 33, 'prev_value': 32, 'change': 1}
2026-03-01 11:31:03,208 : INFO : SwitchController : <<<<<<< 's_flipper_right_upper_eos' inactive >>>>>>>
2026-03-01 11:31:03,356 : INFO : SwitchController : <<<<<<< 's_flipper_right_lower' active >>>>>>>
2026-03-01 11:31:03,356 : INFO : EventManager : Event: ======'machine_var_audits_switches_s_flipper_right_lower'====== Args={'value': 55, 'prev_value': 54, 'change': 1}
2026-03-01 11:31:03,357 : INFO : SwitchController : <<<<<<< 's_flipper_right_upper' active >>>>>>>
2026-03-01 11:31:03,357 : INFO : EventManager : Event: ======'machine_var_audits_switches_s_flipper_right_upper'====== Args={'value': 57, 'prev_value': 56, 'change': 1}
2026-03-01 11:31:03,380 : INFO : SwitchController : <<<<<<< 's_flipper_right_upper_eos' active >>>>>>>
2026-03-01 11:31:03,380 : INFO : EventManager : Event: ======'machine_var_audits_switches_s_flipper_right_upper_eos'====== Args={'value': 41, 'prev_value': 40, 'change': 1}
2026-03-01 11:31:03,383 : INFO : SwitchController : <<<<<<< 's_flipper_right_lower_eos' inactive >>>>>>>
2026-03-01 11:31:03,406 : INFO : SwitchController : <<<<<<< 's_flipper_right_lower' inactive >>>>>>>
2026-03-01 11:31:03,412 : INFO : SwitchController : <<<<<<< 's_flipper_right_upper' inactive >>>>>>>
2026-03-01 11:31:03,498 : INFO : SwitchController : <<<<<<< 's_flipper_right_lower_eos' active >>>>>>>
2026-03-01 11:31:03,498 : INFO : EventManager : Event: ======'machine_var_audits_switches_s_flipper_right_lower_eos'====== Args={'value': 34, 'prev_value': 33, 'change': 1}
2026-03-01 11:31:03,499 : INFO : SwitchController : <<<<<<< 's_flipper_right_upper_eos' inactive >>>>>>>
2026-03-01 11:31:03,598 : INFO : SwitchController : <<<<<<< 's_flipper_right_upper' active >>>>>>>
2026-03-01 11:31:03,598 : INFO : EventManager : Event: ======'machine_var_audits_switches_s_flipper_right_upper'====== Args={'value': 58, 'prev_value': 57, 'change': 1}
2026-03-01 11:31:03,599 : INFO : SwitchController : <<<<<<< 's_flipper_right_lower' active >>>>>>>
2026-03-01 11:31:03,599 : INFO : EventManager : Event: ======'machine_var_audits_switches_s_flipper_right_lower'====== Args={'value': 56, 'prev_value': 55, 'change': 1}
2026-03-01 11:31:03,621 : INFO : SwitchController : <<<<<<< 's_flipper_right_upper_eos' active >>>>>>>
2026-03-01 11:31:03,621 : INFO : EventManager : Event: ======'machine_var_audits_switches_s_flipper_right_upper_eos'====== Args={'value': 42, 'prev_value': 41, 'change': 1}
2026-03-01 11:31:03,627 : INFO : SwitchController : <<<<<<< 's_flipper_right_lower_eos' inactive >>>>>>>
2026-03-01 11:31:03,647 : INFO : SwitchController : <<<<<<< 's_flipper_right_lower' inactive >>>>>>>
2026-03-01 11:31:03,652 : INFO : SwitchController : <<<<<<< 's_flipper_right_upper' inactive >>>>>>>
2026-03-01 11:31:03,743 : INFO : SwitchController : <<<<<<< 's_flipper_right_lower_eos' active >>>>>>>
2026-03-01 11:31:03,743 : INFO : EventManager : Event: ======'machine_var_audits_switches_s_flipper_right_lower_eos'====== Args={'value': 35, 'prev_value': 34, 'change': 1}
2026-03-01 11:31:03,744 : INFO : SwitchController : <<<<<<< 's_flipper_right_upper_eos' inactive >>>>>>>
2026-03-01 11:31:04,044 : INFO : SwitchController : <<<<<<< 's_flipper_right_upper' active >>>>>>>
2026-03-01 11:31:04,044 : INFO : EventManager : Event: ======'machine_var_audits_switches_s_flipper_right_upper'====== Args={'value': 59, 'prev_value': 58, 'change': 1}
2026-03-01 11:31:04,047 : INFO : SwitchController : <<<<<<< 's_flipper_right_lower' active >>>>>>>
2026-03-01 11:31:04,047 : INFO : EventManager : Event: ======'machine_var_audits_switches_s_flipper_right_lower'====== Args={'value': 57, 'prev_value': 56, 'change': 1}
2026-03-01 11:31:04,068 : INFO : SwitchController : <<<<<<< 's_flipper_right_upper_eos' active >>>>>>>
2026-03-01 11:31:04,068 : INFO : EventManager : Event: ======'machine_var_audits_switches_s_flipper_right_upper_eos'====== Args={'value': 43, 'prev_value': 42, 'change': 1}
2026-03-01 11:31:04,077 : INFO : SwitchController : <<<<<<< 's_flipper_right_lower_eos' inactive >>>>>>>
2026-03-01 11:31:04,116 : INFO : SwitchController : <<<<<<< 's_flipper_right_lower' inactive >>>>>>>
2026-03-01 11:31:04,126 : INFO : SwitchController : <<<<<<< 's_flipper_right_upper' inactive >>>>>>>
2026-03-01 11:31:04,211 : INFO : SwitchController : <<<<<<< 's_flipper_right_upper_eos' inactive >>>>>>>
2026-03-01 11:31:04,213 : INFO : SwitchController : <<<<<<< 's_flipper_right_lower_eos' active >>>>>>>
2026-03-01 11:31:04,213 : INFO : EventManager : Event: ======'machine_var_audits_switches_s_flipper_right_lower_eos'====== Args={'value': 36, 'prev_value': 35, 'change': 1}
2026-03-01 11:31:04,629 : INFO : SwitchController : <<<<<<< 's_flipper_left' active >>>>>>>
2026-03-01 11:31:04,629 : INFO : EventManager : Event: ======'machine_var_audits_switches_s_flipper_left'====== Args={'value': 28, 'prev_value': 27, 'change': 1}
2026-03-01 11:31:04,653 : INFO : SwitchController : <<<<<<< 's_flipper_left_eos' inactive >>>>>>>
2026-03-01 11:31:04,780 : INFO : SwitchController : <<<<<<< 's_flipper_left' inactive >>>>>>>
2026-03-01 11:31:04,866 : INFO : SwitchController : <<<<<<< 's_flipper_left_eos' active >>>>>>>
2026-03-01 11:31:04,866 : INFO : EventManager : Event: ======'machine_var_audits_switches_s_flipper_left_eos'====== Args={'value': 24, 'prev_value': 23, 'change': 1}
2026-03-01 11:31:05,089 : INFO : SwitchController : <<<<<<< 's_flipper_left' active >>>>>>>
2026-03-01 11:31:05,089 : INFO : EventManager : Event: ======'machine_var_audits_switches_s_flipper_left'====== Args={'value': 29, 'prev_value': 28, 'change': 1}
2026-03-01 11:31:05,113 : INFO : SwitchController : <<<<<<< 's_flipper_left_eos' inactive >>>>>>>
2026-03-01 11:31:05,258 : INFO : SwitchController : <<<<<<< 's_flipper_left' inactive >>>>>>>
2026-03-01 11:31:05,346 : INFO : SwitchController : <<<<<<< 's_flipper_left_eos' active >>>>>>>
2026-03-01 11:31:05,346 : INFO : EventManager : Event: ======'machine_var_audits_switches_s_flipper_left_eos'====== Args={'value': 25, 'prev_value': 24, 'change': 1}
2026-03-01 11:31:05,371 : INFO : SwitchController : <<<<<<< 's_trough_6' inactive >>>>>>>
2026-03-01 11:31:05,872 : INFO : ball_device.bd_trough : BCH: Count is unstable. Trying to reorder balls.
2026-03-01 11:31:05,873 : WARNING : ball_device.bd_trough : Cannot reorder device because eject_coil_reorder_pulse is not configured
2026-03-01 11:31:05,873 : INFO : ball_device.bd_trough : BCH: Repulse done. Waiting for balls to settle.
2026-03-01 11:31:06,078 : INFO : SwitchController : <<<<<<< 's_trough_6' active >>>>>>>
2026-03-01 11:31:06,078 : INFO : EventManager : Event: ======'machine_var_audits_switches_s_trough_6'====== Args={'value': 39, 'prev_value': 38, 'change': 1}
2026-03-01 11:31:06,233 : INFO : SwitchController : <<<<<<< 's_trough_6' inactive >>>>>>>
2026-03-01 11:31:06,495 : INFO : SwitchController : <<<<<<< 's_trough_6' active >>>>>>>
2026-03-01 11:31:06,495 : INFO : EventManager : Event: ======'machine_var_audits_switches_s_trough_6'====== Args={'value': 40, 'prev_value': 39, 'change': 1}
2026-03-01 11:31:06,522 : INFO : SwitchController : <<<<<<< 's_trough_6' inactive >>>>>>>
2026-03-01 11:31:06,629 : INFO : SwitchController : <<<<<<< 's_trough_6' active >>>>>>>
2026-03-01 11:31:06,629 : INFO : EventManager : Event: ======'machine_var_audits_switches_s_trough_6'====== Args={'value': 41, 'prev_value': 40, 'change': 1}
2026-03-01 11:31:06,671 : INFO : SwitchController : <<<<<<< 's_trough_6' inactive >>>>>>>
2026-03-01 11:31:06,799 : INFO : SwitchController : <<<<<<< 's_trough_6' active >>>>>>>
2026-03-01 11:31:06,799 : INFO : EventManager : Event: ======'machine_var_audits_switches_s_trough_6'====== Args={'value': 42, 'prev_value': 41, 'change': 1}
2026-03-01 11:31:08,512 : INFO : SwitchController : <<<<<<< 's_flipper_right_lower' active >>>>>>>
2026-03-01 11:31:08,512 : INFO : EventManager : Event: ======'machine_var_audits_switches_s_flipper_right_lower'====== Args={'value': 58, 'prev_value': 57, 'change': 1}
2026-03-01 11:31:08,513 : INFO : SwitchController : <<<<<<< 's_flipper_right_upper' active >>>>>>>
2026-03-01 11:31:08,513 : INFO : EventManager : Event: ======'machine_var_audits_switches_s_flipper_right_upper'====== Args={'value': 60, 'prev_value': 59, 'change': 1}
2026-03-01 11:31:08,540 : INFO : SwitchController : <<<<<<< 's_flipper_right_lower_eos' inactive >>>>>>>
2026-03-01 11:31:08,613 : INFO : SwitchController : <<<<<<< 's_flipper_right_lower' inactive >>>>>>>
2026-03-01 11:31:08,621 : INFO : SwitchController : <<<<<<< 's_flipper_right_upper' inactive >>>>>>>
2026-03-01 11:31:08,706 : INFO : SwitchController : <<<<<<< 's_flipper_left' active >>>>>>>
2026-03-01 11:31:08,707 : INFO : EventManager : Event: ======'machine_var_audits_switches_s_flipper_left'====== Args={'value': 30, 'prev_value': 29, 'change': 1}
2026-03-01 11:31:08,709 : INFO : SwitchController : <<<<<<< 's_flipper_right_lower_eos' active >>>>>>>
2026-03-01 11:31:08,709 : INFO : EventManager : Event: ======'machine_var_audits_switches_s_flipper_right_lower_eos'====== Args={'value': 37, 'prev_value': 36, 'change': 1}
2026-03-01 11:31:08,731 : INFO : SwitchController : <<<<<<< 's_flipper_left_eos' inactive >>>>>>>
2026-03-01 11:31:08,806 : INFO : SwitchController : <<<<<<< 's_flipper_left' inactive >>>>>>>
2026-03-01 11:31:08,874 : INFO : SwitchController : <<<<<<< 's_flipper_right_upper' active >>>>>>>
2026-03-01 11:31:08,875 : INFO : EventManager : Event: ======'machine_var_audits_switches_s_flipper_right_upper'====== Args={'value': 61, 'prev_value': 60, 'change': 1}
2026-03-01 11:31:08,878 : INFO : SwitchController : <<<<<<< 's_flipper_right_lower' active >>>>>>>
2026-03-01 11:31:08,879 : INFO : EventManager : Event: ======'machine_var_audits_switches_s_flipper_right_lower'====== Args={'value': 59, 'prev_value': 58, 'change': 1}
2026-03-01 11:31:08,895 : INFO : SwitchController : <<<<<<< 's_flipper_left_eos' active >>>>>>>
2026-03-01 11:31:08,895 : INFO : EventManager : Event: ======'machine_var_audits_switches_s_flipper_left_eos'====== Args={'value': 26, 'prev_value': 25, 'change': 1}
2026-03-01 11:31:08,909 : INFO : SwitchController : <<<<<<< 's_flipper_right_lower_eos' inactive >>>>>>>
2026-03-01 11:31:08,975 : INFO : SwitchController : <<<<<<< 's_flipper_right_lower' inactive >>>>>>>
2026-03-01 11:31:08,983 : INFO : SwitchController : <<<<<<< 's_flipper_right_upper' inactive >>>>>>>
2026-03-01 11:31:09,071 : INFO : SwitchController : <<<<<<< 's_flipper_right_lower_eos' active >>>>>>>
2026-03-01 11:31:09,071 : INFO : EventManager : Event: ======'machine_var_audits_switches_s_flipper_right_lower_eos'====== Args={'value': 38, 'prev_value': 37, 'change': 1}
2026-03-01 11:31:10,527 : INFO : SwitchController : <<<<<<< 's_plunger_lane' active >>>>>>>
2026-03-01 11:31:10,527 : INFO : EventManager : Event: ======'machine_var_audits_switches_s_plunger_lane'====== Args={'value': 6, 'prev_value': 5, 'change': 1}
2026-03-01 11:31:11,029 : INFO : EventManager : Event: ======'balldevice_bd_plunger_ball_count_changed'====== Args={'balls': 1}
2026-03-01 11:31:11,029 : INFO : ball_device.bd_plunger : Received unexpected ball
2026-03-01 11:31:11,029 : INFO : EventManager : Event: ======'balldevice_captured_from_playfield'====== Args={'balls': 1}
2026-03-01 11:31:11,030 : INFO : EventManager : Event: ======'sw_playfield_active'====== Args={'balls': 1}
2026-03-01 11:31:11,030 : INFO : EventManager : Event: ======'playfield_ball_count_change'====== Args={'balls': 4, 'change': -1}
2026-03-01 11:31:11,030 : INFO : EventManager : Event: ======'balldevice_bd_plunger_ball_enter'====== Args={'new_balls': 1, 'unclaimed_balls': 1, 'new_available_balls': 1, 'device': <ball_device.bd_plunger>}
2026-03-01 11:31:11,031 : INFO : ball_device.bd_plunger : Ejecting 1 unexpected balls using path deque([<ball_device.bd_plunger>, <playfield.playfield>])
2026-03-01 11:31:11,031 : INFO : EventManager : Event: ======'balldevice_balls_available'====== Args={}
2026-03-01 11:31:11,031 : INFO : EventManager : Event: ======'balldevice_balls_available'====== Args={}
2026-03-01 11:31:11,031 : INFO : EventManager : Event: ======'balldevice_bd_plunger_ball_entered'====== Args={'new_balls': 1, 'device': <ball_device.bd_plunger>}
2026-03-01 11:31:11,032 : INFO : ball_device.bd_plunger : State: waiting_for_target_ready
2026-03-01 11:31:11,032 : INFO : EventManager : Event: ======'balldevice_bd_plunger_ball_eject_attempt'====== Args={'balls': 1, 'target': <playfield.playfield>, 'source': <ball_device.bd_plunger>, 'mechanical_eject': False, 'num_attempts': 0}
2026-03-01 11:31:11,033 : INFO : ball_device.bd_plunger : State: ejecting
2026-03-01 11:31:11,033 : INFO : ball_device.bd_plunger : Ejecting ball to <playfield.playfield>
2026-03-01 11:31:11,033 : INFO : EventManager : Event: ======'balldevice_bd_plunger_ejecting_ball'====== Args={'balls': 1, 'target': <playfield.playfield>, 'source': <ball_device.bd_plunger>, 'mechanical_eject': False, 'num_attempts': 0}
2026-03-01 11:31:11,034 : INFO : ball_device.bd_plunger : Wait for ball to leave device
2026-03-01 11:31:17,138 : INFO : SwitchController : <<<<<<< 's_plunger_lane' inactive >>>>>>>
2026-03-01 11:31:17,139 : INFO : ball_device.bd_plunger : State: ball_left
2026-03-01 11:31:17,139 : INFO : ball_device.bd_plunger : Ball left
2026-03-01 11:31:17,139 : INFO : ball_device.bd_plunger : Wait for confirm with timeout 10.0
2026-03-01 11:31:17,207 : INFO : SwitchController : <<<<<<< 's_plunger_lane' active >>>>>>>
2026-03-01 11:31:17,207 : INFO : EventManager : Event: ======'machine_var_audits_switches_s_plunger_lane'====== Args={'value': 7, 'prev_value': 6, 'change': 1}
2026-03-01 11:31:17,291 : INFO : SwitchController : <<<<<<< 's_plunger_lane' inactive >>>>>>>
2026-03-01 11:31:18,349 : INFO : SwitchController : <<<<<<< 's_plunger_lane' active >>>>>>>
2026-03-01 11:31:18,349 : INFO : EventManager : Event: ======'machine_var_audits_switches_s_plunger_lane'====== Args={'value': 8, 'prev_value': 7, 'change': 1}
2026-03-01 11:31:19,159 : INFO : SwitchController : <<<<<<< 's_plunger_lane' inactive >>>>>>>
2026-03-01 11:31:20,135 : INFO : SwitchController : <<<<<<< 's_flipper_right_upper' active >>>>>>>
2026-03-01 11:31:20,135 : INFO : EventManager : Event: ======'machine_var_audits_switches_s_flipper_right_upper'====== Args={'value': 62, 'prev_value': 61, 'change': 1}
2026-03-01 11:31:20,144 : INFO : SwitchController : <<<<<<< 's_flipper_right_lower' active >>>>>>>
2026-03-01 11:31:20,144 : INFO : EventManager : Event: ======'machine_var_audits_switches_s_flipper_right_lower'====== Args={'value': 60, 'prev_value': 59, 'change': 1}
2026-03-01 11:31:20,167 : INFO : SwitchController : <<<<<<< 's_flipper_right_lower_eos' inactive >>>>>>>
2026-03-01 11:31:20,240 : INFO : SwitchController : <<<<<<< 's_flipper_right_lower' inactive >>>>>>>
2026-03-01 11:31:20,247 : INFO : SwitchController : <<<<<<< 's_flipper_right_upper' inactive >>>>>>>
2026-03-01 11:31:20,324 : INFO : SwitchController : <<<<<<< 's_flipper_left' active >>>>>>>
2026-03-01 11:31:20,325 : INFO : EventManager : Event: ======'machine_var_audits_switches_s_flipper_left'====== Args={'value': 31, 'prev_value': 30, 'change': 1}
2026-03-01 11:31:20,338 : INFO : SwitchController : <<<<<<< 's_flipper_right_lower_eos' active >>>>>>>
2026-03-01 11:31:20,339 : INFO : EventManager : Event: ======'machine_var_audits_switches_s_flipper_right_lower_eos'====== Args={'value': 39, 'prev_value': 38, 'change': 1}
2026-03-01 11:31:20,347 : INFO : SwitchController : <<<<<<< 's_flipper_left_eos' inactive >>>>>>>
2026-03-01 11:31:20,442 : INFO : SwitchController : <<<<<<< 's_flipper_left' inactive >>>>>>>
2026-03-01 11:31:20,529 : INFO : SwitchController : <<<<<<< 's_flipper_left_eos' active >>>>>>>
2026-03-01 11:31:20,529 : INFO : EventManager : Event: ======'machine_var_audits_switches_s_flipper_left_eos'====== Args={'value': 27, 'prev_value': 26, 'change': 1}
2026-03-01 11:31:20,577 : INFO : SwitchController : <<<<<<< 's_flipper_right_upper' active >>>>>>>
2026-03-01 11:31:20,577 : INFO : EventManager : Event: ======'machine_var_audits_switches_s_flipper_right_upper'====== Args={'value': 63, 'prev_value': 62, 'change': 1}
2026-03-01 11:31:20,581 : INFO : SwitchController : <<<<<<< 's_flipper_right_lower' active >>>>>>>
2026-03-01 11:31:20,581 : INFO : EventManager : Event: ======'machine_var_audits_switches_s_flipper_right_lower'====== Args={'value': 61, 'prev_value': 60, 'change': 1}
2026-03-01 11:31:20,609 : INFO : SwitchController : <<<<<<< 's_flipper_right_lower_eos' inactive >>>>>>>
2026-03-01 11:31:20,692 : INFO : SwitchController : <<<<<<< 's_flipper_right_lower' inactive >>>>>>>
2026-03-01 11:31:20,699 : INFO : SwitchController : <<<<<<< 's_flipper_right_upper' inactive >>>>>>>
2026-03-01 11:31:20,789 : INFO : SwitchController : <<<<<<< 's_flipper_right_lower_eos' active >>>>>>>
2026-03-01 11:31:20,789 : INFO : EventManager : Event: ======'machine_var_audits_switches_s_flipper_right_lower_eos'====== Args={'value': 40, 'prev_value': 39, 'change': 1}
2026-03-01 11:31:20,823 : INFO : SwitchController : <<<<<<< 's_flipper_left' active >>>>>>>
2026-03-01 11:31:20,823 : INFO : EventManager : Event: ======'machine_var_audits_switches_s_flipper_left'====== Args={'value': 32, 'prev_value': 31, 'change': 1}
2026-03-01 11:31:20,847 : INFO : SwitchController : <<<<<<< 's_flipper_left_eos' inactive >>>>>>>
2026-03-01 11:31:20,970 : INFO : SwitchController : <<<<<<< 's_flipper_left' inactive >>>>>>>
2026-03-01 11:31:21,058 : INFO : SwitchController : <<<<<<< 's_flipper_left_eos' active >>>>>>>
2026-03-01 11:31:21,058 : INFO : EventManager : Event: ======'machine_var_audits_switches_s_flipper_left_eos'====== Args={'value': 28, 'prev_value': 27, 'change': 1}
2026-03-01 11:31:21,097 : INFO : SwitchController : <<<<<<< 's_flipper_right_upper' active >>>>>>>
2026-03-01 11:31:21,097 : INFO : EventManager : Event: ======'machine_var_audits_switches_s_flipper_right_upper'====== Args={'value': 64, 'prev_value': 63, 'change': 1}
2026-03-01 11:31:21,098 : INFO : SwitchController : <<<<<<< 's_flipper_right_lower' active >>>>>>>
2026-03-01 11:31:21,098 : INFO : EventManager : Event: ======'machine_var_audits_switches_s_flipper_right_lower'====== Args={'value': 62, 'prev_value': 61, 'change': 1}
2026-03-01 11:31:21,127 : INFO : SwitchController : <<<<<<< 's_flipper_right_lower_eos' inactive >>>>>>>
2026-03-01 11:31:21,244 : INFO : SwitchController : <<<<<<< 's_flipper_right_lower' inactive >>>>>>>
2026-03-01 11:31:21,250 : INFO : SwitchController : <<<<<<< 's_flipper_right_upper' inactive >>>>>>>
2026-03-01 11:31:21,338 : INFO : SwitchController : <<<<<<< 's_flipper_right_lower_eos' active >>>>>>>
2026-03-01 11:31:21,339 : INFO : EventManager : Event: ======'machine_var_audits_switches_s_flipper_right_lower_eos'====== Args={'value': 41, 'prev_value': 40, 'change': 1}
2026-03-01 11:31:22,345 : INFO : SwitchController : <<<<<<< 's_flipper_right_lower' active >>>>>>>
2026-03-01 11:31:22,346 : INFO : EventManager : Event: ======'machine_var_audits_switches_s_flipper_right_lower'====== Args={'value': 63, 'prev_value': 62, 'change': 1}
2026-03-01 11:31:22,350 : INFO : SwitchController : <<<<<<< 's_flipper_right_upper' active >>>>>>>
2026-03-01 11:31:22,350 : INFO : EventManager : Event: ======'machine_var_audits_switches_s_flipper_right_upper'====== Args={'value': 65, 'prev_value': 64, 'change': 1}
2026-03-01 11:31:22,375 : INFO : SwitchController : <<<<<<< 's_flipper_right_lower_eos' inactive >>>>>>>
2026-03-01 11:31:22,525 : INFO : SwitchController : <<<<<<< 's_flipper_right_lower' inactive >>>>>>>
2026-03-01 11:31:22,532 : INFO : SwitchController : <<<<<<< 's_flipper_right_upper' inactive >>>>>>>
2026-03-01 11:31:22,621 : INFO : SwitchController : <<<<<<< 's_flipper_right_lower_eos' active >>>>>>>
2026-03-01 11:31:22,622 : INFO : EventManager : Event: ======'machine_var_audits_switches_s_flipper_right_lower_eos'====== Args={'value': 42, 'prev_value': 41, 'change': 1}
2026-03-01 11:31:24,218 : INFO : SwitchController : <<<<<<< 's_flipper_left' active >>>>>>>
2026-03-01 11:31:24,219 : INFO : EventManager : Event: ======'machine_var_audits_switches_s_flipper_left'====== Args={'value': 33, 'prev_value': 32, 'change': 1}
2026-03-01 11:31:24,243 : INFO : SwitchController : <<<<<<< 's_flipper_left_eos' inactive >>>>>>>
2026-03-01 11:31:24,371 : INFO : SwitchController : <<<<<<< 's_flipper_left' inactive >>>>>>>
2026-03-01 11:31:24,457 : INFO : SwitchController : <<<<<<< 's_flipper_left_eos' active >>>>>>>
2026-03-01 11:31:24,457 : INFO : EventManager : Event: ======'machine_var_audits_switches_s_flipper_left_eos'====== Args={'value': 29, 'prev_value': 28, 'change': 1}
2026-03-01 11:31:24,840 : INFO : SwitchController : <<<<<<< 's_flipper_left' active >>>>>>>
2026-03-01 11:31:24,840 : INFO : EventManager : Event: ======'machine_var_audits_switches_s_flipper_left'====== Args={'value': 34, 'prev_value': 33, 'change': 1}
2026-03-01 11:31:24,863 : INFO : SwitchController : <<<<<<< 's_flipper_left_eos' inactive >>>>>>>
2026-03-01 11:31:24,979 : INFO : SwitchController : <<<<<<< 's_flipper_right_upper' active >>>>>>>
2026-03-01 11:31:24,979 : INFO : EventManager : Event: ======'machine_var_audits_switches_s_flipper_right_upper'====== Args={'value': 66, 'prev_value': 65, 'change': 1}
2026-03-01 11:31:24,993 : INFO : SwitchController : <<<<<<< 's_flipper_right_lower' active >>>>>>>
2026-03-01 11:31:24,993 : INFO : EventManager : Event: ======'machine_var_audits_switches_s_flipper_right_lower'====== Args={'value': 64, 'prev_value': 63, 'change': 1}
2026-03-01 11:31:25,024 : INFO : SwitchController : <<<<<<< 's_flipper_left' inactive >>>>>>>
2026-03-01 11:31:25,112 : INFO : SwitchController : <<<<<<< 's_flipper_left_eos' active >>>>>>>
2026-03-01 11:31:25,112 : INFO : EventManager : Event: ======'machine_var_audits_switches_s_flipper_left_eos'====== Args={'value': 30, 'prev_value': 29, 'change': 1}
2026-03-01 11:31:25,186 : INFO : SwitchController : <<<<<<< 's_flipper_right_lower' inactive >>>>>>>
2026-03-01 11:31:25,191 : INFO : SwitchController : <<<<<<< 's_flipper_right_upper' inactive >>>>>>>
2026-03-01 11:31:25,473 : INFO : SwitchController : <<<<<<< 's_flipper_right_upper' active >>>>>>>
2026-03-01 11:31:25,473 : INFO : EventManager : Event: ======'machine_var_audits_switches_s_flipper_right_upper'====== Args={'value': 67, 'prev_value': 66, 'change': 1}
2026-03-01 11:31:25,474 : INFO : SwitchController : <<<<<<< 's_flipper_right_lower' active >>>>>>>
2026-03-01 11:31:25,474 : INFO : EventManager : Event: ======'machine_var_audits_switches_s_flipper_right_lower'====== Args={'value': 65, 'prev_value': 64, 'change': 1}
2026-03-01 11:31:25,504 : INFO : SwitchController : <<<<<<< 's_flipper_right_lower_eos' inactive >>>>>>>
2026-03-01 11:31:25,589 : INFO : SwitchController : <<<<<<< 's_flipper_right_lower' inactive >>>>>>>
2026-03-01 11:31:25,593 : INFO : SwitchController : <<<<<<< 's_flipper_right_upper' inactive >>>>>>>
2026-03-01 11:31:25,684 : INFO : SwitchController : <<<<<<< 's_flipper_right_lower_eos' active >>>>>>>
2026-03-01 11:31:25,684 : INFO : EventManager : Event: ======'machine_var_audits_switches_s_flipper_right_lower_eos'====== Args={'value': 43, 'prev_value': 42, 'change': 1}
2026-03-01 11:31:25,952 : INFO : SwitchController : <<<<<<< 's_flipper_right_lower' active >>>>>>>
2026-03-01 11:31:25,952 : INFO : EventManager : Event: ======'machine_var_audits_switches_s_flipper_right_lower'====== Args={'value': 66, 'prev_value': 65, 'change': 1}
2026-03-01 11:31:25,952 : INFO : SwitchController : <<<<<<< 's_flipper_right_upper' active >>>>>>>
2026-03-01 11:31:25,952 : INFO : EventManager : Event: ======'machine_var_audits_switches_s_flipper_right_upper'====== Args={'value': 68, 'prev_value': 67, 'change': 1}
2026-03-01 11:31:25,983 : INFO : SwitchController : <<<<<<< 's_flipper_right_lower_eos' inactive >>>>>>>
2026-03-01 11:31:26,024 : INFO : SwitchController : <<<<<<< 's_flipper_right_lower' inactive >>>>>>>
2026-03-01 11:31:26,030 : INFO : SwitchController : <<<<<<< 's_flipper_right_upper' inactive >>>>>>>
2026-03-01 11:31:26,121 : INFO : SwitchController : <<<<<<< 's_flipper_right_lower_eos' active >>>>>>>
2026-03-01 11:31:26,121 : INFO : EventManager : Event: ======'machine_var_audits_switches_s_flipper_right_lower_eos'====== Args={'value': 44, 'prev_value': 43, 'change': 1}
2026-03-01 11:31:26,867 : INFO : SwitchController : <<<<<<< 's_flipper_left' active >>>>>>>
2026-03-01 11:31:26,867 : INFO : EventManager : Event: ======'machine_var_audits_switches_s_flipper_left'====== Args={'value': 35, 'prev_value': 34, 'change': 1}
2026-03-01 11:31:26,891 : INFO : SwitchController : <<<<<<< 's_flipper_left_eos' inactive >>>>>>>
2026-03-01 11:31:27,006 : INFO : SwitchController : <<<<<<< 's_flipper_left' inactive >>>>>>>
2026-03-01 11:31:27,095 : INFO : SwitchController : <<<<<<< 's_flipper_left_eos' active >>>>>>>
2026-03-01 11:31:27,095 : INFO : EventManager : Event: ======'machine_var_audits_switches_s_flipper_left_eos'====== Args={'value': 31, 'prev_value': 30, 'change': 1}
2026-03-01 11:31:27,140 : INFO : ball_device.bd_plunger : State: failed_confirm
2026-03-01 11:31:27,141 : INFO : ball_device.bd_plunger : Got timeout (10.0s) before confirm from <playfield.playfield>
2026-03-01 11:31:27,241 : INFO : ball_device.bd_plunger : Confirming eject because target is playfield and ball did not return.
2026-03-01 11:31:27,241 : INFO : ball_device.bd_plunger : Eject successful
2026-03-01 11:31:27,241 : INFO : EventManager : Event: ======'balldevice_bd_plunger_ball_eject_success'====== Args={'balls': 1, 'target': <playfield.playfield>}
2026-03-01 11:31:27,242 : INFO : EventManager : Event: ======'balldevice_playfield_ball_enter'====== Args={'new_balls': 1, 'unclaimed_balls': 1, 'device': <playfield.playfield>}
2026-03-01 11:31:27,242 : INFO : EventManager : Event: ======'playfield_ball_count_change'====== Args={'balls': 5, 'change': 1}
2026-03-01 11:31:27,243 : INFO : EventManager : Event: ======'balldevice_bd_plunger_ball_count_changed'====== Args={'balls': 0}
2026-03-01 11:31:27,243 : INFO : ball_device.bd_plunger : State: idle
2026-03-01 11:31:27,541 : INFO : SwitchController : <<<<<<< 's_flipper_right_lower' active >>>>>>>
2026-03-01 11:31:27,541 : INFO : EventManager : Event: ======'machine_var_audits_switches_s_flipper_right_lower'====== Args={'value': 67, 'prev_value': 66, 'change': 1}
2026-03-01 11:31:27,545 : INFO : SwitchController : <<<<<<< 's_flipper_right_upper' active >>>>>>>
2026-03-01 11:31:27,545 : INFO : EventManager : Event: ======'machine_var_audits_switches_s_flipper_right_upper'====== Args={'value': 69, 'prev_value': 68, 'change': 1}
2026-03-01 11:31:27,987 : INFO : SwitchController : <<<<<<< 's_flipper_right_lower' inactive >>>>>>>
2026-03-01 11:31:27,988 : INFO : SwitchController : <<<<<<< 's_flipper_right_upper' inactive >>>>>>>
2026-03-01 11:31:28,025 : INFO : SwitchController : <<<<<<< 's_flipper_left' active >>>>>>>
2026-03-01 11:31:28,025 : INFO : EventManager : Event: ======'machine_var_audits_switches_s_flipper_left'====== Args={'value': 36, 'prev_value': 35, 'change': 1}
2026-03-01 11:31:28,048 : INFO : SwitchController : <<<<<<< 's_flipper_left_eos' inactive >>>>>>>
2026-03-01 11:31:28,184 : INFO : SwitchController : <<<<<<< 's_flipper_left' inactive >>>>>>>
2026-03-01 11:31:28,272 : INFO : SwitchController : <<<<<<< 's_flipper_left_eos' active >>>>>>>
2026-03-01 11:31:28,272 : INFO : EventManager : Event: ======'machine_var_audits_switches_s_flipper_left_eos'====== Args={'value': 32, 'prev_value': 31, 'change': 1}
2026-03-01 11:31:28,294 : INFO : SwitchController : <<<<<<< 's_flipper_right_upper' active >>>>>>>
2026-03-01 11:31:28,294 : INFO : EventManager : Event: ======'machine_var_audits_switches_s_flipper_right_upper'====== Args={'value': 70, 'prev_value': 69, 'change': 1}
2026-03-01 11:31:28,296 : INFO : SwitchController : <<<<<<< 's_flipper_right_lower' active >>>>>>>
2026-03-01 11:31:28,296 : INFO : EventManager : Event: ======'machine_var_audits_switches_s_flipper_right_lower'====== Args={'value': 68, 'prev_value': 67, 'change': 1}
2026-03-01 11:31:28,324 : INFO : SwitchController : <<<<<<< 's_flipper_right_lower_eos' inactive >>>>>>>
2026-03-01 11:31:28,384 : INFO : SwitchController : <<<<<<< 's_flipper_right_lower' inactive >>>>>>>
2026-03-01 11:31:28,390 : INFO : SwitchController : <<<<<<< 's_flipper_right_upper' inactive >>>>>>>
2026-03-01 11:31:28,481 : INFO : SwitchController : <<<<<<< 's_flipper_right_lower_eos' active >>>>>>>
2026-03-01 11:31:28,481 : INFO : EventManager : Event: ======'machine_var_audits_switches_s_flipper_right_lower_eos'====== Args={'value': 45, 'prev_value': 44, 'change': 1}
2026-03-01 11:31:28,532 : INFO : SwitchController : <<<<<<< 's_flipper_right_upper' active >>>>>>>
2026-03-01 11:31:28,532 : INFO : EventManager : Event: ======'machine_var_audits_switches_s_flipper_right_upper'====== Args={'value': 71, 'prev_value': 70, 'change': 1}
2026-03-01 11:31:28,532 : INFO : SwitchController : <<<<<<< 's_flipper_right_lower' active >>>>>>>
2026-03-01 11:31:28,533 : INFO : EventManager : Event: ======'machine_var_audits_switches_s_flipper_right_lower'====== Args={'value': 69, 'prev_value': 68, 'change': 1}
2026-03-01 11:31:28,560 : INFO : SwitchController : <<<<<<< 's_flipper_right_lower' inactive >>>>>>>
2026-03-01 11:31:28,560 : INFO : SwitchController : <<<<<<< 's_flipper_right_lower_eos' inactive >>>>>>>
2026-03-01 11:31:28,576 : INFO : SwitchController : <<<<<<< 's_flipper_right_upper' inactive >>>>>>>
2026-03-01 11:31:28,648 : INFO : SwitchController : <<<<<<< 's_flipper_right_lower_eos' active >>>>>>>
2026-03-01 11:31:28,649 : INFO : EventManager : Event: ======'machine_var_audits_switches_s_flipper_right_lower_eos'====== Args={'value': 46, 'prev_value': 45, 'change': 1}
2026-03-01 11:31:28,926 : INFO : SwitchController : <<<<<<< 's_flipper_left' active >>>>>>>
2026-03-01 11:31:28,927 : INFO : EventManager : Event: ======'machine_var_audits_switches_s_flipper_left'====== Args={'value': 37, 'prev_value': 36, 'change': 1}
2026-03-01 11:31:28,951 : INFO : SwitchController : <<<<<<< 's_flipper_left_eos' inactive >>>>>>>
2026-03-01 11:31:29,094 : INFO : SwitchController : <<<<<<< 's_flipper_left' inactive >>>>>>>
2026-03-01 11:31:29,182 : INFO : SwitchController : <<<<<<< 's_flipper_left_eos' active >>>>>>>
2026-03-01 11:31:29,182 : INFO : EventManager : Event: ======'machine_var_audits_switches_s_flipper_left_eos'====== Args={'value': 33, 'prev_value': 32, 'change': 1}
2026-03-01 11:31:29,300 : INFO : SwitchController : <<<<<<< 's_flipper_left' active >>>>>>>
2026-03-01 11:31:29,300 : INFO : EventManager : Event: ======'machine_var_audits_switches_s_flipper_left'====== Args={'value': 38, 'prev_value': 37, 'change': 1}
2026-03-01 11:31:29,324 : INFO : SwitchController : <<<<<<< 's_flipper_left_eos' inactive >>>>>>>
2026-03-01 11:31:29,468 : INFO : SwitchController : <<<<<<< 's_flipper_left' inactive >>>>>>>
2026-03-01 11:31:29,555 : INFO : SwitchController : <<<<<<< 's_flipper_left_eos' active >>>>>>>
2026-03-01 11:31:29,555 : INFO : EventManager : Event: ======'machine_var_audits_switches_s_flipper_left_eos'====== Args={'value': 34, 'prev_value': 33, 'change': 1}
2026-03-01 11:31:30,948 : INFO : SwitchController : <<<<<<< 's_flipper_right_lower' active >>>>>>>
2026-03-01 11:31:30,949 : INFO : EventManager : Event: ======'machine_var_audits_switches_s_flipper_right_lower'====== Args={'value': 70, 'prev_value': 69, 'change': 1}
2026-03-01 11:31:30,950 : INFO : SwitchController : <<<<<<< 's_flipper_right_upper' active >>>>>>>
2026-03-01 11:31:30,950 : INFO : EventManager : Event: ======'machine_var_audits_switches_s_flipper_right_upper'====== Args={'value': 72, 'prev_value': 71, 'change': 1}
2026-03-01 11:31:31,144 : INFO : SwitchController : <<<<<<< 's_flipper_right_lower' inactive >>>>>>>
2026-03-01 11:31:31,148 : INFO : SwitchController : <<<<<<< 's_flipper_right_upper' inactive >>>>>>>
2026-03-01 11:31:33,307 : INFO : SwitchController : <<<<<<< 's_flipper_left' active >>>>>>>
2026-03-01 11:31:33,307 : INFO : EventManager : Event: ======'machine_var_audits_switches_s_flipper_left'====== Args={'value': 39, 'prev_value': 38, 'change': 1}
2026-03-01 11:31:33,478 : INFO : SwitchController : <<<<<<< 's_flipper_left' inactive >>>>>>>
2026-03-01 11:31:34,582 : INFO : SwitchController : <<<<<<< 's_sling_right' active >>>>>>>
2026-03-01 11:31:34,582 : INFO : EventManager : Event: ======'machine_var_audits_switches_s_sling_right'====== Args={'value': 8, 'prev_value': 7, 'change': 1}
2026-03-01 11:31:34,602 : INFO : SwitchController : <<<<<<< 's_sling_right' inactive >>>>>>>
2026-03-01 11:31:35,824 : INFO : SwitchController : <<<<<<< 's_sling_left' active >>>>>>>
2026-03-01 11:31:35,824 : INFO : EventManager : Event: ======'machine_var_audits_switches_s_sling_left'====== Args={'value': 165, 'prev_value': 164, 'change': 1}
2026-03-01 11:31:35,841 : INFO : SwitchController : <<<<<<< 's_sling_left' inactive >>>>>>>
2026-03-01 11:31:35,909 : INFO : SwitchController : <<<<<<< 's_sling_right' active >>>>>>>
2026-03-01 11:31:35,909 : INFO : EventManager : Event: ======'machine_var_audits_switches_s_sling_right'====== Args={'value': 9, 'prev_value': 8, 'change': 1}
2026-03-01 11:31:35,917 : INFO : SwitchController : <<<<<<< 's_sling_right' inactive >>>>>>>
2026-03-01 11:31:36,023 : INFO : SwitchController : <<<<<<< 's_sling_left' active >>>>>>>
2026-03-01 11:31:36,023 : INFO : EventManager : Event: ======'machine_var_audits_switches_s_sling_left'====== Args={'value': 166, 'prev_value': 165, 'change': 1}
2026-03-01 11:31:36,039 : INFO : SwitchController : <<<<<<< 's_sling_left' inactive >>>>>>>
2026-03-01 11:31:40,146 : INFO : SwitchController : <<<<<<< 's_flipper_right_lower' active >>>>>>>
2026-03-01 11:31:40,146 : INFO : EventManager : Event: ======'machine_var_audits_switches_s_flipper_right_lower'====== Args={'value': 71, 'prev_value': 70, 'change': 1}
2026-03-01 11:31:40,153 : INFO : SwitchController : <<<<<<< 's_flipper_right_upper' active >>>>>>>
2026-03-01 11:31:40,153 : INFO : EventManager : Event: ======'machine_var_audits_switches_s_flipper_right_upper'====== Args={'value': 73, 'prev_value': 72, 'change': 1}
2026-03-01 11:31:40,401 : INFO : SwitchController : <<<<<<< 's_flipper_right_lower' inactive >>>>>>>
2026-03-01 11:31:40,402 : INFO : SwitchController : <<<<<<< 's_flipper_right_upper' inactive >>>>>>>
2026-03-01 11:31:40,693 : INFO : SwitchController : <<<<<<< 's_flipper_right_lower' active >>>>>>>
2026-03-01 11:31:40,694 : INFO : EventManager : Event: ======'machine_var_audits_switches_s_flipper_right_lower'====== Args={'value': 72, 'prev_value': 71, 'change': 1}
2026-03-01 11:31:40,694 : INFO : SwitchController : <<<<<<< 's_flipper_right_upper' active >>>>>>>
2026-03-01 11:31:40,694 : INFO : EventManager : Event: ======'machine_var_audits_switches_s_flipper_right_upper'====== Args={'value': 74, 'prev_value': 73, 'change': 1}
2026-03-01 11:31:40,723 : INFO : SwitchController : <<<<<<< 's_flipper_right_lower_eos' inactive >>>>>>>
2026-03-01 11:31:40,785 : INFO : SwitchController : <<<<<<< 's_flipper_right_lower' inactive >>>>>>>
2026-03-01 11:31:40,789 : INFO : SwitchController : <<<<<<< 's_flipper_right_upper' inactive >>>>>>>
2026-03-01 11:31:40,815 : INFO : SwitchController : <<<<<<< 's_flipper_left' active >>>>>>>
2026-03-01 11:31:40,816 : INFO : EventManager : Event: ======'machine_var_audits_switches_s_flipper_left'====== Args={'value': 40, 'prev_value': 39, 'change': 1}
2026-03-01 11:31:40,838 : INFO : SwitchController : <<<<<<< 's_flipper_left_eos' inactive >>>>>>>
2026-03-01 11:31:40,879 : INFO : SwitchController : <<<<<<< 's_flipper_right_lower_eos' active >>>>>>>
2026-03-01 11:31:40,879 : INFO : EventManager : Event: ======'machine_var_audits_switches_s_flipper_right_lower_eos'====== Args={'value': 47, 'prev_value': 46, 'change': 1}
2026-03-01 11:31:41,028 : INFO : SwitchController : <<<<<<< 's_flipper_left' inactive >>>>>>>
2026-03-01 11:31:41,115 : INFO : SwitchController : <<<<<<< 's_flipper_left_eos' active >>>>>>>
2026-03-01 11:31:41,116 : INFO : EventManager : Event: ======'machine_var_audits_switches_s_flipper_left_eos'====== Args={'value': 35, 'prev_value': 34, 'change': 1}
2026-03-01 11:31:41,232 : INFO : SwitchController : <<<<<<< 's_flipper_right_lower' active >>>>>>>
2026-03-01 11:31:41,232 : INFO : EventManager : Event: ======'machine_var_audits_switches_s_flipper_right_lower'====== Args={'value': 73, 'prev_value': 72, 'change': 1}
2026-03-01 11:31:41,233 : INFO : SwitchController : <<<<<<< 's_flipper_right_upper' active >>>>>>>
2026-03-01 11:31:41,233 : INFO : EventManager : Event: ======'machine_var_audits_switches_s_flipper_right_upper'====== Args={'value': 75, 'prev_value': 74, 'change': 1}
2026-03-01 11:31:41,261 : INFO : SwitchController : <<<<<<< 's_flipper_right_lower_eos' inactive >>>>>>>
2026-03-01 11:31:41,340 : INFO : SwitchController : <<<<<<< 's_flipper_right_lower' inactive >>>>>>>
2026-03-01 11:31:41,347 : INFO : SwitchController : <<<<<<< 's_flipper_right_upper' inactive >>>>>>>
2026-03-01 11:31:41,437 : INFO : SwitchController : <<<<<<< 's_flipper_right_lower_eos' active >>>>>>>
2026-03-01 11:31:41,437 : INFO : EventManager : Event: ======'machine_var_audits_switches_s_flipper_right_lower_eos'====== Args={'value': 48, 'prev_value': 47, 'change': 1}
2026-03-01 11:31:41,611 : INFO : SwitchController : <<<<<<< 's_flipper_right_upper' active >>>>>>>
2026-03-01 11:31:41,611 : INFO : EventManager : Event: ======'machine_var_audits_switches_s_flipper_right_upper'====== Args={'value': 76, 'prev_value': 75, 'change': 1}
2026-03-01 11:31:41,612 : INFO : SwitchController : <<<<<<< 's_flipper_right_lower' active >>>>>>>
2026-03-01 11:31:41,612 : INFO : EventManager : Event: ======'machine_var_audits_switches_s_flipper_right_lower'====== Args={'value': 74, 'prev_value': 73, 'change': 1}
2026-03-01 11:31:41,641 : INFO : SwitchController : <<<<<<< 's_flipper_right_lower_eos' inactive >>>>>>>
2026-03-01 11:31:42,455 : INFO : SwitchController : <<<<<<< 's_flipper_right_lower' inactive >>>>>>>
2026-03-01 11:31:42,461 : INFO : SwitchController : <<<<<<< 's_flipper_right_upper' inactive >>>>>>>
2026-03-01 11:31:42,550 : INFO : SwitchController : <<<<<<< 's_flipper_right_lower_eos' active >>>>>>>
2026-03-01 11:31:42,551 : INFO : EventManager : Event: ======'machine_var_audits_switches_s_flipper_right_lower_eos'====== Args={'value': 49, 'prev_value': 48, 'change': 1}
2026-03-01 11:31:42,999 : INFO : SwitchController : <<<<<<< 's_flipper_right_lower' active >>>>>>>
2026-03-01 11:31:43,000 : INFO : EventManager : Event: ======'machine_var_audits_switches_s_flipper_right_lower'====== Args={'value': 75, 'prev_value': 74, 'change': 1}
2026-03-01 11:31:43,005 : INFO : SwitchController : <<<<<<< 's_flipper_right_upper' active >>>>>>>
2026-03-01 11:31:43,006 : INFO : EventManager : Event: ======'machine_var_audits_switches_s_flipper_right_upper'====== Args={'value': 77, 'prev_value': 76, 'change': 1}
2026-03-01 11:31:43,149 : INFO : SwitchController : <<<<<<< 's_flipper_right_lower' inactive >>>>>>>
2026-03-01 11:31:43,149 : INFO : SwitchController : <<<<<<< 's_flipper_right_upper' inactive >>>>>>>
2026-03-01 11:31:46,806 : INFO : SwitchController : <<<<<<< 's_flipper_right_upper' active >>>>>>>
2026-03-01 11:31:46,806 : INFO : EventManager : Event: ======'machine_var_audits_switches_s_flipper_right_upper'====== Args={'value': 78, 'prev_value': 77, 'change': 1}
2026-03-01 11:31:46,815 : INFO : SwitchController : <<<<<<< 's_flipper_right_upper' inactive >>>>>>>
2026-03-01 11:31:46,815 : INFO : SwitchController : <<<<<<< 's_flipper_right_lower' active >>>>>>>
2026-03-01 11:31:46,815 : INFO : EventManager : Event: ======'machine_var_audits_switches_s_flipper_right_lower'====== Args={'value': 76, 'prev_value': 75, 'change': 1}
2026-03-01 11:31:46,816 : INFO : SwitchController : <<<<<<< 's_flipper_right_upper' active >>>>>>>
2026-03-01 11:31:46,816 : INFO : EventManager : Event: ======'machine_var_audits_switches_s_flipper_right_upper'====== Args={'value': 79, 'prev_value': 78, 'change': 1}
2026-03-01 11:31:46,821 : INFO : SwitchController : <<<<<<< 's_flipper_right_upper' inactive >>>>>>>
2026-03-01 11:31:46,823 : INFO : SwitchController : <<<<<<< 's_flipper_right_upper' active >>>>>>>
2026-03-01 11:31:46,823 : INFO : EventManager : Event: ======'machine_var_audits_switches_s_flipper_right_upper'====== Args={'value': 80, 'prev_value': 79, 'change': 1}
2026-03-01 11:31:47,172 : INFO : SwitchController : <<<<<<< 's_sling_left' active >>>>>>>
2026-03-01 11:31:47,172 : INFO : EventManager : Event: ======'machine_var_audits_switches_s_sling_left'====== Args={'value': 167, 'prev_value': 166, 'change': 1}
2026-03-01 11:31:47,188 : INFO : SwitchController : <<<<<<< 's_sling_left' inactive >>>>>>>
2026-03-01 11:31:47,693 : INFO : SwitchController : <<<<<<< 's_flipper_left' active >>>>>>>
2026-03-01 11:31:47,693 : INFO : EventManager : Event: ======'machine_var_audits_switches_s_flipper_left'====== Args={'value': 41, 'prev_value': 40, 'change': 1}
2026-03-01 11:31:47,717 : INFO : SwitchController : <<<<<<< 's_flipper_left_eos' inactive >>>>>>>
2026-03-01 11:31:47,847 : INFO : SwitchController : <<<<<<< 's_flipper_left' inactive >>>>>>>
2026-03-01 11:31:47,934 : INFO : SwitchController : <<<<<<< 's_flipper_left_eos' active >>>>>>>
2026-03-01 11:31:47,934 : INFO : EventManager : Event: ======'machine_var_audits_switches_s_flipper_left_eos'====== Args={'value': 36, 'prev_value': 35, 'change': 1}
2026-03-01 11:31:48,044 : INFO : SwitchController : <<<<<<< 's_flipper_right_lower' inactive >>>>>>>
2026-03-01 11:31:48,044 : INFO : SwitchController : <<<<<<< 's_flipper_right_upper' inactive >>>>>>>
2026-03-01 11:31:48,857 : INFO : SwitchController : <<<<<<< 's_flipper_right_upper' active >>>>>>>
2026-03-01 11:31:48,858 : INFO : EventManager : Event: ======'machine_var_audits_switches_s_flipper_right_upper'====== Args={'value': 81, 'prev_value': 80, 'change': 1}
2026-03-01 11:31:48,860 : INFO : SwitchController : <<<<<<< 's_flipper_right_lower' active >>>>>>>
2026-03-01 11:31:48,860 : INFO : EventManager : Event: ======'machine_var_audits_switches_s_flipper_right_lower'====== Args={'value': 77, 'prev_value': 76, 'change': 1}
2026-03-01 11:31:48,890 : INFO : SwitchController : <<<<<<< 's_flipper_right_lower_eos' inactive >>>>>>>
2026-03-01 11:31:48,924 : INFO : SwitchController : <<<<<<< 's_flipper_right_lower' inactive >>>>>>>
2026-03-01 11:31:48,932 : INFO : SwitchController : <<<<<<< 's_flipper_right_upper' inactive >>>>>>>
2026-03-01 11:31:49,019 : INFO : SwitchController : <<<<<<< 's_flipper_right_lower_eos' active >>>>>>>
2026-03-01 11:31:49,020 : INFO : EventManager : Event: ======'machine_var_audits_switches_s_flipper_right_lower_eos'====== Args={'value': 50, 'prev_value': 49, 'change': 1}
2026-03-01 11:31:49,042 : INFO : SwitchController : <<<<<<< 's_flipper_right_upper' active >>>>>>>
2026-03-01 11:31:49,042 : INFO : EventManager : Event: ======'machine_var_audits_switches_s_flipper_right_upper'====== Args={'value': 82, 'prev_value': 81, 'change': 1}
2026-03-01 11:31:49,044 : INFO : SwitchController : <<<<<<< 's_flipper_right_lower' active >>>>>>>
2026-03-01 11:31:49,045 : INFO : EventManager : Event: ======'machine_var_audits_switches_s_flipper_right_lower'====== Args={'value': 78, 'prev_value': 77, 'change': 1}
2026-03-01 11:31:49,070 : INFO : SwitchController : <<<<<<< 's_flipper_right_lower' inactive >>>>>>>
2026-03-01 11:31:49,071 : INFO : SwitchController : <<<<<<< 's_flipper_right_lower_eos' inactive >>>>>>>
2026-03-01 11:31:49,085 : INFO : SwitchController : <<<<<<< 's_flipper_right_upper' inactive >>>>>>>
2026-03-01 11:31:49,157 : INFO : SwitchController : <<<<<<< 's_flipper_right_lower_eos' active >>>>>>>
2026-03-01 11:31:49,158 : INFO : EventManager : Event: ======'machine_var_audits_switches_s_flipper_right_lower_eos'====== Args={'value': 51, 'prev_value': 50, 'change': 1}
2026-03-01 11:31:49,183 : INFO : SwitchController : <<<<<<< 's_flipper_right_upper' active >>>>>>>
2026-03-01 11:31:49,184 : INFO : EventManager : Event: ======'machine_var_audits_switches_s_flipper_right_upper'====== Args={'value': 83, 'prev_value': 82, 'change': 1}
2026-03-01 11:31:49,190 : INFO : SwitchController : <<<<<<< 's_flipper_right_lower' active >>>>>>>
2026-03-01 11:31:49,190 : INFO : EventManager : Event: ======'machine_var_audits_switches_s_flipper_right_lower'====== Args={'value': 79, 'prev_value': 78, 'change': 1}
2026-03-01 11:31:49,204 : INFO : SwitchController : <<<<<<< 's_flipper_right_lower' inactive >>>>>>>
2026-03-01 11:31:49,213 : INFO : SwitchController : <<<<<<< 's_flipper_right_upper' inactive >>>>>>>
2026-03-01 11:31:49,217 : INFO : SwitchController : <<<<<<< 's_flipper_right_lower_eos' inactive >>>>>>>
2026-03-01 11:31:49,251 : INFO : SwitchController : <<<<<<< 's_flipper_right_lower_eos' active >>>>>>>
2026-03-01 11:31:49,251 : INFO : EventManager : Event: ======'machine_var_audits_switches_s_flipper_right_lower_eos'====== Args={'value': 52, 'prev_value': 51, 'change': 1}
2026-03-01 11:31:49,306 : INFO : SwitchController : <<<<<<< 's_flipper_right_upper' active >>>>>>>
2026-03-01 11:31:49,307 : INFO : EventManager : Event: ======'machine_var_audits_switches_s_flipper_right_upper'====== Args={'value': 84, 'prev_value': 83, 'change': 1}
2026-03-01 11:31:49,307 : INFO : SwitchController : <<<<<<< 's_flipper_right_lower' active >>>>>>>
2026-03-01 11:31:49,307 : INFO : EventManager : Event: ======'machine_var_audits_switches_s_flipper_right_lower'====== Args={'value': 80, 'prev_value': 79, 'change': 1}
2026-03-01 11:31:49,345 : INFO : SwitchController : <<<<<<< 's_flipper_right_lower' inactive >>>>>>>
2026-03-01 11:31:49,347 : INFO : SwitchController : <<<<<<< 's_flipper_right_lower_eos' inactive >>>>>>>
2026-03-01 11:31:49,350 : INFO : SwitchController : <<<<<<< 's_flipper_right_upper' inactive >>>>>>>
2026-03-01 11:31:49,381 : INFO : SwitchController : <<<<<<< 's_flipper_right_lower_eos' active >>>>>>>
2026-03-01 11:31:49,382 : INFO : EventManager : Event: ======'machine_var_audits_switches_s_flipper_right_lower_eos'====== Args={'value': 53, 'prev_value': 52, 'change': 1}
2026-03-01 11:31:49,616 : INFO : SwitchController : <<<<<<< 's_flipper_right_upper' active >>>>>>>
2026-03-01 11:31:49,616 : INFO : EventManager : Event: ======'machine_var_audits_switches_s_flipper_right_upper'====== Args={'value': 85, 'prev_value': 84, 'change': 1}
2026-03-01 11:31:49,619 : INFO : SwitchController : <<<<<<< 's_flipper_right_lower' active >>>>>>>
2026-03-01 11:31:49,620 : INFO : EventManager : Event: ======'machine_var_audits_switches_s_flipper_right_lower'====== Args={'value': 81, 'prev_value': 80, 'change': 1}
2026-03-01 11:31:49,651 : INFO : SwitchController : <<<<<<< 's_flipper_right_lower_eos' inactive >>>>>>>
2026-03-01 11:31:49,720 : INFO : SwitchController : <<<<<<< 's_flipper_right_lower' inactive >>>>>>>
2026-03-01 11:31:49,727 : INFO : SwitchController : <<<<<<< 's_flipper_right_upper' inactive >>>>>>>
2026-03-01 11:31:49,813 : INFO : SwitchController : <<<<<<< 's_flipper_right_lower_eos' active >>>>>>>
2026-03-01 11:31:49,813 : INFO : EventManager : Event: ======'machine_var_audits_switches_s_flipper_right_lower_eos'====== Args={'value': 54, 'prev_value': 53, 'change': 1}
2026-03-01 11:31:50,916 : INFO : SwitchController : <<<<<<< 's_trough_6' inactive >>>>>>>
2026-03-01 11:31:51,417 : INFO : ball_device.bd_trough : BCH: Count is unstable. Trying to reorder balls.
2026-03-01 11:31:51,417 : WARNING : ball_device.bd_trough : Cannot reorder device because eject_coil_reorder_pulse is not configured
2026-03-01 11:31:51,417 : INFO : ball_device.bd_trough : BCH: Repulse done. Waiting for balls to settle.
2026-03-01 11:31:53,536 : INFO : SwitchController : <<<<<<< 's_trough_5' active >>>>>>>
2026-03-01 11:31:53,536 : INFO : EventManager : Event: ======'machine_var_audits_switches_s_trough_5'====== Args={'value': 38, 'prev_value': 37, 'change': 1}
2026-03-01 11:31:53,537 : INFO : SwitchController : <<<<<<< 's_trough_6' active >>>>>>>
2026-03-01 11:31:53,537 : INFO : EventManager : Event: ======'machine_var_audits_switches_s_trough_6'====== Args={'value': 43, 'prev_value': 42, 'change': 1}
2026-03-01 11:31:53,554 : INFO : SwitchController : <<<<<<< 's_trough_6' inactive >>>>>>>
2026-03-01 11:31:53,602 : INFO : SwitchController : <<<<<<< 's_trough_5' inactive >>>>>>>
2026-03-01 11:31:53,907 : INFO : SwitchController : <<<<<<< 's_trough_5' active >>>>>>>
2026-03-01 11:31:53,908 : INFO : EventManager : Event: ======'machine_var_audits_switches_s_trough_5'====== Args={'value': 39, 'prev_value': 38, 'change': 1}
2026-03-01 11:31:53,927 : INFO : SwitchController : <<<<<<< 's_trough_6' active >>>>>>>
2026-03-01 11:31:53,927 : INFO : EventManager : Event: ======'machine_var_audits_switches_s_trough_6'====== Args={'value': 44, 'prev_value': 43, 'change': 1}
2026-03-01 11:31:54,174 : INFO : SwitchController : <<<<<<< 's_trough_6' inactive >>>>>>>
2026-03-01 11:31:54,295 : INFO : SwitchController : <<<<<<< 's_trough_6' active >>>>>>>
2026-03-01 11:31:54,295 : INFO : EventManager : Event: ======'machine_var_audits_switches_s_trough_6'====== Args={'value': 45, 'prev_value': 44, 'change': 1}
2026-03-01 11:31:54,310 : INFO : SwitchController : <<<<<<< 's_trough_5' inactive >>>>>>>
2026-03-01 11:31:54,534 : INFO : SwitchController : <<<<<<< 's_sling_left' active >>>>>>>
2026-03-01 11:31:54,534 : INFO : EventManager : Event: ======'machine_var_audits_switches_s_sling_left'====== Args={'value': 168, 'prev_value': 167, 'change': 1}
2026-03-01 11:31:54,550 : INFO : SwitchController : <<<<<<< 's_sling_left' inactive >>>>>>>
2026-03-01 11:31:55,137 : INFO : SwitchController : <<<<<<< 's_flipper_right_upper' active >>>>>>>
2026-03-01 11:31:55,137 : INFO : EventManager : Event: ======'machine_var_audits_switches_s_flipper_right_upper'====== Args={'value': 86, 'prev_value': 85, 'change': 1}
2026-03-01 11:31:55,139 : INFO : SwitchController : <<<<<<< 's_flipper_right_lower' active >>>>>>>
2026-03-01 11:31:55,139 : INFO : EventManager : Event: ======'machine_var_audits_switches_s_flipper_right_lower'====== Args={'value': 82, 'prev_value': 81, 'change': 1}
2026-03-01 11:31:55,169 : INFO : SwitchController : <<<<<<< 's_flipper_right_lower_eos' inactive >>>>>>>
2026-03-01 11:31:55,248 : INFO : SwitchController : <<<<<<< 's_flipper_right_lower' inactive >>>>>>>
2026-03-01 11:31:55,256 : INFO : SwitchController : <<<<<<< 's_flipper_right_upper' inactive >>>>>>>
2026-03-01 11:31:55,332 : INFO : SwitchController : <<<<<<< 's_flipper_left' active >>>>>>>
2026-03-01 11:31:55,333 : INFO : EventManager : Event: ======'machine_var_audits_switches_s_flipper_left'====== Args={'value': 42, 'prev_value': 41, 'change': 1}
2026-03-01 11:31:55,347 : INFO : SwitchController : <<<<<<< 's_flipper_right_lower_eos' active >>>>>>>
2026-03-01 11:31:55,347 : INFO : EventManager : Event: ======'machine_var_audits_switches_s_flipper_right_lower_eos'====== Args={'value': 55, 'prev_value': 54, 'change': 1}
2026-03-01 11:31:55,357 : INFO : SwitchController : <<<<<<< 's_flipper_left_eos' inactive >>>>>>>
2026-03-01 11:31:55,474 : INFO : SwitchController : <<<<<<< 's_flipper_left' inactive >>>>>>>
2026-03-01 11:31:55,527 : INFO : SwitchController : <<<<<<< 's_flipper_right_upper' active >>>>>>>
2026-03-01 11:31:55,527 : INFO : EventManager : Event: ======'machine_var_audits_switches_s_flipper_right_upper'====== Args={'value': 87, 'prev_value': 86, 'change': 1}
2026-03-01 11:31:55,529 : INFO : SwitchController : <<<<<<< 's_flipper_right_lower' active >>>>>>>
2026-03-01 11:31:55,529 : INFO : EventManager : Event: ======'machine_var_audits_switches_s_flipper_right_lower'====== Args={'value': 83, 'prev_value': 82, 'change': 1}
2026-03-01 11:31:55,558 : INFO : SwitchController : <<<<<<< 's_flipper_right_lower_eos' inactive >>>>>>>
2026-03-01 11:31:55,566 : INFO : SwitchController : <<<<<<< 's_flipper_left_eos' active >>>>>>>
2026-03-01 11:31:55,566 : INFO : EventManager : Event: ======'machine_var_audits_switches_s_flipper_left_eos'====== Args={'value': 37, 'prev_value': 36, 'change': 1}
2026-03-01 11:31:55,591 : INFO : SwitchController : <<<<<<< 's_flipper_right_lower' inactive >>>>>>>
2026-03-01 11:31:55,598 : INFO : SwitchController : <<<<<<< 's_flipper_right_upper' inactive >>>>>>>
2026-03-01 11:31:55,687 : INFO : SwitchController : <<<<<<< 's_flipper_right_lower_eos' active >>>>>>>
2026-03-01 11:31:55,687 : INFO : EventManager : Event: ======'machine_var_audits_switches_s_flipper_right_lower_eos'====== Args={'value': 56, 'prev_value': 55, 'change': 1}
2026-03-01 11:31:55,767 : INFO : SwitchController : <<<<<<< 's_flipper_left' active >>>>>>>
2026-03-01 11:31:55,768 : INFO : EventManager : Event: ======'machine_var_audits_switches_s_flipper_left'====== Args={'value': 43, 'prev_value': 42, 'change': 1}
2026-03-01 11:31:55,791 : INFO : SwitchController : <<<<<<< 's_flipper_left_eos' inactive >>>>>>>
2026-03-01 11:31:55,895 : INFO : SwitchController : <<<<<<< 's_flipper_left' inactive >>>>>>>
2026-03-01 11:31:55,984 : INFO : SwitchController : <<<<<<< 's_flipper_left_eos' active >>>>>>>
2026-03-01 11:31:55,984 : INFO : EventManager : Event: ======'machine_var_audits_switches_s_flipper_left_eos'====== Args={'value': 38, 'prev_value': 37, 'change': 1}
2026-03-01 11:31:57,016 : INFO : SwitchController : <<<<<<< 's_flipper_right_upper' active >>>>>>>
2026-03-01 11:31:57,016 : INFO : EventManager : Event: ======'machine_var_audits_switches_s_flipper_right_upper'====== Args={'value': 88, 'prev_value': 87, 'change': 1}
2026-03-01 11:31:57,018 : INFO : SwitchController : <<<<<<< 's_flipper_right_lower' active >>>>>>>
2026-03-01 11:31:57,018 : INFO : EventManager : Event: ======'machine_var_audits_switches_s_flipper_right_lower'====== Args={'value': 84, 'prev_value': 83, 'change': 1}
2026-03-01 11:31:57,509 : INFO : SwitchController : <<<<<<< 's_flipper_left' active >>>>>>>
2026-03-01 11:31:57,509 : INFO : EventManager : Event: ======'machine_var_audits_switches_s_flipper_left'====== Args={'value': 44, 'prev_value': 43, 'change': 1}
2026-03-01 11:31:57,533 : INFO : SwitchController : <<<<<<< 's_flipper_left_eos' inactive >>>>>>>
2026-03-01 11:31:57,650 : INFO : SwitchController : <<<<<<< 's_flipper_right_upper' inactive >>>>>>>
2026-03-01 11:31:57,650 : INFO : SwitchController : <<<<<<< 's_flipper_right_lower' inactive >>>>>>>
2026-03-01 11:31:57,667 : INFO : SwitchController : <<<<<<< 's_flipper_left' inactive >>>>>>>
2026-03-01 11:31:57,753 : INFO : SwitchController : <<<<<<< 's_flipper_left_eos' active >>>>>>>
2026-03-01 11:31:57,754 : INFO : EventManager : Event: ======'machine_var_audits_switches_s_flipper_left_eos'====== Args={'value': 39, 'prev_value': 38, 'change': 1}
2026-03-01 11:31:57,775 : INFO : SwitchController : <<<<<<< 's_flipper_right_upper' active >>>>>>>
2026-03-01 11:31:57,776 : INFO : EventManager : Event: ======'machine_var_audits_switches_s_flipper_right_upper'====== Args={'value': 89, 'prev_value': 88, 'change': 1}
2026-03-01 11:31:57,805 : INFO : SwitchController : <<<<<<< 's_flipper_right_upper' inactive >>>>>>>
2026-03-01 11:31:58,121 : INFO : SwitchController : <<<<<<< 's_flipper_right_upper' active >>>>>>>
2026-03-01 11:31:58,121 : INFO : EventManager : Event: ======'machine_var_audits_switches_s_flipper_right_upper'====== Args={'value': 90, 'prev_value': 89, 'change': 1}
2026-03-01 11:31:58,147 : INFO : SwitchController : <<<<<<< 's_flipper_right_upper' inactive >>>>>>>
2026-03-01 11:31:58,783 : INFO : SwitchController : <<<<<<< 's_flipper_right_upper' active >>>>>>>
2026-03-01 11:31:58,784 : INFO : EventManager : Event: ======'machine_var_audits_switches_s_flipper_right_upper'====== Args={'value': 91, 'prev_value': 90, 'change': 1}
2026-03-01 11:31:58,857 : INFO : SwitchController : <<<<<<< 's_flipper_right_lower' active >>>>>>>
2026-03-01 11:31:58,857 : INFO : EventManager : Event: ======'machine_var_audits_switches_s_flipper_right_lower'====== Args={'value': 85, 'prev_value': 84, 'change': 1}
2026-03-01 11:31:58,886 : INFO : SwitchController : <<<<<<< 's_flipper_right_lower_eos' inactive >>>>>>>
2026-03-01 11:31:58,978 : INFO : SwitchController : <<<<<<< 's_flipper_right_lower' inactive >>>>>>>
2026-03-01 11:31:58,992 : INFO : SwitchController : <<<<<<< 's_flipper_right_upper' inactive >>>>>>>
2026-03-01 11:31:59,076 : INFO : SwitchController : <<<<<<< 's_flipper_right_lower_eos' active >>>>>>>
2026-03-01 11:31:59,076 : INFO : EventManager : Event: ======'machine_var_audits_switches_s_flipper_right_lower_eos'====== Args={'value': 57, 'prev_value': 56, 'change': 1}
2026-03-01 11:31:59,346 : INFO : SwitchController : <<<<<<< 's_flipper_right_upper' active >>>>>>>
2026-03-01 11:31:59,347 : INFO : EventManager : Event: ======'machine_var_audits_switches_s_flipper_right_upper'====== Args={'value': 92, 'prev_value': 91, 'change': 1}
2026-03-01 11:31:59,349 : INFO : SwitchController : <<<<<<< 's_flipper_right_lower' active >>>>>>>
2026-03-01 11:31:59,350 : INFO : EventManager : Event: ======'machine_var_audits_switches_s_flipper_right_lower'====== Args={'value': 86, 'prev_value': 85, 'change': 1}
2026-03-01 11:31:59,379 : INFO : SwitchController : <<<<<<< 's_flipper_right_lower_eos' inactive >>>>>>>
2026-03-01 11:31:59,535 : INFO : SwitchController : <<<<<<< 's_flipper_right_lower' inactive >>>>>>>
2026-03-01 11:31:59,540 : INFO : SwitchController : <<<<<<< 's_flipper_right_upper' inactive >>>>>>>
2026-03-01 11:31:59,631 : INFO : SwitchController : <<<<<<< 's_flipper_right_lower_eos' active >>>>>>>
2026-03-01 11:31:59,631 : INFO : EventManager : Event: ======'machine_var_audits_switches_s_flipper_right_lower_eos'====== Args={'value': 58, 'prev_value': 57, 'change': 1}
2026-03-01 11:31:59,840 : INFO : SwitchController : <<<<<<< 's_flipper_right_upper' active >>>>>>>
2026-03-01 11:31:59,840 : INFO : EventManager : Event: ======'machine_var_audits_switches_s_flipper_right_upper'====== Args={'value': 93, 'prev_value': 92, 'change': 1}
2026-03-01 11:31:59,855 : INFO : SwitchController : <<<<<<< 's_flipper_right_lower' active >>>>>>>
2026-03-01 11:31:59,855 : INFO : EventManager : Event: ======'machine_var_audits_switches_s_flipper_right_lower'====== Args={'value': 87, 'prev_value': 86, 'change': 1}
2026-03-01 11:31:59,883 : INFO : SwitchController : <<<<<<< 's_flipper_right_lower_eos' inactive >>>>>>>
2026-03-01 11:32:00,005 : INFO : SwitchController : <<<<<<< 's_flipper_right_lower' inactive >>>>>>>
2026-03-01 11:32:00,014 : INFO : SwitchController : <<<<<<< 's_flipper_right_upper' inactive >>>>>>>
2026-03-01 11:32:00,104 : INFO : SwitchController : <<<<<<< 's_flipper_right_lower_eos' active >>>>>>>
2026-03-01 11:32:00,104 : INFO : EventManager : Event: ======'machine_var_audits_switches_s_flipper_right_lower_eos'====== Args={'value': 59, 'prev_value': 58, 'change': 1}
2026-03-01 11:32:00,255 : INFO : SwitchController : <<<<<<< 's_flipper_right_upper' active >>>>>>>
2026-03-01 11:32:00,255 : INFO : EventManager : Event: ======'machine_var_audits_switches_s_flipper_right_upper'====== Args={'value': 94, 'prev_value': 93, 'change': 1}
2026-03-01 11:32:00,257 : INFO : SwitchController : <<<<<<< 's_flipper_right_lower' active >>>>>>>
2026-03-01 11:32:00,257 : INFO : EventManager : Event: ======'machine_var_audits_switches_s_flipper_right_lower'====== Args={'value': 88, 'prev_value': 87, 'change': 1}
2026-03-01 11:32:00,287 : INFO : SwitchController : <<<<<<< 's_flipper_right_lower_eos' inactive >>>>>>>
2026-03-01 11:32:00,676 : INFO : SwitchController : <<<<<<< 's_flipper_right_lower' inactive >>>>>>>
2026-03-01 11:32:00,686 : INFO : SwitchController : <<<<<<< 's_flipper_right_upper' inactive >>>>>>>
2026-03-01 11:32:00,773 : INFO : SwitchController : <<<<<<< 's_flipper_right_lower_eos' active >>>>>>>
2026-03-01 11:32:00,774 : INFO : EventManager : Event: ======'machine_var_audits_switches_s_flipper_right_lower_eos'====== Args={'value': 60, 'prev_value': 59, 'change': 1}
2026-03-01 11:32:01,020 : INFO : SwitchController : <<<<<<< 's_flipper_right_upper' active >>>>>>>
2026-03-01 11:32:01,020 : INFO : EventManager : Event: ======'machine_var_audits_switches_s_flipper_right_upper'====== Args={'value': 95, 'prev_value': 94, 'change': 1}
2026-03-01 11:32:01,021 : INFO : SwitchController : <<<<<<< 's_flipper_right_lower' active >>>>>>>
2026-03-01 11:32:01,021 : INFO : EventManager : Event: ======'machine_var_audits_switches_s_flipper_right_lower'====== Args={'value': 89, 'prev_value': 88, 'change': 1}
2026-03-01 11:32:01,051 : INFO : SwitchController : <<<<<<< 's_flipper_right_lower_eos' inactive >>>>>>>
2026-03-01 11:32:01,149 : INFO : SwitchController : <<<<<<< 's_flipper_right_lower' inactive >>>>>>>
2026-03-01 11:32:01,158 : INFO : SwitchController : <<<<<<< 's_flipper_right_upper' inactive >>>>>>>
2026-03-01 11:32:01,474 : INFO : SwitchController : <<<<<<< 's_flipper_right_lower_eos' active >>>>>>>
2026-03-01 11:32:01,474 : INFO : EventManager : Event: ======'machine_var_audits_switches_s_flipper_right_lower_eos'====== Args={'value': 61, 'prev_value': 60, 'change': 1}
2026-03-01 11:32:01,799 : INFO : SwitchController : <<<<<<< 's_flipper_right_upper' active >>>>>>>
2026-03-01 11:32:01,799 : INFO : EventManager : Event: ======'machine_var_audits_switches_s_flipper_right_upper'====== Args={'value': 96, 'prev_value': 95, 'change': 1}
2026-03-01 11:32:01,802 : INFO : SwitchController : <<<<<<< 's_flipper_right_lower' active >>>>>>>
2026-03-01 11:32:01,803 : INFO : EventManager : Event: ======'machine_var_audits_switches_s_flipper_right_lower'====== Args={'value': 90, 'prev_value': 89, 'change': 1}
2026-03-01 11:32:01,837 : INFO : SwitchController : <<<<<<< 's_flipper_right_lower_eos' inactive >>>>>>>
2026-03-01 11:32:01,847 : INFO : SwitchController : <<<<<<< 's_flipper_right_lower_eos' active >>>>>>>
2026-03-01 11:32:01,847 : INFO : EventManager : Event: ======'machine_var_audits_switches_s_flipper_right_lower_eos'====== Args={'value': 62, 'prev_value': 61, 'change': 1}
2026-03-01 11:32:02,153 : INFO : SwitchController : <<<<<<< 's_flipper_right_lower' inactive >>>>>>>
2026-03-01 11:32:02,158 : INFO : SwitchController : <<<<<<< 's_flipper_right_upper' inactive >>>>>>>
2026-03-01 11:32:02,444 : INFO : SwitchController : <<<<<<< 's_flipper_right_upper' active >>>>>>>
2026-03-01 11:32:02,444 : INFO : EventManager : Event: ======'machine_var_audits_switches_s_flipper_right_upper'====== Args={'value': 97, 'prev_value': 96, 'change': 1}
2026-03-01 11:32:02,447 : INFO : SwitchController : <<<<<<< 's_flipper_right_lower' active >>>>>>>
2026-03-01 11:32:02,447 : INFO : EventManager : Event: ======'machine_var_audits_switches_s_flipper_right_lower'====== Args={'value': 91, 'prev_value': 90, 'change': 1}
2026-03-01 11:32:02,477 : INFO : SwitchController : <<<<<<< 's_flipper_right_lower_eos' inactive >>>>>>>
2026-03-01 11:32:02,589 : INFO : SwitchController : <<<<<<< 's_flipper_right_lower' inactive >>>>>>>
2026-03-01 11:32:02,596 : INFO : SwitchController : <<<<<<< 's_flipper_right_upper' inactive >>>>>>>
2026-03-01 11:32:02,686 : INFO : SwitchController : <<<<<<< 's_flipper_right_lower_eos' active >>>>>>>
2026-03-01 11:32:02,686 : INFO : EventManager : Event: ======'machine_var_audits_switches_s_flipper_right_lower_eos'====== Args={'value': 63, 'prev_value': 62, 'change': 1}
2026-03-01 11:32:02,896 : INFO : SwitchController : <<<<<<< 's_flipper_right_upper' active >>>>>>>
2026-03-01 11:32:02,896 : INFO : EventManager : Event: ======'machine_var_audits_switches_s_flipper_right_upper'====== Args={'value': 98, 'prev_value': 97, 'change': 1}
2026-03-01 11:32:02,897 : INFO : SwitchController : <<<<<<< 's_flipper_right_lower' active >>>>>>>
2026-03-01 11:32:02,897 : INFO : EventManager : Event: ======'machine_var_audits_switches_s_flipper_right_lower'====== Args={'value': 92, 'prev_value': 91, 'change': 1}
2026-03-01 11:32:02,927 : INFO : SwitchController : <<<<<<< 's_flipper_right_lower_eos' inactive >>>>>>>
2026-03-01 11:32:02,997 : INFO : SwitchController : <<<<<<< 's_flipper_right_lower' inactive >>>>>>>
2026-03-01 11:32:03,005 : INFO : SwitchController : <<<<<<< 's_flipper_right_upper' inactive >>>>>>>
2026-03-01 11:32:03,094 : INFO : SwitchController : <<<<<<< 's_flipper_right_lower_eos' active >>>>>>>
2026-03-01 11:32:03,094 : INFO : EventManager : Event: ======'machine_var_audits_switches_s_flipper_right_lower_eos'====== Args={'value': 64, 'prev_value': 63, 'change': 1}
2026-03-01 11:32:03,286 : INFO : SwitchController : <<<<<<< 's_flipper_right_upper' active >>>>>>>
2026-03-01 11:32:03,286 : INFO : EventManager : Event: ======'machine_var_audits_switches_s_flipper_right_upper'====== Args={'value': 99, 'prev_value': 98, 'change': 1}
2026-03-01 11:32:03,287 : INFO : SwitchController : <<<<<<< 's_flipper_right_lower' active >>>>>>>
2026-03-01 11:32:03,287 : INFO : EventManager : Event: ======'machine_var_audits_switches_s_flipper_right_lower'====== Args={'value': 93, 'prev_value': 92, 'change': 1}
2026-03-01 11:32:03,317 : INFO : SwitchController : <<<<<<< 's_flipper_right_lower_eos' inactive >>>>>>>
2026-03-01 11:32:03,721 : INFO : SwitchController : <<<<<<< 's_flipper_right_lower' inactive >>>>>>>
2026-03-01 11:32:03,726 : INFO : SwitchController : <<<<<<< 's_flipper_right_upper' inactive >>>>>>>
2026-03-01 11:32:03,817 : INFO : SwitchController : <<<<<<< 's_flipper_right_lower_eos' active >>>>>>>
2026-03-01 11:32:03,817 : INFO : EventManager : Event: ======'machine_var_audits_switches_s_flipper_right_lower_eos'====== Args={'value': 65, 'prev_value': 64, 'change': 1}
2026-03-01 11:32:04,099 : INFO : SwitchController : <<<<<<< 's_flipper_right_lower' active >>>>>>>
2026-03-01 11:32:04,099 : INFO : EventManager : Event: ======'machine_var_audits_switches_s_flipper_right_lower'====== Args={'value': 94, 'prev_value': 93, 'change': 1}
2026-03-01 11:32:04,099 : INFO : SwitchController : <<<<<<< 's_flipper_right_upper' active >>>>>>>
2026-03-01 11:32:04,099 : INFO : EventManager : Event: ======'machine_var_audits_switches_s_flipper_right_upper'====== Args={'value': 100, 'prev_value': 99, 'change': 1}
2026-03-01 11:32:04,129 : INFO : SwitchController : <<<<<<< 's_flipper_right_lower_eos' inactive >>>>>>>
2026-03-01 11:32:04,819 : INFO : SwitchController : <<<<<<< 's_flipper_right_lower' inactive >>>>>>>
2026-03-01 11:32:04,828 : INFO : SwitchController : <<<<<<< 's_flipper_right_upper' inactive >>>>>>>
2026-03-01 11:32:04,916 : INFO : SwitchController : <<<<<<< 's_flipper_right_lower_eos' active >>>>>>>
2026-03-01 11:32:04,916 : INFO : EventManager : Event: ======'machine_var_audits_switches_s_flipper_right_lower_eos'====== Args={'value': 66, 'prev_value': 65, 'change': 1}
2026-03-01 11:32:05,164 : INFO : SwitchController : <<<<<<< 's_flipper_right_upper' active >>>>>>>
2026-03-01 11:32:05,164 : INFO : EventManager : Event: ======'machine_var_audits_switches_s_flipper_right_upper'====== Args={'value': 101, 'prev_value': 100, 'change': 1}
2026-03-01 11:32:05,167 : INFO : SwitchController : <<<<<<< 's_flipper_right_lower' active >>>>>>>
2026-03-01 11:32:05,167 : INFO : EventManager : Event: ======'machine_var_audits_switches_s_flipper_right_lower'====== Args={'value': 95, 'prev_value': 94, 'change': 1}
2026-03-01 11:32:05,197 : INFO : SwitchController : <<<<<<< 's_flipper_right_lower_eos' inactive >>>>>>>
2026-03-01 11:32:05,270 : INFO : SwitchController : <<<<<<< 's_flipper_right_lower' inactive >>>>>>>
2026-03-01 11:32:05,276 : INFO : SwitchController : <<<<<<< 's_flipper_right_upper' inactive >>>>>>>
2026-03-01 11:32:05,369 : INFO : SwitchController : <<<<<<< 's_flipper_right_lower_eos' active >>>>>>>
2026-03-01 11:32:05,369 : INFO : EventManager : Event: ======'machine_var_audits_switches_s_flipper_right_lower_eos'====== Args={'value': 67, 'prev_value': 66, 'change': 1}
2026-03-01 11:32:05,491 : INFO : SwitchController : <<<<<<< 's_flipper_right_upper' active >>>>>>>
2026-03-01 11:32:05,492 : INFO : EventManager : Event: ======'machine_var_audits_switches_s_flipper_right_upper'====== Args={'value': 102, 'prev_value': 101, 'change': 1}
2026-03-01 11:32:05,498 : INFO : SwitchController : <<<<<<< 's_flipper_right_lower' active >>>>>>>
2026-03-01 11:32:05,498 : INFO : EventManager : Event: ======'machine_var_audits_switches_s_flipper_right_lower'====== Args={'value': 96, 'prev_value': 95, 'change': 1}
2026-03-01 11:32:05,529 : INFO : SwitchController : <<<<<<< 's_flipper_right_lower_eos' inactive >>>>>>>
2026-03-01 11:32:05,567 : INFO : SwitchController : <<<<<<< 's_flipper_right_lower' inactive >>>>>>>
2026-03-01 11:32:05,577 : INFO : SwitchController : <<<<<<< 's_flipper_right_upper' inactive >>>>>>>
2026-03-01 11:32:05,664 : INFO : SwitchController : <<<<<<< 's_flipper_right_lower_eos' active >>>>>>>
2026-03-01 11:32:05,664 : INFO : EventManager : Event: ======'machine_var_audits_switches_s_flipper_right_lower_eos'====== Args={'value': 68, 'prev_value': 67, 'change': 1}
2026-03-01 11:32:05,754 : INFO : SwitchController : <<<<<<< 's_flipper_right_upper' active >>>>>>>
2026-03-01 11:32:05,755 : INFO : EventManager : Event: ======'machine_var_audits_switches_s_flipper_right_upper'====== Args={'value': 103, 'prev_value': 102, 'change': 1}
2026-03-01 11:32:05,758 : INFO : SwitchController : <<<<<<< 's_flipper_right_lower' active >>>>>>>
2026-03-01 11:32:05,758 : INFO : EventManager : Event: ======'machine_var_audits_switches_s_flipper_right_lower'====== Args={'value': 97, 'prev_value': 96, 'change': 1}
2026-03-01 11:32:05,788 : INFO : SwitchController : <<<<<<< 's_flipper_right_lower_eos' inactive >>>>>>>
2026-03-01 11:32:05,861 : INFO : SwitchController : <<<<<<< 's_flipper_right_lower' inactive >>>>>>>
2026-03-01 11:32:05,868 : INFO : SwitchController : <<<<<<< 's_flipper_right_upper' inactive >>>>>>>
2026-03-01 11:32:05,959 : INFO : SwitchController : <<<<<<< 's_flipper_right_lower_eos' active >>>>>>>
2026-03-01 11:32:05,959 : INFO : EventManager : Event: ======'machine_var_audits_switches_s_flipper_right_lower_eos'====== Args={'value': 69, 'prev_value': 68, 'change': 1}
2026-03-01 11:32:06,004 : INFO : SwitchController : <<<<<<< 's_flipper_right_upper' active >>>>>>>
2026-03-01 11:32:06,004 : INFO : EventManager : Event: ======'machine_var_audits_switches_s_flipper_right_upper'====== Args={'value': 104, 'prev_value': 103, 'change': 1}
2026-03-01 11:32:06,007 : INFO : SwitchController : <<<<<<< 's_flipper_right_lower' active >>>>>>>
2026-03-01 11:32:06,007 : INFO : EventManager : Event: ======'machine_var_audits_switches_s_flipper_right_lower'====== Args={'value': 98, 'prev_value': 97, 'change': 1}
2026-03-01 11:32:06,035 : INFO : SwitchController : <<<<<<< 's_flipper_right_lower_eos' inactive >>>>>>>
2026-03-01 11:32:06,087 : INFO : SwitchController : <<<<<<< 's_flipper_right_lower' inactive >>>>>>>
2026-03-01 11:32:06,093 : INFO : SwitchController : <<<<<<< 's_flipper_right_upper' inactive >>>>>>>
2026-03-01 11:32:06,183 : INFO : SwitchController : <<<<<<< 's_flipper_right_lower_eos' active >>>>>>>
2026-03-01 11:32:06,183 : INFO : EventManager : Event: ======'machine_var_audits_switches_s_flipper_right_lower_eos'====== Args={'value': 70, 'prev_value': 69, 'change': 1}
2026-03-01 11:32:06,479 : INFO : SwitchController : <<<<<<< 's_flipper_right_lower' active >>>>>>>
2026-03-01 11:32:06,479 : INFO : EventManager : Event: ======'machine_var_audits_switches_s_flipper_right_lower'====== Args={'value': 99, 'prev_value': 98, 'change': 1}
2026-03-01 11:32:06,480 : INFO : SwitchController : <<<<<<< 's_flipper_right_upper' active >>>>>>>
2026-03-01 11:32:06,480 : INFO : EventManager : Event: ======'machine_var_audits_switches_s_flipper_right_upper'====== Args={'value': 105, 'prev_value': 104, 'change': 1}
2026-03-01 11:32:06,510 : INFO : SwitchController : <<<<<<< 's_flipper_right_lower_eos' inactive >>>>>>>
2026-03-01 11:32:06,633 : INFO : SwitchController : <<<<<<< 's_flipper_right_lower' inactive >>>>>>>
2026-03-01 11:32:06,640 : INFO : SwitchController : <<<<<<< 's_flipper_right_upper' inactive >>>>>>>
2026-03-01 11:32:06,729 : INFO : SwitchController : <<<<<<< 's_flipper_right_lower_eos' active >>>>>>>
2026-03-01 11:32:06,729 : INFO : EventManager : Event: ======'machine_var_audits_switches_s_flipper_right_lower_eos'====== Args={'value': 71, 'prev_value': 70, 'change': 1}
2026-03-01 11:32:06,969 : INFO : SwitchController : <<<<<<< 's_flipper_right_upper' active >>>>>>>
2026-03-01 11:32:06,969 : INFO : EventManager : Event: ======'machine_var_audits_switches_s_flipper_right_upper'====== Args={'value': 106, 'prev_value': 105, 'change': 1}
2026-03-01 11:32:06,970 : INFO : SwitchController : <<<<<<< 's_flipper_right_lower' active >>>>>>>
2026-03-01 11:32:06,970 : INFO : EventManager : Event: ======'machine_var_audits_switches_s_flipper_right_lower'====== Args={'value': 100, 'prev_value': 99, 'change': 1}
2026-03-01 11:32:07,000 : INFO : SwitchController : <<<<<<< 's_flipper_right_lower_eos' inactive >>>>>>>
2026-03-01 11:32:07,095 : INFO : SwitchController : <<<<<<< 's_flipper_right_lower' inactive >>>>>>>
2026-03-01 11:32:07,105 : INFO : SwitchController : <<<<<<< 's_flipper_right_upper' inactive >>>>>>>
2026-03-01 11:32:07,192 : INFO : SwitchController : <<<<<<< 's_flipper_right_lower_eos' active >>>>>>>
2026-03-01 11:32:07,192 : INFO : EventManager : Event: ======'machine_var_audits_switches_s_flipper_right_lower_eos'====== Args={'value': 72, 'prev_value': 71, 'change': 1}
2026-03-01 11:32:08,066 : INFO : SwitchController : <<<<<<< 's_flipper_left' active >>>>>>>
2026-03-01 11:32:08,066 : INFO : EventManager : Event: ======'machine_var_audits_switches_s_flipper_left'====== Args={'value': 45, 'prev_value': 44, 'change': 1}
2026-03-01 11:32:08,090 : INFO : SwitchController : <<<<<<< 's_flipper_left_eos' inactive >>>>>>>
2026-03-01 11:32:08,210 : INFO : SwitchController : <<<<<<< 's_flipper_left' inactive >>>>>>>
2026-03-01 11:32:08,296 : INFO : SwitchController : <<<<<<< 's_flipper_left_eos' active >>>>>>>
2026-03-01 11:32:08,296 : INFO : EventManager : Event: ======'machine_var_audits_switches_s_flipper_left_eos'====== Args={'value': 40, 'prev_value': 39, 'change': 1}
2026-03-01 11:32:08,367 : INFO : SwitchController : <<<<<<< 's_flipper_left' active >>>>>>>
2026-03-01 11:32:08,368 : INFO : EventManager : Event: ======'machine_var_audits_switches_s_flipper_left'====== Args={'value': 46, 'prev_value': 45, 'change': 1}
2026-03-01 11:32:08,392 : INFO : SwitchController : <<<<<<< 's_flipper_left_eos' inactive >>>>>>>
2026-03-01 11:32:08,429 : INFO : SwitchController : <<<<<<< 's_flipper_left' inactive >>>>>>>
2026-03-01 11:32:08,516 : INFO : SwitchController : <<<<<<< 's_flipper_left_eos' active >>>>>>>
2026-03-01 11:32:08,517 : INFO : EventManager : Event: ======'machine_var_audits_switches_s_flipper_left_eos'====== Args={'value': 41, 'prev_value': 40, 'change': 1}
2026-03-01 11:32:08,566 : INFO : SwitchController : <<<<<<< 's_flipper_left' active >>>>>>>
2026-03-01 11:32:08,566 : INFO : EventManager : Event: ======'machine_var_audits_switches_s_flipper_left'====== Args={'value': 47, 'prev_value': 46, 'change': 1}
2026-03-01 11:32:08,588 : INFO : SwitchController : <<<<<<< 's_flipper_left_eos' inactive >>>>>>>
2026-03-01 11:32:08,629 : INFO : SwitchController : <<<<<<< 's_flipper_left' inactive >>>>>>>
2026-03-01 11:32:08,717 : INFO : SwitchController : <<<<<<< 's_flipper_left_eos' active >>>>>>>
2026-03-01 11:32:08,717 : INFO : EventManager : Event: ======'machine_var_audits_switches_s_flipper_left_eos'====== Args={'value': 42, 'prev_value': 41, 'change': 1}
2026-03-01 11:32:08,763 : INFO : SwitchController : <<<<<<< 's_flipper_left' active >>>>>>>
2026-03-01 11:32:08,763 : INFO : EventManager : Event: ======'machine_var_audits_switches_s_flipper_left'====== Args={'value': 48, 'prev_value': 47, 'change': 1}
2026-03-01 11:32:08,785 : INFO : SwitchController : <<<<<<< 's_flipper_left_eos' inactive >>>>>>>
2026-03-01 11:32:08,824 : INFO : SwitchController : <<<<<<< 's_flipper_left' inactive >>>>>>>
2026-03-01 11:32:08,913 : INFO : SwitchController : <<<<<<< 's_flipper_left_eos' active >>>>>>>
2026-03-01 11:32:08,913 : INFO : EventManager : Event: ======'machine_var_audits_switches_s_flipper_left_eos'====== Args={'value': 43, 'prev_value': 42, 'change': 1}
2026-03-01 11:32:08,983 : INFO : SwitchController : <<<<<<< 's_flipper_left' active >>>>>>>
2026-03-01 11:32:08,984 : INFO : EventManager : Event: ======'machine_var_audits_switches_s_flipper_left'====== Args={'value': 49, 'prev_value': 48, 'change': 1}
2026-03-01 11:32:09,007 : INFO : SwitchController : <<<<<<< 's_flipper_left_eos' inactive >>>>>>>
2026-03-01 11:32:09,063 : INFO : SwitchController : <<<<<<< 's_flipper_left' inactive >>>>>>>
2026-03-01 11:32:09,150 : INFO : SwitchController : <<<<<<< 's_flipper_left_eos' active >>>>>>>
2026-03-01 11:32:09,150 : INFO : EventManager : Event: ======'machine_var_audits_switches_s_flipper_left_eos'====== Args={'value': 44, 'prev_value': 43, 'change': 1}
2026-03-01 11:32:09,213 : INFO : SwitchController : <<<<<<< 's_flipper_left' active >>>>>>>
2026-03-01 11:32:09,214 : INFO : EventManager : Event: ======'machine_var_audits_switches_s_flipper_left'====== Args={'value': 50, 'prev_value': 49, 'change': 1}
2026-03-01 11:32:09,238 : INFO : SwitchController : <<<<<<< 's_flipper_left_eos' inactive >>>>>>>
2026-03-01 11:32:09,311 : INFO : SwitchController : <<<<<<< 's_flipper_left' inactive >>>>>>>
2026-03-01 11:32:09,399 : INFO : SwitchController : <<<<<<< 's_flipper_left_eos' active >>>>>>>
2026-03-01 11:32:09,399 : INFO : EventManager : Event: ======'machine_var_audits_switches_s_flipper_left_eos'====== Args={'value': 45, 'prev_value': 44, 'change': 1}
2026-03-01 11:32:09,491 : INFO : SwitchController : <<<<<<< 's_flipper_left' active >>>>>>>
2026-03-01 11:32:09,491 : INFO : EventManager : Event: ======'machine_var_audits_switches_s_flipper_left'====== Args={'value': 51, 'prev_value': 50, 'change': 1}
2026-03-01 11:32:09,515 : INFO : SwitchController : <<<<<<< 's_flipper_left_eos' inactive >>>>>>>
2026-03-01 11:32:09,623 : INFO : SwitchController : <<<<<<< 's_flipper_left' inactive >>>>>>>
2026-03-01 11:32:09,715 : INFO : SwitchController : <<<<<<< 's_flipper_left_eos' active >>>>>>>
2026-03-01 11:32:09,715 : INFO : EventManager : Event: ======'machine_var_audits_switches_s_flipper_left_eos'====== Args={'value': 46, 'prev_value': 45, 'change': 1}
2026-03-01 11:32:11,579 : INFO : SwitchController : <<<<<<< 's_flipper_left' active >>>>>>>
2026-03-01 11:32:11,579 : INFO : EventManager : Event: ======'machine_var_audits_switches_s_flipper_left'====== Args={'value': 52, 'prev_value': 51, 'change': 1}
2026-03-01 11:32:11,630 : INFO : SwitchController : <<<<<<< 's_flipper_left_eos' inactive >>>>>>>
2026-03-01 11:32:11,711 : INFO : SwitchController : <<<<<<< 's_flipper_left' inactive >>>>>>>
2026-03-01 11:32:11,797 : INFO : SwitchController : <<<<<<< 's_flipper_left_eos' active >>>>>>>
2026-03-01 11:32:11,798 : INFO : EventManager : Event: ======'machine_var_audits_switches_s_flipper_left_eos'====== Args={'value': 47, 'prev_value': 46, 'change': 1}
2026-03-01 11:32:15,493 : INFO : SwitchController : <<<<<<< 's_flipper_left' active >>>>>>>
2026-03-01 11:32:15,493 : INFO : EventManager : Event: ======'machine_var_audits_switches_s_flipper_left'====== Args={'value': 53, 'prev_value': 52, 'change': 1}
2026-03-01 11:32:15,532 : INFO : SwitchController : <<<<<<< 's_flipper_left_eos' inactive >>>>>>>
2026-03-01 11:32:15,567 : INFO : SwitchController : <<<<<<< 's_flipper_left' inactive >>>>>>>
2026-03-01 11:32:15,654 : INFO : SwitchController : <<<<<<< 's_flipper_left_eos' active >>>>>>>
2026-03-01 11:32:15,654 : INFO : EventManager : Event: ======'machine_var_audits_switches_s_flipper_left_eos'====== Args={'value': 48, 'prev_value': 47, 'change': 1}
2026-03-01 11:32:18,205 : INFO : SwitchController : <<<<<<< 's_trough_5' active >>>>>>>
2026-03-01 11:32:18,205 : INFO : EventManager : Event: ======'machine_var_audits_switches_s_trough_5'====== Args={'value': 40, 'prev_value': 39, 'change': 1}
2026-03-01 11:32:18,233 : INFO : SwitchController : <<<<<<< 's_trough_6' inactive >>>>>>>
2026-03-01 11:32:18,298 : INFO : SwitchController : <<<<<<< 's_trough_6' active >>>>>>>
2026-03-01 11:32:18,298 : INFO : EventManager : Event: ======'machine_var_audits_switches_s_trough_6'====== Args={'value': 46, 'prev_value': 45, 'change': 1}
2026-03-01 11:32:18,336 : INFO : SwitchController : <<<<<<< 's_trough_5' inactive >>>>>>>
2026-03-01 11:32:18,443 : INFO : SwitchController : <<<<<<< 's_trough_5' active >>>>>>>
2026-03-01 11:32:18,443 : INFO : EventManager : Event: ======'machine_var_audits_switches_s_trough_5'====== Args={'value': 41, 'prev_value': 40, 'change': 1}
2026-03-01 11:32:18,470 : INFO : SwitchController : <<<<<<< 's_trough_6' inactive >>>>>>>
2026-03-01 11:32:18,472 : INFO : SwitchController : <<<<<<< 's_trough_5' inactive >>>>>>>
2026-03-01 11:32:18,513 : INFO : SwitchController : <<<<<<< 's_trough_1' active >>>>>>>
2026-03-01 11:32:18,513 : INFO : EventManager : Event: ======'machine_var_audits_switches_s_trough_1'====== Args={'value': 13, 'prev_value': 12, 'change': 1}
2026-03-01 11:32:18,514 : INFO : SwitchController : <<<<<<< 's_trough_7' inactive >>>>>>>
2026-03-01 11:32:18,528 : INFO : SwitchController : <<<<<<< 's_trough_6' active >>>>>>>
2026-03-01 11:32:18,528 : INFO : EventManager : Event: ======'machine_var_audits_switches_s_trough_6'====== Args={'value': 47, 'prev_value': 46, 'change': 1}
2026-03-01 11:32:18,623 : INFO : SwitchController : <<<<<<< 's_trough_5' active >>>>>>>
2026-03-01 11:32:18,623 : INFO : EventManager : Event: ======'machine_var_audits_switches_s_trough_5'====== Args={'value': 42, 'prev_value': 41, 'change': 1}
2026-03-01 11:32:18,642 : INFO : SwitchController : <<<<<<< 's_trough_7' active >>>>>>>
2026-03-01 11:32:18,642 : INFO : EventManager : Event: ======'machine_var_audits_switches_s_trough_7'====== Args={'value': 13, 'prev_value': 12, 'change': 1}
2026-03-01 11:32:18,644 : INFO : SwitchController : <<<<<<< 's_trough_1' inactive >>>>>>>
2026-03-01 11:32:19,144 : INFO : EventManager : Event: ======'balldevice_bd_trough_ball_count_changed'====== Args={'balls': 3}
2026-03-01 11:32:19,144 : INFO : ball_device.bd_trough : Received unexpected ball
2026-03-01 11:32:19,145 : INFO : EventManager : Event: ======'balldevice_captured_from_playfield'====== Args={'balls': 1}
2026-03-01 11:32:19,145 : INFO : EventManager : Event: ======'sw_playfield_active'====== Args={'balls': 1}
2026-03-01 11:32:19,145 : INFO : EventManager : Event: ======'playfield_ball_count_change'====== Args={'balls': 4, 'change': -1}
2026-03-01 11:32:19,145 : INFO : EventManager : Event: ======'balldevice_bd_trough_ball_enter'====== Args={'new_balls': 1, 'unclaimed_balls': 1, 'new_available_balls': 1, 'device': <ball_device.bd_trough>}
2026-03-01 11:32:19,146 : INFO : EventManager : Event: ======'ball_drain'====== Args={'device': <ball_device.bd_trough>, 'balls': 1}
2026-03-01 11:32:19,146 : INFO : EventManager : Event: ======'ball_will_end'====== Args={}
2026-03-01 11:32:19,146 : INFO : EventManager : Event: ======'balldevice_balls_available'====== Args={}
2026-03-01 11:32:19,146 : INFO : EventManager : Event: ======'balldevice_bd_trough_ball_entered'====== Args={'new_balls': 1, 'device': <ball_device.bd_trough>}
2026-03-01 11:32:19,147 : INFO : EventManager : Event: ======'mode_base_will_stop'====== Args={}
2026-03-01 11:32:19,147 : INFO : EventManager : Event: ======'mode_base_stopping'====== Args={}
2026-03-01 11:32:19,147 : INFO : EventManager : Event: ======'stop_mode_bumpers'====== Args={'priority': 0}
2026-03-01 11:32:19,147 : INFO : EventManager : Event: ======'mode_bumpers_will_stop'====== Args={}
2026-03-01 11:32:19,147 : INFO : EventManager : Event: ======'mode_bumpers_stopping'====== Args={}
2026-03-01 11:32:19,147 : INFO : Mode.base : Stopped.
2026-03-01 11:32:19,148 : INFO : EventManager : Event: ======'modes_active_modes_changed'====== Args={}
2026-03-01 11:32:19,148 : INFO : EventManager : Event: ======'mode_base_stopped'====== Args={}
2026-03-01 11:32:19,148 : INFO : EventManager : Event: ======'clear'====== Args={'key': 'base'}
2026-03-01 11:32:19,149 : INFO : Mode.bumpers : Stopped.
2026-03-01 11:32:19,149 : INFO : EventManager : Event: ======'modes_active_modes_changed'====== Args={}
2026-03-01 11:32:19,149 : INFO : EventManager : Event: ======'mode_bumpers_stopped'====== Args={}
2026-03-01 11:32:19,149 : INFO : EventManager : Event: ======'clear'====== Args={'key': 'bumpers'}
2026-03-01 11:32:19,150 : INFO : EventManager : Event: ======'ball_ending'====== Args={}
2026-03-01 11:32:19,151 : INFO : EventManager : Event: ======'ball_ended'====== Args={}
2026-03-01 11:32:19,153 : INFO : EventManager : Event: ======'player_turn_will_end'====== Args={'player': <Player 1>, 'number': 1}
2026-03-01 11:32:19,153 : INFO : EventManager : Event: ======'player_turn_ending'====== Args={'player': <Player 1>, 'number': 1}
2026-03-01 11:32:19,153 : INFO : EventManager : Event: ======'player_turn_ended'====== Args={'player': <Player 1>, 'number': 1}
2026-03-01 11:32:19,154 : INFO : EventManager : Event: ======'player_turn_will_start'====== Args={'player': <Player 1>, 'number': 1}
2026-03-01 11:32:19,154 : INFO : EventManager : Event: ======'player_turn_starting'====== Args={'player': <Player 1>, 'number': 1}
2026-03-01 11:32:19,154 : INFO : EventManager : Event: ======'player_ball'====== Args={'value': 2, 'prev_value': 1, 'change': 1, 'player_num': 1}
2026-03-01 11:32:19,155 : INFO : EventManager : Event: ======'player_turn_started'====== Args={'player': <Player 1>, 'number': 1}
2026-03-01 11:32:19,155 : INFO : EventManager : Event: ======'ball_will_start'====== Args={'player': 1, 'ball': 2, 'balls_remaining': 1, 'is_extra_ball': False}
2026-03-01 11:32:19,156 : INFO : BallController : Found 4 ball(s) on playfield.
2026-03-01 11:32:19,156 : WARNING : BallController : Playfields still contain balls. Waiting for those to drain.
2026-03-01 11:32:20,156 : INFO : BallController : Found 4 ball(s) on playfield.
2026-03-01 11:32:20,156 : WARNING : BallController : Playfields still contain balls. Waiting for those to drain.
2026-03-01 11:32:20,417 : INFO : SwitchController : <<<<<<< 's_flipper_left' active >>>>>>>
2026-03-01 11:32:20,418 : INFO : EventManager : Event: ======'machine_var_audits_switches_s_flipper_left'====== Args={'value': 54, 'prev_value': 53, 'change': 1}
2026-03-01 11:32:20,542 : INFO : SwitchController : <<<<<<< 's_flipper_left' inactive >>>>>>>
2026-03-01 11:32:20,593 : INFO : SwitchController : <<<<<<< 's_flipper_left' active >>>>>>>
2026-03-01 11:32:20,593 : INFO : EventManager : Event: ======'machine_var_audits_switches_s_flipper_left'====== Args={'value': 55, 'prev_value': 54, 'change': 1}
2026-03-01 11:32:20,689 : INFO : SwitchController : <<<<<<< 's_flipper_left' inactive >>>>>>>
2026-03-01 11:32:20,790 : INFO : SwitchController : <<<<<<< 's_flipper_left' active >>>>>>>
2026-03-01 11:32:20,790 : INFO : EventManager : Event: ======'machine_var_audits_switches_s_flipper_left'====== Args={'value': 56, 'prev_value': 55, 'change': 1}
2026-03-01 11:32:20,924 : INFO : SwitchController : <<<<<<< 's_flipper_left' inactive >>>>>>>
2026-03-01 11:32:21,158 : INFO : BallController : Found 4 ball(s) on playfield.
2026-03-01 11:32:21,158 : WARNING : BallController : Playfields still contain balls. Waiting for those to drain.
2026-03-01 11:32:21,292 : INFO : SwitchController : <<<<<<< 's_flipper_left' active >>>>>>>
2026-03-01 11:32:21,293 : INFO : EventManager : Event: ======'machine_var_audits_switches_s_flipper_left'====== Args={'value': 57, 'prev_value': 56, 'change': 1}
2026-03-01 11:32:21,459 : INFO : SwitchController : <<<<<<< 's_flipper_left' inactive >>>>>>>
2026-03-01 11:32:21,501 : INFO : SwitchController : <<<<<<< 's_flipper_left' active >>>>>>>
2026-03-01 11:32:21,501 : INFO : EventManager : Event: ======'machine_var_audits_switches_s_flipper_left'====== Args={'value': 58, 'prev_value': 57, 'change': 1}
2026-03-01 11:32:21,516 : INFO : SwitchController : <<<<<<< 's_trough_6' inactive >>>>>>>
2026-03-01 11:32:21,597 : INFO : SwitchController : <<<<<<< 's_flipper_left' inactive >>>>>>>
2026-03-01 11:32:21,634 : INFO : SwitchController : <<<<<<< 's_trough_6' active >>>>>>>
2026-03-01 11:32:21,634 : INFO : EventManager : Event: ======'machine_var_audits_switches_s_trough_6'====== Args={'value': 48, 'prev_value': 47, 'change': 1}
2026-03-01 11:32:21,649 : INFO : SwitchController : <<<<<<< 's_trough_5' inactive >>>>>>>
2026-03-01 11:32:21,664 : INFO : SwitchController : <<<<<<< 's_flipper_left' active >>>>>>>
2026-03-01 11:32:21,664 : INFO : EventManager : Event: ======'machine_var_audits_switches_s_flipper_left'====== Args={'value': 59, 'prev_value': 58, 'change': 1}
2026-03-01 11:32:21,735 : INFO : SwitchController : <<<<<<< 's_flipper_left' inactive >>>>>>>
2026-03-01 11:32:21,800 : INFO : SwitchController : <<<<<<< 's_flipper_left' active >>>>>>>
2026-03-01 11:32:21,800 : INFO : EventManager : Event: ======'machine_var_audits_switches_s_flipper_left'====== Args={'value': 60, 'prev_value': 59, 'change': 1}
2026-03-01 11:32:21,865 : INFO : SwitchController : <<<<<<< 's_flipper_left' inactive >>>>>>>
2026-03-01 11:32:21,953 : INFO : SwitchController : <<<<<<< 's_flipper_left' active >>>>>>>
2026-03-01 11:32:21,953 : INFO : EventManager : Event: ======'machine_var_audits_switches_s_flipper_left'====== Args={'value': 61, 'prev_value': 60, 'change': 1}
2026-03-01 11:32:22,016 : INFO : SwitchController : <<<<<<< 's_flipper_left' inactive >>>>>>>
2026-03-01 11:32:22,089 : INFO : SwitchController : <<<<<<< 's_flipper_left' active >>>>>>>
2026-03-01 11:32:22,089 : INFO : EventManager : Event: ======'machine_var_audits_switches_s_flipper_left'====== Args={'value': 62, 'prev_value': 61, 'change': 1}
2026-03-01 11:32:22,158 : INFO : BallController : Found 4 ball(s) on playfield.
2026-03-01 11:32:22,158 : WARNING : BallController : Playfields still contain balls. Waiting for those to drain.
2026-03-01 11:32:22,159 : INFO : SwitchController : <<<<<<< 's_flipper_left' inactive >>>>>>>
2026-03-01 11:32:22,236 : INFO : SwitchController : <<<<<<< 's_flipper_left' active >>>>>>>
2026-03-01 11:32:22,236 : INFO : EventManager : Event: ======'machine_var_audits_switches_s_flipper_left'====== Args={'value': 63, 'prev_value': 62, 'change': 1}
2026-03-01 11:32:22,302 : INFO : SwitchController : <<<<<<< 's_flipper_left' inactive >>>>>>>
2026-03-01 11:32:22,593 : INFO : SwitchController : <<<<<<< 's_flipper_left' active >>>>>>>
2026-03-01 11:32:22,593 : INFO : EventManager : Event: ======'machine_var_audits_switches_s_flipper_left'====== Args={'value': 64, 'prev_value': 63, 'change': 1}
2026-03-01 11:32:22,727 : INFO : SwitchController : <<<<<<< 's_flipper_left' inactive >>>>>>>
2026-03-01 11:32:23,003 : INFO : SwitchController : <<<<<<< 's_flipper_right_lower' active >>>>>>>
2026-03-01 11:32:23,004 : INFO : EventManager : Event: ======'machine_var_audits_switches_s_flipper_right_lower'====== Args={'value': 101, 'prev_value': 100, 'change': 1}
2026-03-01 11:32:23,004 : INFO : SwitchController : <<<<<<< 's_flipper_right_upper' active >>>>>>>
2026-03-01 11:32:23,004 : INFO : EventManager : Event: ======'machine_var_audits_switches_s_flipper_right_upper'====== Args={'value': 107, 'prev_value': 106, 'change': 1}
2026-03-01 11:32:23,082 : INFO : SwitchController : <<<<<<< 's_flipper_right_lower' inactive >>>>>>>
2026-03-01 11:32:23,092 : INFO : SwitchController : <<<<<<< 's_flipper_right_upper' inactive >>>>>>>
2026-03-01 11:32:23,159 : INFO : BallController : Found 4 ball(s) on playfield.
2026-03-01 11:32:23,159 : WARNING : BallController : Playfields still contain balls. Waiting for those to drain.
2026-03-01 11:32:23,201 : INFO : SwitchController : <<<<<<< 's_flipper_right_upper' active >>>>>>>
2026-03-01 11:32:23,201 : INFO : EventManager : Event: ======'machine_var_audits_switches_s_flipper_right_upper'====== Args={'value': 108, 'prev_value': 107, 'change': 1}
2026-03-01 11:32:23,203 : INFO : SwitchController : <<<<<<< 's_flipper_right_lower' active >>>>>>>
2026-03-01 11:32:23,203 : INFO : EventManager : Event: ======'machine_var_audits_switches_s_flipper_right_lower'====== Args={'value': 102, 'prev_value': 101, 'change': 1}
2026-03-01 11:32:23,291 : INFO : SwitchController : <<<<<<< 's_flipper_right_lower' inactive >>>>>>>
2026-03-01 11:32:23,299 : INFO : SwitchController : <<<<<<< 's_flipper_right_upper' inactive >>>>>>>
2026-03-01 11:32:23,353 : INFO : SwitchController : <<<<<<< 's_flipper_right_upper' active >>>>>>>
2026-03-01 11:32:23,353 : INFO : EventManager : Event: ======'machine_var_audits_switches_s_flipper_right_upper'====== Args={'value': 109, 'prev_value': 108, 'change': 1}
2026-03-01 11:32:23,355 : INFO : SwitchController : <<<<<<< 's_flipper_right_lower' active >>>>>>>
2026-03-01 11:32:23,355 : INFO : EventManager : Event: ======'machine_var_audits_switches_s_flipper_right_lower'====== Args={'value': 103, 'prev_value': 102, 'change': 1}
2026-03-01 11:32:23,459 : INFO : SwitchController : <<<<<<< 's_flipper_right_lower' inactive >>>>>>>
2026-03-01 11:32:23,461 : INFO : SwitchController : <<<<<<< 's_flipper_right_upper' inactive >>>>>>>
2026-03-01 11:32:23,530 : INFO : SwitchController : <<<<<<< 's_flipper_left' active >>>>>>>
2026-03-01 11:32:23,530 : INFO : EventManager : Event: ======'machine_var_audits_switches_s_flipper_left'====== Args={'value': 65, 'prev_value': 64, 'change': 1}
2026-03-01 11:32:23,633 : INFO : SwitchController : <<<<<<< 's_flipper_left' inactive >>>>>>>
2026-03-01 11:32:23,718 : INFO : SwitchController : <<<<<<< 's_flipper_right_upper' active >>>>>>>
2026-03-01 11:32:23,719 : INFO : EventManager : Event: ======'machine_var_audits_switches_s_flipper_right_upper'====== Args={'value': 110, 'prev_value': 109, 'change': 1}
2026-03-01 11:32:23,720 : INFO : SwitchController : <<<<<<< 's_flipper_right_lower' active >>>>>>>
2026-03-01 11:32:23,721 : INFO : EventManager : Event: ======'machine_var_audits_switches_s_flipper_right_lower'====== Args={'value': 104, 'prev_value': 103, 'change': 1}
2026-03-01 11:32:23,836 : INFO : SwitchController : <<<<<<< 's_flipper_right_lower' inactive >>>>>>>
2026-03-01 11:32:23,840 : INFO : SwitchController : <<<<<<< 's_flipper_right_upper' inactive >>>>>>>
2026-03-01 11:32:23,891 : INFO : SwitchController : <<<<<<< 's_flipper_left' active >>>>>>>
2026-03-01 11:32:23,891 : INFO : EventManager : Event: ======'machine_var_audits_switches_s_flipper_left'====== Args={'value': 66, 'prev_value': 65, 'change': 1}
2026-03-01 11:32:24,002 : INFO : SwitchController : <<<<<<< 's_flipper_left' inactive >>>>>>>
2026-03-01 11:32:24,017 : INFO : SwitchController : <<<<<<< 's_flipper_right_upper' active >>>>>>>
2026-03-01 11:32:24,018 : INFO : EventManager : Event: ======'machine_var_audits_switches_s_flipper_right_upper'====== Args={'value': 111, 'prev_value': 110, 'change': 1}
2026-03-01 11:32:24,019 : INFO : SwitchController : <<<<<<< 's_flipper_right_lower' active >>>>>>>
2026-03-01 11:32:24,020 : INFO : EventManager : Event: ======'machine_var_audits_switches_s_flipper_right_lower'====== Args={'value': 105, 'prev_value': 104, 'change': 1}
2026-03-01 11:32:24,094 : INFO : SwitchController : <<<<<<< 's_flipper_right_lower' inactive >>>>>>>
2026-03-01 11:32:24,102 : INFO : SwitchController : <<<<<<< 's_flipper_right_upper' inactive >>>>>>>
2026-03-01 11:32:24,124 : INFO : SwitchController : <<<<<<< 's_flipper_left' active >>>>>>>
2026-03-01 11:32:24,125 : INFO : EventManager : Event: ======'machine_var_audits_switches_s_flipper_left'====== Args={'value': 67, 'prev_value': 66, 'change': 1}
2026-03-01 11:32:24,159 : INFO : BallController : Found 4 ball(s) on playfield.
2026-03-01 11:32:24,160 : WARNING : BallController : Playfields still contain balls. Waiting for those to drain.
2026-03-01 11:32:24,212 : INFO : SwitchController : <<<<<<< 's_flipper_left' inactive >>>>>>>
2026-03-01 11:32:24,312 : INFO : SwitchController : <<<<<<< 's_flipper_left' active >>>>>>>
2026-03-01 11:32:24,313 : INFO : EventManager : Event: ======'machine_var_audits_switches_s_flipper_left'====== Args={'value': 68, 'prev_value': 67, 'change': 1}
2026-03-01 11:32:24,414 : INFO : SwitchController : <<<<<<< 's_flipper_left' inactive >>>>>>>
2026-03-01 11:32:25,161 : INFO : BallController : Found 4 ball(s) on playfield.
2026-03-01 11:32:25,161 : WARNING : BallController : Playfields still contain balls. Waiting for those to drain.
2026-03-01 11:32:26,162 : INFO : BallController : Found 4 ball(s) on playfield.
2026-03-01 11:32:26,162 : WARNING : BallController : Playfields still contain balls. Waiting for those to drain.
2026-03-01 11:32:27,150 : INFO : EventManager : Event: ======'balldevice_bd_trough_ball_count_changed'====== Args={'balls': 2}
2026-03-01 11:32:27,150 : WARNING : ball_device.bd_trough : Ball disappeared while idle. This should not normally happen.
2026-03-01 11:32:27,151 : INFO : EventManager : Event: ======'balldevice_playfield_ball_enter'====== Args={'new_balls': 1, 'unclaimed_balls': 1, 'device': <playfield.playfield>}
2026-03-01 11:32:27,151 : INFO : EventManager : Event: ======'playfield_ball_count_change'====== Args={'balls': 5, 'change': 1}
2026-03-01 11:32:27,151 : INFO : ball_device.bd_trough : 1 ball(s) missing from device. Mechanical eject? False
2026-03-01 11:32:27,151 : INFO : EventManager : Event: ======'balldevice_bd_trough_ball_missing'====== Args={'balls': 1}
2026-03-01 11:32:27,151 : INFO : EventManager : Event: ======'balldevice_ball_missing'====== Args={'balls': 1, 'name': 'bd_trough'}
2026-03-01 11:32:27,163 : INFO : BallController : Found 5 ball(s) on playfield.
2026-03-01 11:32:27,163 : WARNING : BallController : Playfields still contain balls. Waiting for those to drain.
2026-03-01 11:32:28,164 : INFO : BallController : Found 5 ball(s) on playfield.
2026-03-01 11:32:28,164 : WARNING : BallController : Playfields still contain balls. Waiting for those to drain.
2026-03-01 11:32:29,164 : INFO : BallController : Found 5 ball(s) on playfield.
2026-03-01 11:32:29,164 : WARNING : BallController : Playfields still contain balls. Waiting for those to drain.
2026-03-01 11:32:30,165 : INFO : BallController : Found 5 ball(s) on playfield.
2026-03-01 11:32:30,165 : WARNING : BallController : Playfields still contain balls. Waiting for those to drain.
2026-03-01 11:32:31,165 : INFO : BallController : Found 5 ball(s) on playfield.
2026-03-01 11:32:31,165 : WARNING : BallController : Playfields still contain balls. Waiting for those to drain.
2026-03-01 11:32:32,166 : INFO : BallController : Found 5 ball(s) on playfield.
2026-03-01 11:32:32,167 : WARNING : BallController : Playfields still contain balls. Waiting for those to drain.
2026-03-01 11:32:32,416 : INFO : SwitchController : <<<<<<< 's_flipper_left' active >>>>>>>
2026-03-01 11:32:32,416 : INFO : EventManager : Event: ======'machine_var_audits_switches_s_flipper_left'====== Args={'value': 69, 'prev_value': 68, 'change': 1}
2026-03-01 11:32:32,495 : INFO : SwitchController : <<<<<<< 's_flipper_left' inactive >>>>>>>
2026-03-01 11:32:32,569 : INFO : SwitchController : <<<<<<< 's_flipper_left' active >>>>>>>
2026-03-01 11:32:32,569 : INFO : EventManager : Event: ======'machine_var_audits_switches_s_flipper_left'====== Args={'value': 70, 'prev_value': 69, 'change': 1}
2026-03-01 11:32:32,700 : INFO : SwitchController : <<<<<<< 's_flipper_left' inactive >>>>>>>
2026-03-01 11:32:32,737 : INFO : SwitchController : <<<<<<< 's_flipper_right_lower' active >>>>>>>
2026-03-01 11:32:32,737 : INFO : EventManager : Event: ======'machine_var_audits_switches_s_flipper_right_lower'====== Args={'value': 106, 'prev_value': 105, 'change': 1}
2026-03-01 11:32:32,738 : INFO : SwitchController : <<<<<<< 's_flipper_right_upper' active >>>>>>>
2026-03-01 11:32:32,738 : INFO : EventManager : Event: ======'machine_var_audits_switches_s_flipper_right_upper'====== Args={'value': 112, 'prev_value': 111, 'change': 1}
2026-03-01 11:32:32,746 : INFO : SwitchController : <<<<<<< 's_flipper_right_lower' inactive >>>>>>>
2026-03-01 11:32:32,752 : INFO : SwitchController : <<<<<<< 's_flipper_right_upper' inactive >>>>>>>
2026-03-01 11:32:32,925 : INFO : SwitchController : <<<<<<< 's_flipper_right_lower' active >>>>>>>
2026-03-01 11:32:32,925 : INFO : EventManager : Event: ======'machine_var_audits_switches_s_flipper_right_lower'====== Args={'value': 107, 'prev_value': 106, 'change': 1}
2026-03-01 11:32:32,925 : INFO : SwitchController : <<<<<<< 's_flipper_right_upper' active >>>>>>>
2026-03-01 11:32:32,925 : INFO : EventManager : Event: ======'machine_var_audits_switches_s_flipper_right_upper'====== Args={'value': 113, 'prev_value': 112, 'change': 1}
2026-03-01 11:32:32,939 : INFO : SwitchController : <<<<<<< 's_flipper_right_lower' inactive >>>>>>>
2026-03-01 11:32:32,941 : INFO : SwitchController : <<<<<<< 's_flipper_right_upper' inactive >>>>>>>
2026-03-01 11:32:33,065 : INFO : SwitchController : <<<<<<< 's_flipper_right_upper' active >>>>>>>
2026-03-01 11:32:33,065 : INFO : EventManager : Event: ======'machine_var_audits_switches_s_flipper_right_upper'====== Args={'value': 114, 'prev_value': 113, 'change': 1}
2026-03-01 11:32:33,067 : INFO : SwitchController : <<<<<<< 's_flipper_right_lower' active >>>>>>>
2026-03-01 11:32:33,068 : INFO : EventManager : Event: ======'machine_var_audits_switches_s_flipper_right_lower'====== Args={'value': 108, 'prev_value': 107, 'change': 1}
2026-03-01 11:32:33,135 : INFO : SwitchController : <<<<<<< 's_flipper_right_lower' inactive >>>>>>>
2026-03-01 11:32:33,140 : INFO : SwitchController : <<<<<<< 's_flipper_right_upper' inactive >>>>>>>
2026-03-01 11:32:33,168 : INFO : BallController : Found 5 ball(s) on playfield.
2026-03-01 11:32:33,168 : WARNING : BallController : Playfields still contain balls. Waiting for those to drain.
2026-03-01 11:32:33,174 : INFO : SwitchController : <<<<<<< 's_flipper_left' active >>>>>>>
2026-03-01 11:32:33,174 : INFO : EventManager : Event: ======'machine_var_audits_switches_s_flipper_left'====== Args={'value': 71, 'prev_value': 70, 'change': 1}
2026-03-01 11:32:33,256 : INFO : SwitchController : <<<<<<< 's_flipper_left' inactive >>>>>>>
2026-03-01 11:32:33,274 : INFO : SwitchController : <<<<<<< 's_flipper_right_upper' active >>>>>>>
2026-03-01 11:32:33,274 : INFO : EventManager : Event: ======'machine_var_audits_switches_s_flipper_right_upper'====== Args={'value': 115, 'prev_value': 114, 'change': 1}
2026-03-01 11:32:33,275 : INFO : SwitchController : <<<<<<< 's_flipper_right_lower' active >>>>>>>
2026-03-01 11:32:33,275 : INFO : EventManager : Event: ======'machine_var_audits_switches_s_flipper_right_lower'====== Args={'value': 109, 'prev_value': 108, 'change': 1}
2026-03-01 11:32:33,339 : INFO : SwitchController : <<<<<<< 's_flipper_right_lower' inactive >>>>>>>
2026-03-01 11:32:33,343 : INFO : SwitchController : <<<<<<< 's_flipper_right_upper' inactive >>>>>>>
2026-03-01 11:32:33,354 : INFO : SwitchController : <<<<<<< 's_flipper_left' active >>>>>>>
2026-03-01 11:32:33,355 : INFO : EventManager : Event: ======'machine_var_audits_switches_s_flipper_left'====== Args={'value': 72, 'prev_value': 71, 'change': 1}
2026-03-01 11:32:33,419 : INFO : SwitchController : <<<<<<< 's_flipper_left' inactive >>>>>>>
2026-03-01 11:32:33,448 : INFO : SwitchController : <<<<<<< 's_flipper_right_lower' active >>>>>>>
2026-03-01 11:32:33,448 : INFO : EventManager : Event: ======'machine_var_audits_switches_s_flipper_right_lower'====== Args={'value': 110, 'prev_value': 109, 'change': 1}
2026-03-01 11:32:33,449 : INFO : SwitchController : <<<<<<< 's_flipper_right_upper' active >>>>>>>
2026-03-01 11:32:33,449 : INFO : EventManager : Event: ======'machine_var_audits_switches_s_flipper_right_upper'====== Args={'value': 116, 'prev_value': 115, 'change': 1}
2026-03-01 11:32:33,523 : INFO : SwitchController : <<<<<<< 's_flipper_right_lower' inactive >>>>>>>
2026-03-01 11:32:33,524 : INFO : SwitchController : <<<<<<< 's_flipper_left' active >>>>>>>
2026-03-01 11:32:33,524 : INFO : EventManager : Event: ======'machine_var_audits_switches_s_flipper_left'====== Args={'value': 73, 'prev_value': 72, 'change': 1}
2026-03-01 11:32:33,529 : INFO : SwitchController : <<<<<<< 's_flipper_right_upper' inactive >>>>>>>
2026-03-01 11:32:33,603 : INFO : SwitchController : <<<<<<< 's_flipper_left' inactive >>>>>>>
2026-03-01 11:32:33,874 : INFO : SwitchController : <<<<<<< 's_flipper_right_upper' active >>>>>>>
2026-03-01 11:32:33,874 : INFO : EventManager : Event: ======'machine_var_audits_switches_s_flipper_right_upper'====== Args={'value': 117, 'prev_value': 116, 'change': 1}
2026-03-01 11:32:33,876 : INFO : SwitchController : <<<<<<< 's_flipper_right_lower' active >>>>>>>
2026-03-01 11:32:33,876 : INFO : EventManager : Event: ======'machine_var_audits_switches_s_flipper_right_lower'====== Args={'value': 111, 'prev_value': 110, 'change': 1}
2026-03-01 11:32:33,974 : INFO : SwitchController : <<<<<<< 's_flipper_right_lower' inactive >>>>>>>
2026-03-01 11:32:33,984 : INFO : SwitchController : <<<<<<< 's_flipper_right_upper' inactive >>>>>>>
2026-03-01 11:32:33,999 : INFO : SwitchController : <<<<<<< 's_flipper_left' active >>>>>>>
2026-03-01 11:32:33,999 : INFO : EventManager : Event: ======'machine_var_audits_switches_s_flipper_left'====== Args={'value': 74, 'prev_value': 73, 'change': 1}
2026-03-01 11:32:34,115 : INFO : SwitchController : <<<<<<< 's_flipper_left' inactive >>>>>>>
2026-03-01 11:32:34,115 : INFO : SwitchController : <<<<<<< 's_flipper_right_upper' active >>>>>>>
2026-03-01 11:32:34,115 : INFO : EventManager : Event: ======'machine_var_audits_switches_s_flipper_right_upper'====== Args={'value': 118, 'prev_value': 117, 'change': 1}
2026-03-01 11:32:34,119 : INFO : SwitchController : <<<<<<< 's_flipper_right_lower' active >>>>>>>
2026-03-01 11:32:34,119 : INFO : EventManager : Event: ======'machine_var_audits_switches_s_flipper_right_lower'====== Args={'value': 112, 'prev_value': 111, 'change': 1}
2026-03-01 11:32:34,169 : INFO : BallController : Found 5 ball(s) on playfield.
2026-03-01 11:32:34,170 : WARNING : BallController : Playfields still contain balls. Waiting for those to drain.
2026-03-01 11:32:34,196 : INFO : SwitchController : <<<<<<< 's_flipper_right_lower' inactive >>>>>>>
2026-03-01 11:32:34,202 : INFO : SwitchController : <<<<<<< 's_flipper_right_upper' inactive >>>>>>>
2026-03-01 11:32:34,239 : INFO : SwitchController : <<<<<<< 's_flipper_left' active >>>>>>>
2026-03-01 11:32:34,239 : INFO : EventManager : Event: ======'machine_var_audits_switches_s_flipper_left'====== Args={'value': 75, 'prev_value': 74, 'change': 1}
2026-03-01 11:32:34,336 : INFO : SwitchController : <<<<<<< 's_flipper_left' inactive >>>>>>>
2026-03-01 11:32:35,045 : INFO : SwitchController : <<<<<<< 's_trough_6' inactive >>>>>>>
2026-03-01 11:32:35,171 : INFO : BallController : Found 5 ball(s) on playfield.
2026-03-01 11:32:35,171 : WARNING : BallController : Playfields still contain balls. Waiting for those to drain.
2026-03-01 11:32:35,546 : INFO : ball_device.bd_trough : BCH: Count is unstable. Trying to reorder balls.
2026-03-01 11:32:35,547 : WARNING : ball_device.bd_trough : Cannot reorder device because eject_coil_reorder_pulse is not configured
2026-03-01 11:32:35,547 : INFO : ball_device.bd_trough : BCH: Repulse done. Waiting for balls to settle.
2026-03-01 11:32:35,679 : INFO : SwitchController : <<<<<<< 's_start' active >>>>>>>
2026-03-01 11:32:35,679 : INFO : EventManager : Event: ======'sw_start'====== Args={}
2026-03-01 11:32:35,679 : INFO : EventManager : Event: ======'machine_var_audits_switches_s_start'====== Args={'value': 15, 'prev_value': 14, 'change': 1}
2026-03-01 11:32:35,834 : INFO : SwitchController : <<<<<<< 's_start' inactive >>>>>>>
2026-03-01 11:32:36,173 : INFO : BallController : Found 5 ball(s) on playfield.
2026-03-01 11:32:36,173 : WARNING : BallController : Playfields still contain balls. Waiting for those to drain.
2026-03-01 11:32:36,500 : INFO : SwitchController : <<<<<<< 's_start' active >>>>>>>
2026-03-01 11:32:36,500 : INFO : EventManager : Event: ======'sw_start'====== Args={}
2026-03-01 11:32:36,500 : INFO : EventManager : Event: ======'machine_var_audits_switches_s_start'====== Args={'value': 16, 'prev_value': 15, 'change': 1}
2026-03-01 11:32:36,607 : INFO : SwitchController : <<<<<<< 's_start' inactive >>>>>>>
2026-03-01 11:32:36,844 : INFO : SwitchController : <<<<<<< 's_start' active >>>>>>>
2026-03-01 11:32:36,844 : INFO : EventManager : Event: ======'sw_start'====== Args={}
2026-03-01 11:32:36,844 : INFO : EventManager : Event: ======'machine_var_audits_switches_s_start'====== Args={'value': 17, 'prev_value': 16, 'change': 1}
2026-03-01 11:32:37,007 : INFO : SwitchController : <<<<<<< 's_start' inactive >>>>>>>
2026-03-01 11:32:37,173 : INFO : BallController : Found 5 ball(s) on playfield.
2026-03-01 11:32:37,173 : WARNING : BallController : Playfields still contain balls. Waiting for those to drain.
2026-03-01 11:32:37,215 : INFO : SwitchController : <<<<<<< 's_flipper_right_upper' active >>>>>>>
2026-03-01 11:32:37,216 : INFO : EventManager : Event: ======'machine_var_audits_switches_s_flipper_right_upper'====== Args={'value': 119, 'prev_value': 118, 'change': 1}
2026-03-01 11:32:37,216 : INFO : SwitchController : <<<<<<< 's_flipper_right_lower' active >>>>>>>
2026-03-01 11:32:37,216 : INFO : EventManager : Event: ======'machine_var_audits_switches_s_flipper_right_lower'====== Args={'value': 113, 'prev_value': 112, 'change': 1}
2026-03-01 11:32:37,359 : INFO : SwitchController : <<<<<<< 's_flipper_right_lower' inactive >>>>>>>
2026-03-01 11:32:37,375 : INFO : SwitchController : <<<<<<< 's_flipper_right_upper' inactive >>>>>>>
2026-03-01 11:32:37,593 : INFO : SwitchController : <<<<<<< 's_flipper_right_upper' active >>>>>>>
2026-03-01 11:32:37,593 : INFO : EventManager : Event: ======'machine_var_audits_switches_s_flipper_right_upper'====== Args={'value': 120, 'prev_value': 119, 'change': 1}
2026-03-01 11:32:37,595 : INFO : SwitchController : <<<<<<< 's_flipper_right_lower' active >>>>>>>
2026-03-01 11:32:37,595 : INFO : EventManager : Event: ======'machine_var_audits_switches_s_flipper_right_lower'====== Args={'value': 114, 'prev_value': 113, 'change': 1}
2026-03-01 11:32:37,673 : INFO : SwitchController : <<<<<<< 's_flipper_right_lower' inactive >>>>>>>
2026-03-01 11:32:37,680 : INFO : SwitchController : <<<<<<< 's_flipper_right_upper' inactive >>>>>>>
2026-03-01 11:32:37,768 : INFO : SwitchController : <<<<<<< 's_flipper_left' active >>>>>>>
2026-03-01 11:32:37,769 : INFO : EventManager : Event: ======'machine_var_audits_switches_s_flipper_left'====== Args={'value': 76, 'prev_value': 75, 'change': 1}
2026-03-01 11:32:37,855 : INFO : SwitchController : <<<<<<< 's_flipper_left' inactive >>>>>>>
2026-03-01 11:32:37,930 : INFO : SwitchController : <<<<<<< 's_flipper_right_lower' active >>>>>>>
2026-03-01 11:32:37,931 : INFO : EventManager : Event: ======'machine_var_audits_switches_s_flipper_right_lower'====== Args={'value': 115, 'prev_value': 114, 'change': 1}
2026-03-01 11:32:37,931 : INFO : SwitchController : <<<<<<< 's_flipper_right_upper' active >>>>>>>
2026-03-01 11:32:37,932 : INFO : EventManager : Event: ======'machine_var_audits_switches_s_flipper_right_upper'====== Args={'value': 121, 'prev_value': 120, 'change': 1}
2026-03-01 11:32:38,034 : INFO : SwitchController : <<<<<<< 's_flipper_right_lower' inactive >>>>>>>
2026-03-01 11:32:38,042 : INFO : SwitchController : <<<<<<< 's_flipper_right_upper' inactive >>>>>>>
2026-03-01 11:32:38,087 : INFO : SwitchController : <<<<<<< 's_flipper_left' active >>>>>>>
2026-03-01 11:32:38,087 : INFO : EventManager : Event: ======'machine_var_audits_switches_s_flipper_left'====== Args={'value': 77, 'prev_value': 76, 'change': 1}
2026-03-01 11:32:38,173 : INFO : BallController : Found 5 ball(s) on playfield.
2026-03-01 11:32:38,174 : WARNING : BallController : Playfields still contain balls. Waiting for those to drain.
2026-03-01 11:32:38,194 : INFO : SwitchController : <<<<<<< 's_flipper_left' inactive >>>>>>>
2026-03-01 11:32:38,199 : INFO : SwitchController : <<<<<<< 's_flipper_right_lower' active >>>>>>>
2026-03-01 11:32:38,199 : INFO : EventManager : Event: ======'machine_var_audits_switches_s_flipper_right_lower'====== Args={'value': 116, 'prev_value': 115, 'change': 1}
2026-03-01 11:32:38,200 : INFO : SwitchController : <<<<<<< 's_flipper_right_upper' active >>>>>>>
2026-03-01 11:32:38,200 : INFO : EventManager : Event: ======'machine_var_audits_switches_s_flipper_right_upper'====== Args={'value': 122, 'prev_value': 121, 'change': 1}
2026-03-01 11:32:38,273 : INFO : SwitchController : <<<<<<< 's_flipper_right_lower' inactive >>>>>>>
2026-03-01 11:32:38,278 : INFO : SwitchController : <<<<<<< 's_flipper_right_upper' inactive >>>>>>>
2026-03-01 11:32:38,316 : INFO : SwitchController : <<<<<<< 's_flipper_left' active >>>>>>>
2026-03-01 11:32:38,316 : INFO : EventManager : Event: ======'machine_var_audits_switches_s_flipper_left'====== Args={'value': 78, 'prev_value': 77, 'change': 1}
2026-03-01 11:32:38,399 : INFO : SwitchController : <<<<<<< 's_flipper_left' inactive >>>>>>>
2026-03-01 11:32:38,413 : INFO : SwitchController : <<<<<<< 's_flipper_right_upper' active >>>>>>>
2026-03-01 11:32:38,413 : INFO : EventManager : Event: ======'machine_var_audits_switches_s_flipper_right_upper'====== Args={'value': 123, 'prev_value': 122, 'change': 1}
2026-03-01 11:32:38,415 : INFO : SwitchController : <<<<<<< 's_flipper_right_lower' active >>>>>>>
2026-03-01 11:32:38,415 : INFO : EventManager : Event: ======'machine_var_audits_switches_s_flipper_right_lower'====== Args={'value': 117, 'prev_value': 116, 'change': 1}
2026-03-01 11:32:38,489 : INFO : SwitchController : <<<<<<< 's_flipper_left' active >>>>>>>
2026-03-01 11:32:38,490 : INFO : EventManager : Event: ======'machine_var_audits_switches_s_flipper_left'====== Args={'value': 79, 'prev_value': 78, 'change': 1}
2026-03-01 11:32:38,491 : INFO : SwitchController : <<<<<<< 's_flipper_right_lower' inactive >>>>>>>
2026-03-01 11:32:38,496 : INFO : SwitchController : <<<<<<< 's_flipper_right_upper' inactive >>>>>>>
2026-03-01 11:32:38,593 : INFO : SwitchController : <<<<<<< 's_flipper_left' inactive >>>>>>>
2026-03-01 11:32:39,174 : INFO : BallController : Found 5 ball(s) on playfield.
2026-03-01 11:32:39,174 : WARNING : BallController : Playfields still contain balls. Waiting for those to drain.
2026-03-01 11:32:40,174 : INFO : BallController : Found 5 ball(s) on playfield.
2026-03-01 11:32:40,174 : WARNING : BallController : Playfields still contain balls. Waiting for those to drain.
2026-03-01 11:32:41,175 : INFO : BallController : Found 5 ball(s) on playfield.
2026-03-01 11:32:41,175 : WARNING : BallController : Playfields still contain balls. Waiting for those to drain.
2026-03-01 11:32:42,176 : INFO : BallController : Found 5 ball(s) on playfield.
2026-03-01 11:32:42,176 : WARNING : BallController : Playfields still contain balls. Waiting for those to drain.
2026-03-01 11:32:43,177 : INFO : BallController : Found 5 ball(s) on playfield.
2026-03-01 11:32:43,177 : WARNING : BallController : Playfields still contain balls. Waiting for those to drain.
2026-03-01 11:32:44,177 : INFO : BallController : Found 5 ball(s) on playfield.
2026-03-01 11:32:44,177 : WARNING : BallController : Playfields still contain balls. Waiting for those to drain.
2026-03-01 11:32:44,767 : INFO : Machine : Shutting down...
2026-03-01 11:32:44,767 : INFO : EventManager : Event: ======'shutdown'====== Args={}
2026-03-01 11:32:44,771 : INFO : EventManager : Event: ======'mode_game_will_stop'====== Args={}
2026-03-01 11:32:44,771 : INFO : EventManager : Event: ======'mode_game_stopping'====== Args={}
2026-03-01 11:32:44,772 : INFO : Mode.game : Stopped.
2026-03-01 11:32:44,772 : INFO : EventManager : Event: ======'modes_active_modes_changed'====== Args={}
2026-03-01 11:32:44,772 : INFO : EventManager : Event: ======'mode_game_stopped'====== Args={}
2026-03-01 11:32:44,772 : INFO : EventManager : Event: ======'clear'====== Args={'key': 'game'}
2026-03-01 11:32:44,877 : INFO : root : MPF run loop ended.
