2026-03-02 10:45:21,474 : INFO : root : Loading config.
2026-03-02 10:45:21,818 : INFO : ConfigProcessor : Config spec file cache created: /var/folders/1s/015t8n3n70gcr2ch4xflj4yr0000gn/T/config_spec.mpf_cache
2026-03-02 10:45:21,818 : INFO : YamlMultifileConfigLoader : Machine config file #1: config.yaml
2026-03-02 10:45:21,819 : INFO : ConfigProcessor : Loading config from cache: /var/folders/1s/015t8n3n70gcr2ch4xflj4yr0000gn/T/954ddabc670342668a09b03520c7eb79.mpf_cache
2026-03-02 10:45:21,873 : INFO : ConfigProcessor : Loading config from cache: /var/folders/1s/015t8n3n70gcr2ch4xflj4yr0000gn/T/64218df07edc412f774c53ffb33c812d.mpf_cache
2026-03-02 10:45:21,874 : INFO : ConfigProcessor : Loading config from cache: /var/folders/1s/015t8n3n70gcr2ch4xflj4yr0000gn/T/767518d75df2d86a4d35c1fb94c70abd.mpf_cache
2026-03-02 10:45:21,875 : INFO : ConfigProcessor : Loading config from cache: /var/folders/1s/015t8n3n70gcr2ch4xflj4yr0000gn/T/64218df07edc412f774c53ffb33c812d.mpf_cache
2026-03-02 10:45:21,875 : INFO : ConfigProcessor : Loading config from cache: /var/folders/1s/015t8n3n70gcr2ch4xflj4yr0000gn/T/73548cb541cc3751ae5711fe0817282a.mpf_cache
2026-03-02 10:45:21,875 : INFO : ConfigProcessor : Loading config from cache: /var/folders/1s/015t8n3n70gcr2ch4xflj4yr0000gn/T/57f006170cd447d443f971cd8b826597.mpf_cache
2026-03-02 10:45:21,876 : INFO : ConfigProcessor : Loading config from cache: /var/folders/1s/015t8n3n70gcr2ch4xflj4yr0000gn/T/adb0ea3e4ccf2dafa758999a39c1d676.mpf_cache
2026-03-02 10:45:21,876 : INFO : Machine : Mission Pinball Framework Core Engine v0.80.0.dev13
2026-03-02 10:45:21,876 : INFO : Machine : Command line arguments: {'no_load_cache': False, 'create_config_cache': True, 'bcp': True, 'configfile': ['config.yaml'], 'force_assets_load': False, 'platform_integration_test': False, 'jsonlogging': False, 'logfile': 'logs/2026-03-02-10-45-21-mpf-ANDREs-Mac-mini.local.log', 'pause': False, 'production': False, 'text_ui': True, 'loglevel': 15, 'consoleloglevel': 20, 'force_platform': None, 'syslog_address': None, 'full_logfile_path': '/Users/pinball/NapoleonDynamite/logs/2026-03-02-10-45-21-mpf-ANDREs-Mac-mini.local.log'}
2026-03-02 10:45:21,876 : INFO : Machine : MPF path: /Users/pinball/mpf/lib/python3.14/site-packages/mpf
2026-03-02 10:45:21,876 : INFO : Machine : Machine path: /Users/pinball/NapoleonDynamite
2026-03-02 10:45:21,877 : INFO : Machine : Platform: darwin
2026-03-02 10:45:21,877 : INFO : Machine : Python executable location: /Users/pinball/mpf/bin/python3.14
2026-03-02 10:45:21,877 : INFO : Machine : Python version: 3.14.3 (64-bit)
2026-03-02 10:45:21,878 : INFO : Machine : Initializing MPF...
2026-03-02 10:45:21,956 : INFO : FAST : Auto-detecting ports for the following connections: ['net', 'exp']
2026-03-02 10:45:21,979 : INFO : FAST : Detected NET on port /dev/cu.usbmodem14101
2026-03-02 10:45:21,987 : INFO : FAST : Detected EXP on port /dev/cu.usbmodem14103
2026-03-02 10:45:22,091 : INFO : FAST [NET] : Trying to connect to /dev/cu.usbmodem14101 at 921600bps
2026-03-02 10:45:22,097 : INFO : FAST [NET] : Connected to /dev/cu.usbmodem14101 at 921600bps
2026-03-02 10:45:22,099 : INFO : FAST [NET] : Connected to FP-CPU-2000 with firmware v02.26
2026-03-02 10:45:22,101 : INFO : FAST [NET] : Registered I/O Board 0: Model: FP-I/O-0024, Firmware: 01.10, Switches: 24, Drivers: 8
2026-03-02 10:45:22,103 : INFO : FAST [NET] : Registered I/O Board 1: Model: FP-I/O-3208, Firmware: 01.10, Switches: 32, Drivers: 8
2026-03-02 10:45:22,104 : INFO : FAST [NET] : Registered I/O Board 2: Model: FP-I/O-0804, Firmware: 01.10, Switches: 8, Drivers: 4
2026-03-02 10:45:22,105 : INFO : FAST [EXP] : Trying to connect to /dev/cu.usbmodem14103 at 921600bps
2026-03-02 10:45:22,111 : INFO : FAST [EXP] : Connected to /dev/cu.usbmodem14103 at 921600bps
2026-03-02 10:45:22,112 : INFO : FAST [EXP] : Verifying hardware for EXP "neuron" (FP-EXP-2000, @48) with ID string "EXP FP-EXP-2000  0.34", board address 48
2026-03-02 10:45:22,114 : INFO : FAST [EXP] : Verifying hardware for EXP "neuron" (FP-EXP-2000, @48) with ID string "LED FP-BRK-0001  0.8", board address 480
2026-03-02 10:45:22,115 : INFO : EventManager : Event: ======'machine_var_credits_string'====== Args={'value': 'FREE PLAY', 'prev_value': None, 'change': True}
2026-03-02 10:45:22,128 : INFO : EventManager : Event: ======'machine_var_master_volume'====== Args={'value': 0.5, 'prev_value': None, 'change': True}
2026-03-02 10:45:22,129 : INFO : EventManager : Event: ======'machine_var_mpf_version'====== Args={'value': 'Mission Pinball Framework v0.80.0.dev13', 'prev_value': None, 'change': True}
2026-03-02 10:45:22,129 : INFO : EventManager : Event: ======'machine_var_mpf_extended_version'====== Args={'value': 'Mission Pinball Framework v0.80.0.dev13, Config version:6, Show version: 6, BCP version:1.1', 'prev_value': None, 'change': True}
2026-03-02 10:45:22,129 : INFO : EventManager : Event: ======'machine_var_python_version'====== Args={'value': '3.14.3', 'prev_value': None, 'change': True}
2026-03-02 10:45:22,147 : INFO : EventManager : Event: ======'machine_var_platform'====== Args={'value': 'macOS-14.8.4-x86_64-i386-64bit-Mach-O', 'prev_value': None, 'change': True}
2026-03-02 10:45:22,147 : INFO : EventManager : Event: ======'machine_var_platform_system'====== Args={'value': 'Darwin', 'prev_value': None, 'change': True}
2026-03-02 10:45:22,148 : INFO : EventManager : Event: ======'machine_var_platform_release'====== Args={'value': '23.6.0', 'prev_value': None, 'change': True}
2026-03-02 10:45:22,148 : INFO : EventManager : Event: ======'machine_var_platform_version'====== Args={'value': 'Darwin Kernel Version 23.6.0: Mon Jan 19 22:02:22 PST 2026; root:xnu-10063.141.1.710.3~1/RELEASE_X86_64', 'prev_value': None, 'change': True}
2026-03-02 10:45:22,148 : INFO : EventManager : Event: ======'machine_var_platform_machine'====== Args={'value': 'x86_64', 'prev_value': None, 'change': True}
2026-03-02 10:45:22,148 : INFO : EventManager : Event: ======'machine_var_log_file_path'====== Args={'value': '/Users/pinball/NapoleonDynamite/logs/2026-03-02-10-45-21-mpf-ANDREs-Mac-mini.local.log', 'prev_value': None, 'change': True}
2026-03-02 10:45:22,148 : INFO : EventManager : Event: ======'init_phase_1'====== Args={}
2026-03-02 10:45:22,303 : INFO : SwitchController : <<<<<<< 's_flipper_left_eos' active >>>>>>>
2026-03-02 10:45:22,303 : INFO : SwitchController : <<<<<<< 's_flipper_right_lower_eos' active >>>>>>>
2026-03-02 10:45:22,303 : INFO : SwitchController : <<<<<<< 's_trough_7' active >>>>>>>
2026-03-02 10:45:22,334 : INFO : EventManager : Event: ======'init_phase_2'====== Args={}
2026-03-02 10:45:22,335 : INFO : SwitchController : Found active switch: (37, [FAST Platform Interface]) <switch.s_flipper_left_eos>
2026-03-02 10:45:22,335 : INFO : SwitchController : Found active switch: (32, [FAST Platform Interface]) <switch.s_flipper_right_lower_eos>
2026-03-02 10:45:22,335 : INFO : SwitchController : Found active switch: (30, [FAST Platform Interface]) <switch.s_trough_7>
2026-03-02 10:45:22,341 : INFO : EventManager : Event: ======'bcp_connection_attempt'====== Args={'name': 'local_display', 'host': 'localhost', 'port': 5050}
2026-03-02 10:45:22,343 : INFO : BCPClientSocket : Connecting BCP to 'local_display' at localhost:5050...
2026-03-02 10:45:29,526 : INFO : BCPClientSocket : Connected BCP to 'local_display' localhost:5050
2026-03-02 10:45:29,526 : INFO : EventManager : Event: ======'bcp_clients_connected'====== Args={}
2026-03-02 10:45:29,529 : INFO : ball_device.bd_trough : BCH: Initial count: 1
2026-03-02 10:45:29,529 : INFO : ball_device.bd_trough : State: idle
2026-03-02 10:45:29,530 : INFO : ball_device.bd_plunger : BCH: Initial count: 0
2026-03-02 10:45:29,530 : INFO : ball_device.bd_plunger : State: idle
2026-03-02 10:45:29,544 : INFO : EventManager : Event: ======'init_phase_3'====== Args={}
2026-03-02 10:45:29,550 : INFO : EventManager : Event: ======'init_phase_4'====== Args={}
2026-03-02 10:45:29,551 : INFO : BallController : Initial balls found: 1
2026-03-02 10:45:29,553 : INFO : EventManager : Event: ======'machine_var_audits_events_game_ended'====== Args={'value': 0, 'prev_value': None, 'change': True}
2026-03-02 10:45:29,553 : INFO : EventManager : Event: ======'machine_var_audits_events_game_started'====== Args={'value': 1, 'prev_value': None, 'change': True}
2026-03-02 10:45:29,553 : INFO : EventManager : Event: ======'machine_var_audits_missing_switches_s_bumper_lower'====== Args={'value': 1, 'prev_value': None, 'change': True}
2026-03-02 10:45:29,553 : INFO : EventManager : Event: ======'machine_var_audits_missing_switches_s_bumper_upper'====== Args={'value': 1, 'prev_value': None, 'change': True}
2026-03-02 10:45:29,553 : INFO : EventManager : Event: ======'machine_var_audits_missing_switches_s_flipper_left'====== Args={'value': 1, 'prev_value': None, 'change': True}
2026-03-02 10:45:29,553 : INFO : EventManager : Event: ======'machine_var_audits_missing_switches_s_flipper_left_eos'====== Args={'value': 1, 'prev_value': None, 'change': True}
2026-03-02 10:45:29,553 : INFO : EventManager : Event: ======'machine_var_audits_missing_switches_s_flipper_right_lower'====== Args={'value': 1, 'prev_value': None, 'change': True}
2026-03-02 10:45:29,553 : INFO : EventManager : Event: ======'machine_var_audits_missing_switches_s_flipper_right_lower_eos'====== Args={'value': 1, 'prev_value': None, 'change': True}
2026-03-02 10:45:29,554 : INFO : EventManager : Event: ======'machine_var_audits_missing_switches_s_flipper_right_upper'====== Args={'value': 1, 'prev_value': None, 'change': True}
2026-03-02 10:45:29,554 : INFO : EventManager : Event: ======'machine_var_audits_missing_switches_s_flipper_right_upper_eos'====== Args={'value': 1, 'prev_value': None, 'change': True}
2026-03-02 10:45:29,554 : INFO : EventManager : Event: ======'machine_var_audits_missing_switches_s_inlane_left'====== Args={'value': 1, 'prev_value': None, 'change': True}
2026-03-02 10:45:29,554 : INFO : EventManager : Event: ======'machine_var_audits_missing_switches_s_inlane_right_1'====== Args={'value': 1, 'prev_value': None, 'change': True}
2026-03-02 10:45:29,554 : INFO : EventManager : Event: ======'machine_var_audits_missing_switches_s_inlane_right_2'====== Args={'value': 1, 'prev_value': None, 'change': True}
2026-03-02 10:45:29,554 : INFO : EventManager : Event: ======'machine_var_audits_missing_switches_s_plunger'====== Args={'value': 1, 'prev_value': None, 'change': True}
2026-03-02 10:45:29,554 : INFO : EventManager : Event: ======'machine_var_audits_missing_switches_s_sling_left'====== Args={'value': 1, 'prev_value': None, 'change': True}
2026-03-02 10:45:29,554 : INFO : EventManager : Event: ======'machine_var_audits_missing_switches_s_sling_right'====== Args={'value': 1, 'prev_value': None, 'change': True}
2026-03-02 10:45:29,554 : INFO : EventManager : Event: ======'machine_var_audits_missing_switches_s_start'====== Args={'value': 1, 'prev_value': None, 'change': True}
2026-03-02 10:45:29,554 : INFO : EventManager : Event: ======'machine_var_audits_missing_switches_s_trough_1'====== Args={'value': 1, 'prev_value': None, 'change': True}
2026-03-02 10:45:29,554 : INFO : EventManager : Event: ======'machine_var_audits_missing_switches_s_trough_7'====== Args={'value': 1, 'prev_value': None, 'change': True}
2026-03-02 10:45:29,555 : INFO : EventManager : Event: ======'machine_var_audits_player_score'====== Args={'value': {'average': 0, 'top': [], 'total': 0}, 'prev_value': None, 'change': True}
2026-03-02 10:45:29,555 : INFO : EventManager : Event: ======'machine_var_audits_switches_s_bumper_lower'====== Args={'value': 0, 'prev_value': None, 'change': True}
2026-03-02 10:45:29,555 : INFO : EventManager : Event: ======'machine_var_audits_switches_s_bumper_upper'====== Args={'value': 0, 'prev_value': None, 'change': True}
2026-03-02 10:45:29,555 : INFO : EventManager : Event: ======'machine_var_audits_switches_s_flipper_left'====== Args={'value': 0, 'prev_value': None, 'change': True}
2026-03-02 10:45:29,555 : INFO : EventManager : Event: ======'machine_var_audits_switches_s_flipper_left_eos'====== Args={'value': 0, 'prev_value': None, 'change': True}
2026-03-02 10:45:29,555 : INFO : EventManager : Event: ======'machine_var_audits_switches_s_flipper_right_lower'====== Args={'value': 0, 'prev_value': None, 'change': True}
2026-03-02 10:45:29,555 : INFO : EventManager : Event: ======'machine_var_audits_switches_s_flipper_right_lower_eos'====== Args={'value': 0, 'prev_value': None, 'change': True}
2026-03-02 10:45:29,555 : INFO : EventManager : Event: ======'machine_var_audits_switches_s_flipper_right_upper'====== Args={'value': 0, 'prev_value': None, 'change': True}
2026-03-02 10:45:29,555 : INFO : EventManager : Event: ======'machine_var_audits_switches_s_flipper_right_upper_eos'====== Args={'value': 0, 'prev_value': None, 'change': True}
2026-03-02 10:45:29,555 : INFO : EventManager : Event: ======'machine_var_audits_switches_s_inlane_left'====== Args={'value': 0, 'prev_value': None, 'change': True}
2026-03-02 10:45:29,555 : INFO : EventManager : Event: ======'machine_var_audits_switches_s_inlane_right_1'====== Args={'value': 0, 'prev_value': None, 'change': True}
2026-03-02 10:45:29,555 : INFO : EventManager : Event: ======'machine_var_audits_switches_s_inlane_right_2'====== Args={'value': 0, 'prev_value': None, 'change': True}
2026-03-02 10:45:29,555 : INFO : EventManager : Event: ======'machine_var_audits_switches_s_plunger'====== Args={'value': 0, 'prev_value': None, 'change': True}
2026-03-02 10:45:29,556 : INFO : EventManager : Event: ======'machine_var_audits_switches_s_sling_left'====== Args={'value': 0, 'prev_value': None, 'change': True}
2026-03-02 10:45:29,556 : INFO : EventManager : Event: ======'machine_var_audits_switches_s_sling_right'====== Args={'value': 0, 'prev_value': None, 'change': True}
2026-03-02 10:45:29,556 : INFO : EventManager : Event: ======'machine_var_audits_switches_s_start'====== Args={'value': 0, 'prev_value': None, 'change': True}
2026-03-02 10:45:29,556 : INFO : EventManager : Event: ======'machine_var_audits_switches_s_trough_1'====== Args={'value': 0, 'prev_value': None, 'change': True}
2026-03-02 10:45:29,556 : INFO : EventManager : Event: ======'machine_var_audits_switches_s_trough_2'====== Args={'value': 2, 'prev_value': None, 'change': True}
2026-03-02 10:45:29,556 : INFO : EventManager : Event: ======'machine_var_audits_switches_s_trough_3'====== Args={'value': 1, 'prev_value': None, 'change': True}
2026-03-02 10:45:29,556 : INFO : EventManager : Event: ======'machine_var_audits_switches_s_trough_4'====== Args={'value': 2, 'prev_value': None, 'change': True}
2026-03-02 10:45:29,556 : INFO : EventManager : Event: ======'machine_var_audits_switches_s_trough_5'====== Args={'value': 2, 'prev_value': None, 'change': True}
2026-03-02 10:45:29,556 : INFO : EventManager : Event: ======'machine_var_audits_switches_s_trough_6'====== Args={'value': 2, 'prev_value': None, 'change': True}
2026-03-02 10:45:29,556 : INFO : EventManager : Event: ======'machine_var_audits_switches_s_trough_7'====== Args={'value': 0, 'prev_value': None, 'change': True}
2026-03-02 10:45:29,557 : INFO : EventManager : Event: ======'init_phase_5'====== Args={}
2026-03-02 10:45:29,558 : INFO : ball_device.bd_trough : BCH: Count is unstable. Trying to reorder balls.
2026-03-02 10:45:29,558 : WARNING : ball_device.bd_trough : Cannot reorder device because eject_coil_reorder_pulse is not configured
2026-03-02 10:45:29,558 : INFO : ball_device.bd_trough : BCH: Repulse done. Waiting for balls to settle.
2026-03-02 10:45:29,558 : INFO : ball_device.bd_trough : BCH: Reordered count: 1
2026-03-02 10:45:29,558 : INFO : EventManager : Event: ======'init_done'====== Args={}
2026-03-02 10:45:29,559 : INFO : EventManager : Event: ======'machine_reset_phase_1'====== Args={}
2026-03-02 10:45:29,843 : INFO : EventManager : Event: ======'machine_reset_phase_2'====== Args={}
2026-03-02 10:45:29,844 : INFO : EventManager : Event: ======'machine_reset_phase_3'====== Args={}
2026-03-02 10:45:29,845 : INFO : EventManager : Event: ======'reset_complete'====== Args={}
2026-03-02 10:45:29,845 : INFO : EventManager : Event: ======'mode_attract_will_start'====== Args={}
2026-03-02 10:45:29,846 : INFO : Timer.attract_carousel_timer : Starting Timer.
2026-03-02 10:45:29,846 : INFO : EventManager : Event: ======'timer_attract_carousel_timer_started'====== Args={'ticks': 0, 'ticks_remaining': 1}
2026-03-02 10:45:29,846 : INFO : EventManager : Event: ======'timer_attract_carousel_timer_tick'====== Args={'ticks': 0, 'ticks_remaining': 1}
2026-03-02 10:45:29,848 : INFO : EventManager : Event: ======'mode_attract_starting'====== Args={}
2026-03-02 10:45:29,848 : INFO : Mode.attract : Started. Priority: 10
2026-03-02 10:45:29,848 : INFO : EventManager : Event: ======'modes_active_modes_changed'====== Args={}
2026-03-02 10:45:29,848 : INFO : EventManager : Event: ======'mode_attract_started'====== Args={}
2026-03-02 10:45:29,849 : INFO : EventManager : Event: ======'collecting_balls_complete'====== Args={}
2026-03-02 10:45:29,849 : INFO : EventManager : Event: ======'carousel_item_highlighted'====== Args={'carousel': 'attract', 'direction': None, 'item': 'title'}
2026-03-02 10:45:29,850 : INFO : EventManager : Event: ======'timer_attract_carousel_timer_tick'====== Args={'ticks': 0, 'ticks_remaining': 1}
2026-03-02 10:45:29,850 : INFO : Machine : Starting the main run loop with active modes: [<Mode.attract>]
2026-03-02 10:45:30,358 : INFO : EventManager : Event: ======'slide_attract_created'====== Args={'_from_bcp': True}
2026-03-02 10:45:30,358 : INFO : EventManager : Event: ======'slide__removed'====== Args={'_from_bcp': True}
2026-03-02 10:45:30,358 : INFO : EventManager : Event: ======'slide_attract_active'====== Args={'original_context': 'attract', 'original_calling_context': 'mode_attract_started', 'priority': 10.0, 'cmd': 'slides_play', '_from_bcp': True}
2026-03-02 10:45:34,850 : INFO : Timer.attract_carousel_timer : Timer Complete
2026-03-02 10:45:34,850 : INFO : Timer.attract_carousel_timer : Stopping Timer
2026-03-02 10:45:34,850 : INFO : EventManager : Event: ======'timer_attract_carousel_timer_stopped'====== Args={'ticks': 1, 'ticks_remaining': 1}
2026-03-02 10:45:34,850 : INFO : EventManager : Event: ======'timer_attract_carousel_timer_complete'====== Args={'ticks': 1, 'ticks_remaining': 1}
2026-03-02 10:45:34,851 : INFO : EventManager : Event: ======'carousel_item_highlighted'====== Args={'carousel': 'attract', 'direction': 'forwards', 'item': 'credits'}
2026-03-02 10:45:34,851 : INFO : Timer.attract_carousel_timer : Starting Timer.
2026-03-02 10:45:34,851 : INFO : EventManager : Event: ======'timer_attract_carousel_timer_started'====== Args={'ticks': 0, 'ticks_remaining': 1}
2026-03-02 10:45:34,851 : INFO : EventManager : Event: ======'timer_attract_carousel_timer_tick'====== Args={'ticks': 0, 'ticks_remaining': 1}
2026-03-02 10:45:39,851 : INFO : Timer.attract_carousel_timer : Timer Complete
2026-03-02 10:45:39,851 : INFO : Timer.attract_carousel_timer : Stopping Timer
2026-03-02 10:45:39,852 : INFO : EventManager : Event: ======'timer_attract_carousel_timer_stopped'====== Args={'ticks': 1, 'ticks_remaining': 1}
2026-03-02 10:45:39,852 : INFO : EventManager : Event: ======'timer_attract_carousel_timer_complete'====== Args={'ticks': 1, 'ticks_remaining': 1}
2026-03-02 10:45:39,852 : INFO : EventManager : Event: ======'carousel_item_highlighted'====== Args={'carousel': 'attract', 'direction': 'forwards', 'item': 'logo'}
2026-03-02 10:45:39,852 : INFO : Timer.attract_carousel_timer : Starting Timer.
2026-03-02 10:45:39,852 : INFO : EventManager : Event: ======'timer_attract_carousel_timer_started'====== Args={'ticks': 0, 'ticks_remaining': 1}
2026-03-02 10:45:39,852 : INFO : EventManager : Event: ======'timer_attract_carousel_timer_tick'====== Args={'ticks': 0, 'ticks_remaining': 1}
2026-03-02 10:45:42,385 : INFO : SwitchController : <<<<<<< 's_start' active >>>>>>>
2026-03-02 10:45:42,508 : INFO : SwitchController : <<<<<<< 's_start' inactive >>>>>>>
2026-03-02 10:45:42,509 : INFO : EventManager : Event: ======'request_to_start_game'====== Args={}
2026-03-02 10:45:42,509 : INFO : BallController : Known balls: 1
2026-03-02 10:45:42,509 : INFO : BallController : bd_trough contains 1 balls. Tags ['trough', 'home', 'drain']
2026-03-02 10:45:42,509 : INFO : BallController : bd_plunger contains 0 balls. Tags []
2026-03-02 10:45:42,509 : INFO : BallController : playfield contains 0 balls. Tags ['default']
2026-03-02 10:45:42,509 : WARNING : BallController : BallController denies game start. Not enough balls. 0 found. 6 required
2026-03-02 10:45:42,509 : INFO : BallController : Triggering ball search.
2026-03-02 10:45:43,107 : INFO : SwitchController : <<<<<<< 's_start' active >>>>>>>
2026-03-02 10:45:43,667 : INFO : SwitchController : <<<<<<< 's_start' inactive >>>>>>>
2026-03-02 10:45:43,668 : INFO : EventManager : Event: ======'request_to_start_game'====== Args={}
2026-03-02 10:45:43,668 : INFO : BallController : Known balls: 1
2026-03-02 10:45:43,668 : INFO : BallController : bd_trough contains 1 balls. Tags ['trough', 'home', 'drain']
2026-03-02 10:45:43,668 : INFO : BallController : bd_plunger contains 0 balls. Tags []
2026-03-02 10:45:43,668 : INFO : BallController : playfield contains 0 balls. Tags ['default']
2026-03-02 10:45:43,668 : WARNING : BallController : BallController denies game start. Not enough balls. 0 found. 6 required
2026-03-02 10:45:43,668 : INFO : BallController : Triggering ball search.
2026-03-02 10:45:43,901 : INFO : SwitchController : <<<<<<< 's_start' active >>>>>>>
2026-03-02 10:45:43,998 : INFO : SwitchController : <<<<<<< 's_start' inactive >>>>>>>
2026-03-02 10:45:43,998 : INFO : EventManager : Event: ======'request_to_start_game'====== Args={}
2026-03-02 10:45:43,998 : INFO : BallController : Known balls: 1
2026-03-02 10:45:43,998 : INFO : BallController : bd_trough contains 1 balls. Tags ['trough', 'home', 'drain']
2026-03-02 10:45:43,998 : INFO : BallController : bd_plunger contains 0 balls. Tags []
2026-03-02 10:45:43,998 : INFO : BallController : playfield contains 0 balls. Tags ['default']
2026-03-02 10:45:43,998 : WARNING : BallController : BallController denies game start. Not enough balls. 0 found. 6 required
2026-03-02 10:45:43,998 : INFO : BallController : Triggering ball search.
2026-03-02 10:45:44,127 : INFO : SwitchController : <<<<<<< 's_start' active >>>>>>>
2026-03-02 10:45:44,234 : INFO : SwitchController : <<<<<<< 's_start' inactive >>>>>>>
2026-03-02 10:45:44,234 : INFO : EventManager : Event: ======'request_to_start_game'====== Args={}
2026-03-02 10:45:44,235 : INFO : BallController : Known balls: 1
2026-03-02 10:45:44,235 : INFO : BallController : bd_trough contains 1 balls. Tags ['trough', 'home', 'drain']
2026-03-02 10:45:44,235 : INFO : BallController : bd_plunger contains 0 balls. Tags []
2026-03-02 10:45:44,235 : INFO : BallController : playfield contains 0 balls. Tags ['default']
2026-03-02 10:45:44,235 : WARNING : BallController : BallController denies game start. Not enough balls. 0 found. 6 required
2026-03-02 10:45:44,235 : INFO : BallController : Triggering ball search.
2026-03-02 10:45:44,300 : INFO : SwitchController : <<<<<<< 's_start' active >>>>>>>
2026-03-02 10:45:44,416 : INFO : SwitchController : <<<<<<< 's_start' inactive >>>>>>>
2026-03-02 10:45:44,416 : INFO : EventManager : Event: ======'request_to_start_game'====== Args={}
2026-03-02 10:45:44,416 : INFO : BallController : Known balls: 1
2026-03-02 10:45:44,416 : INFO : BallController : bd_trough contains 1 balls. Tags ['trough', 'home', 'drain']
2026-03-02 10:45:44,416 : INFO : BallController : bd_plunger contains 0 balls. Tags []
2026-03-02 10:45:44,416 : INFO : BallController : playfield contains 0 balls. Tags ['default']
2026-03-02 10:45:44,416 : WARNING : BallController : BallController denies game start. Not enough balls. 0 found. 6 required
2026-03-02 10:45:44,416 : INFO : BallController : Triggering ball search.
2026-03-02 10:45:44,463 : INFO : SwitchController : <<<<<<< 's_start' active >>>>>>>
2026-03-02 10:45:44,583 : INFO : SwitchController : <<<<<<< 's_start' inactive >>>>>>>
2026-03-02 10:45:44,583 : INFO : EventManager : Event: ======'request_to_start_game'====== Args={}
2026-03-02 10:45:44,583 : INFO : BallController : Known balls: 1
2026-03-02 10:45:44,583 : INFO : BallController : bd_trough contains 1 balls. Tags ['trough', 'home', 'drain']
2026-03-02 10:45:44,583 : INFO : BallController : bd_plunger contains 0 balls. Tags []
2026-03-02 10:45:44,583 : INFO : BallController : playfield contains 0 balls. Tags ['default']
2026-03-02 10:45:44,583 : WARNING : BallController : BallController denies game start. Not enough balls. 0 found. 6 required
2026-03-02 10:45:44,583 : INFO : BallController : Triggering ball search.
2026-03-02 10:45:44,852 : INFO : Timer.attract_carousel_timer : Timer Complete
2026-03-02 10:45:44,853 : INFO : Timer.attract_carousel_timer : Stopping Timer
2026-03-02 10:45:44,853 : INFO : EventManager : Event: ======'timer_attract_carousel_timer_stopped'====== Args={'ticks': 1, 'ticks_remaining': 1}
2026-03-02 10:45:44,853 : INFO : EventManager : Event: ======'timer_attract_carousel_timer_complete'====== Args={'ticks': 1, 'ticks_remaining': 1}
2026-03-02 10:45:44,853 : INFO : EventManager : Event: ======'carousel_item_highlighted'====== Args={'carousel': 'attract', 'direction': 'forwards', 'item': 'title'}
2026-03-02 10:45:44,853 : INFO : Timer.attract_carousel_timer : Starting Timer.
2026-03-02 10:45:44,854 : INFO : EventManager : Event: ======'timer_attract_carousel_timer_started'====== Args={'ticks': 0, 'ticks_remaining': 1}
2026-03-02 10:45:44,854 : INFO : EventManager : Event: ======'timer_attract_carousel_timer_tick'====== Args={'ticks': 0, 'ticks_remaining': 1}
2026-03-02 10:45:45,318 : INFO : SwitchController : <<<<<<< 's_trough_7' inactive >>>>>>>
2026-03-02 10:45:46,376 : INFO : SwitchController : <<<<<<< 's_trough_7' active >>>>>>>
2026-03-02 10:45:46,848 : INFO : SwitchController : <<<<<<< 's_trough_7' inactive >>>>>>>
2026-03-02 10:45:47,026 : INFO : SwitchController : <<<<<<< 's_trough_7' active >>>>>>>
2026-03-02 10:45:47,246 : INFO : SwitchController : <<<<<<< 's_trough_7' inactive >>>>>>>
2026-03-02 10:45:47,885 : INFO : SwitchController : <<<<<<< 's_trough_1' active >>>>>>>
2026-03-02 10:45:47,903 : INFO : SwitchController : <<<<<<< 's_trough_2' active >>>>>>>
2026-03-02 10:45:47,908 : INFO : SwitchController : <<<<<<< 's_trough_3' active >>>>>>>
2026-03-02 10:45:47,912 : INFO : SwitchController : <<<<<<< 's_trough_4' active >>>>>>>
2026-03-02 10:45:47,912 : INFO : SwitchController : <<<<<<< 's_trough_5' active >>>>>>>
2026-03-02 10:45:47,913 : INFO : SwitchController : <<<<<<< 's_trough_6' active >>>>>>>
2026-03-02 10:45:48,024 : INFO : SwitchController : <<<<<<< 's_trough_5' inactive >>>>>>>
2026-03-02 10:45:48,025 : INFO : SwitchController : <<<<<<< 's_trough_4' inactive >>>>>>>
2026-03-02 10:45:48,029 : INFO : SwitchController : <<<<<<< 's_trough_3' inactive >>>>>>>
2026-03-02 10:45:48,040 : INFO : SwitchController : <<<<<<< 's_trough_6' inactive >>>>>>>
2026-03-02 10:45:48,040 : INFO : SwitchController : <<<<<<< 's_trough_2' inactive >>>>>>>
2026-03-02 10:45:48,056 : INFO : SwitchController : <<<<<<< 's_trough_1' inactive >>>>>>>
2026-03-02 10:45:49,415 : INFO : SwitchController : <<<<<<< 's_trough_7' active >>>>>>>
2026-03-02 10:45:49,854 : INFO : Timer.attract_carousel_timer : Timer Complete
2026-03-02 10:45:49,854 : INFO : Timer.attract_carousel_timer : Stopping Timer
2026-03-02 10:45:49,854 : INFO : EventManager : Event: ======'timer_attract_carousel_timer_stopped'====== Args={'ticks': 1, 'ticks_remaining': 1}
2026-03-02 10:45:49,854 : INFO : EventManager : Event: ======'timer_attract_carousel_timer_complete'====== Args={'ticks': 1, 'ticks_remaining': 1}
2026-03-02 10:45:49,855 : INFO : EventManager : Event: ======'carousel_item_highlighted'====== Args={'carousel': 'attract', 'direction': 'forwards', 'item': 'credits'}
2026-03-02 10:45:49,855 : INFO : Timer.attract_carousel_timer : Starting Timer.
2026-03-02 10:45:49,855 : INFO : EventManager : Event: ======'timer_attract_carousel_timer_started'====== Args={'ticks': 0, 'ticks_remaining': 1}
2026-03-02 10:45:49,855 : INFO : EventManager : Event: ======'timer_attract_carousel_timer_tick'====== Args={'ticks': 0, 'ticks_remaining': 1}
2026-03-02 10:45:51,109 : INFO : SwitchController : <<<<<<< 's_trough_7' inactive >>>>>>>
2026-03-02 10:45:52,539 : INFO : SwitchController : <<<<<<< 's_trough_1' active >>>>>>>
2026-03-02 10:45:52,668 : INFO : SwitchController : <<<<<<< 's_trough_1' inactive >>>>>>>
2026-03-02 10:45:53,995 : INFO : SwitchController : <<<<<<< 's_start' active >>>>>>>
2026-03-02 10:45:54,085 : INFO : SwitchController : <<<<<<< 's_start' inactive >>>>>>>
2026-03-02 10:45:54,085 : INFO : EventManager : Event: ======'request_to_start_game'====== Args={}
2026-03-02 10:45:54,086 : INFO : BallController : Known balls: 1
2026-03-02 10:45:54,086 : INFO : BallController : bd_trough contains 1 balls. Tags ['trough', 'home', 'drain']
2026-03-02 10:45:54,086 : INFO : BallController : bd_plunger contains 0 balls. Tags []
2026-03-02 10:45:54,086 : INFO : BallController : playfield contains 0 balls. Tags ['default']
2026-03-02 10:45:54,086 : WARNING : BallController : BallController denies game start. Not enough balls. 0 found. 6 required
2026-03-02 10:45:54,086 : INFO : BallController : Triggering ball search.
2026-03-02 10:45:54,856 : INFO : Timer.attract_carousel_timer : Timer Complete
2026-03-02 10:45:54,856 : INFO : Timer.attract_carousel_timer : Stopping Timer
2026-03-02 10:45:54,856 : INFO : EventManager : Event: ======'timer_attract_carousel_timer_stopped'====== Args={'ticks': 1, 'ticks_remaining': 1}
2026-03-02 10:45:54,856 : INFO : EventManager : Event: ======'timer_attract_carousel_timer_complete'====== Args={'ticks': 1, 'ticks_remaining': 1}
2026-03-02 10:45:54,856 : INFO : EventManager : Event: ======'carousel_item_highlighted'====== Args={'carousel': 'attract', 'direction': 'forwards', 'item': 'logo'}
2026-03-02 10:45:54,856 : INFO : Timer.attract_carousel_timer : Starting Timer.
2026-03-02 10:45:54,857 : INFO : EventManager : Event: ======'timer_attract_carousel_timer_started'====== Args={'ticks': 0, 'ticks_remaining': 1}
2026-03-02 10:45:54,857 : INFO : EventManager : Event: ======'timer_attract_carousel_timer_tick'====== Args={'ticks': 0, 'ticks_remaining': 1}
2026-03-02 10:45:54,909 : INFO : SwitchController : <<<<<<< 's_start' active >>>>>>>
2026-03-02 10:45:55,278 : INFO : SwitchController : <<<<<<< 's_start' inactive >>>>>>>
2026-03-02 10:45:55,279 : INFO : EventManager : Event: ======'request_to_start_game'====== Args={}
2026-03-02 10:45:55,279 : INFO : BallController : Known balls: 1
2026-03-02 10:45:55,279 : INFO : BallController : bd_trough contains 1 balls. Tags ['trough', 'home', 'drain']
2026-03-02 10:45:55,279 : INFO : BallController : bd_plunger contains 0 balls. Tags []
2026-03-02 10:45:55,279 : INFO : BallController : playfield contains 0 balls. Tags ['default']
2026-03-02 10:45:55,279 : WARNING : BallController : BallController denies game start. Not enough balls. 0 found. 6 required
2026-03-02 10:45:55,279 : INFO : BallController : Triggering ball search.
2026-03-02 10:45:55,561 : INFO : SwitchController : <<<<<<< 's_start' active >>>>>>>
2026-03-02 10:45:55,847 : INFO : SwitchController : <<<<<<< 's_start' inactive >>>>>>>
2026-03-02 10:45:55,848 : INFO : EventManager : Event: ======'request_to_start_game'====== Args={}
2026-03-02 10:45:55,848 : INFO : BallController : Known balls: 1
2026-03-02 10:45:55,848 : INFO : BallController : bd_trough contains 1 balls. Tags ['trough', 'home', 'drain']
2026-03-02 10:45:55,848 : INFO : BallController : bd_plunger contains 0 balls. Tags []
2026-03-02 10:45:55,848 : INFO : BallController : playfield contains 0 balls. Tags ['default']
2026-03-02 10:45:55,848 : WARNING : BallController : BallController denies game start. Not enough balls. 0 found. 6 required
2026-03-02 10:45:55,848 : INFO : BallController : Triggering ball search.
2026-03-02 10:45:56,017 : INFO : SwitchController : <<<<<<< 's_start' active >>>>>>>
2026-03-02 10:45:56,163 : INFO : SwitchController : <<<<<<< 's_start' inactive >>>>>>>
2026-03-02 10:45:56,163 : INFO : EventManager : Event: ======'request_to_start_game'====== Args={}
2026-03-02 10:45:56,163 : INFO : BallController : Known balls: 1
2026-03-02 10:45:56,163 : INFO : BallController : bd_trough contains 1 balls. Tags ['trough', 'home', 'drain']
2026-03-02 10:45:56,163 : INFO : BallController : bd_plunger contains 0 balls. Tags []
2026-03-02 10:45:56,163 : INFO : BallController : playfield contains 0 balls. Tags ['default']
2026-03-02 10:45:56,163 : WARNING : BallController : BallController denies game start. Not enough balls. 0 found. 6 required
2026-03-02 10:45:56,163 : INFO : BallController : Triggering ball search.
2026-03-02 10:45:56,276 : INFO : SwitchController : <<<<<<< 's_start' active >>>>>>>
2026-03-02 10:45:56,410 : INFO : SwitchController : <<<<<<< 's_start' inactive >>>>>>>
2026-03-02 10:45:56,411 : INFO : EventManager : Event: ======'request_to_start_game'====== Args={}
2026-03-02 10:45:56,411 : INFO : BallController : Known balls: 1
2026-03-02 10:45:56,411 : INFO : BallController : bd_trough contains 1 balls. Tags ['trough', 'home', 'drain']
2026-03-02 10:45:56,411 : INFO : BallController : bd_plunger contains 0 balls. Tags []
2026-03-02 10:45:56,411 : INFO : BallController : playfield contains 0 balls. Tags ['default']
2026-03-02 10:45:56,411 : WARNING : BallController : BallController denies game start. Not enough balls. 0 found. 6 required
2026-03-02 10:45:56,411 : INFO : BallController : Triggering ball search.
2026-03-02 10:45:56,475 : INFO : SwitchController : <<<<<<< 's_start' active >>>>>>>
2026-03-02 10:45:56,590 : INFO : SwitchController : <<<<<<< 's_start' inactive >>>>>>>
2026-03-02 10:45:56,590 : INFO : EventManager : Event: ======'request_to_start_game'====== Args={}
2026-03-02 10:45:56,590 : INFO : BallController : Known balls: 1
2026-03-02 10:45:56,590 : INFO : BallController : bd_trough contains 1 balls. Tags ['trough', 'home', 'drain']
2026-03-02 10:45:56,590 : INFO : BallController : bd_plunger contains 0 balls. Tags []
2026-03-02 10:45:56,591 : INFO : BallController : playfield contains 0 balls. Tags ['default']
2026-03-02 10:45:56,591 : WARNING : BallController : BallController denies game start. Not enough balls. 0 found. 6 required
2026-03-02 10:45:56,591 : INFO : BallController : Triggering ball search.
2026-03-02 10:45:56,612 : INFO : EventManager : Event: ======'balldevice_bd_trough_ball_count_changed'====== Args={'balls': 0}
2026-03-02 10:45:56,612 : WARNING : ball_device.bd_trough : Ball disappeared while idle. This should not normally happen.
2026-03-02 10:45:56,612 : INFO : EventManager : Event: ======'balldevice_playfield_ball_enter'====== Args={'new_balls': 1, 'unclaimed_balls': 1, 'device': <playfield.playfield>}
2026-03-02 10:45:56,612 : INFO : EventManager : Event: ======'playfield_ball_count_change'====== Args={'balls': 1, 'change': 1}
2026-03-02 10:45:56,612 : INFO : ball_device.bd_trough : 1 ball(s) missing from device. Mechanical eject? False
2026-03-02 10:45:56,612 : INFO : EventManager : Event: ======'balldevice_bd_trough_ball_missing'====== Args={'balls': 1}
2026-03-02 10:45:56,612 : INFO : EventManager : Event: ======'balldevice_ball_missing'====== Args={'balls': 1, 'name': 'bd_trough'}
2026-03-02 10:45:56,682 : INFO : SwitchController : <<<<<<< 's_start' active >>>>>>>
2026-03-02 10:45:56,867 : INFO : SwitchController : <<<<<<< 's_start' inactive >>>>>>>
2026-03-02 10:45:56,867 : INFO : EventManager : Event: ======'request_to_start_game'====== Args={}
2026-03-02 10:45:56,867 : INFO : BallController : Known balls: 1
2026-03-02 10:45:56,867 : INFO : BallController : bd_trough contains 0 balls. Tags ['trough', 'home', 'drain']
2026-03-02 10:45:56,867 : INFO : BallController : bd_plunger contains 0 balls. Tags []
2026-03-02 10:45:56,867 : INFO : BallController : playfield contains 1 balls. Tags ['default']
2026-03-02 10:45:56,867 : WARNING : BallController : BallController denies game start. Not enough balls. 0 found. 6 required
2026-03-02 10:45:56,867 : INFO : BallController : Triggering ball search.
2026-03-02 10:45:57,119 : INFO : SwitchController : <<<<<<< 's_start' active >>>>>>>
2026-03-02 10:45:57,260 : INFO : SwitchController : <<<<<<< 's_start' inactive >>>>>>>
2026-03-02 10:45:57,260 : INFO : EventManager : Event: ======'request_to_start_game'====== Args={}
2026-03-02 10:45:57,261 : INFO : BallController : Known balls: 1
2026-03-02 10:45:57,261 : INFO : BallController : bd_trough contains 0 balls. Tags ['trough', 'home', 'drain']
2026-03-02 10:45:57,261 : INFO : BallController : bd_plunger contains 0 balls. Tags []
2026-03-02 10:45:57,261 : INFO : BallController : playfield contains 1 balls. Tags ['default']
2026-03-02 10:45:57,261 : WARNING : BallController : BallController denies game start. Not enough balls. 0 found. 6 required
2026-03-02 10:45:57,261 : INFO : BallController : Triggering ball search.
2026-03-02 10:45:58,519 : INFO : SwitchController : <<<<<<< 's_trough_7' active >>>>>>>
2026-03-02 10:45:59,020 : INFO : EventManager : Event: ======'balldevice_bd_trough_ball_count_changed'====== Args={'balls': 1}
2026-03-02 10:45:59,020 : INFO : ball_device.bd_trough : Received unexpected ball
2026-03-02 10:45:59,020 : INFO : EventManager : Event: ======'balldevice_captured_from_playfield'====== Args={'balls': 1}
2026-03-02 10:45:59,020 : INFO : EventManager : Event: ======'sw_playfield_active'====== Args={'balls': 1}
2026-03-02 10:45:59,020 : INFO : EventManager : Event: ======'playfield_ball_count_change'====== Args={'balls': 0, 'change': -1}
2026-03-02 10:45:59,021 : INFO : EventManager : Event: ======'balldevice_bd_trough_ball_enter'====== Args={'new_balls': 1, 'unclaimed_balls': 1, 'new_available_balls': 1, 'device': <ball_device.bd_trough>}
2026-03-02 10:45:59,021 : INFO : EventManager : Event: ======'ball_drain'====== Args={'device': <ball_device.bd_trough>, 'balls': 1}
2026-03-02 10:45:59,022 : INFO : EventManager : Event: ======'balldevice_balls_available'====== Args={}
2026-03-02 10:45:59,022 : INFO : EventManager : Event: ======'balldevice_bd_trough_ball_entered'====== Args={'new_balls': 1, 'device': <ball_device.bd_trough>}
2026-03-02 10:45:59,598 : INFO : SwitchController : <<<<<<< 's_trough_7' inactive >>>>>>>
2026-03-02 10:45:59,857 : INFO : Timer.attract_carousel_timer : Timer Complete
2026-03-02 10:45:59,857 : INFO : Timer.attract_carousel_timer : Stopping Timer
2026-03-02 10:45:59,858 : INFO : EventManager : Event: ======'timer_attract_carousel_timer_stopped'====== Args={'ticks': 1, 'ticks_remaining': 1}
2026-03-02 10:45:59,858 : INFO : EventManager : Event: ======'timer_attract_carousel_timer_complete'====== Args={'ticks': 1, 'ticks_remaining': 1}
2026-03-02 10:45:59,858 : INFO : EventManager : Event: ======'carousel_item_highlighted'====== Args={'carousel': 'attract', 'direction': 'forwards', 'item': 'title'}
2026-03-02 10:45:59,858 : INFO : Timer.attract_carousel_timer : Starting Timer.
2026-03-02 10:45:59,858 : INFO : EventManager : Event: ======'timer_attract_carousel_timer_started'====== Args={'ticks': 0, 'ticks_remaining': 1}
2026-03-02 10:45:59,858 : INFO : EventManager : Event: ======'timer_attract_carousel_timer_tick'====== Args={'ticks': 0, 'ticks_remaining': 1}
2026-03-02 10:46:00,569 : INFO : SwitchController : <<<<<<< 's_trough_1' active >>>>>>>
2026-03-02 10:46:00,578 : INFO : SwitchController : <<<<<<< 's_trough_2' active >>>>>>>
2026-03-02 10:46:00,584 : INFO : SwitchController : <<<<<<< 's_trough_3' active >>>>>>>
2026-03-02 10:46:00,584 : INFO : SwitchController : <<<<<<< 's_trough_4' active >>>>>>>
2026-03-02 10:46:00,584 : INFO : SwitchController : <<<<<<< 's_trough_5' active >>>>>>>
2026-03-02 10:46:00,584 : INFO : SwitchController : <<<<<<< 's_trough_6' active >>>>>>>
2026-03-02 10:46:00,594 : INFO : SwitchController : <<<<<<< 's_trough_3' inactive >>>>>>>
2026-03-02 10:46:00,598 : INFO : SwitchController : <<<<<<< 's_trough_2' inactive >>>>>>>
2026-03-02 10:46:00,598 : INFO : SwitchController : <<<<<<< 's_trough_4' inactive >>>>>>>
2026-03-02 10:46:00,598 : INFO : SwitchController : <<<<<<< 's_trough_5' inactive >>>>>>>
2026-03-02 10:46:00,598 : INFO : SwitchController : <<<<<<< 's_trough_6' inactive >>>>>>>
2026-03-02 10:46:00,818 : INFO : SwitchController : <<<<<<< 's_trough_5' active >>>>>>>
2026-03-02 10:46:00,818 : INFO : SwitchController : <<<<<<< 's_trough_6' active >>>>>>>
2026-03-02 10:46:00,820 : INFO : SwitchController : <<<<<<< 's_trough_2' active >>>>>>>
2026-03-02 10:46:00,822 : INFO : SwitchController : <<<<<<< 's_trough_4' active >>>>>>>
2026-03-02 10:46:00,824 : INFO : SwitchController : <<<<<<< 's_trough_3' active >>>>>>>
2026-03-02 10:46:00,845 : INFO : SwitchController : <<<<<<< 's_trough_4' inactive >>>>>>>
2026-03-02 10:46:00,846 : INFO : SwitchController : <<<<<<< 's_trough_5' inactive >>>>>>>
2026-03-02 10:46:00,847 : INFO : SwitchController : <<<<<<< 's_trough_3' inactive >>>>>>>
2026-03-02 10:46:00,851 : INFO : SwitchController : <<<<<<< 's_trough_2' inactive >>>>>>>
2026-03-02 10:46:00,863 : INFO : SwitchController : <<<<<<< 's_trough_1' inactive >>>>>>>
2026-03-02 10:46:00,884 : INFO : SwitchController : <<<<<<< 's_trough_6' inactive >>>>>>>
2026-03-02 10:46:01,764 : INFO : SwitchController : <<<<<<< 's_trough_1' active >>>>>>>
2026-03-02 10:46:01,803 : INFO : SwitchController : <<<<<<< 's_trough_2' active >>>>>>>
2026-03-02 10:46:01,809 : INFO : SwitchController : <<<<<<< 's_trough_3' active >>>>>>>
2026-03-02 10:46:01,818 : INFO : SwitchController : <<<<<<< 's_trough_4' active >>>>>>>
2026-03-02 10:46:01,819 : INFO : SwitchController : <<<<<<< 's_trough_5' active >>>>>>>
2026-03-02 10:46:01,823 : INFO : SwitchController : <<<<<<< 's_trough_6' active >>>>>>>
2026-03-02 10:46:02,002 : INFO : SwitchController : <<<<<<< 's_trough_7' active >>>>>>>
2026-03-02 10:46:02,245 : INFO : SwitchController : <<<<<<< 's_trough_7' inactive >>>>>>>
2026-03-02 10:46:02,747 : INFO : EventManager : Event: ======'balldevice_bd_trough_ball_count_changed'====== Args={'balls': 6}
2026-03-02 10:46:02,747 : INFO : ball_device.bd_trough : Received unexpected ball
2026-03-02 10:46:02,747 : INFO : EventManager : Event: ======'balldevice_captured_from_playfield'====== Args={'balls': 1}
2026-03-02 10:46:02,747 : INFO : EventManager : Event: ======'sw_playfield_active'====== Args={'balls': 1}
2026-03-02 10:46:02,747 : INFO : EventManager : Event: ======'playfield_active'====== Args={'source': None}
2026-03-02 10:46:02,747 : INFO : EventManager : Event: ======'unexpected_ball_on_playfield'====== Args={}
2026-03-02 10:46:02,747 : INFO : EventManager : Event: ======'playfield_ball_count_change'====== Args={'balls': -1, 'change': -1}
2026-03-02 10:46:02,748 : INFO : EventManager : Event: ======'balldevice_playfield_ball_enter'====== Args={'new_balls': 1, 'unclaimed_balls': 1, 'device': <playfield.playfield>}
2026-03-02 10:46:02,748 : INFO : EventManager : Event: ======'playfield_ball_count_change'====== Args={'balls': 0, 'change': 1}
2026-03-02 10:46:02,748 : INFO : BallController : Found a new ball which was captured from playfield. Known balls: 2
2026-03-02 10:46:02,748 : INFO : EventManager : Event: ======'found_new_ball'====== Args={}
2026-03-02 10:46:02,748 : INFO : EventManager : Event: ======'balldevice_bd_trough_ball_enter'====== Args={'new_balls': 1, 'unclaimed_balls': 1, 'new_available_balls': 1, 'device': <ball_device.bd_trough>}
2026-03-02 10:46:02,748 : INFO : EventManager : Event: ======'ball_drain'====== Args={'device': <ball_device.bd_trough>, 'balls': 1}
2026-03-02 10:46:02,749 : INFO : EventManager : Event: ======'balldevice_balls_available'====== Args={}
2026-03-02 10:46:02,749 : INFO : EventManager : Event: ======'balldevice_bd_trough_ball_entered'====== Args={'new_balls': 1, 'device': <ball_device.bd_trough>}
2026-03-02 10:46:02,749 : INFO : ball_device.bd_trough : Received unexpected ball
2026-03-02 10:46:02,749 : INFO : EventManager : Event: ======'balldevice_captured_from_playfield'====== Args={'balls': 1}
2026-03-02 10:46:02,749 : INFO : EventManager : Event: ======'sw_playfield_active'====== Args={'balls': 1}
2026-03-02 10:46:02,749 : INFO : EventManager : Event: ======'playfield_active'====== Args={'source': None}
2026-03-02 10:46:02,749 : INFO : EventManager : Event: ======'unexpected_ball_on_playfield'====== Args={}
2026-03-02 10:46:02,749 : INFO : EventManager : Event: ======'playfield_ball_count_change'====== Args={'balls': -1, 'change': -1}
2026-03-02 10:46:02,750 : INFO : EventManager : Event: ======'balldevice_playfield_ball_enter'====== Args={'new_balls': 1, 'unclaimed_balls': 1, 'device': <playfield.playfield>}
2026-03-02 10:46:02,750 : INFO : EventManager : Event: ======'playfield_ball_count_change'====== Args={'balls': 0, 'change': 1}
2026-03-02 10:46:02,750 : INFO : BallController : Found a new ball which was captured from playfield. Known balls: 3
2026-03-02 10:46:02,750 : INFO : EventManager : Event: ======'found_new_ball'====== Args={}
2026-03-02 10:46:02,750 : INFO : EventManager : Event: ======'balldevice_bd_trough_ball_enter'====== Args={'new_balls': 1, 'unclaimed_balls': 1, 'new_available_balls': 1, 'device': <ball_device.bd_trough>}
2026-03-02 10:46:02,750 : INFO : EventManager : Event: ======'ball_drain'====== Args={'device': <ball_device.bd_trough>, 'balls': 1}
2026-03-02 10:46:02,751 : INFO : EventManager : Event: ======'balldevice_balls_available'====== Args={}
2026-03-02 10:46:02,751 : INFO : EventManager : Event: ======'balldevice_bd_trough_ball_entered'====== Args={'new_balls': 1, 'device': <ball_device.bd_trough>}
2026-03-02 10:46:02,751 : INFO : ball_device.bd_trough : Received unexpected ball
2026-03-02 10:46:02,751 : INFO : EventManager : Event: ======'balldevice_captured_from_playfield'====== Args={'balls': 1}
2026-03-02 10:46:02,751 : INFO : EventManager : Event: ======'sw_playfield_active'====== Args={'balls': 1}
2026-03-02 10:46:02,751 : INFO : EventManager : Event: ======'playfield_active'====== Args={'source': None}
2026-03-02 10:46:02,751 : INFO : EventManager : Event: ======'unexpected_ball_on_playfield'====== Args={}
2026-03-02 10:46:02,751 : INFO : EventManager : Event: ======'playfield_ball_count_change'====== Args={'balls': -1, 'change': -1}
2026-03-02 10:46:02,752 : INFO : EventManager : Event: ======'balldevice_playfield_ball_enter'====== Args={'new_balls': 1, 'unclaimed_balls': 1, 'device': <playfield.playfield>}
2026-03-02 10:46:02,752 : INFO : EventManager : Event: ======'playfield_ball_count_change'====== Args={'balls': 0, 'change': 1}
2026-03-02 10:46:02,752 : INFO : BallController : Found a new ball which was captured from playfield. Known balls: 4
2026-03-02 10:46:02,752 : INFO : EventManager : Event: ======'found_new_ball'====== Args={}
2026-03-02 10:46:02,752 : INFO : EventManager : Event: ======'balldevice_bd_trough_ball_enter'====== Args={'new_balls': 1, 'unclaimed_balls': 1, 'new_available_balls': 1, 'device': <ball_device.bd_trough>}
2026-03-02 10:46:02,752 : INFO : EventManager : Event: ======'ball_drain'====== Args={'device': <ball_device.bd_trough>, 'balls': 1}
2026-03-02 10:46:02,752 : INFO : EventManager : Event: ======'balldevice_balls_available'====== Args={}
2026-03-02 10:46:02,752 : INFO : EventManager : Event: ======'balldevice_bd_trough_ball_entered'====== Args={'new_balls': 1, 'device': <ball_device.bd_trough>}
2026-03-02 10:46:02,752 : INFO : ball_device.bd_trough : Received unexpected ball
2026-03-02 10:46:02,752 : INFO : EventManager : Event: ======'balldevice_captured_from_playfield'====== Args={'balls': 1}
2026-03-02 10:46:02,753 : INFO : EventManager : Event: ======'sw_playfield_active'====== Args={'balls': 1}
2026-03-02 10:46:02,753 : INFO : EventManager : Event: ======'playfield_active'====== Args={'source': None}
2026-03-02 10:46:02,753 : INFO : EventManager : Event: ======'unexpected_ball_on_playfield'====== Args={}
2026-03-02 10:46:02,753 : INFO : EventManager : Event: ======'playfield_ball_count_change'====== Args={'balls': -1, 'change': -1}
2026-03-02 10:46:02,753 : INFO : EventManager : Event: ======'balldevice_playfield_ball_enter'====== Args={'new_balls': 1, 'unclaimed_balls': 1, 'device': <playfield.playfield>}
2026-03-02 10:46:02,753 : INFO : EventManager : Event: ======'playfield_ball_count_change'====== Args={'balls': 0, 'change': 1}
2026-03-02 10:46:02,753 : INFO : BallController : Found a new ball which was captured from playfield. Known balls: 5
2026-03-02 10:46:02,753 : INFO : EventManager : Event: ======'found_new_ball'====== Args={}
2026-03-02 10:46:02,753 : INFO : EventManager : Event: ======'balldevice_bd_trough_ball_enter'====== Args={'new_balls': 1, 'unclaimed_balls': 1, 'new_available_balls': 1, 'device': <ball_device.bd_trough>}
2026-03-02 10:46:02,754 : INFO : EventManager : Event: ======'ball_drain'====== Args={'device': <ball_device.bd_trough>, 'balls': 1}
2026-03-02 10:46:02,754 : INFO : EventManager : Event: ======'balldevice_balls_available'====== Args={}
2026-03-02 10:46:02,754 : INFO : EventManager : Event: ======'balldevice_bd_trough_ball_entered'====== Args={'new_balls': 1, 'device': <ball_device.bd_trough>}
2026-03-02 10:46:02,754 : INFO : ball_device.bd_trough : Received unexpected ball
2026-03-02 10:46:02,754 : INFO : EventManager : Event: ======'balldevice_captured_from_playfield'====== Args={'balls': 1}
2026-03-02 10:46:02,754 : INFO : EventManager : Event: ======'sw_playfield_active'====== Args={'balls': 1}
2026-03-02 10:46:02,754 : INFO : EventManager : Event: ======'playfield_active'====== Args={'source': None}
2026-03-02 10:46:02,754 : INFO : EventManager : Event: ======'unexpected_ball_on_playfield'====== Args={}
2026-03-02 10:46:02,754 : INFO : EventManager : Event: ======'playfield_ball_count_change'====== Args={'balls': -1, 'change': -1}
2026-03-02 10:46:02,755 : INFO : EventManager : Event: ======'balldevice_playfield_ball_enter'====== Args={'new_balls': 1, 'unclaimed_balls': 1, 'device': <playfield.playfield>}
2026-03-02 10:46:02,755 : INFO : EventManager : Event: ======'playfield_ball_count_change'====== Args={'balls': 0, 'change': 1}
2026-03-02 10:46:02,755 : INFO : BallController : Found a new ball which was captured from playfield. Known balls: 6
2026-03-02 10:46:02,755 : INFO : EventManager : Event: ======'found_new_ball'====== Args={}
2026-03-02 10:46:02,755 : INFO : EventManager : Event: ======'balldevice_bd_trough_ball_enter'====== Args={'new_balls': 1, 'unclaimed_balls': 1, 'new_available_balls': 1, 'device': <ball_device.bd_trough>}
2026-03-02 10:46:02,755 : INFO : EventManager : Event: ======'ball_drain'====== Args={'device': <ball_device.bd_trough>, 'balls': 1}
2026-03-02 10:46:02,755 : INFO : EventManager : Event: ======'balldevice_balls_available'====== Args={}
2026-03-02 10:46:02,755 : INFO : EventManager : Event: ======'balldevice_bd_trough_ball_entered'====== Args={'new_balls': 1, 'device': <ball_device.bd_trough>}
2026-03-02 10:46:04,722 : INFO : SwitchController : <<<<<<< 's_trough_7' active >>>>>>>
2026-03-02 10:46:04,754 : INFO : SwitchController : <<<<<<< 's_trough_7' inactive >>>>>>>
2026-03-02 10:46:04,795 : INFO : SwitchController : <<<<<<< 's_trough_7' active >>>>>>>
2026-03-02 10:46:04,859 : INFO : Timer.attract_carousel_timer : Timer Complete
2026-03-02 10:46:04,860 : INFO : Timer.attract_carousel_timer : Stopping Timer
2026-03-02 10:46:04,860 : INFO : EventManager : Event: ======'timer_attract_carousel_timer_stopped'====== Args={'ticks': 1, 'ticks_remaining': 1}
2026-03-02 10:46:04,860 : INFO : EventManager : Event: ======'timer_attract_carousel_timer_complete'====== Args={'ticks': 1, 'ticks_remaining': 1}
2026-03-02 10:46:04,860 : INFO : EventManager : Event: ======'carousel_item_highlighted'====== Args={'carousel': 'attract', 'direction': 'forwards', 'item': 'credits'}
2026-03-02 10:46:04,861 : INFO : Timer.attract_carousel_timer : Starting Timer.
2026-03-02 10:46:04,861 : INFO : EventManager : Event: ======'timer_attract_carousel_timer_started'====== Args={'ticks': 0, 'ticks_remaining': 1}
2026-03-02 10:46:04,861 : INFO : EventManager : Event: ======'timer_attract_carousel_timer_tick'====== Args={'ticks': 0, 'ticks_remaining': 1}
2026-03-02 10:46:04,913 : INFO : SwitchController : <<<<<<< 's_trough_7' inactive >>>>>>>
2026-03-02 10:46:05,001 : INFO : SwitchController : <<<<<<< 's_trough_6' inactive >>>>>>>
2026-03-02 10:46:05,003 : INFO : SwitchController : <<<<<<< 's_trough_5' inactive >>>>>>>
2026-03-02 10:46:05,006 : INFO : SwitchController : <<<<<<< 's_trough_4' inactive >>>>>>>
2026-03-02 10:46:05,016 : INFO : SwitchController : <<<<<<< 's_trough_3' inactive >>>>>>>
2026-03-02 10:46:05,026 : INFO : SwitchController : <<<<<<< 's_trough_2' inactive >>>>>>>
2026-03-02 10:46:05,090 : INFO : SwitchController : <<<<<<< 's_trough_1' inactive >>>>>>>
2026-03-02 10:46:06,733 : INFO : SwitchController : <<<<<<< 's_trough_1' active >>>>>>>
2026-03-02 10:46:06,752 : INFO : SwitchController : <<<<<<< 's_trough_2' active >>>>>>>
2026-03-02 10:46:06,757 : INFO : SwitchController : <<<<<<< 's_trough_3' active >>>>>>>
2026-03-02 10:46:06,760 : INFO : SwitchController : <<<<<<< 's_trough_4' active >>>>>>>
2026-03-02 10:46:06,760 : INFO : SwitchController : <<<<<<< 's_trough_5' active >>>>>>>
2026-03-02 10:46:06,760 : INFO : SwitchController : <<<<<<< 's_trough_6' active >>>>>>>
2026-03-02 10:46:06,769 : INFO : SwitchController : <<<<<<< 's_trough_7' active >>>>>>>
2026-03-02 10:46:06,785 : INFO : SwitchController : <<<<<<< 's_trough_3' inactive >>>>>>>
2026-03-02 10:46:06,787 : INFO : SwitchController : <<<<<<< 's_trough_2' inactive >>>>>>>
2026-03-02 10:46:06,788 : INFO : SwitchController : <<<<<<< 's_trough_4' inactive >>>>>>>
2026-03-02 10:46:06,795 : INFO : SwitchController : <<<<<<< 's_trough_5' inactive >>>>>>>
2026-03-02 10:46:06,799 : INFO : SwitchController : <<<<<<< 's_trough_6' inactive >>>>>>>
2026-03-02 10:46:06,814 : INFO : SwitchController : <<<<<<< 's_trough_7' inactive >>>>>>>
2026-03-02 10:46:06,899 : INFO : SwitchController : <<<<<<< 's_trough_6' active >>>>>>>
2026-03-02 10:46:06,905 : INFO : SwitchController : <<<<<<< 's_trough_5' active >>>>>>>
2026-03-02 10:46:06,915 : INFO : SwitchController : <<<<<<< 's_trough_4' active >>>>>>>
2026-03-02 10:46:06,917 : INFO : SwitchController : <<<<<<< 's_trough_2' active >>>>>>>
2026-03-02 10:46:06,920 : INFO : SwitchController : <<<<<<< 's_trough_3' active >>>>>>>
2026-03-02 10:46:07,125 : INFO : SwitchController : <<<<<<< 's_trough_6' inactive >>>>>>>
2026-03-02 10:46:07,134 : INFO : SwitchController : <<<<<<< 's_trough_4' inactive >>>>>>>
2026-03-02 10:46:07,135 : INFO : SwitchController : <<<<<<< 's_trough_5' inactive >>>>>>>
2026-03-02 10:46:07,153 : INFO : SwitchController : <<<<<<< 's_trough_3' inactive >>>>>>>
2026-03-02 10:46:07,176 : INFO : SwitchController : <<<<<<< 's_trough_2' inactive >>>>>>>
2026-03-02 10:46:07,503 : INFO : SwitchController : <<<<<<< 's_trough_2' active >>>>>>>
2026-03-02 10:46:07,589 : INFO : SwitchController : <<<<<<< 's_trough_2' inactive >>>>>>>
2026-03-02 10:46:07,940 : INFO : SwitchController : <<<<<<< 's_trough_2' active >>>>>>>
2026-03-02 10:46:09,513 : INFO : SwitchController : <<<<<<< 's_trough_3' active >>>>>>>
2026-03-02 10:46:09,861 : INFO : Timer.attract_carousel_timer : Timer Complete
2026-03-02 10:46:09,861 : INFO : Timer.attract_carousel_timer : Stopping Timer
2026-03-02 10:46:09,861 : INFO : EventManager : Event: ======'timer_attract_carousel_timer_stopped'====== Args={'ticks': 1, 'ticks_remaining': 1}
2026-03-02 10:46:09,861 : INFO : EventManager : Event: ======'timer_attract_carousel_timer_complete'====== Args={'ticks': 1, 'ticks_remaining': 1}
2026-03-02 10:46:09,862 : INFO : EventManager : Event: ======'carousel_item_highlighted'====== Args={'carousel': 'attract', 'direction': 'forwards', 'item': 'logo'}
2026-03-02 10:46:09,862 : INFO : Timer.attract_carousel_timer : Starting Timer.
2026-03-02 10:46:09,862 : INFO : EventManager : Event: ======'timer_attract_carousel_timer_started'====== Args={'ticks': 0, 'ticks_remaining': 1}
2026-03-02 10:46:09,862 : INFO : EventManager : Event: ======'timer_attract_carousel_timer_tick'====== Args={'ticks': 0, 'ticks_remaining': 1}
2026-03-02 10:46:11,307 : INFO : SwitchController : <<<<<<< 's_trough_4' active >>>>>>>
2026-03-02 10:46:11,317 : INFO : SwitchController : <<<<<<< 's_trough_5' active >>>>>>>
2026-03-02 10:46:11,680 : INFO : SwitchController : <<<<<<< 's_trough_5' inactive >>>>>>>
2026-03-02 10:46:11,683 : INFO : SwitchController : <<<<<<< 's_trough_4' inactive >>>>>>>
2026-03-02 10:46:11,702 : INFO : SwitchController : <<<<<<< 's_trough_3' inactive >>>>>>>
2026-03-02 10:46:11,718 : INFO : SwitchController : <<<<<<< 's_trough_2' inactive >>>>>>>
2026-03-02 10:46:11,756 : INFO : SwitchController : <<<<<<< 's_trough_1' inactive >>>>>>>
2026-03-02 10:46:11,897 : INFO : SwitchController : <<<<<<< 's_trough_1' active >>>>>>>
2026-03-02 10:46:11,927 : INFO : SwitchController : <<<<<<< 's_trough_1' inactive >>>>>>>
2026-03-02 10:46:12,347 : INFO : SwitchController : <<<<<<< 's_trough_1' active >>>>>>>
2026-03-02 10:46:12,402 : INFO : SwitchController : <<<<<<< 's_trough_2' active >>>>>>>
2026-03-02 10:46:12,417 : INFO : SwitchController : <<<<<<< 's_trough_3' active >>>>>>>
2026-03-02 10:46:12,421 : INFO : SwitchController : <<<<<<< 's_trough_4' active >>>>>>>
2026-03-02 10:46:12,422 : INFO : SwitchController : <<<<<<< 's_trough_5' active >>>>>>>
2026-03-02 10:46:12,424 : INFO : SwitchController : <<<<<<< 's_trough_6' active >>>>>>>
2026-03-02 10:46:13,156 : INFO : SwitchController : <<<<<<< 's_trough_3' inactive >>>>>>>
2026-03-02 10:46:13,171 : INFO : SwitchController : <<<<<<< 's_trough_2' inactive >>>>>>>
2026-03-02 10:46:13,179 : INFO : SwitchController : <<<<<<< 's_trough_4' inactive >>>>>>>
2026-03-02 10:46:13,258 : INFO : SwitchController : <<<<<<< 's_trough_5' inactive >>>>>>>
2026-03-02 10:46:13,374 : INFO : SwitchController : <<<<<<< 's_trough_6' inactive >>>>>>>
2026-03-02 10:46:13,506 : INFO : SwitchController : <<<<<<< 's_trough_7' active >>>>>>>
2026-03-02 10:46:13,699 : INFO : SwitchController : <<<<<<< 's_trough_7' inactive >>>>>>>
2026-03-02 10:46:14,322 : INFO : SwitchController : <<<<<<< 's_trough_6' active >>>>>>>
2026-03-02 10:46:14,330 : INFO : SwitchController : <<<<<<< 's_trough_5' active >>>>>>>
2026-03-02 10:46:14,350 : INFO : SwitchController : <<<<<<< 's_trough_2' active >>>>>>>
2026-03-02 10:46:14,395 : INFO : SwitchController : <<<<<<< 's_trough_4' active >>>>>>>
2026-03-02 10:46:14,412 : INFO : SwitchController : <<<<<<< 's_trough_3' active >>>>>>>
2026-03-02 10:46:14,863 : INFO : Timer.attract_carousel_timer : Timer Complete
2026-03-02 10:46:14,863 : INFO : Timer.attract_carousel_timer : Stopping Timer
2026-03-02 10:46:14,863 : INFO : EventManager : Event: ======'timer_attract_carousel_timer_stopped'====== Args={'ticks': 1, 'ticks_remaining': 1}
2026-03-02 10:46:14,863 : INFO : EventManager : Event: ======'timer_attract_carousel_timer_complete'====== Args={'ticks': 1, 'ticks_remaining': 1}
2026-03-02 10:46:14,864 : INFO : EventManager : Event: ======'carousel_item_highlighted'====== Args={'carousel': 'attract', 'direction': 'forwards', 'item': 'title'}
2026-03-02 10:46:14,864 : INFO : Timer.attract_carousel_timer : Starting Timer.
2026-03-02 10:46:14,864 : INFO : EventManager : Event: ======'timer_attract_carousel_timer_started'====== Args={'ticks': 0, 'ticks_remaining': 1}
2026-03-02 10:46:14,865 : INFO : EventManager : Event: ======'timer_attract_carousel_timer_tick'====== Args={'ticks': 0, 'ticks_remaining': 1}
2026-03-02 10:46:15,010 : INFO : SwitchController : <<<<<<< 's_trough_3' inactive >>>>>>>
2026-03-02 10:46:15,258 : INFO : SwitchController : <<<<<<< 's_start' active >>>>>>>
2026-03-02 10:46:15,382 : INFO : SwitchController : <<<<<<< 's_trough_4' inactive >>>>>>>
2026-03-02 10:46:15,420 : INFO : SwitchController : <<<<<<< 's_start' inactive >>>>>>>
2026-03-02 10:46:15,420 : INFO : EventManager : Event: ======'request_to_start_game'====== Args={}
2026-03-02 10:46:15,421 : INFO : BallController : Known balls: 6
2026-03-02 10:46:15,421 : INFO : BallController : bd_trough contains 6 balls. Tags ['trough', 'home', 'drain']
2026-03-02 10:46:15,421 : INFO : BallController : bd_plunger contains 0 balls. Tags []
2026-03-02 10:46:15,421 : INFO : BallController : playfield contains 0 balls. Tags ['default']
2026-03-02 10:46:15,421 : WARNING : BallController : BallController denies game start. Not enough balls. -1 found. 6 required
2026-03-02 10:46:15,421 : INFO : BallController : Triggering ball search.
2026-03-02 10:46:15,454 : INFO : SwitchController : <<<<<<< 's_trough_2' inactive >>>>>>>
2026-03-02 10:46:15,471 : INFO : SwitchController : <<<<<<< 's_trough_5' inactive >>>>>>>
2026-03-02 10:46:15,522 : INFO : SwitchController : <<<<<<< 's_trough_6' inactive >>>>>>>
2026-03-02 10:46:15,950 : INFO : SwitchController : <<<<<<< 's_trough_7' active >>>>>>>
2026-03-02 10:46:16,620 : INFO : SwitchController : <<<<<<< 's_trough_7' inactive >>>>>>>
2026-03-02 10:46:16,724 : INFO : SwitchController : <<<<<<< 's_trough_6' active >>>>>>>
2026-03-02 10:46:16,727 : INFO : SwitchController : <<<<<<< 's_trough_5' active >>>>>>>
2026-03-02 10:46:16,730 : INFO : SwitchController : <<<<<<< 's_trough_2' active >>>>>>>
2026-03-02 10:46:16,738 : INFO : SwitchController : <<<<<<< 's_trough_4' active >>>>>>>
2026-03-02 10:46:16,743 : INFO : SwitchController : <<<<<<< 's_trough_3' active >>>>>>>
2026-03-02 10:46:16,778 : INFO : SwitchController : <<<<<<< 's_trough_6' inactive >>>>>>>
2026-03-02 10:46:16,779 : INFO : SwitchController : <<<<<<< 's_trough_5' inactive >>>>>>>
2026-03-02 10:46:16,780 : INFO : SwitchController : <<<<<<< 's_trough_4' inactive >>>>>>>
2026-03-02 10:46:16,782 : INFO : SwitchController : <<<<<<< 's_trough_3' inactive >>>>>>>
2026-03-02 10:46:16,785 : INFO : SwitchController : <<<<<<< 's_trough_2' inactive >>>>>>>
2026-03-02 10:46:16,809 : INFO : SwitchController : <<<<<<< 's_trough_1' inactive >>>>>>>
2026-03-02 10:46:17,342 : INFO : SwitchController : <<<<<<< 's_trough_1' active >>>>>>>
2026-03-02 10:46:17,401 : INFO : SwitchController : <<<<<<< 's_trough_2' active >>>>>>>
2026-03-02 10:46:17,409 : INFO : SwitchController : <<<<<<< 's_trough_3' active >>>>>>>
2026-03-02 10:46:17,421 : INFO : SwitchController : <<<<<<< 's_trough_4' active >>>>>>>
2026-03-02 10:46:17,422 : INFO : SwitchController : <<<<<<< 's_trough_5' active >>>>>>>
2026-03-02 10:46:17,427 : INFO : SwitchController : <<<<<<< 's_trough_6' active >>>>>>>
2026-03-02 10:46:18,209 : INFO : SwitchController : <<<<<<< 's_start' active >>>>>>>
2026-03-02 10:46:18,399 : INFO : SwitchController : <<<<<<< 's_start' inactive >>>>>>>
2026-03-02 10:46:18,399 : INFO : EventManager : Event: ======'request_to_start_game'====== Args={}
2026-03-02 10:46:18,399 : INFO : EventManager : Event: ======'game_start'====== Args={'buttons': [], 'hold_time': 0.19027429500056314}
2026-03-02 10:46:18,400 : INFO : EventManager : Event: ======'mode_game_will_start'====== Args={'buttons': [], 'hold_time': 0.19027429500056314}
2026-03-02 10:46:18,400 : INFO : EventManager : Event: ======'mode_game_starting'====== Args={'buttons': [], 'hold_time': 0.19027429500056314}
2026-03-02 10:46:18,400 : INFO : EventManager : Event: ======'mode_attract_will_stop'====== Args={}
2026-03-02 10:46:18,400 : INFO : EventManager : Event: ======'mode_attract_stopping'====== Args={}
2026-03-02 10:46:18,400 : INFO : Mode.attract : Stopped.
2026-03-02 10:46:18,401 : INFO : EventManager : Event: ======'modes_active_modes_changed'====== Args={}
2026-03-02 10:46:18,401 : INFO : EventManager : Event: ======'mode_attract_stopped'====== Args={}
2026-03-02 10:46:18,401 : INFO : EventManager : Event: ======'clear'====== Args={'key': 'attract'}
2026-03-02 10:46:18,401 : INFO : Timer.attract_carousel_timer : Stopping Timer
2026-03-02 10:46:18,401 : INFO : EventManager : Event: ======'timer_attract_carousel_timer_stopped'====== Args={'ticks': 0, 'ticks_remaining': 1}
2026-03-02 10:46:18,402 : INFO : Mode.game : Started. Priority: 20
2026-03-02 10:46:18,402 : INFO : EventManager : Event: ======'modes_active_modes_changed'====== Args={}
2026-03-02 10:46:18,402 : INFO : EventManager : Event: ======'mode_game_started'====== Args={'buttons': [], 'hold_time': 0.19027429500056314}
2026-03-02 10:46:18,402 : INFO : EventManager : Event: ======'game_will_start'====== Args={}
2026-03-02 10:46:18,402 : INFO : EventManager : Event: ======'game_starting'====== Args={'game': <Mode.game>}
2026-03-02 10:46:18,403 : INFO : EventManager : Unordered handler for class <Auditor> on event game_ended with priority 1. Handlers: [RegisteredHandler(callback=<bound method Auditor.disable of <Auditor>>, priority=1, kwargs={}, key=UUID('f272e10e-59cb-47c2-9824-bd3d20e662bb'), condition=None, blocking_facility=None), RegisteredHandler(callback=<bound method Auditor._save_audits of <Auditor>>, priority=1, kwargs={}, key=UUID('891c7357-d837-4782-a630-f0bdaac30984'), condition=None, blocking_facility=None)]. The order of those handlers is not defined and they will be executed in random order. This might lead to race conditions and potential bugs.
2026-03-02 10:46:18,404 : INFO : EventManager : Event: ======'player_add_request'====== Args={}
2026-03-02 10:46:18,404 : INFO : EventManager : Event: ======'player_will_add'====== Args={'number': 1}
2026-03-02 10:46:18,404 : INFO : EventManager : Event: ======'player_adding'====== Args={'player': <Player 1>, 'number': 1}
2026-03-02 10:46:18,404 : INFO : EventManager : Event: ======'player_added'====== Args={'player': <Player 1>, 'num': 1}
2026-03-02 10:46:18,404 : INFO : Mode.game : Player added successfully. Total players: 1
2026-03-02 10:46:18,404 : INFO : EventManager : Event: ======'player_index'====== Args={'value': 0, 'prev_value': 0, 'change': 0, 'player_num': 1}
2026-03-02 10:46:18,404 : INFO : EventManager : Event: ======'player_number'====== Args={'value': 1, 'prev_value': 1, 'change': 0, 'player_num': 1}
2026-03-02 10:46:18,405 : INFO : EventManager : Event: ======'player_score'====== Args={'value': 0, 'prev_value': 0, 'change': 0, 'player_num': 1}
2026-03-02 10:46:18,405 : INFO : EventManager : Event: ======'game_started'====== Args={}
2026-03-02 10:46:18,406 : INFO : EventManager : Event: ======'player_turn_will_start'====== Args={'player': <Player 1>, 'number': 1}
2026-03-02 10:46:18,407 : INFO : EventManager : Event: ======'player_turn_starting'====== Args={'player': <Player 1>, 'number': 1}
2026-03-02 10:46:18,422 : INFO : EventManager : Event: ======'player_ball'====== Args={'value': 1, 'prev_value': 0, 'change': 1, 'player_num': 1}
2026-03-02 10:46:18,423 : INFO : EventManager : Event: ======'player_turn_started'====== Args={'player': <Player 1>, 'number': 1}
2026-03-02 10:46:18,424 : INFO : EventManager : Event: ======'ball_will_start'====== Args={'player': 1, 'ball': 1, 'balls_remaining': 2, 'is_extra_ball': False}
2026-03-02 10:46:18,424 : INFO : EventManager : Event: ======'ball_starting'====== Args={'player': 1, 'ball': 1, 'balls_remaining': 2, 'is_extra_ball': False}
2026-03-02 10:46:18,424 : INFO : EventManager : Event: ======'mode_base_will_start'====== Args={'queue': <QueuedEvent>, 'player': 1, 'ball': 1, 'balls_remaining': 2, 'is_extra_ball': False}
2026-03-02 10:46:18,425 : INFO : EventManager : Event: ======'player_shot_left_lane_enabled'====== Args={'value': True, 'prev_value': 0, 'change': 1, 'player_num': 1}
2026-03-02 10:46:18,426 : INFO : EventManager : Event: ======'mode_base_starting'====== Args={'queue': <QueuedEvent>, 'player': 1, 'ball': 1, 'balls_remaining': 2, 'is_extra_ball': False}
2026-03-02 10:46:18,426 : INFO : Mode.base : Started. Priority: 100
2026-03-02 10:46:18,426 : INFO : EventManager : Event: ======'modes_active_modes_changed'====== Args={}
2026-03-02 10:46:18,426 : INFO : EventManager : Event: ======'mode_base_started'====== Args={'queue': <QueuedEvent>, 'player': 1, 'ball': 1, 'balls_remaining': 2, 'is_extra_ball': False}
2026-03-02 10:46:18,427 : INFO : EventManager : Event: ======'start_mode_bumpers'====== Args={'priority': 0}
2026-03-02 10:46:18,428 : INFO : EventManager : Event: ======'mode_bumpers_will_start'====== Args={'priority': 0}
2026-03-02 10:46:18,428 : INFO : EventManager : Event: ======'player_shot_sling_left_enabled'====== Args={'value': True, 'prev_value': 0, 'change': 1, 'player_num': 1}
2026-03-02 10:46:18,429 : INFO : EventManager : Event: ======'player_shot_sling_right_enabled'====== Args={'value': True, 'prev_value': 0, 'change': 1, 'player_num': 1}
2026-03-02 10:46:18,429 : INFO : EventManager : Event: ======'slings_complete'====== Args={'state': 'unlit'}
2026-03-02 10:46:18,429 : INFO : EventManager : Event: ======'slings_unlit_complete'====== Args={}
2026-03-02 10:46:18,430 : INFO : EventManager : Event: ======'mode_bumpers_starting'====== Args={'priority': 0}
2026-03-02 10:46:18,430 : INFO : Mode.bumpers : Started. Priority: 200
2026-03-02 10:46:18,430 : INFO : EventManager : Event: ======'modes_active_modes_changed'====== Args={}
2026-03-02 10:46:18,430 : INFO : EventManager : Event: ======'mode_bumpers_started'====== Args={'priority': 0}
2026-03-02 10:46:18,431 : INFO : EventManager : Event: ======'balls_in_play'====== Args={'balls': 1}
2026-03-02 10:46:18,431 : INFO : EventManager : Event: ======'ball_started'====== Args={'player': 1, 'ball': 1, 'balls_remaining': 2, 'is_extra_ball': False}
2026-03-02 10:46:18,431 : INFO : EventManager : Event: ======'single_player_ball_started'====== Args={}
2026-03-02 10:46:18,432 : INFO : EventManager : Event: ======'ball_start_target'====== Args={'target': 'playfield'}
2026-03-02 10:46:18,432 : INFO : ball_device.bd_plunger : Setting up player-controlled eject. Balls: 1, Target: <playfield.playfield>, player_controlled_eject_event: None
2026-03-02 10:46:18,432 : INFO : EventManager : Event: ======'balldevice_balls_available'====== Args={}
2026-03-02 10:46:18,439 : INFO : ball_device.bd_trough : State: waiting_for_target_ready
2026-03-02 10:46:18,439 : INFO : EventManager : Event: ======'balldevice_bd_trough_ball_eject_attempt'====== Args={'balls': 1, 'target': <ball_device.bd_plunger>, 'source': <ball_device.bd_trough>, 'mechanical_eject': True, 'num_attempts': 0}
2026-03-02 10:46:18,439 : INFO : ball_device.bd_plunger : State: waiting_for_ball
2026-03-02 10:46:18,440 : INFO : ball_device.bd_trough : State: ejecting
2026-03-02 10:46:18,440 : INFO : ball_device.bd_trough : Ejecting ball to <ball_device.bd_plunger>
2026-03-02 10:46:18,440 : INFO : EventManager : Event: ======'balldevice_bd_trough_ejecting_ball'====== Args={'balls': 1, 'target': <ball_device.bd_plunger>, 'source': <ball_device.bd_trough>, 'mechanical_eject': True, 'num_attempts': 0}
2026-03-02 10:46:18,441 : INFO : ball_device.bd_trough : Wait for ball to leave device
2026-03-02 10:46:18,441 : INFO : coil.c_trough_eject : Pulsing Driver for 20ms (1.0 pulse_power)
2026-03-02 10:46:18,554 : INFO : EventManager : Event: ======'slide_base_slide_created'====== Args={'_from_bcp': True}
2026-03-02 10:46:18,555 : INFO : EventManager : Event: ======'slide_attract_inactive'====== Args={'is_removing': True, '_from_bcp': True}
2026-03-02 10:46:18,555 : INFO : EventManager : Event: ======'slide_base_slide_active'====== Args={'original_context': 'base', 'original_calling_context': 'mode_base_started', 'priority': 100.0, 'queue': '<QueuedEvent>', 'player': 1.0, 'ball': 1.0, 'balls_remaining': 2.0, 'is_extra_ball': False, 'cmd': 'slides_play', '_from_bcp': True}
2026-03-02 10:46:18,555 : INFO : EventManager : Event: ======'slide_attract_removed'====== Args={'_from_bcp': True}
2026-03-02 10:46:21,442 : INFO : EventManager : Event: ======'balldevice_bd_trough_ball_eject_failed'====== Args={'target': <ball_device.bd_plunger>, 'balls': 1, 'retry': True, 'num_attempts': 1}
2026-03-02 10:46:21,443 : INFO : ball_device.bd_trough : State: waiting_for_target_ready
2026-03-02 10:46:21,443 : INFO : EventManager : Event: ======'balldevice_bd_trough_ball_eject_attempt'====== Args={'balls': 1, 'target': <ball_device.bd_plunger>, 'source': <ball_device.bd_trough>, 'mechanical_eject': True, 'num_attempts': 1}
2026-03-02 10:46:21,444 : INFO : ball_device.bd_trough : State: ejecting
2026-03-02 10:46:21,444 : INFO : ball_device.bd_trough : Ejecting ball to <ball_device.bd_plunger>
2026-03-02 10:46:21,444 : INFO : EventManager : Event: ======'balldevice_bd_trough_ejecting_ball'====== Args={'balls': 1, 'target': <ball_device.bd_plunger>, 'source': <ball_device.bd_trough>, 'mechanical_eject': True, 'num_attempts': 1}
2026-03-02 10:46:21,444 : INFO : ball_device.bd_trough : Wait for ball to leave device
2026-03-02 10:46:21,445 : INFO : coil.c_trough_eject : Pulsing Driver for 20ms (1.0 pulse_power)
2026-03-02 10:46:22,108 : INFO : SwitchController : <<<<<<< 's_trough_3' inactive >>>>>>>
2026-03-02 10:46:22,109 : INFO : ball_device.bd_trough : State: ball_left
2026-03-02 10:46:22,109 : INFO : ball_device.bd_trough : Ball left
2026-03-02 10:46:22,109 : INFO : ball_device.bd_trough : Wait for confirm with timeout 3.0
2026-03-02 10:46:22,115 : INFO : SwitchController : <<<<<<< 's_trough_2' inactive >>>>>>>
2026-03-02 10:46:22,127 : INFO : SwitchController : <<<<<<< 's_trough_4' inactive >>>>>>>
2026-03-02 10:46:22,165 : INFO : SwitchController : <<<<<<< 's_trough_5' inactive >>>>>>>
2026-03-02 10:46:22,180 : INFO : SwitchController : <<<<<<< 's_trough_6' inactive >>>>>>>
2026-03-02 10:46:22,448 : INFO : SwitchController : <<<<<<< 's_trough_6' active >>>>>>>
2026-03-02 10:46:22,449 : INFO : EventManager : Event: ======'machine_var_audits_switches_s_trough_6'====== Args={'value': 3, 'prev_value': 2, 'change': 1}
2026-03-02 10:46:22,465 : INFO : SwitchController : <<<<<<< 's_trough_5' active >>>>>>>
2026-03-02 10:46:22,466 : INFO : EventManager : Event: ======'machine_var_audits_switches_s_trough_5'====== Args={'value': 3, 'prev_value': 2, 'change': 1}
2026-03-02 10:46:22,523 : INFO : SwitchController : <<<<<<< 's_trough_4' active >>>>>>>
2026-03-02 10:46:22,523 : INFO : EventManager : Event: ======'machine_var_audits_switches_s_trough_4'====== Args={'value': 3, 'prev_value': 2, 'change': 1}
2026-03-02 10:46:22,529 : INFO : SwitchController : <<<<<<< 's_trough_2' active >>>>>>>
2026-03-02 10:46:22,529 : INFO : EventManager : Event: ======'machine_var_audits_switches_s_trough_2'====== Args={'value': 3, 'prev_value': 2, 'change': 1}
2026-03-02 10:46:22,571 : INFO : SwitchController : <<<<<<< 's_trough_3' active >>>>>>>
2026-03-02 10:46:22,571 : INFO : EventManager : Event: ======'machine_var_audits_switches_s_trough_3'====== Args={'value': 2, 'prev_value': 1, 'change': 1}
2026-03-02 10:46:22,905 : INFO : SwitchController : <<<<<<< 's_flipper_left' active >>>>>>>
2026-03-02 10:46:22,906 : INFO : EventManager : Event: ======'machine_var_audits_switches_s_flipper_left'====== Args={'value': 1, 'prev_value': 0, 'change': 1}
2026-03-02 10:46:23,063 : INFO : SwitchController : <<<<<<< 's_flipper_left' inactive >>>>>>>
2026-03-02 10:46:23,172 : INFO : SwitchController : <<<<<<< 's_flipper_left' active >>>>>>>
2026-03-02 10:46:23,173 : INFO : EventManager : Event: ======'machine_var_audits_switches_s_flipper_left'====== Args={'value': 2, 'prev_value': 1, 'change': 1}
2026-03-02 10:46:23,248 : INFO : SwitchController : <<<<<<< 's_flipper_left' inactive >>>>>>>
2026-03-02 10:46:23,342 : INFO : SwitchController : <<<<<<< 's_flipper_left' active >>>>>>>
2026-03-02 10:46:23,343 : INFO : EventManager : Event: ======'machine_var_audits_switches_s_flipper_left'====== Args={'value': 3, 'prev_value': 2, 'change': 1}
2026-03-02 10:46:23,407 : INFO : SwitchController : <<<<<<< 's_flipper_left' inactive >>>>>>>
2026-03-02 10:46:23,476 : INFO : SwitchController : <<<<<<< 's_flipper_left' active >>>>>>>
2026-03-02 10:46:23,476 : INFO : EventManager : Event: ======'machine_var_audits_switches_s_flipper_left'====== Args={'value': 4, 'prev_value': 3, 'change': 1}
2026-03-02 10:46:23,568 : INFO : SwitchController : <<<<<<< 's_flipper_left' inactive >>>>>>>
2026-03-02 10:46:24,191 : INFO : SwitchController : <<<<<<< 's_trough_3' inactive >>>>>>>
2026-03-02 10:46:24,197 : INFO : SwitchController : <<<<<<< 's_trough_2' inactive >>>>>>>
2026-03-02 10:46:24,208 : INFO : SwitchController : <<<<<<< 's_trough_4' inactive >>>>>>>
2026-03-02 10:46:24,231 : INFO : SwitchController : <<<<<<< 's_trough_5' inactive >>>>>>>
2026-03-02 10:46:24,238 : INFO : SwitchController : <<<<<<< 's_trough_6' inactive >>>>>>>
2026-03-02 10:46:24,746 : INFO : SwitchController : <<<<<<< 's_trough_6' active >>>>>>>
2026-03-02 10:46:24,747 : INFO : EventManager : Event: ======'machine_var_audits_switches_s_trough_6'====== Args={'value': 4, 'prev_value': 3, 'change': 1}
2026-03-02 10:46:24,753 : INFO : SwitchController : <<<<<<< 's_trough_5' active >>>>>>>
2026-03-02 10:46:24,754 : INFO : EventManager : Event: ======'machine_var_audits_switches_s_trough_5'====== Args={'value': 4, 'prev_value': 3, 'change': 1}
2026-03-02 10:46:24,773 : INFO : SwitchController : <<<<<<< 's_trough_2' active >>>>>>>
2026-03-02 10:46:24,774 : INFO : EventManager : Event: ======'machine_var_audits_switches_s_trough_2'====== Args={'value': 4, 'prev_value': 3, 'change': 1}
2026-03-02 10:46:25,109 : INFO : ball_device.bd_trough : State: failed_confirm
2026-03-02 10:46:25,110 : INFO : ball_device.bd_trough : Got timeout (3.0s) before confirm from <ball_device.bd_plunger>
2026-03-02 10:46:25,111 : INFO : ball_device.bd_plunger : Expecting incoming ball which may skip the device.
2026-03-02 10:46:25,111 : INFO : EventManager : Event: ======'balldevice_bd_plunger_ejecting_ball'====== Args={'balls': 1, 'target': <playfield.playfield>, 'source': <ball_device.bd_plunger>, 'mechanical_eject': False, 'num_attempts': 1}
2026-03-02 10:46:25,126 : INFO : SwitchController : <<<<<<< 's_trough_4' active >>>>>>>
2026-03-02 10:46:25,126 : INFO : EventManager : Event: ======'machine_var_audits_switches_s_trough_4'====== Args={'value': 4, 'prev_value': 3, 'change': 1}
2026-03-02 10:46:25,232 : INFO : SwitchController : <<<<<<< 's_trough_3' active >>>>>>>
2026-03-02 10:46:25,232 : INFO : EventManager : Event: ======'machine_var_audits_switches_s_trough_3'====== Args={'value': 3, 'prev_value': 2, 'change': 1}
2026-03-02 10:46:25,733 : INFO : ball_device.bd_trough : Got unknown balls. Assuming a ball returned.
2026-03-02 10:46:25,733 : INFO : EventManager : Event: ======'balldevice_bd_trough_ball_eject_failed'====== Args={'target': <ball_device.bd_plunger>, 'balls': 1, 'retry': True, 'num_attempts': 2}
2026-03-02 10:46:25,734 : INFO : EventManager : Event: ======'balldevice_bd_plunger_ball_eject_failed'====== Args={'target': <playfield.playfield>, 'balls': 1, 'retry': True, 'num_attempts': 1}
2026-03-02 10:46:25,734 : INFO : ball_device.bd_plunger : No longer expecting incoming ball which may skip the device.
2026-03-02 10:46:25,734 : INFO : ball_device.bd_trough : State: waiting_for_target_ready
2026-03-02 10:46:25,735 : INFO : EventManager : Event: ======'balldevice_bd_trough_ball_eject_attempt'====== Args={'balls': 1, 'target': <ball_device.bd_plunger>, 'source': <ball_device.bd_trough>, 'mechanical_eject': True, 'num_attempts': 2}
2026-03-02 10:46:25,735 : INFO : ball_device.bd_trough : State: ejecting
2026-03-02 10:46:25,735 : INFO : ball_device.bd_trough : Ejecting ball to <ball_device.bd_plunger>
2026-03-02 10:46:25,735 : INFO : EventManager : Event: ======'balldevice_bd_trough_ejecting_ball'====== Args={'balls': 1, 'target': <ball_device.bd_plunger>, 'source': <ball_device.bd_trough>, 'mechanical_eject': True, 'num_attempts': 2}
2026-03-02 10:46:25,735 : INFO : ball_device.bd_plunger : State: waiting_for_ball
2026-03-02 10:46:25,736 : INFO : ball_device.bd_trough : Wait for ball to leave device
2026-03-02 10:46:25,736 : INFO : coil.c_trough_eject : Pulsing Driver for 20ms (1.0 pulse_power)
2026-03-02 10:46:25,979 : INFO : SwitchController : <<<<<<< 's_start' active >>>>>>>
2026-03-02 10:46:25,979 : INFO : EventManager : Event: ======'sw_start'====== Args={}
2026-03-02 10:46:25,979 : INFO : EventManager : Event: ======'machine_var_audits_switches_s_start'====== Args={'value': 1, 'prev_value': 0, 'change': 1}
2026-03-02 10:46:25,980 : INFO : EventManager : Event: ======'player_add_request'====== Args={}
2026-03-02 10:46:25,980 : INFO : EventManager : Event: ======'player_will_add'====== Args={'number': 2}
2026-03-02 10:46:25,980 : INFO : EventManager : Event: ======'player_adding'====== Args={'player': <Player 2>, 'number': 2}
2026-03-02 10:46:25,980 : INFO : EventManager : Event: ======'player_added'====== Args={'player': <Player 2>, 'num': 2}
2026-03-02 10:46:25,980 : INFO : Mode.game : Player added successfully. Total players: 2
2026-03-02 10:46:25,980 : INFO : EventManager : Event: ======'multiplayer_game'====== Args={}
2026-03-02 10:46:25,981 : INFO : EventManager : Event: ======'player_index'====== Args={'value': 1, 'prev_value': 1, 'change': 0, 'player_num': 2}
2026-03-02 10:46:25,981 : INFO : EventManager : Event: ======'player_number'====== Args={'value': 2, 'prev_value': 2, 'change': 0, 'player_num': 2}
2026-03-02 10:46:25,981 : INFO : EventManager : Event: ======'player_score'====== Args={'value': 0, 'prev_value': 0, 'change': 0, 'player_num': 2}
2026-03-02 10:46:26,205 : INFO : SwitchController : <<<<<<< 's_start' inactive >>>>>>>
2026-03-02 10:46:26,649 : INFO : SwitchController : <<<<<<< 's_start' active >>>>>>>
2026-03-02 10:46:26,650 : INFO : EventManager : Event: ======'sw_start'====== Args={}
2026-03-02 10:46:26,650 : INFO : EventManager : Event: ======'machine_var_audits_switches_s_start'====== Args={'value': 2, 'prev_value': 1, 'change': 1}
2026-03-02 10:46:26,650 : INFO : EventManager : Event: ======'player_add_request'====== Args={}
2026-03-02 10:46:26,650 : INFO : EventManager : Event: ======'player_will_add'====== Args={'number': 3}
2026-03-02 10:46:26,650 : INFO : EventManager : Event: ======'player_adding'====== Args={'player': <Player 3>, 'number': 3}
2026-03-02 10:46:26,651 : INFO : EventManager : Event: ======'player_added'====== Args={'player': <Player 3>, 'num': 3}
2026-03-02 10:46:26,651 : INFO : Mode.game : Player added successfully. Total players: 3
2026-03-02 10:46:26,651 : INFO : EventManager : Event: ======'player_index'====== Args={'value': 2, 'prev_value': 2, 'change': 0, 'player_num': 3}
2026-03-02 10:46:26,652 : INFO : EventManager : Event: ======'player_number'====== Args={'value': 3, 'prev_value': 3, 'change': 0, 'player_num': 3}
2026-03-02 10:46:26,652 : INFO : EventManager : Event: ======'player_score'====== Args={'value': 0, 'prev_value': 0, 'change': 0, 'player_num': 3}
2026-03-02 10:46:26,880 : INFO : SwitchController : <<<<<<< 's_start' inactive >>>>>>>
2026-03-02 10:46:27,241 : INFO : SwitchController : <<<<<<< 's_start' active >>>>>>>
2026-03-02 10:46:27,241 : INFO : EventManager : Event: ======'sw_start'====== Args={}
2026-03-02 10:46:27,241 : INFO : EventManager : Event: ======'machine_var_audits_switches_s_start'====== Args={'value': 3, 'prev_value': 2, 'change': 1}
2026-03-02 10:46:27,242 : INFO : EventManager : Event: ======'player_add_request'====== Args={}
2026-03-02 10:46:27,242 : INFO : EventManager : Event: ======'player_will_add'====== Args={'number': 4}
2026-03-02 10:46:27,242 : INFO : EventManager : Event: ======'player_adding'====== Args={'player': <Player 4>, 'number': 4}
2026-03-02 10:46:27,242 : INFO : EventManager : Event: ======'player_added'====== Args={'player': <Player 4>, 'num': 4}
2026-03-02 10:46:27,242 : INFO : Mode.game : Player added successfully. Total players: 4
2026-03-02 10:46:27,243 : INFO : EventManager : Event: ======'player_index'====== Args={'value': 3, 'prev_value': 3, 'change': 0, 'player_num': 4}
2026-03-02 10:46:27,243 : INFO : EventManager : Event: ======'player_number'====== Args={'value': 4, 'prev_value': 4, 'change': 0, 'player_num': 4}
2026-03-02 10:46:27,243 : INFO : EventManager : Event: ======'player_score'====== Args={'value': 0, 'prev_value': 0, 'change': 0, 'player_num': 4}
2026-03-02 10:46:27,393 : INFO : SwitchController : <<<<<<< 's_start' inactive >>>>>>>
2026-03-02 10:46:28,738 : INFO : EventManager : Event: ======'balldevice_bd_trough_ball_eject_failed'====== Args={'target': <ball_device.bd_plunger>, 'balls': 1, 'retry': True, 'num_attempts': 3}
2026-03-02 10:46:28,738 : INFO : ball_device.bd_trough : State: waiting_for_target_ready
2026-03-02 10:46:28,739 : INFO : EventManager : Event: ======'balldevice_bd_trough_ball_eject_attempt'====== Args={'balls': 1, 'target': <ball_device.bd_plunger>, 'source': <ball_device.bd_trough>, 'mechanical_eject': True, 'num_attempts': 3}
2026-03-02 10:46:28,739 : INFO : ball_device.bd_trough : State: ejecting
2026-03-02 10:46:28,739 : INFO : ball_device.bd_trough : Ejecting ball to <ball_device.bd_plunger>
2026-03-02 10:46:28,739 : INFO : EventManager : Event: ======'balldevice_bd_trough_ejecting_ball'====== Args={'balls': 1, 'target': <ball_device.bd_plunger>, 'source': <ball_device.bd_trough>, 'mechanical_eject': True, 'num_attempts': 3}
2026-03-02 10:46:28,740 : INFO : ball_device.bd_trough : Wait for ball to leave device
2026-03-02 10:46:28,740 : INFO : coil.c_trough_eject : Pulsing Driver for 20ms (1.0 pulse_power)
2026-03-02 10:46:29,120 : INFO : SwitchController : <<<<<<< 's_trough_6' inactive >>>>>>>
2026-03-02 10:46:29,121 : INFO : ball_device.bd_trough : State: ball_left
2026-03-02 10:46:29,121 : INFO : ball_device.bd_trough : Ball left
2026-03-02 10:46:29,121 : INFO : ball_device.bd_trough : Wait for confirm with timeout 3.0
2026-03-02 10:46:29,129 : INFO : SwitchController : <<<<<<< 's_trough_5' inactive >>>>>>>
2026-03-02 10:46:29,136 : INFO : SwitchController : <<<<<<< 's_trough_4' inactive >>>>>>>
2026-03-02 10:46:29,195 : INFO : SwitchController : <<<<<<< 's_trough_3' inactive >>>>>>>
2026-03-02 10:46:29,233 : INFO : SwitchController : <<<<<<< 's_trough_2' inactive >>>>>>>
2026-03-02 10:46:29,263 : INFO : SwitchController : <<<<<<< 's_trough_1' inactive >>>>>>>
2026-03-02 10:46:29,339 : INFO : SwitchController : <<<<<<< 's_trough_7' active >>>>>>>
2026-03-02 10:46:29,340 : INFO : EventManager : Event: ======'machine_var_audits_switches_s_trough_7'====== Args={'value': 1, 'prev_value': 0, 'change': 1}
2026-03-02 10:46:30,699 : INFO : SwitchController : <<<<<<< 's_plunger' active >>>>>>>
2026-03-02 10:46:30,699 : INFO : EventManager : Event: ======'machine_var_audits_switches_s_plunger'====== Args={'value': 1, 'prev_value': 0, 'change': 1}
2026-03-02 10:46:31,034 : INFO : SwitchController : <<<<<<< 's_plunger' inactive >>>>>>>
2026-03-02 10:46:31,968 : INFO : SwitchController : <<<<<<< 's_plunger' active >>>>>>>
2026-03-02 10:46:31,968 : INFO : EventManager : Event: ======'machine_var_audits_switches_s_plunger'====== Args={'value': 2, 'prev_value': 1, 'change': 1}
2026-03-02 10:46:32,122 : INFO : ball_device.bd_trough : State: failed_confirm
2026-03-02 10:46:32,122 : INFO : ball_device.bd_trough : Got timeout (3.0s) before confirm from <ball_device.bd_plunger>
2026-03-02 10:46:32,122 : INFO : ball_device.bd_plunger : Expecting incoming ball which may skip the device.
2026-03-02 10:46:32,122 : INFO : EventManager : Event: ======'balldevice_bd_plunger_ejecting_ball'====== Args={'balls': 1, 'target': <playfield.playfield>, 'source': <ball_device.bd_plunger>, 'mechanical_eject': False, 'num_attempts': 1}
2026-03-02 10:46:32,468 : INFO : EventManager : Event: ======'balldevice_bd_plunger_ball_count_changed'====== Args={'balls': 1}
2026-03-02 10:46:32,469 : INFO : ball_device.bd_plunger : Received ball from <ball_device.bd_trough>
2026-03-02 10:46:32,469 : INFO : EventManager : Event: ======'balldevice_bd_plunger_ball_enter'====== Args={'new_balls': 1, 'unclaimed_balls': 0, 'new_available_balls': 0, 'device': <ball_device.bd_plunger>}
2026-03-02 10:46:32,469 : INFO : EventManager : Event: ======'balldevice_bd_plunger_ball_entered'====== Args={'new_balls': 0, 'device': <ball_device.bd_plunger>}
2026-03-02 10:46:32,470 : INFO : EventManager : Event: ======'balldevice_bd_plunger_ball_eject_failed'====== Args={'target': <playfield.playfield>, 'balls': 1, 'retry': True, 'num_attempts': 1}
2026-03-02 10:46:32,470 : INFO : ball_device.bd_trough : Got eject confirm (after recounting)
2026-03-02 10:46:32,470 : INFO : ball_device.bd_trough : Eject successful
2026-03-02 10:46:32,470 : INFO : EventManager : Event: ======'balldevice_bd_trough_ball_eject_success'====== Args={'balls': 1, 'target': <ball_device.bd_plunger>}
2026-03-02 10:46:32,471 : INFO : EventManager : Event: ======'balldevice_bd_trough_ball_count_changed'====== Args={'balls': 5}
2026-03-02 10:46:32,471 : INFO : ball_device.bd_trough : State: idle
2026-03-02 10:46:32,471 : INFO : ball_device.bd_plunger : No longer expecting incoming ball which may skip the device.
2026-03-02 10:46:32,471 : INFO : ball_device.bd_trough : BCH: Count is unstable. Trying to reorder balls.
2026-03-02 10:46:32,471 : WARNING : ball_device.bd_trough : Cannot reorder device because eject_coil_reorder_pulse is not configured
2026-03-02 10:46:32,471 : INFO : ball_device.bd_trough : BCH: Repulse done. Waiting for balls to settle.
2026-03-02 10:46:32,472 : INFO : ball_device.bd_plunger : State: waiting_for_target_ready
2026-03-02 10:46:32,472 : INFO : EventManager : Event: ======'balldevice_bd_plunger_ball_eject_attempt'====== Args={'balls': 1, 'target': <playfield.playfield>, 'source': <ball_device.bd_plunger>, 'mechanical_eject': True, 'num_attempts': 0}
2026-03-02 10:46:32,472 : INFO : ball_device.bd_plunger : State: ejecting
2026-03-02 10:46:32,472 : INFO : ball_device.bd_plunger : Ejecting ball to <playfield.playfield>
2026-03-02 10:46:32,472 : INFO : EventManager : Event: ======'balldevice_bd_plunger_ejecting_ball'====== Args={'balls': 1, 'target': <playfield.playfield>, 'source': <ball_device.bd_plunger>, 'mechanical_eject': True, 'num_attempts': 0}
2026-03-02 10:46:32,473 : INFO : ball_device.bd_trough : BCH: Count is unstable. Trying to reorder balls.
2026-03-02 10:46:32,473 : WARNING : ball_device.bd_trough : Cannot reorder device because eject_coil_reorder_pulse is not configured
2026-03-02 10:46:32,473 : INFO : ball_device.bd_trough : BCH: Repulse done. Waiting for balls to settle.
2026-03-02 10:46:32,473 : INFO : ball_device.bd_trough : BCH: Count is unstable. Trying to reorder balls.
2026-03-02 10:46:32,473 : WARNING : ball_device.bd_trough : Cannot reorder device because eject_coil_reorder_pulse is not configured
2026-03-02 10:46:32,473 : INFO : ball_device.bd_trough : BCH: Repulse done. Waiting for balls to settle.
2026-03-02 10:46:32,473 : INFO : ball_device.bd_plunger : Wait for ball to leave device
2026-03-02 10:46:32,474 : INFO : ball_device.bd_trough : BCH: Count is unstable. Trying to reorder balls.
2026-03-02 10:46:32,474 : WARNING : ball_device.bd_trough : Cannot reorder device because eject_coil_reorder_pulse is not configured
2026-03-02 10:46:32,474 : INFO : ball_device.bd_trough : BCH: Repulse done. Waiting for balls to settle.
2026-03-02 10:46:32,475 : INFO : ball_device.bd_trough : BCH: Count is unstable. Trying to reorder balls.
2026-03-02 10:46:32,475 : WARNING : ball_device.bd_trough : Cannot reorder device because eject_coil_reorder_pulse is not configured
2026-03-02 10:46:32,475 : INFO : ball_device.bd_trough : BCH: Repulse done. Waiting for balls to settle.
2026-03-02 10:46:32,475 : INFO : ball_device.bd_trough : BCH: Count is unstable. Trying to reorder balls.
2026-03-02 10:46:32,475 : WARNING : ball_device.bd_trough : Cannot reorder device because eject_coil_reorder_pulse is not configured
2026-03-02 10:46:32,475 : INFO : ball_device.bd_trough : BCH: Repulse done. Waiting for balls to settle.
2026-03-02 10:46:32,476 : INFO : ball_device.bd_trough : BCH: Count is unstable. Trying to reorder balls.
2026-03-02 10:46:32,476 : WARNING : ball_device.bd_trough : Cannot reorder device because eject_coil_reorder_pulse is not configured
2026-03-02 10:46:32,476 : INFO : ball_device.bd_trough : BCH: Repulse done. Waiting for balls to settle.
2026-03-02 10:46:32,476 : INFO : ball_device.bd_trough : BCH: Count is unstable. Trying to reorder balls.
2026-03-02 10:46:32,476 : WARNING : ball_device.bd_trough : Cannot reorder device because eject_coil_reorder_pulse is not configured
2026-03-02 10:46:32,476 : INFO : ball_device.bd_trough : BCH: Repulse done. Waiting for balls to settle.
2026-03-02 10:46:32,476 : INFO : ball_device.bd_trough : BCH: Count is unstable. Trying to reorder balls.
2026-03-02 10:46:32,477 : WARNING : ball_device.bd_trough : Cannot reorder device because eject_coil_reorder_pulse is not configured
2026-03-02 10:46:32,477 : INFO : ball_device.bd_trough : BCH: Repulse done. Waiting for balls to settle.
2026-03-02 10:46:33,460 : INFO : SwitchController : <<<<<<< 's_plunger' inactive >>>>>>>
2026-03-02 10:46:33,461 : INFO : ball_device.bd_plunger : State: ball_left
2026-03-02 10:46:33,462 : INFO : ball_device.bd_plunger : Ball left
2026-03-02 10:46:33,462 : INFO : ball_device.bd_plunger : Wait for confirm with timeout 5.0
2026-03-02 10:46:34,605 : INFO : SwitchController : <<<<<<< 's_plunger' active >>>>>>>
2026-03-02 10:46:34,605 : INFO : EventManager : Event: ======'machine_var_audits_switches_s_plunger'====== Args={'value': 3, 'prev_value': 2, 'change': 1}
2026-03-02 10:46:34,713 : INFO : SwitchController : <<<<<<< 's_plunger' inactive >>>>>>>
2026-03-02 10:46:35,885 : INFO : SwitchController : <<<<<<< 's_plunger' active >>>>>>>
2026-03-02 10:46:35,885 : INFO : EventManager : Event: ======'machine_var_audits_switches_s_plunger'====== Args={'value': 4, 'prev_value': 3, 'change': 1}
2026-03-02 10:46:38,463 : INFO : ball_device.bd_plunger : State: failed_confirm
2026-03-02 10:46:38,463 : INFO : ball_device.bd_plunger : Got timeout (5.0s) before confirm from <playfield.playfield>
2026-03-02 10:46:38,564 : INFO : ball_device.bd_plunger : Got unknown balls. Assuming a ball returned.
2026-03-02 10:46:38,564 : INFO : EventManager : Event: ======'balldevice_bd_plunger_ball_eject_failed'====== Args={'target': <playfield.playfield>, 'balls': 1, 'retry': True, 'num_attempts': 1}
2026-03-02 10:46:38,565 : INFO : ball_device.bd_plunger : State: waiting_for_target_ready
2026-03-02 10:46:38,565 : INFO : EventManager : Event: ======'balldevice_bd_plunger_ball_eject_attempt'====== Args={'balls': 1, 'target': <playfield.playfield>, 'source': <ball_device.bd_plunger>, 'mechanical_eject': True, 'num_attempts': 1}
2026-03-02 10:46:38,566 : INFO : ball_device.bd_plunger : State: ejecting
2026-03-02 10:46:38,566 : INFO : ball_device.bd_plunger : Ejecting ball to <playfield.playfield>
2026-03-02 10:46:38,566 : INFO : EventManager : Event: ======'balldevice_bd_plunger_ejecting_ball'====== Args={'balls': 1, 'target': <playfield.playfield>, 'source': <ball_device.bd_plunger>, 'mechanical_eject': True, 'num_attempts': 1}
2026-03-02 10:46:38,566 : INFO : ball_device.bd_plunger : Wait for ball to leave device
2026-03-02 10:46:39,858 : INFO : SwitchController : <<<<<<< 's_trough_7' inactive >>>>>>>
2026-03-02 10:46:40,835 : INFO : SwitchController : <<<<<<< 's_trough_1' active >>>>>>>
2026-03-02 10:46:40,835 : INFO : EventManager : Event: ======'machine_var_audits_switches_s_trough_1'====== Args={'value': 1, 'prev_value': 0, 'change': 1}
2026-03-02 10:46:40,857 : INFO : SwitchController : <<<<<<< 's_trough_2' active >>>>>>>
2026-03-02 10:46:40,857 : INFO : EventManager : Event: ======'machine_var_audits_switches_s_trough_2'====== Args={'value': 5, 'prev_value': 4, 'change': 1}
2026-03-02 10:46:40,863 : INFO : SwitchController : <<<<<<< 's_trough_3' active >>>>>>>
2026-03-02 10:46:40,863 : INFO : EventManager : Event: ======'machine_var_audits_switches_s_trough_3'====== Args={'value': 4, 'prev_value': 3, 'change': 1}
2026-03-02 10:46:40,866 : INFO : SwitchController : <<<<<<< 's_trough_4' active >>>>>>>
2026-03-02 10:46:40,866 : INFO : EventManager : Event: ======'machine_var_audits_switches_s_trough_4'====== Args={'value': 5, 'prev_value': 4, 'change': 1}
2026-03-02 10:46:40,866 : INFO : SwitchController : <<<<<<< 's_trough_5' active >>>>>>>
2026-03-02 10:46:40,866 : INFO : EventManager : Event: ======'machine_var_audits_switches_s_trough_5'====== Args={'value': 5, 'prev_value': 4, 'change': 1}
2026-03-02 10:46:40,867 : INFO : SwitchController : <<<<<<< 's_trough_6' active >>>>>>>
2026-03-02 10:46:40,867 : INFO : EventManager : Event: ======'machine_var_audits_switches_s_trough_6'====== Args={'value': 5, 'prev_value': 4, 'change': 1}
2026-03-02 10:46:40,903 : INFO : SwitchController : <<<<<<< 's_trough_3' inactive >>>>>>>
2026-03-02 10:46:40,908 : INFO : SwitchController : <<<<<<< 's_trough_2' inactive >>>>>>>
2026-03-02 10:46:40,910 : INFO : SwitchController : <<<<<<< 's_trough_4' inactive >>>>>>>
2026-03-02 10:46:40,919 : INFO : SwitchController : <<<<<<< 's_trough_5' inactive >>>>>>>
2026-03-02 10:46:40,945 : INFO : SwitchController : <<<<<<< 's_trough_5' active >>>>>>>
2026-03-02 10:46:40,946 : INFO : EventManager : Event: ======'machine_var_audits_switches_s_trough_5'====== Args={'value': 6, 'prev_value': 5, 'change': 1}
2026-03-02 10:46:40,959 : INFO : SwitchController : <<<<<<< 's_trough_2' active >>>>>>>
2026-03-02 10:46:40,960 : INFO : EventManager : Event: ======'machine_var_audits_switches_s_trough_2'====== Args={'value': 6, 'prev_value': 5, 'change': 1}
2026-03-02 10:46:40,965 : INFO : SwitchController : <<<<<<< 's_trough_4' active >>>>>>>
2026-03-02 10:46:40,966 : INFO : EventManager : Event: ======'machine_var_audits_switches_s_trough_4'====== Args={'value': 6, 'prev_value': 5, 'change': 1}
2026-03-02 10:46:40,981 : INFO : SwitchController : <<<<<<< 's_trough_3' active >>>>>>>
2026-03-02 10:46:40,981 : INFO : EventManager : Event: ======'machine_var_audits_switches_s_trough_3'====== Args={'value': 5, 'prev_value': 4, 'change': 1}
2026-03-02 10:46:41,416 : INFO : SwitchController : <<<<<<< 's_trough_6' inactive >>>>>>>
2026-03-02 10:46:41,858 : INFO : SwitchController : <<<<<<< 's_trough_6' active >>>>>>>
2026-03-02 10:46:41,858 : INFO : EventManager : Event: ======'machine_var_audits_switches_s_trough_6'====== Args={'value': 6, 'prev_value': 5, 'change': 1}
2026-03-02 10:46:42,103 : INFO : SwitchController : <<<<<<< 's_trough_6' inactive >>>>>>>
2026-03-02 10:46:42,112 : INFO : SwitchController : <<<<<<< 's_trough_5' inactive >>>>>>>
2026-03-02 10:46:42,118 : INFO : SwitchController : <<<<<<< 's_trough_4' inactive >>>>>>>
2026-03-02 10:46:42,139 : INFO : SwitchController : <<<<<<< 's_trough_3' inactive >>>>>>>
2026-03-02 10:46:42,158 : INFO : SwitchController : <<<<<<< 's_trough_2' inactive >>>>>>>
2026-03-02 10:46:42,547 : INFO : SwitchController : <<<<<<< 's_trough_2' active >>>>>>>
2026-03-02 10:46:42,548 : INFO : EventManager : Event: ======'machine_var_audits_switches_s_trough_2'====== Args={'value': 7, 'prev_value': 6, 'change': 1}
2026-03-02 10:46:42,677 : INFO : SwitchController : <<<<<<< 's_trough_3' active >>>>>>>
2026-03-02 10:46:42,678 : INFO : EventManager : Event: ======'machine_var_audits_switches_s_trough_3'====== Args={'value': 6, 'prev_value': 5, 'change': 1}
2026-03-02 10:46:42,712 : INFO : SwitchController : <<<<<<< 's_trough_4' active >>>>>>>
2026-03-02 10:46:42,712 : INFO : EventManager : Event: ======'machine_var_audits_switches_s_trough_4'====== Args={'value': 7, 'prev_value': 6, 'change': 1}
2026-03-02 10:46:42,717 : INFO : SwitchController : <<<<<<< 's_trough_5' active >>>>>>>
2026-03-02 10:46:42,717 : INFO : EventManager : Event: ======'machine_var_audits_switches_s_trough_5'====== Args={'value': 7, 'prev_value': 6, 'change': 1}
2026-03-02 10:46:42,727 : INFO : SwitchController : <<<<<<< 's_trough_6' active >>>>>>>
2026-03-02 10:46:42,727 : INFO : EventManager : Event: ======'machine_var_audits_switches_s_trough_6'====== Args={'value': 7, 'prev_value': 6, 'change': 1}
2026-03-02 10:46:43,228 : INFO : EventManager : Event: ======'balldevice_bd_trough_ball_count_changed'====== Args={'balls': 6}
2026-03-02 10:46:43,228 : INFO : ball_device.bd_trough : Received unexpected ball
2026-03-02 10:46:43,229 : INFO : EventManager : Event: ======'balldevice_captured_from_playfield'====== Args={'balls': 1}
2026-03-02 10:46:43,229 : INFO : EventManager : Event: ======'sw_playfield_active'====== Args={'balls': 1}
2026-03-02 10:46:43,229 : INFO : EventManager : Event: ======'playfield_active'====== Args={'source': None}
2026-03-02 10:46:43,229 : INFO : EventManager : Event: ======'playfield_ball_count_change'====== Args={'balls': -1, 'change': -1}
2026-03-02 10:46:43,229 : INFO : EventManager : Event: ======'balldevice_playfield_ball_enter'====== Args={'new_balls': 1, 'unclaimed_balls': 1, 'device': <playfield.playfield>}
2026-03-02 10:46:43,229 : INFO : EventManager : Event: ======'playfield_ball_count_change'====== Args={'balls': 0, 'change': 1}
2026-03-02 10:46:43,229 : INFO : BallController : Found a new ball which was captured from playfield. Known balls: 7
2026-03-02 10:46:43,229 : INFO : EventManager : Event: ======'found_new_ball'====== Args={}
2026-03-02 10:46:43,230 : INFO : EventManager : Event: ======'balldevice_bd_trough_ball_enter'====== Args={'new_balls': 1, 'unclaimed_balls': 1, 'new_available_balls': 1, 'device': <ball_device.bd_trough>}
2026-03-02 10:46:43,230 : INFO : EventManager : Event: ======'ball_drain'====== Args={'device': <ball_device.bd_trough>, 'balls': 1}
2026-03-02 10:46:43,230 : INFO : EventManager : Event: ======'ball_will_end'====== Args={}
2026-03-02 10:46:43,230 : INFO : EventManager : Event: ======'balldevice_balls_available'====== Args={}
2026-03-02 10:46:43,230 : INFO : EventManager : Event: ======'balldevice_bd_trough_ball_entered'====== Args={'new_balls': 1, 'device': <ball_device.bd_trough>}
2026-03-02 10:46:43,231 : INFO : EventManager : Event: ======'mode_base_will_stop'====== Args={}
2026-03-02 10:46:43,231 : INFO : EventManager : Event: ======'mode_base_stopping'====== Args={}
2026-03-02 10:46:43,231 : INFO : EventManager : Event: ======'stop_mode_bumpers'====== Args={'priority': 0}
2026-03-02 10:46:43,231 : INFO : EventManager : Event: ======'mode_bumpers_will_stop'====== Args={}
2026-03-02 10:46:43,231 : INFO : EventManager : Event: ======'mode_bumpers_stopping'====== Args={}
2026-03-02 10:46:43,231 : INFO : Mode.base : Stopped.
2026-03-02 10:46:43,231 : INFO : EventManager : Event: ======'modes_active_modes_changed'====== Args={}
2026-03-02 10:46:43,232 : INFO : EventManager : Event: ======'mode_base_stopped'====== Args={}
2026-03-02 10:46:43,232 : INFO : EventManager : Event: ======'clear'====== Args={'key': 'base'}
2026-03-02 10:46:43,232 : INFO : Mode.bumpers : Stopped.
2026-03-02 10:46:43,232 : INFO : EventManager : Event: ======'modes_active_modes_changed'====== Args={}
2026-03-02 10:46:43,233 : INFO : EventManager : Event: ======'mode_bumpers_stopped'====== Args={}
2026-03-02 10:46:43,233 : INFO : EventManager : Event: ======'clear'====== Args={'key': 'bumpers'}
2026-03-02 10:46:43,234 : INFO : EventManager : Event: ======'ball_ending'====== Args={}
2026-03-02 10:46:43,234 : INFO : EventManager : Event: ======'ball_ended'====== Args={}
2026-03-02 10:46:43,236 : INFO : EventManager : Event: ======'player_turn_will_end'====== Args={'player': <Player 1>, 'number': 1}
2026-03-02 10:46:43,236 : INFO : EventManager : Event: ======'player_turn_ending'====== Args={'player': <Player 1>, 'number': 1}
2026-03-02 10:46:43,237 : INFO : EventManager : Event: ======'player_turn_ended'====== Args={'player': <Player 1>, 'number': 1}
2026-03-02 10:46:43,237 : INFO : EventManager : Event: ======'player_turn_will_start'====== Args={'player': <Player 2>, 'number': 2}
2026-03-02 10:46:43,237 : INFO : EventManager : Event: ======'player_turn_starting'====== Args={'player': <Player 2>, 'number': 2}
2026-03-02 10:46:43,238 : INFO : EventManager : Event: ======'player_ball'====== Args={'value': 1, 'prev_value': 0, 'change': 1, 'player_num': 2}
2026-03-02 10:46:43,238 : INFO : EventManager : Event: ======'player_turn_started'====== Args={'player': <Player 2>, 'number': 2}
2026-03-02 10:46:43,239 : INFO : EventManager : Event: ======'ball_will_start'====== Args={'player': 2, 'ball': 1, 'balls_remaining': 2, 'is_extra_ball': False}
2026-03-02 10:46:43,239 : INFO : BallController : Found 1 ball(s) on playfield.
2026-03-02 10:46:43,239 : WARNING : BallController : Playfields still contain balls. Waiting for those to drain.
2026-03-02 10:46:44,193 : INFO : SwitchController : <<<<<<< 's_trough_6' inactive >>>>>>>
2026-03-02 10:46:44,200 : INFO : SwitchController : <<<<<<< 's_trough_5' inactive >>>>>>>
2026-03-02 10:46:44,203 : INFO : SwitchController : <<<<<<< 's_trough_4' inactive >>>>>>>
2026-03-02 10:46:44,214 : INFO : SwitchController : <<<<<<< 's_trough_3' inactive >>>>>>>
2026-03-02 10:46:44,222 : INFO : SwitchController : <<<<<<< 's_trough_2' inactive >>>>>>>
2026-03-02 10:46:44,241 : INFO : BallController : Found 1 ball(s) on playfield.
2026-03-02 10:46:44,241 : WARNING : BallController : Playfields still contain balls. Waiting for those to drain.
2026-03-02 10:46:44,276 : INFO : SwitchController : <<<<<<< 's_trough_1' inactive >>>>>>>
2026-03-02 10:46:45,243 : INFO : BallController : Found 1 ball(s) on playfield.
2026-03-02 10:46:45,243 : WARNING : BallController : Playfields still contain balls. Waiting for those to drain.
2026-03-02 10:46:46,152 : INFO : SwitchController : <<<<<<< 's_trough_1' active >>>>>>>
2026-03-02 10:46:46,152 : INFO : EventManager : Event: ======'machine_var_audits_switches_s_trough_1'====== Args={'value': 2, 'prev_value': 1, 'change': 1}
2026-03-02 10:46:46,244 : INFO : BallController : Found 1 ball(s) on playfield.
2026-03-02 10:46:46,245 : WARNING : BallController : Playfields still contain balls. Waiting for those to drain.
2026-03-02 10:46:46,360 : INFO : SwitchController : <<<<<<< 's_trough_2' active >>>>>>>
2026-03-02 10:46:46,360 : INFO : EventManager : Event: ======'machine_var_audits_switches_s_trough_2'====== Args={'value': 8, 'prev_value': 7, 'change': 1}
2026-03-02 10:46:46,382 : INFO : SwitchController : <<<<<<< 's_trough_3' active >>>>>>>
2026-03-02 10:46:46,383 : INFO : EventManager : Event: ======'machine_var_audits_switches_s_trough_3'====== Args={'value': 7, 'prev_value': 6, 'change': 1}
2026-03-02 10:46:46,399 : INFO : SwitchController : <<<<<<< 's_trough_4' active >>>>>>>
2026-03-02 10:46:46,399 : INFO : EventManager : Event: ======'machine_var_audits_switches_s_trough_4'====== Args={'value': 8, 'prev_value': 7, 'change': 1}
2026-03-02 10:46:46,399 : INFO : SwitchController : <<<<<<< 's_trough_5' active >>>>>>>
2026-03-02 10:46:46,400 : INFO : EventManager : Event: ======'machine_var_audits_switches_s_trough_5'====== Args={'value': 8, 'prev_value': 7, 'change': 1}
2026-03-02 10:46:46,400 : INFO : SwitchController : <<<<<<< 's_trough_6' active >>>>>>>
2026-03-02 10:46:46,400 : INFO : EventManager : Event: ======'machine_var_audits_switches_s_trough_6'====== Args={'value': 8, 'prev_value': 7, 'change': 1}
2026-03-02 10:46:47,224 : INFO : SwitchController : <<<<<<< 's_trough_3' inactive >>>>>>>
2026-03-02 10:46:47,245 : INFO : BallController : Found 1 ball(s) on playfield.
2026-03-02 10:46:47,245 : WARNING : BallController : Playfields still contain balls. Waiting for those to drain.
2026-03-02 10:46:47,248 : INFO : SwitchController : <<<<<<< 's_trough_2' inactive >>>>>>>
2026-03-02 10:46:47,275 : INFO : SwitchController : <<<<<<< 's_trough_4' inactive >>>>>>>
2026-03-02 10:46:47,380 : INFO : SwitchController : <<<<<<< 's_trough_5' inactive >>>>>>>
2026-03-02 10:46:47,496 : INFO : SwitchController : <<<<<<< 's_trough_6' inactive >>>>>>>
2026-03-02 10:46:47,634 : INFO : SwitchController : <<<<<<< 's_trough_6' active >>>>>>>
2026-03-02 10:46:47,634 : INFO : EventManager : Event: ======'machine_var_audits_switches_s_trough_6'====== Args={'value': 9, 'prev_value': 8, 'change': 1}
2026-03-02 10:46:47,676 : INFO : SwitchController : <<<<<<< 's_trough_5' active >>>>>>>
2026-03-02 10:46:47,677 : INFO : EventManager : Event: ======'machine_var_audits_switches_s_trough_5'====== Args={'value': 9, 'prev_value': 8, 'change': 1}
2026-03-02 10:46:48,246 : INFO : BallController : Found 1 ball(s) on playfield.
2026-03-02 10:46:48,246 : WARNING : BallController : Playfields still contain balls. Waiting for those to drain.
2026-03-02 10:46:48,283 : INFO : SwitchController : <<<<<<< 's_trough_4' active >>>>>>>
2026-03-02 10:46:48,283 : INFO : EventManager : Event: ======'machine_var_audits_switches_s_trough_4'====== Args={'value': 9, 'prev_value': 8, 'change': 1}
2026-03-02 10:46:48,284 : INFO : SwitchController : <<<<<<< 's_trough_2' active >>>>>>>
2026-03-02 10:46:48,285 : INFO : EventManager : Event: ======'machine_var_audits_switches_s_trough_2'====== Args={'value': 9, 'prev_value': 8, 'change': 1}
2026-03-02 10:46:48,622 : INFO : SwitchController : <<<<<<< 's_trough_3' active >>>>>>>
2026-03-02 10:46:48,622 : INFO : EventManager : Event: ======'machine_var_audits_switches_s_trough_3'====== Args={'value': 8, 'prev_value': 7, 'change': 1}
2026-03-02 10:46:49,248 : INFO : BallController : Found 1 ball(s) on playfield.
2026-03-02 10:46:49,248 : WARNING : BallController : Playfields still contain balls. Waiting for those to drain.
2026-03-02 10:46:49,345 : INFO : SwitchController : <<<<<<< 's_trough_3' inactive >>>>>>>
2026-03-02 10:46:49,990 : INFO : SwitchController : <<<<<<< 's_trough_3' active >>>>>>>
2026-03-02 10:46:49,990 : INFO : EventManager : Event: ======'machine_var_audits_switches_s_trough_3'====== Args={'value': 9, 'prev_value': 8, 'change': 1}
2026-03-02 10:46:50,249 : INFO : BallController : Found 1 ball(s) on playfield.
2026-03-02 10:46:50,249 : WARNING : BallController : Playfields still contain balls. Waiting for those to drain.
2026-03-02 10:46:50,338 : INFO : SwitchController : <<<<<<< 's_trough_6' inactive >>>>>>>
2026-03-02 10:46:50,344 : INFO : SwitchController : <<<<<<< 's_trough_5' inactive >>>>>>>
2026-03-02 10:46:50,345 : INFO : SwitchController : <<<<<<< 's_trough_4' inactive >>>>>>>
2026-03-02 10:46:50,363 : INFO : SwitchController : <<<<<<< 's_trough_3' inactive >>>>>>>
2026-03-02 10:46:50,371 : INFO : SwitchController : <<<<<<< 's_trough_2' inactive >>>>>>>
2026-03-02 10:46:50,627 : INFO : SwitchController : <<<<<<< 's_trough_2' active >>>>>>>
2026-03-02 10:46:50,627 : INFO : EventManager : Event: ======'machine_var_audits_switches_s_trough_2'====== Args={'value': 10, 'prev_value': 9, 'change': 1}
2026-03-02 10:46:50,637 : INFO : SwitchController : <<<<<<< 's_trough_3' active >>>>>>>
2026-03-02 10:46:50,637 : INFO : EventManager : Event: ======'machine_var_audits_switches_s_trough_3'====== Args={'value': 10, 'prev_value': 9, 'change': 1}
2026-03-02 10:46:50,652 : INFO : SwitchController : <<<<<<< 's_trough_4' active >>>>>>>
2026-03-02 10:46:50,652 : INFO : EventManager : Event: ======'machine_var_audits_switches_s_trough_4'====== Args={'value': 10, 'prev_value': 9, 'change': 1}
2026-03-02 10:46:50,654 : INFO : SwitchController : <<<<<<< 's_trough_5' active >>>>>>>
2026-03-02 10:46:50,654 : INFO : EventManager : Event: ======'machine_var_audits_switches_s_trough_5'====== Args={'value': 10, 'prev_value': 9, 'change': 1}
2026-03-02 10:46:50,660 : INFO : SwitchController : <<<<<<< 's_trough_6' active >>>>>>>
2026-03-02 10:46:50,660 : INFO : EventManager : Event: ======'machine_var_audits_switches_s_trough_6'====== Args={'value': 10, 'prev_value': 9, 'change': 1}
2026-03-02 10:46:50,852 : INFO : SwitchController : <<<<<<< 's_trough_3' inactive >>>>>>>
2026-03-02 10:46:50,857 : INFO : SwitchController : <<<<<<< 's_trough_5' inactive >>>>>>>
2026-03-02 10:46:50,874 : INFO : SwitchController : <<<<<<< 's_trough_6' inactive >>>>>>>
2026-03-02 10:46:50,892 : INFO : SwitchController : <<<<<<< 's_trough_2' inactive >>>>>>>
2026-03-02 10:46:50,999 : INFO : SwitchController : <<<<<<< 's_trough_2' active >>>>>>>
2026-03-02 10:46:50,999 : INFO : EventManager : Event: ======'machine_var_audits_switches_s_trough_2'====== Args={'value': 11, 'prev_value': 10, 'change': 1}
2026-03-02 10:46:51,030 : INFO : SwitchController : <<<<<<< 's_trough_3' active >>>>>>>
2026-03-02 10:46:51,030 : INFO : EventManager : Event: ======'machine_var_audits_switches_s_trough_3'====== Args={'value': 11, 'prev_value': 10, 'change': 1}
2026-03-02 10:46:51,036 : INFO : SwitchController : <<<<<<< 's_trough_7' active >>>>>>>
2026-03-02 10:46:51,036 : INFO : EventManager : Event: ======'machine_var_audits_switches_s_trough_7'====== Args={'value': 2, 'prev_value': 1, 'change': 1}
2026-03-02 10:46:51,106 : INFO : SwitchController : <<<<<<< 's_trough_7' inactive >>>>>>>
2026-03-02 10:46:51,184 : INFO : SwitchController : <<<<<<< 's_trough_7' active >>>>>>>
2026-03-02 10:46:51,184 : INFO : EventManager : Event: ======'machine_var_audits_switches_s_trough_7'====== Args={'value': 3, 'prev_value': 2, 'change': 1}
2026-03-02 10:46:51,251 : INFO : BallController : Found 1 ball(s) on playfield.
2026-03-02 10:46:51,251 : WARNING : BallController : Playfields still contain balls. Waiting for those to drain.
2026-03-02 10:46:52,180 : INFO : SwitchController : <<<<<<< 's_trough_6' active >>>>>>>
2026-03-02 10:46:52,180 : INFO : EventManager : Event: ======'machine_var_audits_switches_s_trough_6'====== Args={'value': 11, 'prev_value': 10, 'change': 1}
2026-03-02 10:46:52,186 : INFO : SwitchController : <<<<<<< 's_trough_5' active >>>>>>>
2026-03-02 10:46:52,186 : INFO : EventManager : Event: ======'machine_var_audits_switches_s_trough_5'====== Args={'value': 11, 'prev_value': 10, 'change': 1}
2026-03-02 10:46:52,214 : INFO : SwitchController : <<<<<<< 's_trough_3' inactive >>>>>>>
2026-03-02 10:46:52,232 : INFO : SwitchController : <<<<<<< 's_trough_6' inactive >>>>>>>
2026-03-02 10:46:52,234 : INFO : SwitchController : <<<<<<< 's_trough_4' inactive >>>>>>>
2026-03-02 10:46:52,235 : INFO : SwitchController : <<<<<<< 's_trough_5' inactive >>>>>>>
2026-03-02 10:46:52,248 : INFO : SwitchController : <<<<<<< 's_trough_2' inactive >>>>>>>
2026-03-02 10:46:52,251 : INFO : BallController : Found 1 ball(s) on playfield.
2026-03-02 10:46:52,251 : WARNING : BallController : Playfields still contain balls. Waiting for those to drain.
2026-03-02 10:46:52,281 : INFO : SwitchController : <<<<<<< 's_trough_1' inactive >>>>>>>
2026-03-02 10:46:52,782 : INFO : ball_device.bd_trough : BCH: Count is unstable. Trying to reorder balls.
2026-03-02 10:46:52,782 : WARNING : ball_device.bd_trough : Cannot reorder device because eject_coil_reorder_pulse is not configured
2026-03-02 10:46:52,782 : INFO : ball_device.bd_trough : BCH: Repulse done. Waiting for balls to settle.
2026-03-02 10:46:53,251 : INFO : BallController : Found 1 ball(s) on playfield.
2026-03-02 10:46:53,252 : WARNING : BallController : Playfields still contain balls. Waiting for those to drain.
2026-03-02 10:46:53,434 : INFO : SwitchController : <<<<<<< 's_trough_3' active >>>>>>>
2026-03-02 10:46:53,434 : INFO : EventManager : Event: ======'machine_var_audits_switches_s_trough_3'====== Args={'value': 12, 'prev_value': 11, 'change': 1}
2026-03-02 10:46:53,451 : INFO : SwitchController : <<<<<<< 's_trough_4' active >>>>>>>
2026-03-02 10:46:53,451 : INFO : EventManager : Event: ======'machine_var_audits_switches_s_trough_4'====== Args={'value': 11, 'prev_value': 10, 'change': 1}
2026-03-02 10:46:53,451 : INFO : SwitchController : <<<<<<< 's_trough_5' active >>>>>>>
2026-03-02 10:46:53,451 : INFO : EventManager : Event: ======'machine_var_audits_switches_s_trough_5'====== Args={'value': 12, 'prev_value': 11, 'change': 1}
2026-03-02 10:46:53,452 : INFO : SwitchController : <<<<<<< 's_trough_6' active >>>>>>>
2026-03-02 10:46:53,452 : INFO : EventManager : Event: ======'machine_var_audits_switches_s_trough_6'====== Args={'value': 12, 'prev_value': 11, 'change': 1}
2026-03-02 10:46:53,618 : INFO : SwitchController : <<<<<<< 's_trough_3' inactive >>>>>>>
2026-03-02 10:46:53,660 : INFO : SwitchController : <<<<<<< 's_trough_4' inactive >>>>>>>
2026-03-02 10:46:53,660 : INFO : SwitchController : <<<<<<< 's_trough_6' inactive >>>>>>>
2026-03-02 10:46:53,664 : INFO : SwitchController : <<<<<<< 's_trough_5' inactive >>>>>>>
2026-03-02 10:46:54,251 : INFO : SwitchController : <<<<<<< 's_trough_6' active >>>>>>>
2026-03-02 10:46:54,252 : INFO : EventManager : Event: ======'machine_var_audits_switches_s_trough_6'====== Args={'value': 13, 'prev_value': 12, 'change': 1}
2026-03-02 10:46:54,252 : INFO : BallController : Found 1 ball(s) on playfield.
2026-03-02 10:46:54,252 : WARNING : BallController : Playfields still contain balls. Waiting for those to drain.
2026-03-02 10:46:54,478 : INFO : SwitchController : <<<<<<< 's_trough_6' inactive >>>>>>>
2026-03-02 10:46:55,253 : INFO : BallController : Found 1 ball(s) on playfield.
2026-03-02 10:46:55,253 : WARNING : BallController : Playfields still contain balls. Waiting for those to drain.
2026-03-02 10:46:56,253 : INFO : BallController : Found 1 ball(s) on playfield.
2026-03-02 10:46:56,253 : WARNING : BallController : Playfields still contain balls. Waiting for those to drain.
2026-03-02 10:46:57,254 : INFO : BallController : Found 1 ball(s) on playfield.
2026-03-02 10:46:57,254 : WARNING : BallController : Playfields still contain balls. Waiting for those to drain.
2026-03-02 10:46:58,255 : INFO : BallController : Found 1 ball(s) on playfield.
2026-03-02 10:46:58,255 : WARNING : BallController : Playfields still contain balls. Waiting for those to drain.
2026-03-02 10:46:59,255 : INFO : BallController : Found 1 ball(s) on playfield.
2026-03-02 10:46:59,256 : WARNING : BallController : Playfields still contain balls. Waiting for those to drain.
2026-03-02 10:47:00,256 : INFO : BallController : Found 1 ball(s) on playfield.
2026-03-02 10:47:00,256 : WARNING : BallController : Playfields still contain balls. Waiting for those to drain.
2026-03-02 10:47:01,257 : INFO : BallController : Found 1 ball(s) on playfield.
2026-03-02 10:47:01,258 : WARNING : BallController : Playfields still contain balls. Waiting for those to drain.
2026-03-02 10:47:01,363 : INFO : SwitchController : <<<<<<< 's_start' active >>>>>>>
2026-03-02 10:47:01,363 : INFO : EventManager : Event: ======'sw_start'====== Args={}
2026-03-02 10:47:01,363 : INFO : EventManager : Event: ======'machine_var_audits_switches_s_start'====== Args={'value': 4, 'prev_value': 3, 'change': 1}
2026-03-02 10:47:01,541 : INFO : SwitchController : <<<<<<< 's_start' inactive >>>>>>>
2026-03-02 10:47:02,258 : INFO : BallController : Found 1 ball(s) on playfield.
2026-03-02 10:47:02,258 : WARNING : BallController : Playfields still contain balls. Waiting for those to drain.
2026-03-02 10:47:03,954 : INFO : SwitchController : <<<<<<< 's_flipper_right_lower' active >>>>>>>
2026-03-02 10:47:03,955 : INFO : EventManager : Event: ======'machine_var_audits_switches_s_flipper_right_lower'====== Args={'value': 1, 'prev_value': 0, 'change': 1}
2026-03-02 10:47:03,961 : INFO : SwitchController : <<<<<<< 's_flipper_right_upper' active >>>>>>>
2026-03-02 10:47:03,962 : INFO : EventManager : Event: ======'machine_var_audits_switches_s_flipper_right_upper'====== Args={'value': 1, 'prev_value': 0, 'change': 1}
2026-03-02 10:47:04,000 : INFO : BallController : Found 1 ball(s) on playfield.
2026-03-02 10:47:04,000 : WARNING : BallController : Playfields still contain balls. Waiting for those to drain.
2026-03-02 10:47:04,081 : INFO : SwitchController : <<<<<<< 's_flipper_right_upper' inactive >>>>>>>
2026-03-02 10:47:04,087 : INFO : SwitchController : <<<<<<< 's_flipper_right_lower' inactive >>>>>>>
2026-03-02 10:47:04,160 : INFO : SwitchController : <<<<<<< 's_flipper_left' active >>>>>>>
2026-03-02 10:47:04,160 : INFO : EventManager : Event: ======'machine_var_audits_switches_s_flipper_left'====== Args={'value': 5, 'prev_value': 4, 'change': 1}
2026-03-02 10:47:04,199 : INFO : SwitchController : <<<<<<< 's_flipper_right_lower' active >>>>>>>
2026-03-02 10:47:04,199 : INFO : EventManager : Event: ======'machine_var_audits_switches_s_flipper_right_lower'====== Args={'value': 2, 'prev_value': 1, 'change': 1}
2026-03-02 10:47:04,202 : INFO : SwitchController : <<<<<<< 's_flipper_right_upper' active >>>>>>>
2026-03-02 10:47:04,202 : INFO : EventManager : Event: ======'machine_var_audits_switches_s_flipper_right_upper'====== Args={'value': 2, 'prev_value': 1, 'change': 1}
2026-03-02 10:47:04,233 : INFO : SwitchController : <<<<<<< 's_flipper_left' inactive >>>>>>>
2026-03-02 10:47:04,275 : INFO : SwitchController : <<<<<<< 's_flipper_right_upper' inactive >>>>>>>
2026-03-02 10:47:04,280 : INFO : SwitchController : <<<<<<< 's_flipper_right_lower' inactive >>>>>>>
2026-03-02 10:47:04,325 : INFO : SwitchController : <<<<<<< 's_flipper_left' active >>>>>>>
2026-03-02 10:47:04,325 : INFO : EventManager : Event: ======'machine_var_audits_switches_s_flipper_left'====== Args={'value': 6, 'prev_value': 5, 'change': 1}
2026-03-02 10:47:04,355 : INFO : SwitchController : <<<<<<< 's_flipper_right_lower' active >>>>>>>
2026-03-02 10:47:04,355 : INFO : EventManager : Event: ======'machine_var_audits_switches_s_flipper_right_lower'====== Args={'value': 3, 'prev_value': 2, 'change': 1}
2026-03-02 10:47:04,356 : INFO : SwitchController : <<<<<<< 's_flipper_right_upper' active >>>>>>>
2026-03-02 10:47:04,356 : INFO : EventManager : Event: ======'machine_var_audits_switches_s_flipper_right_upper'====== Args={'value': 3, 'prev_value': 2, 'change': 1}
2026-03-02 10:47:04,387 : INFO : SwitchController : <<<<<<< 's_flipper_left' inactive >>>>>>>
2026-03-02 10:47:04,428 : INFO : SwitchController : <<<<<<< 's_flipper_right_upper' inactive >>>>>>>
2026-03-02 10:47:04,432 : INFO : SwitchController : <<<<<<< 's_flipper_right_lower' inactive >>>>>>>
2026-03-02 10:47:04,469 : INFO : SwitchController : <<<<<<< 's_flipper_left' active >>>>>>>
2026-03-02 10:47:04,469 : INFO : EventManager : Event: ======'machine_var_audits_switches_s_flipper_left'====== Args={'value': 7, 'prev_value': 6, 'change': 1}
2026-03-02 10:47:04,516 : INFO : SwitchController : <<<<<<< 's_flipper_right_lower' active >>>>>>>
2026-03-02 10:47:04,517 : INFO : EventManager : Event: ======'machine_var_audits_switches_s_flipper_right_lower'====== Args={'value': 4, 'prev_value': 3, 'change': 1}
2026-03-02 10:47:04,519 : INFO : SwitchController : <<<<<<< 's_flipper_right_upper' active >>>>>>>
2026-03-02 10:47:04,520 : INFO : EventManager : Event: ======'machine_var_audits_switches_s_flipper_right_upper'====== Args={'value': 4, 'prev_value': 3, 'change': 1}
2026-03-02 10:47:04,531 : INFO : SwitchController : <<<<<<< 's_flipper_left' inactive >>>>>>>
2026-03-02 10:47:04,583 : INFO : SwitchController : <<<<<<< 's_flipper_right_upper' inactive >>>>>>>
2026-03-02 10:47:04,587 : INFO : SwitchController : <<<<<<< 's_flipper_right_lower' inactive >>>>>>>
2026-03-02 10:47:04,617 : INFO : SwitchController : <<<<<<< 's_flipper_left' active >>>>>>>
2026-03-02 10:47:04,617 : INFO : EventManager : Event: ======'machine_var_audits_switches_s_flipper_left'====== Args={'value': 8, 'prev_value': 7, 'change': 1}
2026-03-02 10:47:04,676 : INFO : SwitchController : <<<<<<< 's_flipper_left' inactive >>>>>>>
2026-03-02 10:47:04,678 : INFO : SwitchController : <<<<<<< 's_flipper_right_lower' active >>>>>>>
2026-03-02 10:47:04,679 : INFO : EventManager : Event: ======'machine_var_audits_switches_s_flipper_right_lower'====== Args={'value': 5, 'prev_value': 4, 'change': 1}
2026-03-02 10:47:04,679 : INFO : SwitchController : <<<<<<< 's_flipper_right_upper' active >>>>>>>
2026-03-02 10:47:04,679 : INFO : EventManager : Event: ======'machine_var_audits_switches_s_flipper_right_upper'====== Args={'value': 5, 'prev_value': 4, 'change': 1}
2026-03-02 10:47:04,749 : INFO : SwitchController : <<<<<<< 's_flipper_right_upper' inactive >>>>>>>
2026-03-02 10:47:04,753 : INFO : SwitchController : <<<<<<< 's_flipper_right_lower' inactive >>>>>>>
2026-03-02 10:47:04,765 : INFO : SwitchController : <<<<<<< 's_flipper_left' active >>>>>>>
2026-03-02 10:47:04,765 : INFO : EventManager : Event: ======'machine_var_audits_switches_s_flipper_left'====== Args={'value': 9, 'prev_value': 8, 'change': 1}
2026-03-02 10:47:04,821 : INFO : SwitchController : <<<<<<< 's_flipper_left' inactive >>>>>>>
2026-03-02 10:47:04,846 : INFO : SwitchController : <<<<<<< 's_flipper_right_lower' active >>>>>>>
2026-03-02 10:47:04,846 : INFO : EventManager : Event: ======'machine_var_audits_switches_s_flipper_right_lower'====== Args={'value': 6, 'prev_value': 5, 'change': 1}
2026-03-02 10:47:04,847 : INFO : SwitchController : <<<<<<< 's_flipper_right_upper' active >>>>>>>
2026-03-02 10:47:04,848 : INFO : EventManager : Event: ======'machine_var_audits_switches_s_flipper_right_upper'====== Args={'value': 6, 'prev_value': 5, 'change': 1}
2026-03-02 10:47:04,918 : INFO : SwitchController : <<<<<<< 's_flipper_left' active >>>>>>>
2026-03-02 10:47:04,918 : INFO : EventManager : Event: ======'machine_var_audits_switches_s_flipper_left'====== Args={'value': 10, 'prev_value': 9, 'change': 1}
2026-03-02 10:47:04,925 : INFO : SwitchController : <<<<<<< 's_flipper_right_upper' inactive >>>>>>>
2026-03-02 10:47:04,933 : INFO : SwitchController : <<<<<<< 's_flipper_right_lower' inactive >>>>>>>
2026-03-02 10:47:04,962 : INFO : SwitchController : <<<<<<< 's_flipper_left' inactive >>>>>>>
2026-03-02 10:47:05,001 : INFO : BallController : Found 1 ball(s) on playfield.
2026-03-02 10:47:05,002 : WARNING : BallController : Playfields still contain balls. Waiting for those to drain.
2026-03-02 10:47:05,027 : INFO : SwitchController : <<<<<<< 's_flipper_right_lower' active >>>>>>>
2026-03-02 10:47:05,027 : INFO : EventManager : Event: ======'machine_var_audits_switches_s_flipper_right_lower'====== Args={'value': 7, 'prev_value': 6, 'change': 1}
2026-03-02 10:47:05,029 : INFO : SwitchController : <<<<<<< 's_flipper_right_upper' active >>>>>>>
2026-03-02 10:47:05,029 : INFO : EventManager : Event: ======'machine_var_audits_switches_s_flipper_right_upper'====== Args={'value': 7, 'prev_value': 6, 'change': 1}
2026-03-02 10:47:05,058 : INFO : SwitchController : <<<<<<< 's_flipper_left' active >>>>>>>
2026-03-02 10:47:05,059 : INFO : EventManager : Event: ======'machine_var_audits_switches_s_flipper_left'====== Args={'value': 11, 'prev_value': 10, 'change': 1}
2026-03-02 10:47:05,101 : INFO : SwitchController : <<<<<<< 's_flipper_right_upper' inactive >>>>>>>
2026-03-02 10:47:05,105 : INFO : SwitchController : <<<<<<< 's_flipper_right_lower' inactive >>>>>>>
2026-03-02 10:47:05,122 : INFO : SwitchController : <<<<<<< 's_flipper_left' inactive >>>>>>>
2026-03-02 10:47:06,002 : INFO : BallController : Found 1 ball(s) on playfield.
2026-03-02 10:47:06,003 : WARNING : BallController : Playfields still contain balls. Waiting for those to drain.
2026-03-02 10:47:07,003 : INFO : BallController : Found 1 ball(s) on playfield.
2026-03-02 10:47:07,003 : WARNING : BallController : Playfields still contain balls. Waiting for those to drain.
2026-03-02 10:47:08,004 : INFO : BallController : Found 1 ball(s) on playfield.
2026-03-02 10:47:08,004 : WARNING : BallController : Playfields still contain balls. Waiting for those to drain.
2026-03-02 10:47:09,006 : INFO : BallController : Found 1 ball(s) on playfield.
2026-03-02 10:47:09,006 : WARNING : BallController : Playfields still contain balls. Waiting for those to drain.
2026-03-02 10:47:10,007 : INFO : BallController : Found 1 ball(s) on playfield.
2026-03-02 10:47:10,007 : WARNING : BallController : Playfields still contain balls. Waiting for those to drain.
2026-03-02 10:47:10,500 : INFO : SwitchController : <<<<<<< 's_plunger' inactive >>>>>>>
2026-03-02 10:47:10,501 : INFO : ball_device.bd_plunger : State: ball_left
2026-03-02 10:47:10,501 : INFO : ball_device.bd_plunger : Ball left
2026-03-02 10:47:10,501 : INFO : ball_device.bd_plunger : Wait for confirm with timeout 5.0
2026-03-02 10:47:11,008 : INFO : BallController : Found 1 ball(s) on playfield.
2026-03-02 10:47:11,008 : WARNING : BallController : Playfields still contain balls. Waiting for those to drain.
2026-03-02 10:47:12,009 : INFO : BallController : Found 1 ball(s) on playfield.
2026-03-02 10:47:12,009 : WARNING : BallController : Playfields still contain balls. Waiting for those to drain.
2026-03-02 10:47:13,010 : INFO : BallController : Found 1 ball(s) on playfield.
2026-03-02 10:47:13,010 : WARNING : BallController : Playfields still contain balls. Waiting for those to drain.
2026-03-02 10:47:14,011 : INFO : BallController : Found 1 ball(s) on playfield.
2026-03-02 10:47:14,011 : WARNING : BallController : Playfields still contain balls. Waiting for those to drain.
2026-03-02 10:47:15,013 : INFO : BallController : Found 1 ball(s) on playfield.
2026-03-02 10:47:15,013 : WARNING : BallController : Playfields still contain balls. Waiting for those to drain.
2026-03-02 10:47:15,502 : INFO : ball_device.bd_plunger : State: failed_confirm
2026-03-02 10:47:15,502 : INFO : ball_device.bd_plunger : Got timeout (5.0s) before confirm from <playfield.playfield>
2026-03-02 10:47:15,602 : INFO : ball_device.bd_plunger : Confirming eject because target is playfield and ball did not return.
2026-03-02 10:47:15,603 : INFO : ball_device.bd_plunger : Eject successful
2026-03-02 10:47:15,603 : INFO : EventManager : Event: ======'balldevice_bd_plunger_ball_eject_success'====== Args={'balls': 1, 'target': <playfield.playfield>}
2026-03-02 10:47:15,603 : INFO : EventManager : Event: ======'balldevice_playfield_ball_enter'====== Args={'new_balls': 1, 'unclaimed_balls': 1, 'device': <playfield.playfield>}
2026-03-02 10:47:15,603 : INFO : EventManager : Event: ======'playfield_ball_count_change'====== Args={'balls': 1, 'change': 1}
2026-03-02 10:47:15,603 : INFO : EventManager : Event: ======'balldevice_bd_plunger_ball_count_changed'====== Args={'balls': 0}
2026-03-02 10:47:15,603 : INFO : ball_device.bd_plunger : State: idle
2026-03-02 10:47:16,014 : INFO : BallController : Found 1 ball(s) on playfield.
2026-03-02 10:47:16,014 : WARNING : BallController : Playfields still contain balls. Waiting for those to drain.
2026-03-02 10:47:17,016 : INFO : BallController : Found 1 ball(s) on playfield.
2026-03-02 10:47:17,016 : WARNING : BallController : Playfields still contain balls. Waiting for those to drain.
2026-03-02 10:47:18,017 : INFO : BallController : Found 1 ball(s) on playfield.
2026-03-02 10:47:18,017 : WARNING : BallController : Playfields still contain balls. Waiting for those to drain.
2026-03-02 10:47:19,018 : INFO : BallController : Found 1 ball(s) on playfield.
2026-03-02 10:47:19,018 : WARNING : BallController : Playfields still contain balls. Waiting for those to drain.
2026-03-02 10:47:20,019 : INFO : BallController : Found 1 ball(s) on playfield.
2026-03-02 10:47:20,020 : WARNING : BallController : Playfields still contain balls. Waiting for those to drain.
2026-03-02 10:47:21,021 : INFO : BallController : Found 1 ball(s) on playfield.
2026-03-02 10:47:21,021 : WARNING : BallController : Playfields still contain balls. Waiting for those to drain.
2026-03-02 10:47:22,022 : INFO : BallController : Found 1 ball(s) on playfield.
2026-03-02 10:47:22,022 : WARNING : BallController : Playfields still contain balls. Waiting for those to drain.
2026-03-02 10:47:23,024 : INFO : BallController : Found 1 ball(s) on playfield.
2026-03-02 10:47:23,024 : WARNING : BallController : Playfields still contain balls. Waiting for those to drain.
2026-03-02 10:47:24,025 : INFO : BallController : Found 1 ball(s) on playfield.
2026-03-02 10:47:24,025 : WARNING : BallController : Playfields still contain balls. Waiting for those to drain.
2026-03-02 10:47:25,026 : INFO : BallController : Found 1 ball(s) on playfield.
2026-03-02 10:47:25,026 : WARNING : BallController : Playfields still contain balls. Waiting for those to drain.
2026-03-02 10:47:26,026 : INFO : BallController : Found 1 ball(s) on playfield.
2026-03-02 10:47:26,026 : WARNING : BallController : Playfields still contain balls. Waiting for those to drain.
2026-03-02 10:47:27,027 : INFO : BallController : Found 1 ball(s) on playfield.
2026-03-02 10:47:27,027 : WARNING : BallController : Playfields still contain balls. Waiting for those to drain.
2026-03-02 10:47:28,027 : INFO : BallController : Found 1 ball(s) on playfield.
2026-03-02 10:47:28,028 : WARNING : BallController : Playfields still contain balls. Waiting for those to drain.
2026-03-02 10:47:29,028 : INFO : BallController : Found 1 ball(s) on playfield.
2026-03-02 10:47:29,028 : WARNING : BallController : Playfields still contain balls. Waiting for those to drain.
2026-03-02 10:47:30,029 : INFO : BallController : Found 1 ball(s) on playfield.
2026-03-02 10:47:30,029 : WARNING : BallController : Playfields still contain balls. Waiting for those to drain.
2026-03-02 10:47:31,030 : INFO : BallController : Found 1 ball(s) on playfield.
2026-03-02 10:47:31,030 : WARNING : BallController : Playfields still contain balls. Waiting for those to drain.
2026-03-02 10:47:32,031 : INFO : BallController : Found 1 ball(s) on playfield.
2026-03-02 10:47:32,031 : WARNING : BallController : Playfields still contain balls. Waiting for those to drain.
2026-03-02 10:47:33,032 : INFO : BallController : Found 1 ball(s) on playfield.
2026-03-02 10:47:33,032 : WARNING : BallController : Playfields still contain balls. Waiting for those to drain.
2026-03-02 10:47:34,032 : INFO : BallController : Found 1 ball(s) on playfield.
2026-03-02 10:47:34,032 : WARNING : BallController : Playfields still contain balls. Waiting for those to drain.
2026-03-02 10:47:35,033 : INFO : BallController : Found 1 ball(s) on playfield.
2026-03-02 10:47:35,033 : WARNING : BallController : Playfields still contain balls. Waiting for those to drain.
2026-03-02 10:47:36,034 : INFO : BallController : Found 1 ball(s) on playfield.
2026-03-02 10:47:36,034 : WARNING : BallController : Playfields still contain balls. Waiting for those to drain.
2026-03-02 10:47:36,747 : INFO : SwitchController : <<<<<<< 's_trough_3' active >>>>>>>
2026-03-02 10:47:36,748 : INFO : EventManager : Event: ======'machine_var_audits_switches_s_trough_3'====== Args={'value': 13, 'prev_value': 12, 'change': 1}
2026-03-02 10:47:36,748 : INFO : SwitchController : <<<<<<< 's_trough_6' active >>>>>>>
2026-03-02 10:47:36,748 : INFO : EventManager : Event: ======'machine_var_audits_switches_s_trough_6'====== Args={'value': 14, 'prev_value': 13, 'change': 1}
2026-03-02 10:47:36,754 : INFO : SwitchController : <<<<<<< 's_trough_4' active >>>>>>>
2026-03-02 10:47:36,755 : INFO : EventManager : Event: ======'machine_var_audits_switches_s_trough_4'====== Args={'value': 12, 'prev_value': 11, 'change': 1}
2026-03-02 10:47:36,758 : INFO : SwitchController : <<<<<<< 's_trough_5' active >>>>>>>
2026-03-02 10:47:36,758 : INFO : EventManager : Event: ======'machine_var_audits_switches_s_trough_5'====== Args={'value': 13, 'prev_value': 12, 'change': 1}
2026-03-02 10:47:36,765 : INFO : SwitchController : <<<<<<< 's_trough_4' inactive >>>>>>>
2026-03-02 10:47:36,765 : INFO : SwitchController : <<<<<<< 's_trough_5' inactive >>>>>>>
2026-03-02 10:47:36,766 : INFO : SwitchController : <<<<<<< 's_trough_6' inactive >>>>>>>
2026-03-02 10:47:36,843 : INFO : SwitchController : <<<<<<< 's_trough_6' active >>>>>>>
2026-03-02 10:47:36,843 : INFO : EventManager : Event: ======'machine_var_audits_switches_s_trough_6'====== Args={'value': 15, 'prev_value': 14, 'change': 1}
2026-03-02 10:47:36,844 : INFO : SwitchController : <<<<<<< 's_trough_5' active >>>>>>>
2026-03-02 10:47:36,844 : INFO : EventManager : Event: ======'machine_var_audits_switches_s_trough_5'====== Args={'value': 14, 'prev_value': 13, 'change': 1}
2026-03-02 10:47:36,847 : INFO : SwitchController : <<<<<<< 's_trough_4' active >>>>>>>
2026-03-02 10:47:36,847 : INFO : EventManager : Event: ======'machine_var_audits_switches_s_trough_4'====== Args={'value': 13, 'prev_value': 12, 'change': 1}
2026-03-02 10:47:36,893 : INFO : SwitchController : <<<<<<< 's_trough_4' inactive >>>>>>>
2026-03-02 10:47:36,894 : INFO : SwitchController : <<<<<<< 's_trough_5' inactive >>>>>>>
2026-03-02 10:47:36,904 : INFO : SwitchController : <<<<<<< 's_trough_6' inactive >>>>>>>
2026-03-02 10:47:37,035 : INFO : BallController : Found 1 ball(s) on playfield.
2026-03-02 10:47:37,035 : WARNING : BallController : Playfields still contain balls. Waiting for those to drain.
2026-03-02 10:47:37,112 : INFO : SwitchController : <<<<<<< 's_trough_4' active >>>>>>>
2026-03-02 10:47:37,112 : INFO : EventManager : Event: ======'machine_var_audits_switches_s_trough_4'====== Args={'value': 14, 'prev_value': 13, 'change': 1}
2026-03-02 10:47:37,122 : INFO : SwitchController : <<<<<<< 's_trough_6' active >>>>>>>
2026-03-02 10:47:37,122 : INFO : EventManager : Event: ======'machine_var_audits_switches_s_trough_6'====== Args={'value': 16, 'prev_value': 15, 'change': 1}
2026-03-02 10:47:37,127 : INFO : SwitchController : <<<<<<< 's_trough_5' active >>>>>>>
2026-03-02 10:47:37,127 : INFO : EventManager : Event: ======'machine_var_audits_switches_s_trough_5'====== Args={'value': 15, 'prev_value': 14, 'change': 1}
2026-03-02 10:47:37,128 : INFO : SwitchController : <<<<<<< 's_trough_3' inactive >>>>>>>
2026-03-02 10:47:37,142 : INFO : SwitchController : <<<<<<< 's_trough_4' inactive >>>>>>>
2026-03-02 10:47:37,142 : INFO : SwitchController : <<<<<<< 's_trough_5' inactive >>>>>>>
2026-03-02 10:47:37,163 : INFO : SwitchController : <<<<<<< 's_trough_6' inactive >>>>>>>
2026-03-02 10:47:38,036 : INFO : BallController : Found 1 ball(s) on playfield.
2026-03-02 10:47:38,036 : WARNING : BallController : Playfields still contain balls. Waiting for those to drain.
2026-03-02 10:47:38,123 : INFO : SwitchController : <<<<<<< 's_trough_7' inactive >>>>>>>
2026-03-02 10:47:38,629 : INFO : SwitchController : <<<<<<< 's_trough_1' active >>>>>>>
2026-03-02 10:47:38,629 : INFO : EventManager : Event: ======'machine_var_audits_switches_s_trough_1'====== Args={'value': 3, 'prev_value': 2, 'change': 1}
2026-03-02 10:47:38,645 : INFO : SwitchController : <<<<<<< 's_trough_2' active >>>>>>>
2026-03-02 10:47:38,645 : INFO : EventManager : Event: ======'machine_var_audits_switches_s_trough_2'====== Args={'value': 12, 'prev_value': 11, 'change': 1}
2026-03-02 10:47:38,648 : INFO : SwitchController : <<<<<<< 's_trough_3' active >>>>>>>
2026-03-02 10:47:38,648 : INFO : EventManager : Event: ======'machine_var_audits_switches_s_trough_3'====== Args={'value': 14, 'prev_value': 13, 'change': 1}
2026-03-02 10:47:38,650 : INFO : SwitchController : <<<<<<< 's_trough_6' active >>>>>>>
2026-03-02 10:47:38,650 : INFO : EventManager : Event: ======'machine_var_audits_switches_s_trough_6'====== Args={'value': 17, 'prev_value': 16, 'change': 1}
2026-03-02 10:47:38,651 : INFO : SwitchController : <<<<<<< 's_trough_4' active >>>>>>>
2026-03-02 10:47:38,651 : INFO : EventManager : Event: ======'machine_var_audits_switches_s_trough_4'====== Args={'value': 15, 'prev_value': 14, 'change': 1}
2026-03-02 10:47:38,651 : INFO : SwitchController : <<<<<<< 's_trough_5' active >>>>>>>
2026-03-02 10:47:38,651 : INFO : EventManager : Event: ======'machine_var_audits_switches_s_trough_5'====== Args={'value': 16, 'prev_value': 15, 'change': 1}
2026-03-02 10:47:38,675 : INFO : SwitchController : <<<<<<< 's_trough_3' inactive >>>>>>>
2026-03-02 10:47:38,680 : INFO : SwitchController : <<<<<<< 's_trough_4' inactive >>>>>>>
2026-03-02 10:47:38,682 : INFO : SwitchController : <<<<<<< 's_trough_5' inactive >>>>>>>
2026-03-02 10:47:38,683 : INFO : SwitchController : <<<<<<< 's_trough_6' inactive >>>>>>>
2026-03-02 10:47:38,685 : INFO : SwitchController : <<<<<<< 's_trough_2' inactive >>>>>>>
2026-03-02 10:47:39,038 : INFO : BallController : Found 1 ball(s) on playfield.
2026-03-02 10:47:39,038 : WARNING : BallController : Playfields still contain balls. Waiting for those to drain.
2026-03-02 10:47:39,753 : INFO : SwitchController : <<<<<<< 's_trough_7' active >>>>>>>
2026-03-02 10:47:39,754 : INFO : EventManager : Event: ======'machine_var_audits_switches_s_trough_7'====== Args={'value': 4, 'prev_value': 3, 'change': 1}
2026-03-02 10:47:39,884 : INFO : SwitchController : <<<<<<< 's_trough_7' inactive >>>>>>>
2026-03-02 10:47:40,039 : INFO : BallController : Found 1 ball(s) on playfield.
2026-03-02 10:47:40,039 : WARNING : BallController : Playfields still contain balls. Waiting for those to drain.
2026-03-02 10:47:40,115 : INFO : SwitchController : <<<<<<< 's_trough_6' active >>>>>>>
2026-03-02 10:47:40,115 : INFO : EventManager : Event: ======'machine_var_audits_switches_s_trough_6'====== Args={'value': 18, 'prev_value': 17, 'change': 1}
2026-03-02 10:47:40,116 : INFO : SwitchController : <<<<<<< 's_trough_2' active >>>>>>>
2026-03-02 10:47:40,116 : INFO : EventManager : Event: ======'machine_var_audits_switches_s_trough_2'====== Args={'value': 13, 'prev_value': 12, 'change': 1}
2026-03-02 10:47:40,119 : INFO : SwitchController : <<<<<<< 's_trough_5' active >>>>>>>
2026-03-02 10:47:40,119 : INFO : EventManager : Event: ======'machine_var_audits_switches_s_trough_5'====== Args={'value': 17, 'prev_value': 16, 'change': 1}
2026-03-02 10:47:40,120 : INFO : SwitchController : <<<<<<< 's_trough_4' active >>>>>>>
2026-03-02 10:47:40,120 : INFO : EventManager : Event: ======'machine_var_audits_switches_s_trough_4'====== Args={'value': 16, 'prev_value': 15, 'change': 1}
2026-03-02 10:47:40,124 : INFO : SwitchController : <<<<<<< 's_trough_3' active >>>>>>>
2026-03-02 10:47:40,124 : INFO : EventManager : Event: ======'machine_var_audits_switches_s_trough_3'====== Args={'value': 15, 'prev_value': 14, 'change': 1}
2026-03-02 10:47:40,142 : INFO : SwitchController : <<<<<<< 's_trough_4' inactive >>>>>>>
2026-03-02 10:47:40,143 : INFO : SwitchController : <<<<<<< 's_trough_6' inactive >>>>>>>
2026-03-02 10:47:40,143 : INFO : SwitchController : <<<<<<< 's_trough_5' inactive >>>>>>>
2026-03-02 10:47:40,145 : INFO : SwitchController : <<<<<<< 's_trough_3' inactive >>>>>>>
2026-03-02 10:47:40,146 : INFO : SwitchController : <<<<<<< 's_trough_2' inactive >>>>>>>
2026-03-02 10:47:40,159 : INFO : SwitchController : <<<<<<< 's_trough_1' inactive >>>>>>>
2026-03-02 10:47:41,040 : INFO : BallController : Found 1 ball(s) on playfield.
2026-03-02 10:47:41,040 : WARNING : BallController : Playfields still contain balls. Waiting for those to drain.
2026-03-02 10:47:41,757 : INFO : SwitchController : <<<<<<< 's_trough_7' active >>>>>>>
2026-03-02 10:47:41,758 : INFO : EventManager : Event: ======'machine_var_audits_switches_s_trough_7'====== Args={'value': 5, 'prev_value': 4, 'change': 1}
2026-03-02 10:47:42,041 : INFO : BallController : Found 1 ball(s) on playfield.
2026-03-02 10:47:42,041 : WARNING : BallController : Playfields still contain balls. Waiting for those to drain.
2026-03-02 10:47:43,042 : INFO : BallController : Found 1 ball(s) on playfield.
2026-03-02 10:47:43,042 : WARNING : BallController : Playfields still contain balls. Waiting for those to drain.
2026-03-02 10:47:44,042 : INFO : BallController : Found 1 ball(s) on playfield.
2026-03-02 10:47:44,043 : WARNING : BallController : Playfields still contain balls. Waiting for those to drain.
2026-03-02 10:47:45,044 : INFO : BallController : Found 1 ball(s) on playfield.
2026-03-02 10:47:45,044 : WARNING : BallController : Playfields still contain balls. Waiting for those to drain.
2026-03-02 10:47:46,045 : INFO : BallController : Found 1 ball(s) on playfield.
2026-03-02 10:47:46,045 : WARNING : BallController : Playfields still contain balls. Waiting for those to drain.
2026-03-02 10:47:47,046 : INFO : BallController : Found 1 ball(s) on playfield.
2026-03-02 10:47:47,047 : WARNING : BallController : Playfields still contain balls. Waiting for those to drain.
2026-03-02 10:47:47,259 : INFO : EventManager : Event: ======'balldevice_bd_trough_ball_count_changed'====== Args={'balls': 1}
2026-03-02 10:47:47,260 : WARNING : ball_device.bd_trough : Ball disappeared while idle. This should not normally happen.
2026-03-02 10:47:47,260 : INFO : EventManager : Event: ======'balldevice_playfield_ball_enter'====== Args={'new_balls': 1, 'unclaimed_balls': 1, 'device': <playfield.playfield>}
2026-03-02 10:47:47,260 : INFO : EventManager : Event: ======'playfield_ball_count_change'====== Args={'balls': 2, 'change': 1}
2026-03-02 10:47:47,260 : INFO : ball_device.bd_trough : 1 ball(s) missing from device. Mechanical eject? False
2026-03-02 10:47:47,260 : INFO : EventManager : Event: ======'balldevice_bd_trough_ball_missing'====== Args={'balls': 1}
2026-03-02 10:47:47,260 : INFO : EventManager : Event: ======'balldevice_ball_missing'====== Args={'balls': 1, 'name': 'bd_trough'}
2026-03-02 10:47:47,261 : WARNING : ball_device.bd_trough : Ball disappeared while idle. This should not normally happen.
2026-03-02 10:47:47,261 : INFO : EventManager : Event: ======'balldevice_playfield_ball_enter'====== Args={'new_balls': 1, 'unclaimed_balls': 1, 'device': <playfield.playfield>}
2026-03-02 10:47:47,261 : INFO : EventManager : Event: ======'playfield_ball_count_change'====== Args={'balls': 3, 'change': 1}
2026-03-02 10:47:47,261 : INFO : ball_device.bd_trough : 1 ball(s) missing from device. Mechanical eject? False
2026-03-02 10:47:47,261 : INFO : EventManager : Event: ======'balldevice_bd_trough_ball_missing'====== Args={'balls': 1}
2026-03-02 10:47:47,261 : INFO : EventManager : Event: ======'balldevice_ball_missing'====== Args={'balls': 1, 'name': 'bd_trough'}
2026-03-02 10:47:47,262 : WARNING : ball_device.bd_trough : Ball disappeared while idle. This should not normally happen.
2026-03-02 10:47:47,262 : INFO : EventManager : Event: ======'balldevice_playfield_ball_enter'====== Args={'new_balls': 1, 'unclaimed_balls': 1, 'device': <playfield.playfield>}
2026-03-02 10:47:47,262 : INFO : EventManager : Event: ======'playfield_ball_count_change'====== Args={'balls': 4, 'change': 1}
2026-03-02 10:47:47,262 : INFO : ball_device.bd_trough : 1 ball(s) missing from device. Mechanical eject? False
2026-03-02 10:47:47,262 : INFO : EventManager : Event: ======'balldevice_bd_trough_ball_missing'====== Args={'balls': 1}
2026-03-02 10:47:47,263 : INFO : EventManager : Event: ======'balldevice_ball_missing'====== Args={'balls': 1, 'name': 'bd_trough'}
2026-03-02 10:47:47,263 : WARNING : ball_device.bd_trough : Ball disappeared while idle. This should not normally happen.
2026-03-02 10:47:47,263 : INFO : EventManager : Event: ======'balldevice_playfield_ball_enter'====== Args={'new_balls': 1, 'unclaimed_balls': 1, 'device': <playfield.playfield>}
2026-03-02 10:47:47,263 : INFO : EventManager : Event: ======'playfield_ball_count_change'====== Args={'balls': 5, 'change': 1}
2026-03-02 10:47:47,263 : INFO : ball_device.bd_trough : 1 ball(s) missing from device. Mechanical eject? False
2026-03-02 10:47:47,263 : INFO : EventManager : Event: ======'balldevice_bd_trough_ball_missing'====== Args={'balls': 1}
2026-03-02 10:47:47,263 : INFO : EventManager : Event: ======'balldevice_ball_missing'====== Args={'balls': 1, 'name': 'bd_trough'}
2026-03-02 10:47:47,264 : WARNING : ball_device.bd_trough : Ball disappeared while idle. This should not normally happen.
2026-03-02 10:47:47,264 : INFO : EventManager : Event: ======'balldevice_playfield_ball_enter'====== Args={'new_balls': 1, 'unclaimed_balls': 1, 'device': <playfield.playfield>}
2026-03-02 10:47:47,264 : INFO : EventManager : Event: ======'playfield_ball_count_change'====== Args={'balls': 6, 'change': 1}
2026-03-02 10:47:47,264 : INFO : ball_device.bd_trough : 1 ball(s) missing from device. Mechanical eject? False
2026-03-02 10:47:47,264 : INFO : EventManager : Event: ======'balldevice_bd_trough_ball_missing'====== Args={'balls': 1}
2026-03-02 10:47:47,264 : INFO : EventManager : Event: ======'balldevice_ball_missing'====== Args={'balls': 1, 'name': 'bd_trough'}
2026-03-02 10:47:48,047 : INFO : BallController : Found 6 ball(s) on playfield.
2026-03-02 10:47:48,048 : WARNING : BallController : Playfields still contain balls. Waiting for those to drain.
2026-03-02 10:47:49,049 : INFO : BallController : Found 6 ball(s) on playfield.
2026-03-02 10:47:49,049 : WARNING : BallController : Playfields still contain balls. Waiting for those to drain.
2026-03-02 10:47:50,050 : INFO : BallController : Found 6 ball(s) on playfield.
2026-03-02 10:47:50,051 : WARNING : BallController : Playfields still contain balls. Waiting for those to drain.
2026-03-02 10:47:51,052 : INFO : BallController : Found 6 ball(s) on playfield.
2026-03-02 10:47:51,052 : WARNING : BallController : Playfields still contain balls. Waiting for those to drain.
2026-03-02 10:47:51,690 : INFO : Machine : Shutting down...
2026-03-02 10:47:51,690 : INFO : EventManager : Event: ======'shutdown'====== Args={}
2026-03-02 10:47:51,692 : INFO : EventManager : Event: ======'mode_game_will_stop'====== Args={}
2026-03-02 10:47:51,692 : INFO : EventManager : Event: ======'mode_game_stopping'====== Args={}
2026-03-02 10:47:51,692 : INFO : Mode.game : Stopped.
2026-03-02 10:47:51,692 : INFO : EventManager : Event: ======'modes_active_modes_changed'====== Args={}
2026-03-02 10:47:51,692 : INFO : EventManager : Event: ======'mode_game_stopped'====== Args={}
2026-03-02 10:47:51,692 : INFO : EventManager : Event: ======'clear'====== Args={'key': 'game'}
2026-03-02 10:47:51,799 : INFO : root : MPF run loop ended.
