2026-03-03 12:23:22,699 : INFO : root : Loading config.
2026-03-03 12:23:23,090 : INFO : ConfigProcessor : Config spec file cache created: /var/folders/1s/015t8n3n70gcr2ch4xflj4yr0000gn/T/config_spec.mpf_cache
2026-03-03 12:23:23,091 : INFO : YamlMultifileConfigLoader : Machine config file #1: config.yaml
2026-03-03 12:23:23,091 : INFO : ConfigProcessor : Loading config from cache: /var/folders/1s/015t8n3n70gcr2ch4xflj4yr0000gn/T/954ddabc670342668a09b03520c7eb79.mpf_cache
2026-03-03 12:23:23,192 : INFO : ConfigProcessor : Loading config from cache: /var/folders/1s/015t8n3n70gcr2ch4xflj4yr0000gn/T/64218df07edc412f774c53ffb33c812d.mpf_cache
2026-03-03 12:23:23,192 : INFO : ConfigProcessor : Loading config from cache: /var/folders/1s/015t8n3n70gcr2ch4xflj4yr0000gn/T/767518d75df2d86a4d35c1fb94c70abd.mpf_cache
2026-03-03 12:23:23,193 : INFO : ConfigProcessor : Loading config from cache: /var/folders/1s/015t8n3n70gcr2ch4xflj4yr0000gn/T/64218df07edc412f774c53ffb33c812d.mpf_cache
2026-03-03 12:23:23,194 : INFO : ConfigProcessor : Loading config from cache: /var/folders/1s/015t8n3n70gcr2ch4xflj4yr0000gn/T/73548cb541cc3751ae5711fe0817282a.mpf_cache
2026-03-03 12:23:23,194 : INFO : ConfigProcessor : Loading config from cache: /var/folders/1s/015t8n3n70gcr2ch4xflj4yr0000gn/T/57f006170cd447d443f971cd8b826597.mpf_cache
2026-03-03 12:23:23,195 : INFO : Machine : Mission Pinball Framework Core Engine v0.80.0.dev13
2026-03-03 12:23:23,195 : INFO : Machine : Command line arguments: {'no_load_cache': False, 'create_config_cache': True, 'bcp': True, 'configfile': ['config.yaml'], 'force_assets_load': False, 'platform_integration_test': False, 'jsonlogging': False, 'logfile': 'logs/2026-03-03-12-23-22-mpf-ANDREs-Mac-mini.local.log', 'pause': False, 'production': False, 'text_ui': True, 'loglevel': 15, 'consoleloglevel': 20, 'force_platform': None, 'syslog_address': None, 'full_logfile_path': '/Users/pinball/NapoleonDynamite/logs/2026-03-03-12-23-22-mpf-ANDREs-Mac-mini.local.log'}
2026-03-03 12:23:23,195 : INFO : Machine : MPF path: /Users/pinball/mpf/lib/python3.14/site-packages/mpf
2026-03-03 12:23:23,195 : INFO : Machine : Machine path: /Users/pinball/NapoleonDynamite
2026-03-03 12:23:23,195 : INFO : Machine : Platform: darwin
2026-03-03 12:23:23,195 : INFO : Machine : Python executable location: /Users/pinball/mpf/bin/python3.14
2026-03-03 12:23:23,195 : INFO : Machine : Python version: 3.14.3 (64-bit)
2026-03-03 12:23:23,197 : INFO : Machine : Initializing MPF...
2026-03-03 12:23:23,384 : INFO : FAST : Auto-detecting ports for the following connections: ['net', 'exp']
2026-03-03 12:23:23,409 : INFO : FAST : Detected NET on port /dev/cu.usbmodem14101
2026-03-03 12:23:24,412 : INFO : FAST : Detected EXP on port /dev/cu.usbmodem14103
2026-03-03 12:23:24,518 : INFO : FAST [NET] : Trying to connect to /dev/cu.usbmodem14101 at 921600bps
2026-03-03 12:23:24,522 : INFO : FAST [NET] : Connected to /dev/cu.usbmodem14101 at 921600bps
2026-03-03 12:23:24,525 : INFO : FAST [NET] : Connected to FP-CPU-2000 with firmware v02.26
2026-03-03 12:23:24,527 : INFO : FAST [NET] : Registered I/O Board 0: Model: FP-I/O-0024, Firmware: 01.10, Switches: 24, Drivers: 8
2026-03-03 12:23:24,529 : INFO : FAST [NET] : Registered I/O Board 1: Model: FP-I/O-3208, Firmware: 01.10, Switches: 32, Drivers: 8
2026-03-03 12:23:24,531 : INFO : FAST [NET] : Registered I/O Board 2: Model: FP-I/O-0804, Firmware: 01.10, Switches: 8, Drivers: 4
2026-03-03 12:23:24,534 : INFO : FAST [EXP] : Trying to connect to /dev/cu.usbmodem14103 at 921600bps
2026-03-03 12:23:24,539 : INFO : FAST [EXP] : Connected to /dev/cu.usbmodem14103 at 921600bps
2026-03-03 12:23:24,541 : INFO : FAST [EXP] : Verifying hardware for EXP "neuron" (FP-EXP-2000, @48) with ID string "EXP FP-EXP-2000  0.34", board address 48
2026-03-03 12:23:24,542 : INFO : FAST [EXP] : Verifying hardware for EXP "neuron" (FP-EXP-2000, @48) with ID string "LED FP-BRK-0001  0.8", board address 480
2026-03-03 12:23:24,544 : INFO : EventManager : Event: ======'machine_var_credits_string'====== Args={'value': 'FREE PLAY', 'prev_value': None, 'change': True}
2026-03-03 12:23:24,575 : INFO : EventManager : Event: ======'machine_var_master_volume'====== Args={'value': 0.5, 'prev_value': None, 'change': True}
2026-03-03 12:23:24,575 : INFO : EventManager : Event: ======'machine_var_player1_score'====== Args={'value': 123050, 'prev_value': None, 'change': True}
2026-03-03 12:23:24,575 : INFO : EventManager : Event: ======'machine_var_mpf_version'====== Args={'value': 'Mission Pinball Framework v0.80.0.dev13', 'prev_value': None, 'change': True}
2026-03-03 12:23:24,575 : INFO : EventManager : Event: ======'machine_var_mpf_extended_version'====== Args={'value': 'Mission Pinball Framework v0.80.0.dev13, Config version:6, Show version: 6, BCP version:1.1', 'prev_value': None, 'change': True}
2026-03-03 12:23:24,576 : INFO : EventManager : Event: ======'machine_var_python_version'====== Args={'value': '3.14.3', 'prev_value': None, 'change': True}
2026-03-03 12:23:24,599 : INFO : EventManager : Event: ======'machine_var_platform'====== Args={'value': 'macOS-14.8.4-x86_64-i386-64bit-Mach-O', 'prev_value': None, 'change': True}
2026-03-03 12:23:24,599 : INFO : EventManager : Event: ======'machine_var_platform_system'====== Args={'value': 'Darwin', 'prev_value': None, 'change': True}
2026-03-03 12:23:24,599 : INFO : EventManager : Event: ======'machine_var_platform_release'====== Args={'value': '23.6.0', 'prev_value': None, 'change': True}
2026-03-03 12:23:24,599 : INFO : EventManager : Event: ======'machine_var_platform_version'====== Args={'value': 'Darwin Kernel Version 23.6.0: Mon Jan 19 22:02:22 PST 2026; root:xnu-10063.141.1.710.3~1/RELEASE_X86_64', 'prev_value': None, 'change': True}
2026-03-03 12:23:24,599 : INFO : EventManager : Event: ======'machine_var_platform_machine'====== Args={'value': 'x86_64', 'prev_value': None, 'change': True}
2026-03-03 12:23:24,599 : INFO : EventManager : Event: ======'machine_var_log_file_path'====== Args={'value': '/Users/pinball/NapoleonDynamite/logs/2026-03-03-12-23-22-mpf-ANDREs-Mac-mini.local.log', 'prev_value': None, 'change': True}
2026-03-03 12:23:24,600 : INFO : EventManager : Event: ======'init_phase_1'====== Args={}
2026-03-03 12:23:24,857 : INFO : SwitchController : <<<<<<< 's_flipper_left_eos' active >>>>>>>
2026-03-03 12:23:24,857 : INFO : SwitchController : <<<<<<< 's_flipper_right_lower_eos' active >>>>>>>
2026-03-03 12:23:24,857 : INFO : SwitchController : <<<<<<< 's_trough_1' active >>>>>>>
2026-03-03 12:23:24,857 : INFO : SwitchController : <<<<<<< 's_trough_2' active >>>>>>>
2026-03-03 12:23:24,857 : INFO : SwitchController : <<<<<<< 's_trough_3' active >>>>>>>
2026-03-03 12:23:24,857 : INFO : SwitchController : <<<<<<< 's_trough_4' active >>>>>>>
2026-03-03 12:23:24,857 : INFO : SwitchController : <<<<<<< 's_trough_5' active >>>>>>>
2026-03-03 12:23:24,858 : INFO : SwitchController : <<<<<<< 's_trough_6' active >>>>>>>
2026-03-03 12:23:24,858 : INFO : SwitchController : <<<<<<< 's_bumper_lower' active >>>>>>>
2026-03-03 12:23:24,858 : INFO : SwitchController : <<<<<<< 's_bumper_upper' active >>>>>>>
2026-03-03 12:23:24,858 : INFO : SwitchController : <<<<<<< 's_inlane_right_1' active >>>>>>>
2026-03-03 12:23:24,858 : INFO : SwitchController : <<<<<<< 's_inlane_right_2' active >>>>>>>
2026-03-03 12:23:24,889 : INFO : EventManager : Event: ======'init_phase_2'====== Args={}
2026-03-03 12:23:24,890 : INFO : SwitchController : Found active switch: (37, [FAST Platform Interface]) <switch.s_flipper_left_eos>
2026-03-03 12:23:24,890 : INFO : SwitchController : Found active switch: (32, [FAST Platform Interface]) <switch.s_flipper_right_lower_eos>
2026-03-03 12:23:24,890 : INFO : SwitchController : Found active switch: (24, [FAST Platform Interface]) <switch.s_trough_1>
2026-03-03 12:23:24,890 : INFO : SwitchController : Found active switch: (25, [FAST Platform Interface]) <switch.s_trough_2>
2026-03-03 12:23:24,890 : INFO : SwitchController : Found active switch: (26, [FAST Platform Interface]) <switch.s_trough_3>
2026-03-03 12:23:24,890 : INFO : SwitchController : Found active switch: (27, [FAST Platform Interface]) <switch.s_trough_4>
2026-03-03 12:23:24,890 : INFO : SwitchController : Found active switch: (28, [FAST Platform Interface]) <switch.s_trough_5>
2026-03-03 12:23:24,890 : INFO : SwitchController : Found active switch: (29, [FAST Platform Interface]) <switch.s_trough_6>
2026-03-03 12:23:24,890 : INFO : SwitchController : Found active switch: (41, [FAST Platform Interface]) <switch.s_bumper_lower>
2026-03-03 12:23:24,890 : INFO : SwitchController : Found active switch: (42, [FAST Platform Interface]) <switch.s_bumper_upper>
2026-03-03 12:23:24,890 : INFO : SwitchController : Found active switch: (35, [FAST Platform Interface]) <switch.s_inlane_right_1>
2026-03-03 12:23:24,891 : INFO : SwitchController : Found active switch: (36, [FAST Platform Interface]) <switch.s_inlane_right_2>
2026-03-03 12:23:24,896 : INFO : EventManager : Event: ======'bcp_connection_attempt'====== Args={'name': 'local_display', 'host': 'localhost', 'port': 5050}
2026-03-03 12:23:24,899 : INFO : BCPClientSocket : Connecting BCP to 'local_display' at localhost:5050...
2026-03-03 12:23:24,918 : INFO : BCPClientSocket : Connected BCP to 'local_display' localhost:5050
2026-03-03 12:23:24,919 : INFO : EventManager : Event: ======'bcp_clients_connected'====== Args={}
2026-03-03 12:23:25,358 : INFO : ball_device.bd_trough : BCH: Initial count: 6
2026-03-03 12:23:25,359 : INFO : ball_device.bd_trough : State: idle
2026-03-03 12:23:25,360 : INFO : ball_device.bd_plunger : BCH: Initial count: 0
2026-03-03 12:23:25,361 : INFO : ball_device.bd_plunger : State: idle
2026-03-03 12:23:25,381 : INFO : EventManager : Event: ======'init_phase_3'====== Args={}
2026-03-03 12:23:25,384 : INFO : EventManager : Event: ======'init_phase_4'====== Args={}
2026-03-03 12:23:25,384 : INFO : BallController : Initial balls found: 6
2026-03-03 12:23:25,386 : INFO : EventManager : Event: ======'machine_var_audits_events_game_ended'====== Args={'value': 8, 'prev_value': None, 'change': True}
2026-03-03 12:23:25,386 : INFO : EventManager : Event: ======'machine_var_audits_events_game_started'====== Args={'value': 12, 'prev_value': None, 'change': True}
2026-03-03 12:23:25,386 : INFO : EventManager : Event: ======'machine_var_audits_missing_switches_s_bumper_lower'====== Args={'value': 12, 'prev_value': None, 'change': True}
2026-03-03 12:23:25,386 : INFO : EventManager : Event: ======'machine_var_audits_missing_switches_s_bumper_upper'====== Args={'value': 7, 'prev_value': None, 'change': True}
2026-03-03 12:23:25,386 : INFO : EventManager : Event: ======'machine_var_audits_missing_switches_s_inlane_left'====== Args={'value': 12, 'prev_value': None, 'change': True}
2026-03-03 12:23:25,386 : INFO : EventManager : Event: ======'machine_var_audits_missing_switches_s_inlane_right_2'====== Args={'value': 12, 'prev_value': None, 'change': True}
2026-03-03 12:23:25,386 : INFO : EventManager : Event: ======'machine_var_audits_missing_switches_s_sling_right'====== Args={'value': 1, 'prev_value': None, 'change': True}
2026-03-03 12:23:25,386 : INFO : EventManager : Event: ======'machine_var_audits_player_score'====== Args={'value': {'average': 16648, 'top': [123050, 15710, 7390, 1700, 1600, 400, 0, 0, 0], 'total': 9}, 'prev_value': None, 'change': True}
2026-03-03 12:23:25,387 : INFO : EventManager : Event: ======'machine_var_audits_shots_shot_inlane_right_1'====== Args={'value': 814, 'prev_value': None, 'change': True}
2026-03-03 12:23:25,387 : INFO : EventManager : Event: ======'machine_var_audits_shots_shot_sling_left'====== Args={'value': 550, 'prev_value': None, 'change': True}
2026-03-03 12:23:25,387 : INFO : EventManager : Event: ======'machine_var_audits_shots_shot_sling_right'====== Args={'value': 31, 'prev_value': None, 'change': True}
2026-03-03 12:23:25,387 : INFO : EventManager : Event: ======'machine_var_audits_shots_sling_left'====== Args={'value': 21, 'prev_value': None, 'change': True}
2026-03-03 12:23:25,387 : INFO : EventManager : Event: ======'machine_var_audits_shots_sling_right'====== Args={'value': 28, 'prev_value': None, 'change': True}
2026-03-03 12:23:25,387 : INFO : EventManager : Event: ======'machine_var_audits_switches_s_bumper_lower'====== Args={'value': 0, 'prev_value': None, 'change': True}
2026-03-03 12:23:25,387 : INFO : EventManager : Event: ======'machine_var_audits_switches_s_bumper_upper'====== Args={'value': 6, 'prev_value': None, 'change': True}
2026-03-03 12:23:25,387 : INFO : EventManager : Event: ======'machine_var_audits_switches_s_flipper_left'====== Args={'value': 326, 'prev_value': None, 'change': True}
2026-03-03 12:23:25,387 : INFO : EventManager : Event: ======'machine_var_audits_switches_s_flipper_left_eos'====== Args={'value': 299, 'prev_value': None, 'change': True}
2026-03-03 12:23:25,387 : INFO : EventManager : Event: ======'machine_var_audits_switches_s_flipper_right_lower'====== Args={'value': 756, 'prev_value': None, 'change': True}
2026-03-03 12:23:25,388 : INFO : EventManager : Event: ======'machine_var_audits_switches_s_flipper_right_lower_eos'====== Args={'value': 545, 'prev_value': None, 'change': True}
2026-03-03 12:23:25,388 : INFO : EventManager : Event: ======'machine_var_audits_switches_s_flipper_right_upper'====== Args={'value': 463, 'prev_value': None, 'change': True}
2026-03-03 12:23:25,388 : INFO : EventManager : Event: ======'machine_var_audits_switches_s_flipper_right_upper_eos'====== Args={'value': 300, 'prev_value': None, 'change': True}
2026-03-03 12:23:25,388 : INFO : EventManager : Event: ======'machine_var_audits_switches_s_inlane_left'====== Args={'value': 0, 'prev_value': None, 'change': True}
2026-03-03 12:23:25,388 : INFO : EventManager : Event: ======'machine_var_audits_switches_s_inlane_right_1'====== Args={'value': 1146, 'prev_value': None, 'change': True}
2026-03-03 12:23:25,388 : INFO : EventManager : Event: ======'machine_var_audits_switches_s_inlane_right_2'====== Args={'value': 0, 'prev_value': None, 'change': True}
2026-03-03 12:23:25,388 : INFO : EventManager : Event: ======'machine_var_audits_switches_s_plunger'====== Args={'value': 61, 'prev_value': None, 'change': True}
2026-03-03 12:23:25,388 : INFO : EventManager : Event: ======'machine_var_audits_switches_s_sling_left'====== Args={'value': 573, 'prev_value': None, 'change': True}
2026-03-03 12:23:25,388 : INFO : EventManager : Event: ======'machine_var_audits_switches_s_sling_right'====== Args={'value': 59, 'prev_value': None, 'change': True}
2026-03-03 12:23:25,388 : INFO : EventManager : Event: ======'machine_var_audits_switches_s_start'====== Args={'value': 8, 'prev_value': None, 'change': True}
2026-03-03 12:23:25,388 : INFO : EventManager : Event: ======'machine_var_audits_switches_s_trough_1'====== Args={'value': 39, 'prev_value': None, 'change': True}
2026-03-03 12:23:25,388 : INFO : EventManager : Event: ======'machine_var_audits_switches_s_trough_2'====== Args={'value': 50, 'prev_value': None, 'change': True}
2026-03-03 12:23:25,389 : INFO : EventManager : Event: ======'machine_var_audits_switches_s_trough_3'====== Args={'value': 57, 'prev_value': None, 'change': True}
2026-03-03 12:23:25,389 : INFO : EventManager : Event: ======'machine_var_audits_switches_s_trough_4'====== Args={'value': 62, 'prev_value': None, 'change': True}
2026-03-03 12:23:25,389 : INFO : EventManager : Event: ======'machine_var_audits_switches_s_trough_5'====== Args={'value': 66, 'prev_value': None, 'change': True}
2026-03-03 12:23:25,389 : INFO : EventManager : Event: ======'machine_var_audits_switches_s_trough_6'====== Args={'value': 73, 'prev_value': None, 'change': True}
2026-03-03 12:23:25,389 : INFO : EventManager : Event: ======'machine_var_audits_switches_s_trough_7'====== Args={'value': 43, 'prev_value': None, 'change': True}
2026-03-03 12:23:25,390 : INFO : EventManager : Event: ======'init_phase_5'====== Args={}
2026-03-03 12:23:25,390 : INFO : EventManager : Event: ======'init_done'====== Args={}
2026-03-03 12:23:25,390 : INFO : EventManager : Event: ======'machine_reset_phase_1'====== Args={}
2026-03-03 12:23:25,424 : INFO : EventManager : Event: ======'machine_reset_phase_2'====== Args={}
2026-03-03 12:23:25,425 : INFO : EventManager : Event: ======'machine_reset_phase_3'====== Args={}
2026-03-03 12:23:25,425 : INFO : EventManager : Event: ======'reset_complete'====== Args={}
2026-03-03 12:23:25,426 : INFO : EventManager : Event: ======'mode_attract_will_start'====== Args={}
2026-03-03 12:23:25,426 : INFO : Timer.attract_carousel_timer : Starting Timer.
2026-03-03 12:23:25,427 : INFO : EventManager : Event: ======'timer_attract_carousel_timer_started'====== Args={'ticks': 0, 'ticks_remaining': 1}
2026-03-03 12:23:25,427 : INFO : EventManager : Event: ======'timer_attract_carousel_timer_tick'====== Args={'ticks': 0, 'ticks_remaining': 1}
2026-03-03 12:23:25,428 : INFO : EventManager : Event: ======'mode_attract_starting'====== Args={}
2026-03-03 12:23:25,428 : INFO : Mode.attract : Started. Priority: 10
2026-03-03 12:23:25,428 : INFO : EventManager : Event: ======'modes_active_modes_changed'====== Args={}
2026-03-03 12:23:25,428 : INFO : EventManager : Event: ======'mode_attract_started'====== Args={}
2026-03-03 12:23:25,429 : INFO : EventManager : Event: ======'collecting_balls_complete'====== Args={}
2026-03-03 12:23:25,430 : INFO : EventManager : Event: ======'carousel_item_highlighted'====== Args={'carousel': 'attract', 'direction': None, 'item': 'title'}
2026-03-03 12:23:25,431 : INFO : EventManager : Event: ======'timer_attract_carousel_timer_tick'====== Args={'ticks': 0, 'ticks_remaining': 1}
2026-03-03 12:23:25,431 : INFO : Machine : Starting the main run loop with active modes: [<Mode.attract>]
2026-03-03 12:23:25,626 : INFO : EventManager : Event: ======'slide_attract_created'====== Args={'_from_bcp': True}
2026-03-03 12:23:25,626 : INFO : EventManager : Event: ======'slide__removed'====== Args={'_from_bcp': True}
2026-03-03 12:23:25,627 : INFO : EventManager : Event: ======'slide_attract_active'====== Args={'original_context': 'attract', 'original_calling_context': 'mode_attract_started', 'priority': 10.0, 'cmd': 'slides_play', '_from_bcp': True}
2026-03-03 12:23:30,431 : INFO : Timer.attract_carousel_timer : Timer Complete
2026-03-03 12:23:30,431 : INFO : Timer.attract_carousel_timer : Stopping Timer
2026-03-03 12:23:30,431 : INFO : EventManager : Event: ======'timer_attract_carousel_timer_stopped'====== Args={'ticks': 1, 'ticks_remaining': 1}
2026-03-03 12:23:30,431 : INFO : EventManager : Event: ======'timer_attract_carousel_timer_complete'====== Args={'ticks': 1, 'ticks_remaining': 1}
2026-03-03 12:23:30,431 : INFO : EventManager : Event: ======'carousel_item_highlighted'====== Args={'carousel': 'attract', 'direction': 'forwards', 'item': 'credits'}
2026-03-03 12:23:30,432 : INFO : Timer.attract_carousel_timer : Starting Timer.
2026-03-03 12:23:30,432 : INFO : EventManager : Event: ======'timer_attract_carousel_timer_started'====== Args={'ticks': 0, 'ticks_remaining': 1}
2026-03-03 12:23:30,432 : INFO : EventManager : Event: ======'timer_attract_carousel_timer_tick'====== Args={'ticks': 0, 'ticks_remaining': 1}
2026-03-03 12:23:35,433 : INFO : Timer.attract_carousel_timer : Timer Complete
2026-03-03 12:23:35,433 : INFO : Timer.attract_carousel_timer : Stopping Timer
2026-03-03 12:23:35,433 : INFO : EventManager : Event: ======'timer_attract_carousel_timer_stopped'====== Args={'ticks': 1, 'ticks_remaining': 1}
2026-03-03 12:23:35,433 : INFO : EventManager : Event: ======'timer_attract_carousel_timer_complete'====== Args={'ticks': 1, 'ticks_remaining': 1}
2026-03-03 12:23:35,433 : INFO : EventManager : Event: ======'carousel_item_highlighted'====== Args={'carousel': 'attract', 'direction': 'forwards', 'item': 'last_scores_1p'}
2026-03-03 12:23:35,434 : INFO : Timer.attract_carousel_timer : Starting Timer.
2026-03-03 12:23:35,434 : INFO : EventManager : Event: ======'timer_attract_carousel_timer_started'====== Args={'ticks': 0, 'ticks_remaining': 1}
2026-03-03 12:23:35,434 : INFO : EventManager : Event: ======'timer_attract_carousel_timer_tick'====== Args={'ticks': 0, 'ticks_remaining': 1}
2026-03-03 12:23:40,434 : INFO : Timer.attract_carousel_timer : Timer Complete
2026-03-03 12:23:40,434 : INFO : Timer.attract_carousel_timer : Stopping Timer
2026-03-03 12:23:40,435 : INFO : EventManager : Event: ======'timer_attract_carousel_timer_stopped'====== Args={'ticks': 1, 'ticks_remaining': 1}
2026-03-03 12:23:40,435 : INFO : EventManager : Event: ======'timer_attract_carousel_timer_complete'====== Args={'ticks': 1, 'ticks_remaining': 1}
2026-03-03 12:23:40,435 : INFO : EventManager : Event: ======'carousel_item_highlighted'====== Args={'carousel': 'attract', 'direction': 'forwards', 'item': 'logo'}
2026-03-03 12:23:40,435 : INFO : Timer.attract_carousel_timer : Starting Timer.
2026-03-03 12:23:40,436 : INFO : EventManager : Event: ======'timer_attract_carousel_timer_started'====== Args={'ticks': 0, 'ticks_remaining': 1}
2026-03-03 12:23:40,436 : INFO : EventManager : Event: ======'timer_attract_carousel_timer_tick'====== Args={'ticks': 0, 'ticks_remaining': 1}
2026-03-03 12:23:41,189 : INFO : SwitchController : <<<<<<< 's_start' active >>>>>>>
2026-03-03 12:23:41,356 : INFO : SwitchController : <<<<<<< 's_start' inactive >>>>>>>
2026-03-03 12:23:41,357 : INFO : EventManager : Event: ======'request_to_start_game'====== Args={}
2026-03-03 12:23:41,357 : INFO : EventManager : Event: ======'game_start'====== Args={'buttons': [], 'hold_time': 0.16710974999296013}
2026-03-03 12:23:41,357 : INFO : EventManager : Event: ======'mode_game_will_start'====== Args={'buttons': [], 'hold_time': 0.16710974999296013}
2026-03-03 12:23:41,358 : INFO : EventManager : Event: ======'mode_game_starting'====== Args={'buttons': [], 'hold_time': 0.16710974999296013}
2026-03-03 12:23:41,358 : INFO : EventManager : Event: ======'mode_attract_will_stop'====== Args={}
2026-03-03 12:23:41,358 : INFO : EventManager : Event: ======'mode_attract_stopping'====== Args={}
2026-03-03 12:23:41,358 : INFO : Mode.attract : Stopped.
2026-03-03 12:23:41,358 : INFO : EventManager : Event: ======'modes_active_modes_changed'====== Args={}
2026-03-03 12:23:41,359 : INFO : EventManager : Event: ======'mode_attract_stopped'====== Args={}
2026-03-03 12:23:41,359 : INFO : EventManager : Event: ======'clear'====== Args={'key': 'attract'}
2026-03-03 12:23:41,359 : INFO : Timer.attract_carousel_timer : Stopping Timer
2026-03-03 12:23:41,359 : INFO : EventManager : Event: ======'timer_attract_carousel_timer_stopped'====== Args={'ticks': 0, 'ticks_remaining': 1}
2026-03-03 12:23:41,359 : INFO : Mode.game : Started. Priority: 20
2026-03-03 12:23:41,359 : INFO : EventManager : Event: ======'modes_active_modes_changed'====== Args={}
2026-03-03 12:23:41,359 : INFO : EventManager : Event: ======'mode_game_started'====== Args={'buttons': [], 'hold_time': 0.16710974999296013}
2026-03-03 12:23:41,360 : INFO : EventManager : Event: ======'game_will_start'====== Args={}
2026-03-03 12:23:41,360 : INFO : EventManager : Event: ======'game_starting'====== Args={'game': <Mode.game>}
2026-03-03 12:23:41,361 : INFO : EventManager : Unordered handler for class <Auditor> on event game_ended with priority 1. Handlers: [RegisteredHandler(callback=<bound method Auditor.disable of <Auditor>>, priority=1, kwargs={}, key=UUID('19138181-957a-4e95-871f-9d7b1450212c'), condition=None, blocking_facility=None), RegisteredHandler(callback=<bound method Auditor._save_audits of <Auditor>>, priority=1, kwargs={}, key=UUID('369ad2d3-3976-4b0a-a7e9-b446b5750d6a'), condition=None, blocking_facility=None)]. The order of those handlers is not defined and they will be executed in random order. This might lead to race conditions and potential bugs.
2026-03-03 12:23:41,361 : INFO : EventManager : Event: ======'player_add_request'====== Args={}
2026-03-03 12:23:41,362 : INFO : EventManager : Event: ======'player_will_add'====== Args={'number': 1}
2026-03-03 12:23:41,362 : INFO : EventManager : Event: ======'player_adding'====== Args={'player': <Player 1>, 'number': 1}
2026-03-03 12:23:41,362 : INFO : EventManager : Event: ======'player_added'====== Args={'player': <Player 1>, 'num': 1}
2026-03-03 12:23:41,362 : INFO : Mode.game : Player added successfully. Total players: 1
2026-03-03 12:23:41,362 : INFO : EventManager : Event: ======'player_index'====== Args={'value': 0, 'prev_value': 0, 'change': 0, 'player_num': 1}
2026-03-03 12:23:41,362 : INFO : EventManager : Event: ======'player_number'====== Args={'value': 1, 'prev_value': 1, 'change': 0, 'player_num': 1}
2026-03-03 12:23:41,363 : INFO : EventManager : Event: ======'player_score'====== Args={'value': 0, 'prev_value': 0, 'change': 0, 'player_num': 1}
2026-03-03 12:23:41,363 : INFO : EventManager : Event: ======'game_started'====== Args={}
2026-03-03 12:23:41,364 : INFO : EventManager : Event: ======'player_turn_will_start'====== Args={'player': <Player 1>, 'number': 1}
2026-03-03 12:23:41,370 : INFO : EventManager : Event: ======'player_turn_starting'====== Args={'player': <Player 1>, 'number': 1}
2026-03-03 12:23:41,379 : INFO : EventManager : Event: ======'player_ball'====== Args={'value': 1, 'prev_value': 0, 'change': 1, 'player_num': 1}
2026-03-03 12:23:41,380 : INFO : EventManager : Event: ======'player_turn_started'====== Args={'player': <Player 1>, 'number': 1}
2026-03-03 12:23:41,381 : INFO : EventManager : Event: ======'ball_will_start'====== Args={'player': 1, 'ball': 1, 'balls_remaining': 2, 'is_extra_ball': False}
2026-03-03 12:23:41,382 : INFO : EventManager : Event: ======'ball_starting'====== Args={'player': 1, 'ball': 1, 'balls_remaining': 2, 'is_extra_ball': False}
2026-03-03 12:23:41,382 : INFO : EventManager : Event: ======'mode_base_will_start'====== Args={'queue': <QueuedEvent>, 'player': 1, 'ball': 1, 'balls_remaining': 2, 'is_extra_ball': False}
2026-03-03 12:23:41,383 : INFO : EventManager : Event: ======'mode_base_starting'====== Args={'queue': <QueuedEvent>, 'player': 1, 'ball': 1, 'balls_remaining': 2, 'is_extra_ball': False}
2026-03-03 12:23:41,384 : INFO : Mode.base : Started. Priority: 100
2026-03-03 12:23:41,384 : INFO : EventManager : Event: ======'modes_active_modes_changed'====== Args={}
2026-03-03 12:23:41,384 : INFO : EventManager : Event: ======'mode_base_started'====== Args={'queue': <QueuedEvent>, 'player': 1, 'ball': 1, 'balls_remaining': 2, 'is_extra_ball': False}
2026-03-03 12:23:41,384 : INFO : EventManager : Event: ======'start_mode_bumpers'====== Args={'priority': 0}
2026-03-03 12:23:41,386 : INFO : EventManager : Event: ======'mode_bumpers_will_start'====== Args={'priority': 0}
2026-03-03 12:23:41,387 : INFO : EventManager : Event: ======'player_shot_shot_sling_left_enabled'====== Args={'value': True, 'prev_value': 0, 'change': 1, 'player_num': 1}
2026-03-03 12:23:41,388 : INFO : EventManager : Event: ======'player_shot_shot_sling_right_enabled'====== Args={'value': True, 'prev_value': 0, 'change': 1, 'player_num': 1}
2026-03-03 12:23:41,388 : INFO : EventManager : Event: ======'player_shot_shot_bumper_lower_enabled'====== Args={'value': True, 'prev_value': 0, 'change': 1, 'player_num': 1}
2026-03-03 12:23:41,389 : INFO : EventManager : Event: ======'player_shot_shot_bumper_upper_enabled'====== Args={'value': True, 'prev_value': 0, 'change': 1, 'player_num': 1}
2026-03-03 12:23:41,389 : INFO : EventManager : Event: ======'player_shot_shot_inlane_left_enabled'====== Args={'value': True, 'prev_value': 0, 'change': 1, 'player_num': 1}
2026-03-03 12:23:41,390 : INFO : EventManager : Event: ======'player_shot_shot_inlane_right_1_enabled'====== Args={'value': True, 'prev_value': 0, 'change': 1, 'player_num': 1}
2026-03-03 12:23:41,390 : INFO : EventManager : Event: ======'player_shot_shot_inlane_right_2_enabled'====== Args={'value': True, 'prev_value': 0, 'change': 1, 'player_num': 1}
2026-03-03 12:23:41,391 : INFO : EventManager : Event: ======'slings_complete'====== Args={'state': 'unlit'}
2026-03-03 12:23:41,391 : INFO : EventManager : Event: ======'slings_unlit_complete'====== Args={}
2026-03-03 12:23:41,391 : INFO : EventManager : Event: ======'bumpers_complete'====== Args={'state': 'unlit'}
2026-03-03 12:23:41,392 : INFO : EventManager : Event: ======'bumpers_unlit_complete'====== Args={}
2026-03-03 12:23:41,392 : INFO : EventManager : Event: ======'inlanes_complete'====== Args={'state': 'unlit'}
2026-03-03 12:23:41,392 : INFO : EventManager : Event: ======'inlanes_unlit_complete'====== Args={}
2026-03-03 12:23:41,394 : INFO : EventManager : Event: ======'mode_bumpers_starting'====== Args={'priority': 0}
2026-03-03 12:23:41,394 : INFO : Mode.bumpers : Started. Priority: 200
2026-03-03 12:23:41,394 : INFO : EventManager : Event: ======'modes_active_modes_changed'====== Args={}
2026-03-03 12:23:41,394 : INFO : EventManager : Event: ======'mode_bumpers_started'====== Args={'priority': 0}
2026-03-03 12:23:41,395 : INFO : EventManager : Event: ======'balls_in_play'====== Args={'balls': 1}
2026-03-03 12:23:41,395 : INFO : EventManager : Event: ======'ball_started'====== Args={'player': 1, 'ball': 1, 'balls_remaining': 2, 'is_extra_ball': False}
2026-03-03 12:23:41,399 : INFO : EventManager : Event: ======'single_player_ball_started'====== Args={}
2026-03-03 12:23:41,400 : INFO : EventManager : Event: ======'ball_start_target'====== Args={'target': 'playfield'}
2026-03-03 12:23:41,400 : INFO : ball_device.bd_plunger : Setting up player-controlled eject. Balls: 1, Target: <playfield.playfield>, player_controlled_eject_event: None
2026-03-03 12:23:41,400 : INFO : EventManager : Event: ======'balldevice_balls_available'====== Args={}
2026-03-03 12:23:41,401 : INFO : ball_device.bd_trough : State: waiting_for_target_ready
2026-03-03 12:23:41,402 : INFO : EventManager : Event: ======'balldevice_bd_trough_ball_eject_attempt'====== Args={'balls': 1, 'target': <ball_device.bd_plunger>, 'source': <ball_device.bd_trough>, 'mechanical_eject': True, 'num_attempts': 0}
2026-03-03 12:23:41,402 : INFO : ball_device.bd_plunger : State: waiting_for_ball
2026-03-03 12:23:41,402 : INFO : ball_device.bd_trough : State: ejecting
2026-03-03 12:23:41,403 : INFO : ball_device.bd_trough : Ejecting ball to <ball_device.bd_plunger>
2026-03-03 12:23:41,403 : INFO : EventManager : Event: ======'balldevice_bd_trough_ejecting_ball'====== Args={'balls': 1, 'target': <ball_device.bd_plunger>, 'source': <ball_device.bd_trough>, 'mechanical_eject': True, 'num_attempts': 0}
2026-03-03 12:23:41,404 : INFO : ball_device.bd_trough : Wait for ball to leave device
2026-03-03 12:23:41,404 : INFO : coil.c_trough_eject : Pulsing Driver for 20ms (1.0 pulse_power)
2026-03-03 12:23:41,492 : INFO : EventManager : Event: ======'slide_base_slide_created'====== Args={'_from_bcp': True}
2026-03-03 12:23:41,492 : INFO : EventManager : Event: ======'slide_attract_inactive'====== Args={'is_removing': True, '_from_bcp': True}
2026-03-03 12:23:41,493 : INFO : EventManager : Event: ======'slide_base_slide_active'====== Args={'original_context': 'base', 'original_calling_context': 'mode_base_started', 'priority': 100.0, 'queue': '<QueuedEvent>', 'player': 1.0, 'ball': 1.0, 'balls_remaining': 2.0, 'is_extra_ball': False, 'cmd': 'slides_play', '_from_bcp': True}
2026-03-03 12:23:41,493 : INFO : EventManager : Event: ======'slide_attract_removed'====== Args={'_from_bcp': True}
2026-03-03 12:23:44,404 : INFO : EventManager : Event: ======'balldevice_bd_trough_ball_eject_failed'====== Args={'target': <ball_device.bd_plunger>, 'balls': 1, 'retry': True, 'num_attempts': 1}
2026-03-03 12:23:44,405 : INFO : ball_device.bd_trough : State: waiting_for_target_ready
2026-03-03 12:23:44,406 : INFO : EventManager : Event: ======'balldevice_bd_trough_ball_eject_attempt'====== Args={'balls': 1, 'target': <ball_device.bd_plunger>, 'source': <ball_device.bd_trough>, 'mechanical_eject': True, 'num_attempts': 1}
2026-03-03 12:23:44,406 : INFO : ball_device.bd_trough : State: ejecting
2026-03-03 12:23:44,406 : INFO : ball_device.bd_trough : Ejecting ball to <ball_device.bd_plunger>
2026-03-03 12:23:44,406 : INFO : EventManager : Event: ======'balldevice_bd_trough_ejecting_ball'====== Args={'balls': 1, 'target': <ball_device.bd_plunger>, 'source': <ball_device.bd_trough>, 'mechanical_eject': True, 'num_attempts': 1}
2026-03-03 12:23:44,407 : INFO : ball_device.bd_trough : Wait for ball to leave device
2026-03-03 12:23:44,407 : INFO : coil.c_trough_eject : Pulsing Driver for 20ms (1.0 pulse_power)
2026-03-03 12:23:45,369 : INFO : SwitchController : <<<<<<< 's_trough_1' inactive >>>>>>>
2026-03-03 12:23:45,370 : INFO : ball_device.bd_trough : State: ball_left
2026-03-03 12:23:45,370 : INFO : ball_device.bd_trough : Ball left
2026-03-03 12:23:45,371 : INFO : ball_device.bd_trough : Wait for confirm with timeout 3.0
2026-03-03 12:23:45,371 : INFO : SwitchController : <<<<<<< 's_trough_7' active >>>>>>>
2026-03-03 12:23:45,371 : INFO : EventManager : Event: ======'machine_var_audits_switches_s_trough_7'====== Args={'value': 44, 'prev_value': 43, 'change': 1}
2026-03-03 12:23:45,418 : INFO : SwitchController : <<<<<<< 's_trough_5' inactive >>>>>>>
2026-03-03 12:23:45,420 : INFO : SwitchController : <<<<<<< 's_trough_4' inactive >>>>>>>
2026-03-03 12:23:45,423 : INFO : SwitchController : <<<<<<< 's_trough_2' inactive >>>>>>>
2026-03-03 12:23:45,423 : INFO : SwitchController : <<<<<<< 's_trough_3' inactive >>>>>>>
2026-03-03 12:23:45,432 : INFO : SwitchController : <<<<<<< 's_trough_4' active >>>>>>>
2026-03-03 12:23:45,432 : INFO : EventManager : Event: ======'machine_var_audits_switches_s_trough_4'====== Args={'value': 63, 'prev_value': 62, 'change': 1}
2026-03-03 12:23:45,432 : INFO : SwitchController : <<<<<<< 's_trough_5' active >>>>>>>
2026-03-03 12:23:45,432 : INFO : EventManager : Event: ======'machine_var_audits_switches_s_trough_5'====== Args={'value': 67, 'prev_value': 66, 'change': 1}
2026-03-03 12:23:45,433 : INFO : SwitchController : <<<<<<< 's_trough_1' active >>>>>>>
2026-03-03 12:23:45,433 : INFO : EventManager : Event: ======'machine_var_audits_switches_s_trough_1'====== Args={'value': 40, 'prev_value': 39, 'change': 1}
2026-03-03 12:23:45,433 : INFO : SwitchController : <<<<<<< 's_trough_2' active >>>>>>>
2026-03-03 12:23:45,434 : INFO : EventManager : Event: ======'machine_var_audits_switches_s_trough_2'====== Args={'value': 51, 'prev_value': 50, 'change': 1}
2026-03-03 12:23:45,434 : INFO : SwitchController : <<<<<<< 's_trough_3' active >>>>>>>
2026-03-03 12:23:45,434 : INFO : EventManager : Event: ======'machine_var_audits_switches_s_trough_3'====== Args={'value': 58, 'prev_value': 57, 'change': 1}
2026-03-03 12:23:45,477 : INFO : SwitchController : <<<<<<< 's_trough_6' inactive >>>>>>>
2026-03-03 12:23:46,356 : INFO : SwitchController : <<<<<<< 's_trough_3' inactive >>>>>>>
2026-03-03 12:23:46,357 : INFO : SwitchController : <<<<<<< 's_trough_4' inactive >>>>>>>
2026-03-03 12:23:46,357 : INFO : SwitchController : <<<<<<< 's_trough_5' inactive >>>>>>>
2026-03-03 12:23:46,363 : INFO : SwitchController : <<<<<<< 's_trough_4' active >>>>>>>
2026-03-03 12:23:46,363 : INFO : EventManager : Event: ======'machine_var_audits_switches_s_trough_4'====== Args={'value': 64, 'prev_value': 63, 'change': 1}
2026-03-03 12:23:46,364 : INFO : SwitchController : <<<<<<< 's_trough_5' active >>>>>>>
2026-03-03 12:23:46,364 : INFO : EventManager : Event: ======'machine_var_audits_switches_s_trough_5'====== Args={'value': 68, 'prev_value': 67, 'change': 1}
2026-03-03 12:23:46,365 : INFO : SwitchController : <<<<<<< 's_trough_6' active >>>>>>>
2026-03-03 12:23:46,365 : INFO : EventManager : Event: ======'machine_var_audits_switches_s_trough_6'====== Args={'value': 74, 'prev_value': 73, 'change': 1}
2026-03-03 12:23:46,423 : INFO : SwitchController : <<<<<<< 's_trough_4' inactive >>>>>>>
2026-03-03 12:23:46,423 : INFO : SwitchController : <<<<<<< 's_trough_5' inactive >>>>>>>
2026-03-03 12:23:46,423 : INFO : SwitchController : <<<<<<< 's_trough_6' inactive >>>>>>>
2026-03-03 12:23:46,432 : INFO : SwitchController : <<<<<<< 's_trough_5' active >>>>>>>
2026-03-03 12:23:46,432 : INFO : EventManager : Event: ======'machine_var_audits_switches_s_trough_5'====== Args={'value': 69, 'prev_value': 68, 'change': 1}
2026-03-03 12:23:46,432 : INFO : SwitchController : <<<<<<< 's_trough_6' active >>>>>>>
2026-03-03 12:23:46,432 : INFO : EventManager : Event: ======'machine_var_audits_switches_s_trough_6'====== Args={'value': 75, 'prev_value': 74, 'change': 1}
2026-03-03 12:23:46,550 : INFO : SwitchController : <<<<<<< 's_trough_6' inactive >>>>>>>
2026-03-03 12:23:46,552 : INFO : SwitchController : <<<<<<< 's_trough_5' inactive >>>>>>>
2026-03-03 12:23:46,590 : INFO : SwitchController : <<<<<<< 's_trough_5' active >>>>>>>
2026-03-03 12:23:46,590 : INFO : EventManager : Event: ======'machine_var_audits_switches_s_trough_5'====== Args={'value': 70, 'prev_value': 69, 'change': 1}
2026-03-03 12:23:46,608 : INFO : SwitchController : <<<<<<< 's_trough_6' active >>>>>>>
2026-03-03 12:23:46,608 : INFO : EventManager : Event: ======'machine_var_audits_switches_s_trough_6'====== Args={'value': 76, 'prev_value': 75, 'change': 1}
2026-03-03 12:23:46,740 : INFO : SwitchController : <<<<<<< 's_trough_5' inactive >>>>>>>
2026-03-03 12:23:46,753 : INFO : SwitchController : <<<<<<< 's_trough_4' active >>>>>>>
2026-03-03 12:23:46,754 : INFO : EventManager : Event: ======'machine_var_audits_switches_s_trough_4'====== Args={'value': 65, 'prev_value': 64, 'change': 1}
2026-03-03 12:23:46,767 : INFO : SwitchController : <<<<<<< 's_trough_6' inactive >>>>>>>
2026-03-03 12:23:46,781 : INFO : SwitchController : <<<<<<< 's_trough_5' active >>>>>>>
2026-03-03 12:23:46,781 : INFO : EventManager : Event: ======'machine_var_audits_switches_s_trough_5'====== Args={'value': 71, 'prev_value': 70, 'change': 1}
2026-03-03 12:23:46,781 : INFO : SwitchController : <<<<<<< 's_trough_6' active >>>>>>>
2026-03-03 12:23:46,782 : INFO : EventManager : Event: ======'machine_var_audits_switches_s_trough_6'====== Args={'value': 77, 'prev_value': 76, 'change': 1}
2026-03-03 12:23:46,826 : INFO : SwitchController : <<<<<<< 's_trough_4' inactive >>>>>>>
2026-03-03 12:23:46,834 : INFO : SwitchController : <<<<<<< 's_trough_3' active >>>>>>>
2026-03-03 12:23:46,834 : INFO : EventManager : Event: ======'machine_var_audits_switches_s_trough_3'====== Args={'value': 59, 'prev_value': 58, 'change': 1}
2026-03-03 12:23:46,857 : INFO : SwitchController : <<<<<<< 's_trough_5' inactive >>>>>>>
2026-03-03 12:23:46,858 : INFO : SwitchController : <<<<<<< 's_trough_6' inactive >>>>>>>
2026-03-03 12:23:46,866 : INFO : SwitchController : <<<<<<< 's_trough_4' active >>>>>>>
2026-03-03 12:23:46,866 : INFO : EventManager : Event: ======'machine_var_audits_switches_s_trough_4'====== Args={'value': 66, 'prev_value': 65, 'change': 1}
2026-03-03 12:23:46,867 : INFO : SwitchController : <<<<<<< 's_trough_5' active >>>>>>>
2026-03-03 12:23:46,867 : INFO : EventManager : Event: ======'machine_var_audits_switches_s_trough_5'====== Args={'value': 72, 'prev_value': 71, 'change': 1}
2026-03-03 12:23:46,893 : INFO : SwitchController : <<<<<<< 's_inlane_right_1' inactive >>>>>>>
2026-03-03 12:23:46,903 : INFO : SwitchController : <<<<<<< 's_inlane_right_1' active >>>>>>>
2026-03-03 12:23:46,903 : INFO : EventManager : Event: ======'playfield_active'====== Args={'source': 'shot_inlane_right_1'}
2026-03-03 12:23:46,903 : INFO : EventManager : Event: ======'unexpected_ball_on_playfield'====== Args={}
2026-03-03 12:23:46,903 : INFO : EventManager : Event: ======'s_inlane_right_1_active'====== Args={}
2026-03-03 12:23:46,903 : INFO : EventManager : Event: ======'sw_playfield_active'====== Args={}
2026-03-03 12:23:46,903 : INFO : EventManager : Event: ======'machine_var_audits_switches_s_inlane_right_1'====== Args={'value': 1147, 'prev_value': 1146, 'change': 1}
2026-03-03 12:23:46,904 : INFO : EventManager : Event: ======'player_shot_shot_inlane_right_1'====== Args={'value': 1, 'prev_value': 0, 'change': 1, 'player_num': 1}
2026-03-03 12:23:46,905 : INFO : EventManager : Event: ======'machine_var_audits_shots_shot_inlane_right_1'====== Args={'value': 815, 'prev_value': 814, 'change': 1}
2026-03-03 12:23:46,905 : INFO : EventManager : Event: ======'shot_inlane_right_1_hit'====== Args={'profile': 'default', 'state': 'unlit', 'advancing': True}
2026-03-03 12:23:46,905 : INFO : EventManager : Event: ======'shot_inlane_right_1_default_hit'====== Args={'profile': 'default', 'state': 'unlit', 'advancing': True}
2026-03-03 12:23:46,905 : INFO : EventManager : Event: ======'shot_inlane_right_1_default_unlit_hit'====== Args={'profile': 'default', 'state': 'unlit', 'advancing': True}
2026-03-03 12:23:46,905 : INFO : EventManager : Event: ======'shot_inlane_right_1_unlit_hit'====== Args={'profile': 'default', 'state': 'unlit', 'advancing': True}
2026-03-03 12:23:46,905 : INFO : EventManager : Event: ======'inlanes_hit'====== Args={'shot': 'shot_inlane_right_1'}
2026-03-03 12:23:46,906 : INFO : EventManager : Event: ======'inlanes_unlit_hit'====== Args={'shot': 'shot_inlane_right_1'}
2026-03-03 12:23:46,906 : INFO : EventManager : Event: ======'player_initial_value'====== Args={'value': 0, 'prev_value': 0, 'change': 0, 'player_num': 1, 'source': 'bumpers'}
2026-03-03 12:23:46,906 : INFO : EventManager : Event: ======'player_score'====== Args={'value': 10, 'prev_value': 0, 'change': 10, 'player_num': 1, 'source': 'bumpers'}
2026-03-03 12:23:46,907 : INFO : EventManager : Event: ======'playfield_active'====== Args={'source': None}
2026-03-03 12:23:46,908 : INFO : EventManager : Event: ======'unexpected_ball_on_playfield'====== Args={}
2026-03-03 12:23:48,011 : INFO : SwitchController : <<<<<<< 's_trough_2' inactive >>>>>>>
2026-03-03 12:23:48,013 : INFO : SwitchController : <<<<<<< 's_trough_3' inactive >>>>>>>
2026-03-03 12:23:48,014 : INFO : SwitchController : <<<<<<< 's_trough_1' inactive >>>>>>>
2026-03-03 12:23:48,016 : INFO : SwitchController : <<<<<<< 's_trough_4' inactive >>>>>>>
2026-03-03 12:23:48,016 : INFO : SwitchController : <<<<<<< 's_trough_5' inactive >>>>>>>
2026-03-03 12:23:48,036 : INFO : SwitchController : <<<<<<< 's_trough_2' active >>>>>>>
2026-03-03 12:23:48,036 : INFO : EventManager : Event: ======'machine_var_audits_switches_s_trough_2'====== Args={'value': 52, 'prev_value': 51, 'change': 1}
2026-03-03 12:23:48,039 : INFO : SwitchController : <<<<<<< 's_trough_3' active >>>>>>>
2026-03-03 12:23:48,039 : INFO : EventManager : Event: ======'machine_var_audits_switches_s_trough_3'====== Args={'value': 60, 'prev_value': 59, 'change': 1}
2026-03-03 12:23:48,044 : INFO : SwitchController : <<<<<<< 's_trough_4' active >>>>>>>
2026-03-03 12:23:48,044 : INFO : EventManager : Event: ======'machine_var_audits_switches_s_trough_4'====== Args={'value': 67, 'prev_value': 66, 'change': 1}
2026-03-03 12:23:48,049 : INFO : SwitchController : <<<<<<< 's_trough_5' active >>>>>>>
2026-03-03 12:23:48,050 : INFO : EventManager : Event: ======'machine_var_audits_switches_s_trough_5'====== Args={'value': 73, 'prev_value': 72, 'change': 1}
2026-03-03 12:23:48,050 : INFO : SwitchController : <<<<<<< 's_trough_6' active >>>>>>>
2026-03-03 12:23:48,050 : INFO : EventManager : Event: ======'machine_var_audits_switches_s_trough_6'====== Args={'value': 78, 'prev_value': 77, 'change': 1}
2026-03-03 12:23:48,338 : INFO : SwitchController : <<<<<<< 's_trough_2' inactive >>>>>>>
2026-03-03 12:23:48,338 : INFO : SwitchController : <<<<<<< 's_trough_3' inactive >>>>>>>
2026-03-03 12:23:48,339 : INFO : SwitchController : <<<<<<< 's_trough_4' inactive >>>>>>>
2026-03-03 12:23:48,339 : INFO : SwitchController : <<<<<<< 's_trough_5' inactive >>>>>>>
2026-03-03 12:23:48,339 : INFO : SwitchController : <<<<<<< 's_trough_6' inactive >>>>>>>
2026-03-03 12:23:48,340 : INFO : SwitchController : <<<<<<< 's_trough_7' inactive >>>>>>>
2026-03-03 12:23:48,347 : INFO : SwitchController : <<<<<<< 's_trough_3' active >>>>>>>
2026-03-03 12:23:48,347 : INFO : EventManager : Event: ======'machine_var_audits_switches_s_trough_3'====== Args={'value': 61, 'prev_value': 60, 'change': 1}
2026-03-03 12:23:48,352 : INFO : SwitchController : <<<<<<< 's_trough_4' active >>>>>>>
2026-03-03 12:23:48,352 : INFO : EventManager : Event: ======'machine_var_audits_switches_s_trough_4'====== Args={'value': 68, 'prev_value': 67, 'change': 1}
2026-03-03 12:23:48,352 : INFO : SwitchController : <<<<<<< 's_trough_5' active >>>>>>>
2026-03-03 12:23:48,352 : INFO : EventManager : Event: ======'machine_var_audits_switches_s_trough_5'====== Args={'value': 74, 'prev_value': 73, 'change': 1}
2026-03-03 12:23:48,353 : INFO : SwitchController : <<<<<<< 's_trough_6' active >>>>>>>
2026-03-03 12:23:48,353 : INFO : EventManager : Event: ======'machine_var_audits_switches_s_trough_6'====== Args={'value': 79, 'prev_value': 78, 'change': 1}
2026-03-03 12:23:48,372 : INFO : ball_device.bd_trough : State: failed_confirm
2026-03-03 12:23:48,372 : INFO : ball_device.bd_trough : Got timeout (3.0s) before confirm from <ball_device.bd_plunger>
2026-03-03 12:23:48,373 : INFO : ball_device.bd_plunger : Expecting incoming ball which may skip the device.
2026-03-03 12:23:48,373 : INFO : EventManager : Event: ======'balldevice_bd_plunger_ejecting_ball'====== Args={'balls': 1, 'target': <playfield.playfield>, 'source': <ball_device.bd_plunger>, 'mechanical_eject': False, 'num_attempts': 1}
2026-03-03 12:23:48,373 : INFO : ball_device.bd_trough : Got unknown balls. Assuming a ball returned.
2026-03-03 12:23:48,373 : INFO : EventManager : Event: ======'balldevice_bd_trough_ball_eject_failed'====== Args={'target': <ball_device.bd_plunger>, 'balls': 1, 'retry': True, 'num_attempts': 2}
2026-03-03 12:23:48,374 : INFO : EventManager : Event: ======'balldevice_bd_plunger_ball_eject_failed'====== Args={'target': <playfield.playfield>, 'balls': 1, 'retry': True, 'num_attempts': 1}
2026-03-03 12:23:48,375 : INFO : ball_device.bd_plunger : No longer expecting incoming ball which may skip the device.
2026-03-03 12:23:48,376 : INFO : ball_device.bd_plunger : State: waiting_for_ball
2026-03-03 12:23:48,404 : INFO : SwitchController : <<<<<<< 's_trough_2' active >>>>>>>
2026-03-03 12:23:48,404 : INFO : EventManager : Event: ======'machine_var_audits_switches_s_trough_2'====== Args={'value': 53, 'prev_value': 52, 'change': 1}
2026-03-03 12:23:48,408 : INFO : SwitchController : <<<<<<< 's_trough_7' active >>>>>>>
2026-03-03 12:23:48,409 : INFO : EventManager : Event: ======'machine_var_audits_switches_s_trough_7'====== Args={'value': 45, 'prev_value': 44, 'change': 1}
2026-03-03 12:23:48,440 : INFO : SwitchController : <<<<<<< 's_trough_7' inactive >>>>>>>
2026-03-03 12:23:48,623 : INFO : SwitchController : <<<<<<< 's_trough_2' inactive >>>>>>>
2026-03-03 12:23:48,624 : INFO : SwitchController : <<<<<<< 's_trough_4' inactive >>>>>>>
2026-03-03 12:23:48,624 : INFO : SwitchController : <<<<<<< 's_trough_5' inactive >>>>>>>
2026-03-03 12:23:48,625 : INFO : SwitchController : <<<<<<< 's_trough_3' inactive >>>>>>>
2026-03-03 12:23:48,637 : INFO : SwitchController : <<<<<<< 's_trough_1' active >>>>>>>
2026-03-03 12:23:48,637 : INFO : EventManager : Event: ======'machine_var_audits_switches_s_trough_1'====== Args={'value': 41, 'prev_value': 40, 'change': 1}
2026-03-03 12:23:48,638 : INFO : SwitchController : <<<<<<< 's_trough_6' inactive >>>>>>>
2026-03-03 12:23:48,639 : INFO : SwitchController : <<<<<<< 's_trough_2' active >>>>>>>
2026-03-03 12:23:48,639 : INFO : EventManager : Event: ======'machine_var_audits_switches_s_trough_2'====== Args={'value': 54, 'prev_value': 53, 'change': 1}
2026-03-03 12:23:48,640 : INFO : SwitchController : <<<<<<< 's_trough_4' active >>>>>>>
2026-03-03 12:23:48,640 : INFO : EventManager : Event: ======'machine_var_audits_switches_s_trough_4'====== Args={'value': 69, 'prev_value': 68, 'change': 1}
2026-03-03 12:23:48,640 : INFO : SwitchController : <<<<<<< 's_trough_3' active >>>>>>>
2026-03-03 12:23:48,641 : INFO : EventManager : Event: ======'machine_var_audits_switches_s_trough_3'====== Args={'value': 62, 'prev_value': 61, 'change': 1}
2026-03-03 12:23:48,652 : INFO : SwitchController : <<<<<<< 's_trough_5' active >>>>>>>
2026-03-03 12:23:48,652 : INFO : EventManager : Event: ======'machine_var_audits_switches_s_trough_5'====== Args={'value': 75, 'prev_value': 74, 'change': 1}
2026-03-03 12:23:48,698 : INFO : SwitchController : <<<<<<< 's_trough_6' active >>>>>>>
2026-03-03 12:23:48,698 : INFO : EventManager : Event: ======'machine_var_audits_switches_s_trough_6'====== Args={'value': 80, 'prev_value': 79, 'change': 1}
2026-03-03 12:23:49,199 : INFO : ball_device.bd_trough : State: waiting_for_target_ready
2026-03-03 12:23:49,199 : INFO : EventManager : Event: ======'balldevice_bd_trough_ball_eject_attempt'====== Args={'balls': 1, 'target': <ball_device.bd_plunger>, 'source': <ball_device.bd_trough>, 'mechanical_eject': True, 'num_attempts': 2}
2026-03-03 12:23:49,199 : INFO : ball_device.bd_trough : State: ejecting
2026-03-03 12:23:49,199 : INFO : ball_device.bd_trough : Ejecting ball to <ball_device.bd_plunger>
2026-03-03 12:23:49,199 : INFO : EventManager : Event: ======'balldevice_bd_trough_ejecting_ball'====== Args={'balls': 1, 'target': <ball_device.bd_plunger>, 'source': <ball_device.bd_trough>, 'mechanical_eject': True, 'num_attempts': 2}
2026-03-03 12:23:49,200 : INFO : ball_device.bd_trough : Wait for ball to leave device
2026-03-03 12:23:49,201 : INFO : coil.c_trough_eject : Pulsing Driver for 20ms (1.0 pulse_power)
2026-03-03 12:23:52,202 : INFO : EventManager : Event: ======'balldevice_bd_trough_ball_eject_failed'====== Args={'target': <ball_device.bd_plunger>, 'balls': 1, 'retry': True, 'num_attempts': 3}
2026-03-03 12:23:52,203 : INFO : ball_device.bd_trough : State: waiting_for_target_ready
2026-03-03 12:23:52,203 : INFO : EventManager : Event: ======'balldevice_bd_trough_ball_eject_attempt'====== Args={'balls': 1, 'target': <ball_device.bd_plunger>, 'source': <ball_device.bd_trough>, 'mechanical_eject': True, 'num_attempts': 3}
2026-03-03 12:23:52,203 : INFO : ball_device.bd_trough : State: ejecting
2026-03-03 12:23:52,204 : INFO : ball_device.bd_trough : Ejecting ball to <ball_device.bd_plunger>
2026-03-03 12:23:52,204 : INFO : EventManager : Event: ======'balldevice_bd_trough_ejecting_ball'====== Args={'balls': 1, 'target': <ball_device.bd_plunger>, 'source': <ball_device.bd_trough>, 'mechanical_eject': True, 'num_attempts': 3}
2026-03-03 12:23:52,204 : INFO : ball_device.bd_trough : Wait for ball to leave device
2026-03-03 12:23:52,205 : INFO : coil.c_trough_eject : Pulsing Driver for 20ms (1.0 pulse_power)
2026-03-03 12:23:55,206 : INFO : EventManager : Event: ======'balldevice_bd_trough_ball_eject_failed'====== Args={'target': <ball_device.bd_plunger>, 'balls': 1, 'retry': True, 'num_attempts': 4}
2026-03-03 12:23:55,206 : INFO : ball_device.bd_trough : State: waiting_for_target_ready
2026-03-03 12:23:55,207 : INFO : EventManager : Event: ======'balldevice_bd_trough_ball_eject_attempt'====== Args={'balls': 1, 'target': <ball_device.bd_plunger>, 'source': <ball_device.bd_trough>, 'mechanical_eject': True, 'num_attempts': 4}
2026-03-03 12:23:55,207 : INFO : ball_device.bd_trough : State: ejecting
2026-03-03 12:23:55,207 : INFO : ball_device.bd_trough : Ejecting ball to <ball_device.bd_plunger>
2026-03-03 12:23:55,207 : INFO : EventManager : Event: ======'balldevice_bd_trough_ejecting_ball'====== Args={'balls': 1, 'target': <ball_device.bd_plunger>, 'source': <ball_device.bd_trough>, 'mechanical_eject': True, 'num_attempts': 4}
2026-03-03 12:23:55,208 : INFO : ball_device.bd_trough : Wait for ball to leave device
2026-03-03 12:23:55,208 : INFO : coil.c_trough_eject : Pulsing Driver for 20ms (1.0 pulse_power)
2026-03-03 12:23:58,210 : INFO : EventManager : Event: ======'balldevice_bd_trough_ball_eject_failed'====== Args={'target': <ball_device.bd_plunger>, 'balls': 1, 'retry': True, 'num_attempts': 5}
2026-03-03 12:23:58,211 : INFO : ball_device.bd_trough : State: waiting_for_target_ready
2026-03-03 12:23:58,211 : INFO : EventManager : Event: ======'balldevice_bd_trough_ball_eject_attempt'====== Args={'balls': 1, 'target': <ball_device.bd_plunger>, 'source': <ball_device.bd_trough>, 'mechanical_eject': True, 'num_attempts': 5}
2026-03-03 12:23:58,211 : INFO : ball_device.bd_trough : State: ejecting
2026-03-03 12:23:58,211 : INFO : ball_device.bd_trough : Ejecting ball to <ball_device.bd_plunger>
2026-03-03 12:23:58,211 : INFO : EventManager : Event: ======'balldevice_bd_trough_ejecting_ball'====== Args={'balls': 1, 'target': <ball_device.bd_plunger>, 'source': <ball_device.bd_trough>, 'mechanical_eject': True, 'num_attempts': 5}
2026-03-03 12:23:58,212 : INFO : ball_device.bd_trough : Wait for ball to leave device
2026-03-03 12:23:58,212 : INFO : coil.c_trough_eject : Pulsing Driver for 20ms (1.0 pulse_power)
2026-03-03 12:23:58,235 : INFO : SwitchController : <<<<<<< 's_trough_1' inactive >>>>>>>
2026-03-03 12:23:58,235 : INFO : SwitchController : <<<<<<< 's_trough_7' active >>>>>>>
2026-03-03 12:23:58,235 : INFO : EventManager : Event: ======'machine_var_audits_switches_s_trough_7'====== Args={'value': 46, 'prev_value': 45, 'change': 1}
2026-03-03 12:23:58,245 : INFO : ball_device.bd_trough : State: ball_left
2026-03-03 12:23:58,245 : INFO : ball_device.bd_trough : Ball left
2026-03-03 12:23:58,245 : INFO : ball_device.bd_trough : Wait for confirm with timeout 3.0
2026-03-03 12:23:58,251 : INFO : SwitchController : <<<<<<< 's_trough_7' inactive >>>>>>>
2026-03-03 12:23:58,295 : INFO : SwitchController : <<<<<<< 's_inlane_right_1' inactive >>>>>>>
2026-03-03 12:23:58,303 : INFO : SwitchController : <<<<<<< 's_inlane_right_1' active >>>>>>>
2026-03-03 12:23:58,303 : INFO : EventManager : Event: ======'playfield_active'====== Args={'source': 'shot_inlane_right_1'}
2026-03-03 12:23:58,303 : INFO : EventManager : Event: ======'unexpected_ball_on_playfield'====== Args={}
2026-03-03 12:23:58,303 : INFO : EventManager : Event: ======'s_inlane_right_1_active'====== Args={}
2026-03-03 12:23:58,303 : INFO : EventManager : Event: ======'sw_playfield_active'====== Args={}
2026-03-03 12:23:58,303 : INFO : EventManager : Event: ======'machine_var_audits_switches_s_inlane_right_1'====== Args={'value': 1148, 'prev_value': 1147, 'change': 1}
2026-03-03 12:23:58,304 : INFO : EventManager : Event: ======'machine_var_audits_shots_shot_inlane_right_1'====== Args={'value': 816, 'prev_value': 815, 'change': 1}
2026-03-03 12:23:58,305 : INFO : EventManager : Event: ======'shot_inlane_right_1_hit'====== Args={'profile': 'default', 'state': 'lit', 'advancing': False}
2026-03-03 12:23:58,305 : INFO : EventManager : Event: ======'shot_inlane_right_1_default_hit'====== Args={'profile': 'default', 'state': 'lit', 'advancing': False}
2026-03-03 12:23:58,305 : INFO : EventManager : Event: ======'shot_inlane_right_1_default_lit_hit'====== Args={'profile': 'default', 'state': 'lit', 'advancing': False}
2026-03-03 12:23:58,305 : INFO : EventManager : Event: ======'shot_inlane_right_1_lit_hit'====== Args={'profile': 'default', 'state': 'lit', 'advancing': False}
2026-03-03 12:23:58,305 : INFO : EventManager : Event: ======'inlanes_hit'====== Args={'shot': 'shot_inlane_right_1'}
2026-03-03 12:23:58,305 : INFO : EventManager : Event: ======'inlanes_lit_hit'====== Args={'shot': 'shot_inlane_right_1'}
2026-03-03 12:23:58,305 : INFO : EventManager : Event: ======'player_score'====== Args={'value': 20, 'prev_value': 10, 'change': 10, 'player_num': 1, 'source': 'bumpers'}
2026-03-03 12:23:58,307 : INFO : EventManager : Event: ======'playfield_active'====== Args={'source': None}
2026-03-03 12:23:58,307 : INFO : EventManager : Event: ======'unexpected_ball_on_playfield'====== Args={}
2026-03-03 12:23:58,354 : INFO : SwitchController : <<<<<<< 's_trough_2' inactive >>>>>>>
2026-03-03 12:23:58,356 : INFO : SwitchController : <<<<<<< 's_trough_3' inactive >>>>>>>
2026-03-03 12:23:58,356 : INFO : SwitchController : <<<<<<< 's_trough_4' inactive >>>>>>>
2026-03-03 12:23:58,356 : INFO : SwitchController : <<<<<<< 's_trough_6' inactive >>>>>>>
2026-03-03 12:23:58,357 : INFO : SwitchController : <<<<<<< 's_trough_5' inactive >>>>>>>
2026-03-03 12:23:58,374 : INFO : SwitchController : <<<<<<< 's_trough_1' active >>>>>>>
2026-03-03 12:23:58,374 : INFO : EventManager : Event: ======'machine_var_audits_switches_s_trough_1'====== Args={'value': 42, 'prev_value': 41, 'change': 1}
2026-03-03 12:23:58,375 : INFO : SwitchController : <<<<<<< 's_trough_2' active >>>>>>>
2026-03-03 12:23:58,375 : INFO : EventManager : Event: ======'machine_var_audits_switches_s_trough_2'====== Args={'value': 55, 'prev_value': 54, 'change': 1}
2026-03-03 12:23:58,377 : INFO : SwitchController : <<<<<<< 's_trough_3' active >>>>>>>
2026-03-03 12:23:58,377 : INFO : EventManager : Event: ======'machine_var_audits_switches_s_trough_3'====== Args={'value': 63, 'prev_value': 62, 'change': 1}
2026-03-03 12:23:58,379 : INFO : SwitchController : <<<<<<< 's_trough_4' active >>>>>>>
2026-03-03 12:23:58,379 : INFO : EventManager : Event: ======'machine_var_audits_switches_s_trough_4'====== Args={'value': 70, 'prev_value': 69, 'change': 1}
2026-03-03 12:23:58,380 : INFO : SwitchController : <<<<<<< 's_trough_5' active >>>>>>>
2026-03-03 12:23:58,380 : INFO : EventManager : Event: ======'machine_var_audits_switches_s_trough_5'====== Args={'value': 76, 'prev_value': 75, 'change': 1}
2026-03-03 12:24:01,246 : INFO : ball_device.bd_trough : State: failed_confirm
2026-03-03 12:24:01,246 : INFO : ball_device.bd_trough : Got timeout (3.0s) before confirm from <ball_device.bd_plunger>
2026-03-03 12:24:01,247 : INFO : ball_device.bd_plunger : Expecting incoming ball which may skip the device.
2026-03-03 12:24:01,247 : INFO : EventManager : Event: ======'balldevice_bd_plunger_ejecting_ball'====== Args={'balls': 1, 'target': <playfield.playfield>, 'source': <ball_device.bd_plunger>, 'mechanical_eject': False, 'num_attempts': 1}
2026-03-03 12:24:01,259 : INFO : SwitchController : <<<<<<< 's_flipper_right_upper' active >>>>>>>
2026-03-03 12:24:01,259 : INFO : EventManager : Event: ======'machine_var_audits_switches_s_flipper_right_upper'====== Args={'value': 464, 'prev_value': 463, 'change': 1}
2026-03-03 12:24:01,268 : INFO : SwitchController : <<<<<<< 's_flipper_right_lower' active >>>>>>>
2026-03-03 12:24:01,268 : INFO : EventManager : Event: ======'machine_var_audits_switches_s_flipper_right_lower'====== Args={'value': 757, 'prev_value': 756, 'change': 1}
2026-03-03 12:24:01,268 : INFO : SwitchController : <<<<<<< 's_flipper_right_lower' inactive >>>>>>>
2026-03-03 12:24:01,268 : INFO : SwitchController : <<<<<<< 's_flipper_right_lower' active >>>>>>>
2026-03-03 12:24:01,269 : INFO : EventManager : Event: ======'machine_var_audits_switches_s_flipper_right_lower'====== Args={'value': 758, 'prev_value': 757, 'change': 1}
2026-03-03 12:24:01,283 : INFO : SwitchController : <<<<<<< 's_flipper_right_upper_eos' active >>>>>>>
2026-03-03 12:24:01,283 : INFO : EventManager : Event: ======'machine_var_audits_switches_s_flipper_right_upper_eos'====== Args={'value': 301, 'prev_value': 300, 'change': 1}
2026-03-03 12:24:01,285 : INFO : SwitchController : <<<<<<< 's_inlane_right_1' inactive >>>>>>>
2026-03-03 12:24:01,290 : INFO : SwitchController : <<<<<<< 's_inlane_right_1' active >>>>>>>
2026-03-03 12:24:01,290 : INFO : EventManager : Event: ======'playfield_active'====== Args={'source': 'shot_inlane_right_1'}
2026-03-03 12:24:01,290 : INFO : EventManager : Event: ======'s_inlane_right_1_active'====== Args={}
2026-03-03 12:24:01,290 : INFO : EventManager : Event: ======'sw_playfield_active'====== Args={}
2026-03-03 12:24:01,290 : INFO : EventManager : Event: ======'machine_var_audits_switches_s_inlane_right_1'====== Args={'value': 1149, 'prev_value': 1148, 'change': 1}
2026-03-03 12:24:01,291 : INFO : EventManager : Event: ======'machine_var_audits_shots_shot_inlane_right_1'====== Args={'value': 817, 'prev_value': 816, 'change': 1}
2026-03-03 12:24:01,291 : INFO : EventManager : Event: ======'shot_inlane_right_1_hit'====== Args={'profile': 'default', 'state': 'lit', 'advancing': False}
2026-03-03 12:24:01,291 : INFO : EventManager : Event: ======'shot_inlane_right_1_default_hit'====== Args={'profile': 'default', 'state': 'lit', 'advancing': False}
2026-03-03 12:24:01,291 : INFO : EventManager : Event: ======'shot_inlane_right_1_default_lit_hit'====== Args={'profile': 'default', 'state': 'lit', 'advancing': False}
2026-03-03 12:24:01,291 : INFO : EventManager : Event: ======'shot_inlane_right_1_lit_hit'====== Args={'profile': 'default', 'state': 'lit', 'advancing': False}
2026-03-03 12:24:01,292 : INFO : EventManager : Event: ======'inlanes_hit'====== Args={'shot': 'shot_inlane_right_1'}
2026-03-03 12:24:01,292 : INFO : EventManager : Event: ======'inlanes_lit_hit'====== Args={'shot': 'shot_inlane_right_1'}
2026-03-03 12:24:01,292 : INFO : EventManager : Event: ======'player_score'====== Args={'value': 30, 'prev_value': 20, 'change': 10, 'player_num': 1, 'source': 'bumpers'}
2026-03-03 12:24:01,294 : INFO : EventManager : Event: ======'playfield_active'====== Args={'source': None}
2026-03-03 12:24:01,298 : INFO : ball_device.bd_plunger : Got confirm for skipping ball.
2026-03-03 12:24:01,298 : INFO : ball_device.bd_plunger : Eject successful
2026-03-03 12:24:01,298 : INFO : EventManager : Event: ======'balldevice_bd_plunger_ball_eject_success'====== Args={'balls': 1, 'target': <playfield.playfield>}
2026-03-03 12:24:01,298 : INFO : EventManager : Event: ======'balldevice_playfield_ball_enter'====== Args={'new_balls': 1, 'unclaimed_balls': 1, 'device': <playfield.playfield>}
2026-03-03 12:24:01,299 : INFO : EventManager : Event: ======'playfield_ball_count_change'====== Args={'balls': 1, 'change': 1}
2026-03-03 12:24:01,299 : INFO : ball_device.bd_plunger : State: idle
2026-03-03 12:24:01,300 : INFO : ball_device.bd_trough : Eject successful
2026-03-03 12:24:01,300 : INFO : EventManager : Event: ======'balldevice_bd_trough_ball_eject_success'====== Args={'balls': 1, 'target': <ball_device.bd_plunger>}
2026-03-03 12:24:01,300 : INFO : EventManager : Event: ======'balldevice_bd_trough_ball_count_changed'====== Args={'balls': 5}
2026-03-03 12:24:01,300 : INFO : ball_device.bd_trough : State: idle
2026-03-03 12:24:01,302 : INFO : SwitchController : <<<<<<< 's_flipper_right_lower_eos' inactive >>>>>>>
2026-03-03 12:24:01,303 : INFO : SwitchController : <<<<<<< 's_inlane_right_1' inactive >>>>>>>
2026-03-03 12:24:01,317 : INFO : SwitchController : <<<<<<< 's_inlane_right_1' active >>>>>>>
2026-03-03 12:24:01,317 : INFO : EventManager : Event: ======'s_inlane_right_1_active'====== Args={}
2026-03-03 12:24:01,317 : INFO : EventManager : Event: ======'sw_playfield_active'====== Args={}
2026-03-03 12:24:01,317 : INFO : EventManager : Event: ======'machine_var_audits_switches_s_inlane_right_1'====== Args={'value': 1150, 'prev_value': 1149, 'change': 1}
2026-03-03 12:24:01,318 : INFO : EventManager : Event: ======'machine_var_audits_shots_shot_inlane_right_1'====== Args={'value': 818, 'prev_value': 817, 'change': 1}
2026-03-03 12:24:01,318 : INFO : EventManager : Event: ======'shot_inlane_right_1_hit'====== Args={'profile': 'default', 'state': 'lit', 'advancing': False}
2026-03-03 12:24:01,318 : INFO : EventManager : Event: ======'shot_inlane_right_1_default_hit'====== Args={'profile': 'default', 'state': 'lit', 'advancing': False}
2026-03-03 12:24:01,318 : INFO : EventManager : Event: ======'shot_inlane_right_1_default_lit_hit'====== Args={'profile': 'default', 'state': 'lit', 'advancing': False}
2026-03-03 12:24:01,318 : INFO : EventManager : Event: ======'shot_inlane_right_1_lit_hit'====== Args={'profile': 'default', 'state': 'lit', 'advancing': False}
2026-03-03 12:24:01,319 : INFO : EventManager : Event: ======'inlanes_hit'====== Args={'shot': 'shot_inlane_right_1'}
2026-03-03 12:24:01,319 : INFO : EventManager : Event: ======'inlanes_lit_hit'====== Args={'shot': 'shot_inlane_right_1'}
2026-03-03 12:24:01,319 : INFO : EventManager : Event: ======'player_score'====== Args={'value': 40, 'prev_value': 30, 'change': 10, 'player_num': 1, 'source': 'bumpers'}
2026-03-03 12:24:01,331 : INFO : SwitchController : <<<<<<< 's_flipper_right_lower' inactive >>>>>>>
2026-03-03 12:24:01,339 : INFO : SwitchController : <<<<<<< 's_flipper_right_upper' inactive >>>>>>>
2026-03-03 12:24:01,431 : INFO : SwitchController : <<<<<<< 's_flipper_right_lower_eos' active >>>>>>>
2026-03-03 12:24:01,431 : INFO : EventManager : Event: ======'machine_var_audits_switches_s_flipper_right_lower_eos'====== Args={'value': 546, 'prev_value': 545, 'change': 1}
2026-03-03 12:24:01,445 : INFO : SwitchController : <<<<<<< 's_flipper_right_upper_eos' inactive >>>>>>>
2026-03-03 12:24:02,008 : INFO : SwitchController : <<<<<<< 's_flipper_left' active >>>>>>>
2026-03-03 12:24:02,008 : INFO : EventManager : Event: ======'machine_var_audits_switches_s_flipper_left'====== Args={'value': 327, 'prev_value': 326, 'change': 1}
2026-03-03 12:24:02,032 : INFO : SwitchController : <<<<<<< 's_flipper_left_eos' inactive >>>>>>>
2026-03-03 12:24:02,033 : INFO : SwitchController : <<<<<<< 's_inlane_right_1' inactive >>>>>>>
2026-03-03 12:24:02,046 : INFO : SwitchController : <<<<<<< 's_inlane_right_1' active >>>>>>>
2026-03-03 12:24:02,046 : INFO : EventManager : Event: ======'s_inlane_right_1_active'====== Args={}
2026-03-03 12:24:02,046 : INFO : EventManager : Event: ======'sw_playfield_active'====== Args={}
2026-03-03 12:24:02,046 : INFO : EventManager : Event: ======'machine_var_audits_switches_s_inlane_right_1'====== Args={'value': 1151, 'prev_value': 1150, 'change': 1}
2026-03-03 12:24:02,047 : INFO : EventManager : Event: ======'machine_var_audits_shots_shot_inlane_right_1'====== Args={'value': 819, 'prev_value': 818, 'change': 1}
2026-03-03 12:24:02,047 : INFO : EventManager : Event: ======'shot_inlane_right_1_hit'====== Args={'profile': 'default', 'state': 'lit', 'advancing': False}
2026-03-03 12:24:02,048 : INFO : EventManager : Event: ======'shot_inlane_right_1_default_hit'====== Args={'profile': 'default', 'state': 'lit', 'advancing': False}
2026-03-03 12:24:02,048 : INFO : EventManager : Event: ======'shot_inlane_right_1_default_lit_hit'====== Args={'profile': 'default', 'state': 'lit', 'advancing': False}
2026-03-03 12:24:02,048 : INFO : EventManager : Event: ======'shot_inlane_right_1_lit_hit'====== Args={'profile': 'default', 'state': 'lit', 'advancing': False}
2026-03-03 12:24:02,048 : INFO : EventManager : Event: ======'inlanes_hit'====== Args={'shot': 'shot_inlane_right_1'}
2026-03-03 12:24:02,048 : INFO : EventManager : Event: ======'inlanes_lit_hit'====== Args={'shot': 'shot_inlane_right_1'}
2026-03-03 12:24:02,048 : INFO : EventManager : Event: ======'player_score'====== Args={'value': 50, 'prev_value': 40, 'change': 10, 'player_num': 1, 'source': 'bumpers'}
2026-03-03 12:24:02,161 : INFO : SwitchController : <<<<<<< 's_flipper_left' inactive >>>>>>>
2026-03-03 12:24:02,251 : INFO : SwitchController : <<<<<<< 's_flipper_left_eos' active >>>>>>>
2026-03-03 12:24:02,251 : INFO : EventManager : Event: ======'machine_var_audits_switches_s_flipper_left_eos'====== Args={'value': 300, 'prev_value': 299, 'change': 1}
2026-03-03 12:24:02,425 : INFO : SwitchController : <<<<<<< 's_flipper_right_upper' active >>>>>>>
2026-03-03 12:24:02,425 : INFO : EventManager : Event: ======'machine_var_audits_switches_s_flipper_right_upper'====== Args={'value': 465, 'prev_value': 464, 'change': 1}
2026-03-03 12:24:02,440 : INFO : SwitchController : <<<<<<< 's_flipper_right_lower' active >>>>>>>
2026-03-03 12:24:02,440 : INFO : EventManager : Event: ======'machine_var_audits_switches_s_flipper_right_lower'====== Args={'value': 759, 'prev_value': 758, 'change': 1}
2026-03-03 12:24:02,449 : INFO : SwitchController : <<<<<<< 's_flipper_right_upper_eos' active >>>>>>>
2026-03-03 12:24:02,449 : INFO : EventManager : Event: ======'machine_var_audits_switches_s_flipper_right_upper_eos'====== Args={'value': 302, 'prev_value': 301, 'change': 1}
2026-03-03 12:24:02,450 : INFO : SwitchController : <<<<<<< 's_inlane_right_1' inactive >>>>>>>
2026-03-03 12:24:02,459 : INFO : SwitchController : <<<<<<< 's_inlane_right_1' active >>>>>>>
2026-03-03 12:24:02,459 : INFO : EventManager : Event: ======'s_inlane_right_1_active'====== Args={}
2026-03-03 12:24:02,459 : INFO : EventManager : Event: ======'sw_playfield_active'====== Args={}
2026-03-03 12:24:02,460 : INFO : EventManager : Event: ======'machine_var_audits_switches_s_inlane_right_1'====== Args={'value': 1152, 'prev_value': 1151, 'change': 1}
2026-03-03 12:24:02,460 : INFO : EventManager : Event: ======'machine_var_audits_shots_shot_inlane_right_1'====== Args={'value': 820, 'prev_value': 819, 'change': 1}
2026-03-03 12:24:02,460 : INFO : EventManager : Event: ======'shot_inlane_right_1_hit'====== Args={'profile': 'default', 'state': 'lit', 'advancing': False}
2026-03-03 12:24:02,460 : INFO : EventManager : Event: ======'shot_inlane_right_1_default_hit'====== Args={'profile': 'default', 'state': 'lit', 'advancing': False}
2026-03-03 12:24:02,460 : INFO : EventManager : Event: ======'shot_inlane_right_1_default_lit_hit'====== Args={'profile': 'default', 'state': 'lit', 'advancing': False}
2026-03-03 12:24:02,460 : INFO : EventManager : Event: ======'shot_inlane_right_1_lit_hit'====== Args={'profile': 'default', 'state': 'lit', 'advancing': False}
2026-03-03 12:24:02,461 : INFO : EventManager : Event: ======'inlanes_hit'====== Args={'shot': 'shot_inlane_right_1'}
2026-03-03 12:24:02,461 : INFO : EventManager : Event: ======'inlanes_lit_hit'====== Args={'shot': 'shot_inlane_right_1'}
2026-03-03 12:24:02,461 : INFO : EventManager : Event: ======'player_score'====== Args={'value': 60, 'prev_value': 50, 'change': 10, 'player_num': 1, 'source': 'bumpers'}
2026-03-03 12:24:02,476 : INFO : SwitchController : <<<<<<< 's_flipper_right_lower_eos' inactive >>>>>>>
2026-03-03 12:24:02,478 : INFO : SwitchController : <<<<<<< 's_inlane_right_1' inactive >>>>>>>
2026-03-03 12:24:02,483 : INFO : SwitchController : <<<<<<< 's_inlane_right_1' active >>>>>>>
2026-03-03 12:24:02,483 : INFO : EventManager : Event: ======'s_inlane_right_1_active'====== Args={}
2026-03-03 12:24:02,483 : INFO : EventManager : Event: ======'sw_playfield_active'====== Args={}
2026-03-03 12:24:02,484 : INFO : EventManager : Event: ======'machine_var_audits_switches_s_inlane_right_1'====== Args={'value': 1153, 'prev_value': 1152, 'change': 1}
2026-03-03 12:24:02,484 : INFO : EventManager : Event: ======'machine_var_audits_shots_shot_inlane_right_1'====== Args={'value': 821, 'prev_value': 820, 'change': 1}
2026-03-03 12:24:02,485 : INFO : EventManager : Event: ======'shot_inlane_right_1_hit'====== Args={'profile': 'default', 'state': 'lit', 'advancing': False}
2026-03-03 12:24:02,485 : INFO : EventManager : Event: ======'shot_inlane_right_1_default_hit'====== Args={'profile': 'default', 'state': 'lit', 'advancing': False}
2026-03-03 12:24:02,485 : INFO : EventManager : Event: ======'shot_inlane_right_1_default_lit_hit'====== Args={'profile': 'default', 'state': 'lit', 'advancing': False}
2026-03-03 12:24:02,485 : INFO : EventManager : Event: ======'shot_inlane_right_1_lit_hit'====== Args={'profile': 'default', 'state': 'lit', 'advancing': False}
2026-03-03 12:24:02,485 : INFO : EventManager : Event: ======'inlanes_hit'====== Args={'shot': 'shot_inlane_right_1'}
2026-03-03 12:24:02,485 : INFO : EventManager : Event: ======'inlanes_lit_hit'====== Args={'shot': 'shot_inlane_right_1'}
2026-03-03 12:24:02,485 : INFO : EventManager : Event: ======'player_score'====== Args={'value': 70, 'prev_value': 60, 'change': 10, 'player_num': 1, 'source': 'bumpers'}
2026-03-03 12:24:02,563 : INFO : SwitchController : <<<<<<< 's_flipper_right_lower' inactive >>>>>>>
2026-03-03 12:24:02,568 : INFO : SwitchController : <<<<<<< 's_flipper_right_upper' inactive >>>>>>>
2026-03-03 12:24:02,662 : INFO : SwitchController : <<<<<<< 's_flipper_right_lower_eos' active >>>>>>>
2026-03-03 12:24:02,662 : INFO : EventManager : Event: ======'machine_var_audits_switches_s_flipper_right_lower_eos'====== Args={'value': 547, 'prev_value': 546, 'change': 1}
2026-03-03 12:24:02,676 : INFO : SwitchController : <<<<<<< 's_flipper_right_upper_eos' inactive >>>>>>>
2026-03-03 12:24:02,851 : INFO : SwitchController : <<<<<<< 's_flipper_left' active >>>>>>>
2026-03-03 12:24:02,851 : INFO : EventManager : Event: ======'machine_var_audits_switches_s_flipper_left'====== Args={'value': 328, 'prev_value': 327, 'change': 1}
2026-03-03 12:24:02,875 : INFO : SwitchController : <<<<<<< 's_flipper_left_eos' inactive >>>>>>>
2026-03-03 12:24:02,877 : INFO : SwitchController : <<<<<<< 's_inlane_right_1' inactive >>>>>>>
2026-03-03 12:24:02,885 : INFO : SwitchController : <<<<<<< 's_inlane_right_1' active >>>>>>>
2026-03-03 12:24:02,885 : INFO : EventManager : Event: ======'s_inlane_right_1_active'====== Args={}
2026-03-03 12:24:02,885 : INFO : EventManager : Event: ======'sw_playfield_active'====== Args={}
2026-03-03 12:24:02,886 : INFO : EventManager : Event: ======'machine_var_audits_switches_s_inlane_right_1'====== Args={'value': 1154, 'prev_value': 1153, 'change': 1}
2026-03-03 12:24:02,886 : INFO : EventManager : Event: ======'machine_var_audits_shots_shot_inlane_right_1'====== Args={'value': 822, 'prev_value': 821, 'change': 1}
2026-03-03 12:24:02,887 : INFO : EventManager : Event: ======'shot_inlane_right_1_hit'====== Args={'profile': 'default', 'state': 'lit', 'advancing': False}
2026-03-03 12:24:02,887 : INFO : EventManager : Event: ======'shot_inlane_right_1_default_hit'====== Args={'profile': 'default', 'state': 'lit', 'advancing': False}
2026-03-03 12:24:02,887 : INFO : EventManager : Event: ======'shot_inlane_right_1_default_lit_hit'====== Args={'profile': 'default', 'state': 'lit', 'advancing': False}
2026-03-03 12:24:02,887 : INFO : EventManager : Event: ======'shot_inlane_right_1_lit_hit'====== Args={'profile': 'default', 'state': 'lit', 'advancing': False}
2026-03-03 12:24:02,887 : INFO : EventManager : Event: ======'inlanes_hit'====== Args={'shot': 'shot_inlane_right_1'}
2026-03-03 12:24:02,887 : INFO : EventManager : Event: ======'inlanes_lit_hit'====== Args={'shot': 'shot_inlane_right_1'}
2026-03-03 12:24:02,887 : INFO : EventManager : Event: ======'player_score'====== Args={'value': 80, 'prev_value': 70, 'change': 10, 'player_num': 1, 'source': 'bumpers'}
2026-03-03 12:24:03,004 : INFO : SwitchController : <<<<<<< 's_flipper_left' inactive >>>>>>>
2026-03-03 12:24:03,094 : INFO : SwitchController : <<<<<<< 's_flipper_left_eos' active >>>>>>>
2026-03-03 12:24:03,094 : INFO : EventManager : Event: ======'machine_var_audits_switches_s_flipper_left_eos'====== Args={'value': 301, 'prev_value': 300, 'change': 1}
2026-03-03 12:24:03,166 : INFO : SwitchController : <<<<<<< 's_flipper_right_upper' active >>>>>>>
2026-03-03 12:24:03,166 : INFO : EventManager : Event: ======'machine_var_audits_switches_s_flipper_right_upper'====== Args={'value': 466, 'prev_value': 465, 'change': 1}
2026-03-03 12:24:03,185 : INFO : SwitchController : <<<<<<< 's_flipper_right_lower' active >>>>>>>
2026-03-03 12:24:03,186 : INFO : EventManager : Event: ======'machine_var_audits_switches_s_flipper_right_lower'====== Args={'value': 760, 'prev_value': 759, 'change': 1}
2026-03-03 12:24:03,189 : INFO : SwitchController : <<<<<<< 's_flipper_right_upper_eos' active >>>>>>>
2026-03-03 12:24:03,190 : INFO : EventManager : Event: ======'machine_var_audits_switches_s_flipper_right_upper_eos'====== Args={'value': 303, 'prev_value': 302, 'change': 1}
2026-03-03 12:24:03,192 : INFO : SwitchController : <<<<<<< 's_inlane_right_1' inactive >>>>>>>
2026-03-03 12:24:03,200 : INFO : SwitchController : <<<<<<< 's_inlane_right_1' active >>>>>>>
2026-03-03 12:24:03,200 : INFO : EventManager : Event: ======'s_inlane_right_1_active'====== Args={}
2026-03-03 12:24:03,200 : INFO : EventManager : Event: ======'sw_playfield_active'====== Args={}
2026-03-03 12:24:03,200 : INFO : EventManager : Event: ======'machine_var_audits_switches_s_inlane_right_1'====== Args={'value': 1155, 'prev_value': 1154, 'change': 1}
2026-03-03 12:24:03,201 : INFO : EventManager : Event: ======'machine_var_audits_shots_shot_inlane_right_1'====== Args={'value': 823, 'prev_value': 822, 'change': 1}
2026-03-03 12:24:03,201 : INFO : EventManager : Event: ======'shot_inlane_right_1_hit'====== Args={'profile': 'default', 'state': 'lit', 'advancing': False}
2026-03-03 12:24:03,201 : INFO : EventManager : Event: ======'shot_inlane_right_1_default_hit'====== Args={'profile': 'default', 'state': 'lit', 'advancing': False}
2026-03-03 12:24:03,201 : INFO : EventManager : Event: ======'shot_inlane_right_1_default_lit_hit'====== Args={'profile': 'default', 'state': 'lit', 'advancing': False}
2026-03-03 12:24:03,201 : INFO : EventManager : Event: ======'shot_inlane_right_1_lit_hit'====== Args={'profile': 'default', 'state': 'lit', 'advancing': False}
2026-03-03 12:24:03,201 : INFO : EventManager : Event: ======'inlanes_hit'====== Args={'shot': 'shot_inlane_right_1'}
2026-03-03 12:24:03,202 : INFO : EventManager : Event: ======'inlanes_lit_hit'====== Args={'shot': 'shot_inlane_right_1'}
2026-03-03 12:24:03,202 : INFO : EventManager : Event: ======'player_score'====== Args={'value': 90, 'prev_value': 80, 'change': 10, 'player_num': 1, 'source': 'bumpers'}
2026-03-03 12:24:03,221 : INFO : SwitchController : <<<<<<< 's_flipper_right_lower_eos' inactive >>>>>>>
2026-03-03 12:24:03,226 : INFO : SwitchController : <<<<<<< 's_inlane_right_1' inactive >>>>>>>
2026-03-03 12:24:03,235 : INFO : SwitchController : <<<<<<< 's_inlane_right_1' active >>>>>>>
2026-03-03 12:24:03,235 : INFO : EventManager : Event: ======'s_inlane_right_1_active'====== Args={}
2026-03-03 12:24:03,235 : INFO : EventManager : Event: ======'sw_playfield_active'====== Args={}
2026-03-03 12:24:03,236 : INFO : EventManager : Event: ======'machine_var_audits_switches_s_inlane_right_1'====== Args={'value': 1156, 'prev_value': 1155, 'change': 1}
2026-03-03 12:24:03,236 : INFO : EventManager : Event: ======'machine_var_audits_shots_shot_inlane_right_1'====== Args={'value': 824, 'prev_value': 823, 'change': 1}
2026-03-03 12:24:03,236 : INFO : EventManager : Event: ======'shot_inlane_right_1_hit'====== Args={'profile': 'default', 'state': 'lit', 'advancing': False}
2026-03-03 12:24:03,236 : INFO : EventManager : Event: ======'shot_inlane_right_1_default_hit'====== Args={'profile': 'default', 'state': 'lit', 'advancing': False}
2026-03-03 12:24:03,236 : INFO : EventManager : Event: ======'shot_inlane_right_1_default_lit_hit'====== Args={'profile': 'default', 'state': 'lit', 'advancing': False}
2026-03-03 12:24:03,237 : INFO : EventManager : Event: ======'shot_inlane_right_1_lit_hit'====== Args={'profile': 'default', 'state': 'lit', 'advancing': False}
2026-03-03 12:24:03,237 : INFO : EventManager : Event: ======'inlanes_hit'====== Args={'shot': 'shot_inlane_right_1'}
2026-03-03 12:24:03,237 : INFO : EventManager : Event: ======'inlanes_lit_hit'====== Args={'shot': 'shot_inlane_right_1'}
2026-03-03 12:24:03,237 : INFO : EventManager : Event: ======'player_score'====== Args={'value': 100, 'prev_value': 90, 'change': 10, 'player_num': 1, 'source': 'bumpers'}
2026-03-03 12:24:03,280 : INFO : SwitchController : <<<<<<< 's_flipper_right_lower' inactive >>>>>>>
2026-03-03 12:24:03,295 : INFO : SwitchController : <<<<<<< 's_flipper_right_upper' inactive >>>>>>>
2026-03-03 12:24:03,382 : INFO : SwitchController : <<<<<<< 's_flipper_right_lower_eos' active >>>>>>>
2026-03-03 12:24:03,382 : INFO : EventManager : Event: ======'machine_var_audits_switches_s_flipper_right_lower_eos'====== Args={'value': 548, 'prev_value': 547, 'change': 1}
2026-03-03 12:24:03,396 : INFO : SwitchController : <<<<<<< 's_flipper_right_upper_eos' inactive >>>>>>>
2026-03-03 12:24:21,748 : INFO : SwitchController : <<<<<<< 's_sling_left' active >>>>>>>
2026-03-03 12:24:21,749 : INFO : EventManager : Event: ======'s_sling_left_active'====== Args={}
2026-03-03 12:24:21,749 : INFO : EventManager : Event: ======'machine_var_audits_switches_s_sling_left'====== Args={'value': 574, 'prev_value': 573, 'change': 1}
2026-03-03 12:24:21,750 : INFO : EventManager : Event: ======'player_shot_shot_sling_left'====== Args={'value': 1, 'prev_value': 0, 'change': 1, 'player_num': 1}
2026-03-03 12:24:21,750 : INFO : EventManager : Event: ======'machine_var_audits_shots_shot_sling_left'====== Args={'value': 551, 'prev_value': 550, 'change': 1}
2026-03-03 12:24:21,756 : INFO : EventManager : Event: ======'shot_sling_left_hit'====== Args={'profile': 'default', 'state': 'unlit', 'advancing': True}
2026-03-03 12:24:21,757 : INFO : EventManager : Event: ======'shot_sling_left_default_hit'====== Args={'profile': 'default', 'state': 'unlit', 'advancing': True}
2026-03-03 12:24:21,757 : INFO : EventManager : Event: ======'shot_sling_left_default_unlit_hit'====== Args={'profile': 'default', 'state': 'unlit', 'advancing': True}
2026-03-03 12:24:21,757 : INFO : EventManager : Event: ======'shot_sling_left_unlit_hit'====== Args={'profile': 'default', 'state': 'unlit', 'advancing': True}
2026-03-03 12:24:21,757 : INFO : EventManager : Event: ======'slings_hit'====== Args={'shot': 'shot_sling_left'}
2026-03-03 12:24:21,757 : INFO : EventManager : Event: ======'slings_unlit_hit'====== Args={'shot': 'shot_sling_left'}
2026-03-03 12:24:21,757 : INFO : EventManager : Event: ======'player_score'====== Args={'value': 1100, 'prev_value': 100, 'change': 1000, 'player_num': 1, 'source': 'bumpers'}
2026-03-03 12:24:21,765 : INFO : SwitchController : <<<<<<< 's_sling_left' inactive >>>>>>>
2026-03-03 12:24:21,767 : INFO : SwitchController : <<<<<<< 's_inlane_right_1' inactive >>>>>>>
2026-03-03 12:24:21,775 : INFO : SwitchController : <<<<<<< 's_inlane_right_1' active >>>>>>>
2026-03-03 12:24:21,775 : INFO : EventManager : Event: ======'s_inlane_right_1_active'====== Args={}
2026-03-03 12:24:21,775 : INFO : EventManager : Event: ======'sw_playfield_active'====== Args={}
2026-03-03 12:24:21,775 : INFO : EventManager : Event: ======'machine_var_audits_switches_s_inlane_right_1'====== Args={'value': 1157, 'prev_value': 1156, 'change': 1}
2026-03-03 12:24:21,775 : INFO : EventManager : Event: ======'machine_var_audits_shots_shot_inlane_right_1'====== Args={'value': 825, 'prev_value': 824, 'change': 1}
2026-03-03 12:24:21,776 : INFO : EventManager : Event: ======'shot_inlane_right_1_hit'====== Args={'profile': 'default', 'state': 'lit', 'advancing': False}
2026-03-03 12:24:21,776 : INFO : EventManager : Event: ======'shot_inlane_right_1_default_hit'====== Args={'profile': 'default', 'state': 'lit', 'advancing': False}
2026-03-03 12:24:21,776 : INFO : EventManager : Event: ======'shot_inlane_right_1_default_lit_hit'====== Args={'profile': 'default', 'state': 'lit', 'advancing': False}
2026-03-03 12:24:21,776 : INFO : EventManager : Event: ======'shot_inlane_right_1_lit_hit'====== Args={'profile': 'default', 'state': 'lit', 'advancing': False}
2026-03-03 12:24:21,776 : INFO : EventManager : Event: ======'inlanes_hit'====== Args={'shot': 'shot_inlane_right_1'}
2026-03-03 12:24:21,776 : INFO : EventManager : Event: ======'inlanes_lit_hit'====== Args={'shot': 'shot_inlane_right_1'}
2026-03-03 12:24:21,776 : INFO : EventManager : Event: ======'player_score'====== Args={'value': 1110, 'prev_value': 1100, 'change': 10, 'player_num': 1, 'source': 'bumpers'}
2026-03-03 12:24:21,833 : INFO : SwitchController : <<<<<<< 's_sling_right' active >>>>>>>
2026-03-03 12:24:21,833 : INFO : EventManager : Event: ======'s_sling_right_active'====== Args={}
2026-03-03 12:24:21,833 : INFO : EventManager : Event: ======'machine_var_audits_switches_s_sling_right'====== Args={'value': 60, 'prev_value': 59, 'change': 1}
2026-03-03 12:24:21,834 : INFO : EventManager : Event: ======'player_shot_shot_sling_right'====== Args={'value': 1, 'prev_value': 0, 'change': 1, 'player_num': 1}
2026-03-03 12:24:21,834 : INFO : EventManager : Event: ======'machine_var_audits_shots_shot_sling_right'====== Args={'value': 32, 'prev_value': 31, 'change': 1}
2026-03-03 12:24:21,835 : INFO : EventManager : Event: ======'shot_sling_right_hit'====== Args={'profile': 'default', 'state': 'unlit', 'advancing': True}
2026-03-03 12:24:21,835 : INFO : EventManager : Event: ======'shot_sling_right_default_hit'====== Args={'profile': 'default', 'state': 'unlit', 'advancing': True}
2026-03-03 12:24:21,835 : INFO : EventManager : Event: ======'shot_sling_right_default_unlit_hit'====== Args={'profile': 'default', 'state': 'unlit', 'advancing': True}
2026-03-03 12:24:21,835 : INFO : EventManager : Event: ======'shot_sling_right_unlit_hit'====== Args={'profile': 'default', 'state': 'unlit', 'advancing': True}
2026-03-03 12:24:21,835 : INFO : EventManager : Event: ======'slings_complete'====== Args={'state': 'lit'}
2026-03-03 12:24:21,835 : INFO : EventManager : Event: ======'slings_lit_complete'====== Args={}
2026-03-03 12:24:21,835 : INFO : EventManager : Event: ======'slings_hit'====== Args={'shot': 'shot_sling_right'}
2026-03-03 12:24:21,836 : INFO : EventManager : Event: ======'slings_unlit_hit'====== Args={'shot': 'shot_sling_right'}
2026-03-03 12:24:21,836 : INFO : EventManager : Event: ======'player_score'====== Args={'value': 2110, 'prev_value': 1110, 'change': 1000, 'player_num': 1, 'source': 'bumpers'}
2026-03-03 12:24:21,848 : INFO : SwitchController : <<<<<<< 's_sling_right' inactive >>>>>>>
2026-03-03 12:24:21,851 : INFO : SwitchController : <<<<<<< 's_inlane_right_1' inactive >>>>>>>
2026-03-03 12:24:21,857 : INFO : SwitchController : <<<<<<< 's_inlane_right_1' active >>>>>>>
2026-03-03 12:24:21,857 : INFO : EventManager : Event: ======'s_inlane_right_1_active'====== Args={}
2026-03-03 12:24:21,857 : INFO : EventManager : Event: ======'sw_playfield_active'====== Args={}
2026-03-03 12:24:21,857 : INFO : EventManager : Event: ======'machine_var_audits_switches_s_inlane_right_1'====== Args={'value': 1158, 'prev_value': 1157, 'change': 1}
2026-03-03 12:24:21,858 : INFO : EventManager : Event: ======'machine_var_audits_shots_shot_inlane_right_1'====== Args={'value': 826, 'prev_value': 825, 'change': 1}
2026-03-03 12:24:21,858 : INFO : EventManager : Event: ======'shot_inlane_right_1_hit'====== Args={'profile': 'default', 'state': 'lit', 'advancing': False}
2026-03-03 12:24:21,858 : INFO : EventManager : Event: ======'shot_inlane_right_1_default_hit'====== Args={'profile': 'default', 'state': 'lit', 'advancing': False}
2026-03-03 12:24:21,859 : INFO : EventManager : Event: ======'shot_inlane_right_1_default_lit_hit'====== Args={'profile': 'default', 'state': 'lit', 'advancing': False}
2026-03-03 12:24:21,859 : INFO : EventManager : Event: ======'shot_inlane_right_1_lit_hit'====== Args={'profile': 'default', 'state': 'lit', 'advancing': False}
2026-03-03 12:24:21,859 : INFO : EventManager : Event: ======'inlanes_hit'====== Args={'shot': 'shot_inlane_right_1'}
2026-03-03 12:24:21,859 : INFO : EventManager : Event: ======'inlanes_lit_hit'====== Args={'shot': 'shot_inlane_right_1'}
2026-03-03 12:24:21,859 : INFO : EventManager : Event: ======'player_score'====== Args={'value': 2120, 'prev_value': 2110, 'change': 10, 'player_num': 1, 'source': 'bumpers'}
2026-03-03 12:24:21,915 : INFO : SwitchController : <<<<<<< 's_inlane_right_1' inactive >>>>>>>
2026-03-03 12:24:21,921 : INFO : SwitchController : <<<<<<< 's_inlane_right_1' active >>>>>>>
2026-03-03 12:24:21,921 : INFO : EventManager : Event: ======'s_inlane_right_1_active'====== Args={}
2026-03-03 12:24:21,921 : INFO : EventManager : Event: ======'sw_playfield_active'====== Args={}
2026-03-03 12:24:21,921 : INFO : EventManager : Event: ======'machine_var_audits_switches_s_inlane_right_1'====== Args={'value': 1159, 'prev_value': 1158, 'change': 1}
2026-03-03 12:24:21,922 : INFO : EventManager : Event: ======'machine_var_audits_shots_shot_inlane_right_1'====== Args={'value': 827, 'prev_value': 826, 'change': 1}
2026-03-03 12:24:21,922 : INFO : EventManager : Event: ======'shot_inlane_right_1_hit'====== Args={'profile': 'default', 'state': 'lit', 'advancing': False}
2026-03-03 12:24:21,922 : INFO : EventManager : Event: ======'shot_inlane_right_1_default_hit'====== Args={'profile': 'default', 'state': 'lit', 'advancing': False}
2026-03-03 12:24:21,922 : INFO : EventManager : Event: ======'shot_inlane_right_1_default_lit_hit'====== Args={'profile': 'default', 'state': 'lit', 'advancing': False}
2026-03-03 12:24:21,922 : INFO : EventManager : Event: ======'shot_inlane_right_1_lit_hit'====== Args={'profile': 'default', 'state': 'lit', 'advancing': False}
2026-03-03 12:24:21,922 : INFO : EventManager : Event: ======'inlanes_hit'====== Args={'shot': 'shot_inlane_right_1'}
2026-03-03 12:24:21,923 : INFO : EventManager : Event: ======'inlanes_lit_hit'====== Args={'shot': 'shot_inlane_right_1'}
2026-03-03 12:24:21,923 : INFO : EventManager : Event: ======'player_score'====== Args={'value': 2130, 'prev_value': 2120, 'change': 10, 'player_num': 1, 'source': 'bumpers'}
2026-03-03 12:24:23,050 : INFO : SwitchController : <<<<<<< 's_flipper_left' active >>>>>>>
2026-03-03 12:24:23,051 : INFO : EventManager : Event: ======'machine_var_audits_switches_s_flipper_left'====== Args={'value': 329, 'prev_value': 328, 'change': 1}
2026-03-03 12:24:23,073 : INFO : SwitchController : <<<<<<< 's_flipper_left_eos' inactive >>>>>>>
2026-03-03 12:24:23,076 : INFO : SwitchController : <<<<<<< 's_inlane_right_1' inactive >>>>>>>
2026-03-03 12:24:23,086 : INFO : SwitchController : <<<<<<< 's_inlane_right_1' active >>>>>>>
2026-03-03 12:24:23,086 : INFO : EventManager : Event: ======'s_inlane_right_1_active'====== Args={}
2026-03-03 12:24:23,086 : INFO : EventManager : Event: ======'sw_playfield_active'====== Args={}
2026-03-03 12:24:23,086 : INFO : EventManager : Event: ======'machine_var_audits_switches_s_inlane_right_1'====== Args={'value': 1160, 'prev_value': 1159, 'change': 1}
2026-03-03 12:24:23,086 : INFO : EventManager : Event: ======'machine_var_audits_shots_shot_inlane_right_1'====== Args={'value': 828, 'prev_value': 827, 'change': 1}
2026-03-03 12:24:23,087 : INFO : EventManager : Event: ======'shot_inlane_right_1_hit'====== Args={'profile': 'default', 'state': 'lit', 'advancing': False}
2026-03-03 12:24:23,087 : INFO : EventManager : Event: ======'shot_inlane_right_1_default_hit'====== Args={'profile': 'default', 'state': 'lit', 'advancing': False}
2026-03-03 12:24:23,087 : INFO : EventManager : Event: ======'shot_inlane_right_1_default_lit_hit'====== Args={'profile': 'default', 'state': 'lit', 'advancing': False}
2026-03-03 12:24:23,087 : INFO : EventManager : Event: ======'shot_inlane_right_1_lit_hit'====== Args={'profile': 'default', 'state': 'lit', 'advancing': False}
2026-03-03 12:24:23,087 : INFO : EventManager : Event: ======'inlanes_hit'====== Args={'shot': 'shot_inlane_right_1'}
2026-03-03 12:24:23,087 : INFO : EventManager : Event: ======'inlanes_lit_hit'====== Args={'shot': 'shot_inlane_right_1'}
2026-03-03 12:24:23,087 : INFO : EventManager : Event: ======'player_score'====== Args={'value': 2140, 'prev_value': 2130, 'change': 10, 'player_num': 1, 'source': 'bumpers'}
2026-03-03 12:24:23,247 : INFO : SwitchController : <<<<<<< 's_flipper_left' inactive >>>>>>>
2026-03-03 12:24:23,335 : INFO : SwitchController : <<<<<<< 's_flipper_left_eos' active >>>>>>>
2026-03-03 12:24:23,336 : INFO : EventManager : Event: ======'machine_var_audits_switches_s_flipper_left_eos'====== Args={'value': 302, 'prev_value': 301, 'change': 1}
2026-03-03 12:24:23,452 : INFO : SwitchController : <<<<<<< 's_flipper_right_upper' active >>>>>>>
2026-03-03 12:24:23,452 : INFO : EventManager : Event: ======'machine_var_audits_switches_s_flipper_right_upper'====== Args={'value': 467, 'prev_value': 466, 'change': 1}
2026-03-03 12:24:23,467 : INFO : SwitchController : <<<<<<< 's_flipper_right_lower' active >>>>>>>
2026-03-03 12:24:23,468 : INFO : EventManager : Event: ======'machine_var_audits_switches_s_flipper_right_lower'====== Args={'value': 761, 'prev_value': 760, 'change': 1}
2026-03-03 12:24:23,473 : INFO : SwitchController : <<<<<<< 's_flipper_right_upper_eos' active >>>>>>>
2026-03-03 12:24:23,473 : INFO : EventManager : Event: ======'machine_var_audits_switches_s_flipper_right_upper_eos'====== Args={'value': 304, 'prev_value': 303, 'change': 1}
2026-03-03 12:24:23,475 : INFO : SwitchController : <<<<<<< 's_inlane_right_1' inactive >>>>>>>
2026-03-03 12:24:23,482 : INFO : SwitchController : <<<<<<< 's_inlane_right_1' active >>>>>>>
2026-03-03 12:24:23,482 : INFO : EventManager : Event: ======'s_inlane_right_1_active'====== Args={}
2026-03-03 12:24:23,482 : INFO : EventManager : Event: ======'sw_playfield_active'====== Args={}
2026-03-03 12:24:23,482 : INFO : EventManager : Event: ======'machine_var_audits_switches_s_inlane_right_1'====== Args={'value': 1161, 'prev_value': 1160, 'change': 1}
2026-03-03 12:24:23,483 : INFO : EventManager : Event: ======'machine_var_audits_shots_shot_inlane_right_1'====== Args={'value': 829, 'prev_value': 828, 'change': 1}
2026-03-03 12:24:23,483 : INFO : EventManager : Event: ======'shot_inlane_right_1_hit'====== Args={'profile': 'default', 'state': 'lit', 'advancing': False}
2026-03-03 12:24:23,484 : INFO : EventManager : Event: ======'shot_inlane_right_1_default_hit'====== Args={'profile': 'default', 'state': 'lit', 'advancing': False}
2026-03-03 12:24:23,484 : INFO : EventManager : Event: ======'shot_inlane_right_1_default_lit_hit'====== Args={'profile': 'default', 'state': 'lit', 'advancing': False}
2026-03-03 12:24:23,484 : INFO : EventManager : Event: ======'shot_inlane_right_1_lit_hit'====== Args={'profile': 'default', 'state': 'lit', 'advancing': False}
2026-03-03 12:24:23,484 : INFO : EventManager : Event: ======'inlanes_hit'====== Args={'shot': 'shot_inlane_right_1'}
2026-03-03 12:24:23,484 : INFO : EventManager : Event: ======'inlanes_lit_hit'====== Args={'shot': 'shot_inlane_right_1'}
2026-03-03 12:24:23,484 : INFO : EventManager : Event: ======'player_score'====== Args={'value': 2150, 'prev_value': 2140, 'change': 10, 'player_num': 1, 'source': 'bumpers'}
2026-03-03 12:24:23,496 : INFO : SwitchController : <<<<<<< 's_flipper_right_lower_eos' inactive >>>>>>>
2026-03-03 12:24:23,501 : INFO : SwitchController : <<<<<<< 's_inlane_right_1' inactive >>>>>>>
2026-03-03 12:24:23,510 : INFO : SwitchController : <<<<<<< 's_inlane_right_1' active >>>>>>>
2026-03-03 12:24:23,510 : INFO : EventManager : Event: ======'s_inlane_right_1_active'====== Args={}
2026-03-03 12:24:23,510 : INFO : EventManager : Event: ======'sw_playfield_active'====== Args={}
2026-03-03 12:24:23,510 : INFO : EventManager : Event: ======'machine_var_audits_switches_s_inlane_right_1'====== Args={'value': 1162, 'prev_value': 1161, 'change': 1}
2026-03-03 12:24:23,511 : INFO : EventManager : Event: ======'machine_var_audits_shots_shot_inlane_right_1'====== Args={'value': 830, 'prev_value': 829, 'change': 1}
2026-03-03 12:24:23,511 : INFO : EventManager : Event: ======'shot_inlane_right_1_hit'====== Args={'profile': 'default', 'state': 'lit', 'advancing': False}
2026-03-03 12:24:23,511 : INFO : EventManager : Event: ======'shot_inlane_right_1_default_hit'====== Args={'profile': 'default', 'state': 'lit', 'advancing': False}
2026-03-03 12:24:23,511 : INFO : EventManager : Event: ======'shot_inlane_right_1_default_lit_hit'====== Args={'profile': 'default', 'state': 'lit', 'advancing': False}
2026-03-03 12:24:23,511 : INFO : EventManager : Event: ======'shot_inlane_right_1_lit_hit'====== Args={'profile': 'default', 'state': 'lit', 'advancing': False}
2026-03-03 12:24:23,511 : INFO : EventManager : Event: ======'inlanes_hit'====== Args={'shot': 'shot_inlane_right_1'}
2026-03-03 12:24:23,511 : INFO : EventManager : Event: ======'inlanes_lit_hit'====== Args={'shot': 'shot_inlane_right_1'}
2026-03-03 12:24:23,511 : INFO : EventManager : Event: ======'player_score'====== Args={'value': 2160, 'prev_value': 2150, 'change': 10, 'player_num': 1, 'source': 'bumpers'}
2026-03-03 12:24:23,538 : INFO : SwitchController : <<<<<<< 's_flipper_right_lower' inactive >>>>>>>
2026-03-03 12:24:23,588 : INFO : SwitchController : <<<<<<< 's_flipper_right_upper' inactive >>>>>>>
2026-03-03 12:24:23,638 : INFO : SwitchController : <<<<<<< 's_flipper_right_lower_eos' active >>>>>>>
2026-03-03 12:24:23,638 : INFO : EventManager : Event: ======'machine_var_audits_switches_s_flipper_right_lower_eos'====== Args={'value': 549, 'prev_value': 548, 'change': 1}
2026-03-03 12:24:23,688 : INFO : SwitchController : <<<<<<< 's_flipper_right_upper_eos' inactive >>>>>>>
2026-03-03 12:24:23,933 : INFO : SwitchController : <<<<<<< 's_flipper_right_upper' active >>>>>>>
2026-03-03 12:24:23,933 : INFO : EventManager : Event: ======'machine_var_audits_switches_s_flipper_right_upper'====== Args={'value': 468, 'prev_value': 467, 'change': 1}
2026-03-03 12:24:23,948 : INFO : SwitchController : <<<<<<< 's_flipper_right_lower' active >>>>>>>
2026-03-03 12:24:23,948 : INFO : EventManager : Event: ======'machine_var_audits_switches_s_flipper_right_lower'====== Args={'value': 762, 'prev_value': 761, 'change': 1}
2026-03-03 12:24:23,956 : INFO : SwitchController : <<<<<<< 's_flipper_right_upper_eos' active >>>>>>>
2026-03-03 12:24:23,956 : INFO : EventManager : Event: ======'machine_var_audits_switches_s_flipper_right_upper_eos'====== Args={'value': 305, 'prev_value': 304, 'change': 1}
2026-03-03 12:24:23,962 : INFO : SwitchController : <<<<<<< 's_inlane_right_1' inactive >>>>>>>
2026-03-03 12:24:23,964 : INFO : SwitchController : <<<<<<< 's_inlane_right_1' active >>>>>>>
2026-03-03 12:24:23,964 : INFO : EventManager : Event: ======'s_inlane_right_1_active'====== Args={}
2026-03-03 12:24:23,964 : INFO : EventManager : Event: ======'sw_playfield_active'====== Args={}
2026-03-03 12:24:23,964 : INFO : EventManager : Event: ======'machine_var_audits_switches_s_inlane_right_1'====== Args={'value': 1163, 'prev_value': 1162, 'change': 1}
2026-03-03 12:24:23,965 : INFO : EventManager : Event: ======'machine_var_audits_shots_shot_inlane_right_1'====== Args={'value': 831, 'prev_value': 830, 'change': 1}
2026-03-03 12:24:23,966 : INFO : EventManager : Event: ======'shot_inlane_right_1_hit'====== Args={'profile': 'default', 'state': 'lit', 'advancing': False}
2026-03-03 12:24:23,966 : INFO : EventManager : Event: ======'shot_inlane_right_1_default_hit'====== Args={'profile': 'default', 'state': 'lit', 'advancing': False}
2026-03-03 12:24:23,966 : INFO : EventManager : Event: ======'shot_inlane_right_1_default_lit_hit'====== Args={'profile': 'default', 'state': 'lit', 'advancing': False}
2026-03-03 12:24:23,966 : INFO : EventManager : Event: ======'shot_inlane_right_1_lit_hit'====== Args={'profile': 'default', 'state': 'lit', 'advancing': False}
2026-03-03 12:24:23,967 : INFO : EventManager : Event: ======'inlanes_hit'====== Args={'shot': 'shot_inlane_right_1'}
2026-03-03 12:24:23,967 : INFO : EventManager : Event: ======'inlanes_lit_hit'====== Args={'shot': 'shot_inlane_right_1'}
2026-03-03 12:24:23,967 : INFO : EventManager : Event: ======'player_score'====== Args={'value': 2170, 'prev_value': 2160, 'change': 10, 'player_num': 1, 'source': 'bumpers'}
2026-03-03 12:24:23,983 : INFO : SwitchController : <<<<<<< 's_flipper_right_lower_eos' inactive >>>>>>>
2026-03-03 12:24:23,985 : INFO : SwitchController : <<<<<<< 's_inlane_right_1' inactive >>>>>>>
2026-03-03 12:24:23,998 : INFO : SwitchController : <<<<<<< 's_inlane_right_1' active >>>>>>>
2026-03-03 12:24:23,998 : INFO : EventManager : Event: ======'s_inlane_right_1_active'====== Args={}
2026-03-03 12:24:23,998 : INFO : EventManager : Event: ======'sw_playfield_active'====== Args={}
2026-03-03 12:24:23,998 : INFO : EventManager : Event: ======'machine_var_audits_switches_s_inlane_right_1'====== Args={'value': 1164, 'prev_value': 1163, 'change': 1}
2026-03-03 12:24:23,999 : INFO : EventManager : Event: ======'machine_var_audits_shots_shot_inlane_right_1'====== Args={'value': 832, 'prev_value': 831, 'change': 1}
2026-03-03 12:24:23,999 : INFO : EventManager : Event: ======'shot_inlane_right_1_hit'====== Args={'profile': 'default', 'state': 'lit', 'advancing': False}
2026-03-03 12:24:23,999 : INFO : EventManager : Event: ======'shot_inlane_right_1_default_hit'====== Args={'profile': 'default', 'state': 'lit', 'advancing': False}
2026-03-03 12:24:23,999 : INFO : EventManager : Event: ======'shot_inlane_right_1_default_lit_hit'====== Args={'profile': 'default', 'state': 'lit', 'advancing': False}
2026-03-03 12:24:23,999 : INFO : EventManager : Event: ======'shot_inlane_right_1_lit_hit'====== Args={'profile': 'default', 'state': 'lit', 'advancing': False}
2026-03-03 12:24:23,999 : INFO : EventManager : Event: ======'inlanes_hit'====== Args={'shot': 'shot_inlane_right_1'}
2026-03-03 12:24:24,000 : INFO : EventManager : Event: ======'inlanes_lit_hit'====== Args={'shot': 'shot_inlane_right_1'}
2026-03-03 12:24:24,000 : INFO : EventManager : Event: ======'player_score'====== Args={'value': 2180, 'prev_value': 2170, 'change': 10, 'player_num': 1, 'source': 'bumpers'}
2026-03-03 12:24:24,034 : INFO : SwitchController : <<<<<<< 's_flipper_right_lower' inactive >>>>>>>
2026-03-03 12:24:24,040 : INFO : SwitchController : <<<<<<< 's_flipper_right_upper' inactive >>>>>>>
2026-03-03 12:24:24,131 : INFO : SwitchController : <<<<<<< 's_flipper_right_lower_eos' active >>>>>>>
2026-03-03 12:24:24,131 : INFO : EventManager : Event: ======'machine_var_audits_switches_s_flipper_right_lower_eos'====== Args={'value': 550, 'prev_value': 549, 'change': 1}
2026-03-03 12:24:24,140 : INFO : SwitchController : <<<<<<< 's_flipper_right_upper_eos' inactive >>>>>>>
2026-03-03 12:24:26,396 : INFO : SwitchController : <<<<<<< 's_flipper_left' active >>>>>>>
2026-03-03 12:24:26,396 : INFO : EventManager : Event: ======'machine_var_audits_switches_s_flipper_left'====== Args={'value': 330, 'prev_value': 329, 'change': 1}
2026-03-03 12:24:26,436 : INFO : SwitchController : <<<<<<< 's_flipper_left_eos' inactive >>>>>>>
2026-03-03 12:24:26,438 : INFO : SwitchController : <<<<<<< 's_inlane_right_1' inactive >>>>>>>
2026-03-03 12:24:26,445 : INFO : SwitchController : <<<<<<< 's_inlane_right_1' active >>>>>>>
2026-03-03 12:24:26,445 : INFO : EventManager : Event: ======'s_inlane_right_1_active'====== Args={}
2026-03-03 12:24:26,446 : INFO : EventManager : Event: ======'sw_playfield_active'====== Args={}
2026-03-03 12:24:26,446 : INFO : EventManager : Event: ======'machine_var_audits_switches_s_inlane_right_1'====== Args={'value': 1165, 'prev_value': 1164, 'change': 1}
2026-03-03 12:24:26,446 : INFO : EventManager : Event: ======'machine_var_audits_shots_shot_inlane_right_1'====== Args={'value': 833, 'prev_value': 832, 'change': 1}
2026-03-03 12:24:26,447 : INFO : EventManager : Event: ======'shot_inlane_right_1_hit'====== Args={'profile': 'default', 'state': 'lit', 'advancing': False}
2026-03-03 12:24:26,447 : INFO : EventManager : Event: ======'shot_inlane_right_1_default_hit'====== Args={'profile': 'default', 'state': 'lit', 'advancing': False}
2026-03-03 12:24:26,447 : INFO : EventManager : Event: ======'shot_inlane_right_1_default_lit_hit'====== Args={'profile': 'default', 'state': 'lit', 'advancing': False}
2026-03-03 12:24:26,447 : INFO : EventManager : Event: ======'shot_inlane_right_1_lit_hit'====== Args={'profile': 'default', 'state': 'lit', 'advancing': False}
2026-03-03 12:24:26,448 : INFO : EventManager : Event: ======'inlanes_hit'====== Args={'shot': 'shot_inlane_right_1'}
2026-03-03 12:24:26,448 : INFO : EventManager : Event: ======'inlanes_lit_hit'====== Args={'shot': 'shot_inlane_right_1'}
2026-03-03 12:24:26,448 : INFO : EventManager : Event: ======'player_score'====== Args={'value': 2190, 'prev_value': 2180, 'change': 10, 'player_num': 1, 'source': 'bumpers'}
2026-03-03 12:24:26,584 : INFO : SwitchController : <<<<<<< 's_flipper_left' inactive >>>>>>>
2026-03-03 12:24:26,671 : INFO : SwitchController : <<<<<<< 's_flipper_left_eos' active >>>>>>>
2026-03-03 12:24:26,671 : INFO : EventManager : Event: ======'machine_var_audits_switches_s_flipper_left_eos'====== Args={'value': 303, 'prev_value': 302, 'change': 1}
2026-03-03 12:24:27,053 : INFO : SwitchController : <<<<<<< 's_flipper_right_upper' active >>>>>>>
2026-03-03 12:24:27,053 : INFO : EventManager : Event: ======'machine_var_audits_switches_s_flipper_right_upper'====== Args={'value': 469, 'prev_value': 468, 'change': 1}
2026-03-03 12:24:27,060 : INFO : SwitchController : <<<<<<< 's_flipper_right_lower' active >>>>>>>
2026-03-03 12:24:27,060 : INFO : EventManager : Event: ======'machine_var_audits_switches_s_flipper_right_lower'====== Args={'value': 763, 'prev_value': 762, 'change': 1}
2026-03-03 12:24:27,075 : INFO : SwitchController : <<<<<<< 's_flipper_right_upper_eos' active >>>>>>>
2026-03-03 12:24:27,076 : INFO : EventManager : Event: ======'machine_var_audits_switches_s_flipper_right_upper_eos'====== Args={'value': 306, 'prev_value': 305, 'change': 1}
2026-03-03 12:24:27,078 : INFO : SwitchController : <<<<<<< 's_inlane_right_1' inactive >>>>>>>
2026-03-03 12:24:27,090 : INFO : SwitchController : <<<<<<< 's_inlane_right_1' active >>>>>>>
2026-03-03 12:24:27,090 : INFO : EventManager : Event: ======'s_inlane_right_1_active'====== Args={}
2026-03-03 12:24:27,090 : INFO : EventManager : Event: ======'sw_playfield_active'====== Args={}
2026-03-03 12:24:27,090 : INFO : EventManager : Event: ======'machine_var_audits_switches_s_inlane_right_1'====== Args={'value': 1166, 'prev_value': 1165, 'change': 1}
2026-03-03 12:24:27,091 : INFO : EventManager : Event: ======'machine_var_audits_shots_shot_inlane_right_1'====== Args={'value': 834, 'prev_value': 833, 'change': 1}
2026-03-03 12:24:27,091 : INFO : EventManager : Event: ======'shot_inlane_right_1_hit'====== Args={'profile': 'default', 'state': 'lit', 'advancing': False}
2026-03-03 12:24:27,092 : INFO : EventManager : Event: ======'shot_inlane_right_1_default_hit'====== Args={'profile': 'default', 'state': 'lit', 'advancing': False}
2026-03-03 12:24:27,092 : INFO : EventManager : Event: ======'shot_inlane_right_1_default_lit_hit'====== Args={'profile': 'default', 'state': 'lit', 'advancing': False}
2026-03-03 12:24:27,092 : INFO : EventManager : Event: ======'shot_inlane_right_1_lit_hit'====== Args={'profile': 'default', 'state': 'lit', 'advancing': False}
2026-03-03 12:24:27,092 : INFO : EventManager : Event: ======'inlanes_hit'====== Args={'shot': 'shot_inlane_right_1'}
2026-03-03 12:24:27,092 : INFO : EventManager : Event: ======'inlanes_lit_hit'====== Args={'shot': 'shot_inlane_right_1'}
2026-03-03 12:24:27,092 : INFO : EventManager : Event: ======'player_score'====== Args={'value': 2200, 'prev_value': 2190, 'change': 10, 'player_num': 1, 'source': 'bumpers'}
2026-03-03 12:24:27,097 : INFO : SwitchController : <<<<<<< 's_flipper_right_lower_eos' inactive >>>>>>>
2026-03-03 12:24:27,099 : INFO : SwitchController : <<<<<<< 's_inlane_right_1' inactive >>>>>>>
2026-03-03 12:24:27,109 : INFO : SwitchController : <<<<<<< 's_inlane_right_1' active >>>>>>>
2026-03-03 12:24:27,109 : INFO : EventManager : Event: ======'s_inlane_right_1_active'====== Args={}
2026-03-03 12:24:27,109 : INFO : EventManager : Event: ======'sw_playfield_active'====== Args={}
2026-03-03 12:24:27,109 : INFO : EventManager : Event: ======'machine_var_audits_switches_s_inlane_right_1'====== Args={'value': 1167, 'prev_value': 1166, 'change': 1}
2026-03-03 12:24:27,110 : INFO : EventManager : Event: ======'machine_var_audits_shots_shot_inlane_right_1'====== Args={'value': 835, 'prev_value': 834, 'change': 1}
2026-03-03 12:24:27,110 : INFO : EventManager : Event: ======'shot_inlane_right_1_hit'====== Args={'profile': 'default', 'state': 'lit', 'advancing': False}
2026-03-03 12:24:27,110 : INFO : EventManager : Event: ======'shot_inlane_right_1_default_hit'====== Args={'profile': 'default', 'state': 'lit', 'advancing': False}
2026-03-03 12:24:27,110 : INFO : EventManager : Event: ======'shot_inlane_right_1_default_lit_hit'====== Args={'profile': 'default', 'state': 'lit', 'advancing': False}
2026-03-03 12:24:27,110 : INFO : EventManager : Event: ======'shot_inlane_right_1_lit_hit'====== Args={'profile': 'default', 'state': 'lit', 'advancing': False}
2026-03-03 12:24:27,110 : INFO : EventManager : Event: ======'inlanes_hit'====== Args={'shot': 'shot_inlane_right_1'}
2026-03-03 12:24:27,110 : INFO : EventManager : Event: ======'inlanes_lit_hit'====== Args={'shot': 'shot_inlane_right_1'}
2026-03-03 12:24:27,111 : INFO : EventManager : Event: ======'player_score'====== Args={'value': 2210, 'prev_value': 2200, 'change': 10, 'player_num': 1, 'source': 'bumpers'}
2026-03-03 12:24:27,210 : INFO : SwitchController : <<<<<<< 's_flipper_right_lower' inactive >>>>>>>
2026-03-03 12:24:27,215 : INFO : SwitchController : <<<<<<< 's_flipper_right_upper' inactive >>>>>>>
2026-03-03 12:24:27,309 : INFO : SwitchController : <<<<<<< 's_flipper_right_lower_eos' active >>>>>>>
2026-03-03 12:24:27,310 : INFO : EventManager : Event: ======'machine_var_audits_switches_s_flipper_right_lower_eos'====== Args={'value': 551, 'prev_value': 550, 'change': 1}
2026-03-03 12:24:27,314 : INFO : SwitchController : <<<<<<< 's_flipper_right_upper_eos' inactive >>>>>>>
2026-03-03 12:24:27,440 : INFO : SwitchController : <<<<<<< 's_flipper_right_lower' active >>>>>>>
2026-03-03 12:24:27,440 : INFO : EventManager : Event: ======'machine_var_audits_switches_s_flipper_right_lower'====== Args={'value': 764, 'prev_value': 763, 'change': 1}
2026-03-03 12:24:27,441 : INFO : SwitchController : <<<<<<< 's_flipper_right_upper' active >>>>>>>
2026-03-03 12:24:27,441 : INFO : EventManager : Event: ======'machine_var_audits_switches_s_flipper_right_upper'====== Args={'value': 470, 'prev_value': 469, 'change': 1}
2026-03-03 12:24:27,462 : INFO : SwitchController : <<<<<<< 's_flipper_right_upper_eos' active >>>>>>>
2026-03-03 12:24:27,462 : INFO : EventManager : Event: ======'machine_var_audits_switches_s_flipper_right_upper_eos'====== Args={'value': 307, 'prev_value': 306, 'change': 1}
2026-03-03 12:24:27,463 : INFO : SwitchController : <<<<<<< 's_inlane_right_1' inactive >>>>>>>
2026-03-03 12:24:27,472 : INFO : SwitchController : <<<<<<< 's_inlane_right_1' active >>>>>>>
2026-03-03 12:24:27,472 : INFO : EventManager : Event: ======'s_inlane_right_1_active'====== Args={}
2026-03-03 12:24:27,472 : INFO : EventManager : Event: ======'sw_playfield_active'====== Args={}
2026-03-03 12:24:27,473 : INFO : EventManager : Event: ======'machine_var_audits_switches_s_inlane_right_1'====== Args={'value': 1168, 'prev_value': 1167, 'change': 1}
2026-03-03 12:24:27,473 : INFO : EventManager : Event: ======'machine_var_audits_shots_shot_inlane_right_1'====== Args={'value': 836, 'prev_value': 835, 'change': 1}
2026-03-03 12:24:27,473 : INFO : EventManager : Event: ======'shot_inlane_right_1_hit'====== Args={'profile': 'default', 'state': 'lit', 'advancing': False}
2026-03-03 12:24:27,473 : INFO : EventManager : Event: ======'shot_inlane_right_1_default_hit'====== Args={'profile': 'default', 'state': 'lit', 'advancing': False}
2026-03-03 12:24:27,473 : INFO : EventManager : Event: ======'shot_inlane_right_1_default_lit_hit'====== Args={'profile': 'default', 'state': 'lit', 'advancing': False}
2026-03-03 12:24:27,474 : INFO : EventManager : Event: ======'shot_inlane_right_1_lit_hit'====== Args={'profile': 'default', 'state': 'lit', 'advancing': False}
2026-03-03 12:24:27,474 : INFO : EventManager : Event: ======'inlanes_hit'====== Args={'shot': 'shot_inlane_right_1'}
2026-03-03 12:24:27,474 : INFO : EventManager : Event: ======'inlanes_lit_hit'====== Args={'shot': 'shot_inlane_right_1'}
2026-03-03 12:24:27,474 : INFO : EventManager : Event: ======'player_score'====== Args={'value': 2220, 'prev_value': 2210, 'change': 10, 'player_num': 1, 'source': 'bumpers'}
2026-03-03 12:24:27,478 : INFO : SwitchController : <<<<<<< 's_flipper_right_lower_eos' inactive >>>>>>>
2026-03-03 12:24:27,481 : INFO : SwitchController : <<<<<<< 's_inlane_right_1' inactive >>>>>>>
2026-03-03 12:24:27,492 : INFO : SwitchController : <<<<<<< 's_inlane_right_1' active >>>>>>>
2026-03-03 12:24:27,493 : INFO : EventManager : Event: ======'s_inlane_right_1_active'====== Args={}
2026-03-03 12:24:27,493 : INFO : EventManager : Event: ======'sw_playfield_active'====== Args={}
2026-03-03 12:24:27,493 : INFO : EventManager : Event: ======'machine_var_audits_switches_s_inlane_right_1'====== Args={'value': 1169, 'prev_value': 1168, 'change': 1}
2026-03-03 12:24:27,493 : INFO : EventManager : Event: ======'machine_var_audits_shots_shot_inlane_right_1'====== Args={'value': 837, 'prev_value': 836, 'change': 1}
2026-03-03 12:24:27,494 : INFO : EventManager : Event: ======'shot_inlane_right_1_hit'====== Args={'profile': 'default', 'state': 'lit', 'advancing': False}
2026-03-03 12:24:27,494 : INFO : EventManager : Event: ======'shot_inlane_right_1_default_hit'====== Args={'profile': 'default', 'state': 'lit', 'advancing': False}
2026-03-03 12:24:27,494 : INFO : EventManager : Event: ======'shot_inlane_right_1_default_lit_hit'====== Args={'profile': 'default', 'state': 'lit', 'advancing': False}
2026-03-03 12:24:27,494 : INFO : EventManager : Event: ======'shot_inlane_right_1_lit_hit'====== Args={'profile': 'default', 'state': 'lit', 'advancing': False}
2026-03-03 12:24:27,494 : INFO : EventManager : Event: ======'inlanes_hit'====== Args={'shot': 'shot_inlane_right_1'}
2026-03-03 12:24:27,494 : INFO : EventManager : Event: ======'inlanes_lit_hit'====== Args={'shot': 'shot_inlane_right_1'}
2026-03-03 12:24:27,494 : INFO : EventManager : Event: ======'player_score'====== Args={'value': 2230, 'prev_value': 2220, 'change': 10, 'player_num': 1, 'source': 'bumpers'}
2026-03-03 12:24:27,722 : INFO : SwitchController : <<<<<<< 's_sling_right' active >>>>>>>
2026-03-03 12:24:27,723 : INFO : EventManager : Event: ======'s_sling_right_active'====== Args={}
2026-03-03 12:24:27,723 : INFO : EventManager : Event: ======'machine_var_audits_switches_s_sling_right'====== Args={'value': 61, 'prev_value': 60, 'change': 1}
2026-03-03 12:24:27,724 : INFO : EventManager : Event: ======'machine_var_audits_shots_shot_sling_right'====== Args={'value': 33, 'prev_value': 32, 'change': 1}
2026-03-03 12:24:27,724 : INFO : EventManager : Event: ======'shot_sling_right_hit'====== Args={'profile': 'default', 'state': 'lit', 'advancing': False}
2026-03-03 12:24:27,724 : INFO : EventManager : Event: ======'shot_sling_right_default_hit'====== Args={'profile': 'default', 'state': 'lit', 'advancing': False}
2026-03-03 12:24:27,724 : INFO : EventManager : Event: ======'shot_sling_right_default_lit_hit'====== Args={'profile': 'default', 'state': 'lit', 'advancing': False}
2026-03-03 12:24:27,724 : INFO : EventManager : Event: ======'shot_sling_right_lit_hit'====== Args={'profile': 'default', 'state': 'lit', 'advancing': False}
2026-03-03 12:24:27,724 : INFO : EventManager : Event: ======'slings_hit'====== Args={'shot': 'shot_sling_right'}
2026-03-03 12:24:27,724 : INFO : EventManager : Event: ======'slings_lit_hit'====== Args={'shot': 'shot_sling_right'}
2026-03-03 12:24:27,725 : INFO : EventManager : Event: ======'player_score'====== Args={'value': 3230, 'prev_value': 2230, 'change': 1000, 'player_num': 1, 'source': 'bumpers'}
2026-03-03 12:24:27,738 : INFO : SwitchController : <<<<<<< 's_inlane_right_1' inactive >>>>>>>
2026-03-03 12:24:27,740 : INFO : SwitchController : <<<<<<< 's_sling_right' inactive >>>>>>>
2026-03-03 12:24:27,747 : INFO : SwitchController : <<<<<<< 's_inlane_right_1' active >>>>>>>
2026-03-03 12:24:27,747 : INFO : EventManager : Event: ======'s_inlane_right_1_active'====== Args={}
2026-03-03 12:24:27,747 : INFO : EventManager : Event: ======'sw_playfield_active'====== Args={}
2026-03-03 12:24:27,747 : INFO : EventManager : Event: ======'machine_var_audits_switches_s_inlane_right_1'====== Args={'value': 1170, 'prev_value': 1169, 'change': 1}
2026-03-03 12:24:27,748 : INFO : EventManager : Event: ======'machine_var_audits_shots_shot_inlane_right_1'====== Args={'value': 838, 'prev_value': 837, 'change': 1}
2026-03-03 12:24:27,748 : INFO : EventManager : Event: ======'shot_inlane_right_1_hit'====== Args={'profile': 'default', 'state': 'lit', 'advancing': False}
2026-03-03 12:24:27,748 : INFO : EventManager : Event: ======'shot_inlane_right_1_default_hit'====== Args={'profile': 'default', 'state': 'lit', 'advancing': False}
2026-03-03 12:24:27,748 : INFO : EventManager : Event: ======'shot_inlane_right_1_default_lit_hit'====== Args={'profile': 'default', 'state': 'lit', 'advancing': False}
2026-03-03 12:24:27,748 : INFO : EventManager : Event: ======'shot_inlane_right_1_lit_hit'====== Args={'profile': 'default', 'state': 'lit', 'advancing': False}
2026-03-03 12:24:27,748 : INFO : EventManager : Event: ======'inlanes_hit'====== Args={'shot': 'shot_inlane_right_1'}
2026-03-03 12:24:27,749 : INFO : EventManager : Event: ======'inlanes_lit_hit'====== Args={'shot': 'shot_inlane_right_1'}
2026-03-03 12:24:27,749 : INFO : EventManager : Event: ======'player_score'====== Args={'value': 3240, 'prev_value': 3230, 'change': 10, 'player_num': 1, 'source': 'bumpers'}
2026-03-03 12:24:27,802 : INFO : SwitchController : <<<<<<< 's_inlane_right_1' inactive >>>>>>>
2026-03-03 12:24:27,808 : INFO : SwitchController : <<<<<<< 's_inlane_right_1' active >>>>>>>
2026-03-03 12:24:27,809 : INFO : EventManager : Event: ======'s_inlane_right_1_active'====== Args={}
2026-03-03 12:24:27,809 : INFO : EventManager : Event: ======'sw_playfield_active'====== Args={}
2026-03-03 12:24:27,809 : INFO : EventManager : Event: ======'machine_var_audits_switches_s_inlane_right_1'====== Args={'value': 1171, 'prev_value': 1170, 'change': 1}
2026-03-03 12:24:27,810 : INFO : EventManager : Event: ======'machine_var_audits_shots_shot_inlane_right_1'====== Args={'value': 839, 'prev_value': 838, 'change': 1}
2026-03-03 12:24:27,810 : INFO : EventManager : Event: ======'shot_inlane_right_1_hit'====== Args={'profile': 'default', 'state': 'lit', 'advancing': False}
2026-03-03 12:24:27,810 : INFO : EventManager : Event: ======'shot_inlane_right_1_default_hit'====== Args={'profile': 'default', 'state': 'lit', 'advancing': False}
2026-03-03 12:24:27,810 : INFO : EventManager : Event: ======'shot_inlane_right_1_default_lit_hit'====== Args={'profile': 'default', 'state': 'lit', 'advancing': False}
2026-03-03 12:24:27,810 : INFO : EventManager : Event: ======'shot_inlane_right_1_lit_hit'====== Args={'profile': 'default', 'state': 'lit', 'advancing': False}
2026-03-03 12:24:27,810 : INFO : EventManager : Event: ======'inlanes_hit'====== Args={'shot': 'shot_inlane_right_1'}
2026-03-03 12:24:27,810 : INFO : EventManager : Event: ======'inlanes_lit_hit'====== Args={'shot': 'shot_inlane_right_1'}
2026-03-03 12:24:27,811 : INFO : EventManager : Event: ======'player_score'====== Args={'value': 3250, 'prev_value': 3240, 'change': 10, 'player_num': 1, 'source': 'bumpers'}
2026-03-03 12:24:27,862 : INFO : SwitchController : <<<<<<< 's_flipper_right_lower' inactive >>>>>>>
2026-03-03 12:24:27,868 : INFO : SwitchController : <<<<<<< 's_flipper_right_upper' inactive >>>>>>>
2026-03-03 12:24:27,961 : INFO : SwitchController : <<<<<<< 's_flipper_right_lower_eos' active >>>>>>>
2026-03-03 12:24:27,961 : INFO : EventManager : Event: ======'machine_var_audits_switches_s_flipper_right_lower_eos'====== Args={'value': 552, 'prev_value': 551, 'change': 1}
2026-03-03 12:24:27,969 : INFO : SwitchController : <<<<<<< 's_flipper_right_upper_eos' inactive >>>>>>>
2026-03-03 12:24:28,088 : INFO : SwitchController : <<<<<<< 's_flipper_left' active >>>>>>>
2026-03-03 12:24:28,089 : INFO : EventManager : Event: ======'machine_var_audits_switches_s_flipper_left'====== Args={'value': 331, 'prev_value': 330, 'change': 1}
2026-03-03 12:24:28,112 : INFO : SwitchController : <<<<<<< 's_flipper_left_eos' inactive >>>>>>>
2026-03-03 12:24:28,114 : INFO : SwitchController : <<<<<<< 's_inlane_right_1' inactive >>>>>>>
2026-03-03 12:24:28,126 : INFO : SwitchController : <<<<<<< 's_inlane_right_1' active >>>>>>>
2026-03-03 12:24:28,126 : INFO : EventManager : Event: ======'s_inlane_right_1_active'====== Args={}
2026-03-03 12:24:28,127 : INFO : EventManager : Event: ======'sw_playfield_active'====== Args={}
2026-03-03 12:24:28,127 : INFO : EventManager : Event: ======'machine_var_audits_switches_s_inlane_right_1'====== Args={'value': 1172, 'prev_value': 1171, 'change': 1}
2026-03-03 12:24:28,127 : INFO : EventManager : Event: ======'machine_var_audits_shots_shot_inlane_right_1'====== Args={'value': 840, 'prev_value': 839, 'change': 1}
2026-03-03 12:24:28,128 : INFO : EventManager : Event: ======'shot_inlane_right_1_hit'====== Args={'profile': 'default', 'state': 'lit', 'advancing': False}
2026-03-03 12:24:28,128 : INFO : EventManager : Event: ======'shot_inlane_right_1_default_hit'====== Args={'profile': 'default', 'state': 'lit', 'advancing': False}
2026-03-03 12:24:28,128 : INFO : EventManager : Event: ======'shot_inlane_right_1_default_lit_hit'====== Args={'profile': 'default', 'state': 'lit', 'advancing': False}
2026-03-03 12:24:28,128 : INFO : EventManager : Event: ======'shot_inlane_right_1_lit_hit'====== Args={'profile': 'default', 'state': 'lit', 'advancing': False}
2026-03-03 12:24:28,128 : INFO : EventManager : Event: ======'inlanes_hit'====== Args={'shot': 'shot_inlane_right_1'}
2026-03-03 12:24:28,128 : INFO : EventManager : Event: ======'inlanes_lit_hit'====== Args={'shot': 'shot_inlane_right_1'}
2026-03-03 12:24:28,128 : INFO : EventManager : Event: ======'player_score'====== Args={'value': 3260, 'prev_value': 3250, 'change': 10, 'player_num': 1, 'source': 'bumpers'}
2026-03-03 12:24:28,134 : INFO : SwitchController : <<<<<<< 's_flipper_right_upper' active >>>>>>>
2026-03-03 12:24:28,134 : INFO : EventManager : Event: ======'machine_var_audits_switches_s_flipper_right_upper'====== Args={'value': 471, 'prev_value': 470, 'change': 1}
2026-03-03 12:24:28,144 : INFO : SwitchController : <<<<<<< 's_flipper_right_lower' active >>>>>>>
2026-03-03 12:24:28,144 : INFO : EventManager : Event: ======'machine_var_audits_switches_s_flipper_right_lower'====== Args={'value': 765, 'prev_value': 764, 'change': 1}
2026-03-03 12:24:28,158 : INFO : SwitchController : <<<<<<< 's_flipper_right_upper_eos' active >>>>>>>
2026-03-03 12:24:28,158 : INFO : EventManager : Event: ======'machine_var_audits_switches_s_flipper_right_upper_eos'====== Args={'value': 308, 'prev_value': 307, 'change': 1}
2026-03-03 12:24:28,160 : INFO : SwitchController : <<<<<<< 's_inlane_right_1' inactive >>>>>>>
2026-03-03 12:24:28,168 : INFO : SwitchController : <<<<<<< 's_inlane_right_1' active >>>>>>>
2026-03-03 12:24:28,168 : INFO : EventManager : Event: ======'s_inlane_right_1_active'====== Args={}
2026-03-03 12:24:28,168 : INFO : EventManager : Event: ======'sw_playfield_active'====== Args={}
2026-03-03 12:24:28,168 : INFO : EventManager : Event: ======'machine_var_audits_switches_s_inlane_right_1'====== Args={'value': 1173, 'prev_value': 1172, 'change': 1}
2026-03-03 12:24:28,172 : INFO : EventManager : Event: ======'machine_var_audits_shots_shot_inlane_right_1'====== Args={'value': 841, 'prev_value': 840, 'change': 1}
2026-03-03 12:24:28,172 : INFO : EventManager : Event: ======'shot_inlane_right_1_hit'====== Args={'profile': 'default', 'state': 'lit', 'advancing': False}
2026-03-03 12:24:28,172 : INFO : EventManager : Event: ======'shot_inlane_right_1_default_hit'====== Args={'profile': 'default', 'state': 'lit', 'advancing': False}
2026-03-03 12:24:28,172 : INFO : EventManager : Event: ======'shot_inlane_right_1_default_lit_hit'====== Args={'profile': 'default', 'state': 'lit', 'advancing': False}
2026-03-03 12:24:28,172 : INFO : EventManager : Event: ======'shot_inlane_right_1_lit_hit'====== Args={'profile': 'default', 'state': 'lit', 'advancing': False}
2026-03-03 12:24:28,173 : INFO : EventManager : Event: ======'inlanes_hit'====== Args={'shot': 'shot_inlane_right_1'}
2026-03-03 12:24:28,173 : INFO : EventManager : Event: ======'inlanes_lit_hit'====== Args={'shot': 'shot_inlane_right_1'}
2026-03-03 12:24:28,173 : INFO : EventManager : Event: ======'player_score'====== Args={'value': 3270, 'prev_value': 3260, 'change': 10, 'player_num': 1, 'source': 'bumpers'}
2026-03-03 12:24:28,234 : INFO : SwitchController : <<<<<<< 's_flipper_left' inactive >>>>>>>
2026-03-03 12:24:28,315 : INFO : SwitchController : <<<<<<< 's_flipper_right_lower' inactive >>>>>>>
2026-03-03 12:24:28,321 : INFO : SwitchController : <<<<<<< 's_flipper_left_eos' active >>>>>>>
2026-03-03 12:24:28,322 : INFO : EventManager : Event: ======'machine_var_audits_switches_s_flipper_left_eos'====== Args={'value': 304, 'prev_value': 303, 'change': 1}
2026-03-03 12:24:28,331 : INFO : SwitchController : <<<<<<< 's_flipper_right_upper' inactive >>>>>>>
2026-03-03 12:24:28,432 : INFO : SwitchController : <<<<<<< 's_flipper_right_upper_eos' inactive >>>>>>>
2026-03-03 12:24:28,635 : INFO : SwitchController : <<<<<<< 's_flipper_right_upper' active >>>>>>>
2026-03-03 12:24:28,635 : INFO : EventManager : Event: ======'machine_var_audits_switches_s_flipper_right_upper'====== Args={'value': 472, 'prev_value': 471, 'change': 1}
2026-03-03 12:24:28,637 : INFO : SwitchController : <<<<<<< 's_flipper_right_lower' active >>>>>>>
2026-03-03 12:24:28,637 : INFO : EventManager : Event: ======'machine_var_audits_switches_s_flipper_right_lower'====== Args={'value': 766, 'prev_value': 765, 'change': 1}
2026-03-03 12:24:28,659 : INFO : SwitchController : <<<<<<< 's_flipper_right_upper_eos' active >>>>>>>
2026-03-03 12:24:28,659 : INFO : EventManager : Event: ======'machine_var_audits_switches_s_flipper_right_upper_eos'====== Args={'value': 309, 'prev_value': 308, 'change': 1}
2026-03-03 12:24:28,660 : INFO : SwitchController : <<<<<<< 's_inlane_right_1' inactive >>>>>>>
2026-03-03 12:24:28,672 : INFO : SwitchController : <<<<<<< 's_inlane_right_1' active >>>>>>>
2026-03-03 12:24:28,672 : INFO : EventManager : Event: ======'s_inlane_right_1_active'====== Args={}
2026-03-03 12:24:28,673 : INFO : EventManager : Event: ======'sw_playfield_active'====== Args={}
2026-03-03 12:24:28,673 : INFO : EventManager : Event: ======'machine_var_audits_switches_s_inlane_right_1'====== Args={'value': 1174, 'prev_value': 1173, 'change': 1}
2026-03-03 12:24:28,674 : INFO : EventManager : Event: ======'machine_var_audits_shots_shot_inlane_right_1'====== Args={'value': 842, 'prev_value': 841, 'change': 1}
2026-03-03 12:24:28,674 : INFO : EventManager : Event: ======'shot_inlane_right_1_hit'====== Args={'profile': 'default', 'state': 'lit', 'advancing': False}
2026-03-03 12:24:28,675 : INFO : EventManager : Event: ======'shot_inlane_right_1_default_hit'====== Args={'profile': 'default', 'state': 'lit', 'advancing': False}
2026-03-03 12:24:28,675 : INFO : EventManager : Event: ======'shot_inlane_right_1_default_lit_hit'====== Args={'profile': 'default', 'state': 'lit', 'advancing': False}
2026-03-03 12:24:28,675 : INFO : EventManager : Event: ======'shot_inlane_right_1_lit_hit'====== Args={'profile': 'default', 'state': 'lit', 'advancing': False}
2026-03-03 12:24:28,675 : INFO : EventManager : Event: ======'inlanes_hit'====== Args={'shot': 'shot_inlane_right_1'}
2026-03-03 12:24:28,675 : INFO : EventManager : Event: ======'inlanes_lit_hit'====== Args={'shot': 'shot_inlane_right_1'}
2026-03-03 12:24:28,675 : INFO : EventManager : Event: ======'player_score'====== Args={'value': 3280, 'prev_value': 3270, 'change': 10, 'player_num': 1, 'source': 'bumpers'}
2026-03-03 12:24:28,678 : INFO : SwitchController : <<<<<<< 's_flipper_right_lower_eos' inactive >>>>>>>
2026-03-03 12:24:28,678 : INFO : SwitchController : <<<<<<< 's_inlane_right_1' inactive >>>>>>>
2026-03-03 12:24:28,691 : INFO : SwitchController : <<<<<<< 's_inlane_right_1' active >>>>>>>
2026-03-03 12:24:28,691 : INFO : EventManager : Event: ======'s_inlane_right_1_active'====== Args={}
2026-03-03 12:24:28,691 : INFO : EventManager : Event: ======'sw_playfield_active'====== Args={}
2026-03-03 12:24:28,691 : INFO : EventManager : Event: ======'machine_var_audits_switches_s_inlane_right_1'====== Args={'value': 1175, 'prev_value': 1174, 'change': 1}
2026-03-03 12:24:28,691 : INFO : EventManager : Event: ======'machine_var_audits_shots_shot_inlane_right_1'====== Args={'value': 843, 'prev_value': 842, 'change': 1}
2026-03-03 12:24:28,692 : INFO : EventManager : Event: ======'shot_inlane_right_1_hit'====== Args={'profile': 'default', 'state': 'lit', 'advancing': False}
2026-03-03 12:24:28,692 : INFO : EventManager : Event: ======'shot_inlane_right_1_default_hit'====== Args={'profile': 'default', 'state': 'lit', 'advancing': False}
2026-03-03 12:24:28,692 : INFO : EventManager : Event: ======'shot_inlane_right_1_default_lit_hit'====== Args={'profile': 'default', 'state': 'lit', 'advancing': False}
2026-03-03 12:24:28,692 : INFO : EventManager : Event: ======'shot_inlane_right_1_lit_hit'====== Args={'profile': 'default', 'state': 'lit', 'advancing': False}
2026-03-03 12:24:28,692 : INFO : EventManager : Event: ======'inlanes_hit'====== Args={'shot': 'shot_inlane_right_1'}
2026-03-03 12:24:28,692 : INFO : EventManager : Event: ======'inlanes_lit_hit'====== Args={'shot': 'shot_inlane_right_1'}
2026-03-03 12:24:28,692 : INFO : EventManager : Event: ======'player_score'====== Args={'value': 3290, 'prev_value': 3280, 'change': 10, 'player_num': 1, 'source': 'bumpers'}
2026-03-03 12:24:28,764 : INFO : SwitchController : <<<<<<< 's_flipper_right_lower' inactive >>>>>>>
2026-03-03 12:24:28,768 : INFO : SwitchController : <<<<<<< 's_flipper_right_upper' inactive >>>>>>>
2026-03-03 12:24:28,859 : INFO : SwitchController : <<<<<<< 's_flipper_right_lower_eos' active >>>>>>>
2026-03-03 12:24:28,859 : INFO : EventManager : Event: ======'machine_var_audits_switches_s_flipper_right_lower_eos'====== Args={'value': 553, 'prev_value': 552, 'change': 1}
2026-03-03 12:24:28,868 : INFO : SwitchController : <<<<<<< 's_flipper_right_upper_eos' inactive >>>>>>>
2026-03-03 12:24:29,105 : INFO : SwitchController : <<<<<<< 's_flipper_right_upper' active >>>>>>>
2026-03-03 12:24:29,107 : INFO : EventManager : Event: ======'machine_var_audits_switches_s_flipper_right_upper'====== Args={'value': 473, 'prev_value': 472, 'change': 1}
2026-03-03 12:24:29,108 : INFO : SwitchController : <<<<<<< 's_flipper_right_lower' active >>>>>>>
2026-03-03 12:24:29,108 : INFO : EventManager : Event: ======'machine_var_audits_switches_s_flipper_right_lower'====== Args={'value': 767, 'prev_value': 766, 'change': 1}
2026-03-03 12:24:29,109 : INFO : SwitchController : <<<<<<< 's_flipper_right_lower' inactive >>>>>>>
2026-03-03 12:24:29,109 : INFO : SwitchController : <<<<<<< 's_flipper_right_lower' active >>>>>>>
2026-03-03 12:24:29,109 : INFO : EventManager : Event: ======'machine_var_audits_switches_s_flipper_right_lower'====== Args={'value': 768, 'prev_value': 767, 'change': 1}
2026-03-03 12:24:29,110 : INFO : SwitchController : <<<<<<< 's_flipper_right_upper_eos' active >>>>>>>
2026-03-03 12:24:29,110 : INFO : EventManager : Event: ======'machine_var_audits_switches_s_flipper_right_upper_eos'====== Args={'value': 310, 'prev_value': 309, 'change': 1}
2026-03-03 12:24:29,110 : INFO : SwitchController : <<<<<<< 's_inlane_right_1' inactive >>>>>>>
2026-03-03 12:24:29,110 : INFO : SwitchController : <<<<<<< 's_inlane_right_1' active >>>>>>>
2026-03-03 12:24:29,111 : INFO : EventManager : Event: ======'s_inlane_right_1_active'====== Args={}
2026-03-03 12:24:29,111 : INFO : EventManager : Event: ======'sw_playfield_active'====== Args={}
2026-03-03 12:24:29,111 : INFO : EventManager : Event: ======'machine_var_audits_switches_s_inlane_right_1'====== Args={'value': 1176, 'prev_value': 1175, 'change': 1}
2026-03-03 12:24:29,111 : INFO : SwitchController : <<<<<<< 's_flipper_right_lower_eos' inactive >>>>>>>
2026-03-03 12:24:29,112 : INFO : SwitchController : <<<<<<< 's_inlane_right_1' inactive >>>>>>>
2026-03-03 12:24:29,113 : INFO : EventManager : Event: ======'machine_var_audits_shots_shot_inlane_right_1'====== Args={'value': 844, 'prev_value': 843, 'change': 1}
2026-03-03 12:24:29,125 : INFO : EventManager : Event: ======'shot_inlane_right_1_hit'====== Args={'profile': 'default', 'state': 'lit', 'advancing': False}
2026-03-03 12:24:29,125 : INFO : EventManager : Event: ======'shot_inlane_right_1_default_hit'====== Args={'profile': 'default', 'state': 'lit', 'advancing': False}
2026-03-03 12:24:29,126 : INFO : EventManager : Event: ======'shot_inlane_right_1_default_lit_hit'====== Args={'profile': 'default', 'state': 'lit', 'advancing': False}
2026-03-03 12:24:29,126 : INFO : EventManager : Event: ======'shot_inlane_right_1_lit_hit'====== Args={'profile': 'default', 'state': 'lit', 'advancing': False}
2026-03-03 12:24:29,126 : INFO : EventManager : Event: ======'inlanes_hit'====== Args={'shot': 'shot_inlane_right_1'}
2026-03-03 12:24:29,126 : INFO : EventManager : Event: ======'inlanes_lit_hit'====== Args={'shot': 'shot_inlane_right_1'}
2026-03-03 12:24:29,126 : INFO : EventManager : Event: ======'player_score'====== Args={'value': 3300, 'prev_value': 3290, 'change': 10, 'player_num': 1, 'source': 'bumpers'}
2026-03-03 12:24:29,129 : INFO : SwitchController : <<<<<<< 's_inlane_right_1' active >>>>>>>
2026-03-03 12:24:29,129 : INFO : EventManager : Event: ======'s_inlane_right_1_active'====== Args={}
2026-03-03 12:24:29,130 : INFO : EventManager : Event: ======'sw_playfield_active'====== Args={}
2026-03-03 12:24:29,130 : INFO : EventManager : Event: ======'machine_var_audits_switches_s_inlane_right_1'====== Args={'value': 1177, 'prev_value': 1176, 'change': 1}
2026-03-03 12:24:29,135 : INFO : EventManager : Event: ======'machine_var_audits_shots_shot_inlane_right_1'====== Args={'value': 845, 'prev_value': 844, 'change': 1}
2026-03-03 12:24:29,136 : INFO : EventManager : Event: ======'shot_inlane_right_1_hit'====== Args={'profile': 'default', 'state': 'lit', 'advancing': False}
2026-03-03 12:24:29,136 : INFO : EventManager : Event: ======'shot_inlane_right_1_default_hit'====== Args={'profile': 'default', 'state': 'lit', 'advancing': False}
2026-03-03 12:24:29,136 : INFO : EventManager : Event: ======'shot_inlane_right_1_default_lit_hit'====== Args={'profile': 'default', 'state': 'lit', 'advancing': False}
2026-03-03 12:24:29,137 : INFO : EventManager : Event: ======'shot_inlane_right_1_lit_hit'====== Args={'profile': 'default', 'state': 'lit', 'advancing': False}
2026-03-03 12:24:29,137 : INFO : EventManager : Event: ======'inlanes_hit'====== Args={'shot': 'shot_inlane_right_1'}
2026-03-03 12:24:29,137 : INFO : EventManager : Event: ======'inlanes_lit_hit'====== Args={'shot': 'shot_inlane_right_1'}
2026-03-03 12:24:29,137 : INFO : EventManager : Event: ======'player_score'====== Args={'value': 3310, 'prev_value': 3300, 'change': 10, 'player_num': 1, 'source': 'bumpers'}
2026-03-03 12:24:29,595 : INFO : SwitchController : <<<<<<< 's_flipper_right_lower' inactive >>>>>>>
2026-03-03 12:24:29,602 : INFO : SwitchController : <<<<<<< 's_flipper_right_upper' inactive >>>>>>>
2026-03-03 12:24:29,694 : INFO : SwitchController : <<<<<<< 's_flipper_right_lower_eos' active >>>>>>>
2026-03-03 12:24:29,694 : INFO : EventManager : Event: ======'machine_var_audits_switches_s_flipper_right_lower_eos'====== Args={'value': 554, 'prev_value': 553, 'change': 1}
2026-03-03 12:24:29,703 : INFO : SwitchController : <<<<<<< 's_flipper_right_upper_eos' inactive >>>>>>>
2026-03-03 12:24:33,020 : INFO : SwitchController : <<<<<<< 's_flipper_left' active >>>>>>>
2026-03-03 12:24:33,020 : INFO : EventManager : Event: ======'machine_var_audits_switches_s_flipper_left'====== Args={'value': 332, 'prev_value': 331, 'change': 1}
2026-03-03 12:24:33,050 : INFO : SwitchController : <<<<<<< 's_flipper_left_eos' inactive >>>>>>>
2026-03-03 12:24:33,054 : INFO : SwitchController : <<<<<<< 's_inlane_right_1' inactive >>>>>>>
2026-03-03 12:24:33,065 : INFO : SwitchController : <<<<<<< 's_inlane_right_1' active >>>>>>>
2026-03-03 12:24:33,065 : INFO : EventManager : Event: ======'s_inlane_right_1_active'====== Args={}
2026-03-03 12:24:33,065 : INFO : EventManager : Event: ======'sw_playfield_active'====== Args={}
2026-03-03 12:24:33,065 : INFO : EventManager : Event: ======'machine_var_audits_switches_s_inlane_right_1'====== Args={'value': 1178, 'prev_value': 1177, 'change': 1}
2026-03-03 12:24:33,066 : INFO : EventManager : Event: ======'machine_var_audits_shots_shot_inlane_right_1'====== Args={'value': 846, 'prev_value': 845, 'change': 1}
2026-03-03 12:24:33,066 : INFO : EventManager : Event: ======'shot_inlane_right_1_hit'====== Args={'profile': 'default', 'state': 'lit', 'advancing': False}
2026-03-03 12:24:33,066 : INFO : EventManager : Event: ======'shot_inlane_right_1_default_hit'====== Args={'profile': 'default', 'state': 'lit', 'advancing': False}
2026-03-03 12:24:33,066 : INFO : EventManager : Event: ======'shot_inlane_right_1_default_lit_hit'====== Args={'profile': 'default', 'state': 'lit', 'advancing': False}
2026-03-03 12:24:33,067 : INFO : EventManager : Event: ======'shot_inlane_right_1_lit_hit'====== Args={'profile': 'default', 'state': 'lit', 'advancing': False}
2026-03-03 12:24:33,067 : INFO : EventManager : Event: ======'inlanes_hit'====== Args={'shot': 'shot_inlane_right_1'}
2026-03-03 12:24:33,067 : INFO : EventManager : Event: ======'inlanes_lit_hit'====== Args={'shot': 'shot_inlane_right_1'}
2026-03-03 12:24:33,067 : INFO : EventManager : Event: ======'player_score'====== Args={'value': 3320, 'prev_value': 3310, 'change': 10, 'player_num': 1, 'source': 'bumpers'}
2026-03-03 12:24:33,139 : INFO : SwitchController : <<<<<<< 's_flipper_right_upper' active >>>>>>>
2026-03-03 12:24:33,139 : INFO : EventManager : Event: ======'machine_var_audits_switches_s_flipper_right_upper'====== Args={'value': 474, 'prev_value': 473, 'change': 1}
2026-03-03 12:24:33,141 : INFO : SwitchController : <<<<<<< 's_flipper_right_lower' active >>>>>>>
2026-03-03 12:24:33,142 : INFO : EventManager : Event: ======'machine_var_audits_switches_s_flipper_right_lower'====== Args={'value': 769, 'prev_value': 768, 'change': 1}
2026-03-03 12:24:33,160 : INFO : SwitchController : <<<<<<< 's_flipper_right_upper_eos' active >>>>>>>
2026-03-03 12:24:33,160 : INFO : EventManager : Event: ======'machine_var_audits_switches_s_flipper_right_upper_eos'====== Args={'value': 311, 'prev_value': 310, 'change': 1}
2026-03-03 12:24:33,163 : INFO : SwitchController : <<<<<<< 's_inlane_right_1' inactive >>>>>>>
2026-03-03 12:24:33,169 : INFO : SwitchController : <<<<<<< 's_inlane_right_1' active >>>>>>>
2026-03-03 12:24:33,169 : INFO : EventManager : Event: ======'s_inlane_right_1_active'====== Args={}
2026-03-03 12:24:33,169 : INFO : EventManager : Event: ======'sw_playfield_active'====== Args={}
2026-03-03 12:24:33,169 : INFO : EventManager : Event: ======'machine_var_audits_switches_s_inlane_right_1'====== Args={'value': 1179, 'prev_value': 1178, 'change': 1}
2026-03-03 12:24:33,170 : INFO : EventManager : Event: ======'machine_var_audits_shots_shot_inlane_right_1'====== Args={'value': 847, 'prev_value': 846, 'change': 1}
2026-03-03 12:24:33,170 : INFO : EventManager : Event: ======'shot_inlane_right_1_hit'====== Args={'profile': 'default', 'state': 'lit', 'advancing': False}
2026-03-03 12:24:33,170 : INFO : EventManager : Event: ======'shot_inlane_right_1_default_hit'====== Args={'profile': 'default', 'state': 'lit', 'advancing': False}
2026-03-03 12:24:33,170 : INFO : EventManager : Event: ======'shot_inlane_right_1_default_lit_hit'====== Args={'profile': 'default', 'state': 'lit', 'advancing': False}
2026-03-03 12:24:33,170 : INFO : EventManager : Event: ======'shot_inlane_right_1_lit_hit'====== Args={'profile': 'default', 'state': 'lit', 'advancing': False}
2026-03-03 12:24:33,170 : INFO : EventManager : Event: ======'inlanes_hit'====== Args={'shot': 'shot_inlane_right_1'}
2026-03-03 12:24:33,170 : INFO : EventManager : Event: ======'inlanes_lit_hit'====== Args={'shot': 'shot_inlane_right_1'}
2026-03-03 12:24:33,171 : INFO : EventManager : Event: ======'player_score'====== Args={'value': 3330, 'prev_value': 3320, 'change': 10, 'player_num': 1, 'source': 'bumpers'}
2026-03-03 12:24:33,182 : INFO : SwitchController : <<<<<<< 's_flipper_right_lower_eos' inactive >>>>>>>
2026-03-03 12:24:33,196 : INFO : SwitchController : <<<<<<< 's_flipper_left' inactive >>>>>>>
2026-03-03 12:24:33,237 : INFO : SwitchController : <<<<<<< 's_flipper_right_lower' inactive >>>>>>>
2026-03-03 12:24:33,260 : INFO : SwitchController : <<<<<<< 's_flipper_right_upper' inactive >>>>>>>
2026-03-03 12:24:33,282 : INFO : SwitchController : <<<<<<< 's_flipper_left_eos' active >>>>>>>
2026-03-03 12:24:33,282 : INFO : EventManager : Event: ======'machine_var_audits_switches_s_flipper_left_eos'====== Args={'value': 305, 'prev_value': 304, 'change': 1}
2026-03-03 12:24:33,329 : INFO : SwitchController : <<<<<<< 's_flipper_right_lower_eos' active >>>>>>>
2026-03-03 12:24:33,329 : INFO : EventManager : Event: ======'machine_var_audits_switches_s_flipper_right_lower_eos'====== Args={'value': 555, 'prev_value': 554, 'change': 1}
2026-03-03 12:24:33,358 : INFO : SwitchController : <<<<<<< 's_flipper_right_upper_eos' inactive >>>>>>>
2026-03-03 12:24:33,386 : INFO : SwitchController : <<<<<<< 's_sling_left' active >>>>>>>
2026-03-03 12:24:33,387 : INFO : EventManager : Event: ======'s_sling_left_active'====== Args={}
2026-03-03 12:24:33,387 : INFO : EventManager : Event: ======'machine_var_audits_switches_s_sling_left'====== Args={'value': 575, 'prev_value': 574, 'change': 1}
2026-03-03 12:24:33,388 : INFO : EventManager : Event: ======'machine_var_audits_shots_shot_sling_left'====== Args={'value': 552, 'prev_value': 551, 'change': 1}
2026-03-03 12:24:33,388 : INFO : EventManager : Event: ======'shot_sling_left_hit'====== Args={'profile': 'default', 'state': 'lit', 'advancing': False}
2026-03-03 12:24:33,388 : INFO : EventManager : Event: ======'shot_sling_left_default_hit'====== Args={'profile': 'default', 'state': 'lit', 'advancing': False}
2026-03-03 12:24:33,388 : INFO : EventManager : Event: ======'shot_sling_left_default_lit_hit'====== Args={'profile': 'default', 'state': 'lit', 'advancing': False}
2026-03-03 12:24:33,388 : INFO : EventManager : Event: ======'shot_sling_left_lit_hit'====== Args={'profile': 'default', 'state': 'lit', 'advancing': False}
2026-03-03 12:24:33,388 : INFO : EventManager : Event: ======'slings_hit'====== Args={'shot': 'shot_sling_left'}
2026-03-03 12:24:33,389 : INFO : EventManager : Event: ======'slings_lit_hit'====== Args={'shot': 'shot_sling_left'}
2026-03-03 12:24:33,389 : INFO : EventManager : Event: ======'player_score'====== Args={'value': 4330, 'prev_value': 3330, 'change': 1000, 'player_num': 1, 'source': 'bumpers'}
2026-03-03 12:24:33,403 : INFO : SwitchController : <<<<<<< 's_inlane_right_1' inactive >>>>>>>
2026-03-03 12:24:33,404 : INFO : SwitchController : <<<<<<< 's_sling_left' inactive >>>>>>>
2026-03-03 12:24:33,417 : INFO : SwitchController : <<<<<<< 's_inlane_right_1' active >>>>>>>
2026-03-03 12:24:33,417 : INFO : EventManager : Event: ======'s_inlane_right_1_active'====== Args={}
2026-03-03 12:24:33,417 : INFO : EventManager : Event: ======'sw_playfield_active'====== Args={}
2026-03-03 12:24:33,417 : INFO : EventManager : Event: ======'machine_var_audits_switches_s_inlane_right_1'====== Args={'value': 1180, 'prev_value': 1179, 'change': 1}
2026-03-03 12:24:33,418 : INFO : EventManager : Event: ======'machine_var_audits_shots_shot_inlane_right_1'====== Args={'value': 848, 'prev_value': 847, 'change': 1}
2026-03-03 12:24:33,418 : INFO : EventManager : Event: ======'shot_inlane_right_1_hit'====== Args={'profile': 'default', 'state': 'lit', 'advancing': False}
2026-03-03 12:24:33,418 : INFO : EventManager : Event: ======'shot_inlane_right_1_default_hit'====== Args={'profile': 'default', 'state': 'lit', 'advancing': False}
2026-03-03 12:24:33,418 : INFO : EventManager : Event: ======'shot_inlane_right_1_default_lit_hit'====== Args={'profile': 'default', 'state': 'lit', 'advancing': False}
2026-03-03 12:24:33,419 : INFO : EventManager : Event: ======'shot_inlane_right_1_lit_hit'====== Args={'profile': 'default', 'state': 'lit', 'advancing': False}
2026-03-03 12:24:33,419 : INFO : EventManager : Event: ======'inlanes_hit'====== Args={'shot': 'shot_inlane_right_1'}
2026-03-03 12:24:33,419 : INFO : EventManager : Event: ======'inlanes_lit_hit'====== Args={'shot': 'shot_inlane_right_1'}
2026-03-03 12:24:33,419 : INFO : EventManager : Event: ======'player_score'====== Args={'value': 4340, 'prev_value': 4330, 'change': 10, 'player_num': 1, 'source': 'bumpers'}
2026-03-03 12:24:33,558 : INFO : SwitchController : <<<<<<< 's_sling_right' active >>>>>>>
2026-03-03 12:24:33,559 : INFO : EventManager : Event: ======'s_sling_right_active'====== Args={}
2026-03-03 12:24:33,559 : INFO : EventManager : Event: ======'machine_var_audits_switches_s_sling_right'====== Args={'value': 62, 'prev_value': 61, 'change': 1}
2026-03-03 12:24:33,559 : INFO : EventManager : Event: ======'machine_var_audits_shots_shot_sling_right'====== Args={'value': 34, 'prev_value': 33, 'change': 1}
2026-03-03 12:24:33,560 : INFO : EventManager : Event: ======'shot_sling_right_hit'====== Args={'profile': 'default', 'state': 'lit', 'advancing': False}
2026-03-03 12:24:33,560 : INFO : EventManager : Event: ======'shot_sling_right_default_hit'====== Args={'profile': 'default', 'state': 'lit', 'advancing': False}
2026-03-03 12:24:33,560 : INFO : EventManager : Event: ======'shot_sling_right_default_lit_hit'====== Args={'profile': 'default', 'state': 'lit', 'advancing': False}
2026-03-03 12:24:33,560 : INFO : EventManager : Event: ======'shot_sling_right_lit_hit'====== Args={'profile': 'default', 'state': 'lit', 'advancing': False}
2026-03-03 12:24:33,560 : INFO : EventManager : Event: ======'slings_hit'====== Args={'shot': 'shot_sling_right'}
2026-03-03 12:24:33,560 : INFO : EventManager : Event: ======'slings_lit_hit'====== Args={'shot': 'shot_sling_right'}
2026-03-03 12:24:33,560 : INFO : EventManager : Event: ======'player_score'====== Args={'value': 5340, 'prev_value': 4340, 'change': 1000, 'player_num': 1, 'source': 'bumpers'}
2026-03-03 12:24:33,576 : INFO : SwitchController : <<<<<<< 's_sling_right' inactive >>>>>>>
2026-03-03 12:24:33,577 : INFO : SwitchController : <<<<<<< 's_inlane_right_1' inactive >>>>>>>
2026-03-03 12:24:34,383 : INFO : SwitchController : <<<<<<< 's_flipper_right_upper' active >>>>>>>
2026-03-03 12:24:34,383 : INFO : EventManager : Event: ======'machine_var_audits_switches_s_flipper_right_upper'====== Args={'value': 475, 'prev_value': 474, 'change': 1}
2026-03-03 12:24:34,388 : INFO : SwitchController : <<<<<<< 's_flipper_right_lower' active >>>>>>>
2026-03-03 12:24:34,388 : INFO : EventManager : Event: ======'machine_var_audits_switches_s_flipper_right_lower'====== Args={'value': 770, 'prev_value': 769, 'change': 1}
2026-03-03 12:24:34,406 : INFO : SwitchController : <<<<<<< 's_flipper_right_upper_eos' active >>>>>>>
2026-03-03 12:24:34,407 : INFO : EventManager : Event: ======'machine_var_audits_switches_s_flipper_right_upper_eos'====== Args={'value': 312, 'prev_value': 311, 'change': 1}
2026-03-03 12:24:34,533 : INFO : SwitchController : <<<<<<< 's_flipper_right_lower' inactive >>>>>>>
2026-03-03 12:24:34,537 : INFO : SwitchController : <<<<<<< 's_flipper_right_upper' inactive >>>>>>>
2026-03-03 12:24:34,636 : INFO : SwitchController : <<<<<<< 's_flipper_right_upper_eos' inactive >>>>>>>
2026-03-03 12:24:34,803 : INFO : SwitchController : <<<<<<< 's_flipper_right_upper' active >>>>>>>
2026-03-03 12:24:34,803 : INFO : EventManager : Event: ======'machine_var_audits_switches_s_flipper_right_upper'====== Args={'value': 476, 'prev_value': 475, 'change': 1}
2026-03-03 12:24:34,818 : INFO : SwitchController : <<<<<<< 's_flipper_right_lower' active >>>>>>>
2026-03-03 12:24:34,818 : INFO : EventManager : Event: ======'machine_var_audits_switches_s_flipper_right_lower'====== Args={'value': 771, 'prev_value': 770, 'change': 1}
2026-03-03 12:24:34,826 : INFO : SwitchController : <<<<<<< 's_flipper_right_upper_eos' active >>>>>>>
2026-03-03 12:24:34,826 : INFO : EventManager : Event: ======'machine_var_audits_switches_s_flipper_right_upper_eos'====== Args={'value': 313, 'prev_value': 312, 'change': 1}
2026-03-03 12:24:34,856 : INFO : SwitchController : <<<<<<< 's_flipper_right_lower_eos' inactive >>>>>>>
2026-03-03 12:24:34,941 : INFO : SwitchController : <<<<<<< 's_flipper_right_lower' inactive >>>>>>>
2026-03-03 12:24:34,946 : INFO : SwitchController : <<<<<<< 's_flipper_right_upper' inactive >>>>>>>
2026-03-03 12:24:35,038 : INFO : SwitchController : <<<<<<< 's_flipper_right_lower_eos' active >>>>>>>
2026-03-03 12:24:35,038 : INFO : EventManager : Event: ======'machine_var_audits_switches_s_flipper_right_lower_eos'====== Args={'value': 556, 'prev_value': 555, 'change': 1}
2026-03-03 12:24:35,053 : INFO : SwitchController : <<<<<<< 's_flipper_right_upper_eos' inactive >>>>>>>
2026-03-03 12:24:35,945 : INFO : SwitchController : <<<<<<< 's_flipper_left' active >>>>>>>
2026-03-03 12:24:35,945 : INFO : EventManager : Event: ======'machine_var_audits_switches_s_flipper_left'====== Args={'value': 333, 'prev_value': 332, 'change': 1}
2026-03-03 12:24:35,968 : INFO : SwitchController : <<<<<<< 's_flipper_left_eos' inactive >>>>>>>
2026-03-03 12:24:36,391 : INFO : SwitchController : <<<<<<< 's_flipper_left' inactive >>>>>>>
2026-03-03 12:24:36,479 : INFO : SwitchController : <<<<<<< 's_flipper_left_eos' active >>>>>>>
2026-03-03 12:24:36,479 : INFO : EventManager : Event: ======'machine_var_audits_switches_s_flipper_left_eos'====== Args={'value': 306, 'prev_value': 305, 'change': 1}
2026-03-03 12:24:37,495 : INFO : SwitchController : <<<<<<< 's_flipper_left' active >>>>>>>
2026-03-03 12:24:37,495 : INFO : EventManager : Event: ======'machine_var_audits_switches_s_flipper_left'====== Args={'value': 334, 'prev_value': 333, 'change': 1}
2026-03-03 12:24:37,532 : INFO : SwitchController : <<<<<<< 's_flipper_left_eos' inactive >>>>>>>
2026-03-03 12:24:37,686 : INFO : SwitchController : <<<<<<< 's_flipper_left' inactive >>>>>>>
2026-03-03 12:24:37,776 : INFO : SwitchController : <<<<<<< 's_flipper_left_eos' active >>>>>>>
2026-03-03 12:24:37,776 : INFO : EventManager : Event: ======'machine_var_audits_switches_s_flipper_left_eos'====== Args={'value': 307, 'prev_value': 306, 'change': 1}
2026-03-03 12:24:38,866 : INFO : SwitchController : <<<<<<< 's_flipper_right_upper' active >>>>>>>
2026-03-03 12:24:38,867 : INFO : EventManager : Event: ======'machine_var_audits_switches_s_flipper_right_upper'====== Args={'value': 477, 'prev_value': 476, 'change': 1}
2026-03-03 12:24:38,881 : INFO : SwitchController : <<<<<<< 's_flipper_right_lower' active >>>>>>>
2026-03-03 12:24:38,881 : INFO : EventManager : Event: ======'machine_var_audits_switches_s_flipper_right_lower'====== Args={'value': 772, 'prev_value': 771, 'change': 1}
2026-03-03 12:24:38,890 : INFO : SwitchController : <<<<<<< 's_flipper_right_upper_eos' active >>>>>>>
2026-03-03 12:24:38,890 : INFO : EventManager : Event: ======'machine_var_audits_switches_s_flipper_right_upper_eos'====== Args={'value': 314, 'prev_value': 313, 'change': 1}
2026-03-03 12:24:38,917 : INFO : SwitchController : <<<<<<< 's_flipper_right_lower_eos' inactive >>>>>>>
2026-03-03 12:24:39,058 : INFO : SwitchController : <<<<<<< 's_flipper_right_lower' inactive >>>>>>>
2026-03-03 12:24:39,062 : INFO : SwitchController : <<<<<<< 's_flipper_right_upper' inactive >>>>>>>
2026-03-03 12:24:39,148 : INFO : SwitchController : <<<<<<< 's_flipper_right_lower_eos' active >>>>>>>
2026-03-03 12:24:39,149 : INFO : EventManager : Event: ======'machine_var_audits_switches_s_flipper_right_lower_eos'====== Args={'value': 557, 'prev_value': 556, 'change': 1}
2026-03-03 12:24:39,163 : INFO : SwitchController : <<<<<<< 's_flipper_right_upper_eos' inactive >>>>>>>
2026-03-03 12:24:40,231 : INFO : SwitchController : <<<<<<< 's_flipper_right_upper' active >>>>>>>
2026-03-03 12:24:40,231 : INFO : EventManager : Event: ======'machine_var_audits_switches_s_flipper_right_upper'====== Args={'value': 478, 'prev_value': 477, 'change': 1}
2026-03-03 12:24:40,246 : INFO : SwitchController : <<<<<<< 's_flipper_right_lower' active >>>>>>>
2026-03-03 12:24:40,246 : INFO : EventManager : Event: ======'machine_var_audits_switches_s_flipper_right_lower'====== Args={'value': 773, 'prev_value': 772, 'change': 1}
2026-03-03 12:24:40,262 : INFO : SwitchController : <<<<<<< 's_flipper_right_upper_eos' active >>>>>>>
2026-03-03 12:24:40,262 : INFO : EventManager : Event: ======'machine_var_audits_switches_s_flipper_right_upper_eos'====== Args={'value': 315, 'prev_value': 314, 'change': 1}
2026-03-03 12:24:40,286 : INFO : SwitchController : <<<<<<< 's_flipper_right_lower_eos' inactive >>>>>>>
2026-03-03 12:24:40,406 : INFO : SwitchController : <<<<<<< 's_flipper_right_lower' inactive >>>>>>>
2026-03-03 12:24:40,414 : INFO : SwitchController : <<<<<<< 's_flipper_right_upper' inactive >>>>>>>
2026-03-03 12:24:40,499 : INFO : SwitchController : <<<<<<< 's_flipper_right_lower_eos' active >>>>>>>
2026-03-03 12:24:40,499 : INFO : EventManager : Event: ======'machine_var_audits_switches_s_flipper_right_lower_eos'====== Args={'value': 558, 'prev_value': 557, 'change': 1}
2026-03-03 12:24:40,517 : INFO : SwitchController : <<<<<<< 's_flipper_right_upper_eos' inactive >>>>>>>
2026-03-03 12:24:40,935 : INFO : SwitchController : <<<<<<< 's_flipper_right_upper' active >>>>>>>
2026-03-03 12:24:40,935 : INFO : EventManager : Event: ======'machine_var_audits_switches_s_flipper_right_upper'====== Args={'value': 479, 'prev_value': 478, 'change': 1}
2026-03-03 12:24:40,948 : INFO : SwitchController : <<<<<<< 's_flipper_right_lower' active >>>>>>>
2026-03-03 12:24:40,949 : INFO : EventManager : Event: ======'machine_var_audits_switches_s_flipper_right_lower'====== Args={'value': 774, 'prev_value': 773, 'change': 1}
2026-03-03 12:24:40,962 : INFO : SwitchController : <<<<<<< 's_flipper_right_upper_eos' active >>>>>>>
2026-03-03 12:24:40,962 : INFO : EventManager : Event: ======'machine_var_audits_switches_s_flipper_right_upper_eos'====== Args={'value': 316, 'prev_value': 315, 'change': 1}
2026-03-03 12:24:40,984 : INFO : SwitchController : <<<<<<< 's_flipper_right_lower_eos' inactive >>>>>>>
2026-03-03 12:24:41,097 : INFO : SwitchController : <<<<<<< 's_flipper_right_lower' inactive >>>>>>>
2026-03-03 12:24:41,106 : INFO : SwitchController : <<<<<<< 's_flipper_right_upper' inactive >>>>>>>
2026-03-03 12:24:41,189 : INFO : SwitchController : <<<<<<< 's_flipper_right_lower_eos' active >>>>>>>
2026-03-03 12:24:41,189 : INFO : EventManager : Event: ======'machine_var_audits_switches_s_flipper_right_lower_eos'====== Args={'value': 559, 'prev_value': 558, 'change': 1}
2026-03-03 12:24:41,208 : INFO : SwitchController : <<<<<<< 's_flipper_right_upper_eos' inactive >>>>>>>
2026-03-03 12:24:41,401 : INFO : SwitchController : <<<<<<< 's_flipper_left' active >>>>>>>
2026-03-03 12:24:41,401 : INFO : EventManager : Event: ======'machine_var_audits_switches_s_flipper_left'====== Args={'value': 335, 'prev_value': 334, 'change': 1}
2026-03-03 12:24:41,424 : INFO : SwitchController : <<<<<<< 's_flipper_left_eos' inactive >>>>>>>
2026-03-03 12:24:42,066 : INFO : SwitchController : <<<<<<< 's_flipper_left' inactive >>>>>>>
2026-03-03 12:24:42,154 : INFO : SwitchController : <<<<<<< 's_flipper_left_eos' active >>>>>>>
2026-03-03 12:24:42,154 : INFO : EventManager : Event: ======'machine_var_audits_switches_s_flipper_left_eos'====== Args={'value': 308, 'prev_value': 307, 'change': 1}
2026-03-03 12:24:42,258 : INFO : SwitchController : <<<<<<< 's_flipper_right_upper' active >>>>>>>
2026-03-03 12:24:42,258 : INFO : EventManager : Event: ======'machine_var_audits_switches_s_flipper_right_upper'====== Args={'value': 480, 'prev_value': 479, 'change': 1}
2026-03-03 12:24:42,263 : INFO : SwitchController : <<<<<<< 's_flipper_right_lower' active >>>>>>>
2026-03-03 12:24:42,263 : INFO : EventManager : Event: ======'machine_var_audits_switches_s_flipper_right_lower'====== Args={'value': 775, 'prev_value': 774, 'change': 1}
2026-03-03 12:24:42,281 : INFO : SwitchController : <<<<<<< 's_flipper_right_upper_eos' active >>>>>>>
2026-03-03 12:24:42,281 : INFO : EventManager : Event: ======'machine_var_audits_switches_s_flipper_right_upper_eos'====== Args={'value': 317, 'prev_value': 316, 'change': 1}
2026-03-03 12:24:42,424 : INFO : SwitchController : <<<<<<< 's_flipper_right_lower' inactive >>>>>>>
2026-03-03 12:24:42,432 : INFO : SwitchController : <<<<<<< 's_flipper_right_upper' inactive >>>>>>>
2026-03-03 12:24:42,533 : INFO : SwitchController : <<<<<<< 's_flipper_right_upper_eos' inactive >>>>>>>
2026-03-03 12:24:42,871 : INFO : SwitchController : <<<<<<< 's_flipper_right_upper' active >>>>>>>
2026-03-03 12:24:42,871 : INFO : EventManager : Event: ======'machine_var_audits_switches_s_flipper_right_upper'====== Args={'value': 481, 'prev_value': 480, 'change': 1}
2026-03-03 12:24:42,876 : INFO : SwitchController : <<<<<<< 's_flipper_right_lower' active >>>>>>>
2026-03-03 12:24:42,876 : INFO : EventManager : Event: ======'machine_var_audits_switches_s_flipper_right_lower'====== Args={'value': 776, 'prev_value': 775, 'change': 1}
2026-03-03 12:24:42,893 : INFO : SwitchController : <<<<<<< 's_flipper_right_upper_eos' active >>>>>>>
2026-03-03 12:24:42,894 : INFO : EventManager : Event: ======'machine_var_audits_switches_s_flipper_right_upper_eos'====== Args={'value': 318, 'prev_value': 317, 'change': 1}
2026-03-03 12:24:43,036 : INFO : SwitchController : <<<<<<< 's_flipper_right_lower' inactive >>>>>>>
2026-03-03 12:24:43,043 : INFO : SwitchController : <<<<<<< 's_flipper_right_upper' inactive >>>>>>>
2026-03-03 12:24:43,143 : INFO : SwitchController : <<<<<<< 's_flipper_right_upper_eos' inactive >>>>>>>
2026-03-03 12:24:48,114 : INFO : SwitchController : <<<<<<< 's_flipper_left' active >>>>>>>
2026-03-03 12:24:48,114 : INFO : EventManager : Event: ======'machine_var_audits_switches_s_flipper_left'====== Args={'value': 336, 'prev_value': 335, 'change': 1}
2026-03-03 12:24:48,149 : INFO : SwitchController : <<<<<<< 's_flipper_left_eos' inactive >>>>>>>
2026-03-03 12:24:48,189 : INFO : SwitchController : <<<<<<< 's_flipper_left' inactive >>>>>>>
2026-03-03 12:24:48,278 : INFO : SwitchController : <<<<<<< 's_flipper_left_eos' active >>>>>>>
2026-03-03 12:24:48,278 : INFO : EventManager : Event: ======'machine_var_audits_switches_s_flipper_left_eos'====== Args={'value': 309, 'prev_value': 308, 'change': 1}
2026-03-03 12:24:48,824 : INFO : SwitchController : <<<<<<< 's_flipper_left' active >>>>>>>
2026-03-03 12:24:48,824 : INFO : EventManager : Event: ======'machine_var_audits_switches_s_flipper_left'====== Args={'value': 337, 'prev_value': 336, 'change': 1}
2026-03-03 12:24:48,847 : INFO : SwitchController : <<<<<<< 's_flipper_left_eos' inactive >>>>>>>
2026-03-03 12:24:49,122 : INFO : SwitchController : <<<<<<< 's_flipper_left' inactive >>>>>>>
2026-03-03 12:24:49,212 : INFO : SwitchController : <<<<<<< 's_flipper_left_eos' active >>>>>>>
2026-03-03 12:24:49,212 : INFO : EventManager : Event: ======'machine_var_audits_switches_s_flipper_left_eos'====== Args={'value': 310, 'prev_value': 309, 'change': 1}
2026-03-03 12:24:49,348 : INFO : SwitchController : <<<<<<< 's_sling_right' active >>>>>>>
2026-03-03 12:24:49,349 : INFO : EventManager : Event: ======'s_sling_right_active'====== Args={}
2026-03-03 12:24:49,349 : INFO : EventManager : Event: ======'machine_var_audits_switches_s_sling_right'====== Args={'value': 63, 'prev_value': 62, 'change': 1}
2026-03-03 12:24:49,349 : INFO : EventManager : Event: ======'machine_var_audits_shots_shot_sling_right'====== Args={'value': 35, 'prev_value': 34, 'change': 1}
2026-03-03 12:24:49,350 : INFO : EventManager : Event: ======'shot_sling_right_hit'====== Args={'profile': 'default', 'state': 'lit', 'advancing': False}
2026-03-03 12:24:49,350 : INFO : EventManager : Event: ======'shot_sling_right_default_hit'====== Args={'profile': 'default', 'state': 'lit', 'advancing': False}
2026-03-03 12:24:49,350 : INFO : EventManager : Event: ======'shot_sling_right_default_lit_hit'====== Args={'profile': 'default', 'state': 'lit', 'advancing': False}
2026-03-03 12:24:49,350 : INFO : EventManager : Event: ======'shot_sling_right_lit_hit'====== Args={'profile': 'default', 'state': 'lit', 'advancing': False}
2026-03-03 12:24:49,350 : INFO : EventManager : Event: ======'slings_hit'====== Args={'shot': 'shot_sling_right'}
2026-03-03 12:24:49,350 : INFO : EventManager : Event: ======'slings_lit_hit'====== Args={'shot': 'shot_sling_right'}
2026-03-03 12:24:49,351 : INFO : EventManager : Event: ======'player_score'====== Args={'value': 6340, 'prev_value': 5340, 'change': 1000, 'player_num': 1, 'source': 'bumpers'}
2026-03-03 12:24:49,362 : INFO : SwitchController : <<<<<<< 's_sling_right' inactive >>>>>>>
2026-03-03 12:24:49,373 : INFO : SwitchController : <<<<<<< 's_inlane_right_1' active >>>>>>>
2026-03-03 12:24:49,373 : INFO : EventManager : Event: ======'s_inlane_right_1_active'====== Args={}
2026-03-03 12:24:49,373 : INFO : EventManager : Event: ======'sw_playfield_active'====== Args={}
2026-03-03 12:24:49,373 : INFO : EventManager : Event: ======'machine_var_audits_switches_s_inlane_right_1'====== Args={'value': 1181, 'prev_value': 1180, 'change': 1}
2026-03-03 12:24:49,374 : INFO : EventManager : Event: ======'machine_var_audits_shots_shot_inlane_right_1'====== Args={'value': 849, 'prev_value': 848, 'change': 1}
2026-03-03 12:24:49,374 : INFO : EventManager : Event: ======'shot_inlane_right_1_hit'====== Args={'profile': 'default', 'state': 'lit', 'advancing': False}
2026-03-03 12:24:49,374 : INFO : EventManager : Event: ======'shot_inlane_right_1_default_hit'====== Args={'profile': 'default', 'state': 'lit', 'advancing': False}
2026-03-03 12:24:49,374 : INFO : EventManager : Event: ======'shot_inlane_right_1_default_lit_hit'====== Args={'profile': 'default', 'state': 'lit', 'advancing': False}
2026-03-03 12:24:49,374 : INFO : EventManager : Event: ======'shot_inlane_right_1_lit_hit'====== Args={'profile': 'default', 'state': 'lit', 'advancing': False}
2026-03-03 12:24:49,375 : INFO : EventManager : Event: ======'inlanes_hit'====== Args={'shot': 'shot_inlane_right_1'}
2026-03-03 12:24:49,375 : INFO : EventManager : Event: ======'inlanes_lit_hit'====== Args={'shot': 'shot_inlane_right_1'}
2026-03-03 12:24:49,375 : INFO : EventManager : Event: ======'player_score'====== Args={'value': 6350, 'prev_value': 6340, 'change': 10, 'player_num': 1, 'source': 'bumpers'}
2026-03-03 12:24:49,429 : INFO : SwitchController : <<<<<<< 's_inlane_right_1' inactive >>>>>>>
2026-03-03 12:24:49,439 : INFO : SwitchController : <<<<<<< 's_inlane_right_1' active >>>>>>>
2026-03-03 12:24:49,439 : INFO : EventManager : Event: ======'s_inlane_right_1_active'====== Args={}
2026-03-03 12:24:49,439 : INFO : EventManager : Event: ======'sw_playfield_active'====== Args={}
2026-03-03 12:24:49,439 : INFO : EventManager : Event: ======'machine_var_audits_switches_s_inlane_right_1'====== Args={'value': 1182, 'prev_value': 1181, 'change': 1}
2026-03-03 12:24:49,440 : INFO : EventManager : Event: ======'machine_var_audits_shots_shot_inlane_right_1'====== Args={'value': 850, 'prev_value': 849, 'change': 1}
2026-03-03 12:24:49,440 : INFO : EventManager : Event: ======'shot_inlane_right_1_hit'====== Args={'profile': 'default', 'state': 'lit', 'advancing': False}
2026-03-03 12:24:49,440 : INFO : EventManager : Event: ======'shot_inlane_right_1_default_hit'====== Args={'profile': 'default', 'state': 'lit', 'advancing': False}
2026-03-03 12:24:49,440 : INFO : EventManager : Event: ======'shot_inlane_right_1_default_lit_hit'====== Args={'profile': 'default', 'state': 'lit', 'advancing': False}
2026-03-03 12:24:49,440 : INFO : EventManager : Event: ======'shot_inlane_right_1_lit_hit'====== Args={'profile': 'default', 'state': 'lit', 'advancing': False}
2026-03-03 12:24:49,441 : INFO : EventManager : Event: ======'inlanes_hit'====== Args={'shot': 'shot_inlane_right_1'}
2026-03-03 12:24:49,441 : INFO : EventManager : Event: ======'inlanes_lit_hit'====== Args={'shot': 'shot_inlane_right_1'}
2026-03-03 12:24:49,441 : INFO : EventManager : Event: ======'player_score'====== Args={'value': 6360, 'prev_value': 6350, 'change': 10, 'player_num': 1, 'source': 'bumpers'}
2026-03-03 12:24:49,672 : INFO : SwitchController : <<<<<<< 's_flipper_left' active >>>>>>>
2026-03-03 12:24:49,673 : INFO : EventManager : Event: ======'machine_var_audits_switches_s_flipper_left'====== Args={'value': 338, 'prev_value': 337, 'change': 1}
2026-03-03 12:24:49,688 : INFO : SwitchController : <<<<<<< 's_sling_left' active >>>>>>>
2026-03-03 12:24:49,688 : INFO : EventManager : Event: ======'s_sling_left_active'====== Args={}
2026-03-03 12:24:49,688 : INFO : EventManager : Event: ======'machine_var_audits_switches_s_sling_left'====== Args={'value': 576, 'prev_value': 575, 'change': 1}
2026-03-03 12:24:49,689 : INFO : EventManager : Event: ======'machine_var_audits_shots_shot_sling_left'====== Args={'value': 553, 'prev_value': 552, 'change': 1}
2026-03-03 12:24:49,689 : INFO : EventManager : Event: ======'shot_sling_left_hit'====== Args={'profile': 'default', 'state': 'lit', 'advancing': False}
2026-03-03 12:24:49,689 : INFO : EventManager : Event: ======'shot_sling_left_default_hit'====== Args={'profile': 'default', 'state': 'lit', 'advancing': False}
2026-03-03 12:24:49,689 : INFO : EventManager : Event: ======'shot_sling_left_default_lit_hit'====== Args={'profile': 'default', 'state': 'lit', 'advancing': False}
2026-03-03 12:24:49,689 : INFO : EventManager : Event: ======'shot_sling_left_lit_hit'====== Args={'profile': 'default', 'state': 'lit', 'advancing': False}
2026-03-03 12:24:49,689 : INFO : EventManager : Event: ======'slings_hit'====== Args={'shot': 'shot_sling_left'}
2026-03-03 12:24:49,690 : INFO : EventManager : Event: ======'slings_lit_hit'====== Args={'shot': 'shot_sling_left'}
2026-03-03 12:24:49,690 : INFO : EventManager : Event: ======'player_score'====== Args={'value': 7360, 'prev_value': 6360, 'change': 1000, 'player_num': 1, 'source': 'bumpers'}
2026-03-03 12:24:49,695 : INFO : SwitchController : <<<<<<< 's_flipper_left_eos' inactive >>>>>>>
2026-03-03 12:24:49,701 : INFO : SwitchController : <<<<<<< 's_inlane_right_1' inactive >>>>>>>
2026-03-03 12:24:49,702 : INFO : SwitchController : <<<<<<< 's_sling_left' inactive >>>>>>>
2026-03-03 12:24:49,717 : INFO : SwitchController : <<<<<<< 's_inlane_right_1' active >>>>>>>
2026-03-03 12:24:49,717 : INFO : EventManager : Event: ======'s_inlane_right_1_active'====== Args={}
2026-03-03 12:24:49,717 : INFO : EventManager : Event: ======'sw_playfield_active'====== Args={}
2026-03-03 12:24:49,717 : INFO : EventManager : Event: ======'machine_var_audits_switches_s_inlane_right_1'====== Args={'value': 1183, 'prev_value': 1182, 'change': 1}
2026-03-03 12:24:49,718 : INFO : EventManager : Event: ======'machine_var_audits_shots_shot_inlane_right_1'====== Args={'value': 851, 'prev_value': 850, 'change': 1}
2026-03-03 12:24:49,719 : INFO : EventManager : Event: ======'shot_inlane_right_1_hit'====== Args={'profile': 'default', 'state': 'lit', 'advancing': False}
2026-03-03 12:24:49,719 : INFO : EventManager : Event: ======'shot_inlane_right_1_default_hit'====== Args={'profile': 'default', 'state': 'lit', 'advancing': False}
2026-03-03 12:24:49,719 : INFO : EventManager : Event: ======'shot_inlane_right_1_default_lit_hit'====== Args={'profile': 'default', 'state': 'lit', 'advancing': False}
2026-03-03 12:24:49,719 : INFO : EventManager : Event: ======'shot_inlane_right_1_lit_hit'====== Args={'profile': 'default', 'state': 'lit', 'advancing': False}
2026-03-03 12:24:49,719 : INFO : EventManager : Event: ======'inlanes_hit'====== Args={'shot': 'shot_inlane_right_1'}
2026-03-03 12:24:49,719 : INFO : EventManager : Event: ======'inlanes_lit_hit'====== Args={'shot': 'shot_inlane_right_1'}
2026-03-03 12:24:49,719 : INFO : EventManager : Event: ======'player_score'====== Args={'value': 7370, 'prev_value': 7360, 'change': 10, 'player_num': 1, 'source': 'bumpers'}
2026-03-03 12:24:49,887 : INFO : SwitchController : <<<<<<< 's_flipper_left' inactive >>>>>>>
2026-03-03 12:24:49,976 : INFO : SwitchController : <<<<<<< 's_flipper_left_eos' active >>>>>>>
2026-03-03 12:24:49,976 : INFO : EventManager : Event: ======'machine_var_audits_switches_s_flipper_left_eos'====== Args={'value': 311, 'prev_value': 310, 'change': 1}
2026-03-03 12:24:50,019 : INFO : SwitchController : <<<<<<< 's_sling_right' active >>>>>>>
2026-03-03 12:24:50,019 : INFO : EventManager : Event: ======'s_sling_right_active'====== Args={}
2026-03-03 12:24:50,019 : INFO : EventManager : Event: ======'machine_var_audits_switches_s_sling_right'====== Args={'value': 64, 'prev_value': 63, 'change': 1}
2026-03-03 12:24:50,020 : INFO : EventManager : Event: ======'machine_var_audits_shots_shot_sling_right'====== Args={'value': 36, 'prev_value': 35, 'change': 1}
2026-03-03 12:24:50,021 : INFO : EventManager : Event: ======'shot_sling_right_hit'====== Args={'profile': 'default', 'state': 'lit', 'advancing': False}
2026-03-03 12:24:50,021 : INFO : EventManager : Event: ======'shot_sling_right_default_hit'====== Args={'profile': 'default', 'state': 'lit', 'advancing': False}
2026-03-03 12:24:50,021 : INFO : EventManager : Event: ======'shot_sling_right_default_lit_hit'====== Args={'profile': 'default', 'state': 'lit', 'advancing': False}
2026-03-03 12:24:50,021 : INFO : EventManager : Event: ======'shot_sling_right_lit_hit'====== Args={'profile': 'default', 'state': 'lit', 'advancing': False}
2026-03-03 12:24:50,021 : INFO : EventManager : Event: ======'slings_hit'====== Args={'shot': 'shot_sling_right'}
2026-03-03 12:24:50,021 : INFO : EventManager : Event: ======'slings_lit_hit'====== Args={'shot': 'shot_sling_right'}
2026-03-03 12:24:50,021 : INFO : EventManager : Event: ======'player_score'====== Args={'value': 8370, 'prev_value': 7370, 'change': 1000, 'player_num': 1, 'source': 'bumpers'}
2026-03-03 12:24:50,027 : INFO : SwitchController : <<<<<<< 's_sling_right' inactive >>>>>>>
2026-03-03 12:24:50,036 : INFO : SwitchController : <<<<<<< 's_inlane_right_1' inactive >>>>>>>
2026-03-03 12:24:50,045 : INFO : SwitchController : <<<<<<< 's_inlane_right_1' active >>>>>>>
2026-03-03 12:24:50,045 : INFO : EventManager : Event: ======'s_inlane_right_1_active'====== Args={}
2026-03-03 12:24:50,045 : INFO : EventManager : Event: ======'sw_playfield_active'====== Args={}
2026-03-03 12:24:50,045 : INFO : EventManager : Event: ======'machine_var_audits_switches_s_inlane_right_1'====== Args={'value': 1184, 'prev_value': 1183, 'change': 1}
2026-03-03 12:24:50,046 : INFO : EventManager : Event: ======'machine_var_audits_shots_shot_inlane_right_1'====== Args={'value': 852, 'prev_value': 851, 'change': 1}
2026-03-03 12:24:50,046 : INFO : EventManager : Event: ======'shot_inlane_right_1_hit'====== Args={'profile': 'default', 'state': 'lit', 'advancing': False}
2026-03-03 12:24:50,046 : INFO : EventManager : Event: ======'shot_inlane_right_1_default_hit'====== Args={'profile': 'default', 'state': 'lit', 'advancing': False}
2026-03-03 12:24:50,046 : INFO : EventManager : Event: ======'shot_inlane_right_1_default_lit_hit'====== Args={'profile': 'default', 'state': 'lit', 'advancing': False}
2026-03-03 12:24:50,046 : INFO : EventManager : Event: ======'shot_inlane_right_1_lit_hit'====== Args={'profile': 'default', 'state': 'lit', 'advancing': False}
2026-03-03 12:24:50,047 : INFO : EventManager : Event: ======'inlanes_hit'====== Args={'shot': 'shot_inlane_right_1'}
2026-03-03 12:24:50,047 : INFO : EventManager : Event: ======'inlanes_lit_hit'====== Args={'shot': 'shot_inlane_right_1'}
2026-03-03 12:24:50,047 : INFO : EventManager : Event: ======'player_score'====== Args={'value': 8380, 'prev_value': 8370, 'change': 10, 'player_num': 1, 'source': 'bumpers'}
2026-03-03 12:24:50,100 : INFO : SwitchController : <<<<<<< 's_inlane_right_1' inactive >>>>>>>
2026-03-03 12:24:50,107 : INFO : SwitchController : <<<<<<< 's_inlane_right_1' active >>>>>>>
2026-03-03 12:24:50,107 : INFO : EventManager : Event: ======'s_inlane_right_1_active'====== Args={}
2026-03-03 12:24:50,107 : INFO : EventManager : Event: ======'sw_playfield_active'====== Args={}
2026-03-03 12:24:50,107 : INFO : EventManager : Event: ======'machine_var_audits_switches_s_inlane_right_1'====== Args={'value': 1185, 'prev_value': 1184, 'change': 1}
2026-03-03 12:24:50,108 : INFO : EventManager : Event: ======'machine_var_audits_shots_shot_inlane_right_1'====== Args={'value': 853, 'prev_value': 852, 'change': 1}
2026-03-03 12:24:50,108 : INFO : EventManager : Event: ======'shot_inlane_right_1_hit'====== Args={'profile': 'default', 'state': 'lit', 'advancing': False}
2026-03-03 12:24:50,108 : INFO : EventManager : Event: ======'shot_inlane_right_1_default_hit'====== Args={'profile': 'default', 'state': 'lit', 'advancing': False}
2026-03-03 12:24:50,108 : INFO : EventManager : Event: ======'shot_inlane_right_1_default_lit_hit'====== Args={'profile': 'default', 'state': 'lit', 'advancing': False}
2026-03-03 12:24:50,108 : INFO : EventManager : Event: ======'shot_inlane_right_1_lit_hit'====== Args={'profile': 'default', 'state': 'lit', 'advancing': False}
2026-03-03 12:24:50,108 : INFO : EventManager : Event: ======'inlanes_hit'====== Args={'shot': 'shot_inlane_right_1'}
2026-03-03 12:24:50,108 : INFO : EventManager : Event: ======'inlanes_lit_hit'====== Args={'shot': 'shot_inlane_right_1'}
2026-03-03 12:24:50,108 : INFO : EventManager : Event: ======'player_score'====== Args={'value': 8390, 'prev_value': 8380, 'change': 10, 'player_num': 1, 'source': 'bumpers'}
2026-03-03 12:24:51,191 : INFO : SwitchController : <<<<<<< 's_flipper_right_upper' active >>>>>>>
2026-03-03 12:24:51,191 : INFO : EventManager : Event: ======'machine_var_audits_switches_s_flipper_right_upper'====== Args={'value': 482, 'prev_value': 481, 'change': 1}
2026-03-03 12:24:51,200 : INFO : SwitchController : <<<<<<< 's_flipper_right_lower' active >>>>>>>
2026-03-03 12:24:51,201 : INFO : EventManager : Event: ======'machine_var_audits_switches_s_flipper_right_lower'====== Args={'value': 777, 'prev_value': 776, 'change': 1}
2026-03-03 12:24:51,201 : INFO : SwitchController : <<<<<<< 's_flipper_right_lower' inactive >>>>>>>
2026-03-03 12:24:51,205 : INFO : SwitchController : <<<<<<< 's_flipper_right_lower' active >>>>>>>
2026-03-03 12:24:51,205 : INFO : EventManager : Event: ======'machine_var_audits_switches_s_flipper_right_lower'====== Args={'value': 778, 'prev_value': 777, 'change': 1}
2026-03-03 12:24:51,214 : INFO : SwitchController : <<<<<<< 's_flipper_right_upper_eos' active >>>>>>>
2026-03-03 12:24:51,215 : INFO : EventManager : Event: ======'machine_var_audits_switches_s_flipper_right_upper_eos'====== Args={'value': 319, 'prev_value': 318, 'change': 1}
2026-03-03 12:24:51,609 : INFO : SwitchController : <<<<<<< 's_flipper_right_lower' inactive >>>>>>>
2026-03-03 12:24:51,613 : INFO : SwitchController : <<<<<<< 's_flipper_right_upper' inactive >>>>>>>
2026-03-03 12:24:51,713 : INFO : SwitchController : <<<<<<< 's_flipper_right_upper_eos' inactive >>>>>>>
2026-03-03 12:24:51,755 : INFO : SwitchController : <<<<<<< 's_flipper_right_upper' active >>>>>>>
2026-03-03 12:24:51,755 : INFO : EventManager : Event: ======'machine_var_audits_switches_s_flipper_right_upper'====== Args={'value': 483, 'prev_value': 482, 'change': 1}
2026-03-03 12:24:51,757 : INFO : SwitchController : <<<<<<< 's_flipper_right_lower' active >>>>>>>
2026-03-03 12:24:51,757 : INFO : EventManager : Event: ======'machine_var_audits_switches_s_flipper_right_lower'====== Args={'value': 779, 'prev_value': 778, 'change': 1}
2026-03-03 12:24:51,759 : INFO : SwitchController : <<<<<<< 's_flipper_right_lower' inactive >>>>>>>
2026-03-03 12:24:51,760 : INFO : SwitchController : <<<<<<< 's_flipper_right_upper' inactive >>>>>>>
2026-03-03 12:24:51,763 : INFO : SwitchController : <<<<<<< 's_flipper_right_upper' active >>>>>>>
2026-03-03 12:24:51,763 : INFO : EventManager : Event: ======'machine_var_audits_switches_s_flipper_right_upper'====== Args={'value': 484, 'prev_value': 483, 'change': 1}
2026-03-03 12:24:51,773 : INFO : SwitchController : <<<<<<< 's_flipper_right_lower' active >>>>>>>
2026-03-03 12:24:51,773 : INFO : EventManager : Event: ======'machine_var_audits_switches_s_flipper_right_lower'====== Args={'value': 780, 'prev_value': 779, 'change': 1}
2026-03-03 12:24:51,783 : INFO : SwitchController : <<<<<<< 's_flipper_right_upper_eos' active >>>>>>>
2026-03-03 12:24:51,783 : INFO : EventManager : Event: ======'machine_var_audits_switches_s_flipper_right_upper_eos'====== Args={'value': 320, 'prev_value': 319, 'change': 1}
2026-03-03 12:24:51,788 : INFO : SwitchController : <<<<<<< 's_inlane_right_1' inactive >>>>>>>
2026-03-03 12:24:51,794 : INFO : SwitchController : <<<<<<< 's_inlane_right_1' active >>>>>>>
2026-03-03 12:24:51,795 : INFO : EventManager : Event: ======'s_inlane_right_1_active'====== Args={}
2026-03-03 12:24:51,795 : INFO : EventManager : Event: ======'sw_playfield_active'====== Args={}
2026-03-03 12:24:51,795 : INFO : EventManager : Event: ======'machine_var_audits_switches_s_inlane_right_1'====== Args={'value': 1186, 'prev_value': 1185, 'change': 1}
2026-03-03 12:24:51,796 : INFO : EventManager : Event: ======'machine_var_audits_shots_shot_inlane_right_1'====== Args={'value': 854, 'prev_value': 853, 'change': 1}
2026-03-03 12:24:51,797 : INFO : EventManager : Event: ======'shot_inlane_right_1_hit'====== Args={'profile': 'default', 'state': 'lit', 'advancing': False}
2026-03-03 12:24:51,797 : INFO : EventManager : Event: ======'shot_inlane_right_1_default_hit'====== Args={'profile': 'default', 'state': 'lit', 'advancing': False}
2026-03-03 12:24:51,797 : INFO : EventManager : Event: ======'shot_inlane_right_1_default_lit_hit'====== Args={'profile': 'default', 'state': 'lit', 'advancing': False}
2026-03-03 12:24:51,797 : INFO : EventManager : Event: ======'shot_inlane_right_1_lit_hit'====== Args={'profile': 'default', 'state': 'lit', 'advancing': False}
2026-03-03 12:24:51,797 : INFO : EventManager : Event: ======'inlanes_hit'====== Args={'shot': 'shot_inlane_right_1'}
2026-03-03 12:24:51,798 : INFO : EventManager : Event: ======'inlanes_lit_hit'====== Args={'shot': 'shot_inlane_right_1'}
2026-03-03 12:24:51,798 : INFO : EventManager : Event: ======'player_score'====== Args={'value': 8400, 'prev_value': 8390, 'change': 10, 'player_num': 1, 'source': 'bumpers'}
2026-03-03 12:24:51,810 : INFO : SwitchController : <<<<<<< 's_flipper_right_lower_eos' inactive >>>>>>>
2026-03-03 12:24:51,813 : INFO : SwitchController : <<<<<<< 's_inlane_right_1' inactive >>>>>>>
2026-03-03 12:24:51,828 : INFO : SwitchController : <<<<<<< 's_inlane_right_1' active >>>>>>>
2026-03-03 12:24:51,828 : INFO : EventManager : Event: ======'s_inlane_right_1_active'====== Args={}
2026-03-03 12:24:51,828 : INFO : EventManager : Event: ======'sw_playfield_active'====== Args={}
2026-03-03 12:24:51,828 : INFO : EventManager : Event: ======'machine_var_audits_switches_s_inlane_right_1'====== Args={'value': 1187, 'prev_value': 1186, 'change': 1}
2026-03-03 12:24:51,829 : INFO : EventManager : Event: ======'machine_var_audits_shots_shot_inlane_right_1'====== Args={'value': 855, 'prev_value': 854, 'change': 1}
2026-03-03 12:24:51,829 : INFO : EventManager : Event: ======'shot_inlane_right_1_hit'====== Args={'profile': 'default', 'state': 'lit', 'advancing': False}
2026-03-03 12:24:51,829 : INFO : EventManager : Event: ======'shot_inlane_right_1_default_hit'====== Args={'profile': 'default', 'state': 'lit', 'advancing': False}
2026-03-03 12:24:51,829 : INFO : EventManager : Event: ======'shot_inlane_right_1_default_lit_hit'====== Args={'profile': 'default', 'state': 'lit', 'advancing': False}
2026-03-03 12:24:51,829 : INFO : EventManager : Event: ======'shot_inlane_right_1_lit_hit'====== Args={'profile': 'default', 'state': 'lit', 'advancing': False}
2026-03-03 12:24:51,830 : INFO : EventManager : Event: ======'inlanes_hit'====== Args={'shot': 'shot_inlane_right_1'}
2026-03-03 12:24:51,830 : INFO : EventManager : Event: ======'inlanes_lit_hit'====== Args={'shot': 'shot_inlane_right_1'}
2026-03-03 12:24:51,830 : INFO : EventManager : Event: ======'player_score'====== Args={'value': 8410, 'prev_value': 8400, 'change': 10, 'player_num': 1, 'source': 'bumpers'}
2026-03-03 12:24:51,899 : INFO : SwitchController : <<<<<<< 's_flipper_right_lower' inactive >>>>>>>
2026-03-03 12:24:51,904 : INFO : SwitchController : <<<<<<< 's_flipper_right_upper' inactive >>>>>>>
2026-03-03 12:24:51,996 : INFO : SwitchController : <<<<<<< 's_flipper_right_lower_eos' active >>>>>>>
2026-03-03 12:24:51,996 : INFO : EventManager : Event: ======'machine_var_audits_switches_s_flipper_right_lower_eos'====== Args={'value': 560, 'prev_value': 559, 'change': 1}
2026-03-03 12:24:52,005 : INFO : SwitchController : <<<<<<< 's_flipper_right_upper_eos' inactive >>>>>>>
2026-03-03 12:24:52,230 : INFO : SwitchController : <<<<<<< 's_flipper_left' active >>>>>>>
2026-03-03 12:24:52,231 : INFO : EventManager : Event: ======'machine_var_audits_switches_s_flipper_left'====== Args={'value': 339, 'prev_value': 338, 'change': 1}
2026-03-03 12:24:52,254 : INFO : SwitchController : <<<<<<< 's_flipper_left_eos' inactive >>>>>>>
2026-03-03 12:24:52,256 : INFO : SwitchController : <<<<<<< 's_inlane_right_1' inactive >>>>>>>
2026-03-03 12:24:52,268 : INFO : SwitchController : <<<<<<< 's_inlane_right_1' active >>>>>>>
2026-03-03 12:24:52,268 : INFO : EventManager : Event: ======'s_inlane_right_1_active'====== Args={}
2026-03-03 12:24:52,268 : INFO : EventManager : Event: ======'sw_playfield_active'====== Args={}
2026-03-03 12:24:52,268 : INFO : EventManager : Event: ======'machine_var_audits_switches_s_inlane_right_1'====== Args={'value': 1188, 'prev_value': 1187, 'change': 1}
2026-03-03 12:24:52,269 : INFO : EventManager : Event: ======'machine_var_audits_shots_shot_inlane_right_1'====== Args={'value': 856, 'prev_value': 855, 'change': 1}
2026-03-03 12:24:52,269 : INFO : EventManager : Event: ======'shot_inlane_right_1_hit'====== Args={'profile': 'default', 'state': 'lit', 'advancing': False}
2026-03-03 12:24:52,269 : INFO : EventManager : Event: ======'shot_inlane_right_1_default_hit'====== Args={'profile': 'default', 'state': 'lit', 'advancing': False}
2026-03-03 12:24:52,269 : INFO : EventManager : Event: ======'shot_inlane_right_1_default_lit_hit'====== Args={'profile': 'default', 'state': 'lit', 'advancing': False}
2026-03-03 12:24:52,269 : INFO : EventManager : Event: ======'shot_inlane_right_1_lit_hit'====== Args={'profile': 'default', 'state': 'lit', 'advancing': False}
2026-03-03 12:24:52,269 : INFO : EventManager : Event: ======'inlanes_hit'====== Args={'shot': 'shot_inlane_right_1'}
2026-03-03 12:24:52,270 : INFO : EventManager : Event: ======'inlanes_lit_hit'====== Args={'shot': 'shot_inlane_right_1'}
2026-03-03 12:24:52,270 : INFO : EventManager : Event: ======'player_score'====== Args={'value': 8420, 'prev_value': 8410, 'change': 10, 'player_num': 1, 'source': 'bumpers'}
2026-03-03 12:24:52,524 : INFO : SwitchController : <<<<<<< 's_flipper_left' inactive >>>>>>>
2026-03-03 12:24:52,612 : INFO : SwitchController : <<<<<<< 's_flipper_left_eos' active >>>>>>>
2026-03-03 12:24:52,612 : INFO : EventManager : Event: ======'machine_var_audits_switches_s_flipper_left_eos'====== Args={'value': 312, 'prev_value': 311, 'change': 1}
2026-03-03 12:24:52,757 : INFO : SwitchController : <<<<<<< 's_flipper_right_upper' active >>>>>>>
2026-03-03 12:24:52,757 : INFO : EventManager : Event: ======'machine_var_audits_switches_s_flipper_right_upper'====== Args={'value': 485, 'prev_value': 484, 'change': 1}
2026-03-03 12:24:52,780 : INFO : SwitchController : <<<<<<< 's_flipper_right_upper_eos' active >>>>>>>
2026-03-03 12:24:52,781 : INFO : EventManager : Event: ======'machine_var_audits_switches_s_flipper_right_upper_eos'====== Args={'value': 321, 'prev_value': 320, 'change': 1}
2026-03-03 12:24:52,783 : INFO : SwitchController : <<<<<<< 's_inlane_right_1' inactive >>>>>>>
2026-03-03 12:24:52,789 : INFO : SwitchController : <<<<<<< 's_inlane_right_1' active >>>>>>>
2026-03-03 12:24:52,789 : INFO : EventManager : Event: ======'s_inlane_right_1_active'====== Args={}
2026-03-03 12:24:52,789 : INFO : EventManager : Event: ======'sw_playfield_active'====== Args={}
2026-03-03 12:24:52,790 : INFO : EventManager : Event: ======'machine_var_audits_switches_s_inlane_right_1'====== Args={'value': 1189, 'prev_value': 1188, 'change': 1}
2026-03-03 12:24:52,790 : INFO : EventManager : Event: ======'machine_var_audits_shots_shot_inlane_right_1'====== Args={'value': 857, 'prev_value': 856, 'change': 1}
2026-03-03 12:24:52,790 : INFO : EventManager : Event: ======'shot_inlane_right_1_hit'====== Args={'profile': 'default', 'state': 'lit', 'advancing': False}
2026-03-03 12:24:52,790 : INFO : EventManager : Event: ======'shot_inlane_right_1_default_hit'====== Args={'profile': 'default', 'state': 'lit', 'advancing': False}
2026-03-03 12:24:52,790 : INFO : EventManager : Event: ======'shot_inlane_right_1_default_lit_hit'====== Args={'profile': 'default', 'state': 'lit', 'advancing': False}
2026-03-03 12:24:52,791 : INFO : EventManager : Event: ======'shot_inlane_right_1_lit_hit'====== Args={'profile': 'default', 'state': 'lit', 'advancing': False}
2026-03-03 12:24:52,791 : INFO : EventManager : Event: ======'inlanes_hit'====== Args={'shot': 'shot_inlane_right_1'}
2026-03-03 12:24:52,791 : INFO : EventManager : Event: ======'inlanes_lit_hit'====== Args={'shot': 'shot_inlane_right_1'}
2026-03-03 12:24:52,791 : INFO : EventManager : Event: ======'player_score'====== Args={'value': 8430, 'prev_value': 8420, 'change': 10, 'player_num': 1, 'source': 'bumpers'}
2026-03-03 12:24:52,915 : INFO : SwitchController : <<<<<<< 's_flipper_right_upper' inactive >>>>>>>
2026-03-03 12:24:52,923 : INFO : SwitchController : <<<<<<< 's_flipper_left' active >>>>>>>
2026-03-03 12:24:52,924 : INFO : EventManager : Event: ======'machine_var_audits_switches_s_flipper_left'====== Args={'value': 340, 'prev_value': 339, 'change': 1}
2026-03-03 12:24:52,945 : INFO : SwitchController : <<<<<<< 's_flipper_left_eos' inactive >>>>>>>
2026-03-03 12:24:52,948 : INFO : SwitchController : <<<<<<< 's_inlane_right_1' inactive >>>>>>>
2026-03-03 12:24:52,960 : INFO : SwitchController : <<<<<<< 's_inlane_right_1' active >>>>>>>
2026-03-03 12:24:52,960 : INFO : EventManager : Event: ======'s_inlane_right_1_active'====== Args={}
2026-03-03 12:24:52,960 : INFO : EventManager : Event: ======'sw_playfield_active'====== Args={}
2026-03-03 12:24:52,960 : INFO : EventManager : Event: ======'machine_var_audits_switches_s_inlane_right_1'====== Args={'value': 1190, 'prev_value': 1189, 'change': 1}
2026-03-03 12:24:52,961 : INFO : EventManager : Event: ======'machine_var_audits_shots_shot_inlane_right_1'====== Args={'value': 858, 'prev_value': 857, 'change': 1}
2026-03-03 12:24:52,961 : INFO : EventManager : Event: ======'shot_inlane_right_1_hit'====== Args={'profile': 'default', 'state': 'lit', 'advancing': False}
2026-03-03 12:24:52,961 : INFO : EventManager : Event: ======'shot_inlane_right_1_default_hit'====== Args={'profile': 'default', 'state': 'lit', 'advancing': False}
2026-03-03 12:24:52,961 : INFO : EventManager : Event: ======'shot_inlane_right_1_default_lit_hit'====== Args={'profile': 'default', 'state': 'lit', 'advancing': False}
2026-03-03 12:24:52,961 : INFO : EventManager : Event: ======'shot_inlane_right_1_lit_hit'====== Args={'profile': 'default', 'state': 'lit', 'advancing': False}
2026-03-03 12:24:52,961 : INFO : EventManager : Event: ======'inlanes_hit'====== Args={'shot': 'shot_inlane_right_1'}
2026-03-03 12:24:52,961 : INFO : EventManager : Event: ======'inlanes_lit_hit'====== Args={'shot': 'shot_inlane_right_1'}
2026-03-03 12:24:52,962 : INFO : EventManager : Event: ======'player_score'====== Args={'value': 8440, 'prev_value': 8430, 'change': 10, 'player_num': 1, 'source': 'bumpers'}
2026-03-03 12:24:53,015 : INFO : SwitchController : <<<<<<< 's_flipper_right_upper_eos' inactive >>>>>>>
2026-03-03 12:24:53,064 : INFO : SwitchController : <<<<<<< 's_flipper_left' inactive >>>>>>>
2026-03-03 12:24:53,152 : INFO : SwitchController : <<<<<<< 's_flipper_left_eos' active >>>>>>>
2026-03-03 12:24:53,152 : INFO : EventManager : Event: ======'machine_var_audits_switches_s_flipper_left_eos'====== Args={'value': 313, 'prev_value': 312, 'change': 1}
2026-03-03 12:24:53,607 : INFO : SwitchController : <<<<<<< 's_inlane_right_1' inactive >>>>>>>
2026-03-03 12:24:53,612 : INFO : SwitchController : <<<<<<< 's_inlane_right_1' active >>>>>>>
2026-03-03 12:24:53,612 : INFO : EventManager : Event: ======'s_inlane_right_1_active'====== Args={}
2026-03-03 12:24:53,612 : INFO : EventManager : Event: ======'sw_playfield_active'====== Args={}
2026-03-03 12:24:53,612 : INFO : EventManager : Event: ======'machine_var_audits_switches_s_inlane_right_1'====== Args={'value': 1191, 'prev_value': 1190, 'change': 1}
2026-03-03 12:24:53,613 : INFO : EventManager : Event: ======'machine_var_audits_shots_shot_inlane_right_1'====== Args={'value': 859, 'prev_value': 858, 'change': 1}
2026-03-03 12:24:53,613 : INFO : EventManager : Event: ======'shot_inlane_right_1_hit'====== Args={'profile': 'default', 'state': 'lit', 'advancing': False}
2026-03-03 12:24:53,613 : INFO : EventManager : Event: ======'shot_inlane_right_1_default_hit'====== Args={'profile': 'default', 'state': 'lit', 'advancing': False}
2026-03-03 12:24:53,613 : INFO : EventManager : Event: ======'shot_inlane_right_1_default_lit_hit'====== Args={'profile': 'default', 'state': 'lit', 'advancing': False}
2026-03-03 12:24:53,613 : INFO : EventManager : Event: ======'shot_inlane_right_1_lit_hit'====== Args={'profile': 'default', 'state': 'lit', 'advancing': False}
2026-03-03 12:24:53,613 : INFO : EventManager : Event: ======'inlanes_hit'====== Args={'shot': 'shot_inlane_right_1'}
2026-03-03 12:24:53,613 : INFO : EventManager : Event: ======'inlanes_lit_hit'====== Args={'shot': 'shot_inlane_right_1'}
2026-03-03 12:24:53,613 : INFO : EventManager : Event: ======'player_score'====== Args={'value': 8450, 'prev_value': 8440, 'change': 10, 'player_num': 1, 'source': 'bumpers'}
2026-03-03 12:24:53,645 : INFO : SwitchController : <<<<<<< 's_trough_6' active >>>>>>>
2026-03-03 12:24:53,645 : INFO : EventManager : Event: ======'machine_var_audits_switches_s_trough_6'====== Args={'value': 81, 'prev_value': 80, 'change': 1}
2026-03-03 12:24:54,146 : INFO : EventManager : Event: ======'balldevice_bd_trough_ball_count_changed'====== Args={'balls': 6}
2026-03-03 12:24:54,146 : INFO : ball_device.bd_trough : Received unexpected ball
2026-03-03 12:24:54,146 : INFO : EventManager : Event: ======'balldevice_captured_from_playfield'====== Args={'balls': 1}
2026-03-03 12:24:54,147 : INFO : EventManager : Event: ======'sw_playfield_active'====== Args={'balls': 1}
2026-03-03 12:24:54,147 : INFO : EventManager : Event: ======'playfield_ball_count_change'====== Args={'balls': 0, 'change': -1}
2026-03-03 12:24:54,148 : INFO : EventManager : Event: ======'balldevice_bd_trough_ball_enter'====== Args={'new_balls': 1, 'unclaimed_balls': 1, 'new_available_balls': 1, 'device': <ball_device.bd_trough>}
2026-03-03 12:24:54,148 : INFO : EventManager : Event: ======'ball_drain'====== Args={'device': <ball_device.bd_trough>, 'balls': 1}
2026-03-03 12:24:54,149 : INFO : EventManager : Event: ======'ball_will_end'====== Args={}
2026-03-03 12:24:54,149 : INFO : EventManager : Event: ======'balldevice_balls_available'====== Args={}
2026-03-03 12:24:54,149 : INFO : EventManager : Event: ======'balldevice_bd_trough_ball_entered'====== Args={'new_balls': 1, 'device': <ball_device.bd_trough>}
2026-03-03 12:24:54,150 : INFO : EventManager : Event: ======'mode_base_will_stop'====== Args={}
2026-03-03 12:24:54,150 : INFO : EventManager : Event: ======'mode_base_stopping'====== Args={}
2026-03-03 12:24:54,151 : INFO : EventManager : Event: ======'stop_mode_bumpers'====== Args={'priority': 0}
2026-03-03 12:24:54,151 : INFO : EventManager : Event: ======'mode_bumpers_will_stop'====== Args={}
2026-03-03 12:24:54,151 : INFO : EventManager : Event: ======'mode_bumpers_stopping'====== Args={}
2026-03-03 12:24:54,151 : INFO : Mode.base : Stopped.
2026-03-03 12:24:54,151 : INFO : EventManager : Event: ======'modes_active_modes_changed'====== Args={}
2026-03-03 12:24:54,152 : INFO : EventManager : Event: ======'mode_base_stopped'====== Args={}
2026-03-03 12:24:54,152 : INFO : EventManager : Event: ======'clear'====== Args={'key': 'base'}
2026-03-03 12:24:54,152 : INFO : Mode.bumpers : Stopped.
2026-03-03 12:24:54,152 : INFO : EventManager : Event: ======'modes_active_modes_changed'====== Args={}
2026-03-03 12:24:54,152 : INFO : EventManager : Event: ======'mode_bumpers_stopped'====== Args={}
2026-03-03 12:24:54,153 : INFO : EventManager : Event: ======'clear'====== Args={'key': 'bumpers'}
2026-03-03 12:24:54,154 : INFO : EventManager : Event: ======'ball_ending'====== Args={}
2026-03-03 12:24:54,155 : INFO : EventManager : Event: ======'ball_ended'====== Args={}
2026-03-03 12:24:54,157 : INFO : EventManager : Event: ======'player_turn_will_end'====== Args={'player': <Player 1>, 'number': 1}
2026-03-03 12:24:54,157 : INFO : EventManager : Event: ======'player_turn_ending'====== Args={'player': <Player 1>, 'number': 1}
2026-03-03 12:24:54,158 : INFO : EventManager : Event: ======'player_turn_ended'====== Args={'player': <Player 1>, 'number': 1}
2026-03-03 12:24:54,158 : INFO : EventManager : Event: ======'player_turn_will_start'====== Args={'player': <Player 1>, 'number': 1}
2026-03-03 12:24:54,159 : INFO : EventManager : Event: ======'player_turn_starting'====== Args={'player': <Player 1>, 'number': 1}
2026-03-03 12:24:54,159 : INFO : EventManager : Event: ======'player_ball'====== Args={'value': 2, 'prev_value': 1, 'change': 1, 'player_num': 1}
2026-03-03 12:24:54,160 : INFO : EventManager : Event: ======'player_turn_started'====== Args={'player': <Player 1>, 'number': 1}
2026-03-03 12:24:54,161 : INFO : EventManager : Event: ======'ball_will_start'====== Args={'player': 1, 'ball': 2, 'balls_remaining': 1, 'is_extra_ball': False}
2026-03-03 12:24:54,162 : INFO : EventManager : Event: ======'ball_starting'====== Args={'player': 1, 'ball': 2, 'balls_remaining': 1, 'is_extra_ball': False}
2026-03-03 12:24:54,166 : INFO : EventManager : Event: ======'mode_base_will_start'====== Args={'queue': <QueuedEvent>, 'player': 1, 'ball': 2, 'balls_remaining': 1, 'is_extra_ball': False}
2026-03-03 12:24:54,167 : INFO : EventManager : Event: ======'mode_base_starting'====== Args={'queue': <QueuedEvent>, 'player': 1, 'ball': 2, 'balls_remaining': 1, 'is_extra_ball': False}
2026-03-03 12:24:54,168 : INFO : Mode.base : Started. Priority: 100
2026-03-03 12:24:54,168 : INFO : EventManager : Event: ======'modes_active_modes_changed'====== Args={}
2026-03-03 12:24:54,168 : INFO : EventManager : Event: ======'mode_base_started'====== Args={'queue': <QueuedEvent>, 'player': 1, 'ball': 2, 'balls_remaining': 1, 'is_extra_ball': False}
2026-03-03 12:24:54,168 : INFO : EventManager : Event: ======'start_mode_bumpers'====== Args={'priority': 0}
2026-03-03 12:24:54,170 : INFO : EventManager : Event: ======'mode_bumpers_will_start'====== Args={'priority': 0}
2026-03-03 12:24:54,174 : INFO : EventManager : Event: ======'mode_bumpers_starting'====== Args={'priority': 0}
2026-03-03 12:24:54,174 : INFO : Mode.bumpers : Started. Priority: 200
2026-03-03 12:24:54,174 : INFO : EventManager : Event: ======'modes_active_modes_changed'====== Args={}
2026-03-03 12:24:54,174 : INFO : EventManager : Event: ======'mode_bumpers_started'====== Args={'priority': 0}
2026-03-03 12:24:54,175 : INFO : EventManager : Event: ======'balls_in_play'====== Args={'balls': 1}
2026-03-03 12:24:54,175 : INFO : EventManager : Event: ======'ball_started'====== Args={'player': 1, 'ball': 2, 'balls_remaining': 1, 'is_extra_ball': False}
2026-03-03 12:24:54,176 : INFO : EventManager : Event: ======'single_player_ball_started'====== Args={}
2026-03-03 12:24:54,177 : INFO : EventManager : Event: ======'ball_start_target'====== Args={'target': 'playfield'}
2026-03-03 12:24:54,177 : INFO : ball_device.bd_plunger : Setting up player-controlled eject. Balls: 1, Target: <playfield.playfield>, player_controlled_eject_event: None
2026-03-03 12:24:54,177 : INFO : EventManager : Event: ======'balldevice_balls_available'====== Args={}
2026-03-03 12:24:54,178 : INFO : ball_device.bd_trough : State: waiting_for_target_ready
2026-03-03 12:24:54,178 : INFO : EventManager : Event: ======'balldevice_bd_trough_ball_eject_attempt'====== Args={'balls': 1, 'target': <ball_device.bd_plunger>, 'source': <ball_device.bd_trough>, 'mechanical_eject': True, 'num_attempts': 0}
2026-03-03 12:24:54,178 : INFO : ball_device.bd_plunger : State: waiting_for_ball
2026-03-03 12:24:54,179 : INFO : ball_device.bd_trough : State: ejecting
2026-03-03 12:24:54,179 : INFO : ball_device.bd_trough : Ejecting ball to <ball_device.bd_plunger>
2026-03-03 12:24:54,179 : INFO : EventManager : Event: ======'balldevice_bd_trough_ejecting_ball'====== Args={'balls': 1, 'target': <ball_device.bd_plunger>, 'source': <ball_device.bd_trough>, 'mechanical_eject': True, 'num_attempts': 0}
2026-03-03 12:24:54,179 : INFO : ball_device.bd_trough : Wait for ball to leave device
2026-03-03 12:24:54,180 : INFO : coil.c_trough_eject : Pulsing Driver for 20ms (1.0 pulse_power)
2026-03-03 12:24:54,209 : INFO : SwitchController : <<<<<<< 's_trough_1' inactive >>>>>>>
2026-03-03 12:24:54,209 : INFO : SwitchController : <<<<<<< 's_trough_7' active >>>>>>>
2026-03-03 12:24:54,210 : INFO : EventManager : Event: ======'machine_var_audits_switches_s_trough_7'====== Args={'value': 47, 'prev_value': 46, 'change': 1}
2026-03-03 12:24:54,210 : INFO : ball_device.bd_trough : State: ball_left
2026-03-03 12:24:54,211 : INFO : ball_device.bd_trough : Ball left
2026-03-03 12:24:54,211 : INFO : ball_device.bd_trough : Wait for confirm with timeout 3.0
2026-03-03 12:24:54,224 : INFO : SwitchController : <<<<<<< 's_trough_7' inactive >>>>>>>
2026-03-03 12:24:54,244 : INFO : EventManager : Event: ======'slide_base_slide_created'====== Args={'_from_bcp': True}
2026-03-03 12:24:54,245 : INFO : EventManager : Event: ======'slide_base_slide_inactive'====== Args={'is_removing': True, '_from_bcp': True}
2026-03-03 12:24:54,245 : INFO : EventManager : Event: ======'slide_base_slide_active'====== Args={'original_context': 'base', 'original_calling_context': 'mode_base_started', 'priority': 100.0, 'queue': '<QueuedEvent>', 'player': 1.0, 'ball': 2.0, 'balls_remaining': 1.0, 'is_extra_ball': False, 'cmd': 'slides_play', '_from_bcp': True}
2026-03-03 12:24:54,245 : INFO : EventManager : Event: ======'slide_base_slide_removed'====== Args={'_from_bcp': True}
2026-03-03 12:24:54,265 : INFO : SwitchController : <<<<<<< 's_inlane_right_1' inactive >>>>>>>
2026-03-03 12:24:54,271 : INFO : SwitchController : <<<<<<< 's_inlane_right_1' active >>>>>>>
2026-03-03 12:24:54,272 : INFO : EventManager : Event: ======'playfield_active'====== Args={'source': 'shot_inlane_right_1'}
2026-03-03 12:24:54,272 : INFO : EventManager : Event: ======'unexpected_ball_on_playfield'====== Args={}
2026-03-03 12:24:54,272 : INFO : EventManager : Event: ======'s_inlane_right_1_active'====== Args={}
2026-03-03 12:24:54,272 : INFO : EventManager : Event: ======'sw_playfield_active'====== Args={}
2026-03-03 12:24:54,272 : INFO : EventManager : Event: ======'machine_var_audits_switches_s_inlane_right_1'====== Args={'value': 1192, 'prev_value': 1191, 'change': 1}
2026-03-03 12:24:54,272 : INFO : EventManager : Event: ======'machine_var_audits_shots_shot_inlane_right_1'====== Args={'value': 860, 'prev_value': 859, 'change': 1}
2026-03-03 12:24:54,273 : INFO : EventManager : Event: ======'shot_inlane_right_1_hit'====== Args={'profile': 'default', 'state': 'lit', 'advancing': False}
2026-03-03 12:24:54,273 : INFO : EventManager : Event: ======'shot_inlane_right_1_default_hit'====== Args={'profile': 'default', 'state': 'lit', 'advancing': False}
2026-03-03 12:24:54,273 : INFO : EventManager : Event: ======'shot_inlane_right_1_default_lit_hit'====== Args={'profile': 'default', 'state': 'lit', 'advancing': False}
2026-03-03 12:24:54,273 : INFO : EventManager : Event: ======'shot_inlane_right_1_lit_hit'====== Args={'profile': 'default', 'state': 'lit', 'advancing': False}
2026-03-03 12:24:54,273 : INFO : EventManager : Event: ======'inlanes_hit'====== Args={'shot': 'shot_inlane_right_1'}
2026-03-03 12:24:54,273 : INFO : EventManager : Event: ======'inlanes_lit_hit'====== Args={'shot': 'shot_inlane_right_1'}
2026-03-03 12:24:54,273 : INFO : EventManager : Event: ======'player_score'====== Args={'value': 8460, 'prev_value': 8450, 'change': 10, 'player_num': 1, 'source': 'bumpers'}
2026-03-03 12:24:54,275 : INFO : EventManager : Event: ======'playfield_active'====== Args={'source': None}
2026-03-03 12:24:54,275 : INFO : EventManager : Event: ======'unexpected_ball_on_playfield'====== Args={}
2026-03-03 12:24:54,349 : INFO : SwitchController : <<<<<<< 's_plunger' active >>>>>>>
2026-03-03 12:24:54,349 : INFO : EventManager : Event: ======'machine_var_audits_switches_s_plunger'====== Args={'value': 62, 'prev_value': 61, 'change': 1}
2026-03-03 12:24:54,426 : INFO : SwitchController : <<<<<<< 's_trough_3' inactive >>>>>>>
2026-03-03 12:24:54,426 : INFO : SwitchController : <<<<<<< 's_trough_2' inactive >>>>>>>
2026-03-03 12:24:54,428 : INFO : SwitchController : <<<<<<< 's_trough_4' inactive >>>>>>>
2026-03-03 12:24:54,428 : INFO : SwitchController : <<<<<<< 's_trough_5' inactive >>>>>>>
2026-03-03 12:24:54,429 : INFO : SwitchController : <<<<<<< 's_trough_6' inactive >>>>>>>
2026-03-03 12:24:54,444 : INFO : SwitchController : <<<<<<< 's_trough_1' active >>>>>>>
2026-03-03 12:24:54,444 : INFO : EventManager : Event: ======'machine_var_audits_switches_s_trough_1'====== Args={'value': 43, 'prev_value': 42, 'change': 1}
2026-03-03 12:24:54,447 : INFO : SwitchController : <<<<<<< 's_trough_2' active >>>>>>>
2026-03-03 12:24:54,447 : INFO : EventManager : Event: ======'machine_var_audits_switches_s_trough_2'====== Args={'value': 56, 'prev_value': 55, 'change': 1}
2026-03-03 12:24:54,449 : INFO : SwitchController : <<<<<<< 's_trough_4' active >>>>>>>
2026-03-03 12:24:54,449 : INFO : EventManager : Event: ======'machine_var_audits_switches_s_trough_4'====== Args={'value': 71, 'prev_value': 70, 'change': 1}
2026-03-03 12:24:54,450 : INFO : SwitchController : <<<<<<< 's_trough_3' active >>>>>>>
2026-03-03 12:24:54,450 : INFO : EventManager : Event: ======'machine_var_audits_switches_s_trough_3'====== Args={'value': 64, 'prev_value': 63, 'change': 1}
2026-03-03 12:24:54,451 : INFO : SwitchController : <<<<<<< 's_trough_5' active >>>>>>>
2026-03-03 12:24:54,451 : INFO : EventManager : Event: ======'machine_var_audits_switches_s_trough_5'====== Args={'value': 77, 'prev_value': 76, 'change': 1}
2026-03-03 12:24:54,849 : INFO : ball_device.bd_plunger : Received ball from <ball_device.bd_trough>
2026-03-03 12:24:54,850 : INFO : EventManager : Event: ======'balldevice_bd_plunger_ball_enter'====== Args={'new_balls': 1, 'unclaimed_balls': 0, 'new_available_balls': 0, 'device': <ball_device.bd_plunger>}
2026-03-03 12:24:54,850 : INFO : EventManager : Event: ======'balldevice_bd_plunger_ball_entered'====== Args={'new_balls': 0, 'device': <ball_device.bd_plunger>}
2026-03-03 12:24:54,850 : INFO : EventManager : Event: ======'balldevice_bd_plunger_ball_count_changed'====== Args={'balls': 1}
2026-03-03 12:24:54,851 : INFO : ball_device.bd_trough : Got eject confirm
2026-03-03 12:24:54,851 : INFO : ball_device.bd_trough : Eject successful
2026-03-03 12:24:54,851 : INFO : EventManager : Event: ======'balldevice_bd_trough_ball_eject_success'====== Args={'balls': 1, 'target': <ball_device.bd_plunger>}
2026-03-03 12:24:54,851 : INFO : ball_device.bd_plunger : State: waiting_for_target_ready
2026-03-03 12:24:54,851 : INFO : EventManager : Event: ======'balldevice_bd_plunger_ball_eject_attempt'====== Args={'balls': 1, 'target': <playfield.playfield>, 'source': <ball_device.bd_plunger>, 'mechanical_eject': True, 'num_attempts': 0}
2026-03-03 12:24:54,851 : INFO : EventManager : Event: ======'balldevice_bd_trough_ball_count_changed'====== Args={'balls': 5}
2026-03-03 12:24:54,852 : INFO : ball_device.bd_trough : State: idle
2026-03-03 12:24:54,852 : INFO : ball_device.bd_plunger : State: ejecting
2026-03-03 12:24:54,852 : INFO : ball_device.bd_plunger : Ejecting ball to <playfield.playfield>
2026-03-03 12:24:54,852 : INFO : EventManager : Event: ======'balldevice_bd_plunger_ejecting_ball'====== Args={'balls': 1, 'target': <playfield.playfield>, 'source': <ball_device.bd_plunger>, 'mechanical_eject': True, 'num_attempts': 0}
2026-03-03 12:24:54,853 : INFO : ball_device.bd_plunger : Wait for ball to leave device
2026-03-03 12:24:55,490 : INFO : SwitchController : <<<<<<< 's_plunger' inactive >>>>>>>
2026-03-03 12:24:55,491 : INFO : ball_device.bd_plunger : State: ball_left
2026-03-03 12:24:55,491 : INFO : ball_device.bd_plunger : Ball left
2026-03-03 12:24:55,491 : INFO : ball_device.bd_plunger : Wait for confirm with timeout 5.0
2026-03-03 12:24:58,364 : INFO : SwitchController : <<<<<<< 's_flipper_right_upper' active >>>>>>>
2026-03-03 12:24:58,364 : INFO : EventManager : Event: ======'machine_var_audits_switches_s_flipper_right_upper'====== Args={'value': 486, 'prev_value': 485, 'change': 1}
2026-03-03 12:24:58,374 : INFO : SwitchController : <<<<<<< 's_flipper_right_lower' active >>>>>>>
2026-03-03 12:24:58,374 : INFO : EventManager : Event: ======'machine_var_audits_switches_s_flipper_right_lower'====== Args={'value': 781, 'prev_value': 780, 'change': 1}
2026-03-03 12:24:58,387 : INFO : SwitchController : <<<<<<< 's_flipper_right_upper_eos' active >>>>>>>
2026-03-03 12:24:58,387 : INFO : EventManager : Event: ======'machine_var_audits_switches_s_flipper_right_upper_eos'====== Args={'value': 322, 'prev_value': 321, 'change': 1}
2026-03-03 12:24:58,391 : INFO : SwitchController : <<<<<<< 's_inlane_right_1' inactive >>>>>>>
2026-03-03 12:24:58,402 : INFO : SwitchController : <<<<<<< 's_inlane_right_1' active >>>>>>>
2026-03-03 12:24:58,402 : INFO : EventManager : Event: ======'playfield_active'====== Args={'source': 'shot_inlane_right_1'}
2026-03-03 12:24:58,402 : INFO : EventManager : Event: ======'s_inlane_right_1_active'====== Args={}
2026-03-03 12:24:58,402 : INFO : EventManager : Event: ======'sw_playfield_active'====== Args={}
2026-03-03 12:24:58,402 : INFO : EventManager : Event: ======'machine_var_audits_switches_s_inlane_right_1'====== Args={'value': 1193, 'prev_value': 1192, 'change': 1}
2026-03-03 12:24:58,403 : INFO : EventManager : Event: ======'machine_var_audits_shots_shot_inlane_right_1'====== Args={'value': 861, 'prev_value': 860, 'change': 1}
2026-03-03 12:24:58,403 : INFO : EventManager : Event: ======'shot_inlane_right_1_hit'====== Args={'profile': 'default', 'state': 'lit', 'advancing': False}
2026-03-03 12:24:58,403 : INFO : EventManager : Event: ======'shot_inlane_right_1_default_hit'====== Args={'profile': 'default', 'state': 'lit', 'advancing': False}
2026-03-03 12:24:58,404 : INFO : EventManager : Event: ======'shot_inlane_right_1_default_lit_hit'====== Args={'profile': 'default', 'state': 'lit', 'advancing': False}
2026-03-03 12:24:58,404 : INFO : EventManager : Event: ======'shot_inlane_right_1_lit_hit'====== Args={'profile': 'default', 'state': 'lit', 'advancing': False}
2026-03-03 12:24:58,404 : INFO : EventManager : Event: ======'inlanes_hit'====== Args={'shot': 'shot_inlane_right_1'}
2026-03-03 12:24:58,404 : INFO : EventManager : Event: ======'inlanes_lit_hit'====== Args={'shot': 'shot_inlane_right_1'}
2026-03-03 12:24:58,404 : INFO : EventManager : Event: ======'player_score'====== Args={'value': 8470, 'prev_value': 8460, 'change': 10, 'player_num': 1, 'source': 'bumpers'}
2026-03-03 12:24:58,406 : INFO : EventManager : Event: ======'playfield_active'====== Args={'source': None}
2026-03-03 12:24:58,406 : INFO : ball_device.bd_plunger : Got eject confirm
2026-03-03 12:24:58,406 : INFO : ball_device.bd_plunger : Eject successful
2026-03-03 12:24:58,406 : INFO : EventManager : Event: ======'balldevice_bd_plunger_ball_eject_success'====== Args={'balls': 1, 'target': <playfield.playfield>}
2026-03-03 12:24:58,407 : INFO : EventManager : Event: ======'balldevice_playfield_ball_enter'====== Args={'new_balls': 1, 'unclaimed_balls': 1, 'device': <playfield.playfield>}
2026-03-03 12:24:58,407 : INFO : EventManager : Event: ======'playfield_ball_count_change'====== Args={'balls': 1, 'change': 1}
2026-03-03 12:24:58,407 : INFO : EventManager : Event: ======'balldevice_bd_plunger_ball_count_changed'====== Args={'balls': 0}
2026-03-03 12:24:58,407 : INFO : ball_device.bd_plunger : State: idle
2026-03-03 12:24:58,411 : INFO : SwitchController : <<<<<<< 's_flipper_right_lower_eos' inactive >>>>>>>
2026-03-03 12:24:58,417 : INFO : SwitchController : <<<<<<< 's_inlane_right_1' inactive >>>>>>>
2026-03-03 12:24:58,420 : INFO : SwitchController : <<<<<<< 's_inlane_right_1' active >>>>>>>
2026-03-03 12:24:58,421 : INFO : EventManager : Event: ======'s_inlane_right_1_active'====== Args={}
2026-03-03 12:24:58,421 : INFO : EventManager : Event: ======'sw_playfield_active'====== Args={}
2026-03-03 12:24:58,421 : INFO : EventManager : Event: ======'machine_var_audits_switches_s_inlane_right_1'====== Args={'value': 1194, 'prev_value': 1193, 'change': 1}
2026-03-03 12:24:58,421 : INFO : EventManager : Event: ======'machine_var_audits_shots_shot_inlane_right_1'====== Args={'value': 862, 'prev_value': 861, 'change': 1}
2026-03-03 12:24:58,422 : INFO : EventManager : Event: ======'shot_inlane_right_1_hit'====== Args={'profile': 'default', 'state': 'lit', 'advancing': False}
2026-03-03 12:24:58,422 : INFO : EventManager : Event: ======'shot_inlane_right_1_default_hit'====== Args={'profile': 'default', 'state': 'lit', 'advancing': False}
2026-03-03 12:24:58,422 : INFO : EventManager : Event: ======'shot_inlane_right_1_default_lit_hit'====== Args={'profile': 'default', 'state': 'lit', 'advancing': False}
2026-03-03 12:24:58,422 : INFO : EventManager : Event: ======'shot_inlane_right_1_lit_hit'====== Args={'profile': 'default', 'state': 'lit', 'advancing': False}
2026-03-03 12:24:58,422 : INFO : EventManager : Event: ======'inlanes_hit'====== Args={'shot': 'shot_inlane_right_1'}
2026-03-03 12:24:58,422 : INFO : EventManager : Event: ======'inlanes_lit_hit'====== Args={'shot': 'shot_inlane_right_1'}
2026-03-03 12:24:58,422 : INFO : EventManager : Event: ======'player_score'====== Args={'value': 8480, 'prev_value': 8470, 'change': 10, 'player_num': 1, 'source': 'bumpers'}
2026-03-03 12:24:58,705 : INFO : SwitchController : <<<<<<< 's_flipper_right_lower' inactive >>>>>>>
2026-03-03 12:24:58,711 : INFO : SwitchController : <<<<<<< 's_flipper_right_upper' inactive >>>>>>>
2026-03-03 12:24:58,799 : INFO : SwitchController : <<<<<<< 's_flipper_right_lower_eos' active >>>>>>>
2026-03-03 12:24:58,799 : INFO : EventManager : Event: ======'machine_var_audits_switches_s_flipper_right_lower_eos'====== Args={'value': 561, 'prev_value': 560, 'change': 1}
2026-03-03 12:24:58,813 : INFO : SwitchController : <<<<<<< 's_flipper_right_upper_eos' inactive >>>>>>>
2026-03-03 12:24:59,512 : INFO : SwitchController : <<<<<<< 's_flipper_right_upper' active >>>>>>>
2026-03-03 12:24:59,512 : INFO : EventManager : Event: ======'machine_var_audits_switches_s_flipper_right_upper'====== Args={'value': 487, 'prev_value': 486, 'change': 1}
2026-03-03 12:24:59,529 : INFO : SwitchController : <<<<<<< 's_flipper_right_lower' active >>>>>>>
2026-03-03 12:24:59,529 : INFO : EventManager : Event: ======'machine_var_audits_switches_s_flipper_right_lower'====== Args={'value': 782, 'prev_value': 781, 'change': 1}
2026-03-03 12:24:59,549 : INFO : SwitchController : <<<<<<< 's_flipper_right_upper_eos' active >>>>>>>
2026-03-03 12:24:59,550 : INFO : EventManager : Event: ======'machine_var_audits_switches_s_flipper_right_upper_eos'====== Args={'value': 323, 'prev_value': 322, 'change': 1}
2026-03-03 12:24:59,566 : INFO : SwitchController : <<<<<<< 's_flipper_right_lower_eos' inactive >>>>>>>
2026-03-03 12:24:59,569 : INFO : SwitchController : <<<<<<< 's_inlane_right_1' inactive >>>>>>>
2026-03-03 12:24:59,580 : INFO : SwitchController : <<<<<<< 's_inlane_right_1' active >>>>>>>
2026-03-03 12:24:59,580 : INFO : EventManager : Event: ======'s_inlane_right_1_active'====== Args={}
2026-03-03 12:24:59,580 : INFO : EventManager : Event: ======'sw_playfield_active'====== Args={}
2026-03-03 12:24:59,581 : INFO : EventManager : Event: ======'machine_var_audits_switches_s_inlane_right_1'====== Args={'value': 1195, 'prev_value': 1194, 'change': 1}
2026-03-03 12:24:59,581 : INFO : EventManager : Event: ======'machine_var_audits_shots_shot_inlane_right_1'====== Args={'value': 863, 'prev_value': 862, 'change': 1}
2026-03-03 12:24:59,582 : INFO : EventManager : Event: ======'shot_inlane_right_1_hit'====== Args={'profile': 'default', 'state': 'lit', 'advancing': False}
2026-03-03 12:24:59,582 : INFO : EventManager : Event: ======'shot_inlane_right_1_default_hit'====== Args={'profile': 'default', 'state': 'lit', 'advancing': False}
2026-03-03 12:24:59,582 : INFO : EventManager : Event: ======'shot_inlane_right_1_default_lit_hit'====== Args={'profile': 'default', 'state': 'lit', 'advancing': False}
2026-03-03 12:24:59,582 : INFO : EventManager : Event: ======'shot_inlane_right_1_lit_hit'====== Args={'profile': 'default', 'state': 'lit', 'advancing': False}
2026-03-03 12:24:59,582 : INFO : EventManager : Event: ======'inlanes_hit'====== Args={'shot': 'shot_inlane_right_1'}
2026-03-03 12:24:59,582 : INFO : EventManager : Event: ======'inlanes_lit_hit'====== Args={'shot': 'shot_inlane_right_1'}
2026-03-03 12:24:59,582 : INFO : EventManager : Event: ======'player_score'====== Args={'value': 8490, 'prev_value': 8480, 'change': 10, 'player_num': 1, 'source': 'bumpers'}
2026-03-03 12:24:59,673 : INFO : SwitchController : <<<<<<< 's_flipper_right_lower' inactive >>>>>>>
2026-03-03 12:24:59,677 : INFO : SwitchController : <<<<<<< 's_flipper_right_upper' inactive >>>>>>>
2026-03-03 12:24:59,765 : INFO : SwitchController : <<<<<<< 's_flipper_right_lower_eos' active >>>>>>>
2026-03-03 12:24:59,765 : INFO : EventManager : Event: ======'machine_var_audits_switches_s_flipper_right_lower_eos'====== Args={'value': 562, 'prev_value': 561, 'change': 1}
2026-03-03 12:24:59,779 : INFO : SwitchController : <<<<<<< 's_flipper_right_upper_eos' inactive >>>>>>>
2026-03-03 12:25:00,835 : INFO : SwitchController : <<<<<<< 's_flipper_right_upper' active >>>>>>>
2026-03-03 12:25:00,836 : INFO : EventManager : Event: ======'machine_var_audits_switches_s_flipper_right_upper'====== Args={'value': 488, 'prev_value': 487, 'change': 1}
2026-03-03 12:25:00,838 : INFO : SwitchController : <<<<<<< 's_flipper_right_lower' active >>>>>>>
2026-03-03 12:25:00,838 : INFO : EventManager : Event: ======'machine_var_audits_switches_s_flipper_right_lower'====== Args={'value': 783, 'prev_value': 782, 'change': 1}
2026-03-03 12:25:00,859 : INFO : SwitchController : <<<<<<< 's_flipper_right_upper_eos' active >>>>>>>
2026-03-03 12:25:00,860 : INFO : EventManager : Event: ======'machine_var_audits_switches_s_flipper_right_upper_eos'====== Args={'value': 324, 'prev_value': 323, 'change': 1}
2026-03-03 12:25:00,860 : INFO : SwitchController : <<<<<<< 's_inlane_right_1' inactive >>>>>>>
2026-03-03 12:25:00,869 : INFO : SwitchController : <<<<<<< 's_inlane_right_1' active >>>>>>>
2026-03-03 12:25:00,870 : INFO : EventManager : Event: ======'s_inlane_right_1_active'====== Args={}
2026-03-03 12:25:00,870 : INFO : EventManager : Event: ======'sw_playfield_active'====== Args={}
2026-03-03 12:25:00,870 : INFO : EventManager : Event: ======'machine_var_audits_switches_s_inlane_right_1'====== Args={'value': 1196, 'prev_value': 1195, 'change': 1}
2026-03-03 12:25:00,870 : INFO : EventManager : Event: ======'machine_var_audits_shots_shot_inlane_right_1'====== Args={'value': 864, 'prev_value': 863, 'change': 1}
2026-03-03 12:25:00,871 : INFO : EventManager : Event: ======'shot_inlane_right_1_hit'====== Args={'profile': 'default', 'state': 'lit', 'advancing': False}
2026-03-03 12:25:00,871 : INFO : EventManager : Event: ======'shot_inlane_right_1_default_hit'====== Args={'profile': 'default', 'state': 'lit', 'advancing': False}
2026-03-03 12:25:00,871 : INFO : EventManager : Event: ======'shot_inlane_right_1_default_lit_hit'====== Args={'profile': 'default', 'state': 'lit', 'advancing': False}
2026-03-03 12:25:00,871 : INFO : EventManager : Event: ======'shot_inlane_right_1_lit_hit'====== Args={'profile': 'default', 'state': 'lit', 'advancing': False}
2026-03-03 12:25:00,871 : INFO : EventManager : Event: ======'inlanes_hit'====== Args={'shot': 'shot_inlane_right_1'}
2026-03-03 12:25:00,871 : INFO : EventManager : Event: ======'inlanes_lit_hit'====== Args={'shot': 'shot_inlane_right_1'}
2026-03-03 12:25:00,871 : INFO : EventManager : Event: ======'player_score'====== Args={'value': 8500, 'prev_value': 8490, 'change': 10, 'player_num': 1, 'source': 'bumpers'}
2026-03-03 12:25:01,258 : INFO : SwitchController : <<<<<<< 's_flipper_right_lower' inactive >>>>>>>
2026-03-03 12:25:01,262 : INFO : SwitchController : <<<<<<< 's_flipper_right_upper' inactive >>>>>>>
2026-03-03 12:25:01,364 : INFO : SwitchController : <<<<<<< 's_flipper_right_upper_eos' inactive >>>>>>>
2026-03-03 12:25:02,219 : INFO : SwitchController : <<<<<<< 's_flipper_left' active >>>>>>>
2026-03-03 12:25:02,219 : INFO : EventManager : Event: ======'machine_var_audits_switches_s_flipper_left'====== Args={'value': 341, 'prev_value': 340, 'change': 1}
2026-03-03 12:25:02,257 : INFO : SwitchController : <<<<<<< 's_flipper_left_eos' inactive >>>>>>>
2026-03-03 12:25:02,375 : INFO : SwitchController : <<<<<<< 's_flipper_left' inactive >>>>>>>
2026-03-03 12:25:02,463 : INFO : SwitchController : <<<<<<< 's_flipper_left_eos' active >>>>>>>
2026-03-03 12:25:02,463 : INFO : EventManager : Event: ======'machine_var_audits_switches_s_flipper_left_eos'====== Args={'value': 314, 'prev_value': 313, 'change': 1}
2026-03-03 12:25:04,967 : INFO : SwitchController : <<<<<<< 's_flipper_right_upper' active >>>>>>>
2026-03-03 12:25:04,967 : INFO : EventManager : Event: ======'machine_var_audits_switches_s_flipper_right_upper'====== Args={'value': 489, 'prev_value': 488, 'change': 1}
2026-03-03 12:25:04,984 : INFO : SwitchController : <<<<<<< 's_flipper_right_lower' active >>>>>>>
2026-03-03 12:25:04,984 : INFO : EventManager : Event: ======'machine_var_audits_switches_s_flipper_right_lower'====== Args={'value': 784, 'prev_value': 783, 'change': 1}
2026-03-03 12:25:04,990 : INFO : SwitchController : <<<<<<< 's_flipper_right_upper_eos' active >>>>>>>
2026-03-03 12:25:04,990 : INFO : EventManager : Event: ======'machine_var_audits_switches_s_flipper_right_upper_eos'====== Args={'value': 325, 'prev_value': 324, 'change': 1}
2026-03-03 12:25:04,992 : INFO : SwitchController : <<<<<<< 's_inlane_right_1' inactive >>>>>>>
2026-03-03 12:25:05,000 : INFO : SwitchController : <<<<<<< 's_inlane_right_1' active >>>>>>>
2026-03-03 12:25:05,000 : INFO : EventManager : Event: ======'s_inlane_right_1_active'====== Args={}
2026-03-03 12:25:05,000 : INFO : EventManager : Event: ======'sw_playfield_active'====== Args={}
2026-03-03 12:25:05,001 : INFO : EventManager : Event: ======'machine_var_audits_switches_s_inlane_right_1'====== Args={'value': 1197, 'prev_value': 1196, 'change': 1}
2026-03-03 12:25:05,001 : INFO : EventManager : Event: ======'machine_var_audits_shots_shot_inlane_right_1'====== Args={'value': 865, 'prev_value': 864, 'change': 1}
2026-03-03 12:25:05,002 : INFO : EventManager : Event: ======'shot_inlane_right_1_hit'====== Args={'profile': 'default', 'state': 'lit', 'advancing': False}
2026-03-03 12:25:05,002 : INFO : EventManager : Event: ======'shot_inlane_right_1_default_hit'====== Args={'profile': 'default', 'state': 'lit', 'advancing': False}
2026-03-03 12:25:05,002 : INFO : EventManager : Event: ======'shot_inlane_right_1_default_lit_hit'====== Args={'profile': 'default', 'state': 'lit', 'advancing': False}
2026-03-03 12:25:05,002 : INFO : EventManager : Event: ======'shot_inlane_right_1_lit_hit'====== Args={'profile': 'default', 'state': 'lit', 'advancing': False}
2026-03-03 12:25:05,002 : INFO : EventManager : Event: ======'inlanes_hit'====== Args={'shot': 'shot_inlane_right_1'}
2026-03-03 12:25:05,002 : INFO : EventManager : Event: ======'inlanes_lit_hit'====== Args={'shot': 'shot_inlane_right_1'}
2026-03-03 12:25:05,002 : INFO : EventManager : Event: ======'player_score'====== Args={'value': 8510, 'prev_value': 8500, 'change': 10, 'player_num': 1, 'source': 'bumpers'}
2026-03-03 12:25:05,142 : INFO : SwitchController : <<<<<<< 's_flipper_right_lower' inactive >>>>>>>
2026-03-03 12:25:05,144 : INFO : SwitchController : <<<<<<< 's_flipper_right_upper' inactive >>>>>>>
2026-03-03 12:25:05,245 : INFO : SwitchController : <<<<<<< 's_flipper_right_upper_eos' inactive >>>>>>>
2026-03-03 12:25:06,472 : INFO : SwitchController : <<<<<<< 's_flipper_right_upper' active >>>>>>>
2026-03-03 12:25:06,473 : INFO : EventManager : Event: ======'machine_var_audits_switches_s_flipper_right_upper'====== Args={'value': 490, 'prev_value': 489, 'change': 1}
2026-03-03 12:25:06,475 : INFO : SwitchController : <<<<<<< 's_flipper_right_lower' active >>>>>>>
2026-03-03 12:25:06,475 : INFO : EventManager : Event: ======'machine_var_audits_switches_s_flipper_right_lower'====== Args={'value': 785, 'prev_value': 784, 'change': 1}
2026-03-03 12:25:06,497 : INFO : SwitchController : <<<<<<< 's_flipper_right_upper_eos' active >>>>>>>
2026-03-03 12:25:06,497 : INFO : EventManager : Event: ======'machine_var_audits_switches_s_flipper_right_upper_eos'====== Args={'value': 326, 'prev_value': 325, 'change': 1}
2026-03-03 12:25:06,498 : INFO : SwitchController : <<<<<<< 's_inlane_right_1' inactive >>>>>>>
2026-03-03 12:25:06,506 : INFO : SwitchController : <<<<<<< 's_inlane_right_1' active >>>>>>>
2026-03-03 12:25:06,507 : INFO : EventManager : Event: ======'s_inlane_right_1_active'====== Args={}
2026-03-03 12:25:06,507 : INFO : EventManager : Event: ======'sw_playfield_active'====== Args={}
2026-03-03 12:25:06,507 : INFO : EventManager : Event: ======'machine_var_audits_switches_s_inlane_right_1'====== Args={'value': 1198, 'prev_value': 1197, 'change': 1}
2026-03-03 12:25:06,508 : INFO : EventManager : Event: ======'machine_var_audits_shots_shot_inlane_right_1'====== Args={'value': 866, 'prev_value': 865, 'change': 1}
2026-03-03 12:25:06,508 : INFO : EventManager : Event: ======'shot_inlane_right_1_hit'====== Args={'profile': 'default', 'state': 'lit', 'advancing': False}
2026-03-03 12:25:06,509 : INFO : EventManager : Event: ======'shot_inlane_right_1_default_hit'====== Args={'profile': 'default', 'state': 'lit', 'advancing': False}
2026-03-03 12:25:06,509 : INFO : EventManager : Event: ======'shot_inlane_right_1_default_lit_hit'====== Args={'profile': 'default', 'state': 'lit', 'advancing': False}
2026-03-03 12:25:06,509 : INFO : EventManager : Event: ======'shot_inlane_right_1_lit_hit'====== Args={'profile': 'default', 'state': 'lit', 'advancing': False}
2026-03-03 12:25:06,509 : INFO : EventManager : Event: ======'inlanes_hit'====== Args={'shot': 'shot_inlane_right_1'}
2026-03-03 12:25:06,509 : INFO : EventManager : Event: ======'inlanes_lit_hit'====== Args={'shot': 'shot_inlane_right_1'}
2026-03-03 12:25:06,509 : INFO : EventManager : Event: ======'player_score'====== Args={'value': 8520, 'prev_value': 8510, 'change': 10, 'player_num': 1, 'source': 'bumpers'}
2026-03-03 12:25:06,516 : INFO : SwitchController : <<<<<<< 's_flipper_right_lower_eos' inactive >>>>>>>
2026-03-03 12:25:06,625 : INFO : SwitchController : <<<<<<< 's_flipper_right_lower' inactive >>>>>>>
2026-03-03 12:25:06,629 : INFO : SwitchController : <<<<<<< 's_flipper_right_upper' inactive >>>>>>>
2026-03-03 12:25:06,728 : INFO : SwitchController : <<<<<<< 's_flipper_right_lower_eos' active >>>>>>>
2026-03-03 12:25:06,728 : INFO : EventManager : Event: ======'machine_var_audits_switches_s_flipper_right_lower_eos'====== Args={'value': 563, 'prev_value': 562, 'change': 1}
2026-03-03 12:25:06,731 : INFO : SwitchController : <<<<<<< 's_flipper_right_upper_eos' inactive >>>>>>>
2026-03-03 12:25:07,172 : INFO : SwitchController : <<<<<<< 's_flipper_right_upper' active >>>>>>>
2026-03-03 12:25:07,172 : INFO : EventManager : Event: ======'machine_var_audits_switches_s_flipper_right_upper'====== Args={'value': 491, 'prev_value': 490, 'change': 1}
2026-03-03 12:25:07,180 : INFO : SwitchController : <<<<<<< 's_flipper_right_lower' active >>>>>>>
2026-03-03 12:25:07,181 : INFO : EventManager : Event: ======'machine_var_audits_switches_s_flipper_right_lower'====== Args={'value': 786, 'prev_value': 785, 'change': 1}
2026-03-03 12:25:07,196 : INFO : SwitchController : <<<<<<< 's_flipper_right_upper_eos' active >>>>>>>
2026-03-03 12:25:07,197 : INFO : EventManager : Event: ======'machine_var_audits_switches_s_flipper_right_upper_eos'====== Args={'value': 327, 'prev_value': 326, 'change': 1}
2026-03-03 12:25:07,197 : INFO : SwitchController : <<<<<<< 's_inlane_right_1' inactive >>>>>>>
2026-03-03 12:25:07,213 : INFO : SwitchController : <<<<<<< 's_inlane_right_1' active >>>>>>>
2026-03-03 12:25:07,213 : INFO : EventManager : Event: ======'s_inlane_right_1_active'====== Args={}
2026-03-03 12:25:07,213 : INFO : EventManager : Event: ======'sw_playfield_active'====== Args={}
2026-03-03 12:25:07,213 : INFO : EventManager : Event: ======'machine_var_audits_switches_s_inlane_right_1'====== Args={'value': 1199, 'prev_value': 1198, 'change': 1}
2026-03-03 12:25:07,214 : INFO : EventManager : Event: ======'machine_var_audits_shots_shot_inlane_right_1'====== Args={'value': 867, 'prev_value': 866, 'change': 1}
2026-03-03 12:25:07,215 : INFO : EventManager : Event: ======'shot_inlane_right_1_hit'====== Args={'profile': 'default', 'state': 'lit', 'advancing': False}
2026-03-03 12:25:07,215 : INFO : EventManager : Event: ======'shot_inlane_right_1_default_hit'====== Args={'profile': 'default', 'state': 'lit', 'advancing': False}
2026-03-03 12:25:07,215 : INFO : EventManager : Event: ======'shot_inlane_right_1_default_lit_hit'====== Args={'profile': 'default', 'state': 'lit', 'advancing': False}
2026-03-03 12:25:07,215 : INFO : EventManager : Event: ======'shot_inlane_right_1_lit_hit'====== Args={'profile': 'default', 'state': 'lit', 'advancing': False}
2026-03-03 12:25:07,215 : INFO : EventManager : Event: ======'inlanes_hit'====== Args={'shot': 'shot_inlane_right_1'}
2026-03-03 12:25:07,216 : INFO : EventManager : Event: ======'inlanes_lit_hit'====== Args={'shot': 'shot_inlane_right_1'}
2026-03-03 12:25:07,216 : INFO : EventManager : Event: ======'player_score'====== Args={'value': 8530, 'prev_value': 8520, 'change': 10, 'player_num': 1, 'source': 'bumpers'}
2026-03-03 12:25:07,219 : INFO : SwitchController : <<<<<<< 's_flipper_right_lower_eos' inactive >>>>>>>
2026-03-03 12:25:07,222 : INFO : SwitchController : <<<<<<< 's_inlane_right_1' inactive >>>>>>>
2026-03-03 12:25:07,232 : INFO : SwitchController : <<<<<<< 's_inlane_right_1' active >>>>>>>
2026-03-03 12:25:07,232 : INFO : EventManager : Event: ======'s_inlane_right_1_active'====== Args={}
2026-03-03 12:25:07,232 : INFO : EventManager : Event: ======'sw_playfield_active'====== Args={}
2026-03-03 12:25:07,232 : INFO : EventManager : Event: ======'machine_var_audits_switches_s_inlane_right_1'====== Args={'value': 1200, 'prev_value': 1199, 'change': 1}
2026-03-03 12:25:07,233 : INFO : EventManager : Event: ======'machine_var_audits_shots_shot_inlane_right_1'====== Args={'value': 868, 'prev_value': 867, 'change': 1}
2026-03-03 12:25:07,233 : INFO : EventManager : Event: ======'shot_inlane_right_1_hit'====== Args={'profile': 'default', 'state': 'lit', 'advancing': False}
2026-03-03 12:25:07,233 : INFO : EventManager : Event: ======'shot_inlane_right_1_default_hit'====== Args={'profile': 'default', 'state': 'lit', 'advancing': False}
2026-03-03 12:25:07,233 : INFO : EventManager : Event: ======'shot_inlane_right_1_default_lit_hit'====== Args={'profile': 'default', 'state': 'lit', 'advancing': False}
2026-03-03 12:25:07,233 : INFO : EventManager : Event: ======'shot_inlane_right_1_lit_hit'====== Args={'profile': 'default', 'state': 'lit', 'advancing': False}
2026-03-03 12:25:07,233 : INFO : EventManager : Event: ======'inlanes_hit'====== Args={'shot': 'shot_inlane_right_1'}
2026-03-03 12:25:07,233 : INFO : EventManager : Event: ======'inlanes_lit_hit'====== Args={'shot': 'shot_inlane_right_1'}
2026-03-03 12:25:07,234 : INFO : EventManager : Event: ======'player_score'====== Args={'value': 8540, 'prev_value': 8530, 'change': 10, 'player_num': 1, 'source': 'bumpers'}
2026-03-03 12:25:07,334 : INFO : SwitchController : <<<<<<< 's_flipper_right_lower' inactive >>>>>>>
2026-03-03 12:25:07,337 : INFO : SwitchController : <<<<<<< 's_flipper_right_upper' inactive >>>>>>>
2026-03-03 12:25:07,414 : INFO : SwitchController : <<<<<<< 's_sling_right' active >>>>>>>
2026-03-03 12:25:07,414 : INFO : EventManager : Event: ======'s_sling_right_active'====== Args={}
2026-03-03 12:25:07,414 : INFO : EventManager : Event: ======'machine_var_audits_switches_s_sling_right'====== Args={'value': 65, 'prev_value': 64, 'change': 1}
2026-03-03 12:25:07,415 : INFO : EventManager : Event: ======'machine_var_audits_shots_shot_sling_right'====== Args={'value': 37, 'prev_value': 36, 'change': 1}
2026-03-03 12:25:07,415 : INFO : EventManager : Event: ======'shot_sling_right_hit'====== Args={'profile': 'default', 'state': 'lit', 'advancing': False}
2026-03-03 12:25:07,415 : INFO : EventManager : Event: ======'shot_sling_right_default_hit'====== Args={'profile': 'default', 'state': 'lit', 'advancing': False}
2026-03-03 12:25:07,415 : INFO : EventManager : Event: ======'shot_sling_right_default_lit_hit'====== Args={'profile': 'default', 'state': 'lit', 'advancing': False}
2026-03-03 12:25:07,415 : INFO : EventManager : Event: ======'shot_sling_right_lit_hit'====== Args={'profile': 'default', 'state': 'lit', 'advancing': False}
2026-03-03 12:25:07,416 : INFO : EventManager : Event: ======'slings_hit'====== Args={'shot': 'shot_sling_right'}
2026-03-03 12:25:07,416 : INFO : EventManager : Event: ======'slings_lit_hit'====== Args={'shot': 'shot_sling_right'}
2026-03-03 12:25:07,416 : INFO : EventManager : Event: ======'player_score'====== Args={'value': 9540, 'prev_value': 8540, 'change': 1000, 'player_num': 1, 'source': 'bumpers'}
2026-03-03 12:25:07,419 : INFO : SwitchController : <<<<<<< 's_sling_right' inactive >>>>>>>
2026-03-03 12:25:07,431 : INFO : SwitchController : <<<<<<< 's_flipper_right_lower_eos' active >>>>>>>
2026-03-03 12:25:07,431 : INFO : EventManager : Event: ======'machine_var_audits_switches_s_flipper_right_lower_eos'====== Args={'value': 564, 'prev_value': 563, 'change': 1}
2026-03-03 12:25:07,432 : INFO : SwitchController : <<<<<<< 's_inlane_right_1' inactive >>>>>>>
2026-03-03 12:25:07,437 : INFO : SwitchController : <<<<<<< 's_inlane_right_1' active >>>>>>>
2026-03-03 12:25:07,437 : INFO : EventManager : Event: ======'s_inlane_right_1_active'====== Args={}
2026-03-03 12:25:07,437 : INFO : EventManager : Event: ======'sw_playfield_active'====== Args={}
2026-03-03 12:25:07,437 : INFO : EventManager : Event: ======'machine_var_audits_switches_s_inlane_right_1'====== Args={'value': 1201, 'prev_value': 1200, 'change': 1}
2026-03-03 12:25:07,438 : INFO : EventManager : Event: ======'machine_var_audits_shots_shot_inlane_right_1'====== Args={'value': 869, 'prev_value': 868, 'change': 1}
2026-03-03 12:25:07,438 : INFO : EventManager : Event: ======'shot_inlane_right_1_hit'====== Args={'profile': 'default', 'state': 'lit', 'advancing': False}
2026-03-03 12:25:07,438 : INFO : EventManager : Event: ======'shot_inlane_right_1_default_hit'====== Args={'profile': 'default', 'state': 'lit', 'advancing': False}
2026-03-03 12:25:07,438 : INFO : EventManager : Event: ======'shot_inlane_right_1_default_lit_hit'====== Args={'profile': 'default', 'state': 'lit', 'advancing': False}
2026-03-03 12:25:07,438 : INFO : EventManager : Event: ======'shot_inlane_right_1_lit_hit'====== Args={'profile': 'default', 'state': 'lit', 'advancing': False}
2026-03-03 12:25:07,439 : INFO : EventManager : Event: ======'inlanes_hit'====== Args={'shot': 'shot_inlane_right_1'}
2026-03-03 12:25:07,439 : INFO : EventManager : Event: ======'inlanes_lit_hit'====== Args={'shot': 'shot_inlane_right_1'}
2026-03-03 12:25:07,439 : INFO : EventManager : Event: ======'player_score'====== Args={'value': 9550, 'prev_value': 9540, 'change': 10, 'player_num': 1, 'source': 'bumpers'}
2026-03-03 12:25:07,442 : INFO : SwitchController : <<<<<<< 's_flipper_right_upper_eos' inactive >>>>>>>
2026-03-03 12:25:07,827 : INFO : SwitchController : <<<<<<< 's_sling_left' active >>>>>>>
2026-03-03 12:25:07,827 : INFO : EventManager : Event: ======'s_sling_left_active'====== Args={}
2026-03-03 12:25:07,827 : INFO : EventManager : Event: ======'machine_var_audits_switches_s_sling_left'====== Args={'value': 577, 'prev_value': 576, 'change': 1}
2026-03-03 12:25:07,828 : INFO : EventManager : Event: ======'machine_var_audits_shots_shot_sling_left'====== Args={'value': 554, 'prev_value': 553, 'change': 1}
2026-03-03 12:25:07,828 : INFO : EventManager : Event: ======'shot_sling_left_hit'====== Args={'profile': 'default', 'state': 'lit', 'advancing': False}
2026-03-03 12:25:07,828 : INFO : EventManager : Event: ======'shot_sling_left_default_hit'====== Args={'profile': 'default', 'state': 'lit', 'advancing': False}
2026-03-03 12:25:07,828 : INFO : EventManager : Event: ======'shot_sling_left_default_lit_hit'====== Args={'profile': 'default', 'state': 'lit', 'advancing': False}
2026-03-03 12:25:07,828 : INFO : EventManager : Event: ======'shot_sling_left_lit_hit'====== Args={'profile': 'default', 'state': 'lit', 'advancing': False}
2026-03-03 12:25:07,828 : INFO : EventManager : Event: ======'slings_hit'====== Args={'shot': 'shot_sling_left'}
2026-03-03 12:25:07,828 : INFO : EventManager : Event: ======'slings_lit_hit'====== Args={'shot': 'shot_sling_left'}
2026-03-03 12:25:07,829 : INFO : EventManager : Event: ======'player_score'====== Args={'value': 10550, 'prev_value': 9550, 'change': 1000, 'player_num': 1, 'source': 'bumpers'}
2026-03-03 12:25:07,842 : INFO : SwitchController : <<<<<<< 's_sling_left' inactive >>>>>>>
2026-03-03 12:25:07,848 : INFO : SwitchController : <<<<<<< 's_inlane_right_1' inactive >>>>>>>
2026-03-03 12:25:07,856 : INFO : SwitchController : <<<<<<< 's_inlane_right_1' active >>>>>>>
2026-03-03 12:25:07,856 : INFO : EventManager : Event: ======'s_inlane_right_1_active'====== Args={}
2026-03-03 12:25:07,856 : INFO : EventManager : Event: ======'sw_playfield_active'====== Args={}
2026-03-03 12:25:07,856 : INFO : EventManager : Event: ======'machine_var_audits_switches_s_inlane_right_1'====== Args={'value': 1202, 'prev_value': 1201, 'change': 1}
2026-03-03 12:25:07,857 : INFO : EventManager : Event: ======'machine_var_audits_shots_shot_inlane_right_1'====== Args={'value': 870, 'prev_value': 869, 'change': 1}
2026-03-03 12:25:07,857 : INFO : EventManager : Event: ======'shot_inlane_right_1_hit'====== Args={'profile': 'default', 'state': 'lit', 'advancing': False}
2026-03-03 12:25:07,857 : INFO : EventManager : Event: ======'shot_inlane_right_1_default_hit'====== Args={'profile': 'default', 'state': 'lit', 'advancing': False}
2026-03-03 12:25:07,857 : INFO : EventManager : Event: ======'shot_inlane_right_1_default_lit_hit'====== Args={'profile': 'default', 'state': 'lit', 'advancing': False}
2026-03-03 12:25:07,858 : INFO : EventManager : Event: ======'shot_inlane_right_1_lit_hit'====== Args={'profile': 'default', 'state': 'lit', 'advancing': False}
2026-03-03 12:25:07,858 : INFO : EventManager : Event: ======'inlanes_hit'====== Args={'shot': 'shot_inlane_right_1'}
2026-03-03 12:25:07,858 : INFO : EventManager : Event: ======'inlanes_lit_hit'====== Args={'shot': 'shot_inlane_right_1'}
2026-03-03 12:25:07,858 : INFO : EventManager : Event: ======'player_score'====== Args={'value': 10560, 'prev_value': 10550, 'change': 10, 'player_num': 1, 'source': 'bumpers'}
2026-03-03 12:25:07,903 : INFO : SwitchController : <<<<<<< 's_inlane_right_1' inactive >>>>>>>
2026-03-03 12:25:07,909 : INFO : SwitchController : <<<<<<< 's_inlane_right_1' active >>>>>>>
2026-03-03 12:25:07,910 : INFO : EventManager : Event: ======'s_inlane_right_1_active'====== Args={}
2026-03-03 12:25:07,910 : INFO : EventManager : Event: ======'sw_playfield_active'====== Args={}
2026-03-03 12:25:07,910 : INFO : EventManager : Event: ======'machine_var_audits_switches_s_inlane_right_1'====== Args={'value': 1203, 'prev_value': 1202, 'change': 1}
2026-03-03 12:25:07,910 : INFO : EventManager : Event: ======'machine_var_audits_shots_shot_inlane_right_1'====== Args={'value': 871, 'prev_value': 870, 'change': 1}
2026-03-03 12:25:07,911 : INFO : EventManager : Event: ======'shot_inlane_right_1_hit'====== Args={'profile': 'default', 'state': 'lit', 'advancing': False}
2026-03-03 12:25:07,911 : INFO : EventManager : Event: ======'shot_inlane_right_1_default_hit'====== Args={'profile': 'default', 'state': 'lit', 'advancing': False}
2026-03-03 12:25:07,911 : INFO : EventManager : Event: ======'shot_inlane_right_1_default_lit_hit'====== Args={'profile': 'default', 'state': 'lit', 'advancing': False}
2026-03-03 12:25:07,911 : INFO : EventManager : Event: ======'shot_inlane_right_1_lit_hit'====== Args={'profile': 'default', 'state': 'lit', 'advancing': False}
2026-03-03 12:25:07,911 : INFO : EventManager : Event: ======'inlanes_hit'====== Args={'shot': 'shot_inlane_right_1'}
2026-03-03 12:25:07,911 : INFO : EventManager : Event: ======'inlanes_lit_hit'====== Args={'shot': 'shot_inlane_right_1'}
2026-03-03 12:25:07,911 : INFO : EventManager : Event: ======'player_score'====== Args={'value': 10570, 'prev_value': 10560, 'change': 10, 'player_num': 1, 'source': 'bumpers'}
2026-03-03 12:25:08,603 : INFO : SwitchController : <<<<<<< 's_flipper_right_lower' active >>>>>>>
2026-03-03 12:25:08,603 : INFO : EventManager : Event: ======'machine_var_audits_switches_s_flipper_right_lower'====== Args={'value': 787, 'prev_value': 786, 'change': 1}
2026-03-03 12:25:08,604 : INFO : SwitchController : <<<<<<< 's_flipper_right_upper' active >>>>>>>
2026-03-03 12:25:08,604 : INFO : EventManager : Event: ======'machine_var_audits_switches_s_flipper_right_upper'====== Args={'value': 492, 'prev_value': 491, 'change': 1}
2026-03-03 12:25:08,606 : INFO : SwitchController : <<<<<<< 's_flipper_right_lower' inactive >>>>>>>
2026-03-03 12:25:08,618 : INFO : SwitchController : <<<<<<< 's_flipper_right_lower' active >>>>>>>
2026-03-03 12:25:08,619 : INFO : EventManager : Event: ======'machine_var_audits_switches_s_flipper_right_lower'====== Args={'value': 788, 'prev_value': 787, 'change': 1}
2026-03-03 12:25:08,627 : INFO : SwitchController : <<<<<<< 's_flipper_right_upper_eos' active >>>>>>>
2026-03-03 12:25:08,628 : INFO : EventManager : Event: ======'machine_var_audits_switches_s_flipper_right_upper_eos'====== Args={'value': 328, 'prev_value': 327, 'change': 1}
2026-03-03 12:25:08,633 : INFO : SwitchController : <<<<<<< 's_inlane_right_1' inactive >>>>>>>
2026-03-03 12:25:08,637 : INFO : SwitchController : <<<<<<< 's_inlane_right_1' active >>>>>>>
2026-03-03 12:25:08,638 : INFO : EventManager : Event: ======'s_inlane_right_1_active'====== Args={}
2026-03-03 12:25:08,638 : INFO : EventManager : Event: ======'sw_playfield_active'====== Args={}
2026-03-03 12:25:08,638 : INFO : EventManager : Event: ======'machine_var_audits_switches_s_inlane_right_1'====== Args={'value': 1204, 'prev_value': 1203, 'change': 1}
2026-03-03 12:25:08,638 : INFO : EventManager : Event: ======'machine_var_audits_shots_shot_inlane_right_1'====== Args={'value': 872, 'prev_value': 871, 'change': 1}
2026-03-03 12:25:08,638 : INFO : EventManager : Event: ======'shot_inlane_right_1_hit'====== Args={'profile': 'default', 'state': 'lit', 'advancing': False}
2026-03-03 12:25:08,639 : INFO : EventManager : Event: ======'shot_inlane_right_1_default_hit'====== Args={'profile': 'default', 'state': 'lit', 'advancing': False}
2026-03-03 12:25:08,639 : INFO : EventManager : Event: ======'shot_inlane_right_1_default_lit_hit'====== Args={'profile': 'default', 'state': 'lit', 'advancing': False}
2026-03-03 12:25:08,639 : INFO : EventManager : Event: ======'shot_inlane_right_1_lit_hit'====== Args={'profile': 'default', 'state': 'lit', 'advancing': False}
2026-03-03 12:25:08,639 : INFO : EventManager : Event: ======'inlanes_hit'====== Args={'shot': 'shot_inlane_right_1'}
2026-03-03 12:25:08,639 : INFO : EventManager : Event: ======'inlanes_lit_hit'====== Args={'shot': 'shot_inlane_right_1'}
2026-03-03 12:25:08,639 : INFO : EventManager : Event: ======'player_score'====== Args={'value': 10580, 'prev_value': 10570, 'change': 10, 'player_num': 1, 'source': 'bumpers'}
2026-03-03 12:25:08,756 : INFO : SwitchController : <<<<<<< 's_flipper_right_lower' inactive >>>>>>>
2026-03-03 12:25:08,759 : INFO : SwitchController : <<<<<<< 's_flipper_right_upper' inactive >>>>>>>
2026-03-03 12:25:08,859 : INFO : SwitchController : <<<<<<< 's_flipper_right_upper_eos' inactive >>>>>>>
2026-03-03 12:25:08,884 : INFO : SwitchController : <<<<<<< 's_sling_left' active >>>>>>>
2026-03-03 12:25:08,884 : INFO : EventManager : Event: ======'s_sling_left_active'====== Args={}
2026-03-03 12:25:08,884 : INFO : EventManager : Event: ======'machine_var_audits_switches_s_sling_left'====== Args={'value': 578, 'prev_value': 577, 'change': 1}
2026-03-03 12:25:08,885 : INFO : EventManager : Event: ======'machine_var_audits_shots_shot_sling_left'====== Args={'value': 555, 'prev_value': 554, 'change': 1}
2026-03-03 12:25:08,885 : INFO : EventManager : Event: ======'shot_sling_left_hit'====== Args={'profile': 'default', 'state': 'lit', 'advancing': False}
2026-03-03 12:25:08,885 : INFO : EventManager : Event: ======'shot_sling_left_default_hit'====== Args={'profile': 'default', 'state': 'lit', 'advancing': False}
2026-03-03 12:25:08,885 : INFO : EventManager : Event: ======'shot_sling_left_default_lit_hit'====== Args={'profile': 'default', 'state': 'lit', 'advancing': False}
2026-03-03 12:25:08,885 : INFO : EventManager : Event: ======'shot_sling_left_lit_hit'====== Args={'profile': 'default', 'state': 'lit', 'advancing': False}
2026-03-03 12:25:08,885 : INFO : EventManager : Event: ======'slings_hit'====== Args={'shot': 'shot_sling_left'}
2026-03-03 12:25:08,885 : INFO : EventManager : Event: ======'slings_lit_hit'====== Args={'shot': 'shot_sling_left'}
2026-03-03 12:25:08,886 : INFO : EventManager : Event: ======'player_score'====== Args={'value': 11580, 'prev_value': 10580, 'change': 1000, 'player_num': 1, 'source': 'bumpers'}
2026-03-03 12:25:08,899 : INFO : SwitchController : <<<<<<< 's_sling_left' inactive >>>>>>>
2026-03-03 12:25:08,902 : INFO : SwitchController : <<<<<<< 's_inlane_right_1' inactive >>>>>>>
2026-03-03 12:25:08,907 : INFO : SwitchController : <<<<<<< 's_inlane_right_1' active >>>>>>>
2026-03-03 12:25:08,907 : INFO : EventManager : Event: ======'s_inlane_right_1_active'====== Args={}
2026-03-03 12:25:08,907 : INFO : EventManager : Event: ======'sw_playfield_active'====== Args={}
2026-03-03 12:25:08,907 : INFO : EventManager : Event: ======'machine_var_audits_switches_s_inlane_right_1'====== Args={'value': 1205, 'prev_value': 1204, 'change': 1}
2026-03-03 12:25:08,908 : INFO : EventManager : Event: ======'machine_var_audits_shots_shot_inlane_right_1'====== Args={'value': 873, 'prev_value': 872, 'change': 1}
2026-03-03 12:25:08,908 : INFO : EventManager : Event: ======'shot_inlane_right_1_hit'====== Args={'profile': 'default', 'state': 'lit', 'advancing': False}
2026-03-03 12:25:08,908 : INFO : EventManager : Event: ======'shot_inlane_right_1_default_hit'====== Args={'profile': 'default', 'state': 'lit', 'advancing': False}
2026-03-03 12:25:08,909 : INFO : EventManager : Event: ======'shot_inlane_right_1_default_lit_hit'====== Args={'profile': 'default', 'state': 'lit', 'advancing': False}
2026-03-03 12:25:08,909 : INFO : EventManager : Event: ======'shot_inlane_right_1_lit_hit'====== Args={'profile': 'default', 'state': 'lit', 'advancing': False}
2026-03-03 12:25:08,909 : INFO : EventManager : Event: ======'inlanes_hit'====== Args={'shot': 'shot_inlane_right_1'}
2026-03-03 12:25:08,909 : INFO : EventManager : Event: ======'inlanes_lit_hit'====== Args={'shot': 'shot_inlane_right_1'}
2026-03-03 12:25:08,909 : INFO : EventManager : Event: ======'player_score'====== Args={'value': 11590, 'prev_value': 11580, 'change': 10, 'player_num': 1, 'source': 'bumpers'}
2026-03-03 12:25:08,989 : INFO : SwitchController : <<<<<<< 's_sling_right' active >>>>>>>
2026-03-03 12:25:08,989 : INFO : EventManager : Event: ======'s_sling_right_active'====== Args={}
2026-03-03 12:25:08,989 : INFO : EventManager : Event: ======'machine_var_audits_switches_s_sling_right'====== Args={'value': 66, 'prev_value': 65, 'change': 1}
2026-03-03 12:25:08,990 : INFO : EventManager : Event: ======'machine_var_audits_shots_shot_sling_right'====== Args={'value': 38, 'prev_value': 37, 'change': 1}
2026-03-03 12:25:08,990 : INFO : EventManager : Event: ======'shot_sling_right_hit'====== Args={'profile': 'default', 'state': 'lit', 'advancing': False}
2026-03-03 12:25:08,990 : INFO : EventManager : Event: ======'shot_sling_right_default_hit'====== Args={'profile': 'default', 'state': 'lit', 'advancing': False}
2026-03-03 12:25:08,990 : INFO : EventManager : Event: ======'shot_sling_right_default_lit_hit'====== Args={'profile': 'default', 'state': 'lit', 'advancing': False}
2026-03-03 12:25:08,990 : INFO : EventManager : Event: ======'shot_sling_right_lit_hit'====== Args={'profile': 'default', 'state': 'lit', 'advancing': False}
2026-03-03 12:25:08,990 : INFO : EventManager : Event: ======'slings_hit'====== Args={'shot': 'shot_sling_right'}
2026-03-03 12:25:08,990 : INFO : EventManager : Event: ======'slings_lit_hit'====== Args={'shot': 'shot_sling_right'}
2026-03-03 12:25:08,991 : INFO : EventManager : Event: ======'player_score'====== Args={'value': 12590, 'prev_value': 11590, 'change': 1000, 'player_num': 1, 'source': 'bumpers'}
2026-03-03 12:25:09,004 : INFO : SwitchController : <<<<<<< 's_sling_right' inactive >>>>>>>
2026-03-03 12:25:09,006 : INFO : SwitchController : <<<<<<< 's_inlane_right_1' inactive >>>>>>>
2026-03-03 12:25:09,013 : INFO : SwitchController : <<<<<<< 's_inlane_right_1' active >>>>>>>
2026-03-03 12:25:09,013 : INFO : EventManager : Event: ======'s_inlane_right_1_active'====== Args={}
2026-03-03 12:25:09,013 : INFO : EventManager : Event: ======'sw_playfield_active'====== Args={}
2026-03-03 12:25:09,013 : INFO : EventManager : Event: ======'machine_var_audits_switches_s_inlane_right_1'====== Args={'value': 1206, 'prev_value': 1205, 'change': 1}
2026-03-03 12:25:09,014 : INFO : EventManager : Event: ======'machine_var_audits_shots_shot_inlane_right_1'====== Args={'value': 874, 'prev_value': 873, 'change': 1}
2026-03-03 12:25:09,014 : INFO : EventManager : Event: ======'shot_inlane_right_1_hit'====== Args={'profile': 'default', 'state': 'lit', 'advancing': False}
2026-03-03 12:25:09,014 : INFO : EventManager : Event: ======'shot_inlane_right_1_default_hit'====== Args={'profile': 'default', 'state': 'lit', 'advancing': False}
2026-03-03 12:25:09,014 : INFO : EventManager : Event: ======'shot_inlane_right_1_default_lit_hit'====== Args={'profile': 'default', 'state': 'lit', 'advancing': False}
2026-03-03 12:25:09,014 : INFO : EventManager : Event: ======'shot_inlane_right_1_lit_hit'====== Args={'profile': 'default', 'state': 'lit', 'advancing': False}
2026-03-03 12:25:09,014 : INFO : EventManager : Event: ======'inlanes_hit'====== Args={'shot': 'shot_inlane_right_1'}
2026-03-03 12:25:09,015 : INFO : EventManager : Event: ======'inlanes_lit_hit'====== Args={'shot': 'shot_inlane_right_1'}
2026-03-03 12:25:09,015 : INFO : EventManager : Event: ======'player_score'====== Args={'value': 12600, 'prev_value': 12590, 'change': 10, 'player_num': 1, 'source': 'bumpers'}
2026-03-03 12:25:09,069 : INFO : SwitchController : <<<<<<< 's_inlane_right_1' inactive >>>>>>>
2026-03-03 12:25:09,072 : INFO : SwitchController : <<<<<<< 's_sling_left' active >>>>>>>
2026-03-03 12:25:09,072 : INFO : EventManager : Event: ======'s_sling_left_active'====== Args={}
2026-03-03 12:25:09,073 : INFO : EventManager : Event: ======'machine_var_audits_switches_s_sling_left'====== Args={'value': 579, 'prev_value': 578, 'change': 1}
2026-03-03 12:25:09,073 : INFO : EventManager : Event: ======'machine_var_audits_shots_shot_sling_left'====== Args={'value': 556, 'prev_value': 555, 'change': 1}
2026-03-03 12:25:09,074 : INFO : EventManager : Event: ======'shot_sling_left_hit'====== Args={'profile': 'default', 'state': 'lit', 'advancing': False}
2026-03-03 12:25:09,074 : INFO : EventManager : Event: ======'shot_sling_left_default_hit'====== Args={'profile': 'default', 'state': 'lit', 'advancing': False}
2026-03-03 12:25:09,074 : INFO : EventManager : Event: ======'shot_sling_left_default_lit_hit'====== Args={'profile': 'default', 'state': 'lit', 'advancing': False}
2026-03-03 12:25:09,074 : INFO : EventManager : Event: ======'shot_sling_left_lit_hit'====== Args={'profile': 'default', 'state': 'lit', 'advancing': False}
2026-03-03 12:25:09,074 : INFO : EventManager : Event: ======'slings_hit'====== Args={'shot': 'shot_sling_left'}
2026-03-03 12:25:09,074 : INFO : EventManager : Event: ======'slings_lit_hit'====== Args={'shot': 'shot_sling_left'}
2026-03-03 12:25:09,074 : INFO : EventManager : Event: ======'player_score'====== Args={'value': 13600, 'prev_value': 12600, 'change': 1000, 'player_num': 1, 'source': 'bumpers'}
2026-03-03 12:25:09,076 : INFO : SwitchController : <<<<<<< 's_inlane_right_1' active >>>>>>>
2026-03-03 12:25:09,076 : INFO : EventManager : Event: ======'s_inlane_right_1_active'====== Args={}
2026-03-03 12:25:09,076 : INFO : EventManager : Event: ======'sw_playfield_active'====== Args={}
2026-03-03 12:25:09,076 : INFO : EventManager : Event: ======'machine_var_audits_switches_s_inlane_right_1'====== Args={'value': 1207, 'prev_value': 1206, 'change': 1}
2026-03-03 12:25:09,077 : INFO : EventManager : Event: ======'machine_var_audits_shots_shot_inlane_right_1'====== Args={'value': 875, 'prev_value': 874, 'change': 1}
2026-03-03 12:25:09,077 : INFO : EventManager : Event: ======'shot_inlane_right_1_hit'====== Args={'profile': 'default', 'state': 'lit', 'advancing': False}
2026-03-03 12:25:09,077 : INFO : EventManager : Event: ======'shot_inlane_right_1_default_hit'====== Args={'profile': 'default', 'state': 'lit', 'advancing': False}
2026-03-03 12:25:09,077 : INFO : EventManager : Event: ======'shot_inlane_right_1_default_lit_hit'====== Args={'profile': 'default', 'state': 'lit', 'advancing': False}
2026-03-03 12:25:09,077 : INFO : EventManager : Event: ======'shot_inlane_right_1_lit_hit'====== Args={'profile': 'default', 'state': 'lit', 'advancing': False}
2026-03-03 12:25:09,077 : INFO : EventManager : Event: ======'inlanes_hit'====== Args={'shot': 'shot_inlane_right_1'}
2026-03-03 12:25:09,077 : INFO : EventManager : Event: ======'inlanes_lit_hit'====== Args={'shot': 'shot_inlane_right_1'}
2026-03-03 12:25:09,077 : INFO : EventManager : Event: ======'player_score'====== Args={'value': 13610, 'prev_value': 13600, 'change': 10, 'player_num': 1, 'source': 'bumpers'}
2026-03-03 12:25:09,087 : INFO : SwitchController : <<<<<<< 's_sling_left' inactive >>>>>>>
2026-03-03 12:25:09,092 : INFO : SwitchController : <<<<<<< 's_inlane_right_1' inactive >>>>>>>
2026-03-03 12:25:09,097 : INFO : SwitchController : <<<<<<< 's_inlane_right_1' active >>>>>>>
2026-03-03 12:25:09,097 : INFO : EventManager : Event: ======'s_inlane_right_1_active'====== Args={}
2026-03-03 12:25:09,097 : INFO : EventManager : Event: ======'sw_playfield_active'====== Args={}
2026-03-03 12:25:09,097 : INFO : EventManager : Event: ======'machine_var_audits_switches_s_inlane_right_1'====== Args={'value': 1208, 'prev_value': 1207, 'change': 1}
2026-03-03 12:25:09,097 : INFO : EventManager : Event: ======'machine_var_audits_shots_shot_inlane_right_1'====== Args={'value': 876, 'prev_value': 875, 'change': 1}
2026-03-03 12:25:09,098 : INFO : EventManager : Event: ======'shot_inlane_right_1_hit'====== Args={'profile': 'default', 'state': 'lit', 'advancing': False}
2026-03-03 12:25:09,098 : INFO : EventManager : Event: ======'shot_inlane_right_1_default_hit'====== Args={'profile': 'default', 'state': 'lit', 'advancing': False}
2026-03-03 12:25:09,098 : INFO : EventManager : Event: ======'shot_inlane_right_1_default_lit_hit'====== Args={'profile': 'default', 'state': 'lit', 'advancing': False}
2026-03-03 12:25:09,098 : INFO : EventManager : Event: ======'shot_inlane_right_1_lit_hit'====== Args={'profile': 'default', 'state': 'lit', 'advancing': False}
2026-03-03 12:25:09,098 : INFO : EventManager : Event: ======'inlanes_hit'====== Args={'shot': 'shot_inlane_right_1'}
2026-03-03 12:25:09,098 : INFO : EventManager : Event: ======'inlanes_lit_hit'====== Args={'shot': 'shot_inlane_right_1'}
2026-03-03 12:25:09,098 : INFO : EventManager : Event: ======'player_score'====== Args={'value': 13620, 'prev_value': 13610, 'change': 10, 'player_num': 1, 'source': 'bumpers'}
2026-03-03 12:25:09,183 : INFO : SwitchController : <<<<<<< 's_sling_right' active >>>>>>>
2026-03-03 12:25:09,183 : INFO : EventManager : Event: ======'s_sling_right_active'====== Args={}
2026-03-03 12:25:09,183 : INFO : EventManager : Event: ======'machine_var_audits_switches_s_sling_right'====== Args={'value': 67, 'prev_value': 66, 'change': 1}
2026-03-03 12:25:09,184 : INFO : EventManager : Event: ======'machine_var_audits_shots_shot_sling_right'====== Args={'value': 39, 'prev_value': 38, 'change': 1}
2026-03-03 12:25:09,184 : INFO : EventManager : Event: ======'shot_sling_right_hit'====== Args={'profile': 'default', 'state': 'lit', 'advancing': False}
2026-03-03 12:25:09,184 : INFO : EventManager : Event: ======'shot_sling_right_default_hit'====== Args={'profile': 'default', 'state': 'lit', 'advancing': False}
2026-03-03 12:25:09,185 : INFO : EventManager : Event: ======'shot_sling_right_default_lit_hit'====== Args={'profile': 'default', 'state': 'lit', 'advancing': False}
2026-03-03 12:25:09,185 : INFO : EventManager : Event: ======'shot_sling_right_lit_hit'====== Args={'profile': 'default', 'state': 'lit', 'advancing': False}
2026-03-03 12:25:09,185 : INFO : EventManager : Event: ======'slings_hit'====== Args={'shot': 'shot_sling_right'}
2026-03-03 12:25:09,185 : INFO : EventManager : Event: ======'slings_lit_hit'====== Args={'shot': 'shot_sling_right'}
2026-03-03 12:25:09,185 : INFO : EventManager : Event: ======'player_score'====== Args={'value': 14620, 'prev_value': 13620, 'change': 1000, 'player_num': 1, 'source': 'bumpers'}
2026-03-03 12:25:09,198 : INFO : SwitchController : <<<<<<< 's_sling_right' inactive >>>>>>>
2026-03-03 12:25:09,201 : INFO : SwitchController : <<<<<<< 's_inlane_right_1' inactive >>>>>>>
2026-03-03 12:25:09,208 : INFO : SwitchController : <<<<<<< 's_inlane_right_1' active >>>>>>>
2026-03-03 12:25:09,208 : INFO : EventManager : Event: ======'s_inlane_right_1_active'====== Args={}
2026-03-03 12:25:09,209 : INFO : EventManager : Event: ======'sw_playfield_active'====== Args={}
2026-03-03 12:25:09,209 : INFO : EventManager : Event: ======'machine_var_audits_switches_s_inlane_right_1'====== Args={'value': 1209, 'prev_value': 1208, 'change': 1}
2026-03-03 12:25:09,209 : INFO : EventManager : Event: ======'machine_var_audits_shots_shot_inlane_right_1'====== Args={'value': 877, 'prev_value': 876, 'change': 1}
2026-03-03 12:25:09,210 : INFO : EventManager : Event: ======'shot_inlane_right_1_hit'====== Args={'profile': 'default', 'state': 'lit', 'advancing': False}
2026-03-03 12:25:09,210 : INFO : EventManager : Event: ======'shot_inlane_right_1_default_hit'====== Args={'profile': 'default', 'state': 'lit', 'advancing': False}
2026-03-03 12:25:09,210 : INFO : EventManager : Event: ======'shot_inlane_right_1_default_lit_hit'====== Args={'profile': 'default', 'state': 'lit', 'advancing': False}
2026-03-03 12:25:09,210 : INFO : EventManager : Event: ======'shot_inlane_right_1_lit_hit'====== Args={'profile': 'default', 'state': 'lit', 'advancing': False}
2026-03-03 12:25:09,210 : INFO : EventManager : Event: ======'inlanes_hit'====== Args={'shot': 'shot_inlane_right_1'}
2026-03-03 12:25:09,210 : INFO : EventManager : Event: ======'inlanes_lit_hit'====== Args={'shot': 'shot_inlane_right_1'}
2026-03-03 12:25:09,211 : INFO : EventManager : Event: ======'player_score'====== Args={'value': 14630, 'prev_value': 14620, 'change': 10, 'player_num': 1, 'source': 'bumpers'}
2026-03-03 12:25:10,731 : INFO : SwitchController : <<<<<<< 's_flipper_left' active >>>>>>>
2026-03-03 12:25:10,731 : INFO : EventManager : Event: ======'machine_var_audits_switches_s_flipper_left'====== Args={'value': 342, 'prev_value': 341, 'change': 1}
2026-03-03 12:25:10,754 : INFO : SwitchController : <<<<<<< 's_flipper_left_eos' inactive >>>>>>>
2026-03-03 12:25:10,757 : INFO : SwitchController : <<<<<<< 's_inlane_right_1' inactive >>>>>>>
2026-03-03 12:25:10,768 : INFO : SwitchController : <<<<<<< 's_inlane_right_1' active >>>>>>>
2026-03-03 12:25:10,768 : INFO : EventManager : Event: ======'s_inlane_right_1_active'====== Args={}
2026-03-03 12:25:10,768 : INFO : EventManager : Event: ======'sw_playfield_active'====== Args={}
2026-03-03 12:25:10,768 : INFO : EventManager : Event: ======'machine_var_audits_switches_s_inlane_right_1'====== Args={'value': 1210, 'prev_value': 1209, 'change': 1}
2026-03-03 12:25:10,768 : INFO : EventManager : Event: ======'machine_var_audits_shots_shot_inlane_right_1'====== Args={'value': 878, 'prev_value': 877, 'change': 1}
2026-03-03 12:25:10,769 : INFO : EventManager : Event: ======'shot_inlane_right_1_hit'====== Args={'profile': 'default', 'state': 'lit', 'advancing': False}
2026-03-03 12:25:10,769 : INFO : EventManager : Event: ======'shot_inlane_right_1_default_hit'====== Args={'profile': 'default', 'state': 'lit', 'advancing': False}
2026-03-03 12:25:10,769 : INFO : EventManager : Event: ======'shot_inlane_right_1_default_lit_hit'====== Args={'profile': 'default', 'state': 'lit', 'advancing': False}
2026-03-03 12:25:10,769 : INFO : EventManager : Event: ======'shot_inlane_right_1_lit_hit'====== Args={'profile': 'default', 'state': 'lit', 'advancing': False}
2026-03-03 12:25:10,769 : INFO : EventManager : Event: ======'inlanes_hit'====== Args={'shot': 'shot_inlane_right_1'}
2026-03-03 12:25:10,769 : INFO : EventManager : Event: ======'inlanes_lit_hit'====== Args={'shot': 'shot_inlane_right_1'}
2026-03-03 12:25:10,769 : INFO : EventManager : Event: ======'player_score'====== Args={'value': 14640, 'prev_value': 14630, 'change': 10, 'player_num': 1, 'source': 'bumpers'}
2026-03-03 12:25:10,920 : INFO : SwitchController : <<<<<<< 's_flipper_left' inactive >>>>>>>
2026-03-03 12:25:10,985 : INFO : SwitchController : <<<<<<< 's_flipper_left' active >>>>>>>
2026-03-03 12:25:10,985 : INFO : EventManager : Event: ======'machine_var_audits_switches_s_flipper_left'====== Args={'value': 343, 'prev_value': 342, 'change': 1}
2026-03-03 12:25:11,128 : INFO : SwitchController : <<<<<<< 's_flipper_left' inactive >>>>>>>
2026-03-03 12:25:11,216 : INFO : SwitchController : <<<<<<< 's_flipper_left_eos' active >>>>>>>
2026-03-03 12:25:11,217 : INFO : EventManager : Event: ======'machine_var_audits_switches_s_flipper_left_eos'====== Args={'value': 315, 'prev_value': 314, 'change': 1}
2026-03-03 12:25:11,232 : INFO : SwitchController : <<<<<<< 's_flipper_right_upper' active >>>>>>>
2026-03-03 12:25:11,233 : INFO : EventManager : Event: ======'machine_var_audits_switches_s_flipper_right_upper'====== Args={'value': 493, 'prev_value': 492, 'change': 1}
2026-03-03 12:25:11,255 : INFO : SwitchController : <<<<<<< 's_flipper_right_upper_eos' active >>>>>>>
2026-03-03 12:25:11,255 : INFO : EventManager : Event: ======'machine_var_audits_switches_s_flipper_right_upper_eos'====== Args={'value': 329, 'prev_value': 328, 'change': 1}
2026-03-03 12:25:11,402 : INFO : SwitchController : <<<<<<< 's_flipper_right_upper' inactive >>>>>>>
2026-03-03 12:25:11,503 : INFO : SwitchController : <<<<<<< 's_flipper_right_upper_eos' inactive >>>>>>>
2026-03-03 12:25:11,861 : INFO : SwitchController : <<<<<<< 's_flipper_right_upper' active >>>>>>>
2026-03-03 12:25:11,862 : INFO : EventManager : Event: ======'machine_var_audits_switches_s_flipper_right_upper'====== Args={'value': 494, 'prev_value': 493, 'change': 1}
2026-03-03 12:25:11,862 : INFO : SwitchController : <<<<<<< 's_flipper_right_lower' active >>>>>>>
2026-03-03 12:25:11,863 : INFO : EventManager : Event: ======'machine_var_audits_switches_s_flipper_right_lower'====== Args={'value': 789, 'prev_value': 788, 'change': 1}
2026-03-03 12:25:11,863 : INFO : SwitchController : <<<<<<< 's_flipper_right_upper_eos' active >>>>>>>
2026-03-03 12:25:11,863 : INFO : EventManager : Event: ======'machine_var_audits_switches_s_flipper_right_upper_eos'====== Args={'value': 330, 'prev_value': 329, 'change': 1}
2026-03-03 12:25:11,864 : INFO : SwitchController : <<<<<<< 's_inlane_right_1' inactive >>>>>>>
2026-03-03 12:25:11,868 : INFO : SwitchController : <<<<<<< 's_inlane_right_1' active >>>>>>>
2026-03-03 12:25:11,868 : INFO : EventManager : Event: ======'s_inlane_right_1_active'====== Args={}
2026-03-03 12:25:11,868 : INFO : EventManager : Event: ======'sw_playfield_active'====== Args={}
2026-03-03 12:25:11,868 : INFO : EventManager : Event: ======'machine_var_audits_switches_s_inlane_right_1'====== Args={'value': 1211, 'prev_value': 1210, 'change': 1}
2026-03-03 12:25:11,869 : INFO : EventManager : Event: ======'machine_var_audits_shots_shot_inlane_right_1'====== Args={'value': 879, 'prev_value': 878, 'change': 1}
2026-03-03 12:25:11,869 : INFO : EventManager : Event: ======'shot_inlane_right_1_hit'====== Args={'profile': 'default', 'state': 'lit', 'advancing': False}
2026-03-03 12:25:11,869 : INFO : EventManager : Event: ======'shot_inlane_right_1_default_hit'====== Args={'profile': 'default', 'state': 'lit', 'advancing': False}
2026-03-03 12:25:11,869 : INFO : EventManager : Event: ======'shot_inlane_right_1_default_lit_hit'====== Args={'profile': 'default', 'state': 'lit', 'advancing': False}
2026-03-03 12:25:11,869 : INFO : EventManager : Event: ======'shot_inlane_right_1_lit_hit'====== Args={'profile': 'default', 'state': 'lit', 'advancing': False}
2026-03-03 12:25:11,878 : INFO : EventManager : Event: ======'inlanes_hit'====== Args={'shot': 'shot_inlane_right_1'}
2026-03-03 12:25:11,879 : INFO : EventManager : Event: ======'inlanes_lit_hit'====== Args={'shot': 'shot_inlane_right_1'}
2026-03-03 12:25:11,879 : INFO : EventManager : Event: ======'player_score'====== Args={'value': 14650, 'prev_value': 14640, 'change': 10, 'player_num': 1, 'source': 'bumpers'}
2026-03-03 12:25:11,890 : INFO : SwitchController : <<<<<<< 's_flipper_right_lower_eos' inactive >>>>>>>
2026-03-03 12:25:11,890 : INFO : SwitchController : <<<<<<< 's_inlane_right_1' inactive >>>>>>>
2026-03-03 12:25:11,890 : INFO : SwitchController : <<<<<<< 's_inlane_right_1' active >>>>>>>
2026-03-03 12:25:11,891 : INFO : EventManager : Event: ======'s_inlane_right_1_active'====== Args={}
2026-03-03 12:25:11,891 : INFO : EventManager : Event: ======'sw_playfield_active'====== Args={}
2026-03-03 12:25:11,891 : INFO : EventManager : Event: ======'machine_var_audits_switches_s_inlane_right_1'====== Args={'value': 1212, 'prev_value': 1211, 'change': 1}
2026-03-03 12:25:11,891 : INFO : EventManager : Event: ======'machine_var_audits_shots_shot_inlane_right_1'====== Args={'value': 880, 'prev_value': 879, 'change': 1}
2026-03-03 12:25:11,891 : INFO : EventManager : Event: ======'shot_inlane_right_1_hit'====== Args={'profile': 'default', 'state': 'lit', 'advancing': False}
2026-03-03 12:25:11,892 : INFO : EventManager : Event: ======'shot_inlane_right_1_default_hit'====== Args={'profile': 'default', 'state': 'lit', 'advancing': False}
2026-03-03 12:25:11,892 : INFO : EventManager : Event: ======'shot_inlane_right_1_default_lit_hit'====== Args={'profile': 'default', 'state': 'lit', 'advancing': False}
2026-03-03 12:25:11,892 : INFO : EventManager : Event: ======'shot_inlane_right_1_lit_hit'====== Args={'profile': 'default', 'state': 'lit', 'advancing': False}
2026-03-03 12:25:11,892 : INFO : EventManager : Event: ======'inlanes_hit'====== Args={'shot': 'shot_inlane_right_1'}
2026-03-03 12:25:11,892 : INFO : EventManager : Event: ======'inlanes_lit_hit'====== Args={'shot': 'shot_inlane_right_1'}
2026-03-03 12:25:11,892 : INFO : EventManager : Event: ======'player_score'====== Args={'value': 14660, 'prev_value': 14650, 'change': 10, 'player_num': 1, 'source': 'bumpers'}
2026-03-03 12:25:11,994 : INFO : SwitchController : <<<<<<< 's_flipper_right_lower' inactive >>>>>>>
2026-03-03 12:25:11,997 : INFO : SwitchController : <<<<<<< 's_flipper_right_upper' inactive >>>>>>>
2026-03-03 12:25:12,048 : INFO : SwitchController : <<<<<<< 's_flipper_left' active >>>>>>>
2026-03-03 12:25:12,048 : INFO : EventManager : Event: ======'machine_var_audits_switches_s_flipper_left'====== Args={'value': 344, 'prev_value': 343, 'change': 1}
2026-03-03 12:25:12,076 : INFO : SwitchController : <<<<<<< 's_flipper_left_eos' inactive >>>>>>>
2026-03-03 12:25:12,076 : INFO : SwitchController : <<<<<<< 's_inlane_right_1' inactive >>>>>>>
2026-03-03 12:25:12,081 : INFO : SwitchController : <<<<<<< 's_inlane_right_1' active >>>>>>>
2026-03-03 12:25:12,082 : INFO : EventManager : Event: ======'s_inlane_right_1_active'====== Args={}
2026-03-03 12:25:12,082 : INFO : EventManager : Event: ======'sw_playfield_active'====== Args={}
2026-03-03 12:25:12,082 : INFO : EventManager : Event: ======'machine_var_audits_switches_s_inlane_right_1'====== Args={'value': 1213, 'prev_value': 1212, 'change': 1}
2026-03-03 12:25:12,083 : INFO : EventManager : Event: ======'machine_var_audits_shots_shot_inlane_right_1'====== Args={'value': 881, 'prev_value': 880, 'change': 1}
2026-03-03 12:25:12,083 : INFO : EventManager : Event: ======'shot_inlane_right_1_hit'====== Args={'profile': 'default', 'state': 'lit', 'advancing': False}
2026-03-03 12:25:12,083 : INFO : EventManager : Event: ======'shot_inlane_right_1_default_hit'====== Args={'profile': 'default', 'state': 'lit', 'advancing': False}
2026-03-03 12:25:12,083 : INFO : EventManager : Event: ======'shot_inlane_right_1_default_lit_hit'====== Args={'profile': 'default', 'state': 'lit', 'advancing': False}
2026-03-03 12:25:12,083 : INFO : EventManager : Event: ======'shot_inlane_right_1_lit_hit'====== Args={'profile': 'default', 'state': 'lit', 'advancing': False}
2026-03-03 12:25:12,084 : INFO : EventManager : Event: ======'inlanes_hit'====== Args={'shot': 'shot_inlane_right_1'}
2026-03-03 12:25:12,084 : INFO : EventManager : Event: ======'inlanes_lit_hit'====== Args={'shot': 'shot_inlane_right_1'}
2026-03-03 12:25:12,084 : INFO : EventManager : Event: ======'player_score'====== Args={'value': 14670, 'prev_value': 14660, 'change': 10, 'player_num': 1, 'source': 'bumpers'}
2026-03-03 12:25:12,090 : INFO : SwitchController : <<<<<<< 's_inlane_right_1' inactive >>>>>>>
2026-03-03 12:25:12,090 : INFO : SwitchController : <<<<<<< 's_flipper_right_lower_eos' active >>>>>>>
2026-03-03 12:25:12,090 : INFO : EventManager : Event: ======'machine_var_audits_switches_s_flipper_right_lower_eos'====== Args={'value': 565, 'prev_value': 564, 'change': 1}
2026-03-03 12:25:12,094 : INFO : SwitchController : <<<<<<< 's_inlane_right_1' active >>>>>>>
2026-03-03 12:25:12,095 : INFO : EventManager : Event: ======'s_inlane_right_1_active'====== Args={}
2026-03-03 12:25:12,095 : INFO : EventManager : Event: ======'sw_playfield_active'====== Args={}
2026-03-03 12:25:12,095 : INFO : EventManager : Event: ======'machine_var_audits_switches_s_inlane_right_1'====== Args={'value': 1214, 'prev_value': 1213, 'change': 1}
2026-03-03 12:25:12,095 : INFO : EventManager : Event: ======'machine_var_audits_shots_shot_inlane_right_1'====== Args={'value': 882, 'prev_value': 881, 'change': 1}
2026-03-03 12:25:12,096 : INFO : EventManager : Event: ======'shot_inlane_right_1_hit'====== Args={'profile': 'default', 'state': 'lit', 'advancing': False}
2026-03-03 12:25:12,096 : INFO : EventManager : Event: ======'shot_inlane_right_1_default_hit'====== Args={'profile': 'default', 'state': 'lit', 'advancing': False}
2026-03-03 12:25:12,096 : INFO : EventManager : Event: ======'shot_inlane_right_1_default_lit_hit'====== Args={'profile': 'default', 'state': 'lit', 'advancing': False}
2026-03-03 12:25:12,096 : INFO : EventManager : Event: ======'shot_inlane_right_1_lit_hit'====== Args={'profile': 'default', 'state': 'lit', 'advancing': False}
2026-03-03 12:25:12,096 : INFO : EventManager : Event: ======'inlanes_hit'====== Args={'shot': 'shot_inlane_right_1'}
2026-03-03 12:25:12,096 : INFO : EventManager : Event: ======'inlanes_lit_hit'====== Args={'shot': 'shot_inlane_right_1'}
2026-03-03 12:25:12,097 : INFO : EventManager : Event: ======'player_score'====== Args={'value': 14680, 'prev_value': 14670, 'change': 10, 'player_num': 1, 'source': 'bumpers'}
2026-03-03 12:25:12,099 : INFO : SwitchController : <<<<<<< 's_flipper_right_upper_eos' inactive >>>>>>>
2026-03-03 12:25:12,127 : INFO : SwitchController : <<<<<<< 's_trough_6' active >>>>>>>
2026-03-03 12:25:12,127 : INFO : EventManager : Event: ======'machine_var_audits_switches_s_trough_6'====== Args={'value': 82, 'prev_value': 81, 'change': 1}
2026-03-03 12:25:12,212 : INFO : SwitchController : <<<<<<< 's_flipper_left' inactive >>>>>>>
2026-03-03 12:25:12,295 : INFO : SwitchController : <<<<<<< 's_flipper_right_upper' active >>>>>>>
2026-03-03 12:25:12,295 : INFO : EventManager : Event: ======'machine_var_audits_switches_s_flipper_right_upper'====== Args={'value': 495, 'prev_value': 494, 'change': 1}
2026-03-03 12:25:12,301 : INFO : SwitchController : <<<<<<< 's_flipper_left_eos' active >>>>>>>
2026-03-03 12:25:12,301 : INFO : EventManager : Event: ======'machine_var_audits_switches_s_flipper_left_eos'====== Args={'value': 316, 'prev_value': 315, 'change': 1}
2026-03-03 12:25:12,310 : INFO : SwitchController : <<<<<<< 's_flipper_right_lower' active >>>>>>>
2026-03-03 12:25:12,310 : INFO : EventManager : Event: ======'machine_var_audits_switches_s_flipper_right_lower'====== Args={'value': 790, 'prev_value': 789, 'change': 1}
2026-03-03 12:25:12,318 : INFO : SwitchController : <<<<<<< 's_flipper_right_upper_eos' active >>>>>>>
2026-03-03 12:25:12,318 : INFO : EventManager : Event: ======'machine_var_audits_switches_s_flipper_right_upper_eos'====== Args={'value': 331, 'prev_value': 330, 'change': 1}
2026-03-03 12:25:12,324 : INFO : SwitchController : <<<<<<< 's_inlane_right_1' inactive >>>>>>>
2026-03-03 12:25:12,329 : INFO : SwitchController : <<<<<<< 's_inlane_right_1' active >>>>>>>
2026-03-03 12:25:12,329 : INFO : EventManager : Event: ======'s_inlane_right_1_active'====== Args={}
2026-03-03 12:25:12,329 : INFO : EventManager : Event: ======'sw_playfield_active'====== Args={}
2026-03-03 12:25:12,330 : INFO : EventManager : Event: ======'machine_var_audits_switches_s_inlane_right_1'====== Args={'value': 1215, 'prev_value': 1214, 'change': 1}
2026-03-03 12:25:12,330 : INFO : EventManager : Event: ======'machine_var_audits_shots_shot_inlane_right_1'====== Args={'value': 883, 'prev_value': 882, 'change': 1}
2026-03-03 12:25:12,330 : INFO : EventManager : Event: ======'shot_inlane_right_1_hit'====== Args={'profile': 'default', 'state': 'lit', 'advancing': False}
2026-03-03 12:25:12,331 : INFO : EventManager : Event: ======'shot_inlane_right_1_default_hit'====== Args={'profile': 'default', 'state': 'lit', 'advancing': False}
2026-03-03 12:25:12,331 : INFO : EventManager : Event: ======'shot_inlane_right_1_default_lit_hit'====== Args={'profile': 'default', 'state': 'lit', 'advancing': False}
2026-03-03 12:25:12,331 : INFO : EventManager : Event: ======'shot_inlane_right_1_lit_hit'====== Args={'profile': 'default', 'state': 'lit', 'advancing': False}
2026-03-03 12:25:12,331 : INFO : EventManager : Event: ======'inlanes_hit'====== Args={'shot': 'shot_inlane_right_1'}
2026-03-03 12:25:12,331 : INFO : EventManager : Event: ======'inlanes_lit_hit'====== Args={'shot': 'shot_inlane_right_1'}
2026-03-03 12:25:12,331 : INFO : EventManager : Event: ======'player_score'====== Args={'value': 14690, 'prev_value': 14680, 'change': 10, 'player_num': 1, 'source': 'bumpers'}
2026-03-03 12:25:12,347 : INFO : SwitchController : <<<<<<< 's_flipper_right_lower_eos' inactive >>>>>>>
2026-03-03 12:25:12,430 : INFO : SwitchController : <<<<<<< 's_flipper_right_lower' inactive >>>>>>>
2026-03-03 12:25:12,437 : INFO : SwitchController : <<<<<<< 's_flipper_right_upper' inactive >>>>>>>
2026-03-03 12:25:12,524 : INFO : SwitchController : <<<<<<< 's_flipper_right_lower_eos' active >>>>>>>
2026-03-03 12:25:12,524 : INFO : EventManager : Event: ======'machine_var_audits_switches_s_flipper_right_lower_eos'====== Args={'value': 566, 'prev_value': 565, 'change': 1}
2026-03-03 12:25:12,538 : INFO : SwitchController : <<<<<<< 's_flipper_right_upper_eos' inactive >>>>>>>
2026-03-03 12:25:12,627 : INFO : EventManager : Event: ======'balldevice_bd_trough_ball_count_changed'====== Args={'balls': 6}
2026-03-03 12:25:12,627 : INFO : ball_device.bd_trough : Received unexpected ball
2026-03-03 12:25:12,627 : INFO : EventManager : Event: ======'balldevice_captured_from_playfield'====== Args={'balls': 1}
2026-03-03 12:25:12,627 : INFO : EventManager : Event: ======'sw_playfield_active'====== Args={'balls': 1}
2026-03-03 12:25:12,628 : INFO : EventManager : Event: ======'playfield_ball_count_change'====== Args={'balls': 0, 'change': -1}
2026-03-03 12:25:12,628 : INFO : EventManager : Event: ======'balldevice_bd_trough_ball_enter'====== Args={'new_balls': 1, 'unclaimed_balls': 1, 'new_available_balls': 1, 'device': <ball_device.bd_trough>}
2026-03-03 12:25:12,628 : INFO : EventManager : Event: ======'ball_drain'====== Args={'device': <ball_device.bd_trough>, 'balls': 1}
2026-03-03 12:25:12,629 : INFO : EventManager : Event: ======'ball_will_end'====== Args={}
2026-03-03 12:25:12,629 : INFO : EventManager : Event: ======'balldevice_balls_available'====== Args={}
2026-03-03 12:25:12,629 : INFO : EventManager : Event: ======'balldevice_bd_trough_ball_entered'====== Args={'new_balls': 1, 'device': <ball_device.bd_trough>}
2026-03-03 12:25:12,629 : INFO : EventManager : Event: ======'mode_base_will_stop'====== Args={}
2026-03-03 12:25:12,629 : INFO : EventManager : Event: ======'mode_base_stopping'====== Args={}
2026-03-03 12:25:12,629 : INFO : EventManager : Event: ======'stop_mode_bumpers'====== Args={'priority': 0}
2026-03-03 12:25:12,630 : INFO : EventManager : Event: ======'mode_bumpers_will_stop'====== Args={}
2026-03-03 12:25:12,630 : INFO : EventManager : Event: ======'mode_bumpers_stopping'====== Args={}
2026-03-03 12:25:12,630 : INFO : Mode.base : Stopped.
2026-03-03 12:25:12,630 : INFO : EventManager : Event: ======'modes_active_modes_changed'====== Args={}
2026-03-03 12:25:12,632 : INFO : EventManager : Event: ======'mode_base_stopped'====== Args={}
2026-03-03 12:25:12,632 : INFO : EventManager : Event: ======'clear'====== Args={'key': 'base'}
2026-03-03 12:25:12,632 : INFO : Mode.bumpers : Stopped.
2026-03-03 12:25:12,632 : INFO : EventManager : Event: ======'modes_active_modes_changed'====== Args={}
2026-03-03 12:25:12,632 : INFO : EventManager : Event: ======'mode_bumpers_stopped'====== Args={}
2026-03-03 12:25:12,633 : INFO : EventManager : Event: ======'clear'====== Args={'key': 'bumpers'}
2026-03-03 12:25:12,634 : INFO : EventManager : Event: ======'ball_ending'====== Args={}
2026-03-03 12:25:12,635 : INFO : EventManager : Event: ======'ball_ended'====== Args={}
2026-03-03 12:25:12,637 : INFO : EventManager : Event: ======'player_turn_will_end'====== Args={'player': <Player 1>, 'number': 1}
2026-03-03 12:25:12,637 : INFO : EventManager : Event: ======'player_turn_ending'====== Args={'player': <Player 1>, 'number': 1}
2026-03-03 12:25:12,638 : INFO : EventManager : Event: ======'player_turn_ended'====== Args={'player': <Player 1>, 'number': 1}
2026-03-03 12:25:12,638 : INFO : EventManager : Event: ======'player_turn_will_start'====== Args={'player': <Player 1>, 'number': 1}
2026-03-03 12:25:12,638 : INFO : EventManager : Event: ======'player_turn_starting'====== Args={'player': <Player 1>, 'number': 1}
2026-03-03 12:25:12,639 : INFO : EventManager : Event: ======'player_ball'====== Args={'value': 3, 'prev_value': 2, 'change': 1, 'player_num': 1}
2026-03-03 12:25:12,639 : INFO : EventManager : Event: ======'player_turn_started'====== Args={'player': <Player 1>, 'number': 1}
2026-03-03 12:25:12,640 : INFO : EventManager : Event: ======'ball_will_start'====== Args={'player': 1, 'ball': 3, 'balls_remaining': 0, 'is_extra_ball': False}
2026-03-03 12:25:12,641 : INFO : EventManager : Event: ======'ball_starting'====== Args={'player': 1, 'ball': 3, 'balls_remaining': 0, 'is_extra_ball': False}
2026-03-03 12:25:12,642 : INFO : EventManager : Event: ======'mode_base_will_start'====== Args={'queue': <QueuedEvent>, 'player': 1, 'ball': 3, 'balls_remaining': 0, 'is_extra_ball': False}
2026-03-03 12:25:12,643 : INFO : EventManager : Event: ======'mode_base_starting'====== Args={'queue': <QueuedEvent>, 'player': 1, 'ball': 3, 'balls_remaining': 0, 'is_extra_ball': False}
2026-03-03 12:25:12,643 : INFO : Mode.base : Started. Priority: 100
2026-03-03 12:25:12,643 : INFO : EventManager : Event: ======'modes_active_modes_changed'====== Args={}
2026-03-03 12:25:12,643 : INFO : EventManager : Event: ======'mode_base_started'====== Args={'queue': <QueuedEvent>, 'player': 1, 'ball': 3, 'balls_remaining': 0, 'is_extra_ball': False}
2026-03-03 12:25:12,643 : INFO : EventManager : Event: ======'start_mode_bumpers'====== Args={'priority': 0}
2026-03-03 12:25:12,645 : INFO : EventManager : Event: ======'mode_bumpers_will_start'====== Args={'priority': 0}
2026-03-03 12:25:12,649 : INFO : EventManager : Event: ======'mode_bumpers_starting'====== Args={'priority': 0}
2026-03-03 12:25:12,649 : INFO : Mode.bumpers : Started. Priority: 200
2026-03-03 12:25:12,649 : INFO : EventManager : Event: ======'modes_active_modes_changed'====== Args={}
2026-03-03 12:25:12,649 : INFO : EventManager : Event: ======'mode_bumpers_started'====== Args={'priority': 0}
2026-03-03 12:25:12,649 : INFO : EventManager : Event: ======'balls_in_play'====== Args={'balls': 1}
2026-03-03 12:25:12,649 : INFO : EventManager : Event: ======'ball_started'====== Args={'player': 1, 'ball': 3, 'balls_remaining': 0, 'is_extra_ball': False}
2026-03-03 12:25:12,653 : INFO : EventManager : Event: ======'single_player_ball_started'====== Args={}
2026-03-03 12:25:12,653 : INFO : EventManager : Event: ======'ball_start_target'====== Args={'target': 'playfield'}
2026-03-03 12:25:12,653 : INFO : ball_device.bd_plunger : Setting up player-controlled eject. Balls: 1, Target: <playfield.playfield>, player_controlled_eject_event: None
2026-03-03 12:25:12,654 : INFO : EventManager : Event: ======'balldevice_balls_available'====== Args={}
2026-03-03 12:25:12,655 : INFO : ball_device.bd_trough : State: waiting_for_target_ready
2026-03-03 12:25:12,655 : INFO : EventManager : Event: ======'balldevice_bd_trough_ball_eject_attempt'====== Args={'balls': 1, 'target': <ball_device.bd_plunger>, 'source': <ball_device.bd_trough>, 'mechanical_eject': True, 'num_attempts': 0}
2026-03-03 12:25:12,655 : INFO : ball_device.bd_plunger : State: waiting_for_ball
2026-03-03 12:25:12,655 : INFO : ball_device.bd_trough : State: ejecting
2026-03-03 12:25:12,655 : INFO : ball_device.bd_trough : Ejecting ball to <ball_device.bd_plunger>
2026-03-03 12:25:12,655 : INFO : EventManager : Event: ======'balldevice_bd_trough_ejecting_ball'====== Args={'balls': 1, 'target': <ball_device.bd_plunger>, 'source': <ball_device.bd_trough>, 'mechanical_eject': True, 'num_attempts': 0}
2026-03-03 12:25:12,656 : INFO : ball_device.bd_trough : Wait for ball to leave device
2026-03-03 12:25:12,656 : INFO : coil.c_trough_eject : Pulsing Driver for 20ms (1.0 pulse_power)
2026-03-03 12:25:12,684 : INFO : SwitchController : <<<<<<< 's_trough_1' inactive >>>>>>>
2026-03-03 12:25:12,684 : INFO : SwitchController : <<<<<<< 's_trough_7' active >>>>>>>
2026-03-03 12:25:12,684 : INFO : EventManager : Event: ======'machine_var_audits_switches_s_trough_7'====== Args={'value': 48, 'prev_value': 47, 'change': 1}
2026-03-03 12:25:12,685 : INFO : ball_device.bd_trough : State: ball_left
2026-03-03 12:25:12,685 : INFO : ball_device.bd_trough : Ball left
2026-03-03 12:25:12,685 : INFO : ball_device.bd_trough : Wait for confirm with timeout 3.0
2026-03-03 12:25:12,699 : INFO : SwitchController : <<<<<<< 's_trough_7' inactive >>>>>>>
2026-03-03 12:25:12,708 : INFO : SwitchController : <<<<<<< 's_flipper_right_lower' active >>>>>>>
2026-03-03 12:25:12,708 : INFO : EventManager : Event: ======'machine_var_audits_switches_s_flipper_right_lower'====== Args={'value': 791, 'prev_value': 790, 'change': 1}
2026-03-03 12:25:12,709 : INFO : SwitchController : <<<<<<< 's_flipper_right_upper' active >>>>>>>
2026-03-03 12:25:12,709 : INFO : EventManager : Event: ======'machine_var_audits_switches_s_flipper_right_upper'====== Args={'value': 496, 'prev_value': 495, 'change': 1}
2026-03-03 12:25:12,710 : INFO : EventManager : Event: ======'slide_base_slide_created'====== Args={'_from_bcp': True}
2026-03-03 12:25:12,710 : INFO : EventManager : Event: ======'slide_base_slide_inactive'====== Args={'is_removing': True, '_from_bcp': True}
2026-03-03 12:25:12,710 : INFO : EventManager : Event: ======'slide_base_slide_active'====== Args={'original_context': 'base', 'original_calling_context': 'mode_base_started', 'priority': 100.0, 'queue': '<QueuedEvent>', 'player': 1.0, 'ball': 3.0, 'balls_remaining': 0.0, 'is_extra_ball': False, 'cmd': 'slides_play', '_from_bcp': True}
2026-03-03 12:25:12,710 : INFO : EventManager : Event: ======'slide_base_slide_removed'====== Args={'_from_bcp': True}
2026-03-03 12:25:12,715 : INFO : SwitchController : <<<<<<< 's_flipper_right_lower' inactive >>>>>>>
2026-03-03 12:25:12,718 : INFO : SwitchController : <<<<<<< 's_flipper_right_lower' active >>>>>>>
2026-03-03 12:25:12,718 : INFO : EventManager : Event: ======'machine_var_audits_switches_s_flipper_right_lower'====== Args={'value': 792, 'prev_value': 791, 'change': 1}
2026-03-03 12:25:12,731 : INFO : SwitchController : <<<<<<< 's_flipper_right_upper_eos' active >>>>>>>
2026-03-03 12:25:12,731 : INFO : EventManager : Event: ======'machine_var_audits_switches_s_flipper_right_upper_eos'====== Args={'value': 332, 'prev_value': 331, 'change': 1}
2026-03-03 12:25:12,733 : INFO : SwitchController : <<<<<<< 's_inlane_right_1' inactive >>>>>>>
2026-03-03 12:25:12,749 : INFO : SwitchController : <<<<<<< 's_inlane_right_1' active >>>>>>>
2026-03-03 12:25:12,749 : INFO : EventManager : Event: ======'playfield_active'====== Args={'source': 'shot_inlane_right_1'}
2026-03-03 12:25:12,749 : INFO : EventManager : Event: ======'unexpected_ball_on_playfield'====== Args={}
2026-03-03 12:25:12,749 : INFO : EventManager : Event: ======'s_inlane_right_1_active'====== Args={}
2026-03-03 12:25:12,750 : INFO : EventManager : Event: ======'sw_playfield_active'====== Args={}
2026-03-03 12:25:12,750 : INFO : EventManager : Event: ======'machine_var_audits_switches_s_inlane_right_1'====== Args={'value': 1216, 'prev_value': 1215, 'change': 1}
2026-03-03 12:25:12,751 : INFO : EventManager : Event: ======'machine_var_audits_shots_shot_inlane_right_1'====== Args={'value': 884, 'prev_value': 883, 'change': 1}
2026-03-03 12:25:12,751 : INFO : EventManager : Event: ======'shot_inlane_right_1_hit'====== Args={'profile': 'default', 'state': 'lit', 'advancing': False}
2026-03-03 12:25:12,751 : INFO : EventManager : Event: ======'shot_inlane_right_1_default_hit'====== Args={'profile': 'default', 'state': 'lit', 'advancing': False}
2026-03-03 12:25:12,751 : INFO : EventManager : Event: ======'shot_inlane_right_1_default_lit_hit'====== Args={'profile': 'default', 'state': 'lit', 'advancing': False}
2026-03-03 12:25:12,751 : INFO : EventManager : Event: ======'shot_inlane_right_1_lit_hit'====== Args={'profile': 'default', 'state': 'lit', 'advancing': False}
2026-03-03 12:25:12,751 : INFO : EventManager : Event: ======'inlanes_hit'====== Args={'shot': 'shot_inlane_right_1'}
2026-03-03 12:25:12,751 : INFO : EventManager : Event: ======'inlanes_lit_hit'====== Args={'shot': 'shot_inlane_right_1'}
2026-03-03 12:25:12,752 : INFO : EventManager : Event: ======'player_score'====== Args={'value': 14700, 'prev_value': 14690, 'change': 10, 'player_num': 1, 'source': 'bumpers'}
2026-03-03 12:25:12,754 : INFO : EventManager : Event: ======'playfield_active'====== Args={'source': None}
2026-03-03 12:25:12,754 : INFO : EventManager : Event: ======'unexpected_ball_on_playfield'====== Args={}
2026-03-03 12:25:12,759 : INFO : SwitchController : <<<<<<< 's_flipper_right_lower_eos' inactive >>>>>>>
2026-03-03 12:25:12,830 : INFO : SwitchController : <<<<<<< 's_plunger' active >>>>>>>
2026-03-03 12:25:12,830 : INFO : EventManager : Event: ======'machine_var_audits_switches_s_plunger'====== Args={'value': 63, 'prev_value': 62, 'change': 1}
2026-03-03 12:25:12,881 : INFO : SwitchController : <<<<<<< 's_flipper_right_lower' inactive >>>>>>>
2026-03-03 12:25:12,886 : INFO : SwitchController : <<<<<<< 's_flipper_right_upper' inactive >>>>>>>
2026-03-03 12:25:12,900 : INFO : SwitchController : <<<<<<< 's_trough_2' inactive >>>>>>>
2026-03-03 12:25:12,901 : INFO : SwitchController : <<<<<<< 's_trough_4' inactive >>>>>>>
2026-03-03 12:25:12,901 : INFO : SwitchController : <<<<<<< 's_trough_5' inactive >>>>>>>
2026-03-03 12:25:12,903 : INFO : SwitchController : <<<<<<< 's_trough_3' inactive >>>>>>>
2026-03-03 12:25:12,904 : INFO : SwitchController : <<<<<<< 's_trough_6' inactive >>>>>>>
2026-03-03 12:25:12,917 : INFO : SwitchController : <<<<<<< 's_trough_1' active >>>>>>>
2026-03-03 12:25:12,918 : INFO : EventManager : Event: ======'machine_var_audits_switches_s_trough_1'====== Args={'value': 44, 'prev_value': 43, 'change': 1}
2026-03-03 12:25:12,921 : INFO : SwitchController : <<<<<<< 's_trough_4' active >>>>>>>
2026-03-03 12:25:12,921 : INFO : EventManager : Event: ======'machine_var_audits_switches_s_trough_4'====== Args={'value': 72, 'prev_value': 71, 'change': 1}
2026-03-03 12:25:12,923 : INFO : SwitchController : <<<<<<< 's_trough_3' active >>>>>>>
2026-03-03 12:25:12,923 : INFO : EventManager : Event: ======'machine_var_audits_switches_s_trough_3'====== Args={'value': 65, 'prev_value': 64, 'change': 1}
2026-03-03 12:25:12,924 : INFO : SwitchController : <<<<<<< 's_trough_2' active >>>>>>>
2026-03-03 12:25:12,924 : INFO : EventManager : Event: ======'machine_var_audits_switches_s_trough_2'====== Args={'value': 57, 'prev_value': 56, 'change': 1}
2026-03-03 12:25:12,926 : INFO : SwitchController : <<<<<<< 's_trough_5' active >>>>>>>
2026-03-03 12:25:12,926 : INFO : EventManager : Event: ======'machine_var_audits_switches_s_trough_5'====== Args={'value': 78, 'prev_value': 77, 'change': 1}
2026-03-03 12:25:12,958 : INFO : SwitchController : <<<<<<< 's_flipper_right_lower_eos' active >>>>>>>
2026-03-03 12:25:12,958 : INFO : EventManager : Event: ======'machine_var_audits_switches_s_flipper_right_lower_eos'====== Args={'value': 567, 'prev_value': 566, 'change': 1}
2026-03-03 12:25:12,987 : INFO : SwitchController : <<<<<<< 's_flipper_right_upper_eos' inactive >>>>>>>
2026-03-03 12:25:13,118 : INFO : SwitchController : <<<<<<< 's_flipper_right_upper' active >>>>>>>
2026-03-03 12:25:13,118 : INFO : EventManager : Event: ======'machine_var_audits_switches_s_flipper_right_upper'====== Args={'value': 497, 'prev_value': 496, 'change': 1}
2026-03-03 12:25:13,120 : INFO : SwitchController : <<<<<<< 's_flipper_right_upper' inactive >>>>>>>
2026-03-03 12:25:13,122 : INFO : SwitchController : <<<<<<< 's_flipper_right_upper' active >>>>>>>
2026-03-03 12:25:13,122 : INFO : EventManager : Event: ======'machine_var_audits_switches_s_flipper_right_upper'====== Args={'value': 498, 'prev_value': 497, 'change': 1}
2026-03-03 12:25:13,131 : INFO : SwitchController : <<<<<<< 's_flipper_right_lower' active >>>>>>>
2026-03-03 12:25:13,132 : INFO : EventManager : Event: ======'machine_var_audits_switches_s_flipper_right_lower'====== Args={'value': 793, 'prev_value': 792, 'change': 1}
2026-03-03 12:25:13,132 : INFO : SwitchController : <<<<<<< 's_flipper_right_lower' inactive >>>>>>>
2026-03-03 12:25:13,135 : INFO : SwitchController : <<<<<<< 's_flipper_right_lower' active >>>>>>>
2026-03-03 12:25:13,135 : INFO : EventManager : Event: ======'machine_var_audits_switches_s_flipper_right_lower'====== Args={'value': 794, 'prev_value': 793, 'change': 1}
2026-03-03 12:25:13,145 : INFO : SwitchController : <<<<<<< 's_flipper_right_upper_eos' active >>>>>>>
2026-03-03 12:25:13,145 : INFO : EventManager : Event: ======'machine_var_audits_switches_s_flipper_right_upper_eos'====== Args={'value': 333, 'prev_value': 332, 'change': 1}
2026-03-03 12:25:13,147 : INFO : SwitchController : <<<<<<< 's_inlane_right_1' inactive >>>>>>>
2026-03-03 12:25:13,153 : INFO : SwitchController : <<<<<<< 's_inlane_right_1' active >>>>>>>
2026-03-03 12:25:13,153 : INFO : EventManager : Event: ======'playfield_active'====== Args={'source': 'shot_inlane_right_1'}
2026-03-03 12:25:13,153 : INFO : EventManager : Event: ======'unexpected_ball_on_playfield'====== Args={}
2026-03-03 12:25:13,153 : INFO : EventManager : Event: ======'s_inlane_right_1_active'====== Args={}
2026-03-03 12:25:13,153 : INFO : EventManager : Event: ======'sw_playfield_active'====== Args={}
2026-03-03 12:25:13,153 : INFO : EventManager : Event: ======'machine_var_audits_switches_s_inlane_right_1'====== Args={'value': 1217, 'prev_value': 1216, 'change': 1}
2026-03-03 12:25:13,154 : INFO : EventManager : Event: ======'machine_var_audits_shots_shot_inlane_right_1'====== Args={'value': 885, 'prev_value': 884, 'change': 1}
2026-03-03 12:25:13,155 : INFO : EventManager : Event: ======'shot_inlane_right_1_hit'====== Args={'profile': 'default', 'state': 'lit', 'advancing': False}
2026-03-03 12:25:13,155 : INFO : EventManager : Event: ======'shot_inlane_right_1_default_hit'====== Args={'profile': 'default', 'state': 'lit', 'advancing': False}
2026-03-03 12:25:13,155 : INFO : EventManager : Event: ======'shot_inlane_right_1_default_lit_hit'====== Args={'profile': 'default', 'state': 'lit', 'advancing': False}
2026-03-03 12:25:13,155 : INFO : EventManager : Event: ======'shot_inlane_right_1_lit_hit'====== Args={'profile': 'default', 'state': 'lit', 'advancing': False}
2026-03-03 12:25:13,155 : INFO : EventManager : Event: ======'inlanes_hit'====== Args={'shot': 'shot_inlane_right_1'}
2026-03-03 12:25:13,155 : INFO : EventManager : Event: ======'inlanes_lit_hit'====== Args={'shot': 'shot_inlane_right_1'}
2026-03-03 12:25:13,155 : INFO : EventManager : Event: ======'player_score'====== Args={'value': 14710, 'prev_value': 14700, 'change': 10, 'player_num': 1, 'source': 'bumpers'}
2026-03-03 12:25:13,157 : INFO : EventManager : Event: ======'playfield_active'====== Args={'source': None}
2026-03-03 12:25:13,158 : INFO : EventManager : Event: ======'unexpected_ball_on_playfield'====== Args={}
2026-03-03 12:25:13,172 : INFO : SwitchController : <<<<<<< 's_flipper_right_lower_eos' inactive >>>>>>>
2026-03-03 12:25:13,174 : INFO : SwitchController : <<<<<<< 's_inlane_right_1' inactive >>>>>>>
2026-03-03 12:25:13,181 : INFO : SwitchController : <<<<<<< 's_inlane_right_1' active >>>>>>>
2026-03-03 12:25:13,181 : INFO : EventManager : Event: ======'playfield_active'====== Args={'source': 'shot_inlane_right_1'}
2026-03-03 12:25:13,181 : INFO : EventManager : Event: ======'unexpected_ball_on_playfield'====== Args={}
2026-03-03 12:25:13,181 : INFO : EventManager : Event: ======'s_inlane_right_1_active'====== Args={}
2026-03-03 12:25:13,181 : INFO : EventManager : Event: ======'sw_playfield_active'====== Args={}
2026-03-03 12:25:13,182 : INFO : EventManager : Event: ======'machine_var_audits_switches_s_inlane_right_1'====== Args={'value': 1218, 'prev_value': 1217, 'change': 1}
2026-03-03 12:25:13,182 : INFO : EventManager : Event: ======'machine_var_audits_shots_shot_inlane_right_1'====== Args={'value': 886, 'prev_value': 885, 'change': 1}
2026-03-03 12:25:13,182 : INFO : EventManager : Event: ======'shot_inlane_right_1_hit'====== Args={'profile': 'default', 'state': 'lit', 'advancing': False}
2026-03-03 12:25:13,183 : INFO : EventManager : Event: ======'shot_inlane_right_1_default_hit'====== Args={'profile': 'default', 'state': 'lit', 'advancing': False}
2026-03-03 12:25:13,183 : INFO : EventManager : Event: ======'shot_inlane_right_1_default_lit_hit'====== Args={'profile': 'default', 'state': 'lit', 'advancing': False}
2026-03-03 12:25:13,183 : INFO : EventManager : Event: ======'shot_inlane_right_1_lit_hit'====== Args={'profile': 'default', 'state': 'lit', 'advancing': False}
2026-03-03 12:25:13,183 : INFO : EventManager : Event: ======'inlanes_hit'====== Args={'shot': 'shot_inlane_right_1'}
2026-03-03 12:25:13,183 : INFO : EventManager : Event: ======'inlanes_lit_hit'====== Args={'shot': 'shot_inlane_right_1'}
2026-03-03 12:25:13,183 : INFO : EventManager : Event: ======'player_score'====== Args={'value': 14720, 'prev_value': 14710, 'change': 10, 'player_num': 1, 'source': 'bumpers'}
2026-03-03 12:25:13,185 : INFO : EventManager : Event: ======'playfield_active'====== Args={'source': None}
2026-03-03 12:25:13,185 : INFO : EventManager : Event: ======'unexpected_ball_on_playfield'====== Args={}
2026-03-03 12:25:13,245 : INFO : SwitchController : <<<<<<< 's_flipper_right_lower' inactive >>>>>>>
2026-03-03 12:25:13,250 : INFO : SwitchController : <<<<<<< 's_flipper_right_upper' inactive >>>>>>>
2026-03-03 12:25:13,334 : INFO : ball_device.bd_plunger : Received ball from <ball_device.bd_trough>
2026-03-03 12:25:13,334 : INFO : EventManager : Event: ======'balldevice_bd_plunger_ball_enter'====== Args={'new_balls': 1, 'unclaimed_balls': 0, 'new_available_balls': 0, 'device': <ball_device.bd_plunger>}
2026-03-03 12:25:13,334 : INFO : EventManager : Event: ======'balldevice_bd_plunger_ball_entered'====== Args={'new_balls': 0, 'device': <ball_device.bd_plunger>}
2026-03-03 12:25:13,334 : INFO : EventManager : Event: ======'balldevice_bd_plunger_ball_count_changed'====== Args={'balls': 1}
2026-03-03 12:25:13,335 : INFO : ball_device.bd_trough : Got eject confirm
2026-03-03 12:25:13,335 : INFO : ball_device.bd_trough : Eject successful
2026-03-03 12:25:13,335 : INFO : EventManager : Event: ======'balldevice_bd_trough_ball_eject_success'====== Args={'balls': 1, 'target': <ball_device.bd_plunger>}
2026-03-03 12:25:13,335 : INFO : ball_device.bd_plunger : State: waiting_for_target_ready
2026-03-03 12:25:13,335 : INFO : EventManager : Event: ======'balldevice_bd_plunger_ball_eject_attempt'====== Args={'balls': 1, 'target': <playfield.playfield>, 'source': <ball_device.bd_plunger>, 'mechanical_eject': True, 'num_attempts': 0}
2026-03-03 12:25:13,335 : INFO : EventManager : Event: ======'balldevice_bd_trough_ball_count_changed'====== Args={'balls': 5}
2026-03-03 12:25:13,336 : INFO : ball_device.bd_trough : State: idle
2026-03-03 12:25:13,336 : INFO : ball_device.bd_plunger : State: ejecting
2026-03-03 12:25:13,336 : INFO : ball_device.bd_plunger : Ejecting ball to <playfield.playfield>
2026-03-03 12:25:13,336 : INFO : EventManager : Event: ======'balldevice_bd_plunger_ejecting_ball'====== Args={'balls': 1, 'target': <playfield.playfield>, 'source': <ball_device.bd_plunger>, 'mechanical_eject': True, 'num_attempts': 0}
2026-03-03 12:25:13,337 : INFO : ball_device.bd_plunger : Wait for ball to leave device
2026-03-03 12:25:13,343 : INFO : SwitchController : <<<<<<< 's_flipper_right_lower_eos' active >>>>>>>
2026-03-03 12:25:13,343 : INFO : EventManager : Event: ======'machine_var_audits_switches_s_flipper_right_lower_eos'====== Args={'value': 568, 'prev_value': 567, 'change': 1}
2026-03-03 12:25:13,352 : INFO : SwitchController : <<<<<<< 's_flipper_right_upper_eos' inactive >>>>>>>
2026-03-03 12:25:13,568 : INFO : SwitchController : <<<<<<< 's_flipper_right_lower' active >>>>>>>
2026-03-03 12:25:13,568 : INFO : EventManager : Event: ======'machine_var_audits_switches_s_flipper_right_lower'====== Args={'value': 795, 'prev_value': 794, 'change': 1}
2026-03-03 12:25:13,569 : INFO : SwitchController : <<<<<<< 's_flipper_right_upper' active >>>>>>>
2026-03-03 12:25:13,569 : INFO : EventManager : Event: ======'machine_var_audits_switches_s_flipper_right_upper'====== Args={'value': 499, 'prev_value': 498, 'change': 1}
2026-03-03 12:25:13,592 : INFO : SwitchController : <<<<<<< 's_flipper_right_upper_eos' active >>>>>>>
2026-03-03 12:25:13,592 : INFO : EventManager : Event: ======'machine_var_audits_switches_s_flipper_right_upper_eos'====== Args={'value': 334, 'prev_value': 333, 'change': 1}
2026-03-03 12:25:13,594 : INFO : SwitchController : <<<<<<< 's_inlane_right_1' inactive >>>>>>>
2026-03-03 12:25:13,607 : INFO : SwitchController : <<<<<<< 's_inlane_right_1' active >>>>>>>
2026-03-03 12:25:13,607 : INFO : EventManager : Event: ======'playfield_active'====== Args={'source': 'shot_inlane_right_1'}
2026-03-03 12:25:13,607 : INFO : EventManager : Event: ======'s_inlane_right_1_active'====== Args={}
2026-03-03 12:25:13,607 : INFO : EventManager : Event: ======'sw_playfield_active'====== Args={}
2026-03-03 12:25:13,607 : INFO : EventManager : Event: ======'machine_var_audits_switches_s_inlane_right_1'====== Args={'value': 1219, 'prev_value': 1218, 'change': 1}
2026-03-03 12:25:13,608 : INFO : EventManager : Event: ======'machine_var_audits_shots_shot_inlane_right_1'====== Args={'value': 887, 'prev_value': 886, 'change': 1}
2026-03-03 12:25:13,609 : INFO : EventManager : Event: ======'shot_inlane_right_1_hit'====== Args={'profile': 'default', 'state': 'lit', 'advancing': False}
2026-03-03 12:25:13,609 : INFO : EventManager : Event: ======'shot_inlane_right_1_default_hit'====== Args={'profile': 'default', 'state': 'lit', 'advancing': False}
2026-03-03 12:25:13,609 : INFO : EventManager : Event: ======'shot_inlane_right_1_default_lit_hit'====== Args={'profile': 'default', 'state': 'lit', 'advancing': False}
2026-03-03 12:25:13,609 : INFO : EventManager : Event: ======'shot_inlane_right_1_lit_hit'====== Args={'profile': 'default', 'state': 'lit', 'advancing': False}
2026-03-03 12:25:13,609 : INFO : EventManager : Event: ======'inlanes_hit'====== Args={'shot': 'shot_inlane_right_1'}
2026-03-03 12:25:13,609 : INFO : EventManager : Event: ======'inlanes_lit_hit'====== Args={'shot': 'shot_inlane_right_1'}
2026-03-03 12:25:13,609 : INFO : EventManager : Event: ======'player_score'====== Args={'value': 14730, 'prev_value': 14720, 'change': 10, 'player_num': 1, 'source': 'bumpers'}
2026-03-03 12:25:13,611 : INFO : EventManager : Event: ======'playfield_active'====== Args={'source': None}
2026-03-03 12:25:13,705 : INFO : SwitchController : <<<<<<< 's_flipper_right_lower' inactive >>>>>>>
2026-03-03 12:25:13,712 : INFO : SwitchController : <<<<<<< 's_flipper_right_upper' inactive >>>>>>>
2026-03-03 12:25:13,812 : INFO : SwitchController : <<<<<<< 's_flipper_right_upper_eos' inactive >>>>>>>
2026-03-03 12:25:13,962 : INFO : SwitchController : <<<<<<< 's_flipper_right_upper' active >>>>>>>
2026-03-03 12:25:13,963 : INFO : EventManager : Event: ======'machine_var_audits_switches_s_flipper_right_upper'====== Args={'value': 500, 'prev_value': 499, 'change': 1}
2026-03-03 12:25:13,964 : INFO : SwitchController : <<<<<<< 's_flipper_right_lower' active >>>>>>>
2026-03-03 12:25:13,964 : INFO : EventManager : Event: ======'machine_var_audits_switches_s_flipper_right_lower'====== Args={'value': 796, 'prev_value': 795, 'change': 1}
2026-03-03 12:25:13,966 : INFO : SwitchController : <<<<<<< 's_flipper_right_lower' inactive >>>>>>>
2026-03-03 12:25:13,969 : INFO : SwitchController : <<<<<<< 's_flipper_right_lower' active >>>>>>>
2026-03-03 12:25:13,969 : INFO : EventManager : Event: ======'machine_var_audits_switches_s_flipper_right_lower'====== Args={'value': 797, 'prev_value': 796, 'change': 1}
2026-03-03 12:25:13,987 : INFO : SwitchController : <<<<<<< 's_flipper_right_upper_eos' active >>>>>>>
2026-03-03 12:25:13,987 : INFO : EventManager : Event: ======'machine_var_audits_switches_s_flipper_right_upper_eos'====== Args={'value': 335, 'prev_value': 334, 'change': 1}
2026-03-03 12:25:13,988 : INFO : SwitchController : <<<<<<< 's_inlane_right_1' inactive >>>>>>>
2026-03-03 12:25:13,997 : INFO : SwitchController : <<<<<<< 's_inlane_right_1' active >>>>>>>
2026-03-03 12:25:13,997 : INFO : EventManager : Event: ======'playfield_active'====== Args={'source': 'shot_inlane_right_1'}
2026-03-03 12:25:13,997 : INFO : EventManager : Event: ======'s_inlane_right_1_active'====== Args={}
2026-03-03 12:25:13,997 : INFO : EventManager : Event: ======'sw_playfield_active'====== Args={}
2026-03-03 12:25:13,997 : INFO : EventManager : Event: ======'machine_var_audits_switches_s_inlane_right_1'====== Args={'value': 1220, 'prev_value': 1219, 'change': 1}
2026-03-03 12:25:13,998 : INFO : EventManager : Event: ======'machine_var_audits_shots_shot_inlane_right_1'====== Args={'value': 888, 'prev_value': 887, 'change': 1}
2026-03-03 12:25:13,998 : INFO : EventManager : Event: ======'shot_inlane_right_1_hit'====== Args={'profile': 'default', 'state': 'lit', 'advancing': False}
2026-03-03 12:25:13,998 : INFO : EventManager : Event: ======'shot_inlane_right_1_default_hit'====== Args={'profile': 'default', 'state': 'lit', 'advancing': False}
2026-03-03 12:25:13,998 : INFO : EventManager : Event: ======'shot_inlane_right_1_default_lit_hit'====== Args={'profile': 'default', 'state': 'lit', 'advancing': False}
2026-03-03 12:25:13,998 : INFO : EventManager : Event: ======'shot_inlane_right_1_lit_hit'====== Args={'profile': 'default', 'state': 'lit', 'advancing': False}
2026-03-03 12:25:13,998 : INFO : EventManager : Event: ======'inlanes_hit'====== Args={'shot': 'shot_inlane_right_1'}
2026-03-03 12:25:13,998 : INFO : EventManager : Event: ======'inlanes_lit_hit'====== Args={'shot': 'shot_inlane_right_1'}
2026-03-03 12:25:13,998 : INFO : EventManager : Event: ======'player_score'====== Args={'value': 14740, 'prev_value': 14730, 'change': 10, 'player_num': 1, 'source': 'bumpers'}
2026-03-03 12:25:14,000 : INFO : EventManager : Event: ======'playfield_active'====== Args={'source': None}
2026-03-03 12:25:14,088 : INFO : SwitchController : <<<<<<< 's_flipper_right_lower' inactive >>>>>>>
2026-03-03 12:25:14,099 : INFO : SwitchController : <<<<<<< 's_flipper_right_upper' inactive >>>>>>>
2026-03-03 12:25:14,194 : INFO : SwitchController : <<<<<<< 's_flipper_right_upper_eos' inactive >>>>>>>
2026-03-03 12:25:14,321 : INFO : SwitchController : <<<<<<< 's_flipper_right_upper' active >>>>>>>
2026-03-03 12:25:14,321 : INFO : EventManager : Event: ======'machine_var_audits_switches_s_flipper_right_upper'====== Args={'value': 501, 'prev_value': 500, 'change': 1}
2026-03-03 12:25:14,322 : INFO : SwitchController : <<<<<<< 's_flipper_right_lower' active >>>>>>>
2026-03-03 12:25:14,322 : INFO : EventManager : Event: ======'machine_var_audits_switches_s_flipper_right_lower'====== Args={'value': 798, 'prev_value': 797, 'change': 1}
2026-03-03 12:25:14,344 : INFO : SwitchController : <<<<<<< 's_flipper_right_upper_eos' active >>>>>>>
2026-03-03 12:25:14,344 : INFO : EventManager : Event: ======'machine_var_audits_switches_s_flipper_right_upper_eos'====== Args={'value': 336, 'prev_value': 335, 'change': 1}
2026-03-03 12:25:14,350 : INFO : SwitchController : <<<<<<< 's_inlane_right_1' inactive >>>>>>>
2026-03-03 12:25:14,358 : INFO : SwitchController : <<<<<<< 's_inlane_right_1' active >>>>>>>
2026-03-03 12:25:14,358 : INFO : EventManager : Event: ======'playfield_active'====== Args={'source': 'shot_inlane_right_1'}
2026-03-03 12:25:14,358 : INFO : EventManager : Event: ======'s_inlane_right_1_active'====== Args={}
2026-03-03 12:25:14,358 : INFO : EventManager : Event: ======'sw_playfield_active'====== Args={}
2026-03-03 12:25:14,358 : INFO : EventManager : Event: ======'machine_var_audits_switches_s_inlane_right_1'====== Args={'value': 1221, 'prev_value': 1220, 'change': 1}
2026-03-03 12:25:14,359 : INFO : EventManager : Event: ======'machine_var_audits_shots_shot_inlane_right_1'====== Args={'value': 889, 'prev_value': 888, 'change': 1}
2026-03-03 12:25:14,359 : INFO : EventManager : Event: ======'shot_inlane_right_1_hit'====== Args={'profile': 'default', 'state': 'lit', 'advancing': False}
2026-03-03 12:25:14,359 : INFO : EventManager : Event: ======'shot_inlane_right_1_default_hit'====== Args={'profile': 'default', 'state': 'lit', 'advancing': False}
2026-03-03 12:25:14,359 : INFO : EventManager : Event: ======'shot_inlane_right_1_default_lit_hit'====== Args={'profile': 'default', 'state': 'lit', 'advancing': False}
2026-03-03 12:25:14,359 : INFO : EventManager : Event: ======'shot_inlane_right_1_lit_hit'====== Args={'profile': 'default', 'state': 'lit', 'advancing': False}
2026-03-03 12:25:14,360 : INFO : EventManager : Event: ======'inlanes_hit'====== Args={'shot': 'shot_inlane_right_1'}
2026-03-03 12:25:14,360 : INFO : EventManager : Event: ======'inlanes_lit_hit'====== Args={'shot': 'shot_inlane_right_1'}
2026-03-03 12:25:14,360 : INFO : EventManager : Event: ======'player_score'====== Args={'value': 14750, 'prev_value': 14740, 'change': 10, 'player_num': 1, 'source': 'bumpers'}
2026-03-03 12:25:14,361 : INFO : EventManager : Event: ======'playfield_active'====== Args={'source': None}
2026-03-03 12:25:14,536 : INFO : SwitchController : <<<<<<< 's_flipper_right_lower' inactive >>>>>>>
2026-03-03 12:25:14,544 : INFO : SwitchController : <<<<<<< 's_flipper_right_upper' inactive >>>>>>>
2026-03-03 12:25:14,643 : INFO : SwitchController : <<<<<<< 's_flipper_right_upper_eos' inactive >>>>>>>
2026-03-03 12:25:14,754 : INFO : SwitchController : <<<<<<< 's_flipper_right_upper' active >>>>>>>
2026-03-03 12:25:14,754 : INFO : EventManager : Event: ======'machine_var_audits_switches_s_flipper_right_upper'====== Args={'value': 502, 'prev_value': 501, 'change': 1}
2026-03-03 12:25:14,770 : INFO : SwitchController : <<<<<<< 's_flipper_right_lower' active >>>>>>>
2026-03-03 12:25:14,770 : INFO : EventManager : Event: ======'machine_var_audits_switches_s_flipper_right_lower'====== Args={'value': 799, 'prev_value': 798, 'change': 1}
2026-03-03 12:25:14,777 : INFO : SwitchController : <<<<<<< 's_flipper_right_upper_eos' active >>>>>>>
2026-03-03 12:25:14,777 : INFO : EventManager : Event: ======'machine_var_audits_switches_s_flipper_right_upper_eos'====== Args={'value': 337, 'prev_value': 336, 'change': 1}
2026-03-03 12:25:14,780 : INFO : SwitchController : <<<<<<< 's_inlane_right_1' inactive >>>>>>>
2026-03-03 12:25:14,786 : INFO : SwitchController : <<<<<<< 's_inlane_right_1' active >>>>>>>
2026-03-03 12:25:14,786 : INFO : EventManager : Event: ======'playfield_active'====== Args={'source': 'shot_inlane_right_1'}
2026-03-03 12:25:14,786 : INFO : EventManager : Event: ======'s_inlane_right_1_active'====== Args={}
2026-03-03 12:25:14,787 : INFO : EventManager : Event: ======'sw_playfield_active'====== Args={}
2026-03-03 12:25:14,787 : INFO : EventManager : Event: ======'machine_var_audits_switches_s_inlane_right_1'====== Args={'value': 1222, 'prev_value': 1221, 'change': 1}
2026-03-03 12:25:14,787 : INFO : EventManager : Event: ======'machine_var_audits_shots_shot_inlane_right_1'====== Args={'value': 890, 'prev_value': 889, 'change': 1}
2026-03-03 12:25:14,788 : INFO : EventManager : Event: ======'shot_inlane_right_1_hit'====== Args={'profile': 'default', 'state': 'lit', 'advancing': False}
2026-03-03 12:25:14,788 : INFO : EventManager : Event: ======'shot_inlane_right_1_default_hit'====== Args={'profile': 'default', 'state': 'lit', 'advancing': False}
2026-03-03 12:25:14,788 : INFO : EventManager : Event: ======'shot_inlane_right_1_default_lit_hit'====== Args={'profile': 'default', 'state': 'lit', 'advancing': False}
2026-03-03 12:25:14,788 : INFO : EventManager : Event: ======'shot_inlane_right_1_lit_hit'====== Args={'profile': 'default', 'state': 'lit', 'advancing': False}
2026-03-03 12:25:14,788 : INFO : EventManager : Event: ======'inlanes_hit'====== Args={'shot': 'shot_inlane_right_1'}
2026-03-03 12:25:14,788 : INFO : EventManager : Event: ======'inlanes_lit_hit'====== Args={'shot': 'shot_inlane_right_1'}
2026-03-03 12:25:14,788 : INFO : EventManager : Event: ======'player_score'====== Args={'value': 14760, 'prev_value': 14750, 'change': 10, 'player_num': 1, 'source': 'bumpers'}
2026-03-03 12:25:14,790 : INFO : EventManager : Event: ======'playfield_active'====== Args={'source': None}
2026-03-03 12:25:14,927 : INFO : SwitchController : <<<<<<< 's_flipper_right_lower' inactive >>>>>>>
2026-03-03 12:25:14,935 : INFO : SwitchController : <<<<<<< 's_flipper_right_upper' inactive >>>>>>>
2026-03-03 12:25:15,036 : INFO : SwitchController : <<<<<<< 's_flipper_right_upper_eos' inactive >>>>>>>
2026-03-03 12:25:15,237 : INFO : SwitchController : <<<<<<< 's_flipper_right_upper' active >>>>>>>
2026-03-03 12:25:15,238 : INFO : EventManager : Event: ======'machine_var_audits_switches_s_flipper_right_upper'====== Args={'value': 503, 'prev_value': 502, 'change': 1}
2026-03-03 12:25:15,244 : INFO : SwitchController : <<<<<<< 's_flipper_right_lower' active >>>>>>>
2026-03-03 12:25:15,245 : INFO : EventManager : Event: ======'machine_var_audits_switches_s_flipper_right_lower'====== Args={'value': 800, 'prev_value': 799, 'change': 1}
2026-03-03 12:25:15,260 : INFO : SwitchController : <<<<<<< 's_flipper_right_upper_eos' active >>>>>>>
2026-03-03 12:25:15,261 : INFO : EventManager : Event: ======'machine_var_audits_switches_s_flipper_right_upper_eos'====== Args={'value': 338, 'prev_value': 337, 'change': 1}
2026-03-03 12:25:15,262 : INFO : SwitchController : <<<<<<< 's_inlane_right_1' inactive >>>>>>>
2026-03-03 12:25:15,275 : INFO : SwitchController : <<<<<<< 's_inlane_right_1' active >>>>>>>
2026-03-03 12:25:15,276 : INFO : EventManager : Event: ======'playfield_active'====== Args={'source': 'shot_inlane_right_1'}
2026-03-03 12:25:15,276 : INFO : EventManager : Event: ======'s_inlane_right_1_active'====== Args={}
2026-03-03 12:25:15,276 : INFO : EventManager : Event: ======'sw_playfield_active'====== Args={}
2026-03-03 12:25:15,276 : INFO : EventManager : Event: ======'machine_var_audits_switches_s_inlane_right_1'====== Args={'value': 1223, 'prev_value': 1222, 'change': 1}
2026-03-03 12:25:15,277 : INFO : EventManager : Event: ======'machine_var_audits_shots_shot_inlane_right_1'====== Args={'value': 891, 'prev_value': 890, 'change': 1}
2026-03-03 12:25:15,277 : INFO : EventManager : Event: ======'shot_inlane_right_1_hit'====== Args={'profile': 'default', 'state': 'lit', 'advancing': False}
2026-03-03 12:25:15,277 : INFO : EventManager : Event: ======'shot_inlane_right_1_default_hit'====== Args={'profile': 'default', 'state': 'lit', 'advancing': False}
2026-03-03 12:25:15,277 : INFO : EventManager : Event: ======'shot_inlane_right_1_default_lit_hit'====== Args={'profile': 'default', 'state': 'lit', 'advancing': False}
2026-03-03 12:25:15,277 : INFO : EventManager : Event: ======'shot_inlane_right_1_lit_hit'====== Args={'profile': 'default', 'state': 'lit', 'advancing': False}
2026-03-03 12:25:15,277 : INFO : EventManager : Event: ======'inlanes_hit'====== Args={'shot': 'shot_inlane_right_1'}
2026-03-03 12:25:15,277 : INFO : EventManager : Event: ======'inlanes_lit_hit'====== Args={'shot': 'shot_inlane_right_1'}
2026-03-03 12:25:15,277 : INFO : EventManager : Event: ======'player_score'====== Args={'value': 14770, 'prev_value': 14760, 'change': 10, 'player_num': 1, 'source': 'bumpers'}
2026-03-03 12:25:15,279 : INFO : EventManager : Event: ======'playfield_active'====== Args={'source': None}
2026-03-03 12:25:15,552 : INFO : SwitchController : <<<<<<< 's_flipper_right_lower' inactive >>>>>>>
2026-03-03 12:25:15,562 : INFO : SwitchController : <<<<<<< 's_flipper_right_upper' inactive >>>>>>>
2026-03-03 12:25:15,662 : INFO : SwitchController : <<<<<<< 's_flipper_right_upper_eos' inactive >>>>>>>
2026-03-03 12:25:16,125 : INFO : SwitchController : <<<<<<< 's_flipper_right_upper' active >>>>>>>
2026-03-03 12:25:16,125 : INFO : EventManager : Event: ======'machine_var_audits_switches_s_flipper_right_upper'====== Args={'value': 504, 'prev_value': 503, 'change': 1}
2026-03-03 12:25:16,139 : INFO : SwitchController : <<<<<<< 's_flipper_right_lower' active >>>>>>>
2026-03-03 12:25:16,140 : INFO : EventManager : Event: ======'machine_var_audits_switches_s_flipper_right_lower'====== Args={'value': 801, 'prev_value': 800, 'change': 1}
2026-03-03 12:25:16,145 : INFO : SwitchController : <<<<<<< 's_flipper_right_upper_eos' active >>>>>>>
2026-03-03 12:25:16,145 : INFO : EventManager : Event: ======'machine_var_audits_switches_s_flipper_right_upper_eos'====== Args={'value': 339, 'prev_value': 338, 'change': 1}
2026-03-03 12:25:16,147 : INFO : SwitchController : <<<<<<< 's_inlane_right_1' inactive >>>>>>>
2026-03-03 12:25:16,153 : INFO : SwitchController : <<<<<<< 's_inlane_right_1' active >>>>>>>
2026-03-03 12:25:16,153 : INFO : EventManager : Event: ======'playfield_active'====== Args={'source': 'shot_inlane_right_1'}
2026-03-03 12:25:16,153 : INFO : EventManager : Event: ======'s_inlane_right_1_active'====== Args={}
2026-03-03 12:25:16,153 : INFO : EventManager : Event: ======'sw_playfield_active'====== Args={}
2026-03-03 12:25:16,153 : INFO : EventManager : Event: ======'machine_var_audits_switches_s_inlane_right_1'====== Args={'value': 1224, 'prev_value': 1223, 'change': 1}
2026-03-03 12:25:16,154 : INFO : EventManager : Event: ======'machine_var_audits_shots_shot_inlane_right_1'====== Args={'value': 892, 'prev_value': 891, 'change': 1}
2026-03-03 12:25:16,154 : INFO : EventManager : Event: ======'shot_inlane_right_1_hit'====== Args={'profile': 'default', 'state': 'lit', 'advancing': False}
2026-03-03 12:25:16,154 : INFO : EventManager : Event: ======'shot_inlane_right_1_default_hit'====== Args={'profile': 'default', 'state': 'lit', 'advancing': False}
2026-03-03 12:25:16,154 : INFO : EventManager : Event: ======'shot_inlane_right_1_default_lit_hit'====== Args={'profile': 'default', 'state': 'lit', 'advancing': False}
2026-03-03 12:25:16,154 : INFO : EventManager : Event: ======'shot_inlane_right_1_lit_hit'====== Args={'profile': 'default', 'state': 'lit', 'advancing': False}
2026-03-03 12:25:16,155 : INFO : EventManager : Event: ======'inlanes_hit'====== Args={'shot': 'shot_inlane_right_1'}
2026-03-03 12:25:16,155 : INFO : EventManager : Event: ======'inlanes_lit_hit'====== Args={'shot': 'shot_inlane_right_1'}
2026-03-03 12:25:16,155 : INFO : EventManager : Event: ======'player_score'====== Args={'value': 14780, 'prev_value': 14770, 'change': 10, 'player_num': 1, 'source': 'bumpers'}
2026-03-03 12:25:16,156 : INFO : EventManager : Event: ======'playfield_active'====== Args={'source': None}
2026-03-03 12:25:16,758 : INFO : SwitchController : <<<<<<< 's_flipper_right_lower' inactive >>>>>>>
2026-03-03 12:25:16,762 : INFO : SwitchController : <<<<<<< 's_flipper_right_upper' inactive >>>>>>>
2026-03-03 12:25:16,863 : INFO : SwitchController : <<<<<<< 's_flipper_right_upper_eos' inactive >>>>>>>
2026-03-03 12:25:17,107 : INFO : SwitchController : <<<<<<< 's_flipper_right_upper' active >>>>>>>
2026-03-03 12:25:17,108 : INFO : EventManager : Event: ======'machine_var_audits_switches_s_flipper_right_upper'====== Args={'value': 505, 'prev_value': 504, 'change': 1}
2026-03-03 12:25:17,109 : INFO : SwitchController : <<<<<<< 's_flipper_right_lower' active >>>>>>>
2026-03-03 12:25:17,109 : INFO : EventManager : Event: ======'machine_var_audits_switches_s_flipper_right_lower'====== Args={'value': 802, 'prev_value': 801, 'change': 1}
2026-03-03 12:25:17,138 : INFO : SwitchController : <<<<<<< 's_flipper_right_upper_eos' active >>>>>>>
2026-03-03 12:25:17,138 : INFO : EventManager : Event: ======'machine_var_audits_switches_s_flipper_right_upper_eos'====== Args={'value': 340, 'prev_value': 339, 'change': 1}
2026-03-03 12:25:17,139 : INFO : SwitchController : <<<<<<< 's_inlane_right_1' inactive >>>>>>>
2026-03-03 12:25:17,139 : INFO : SwitchController : <<<<<<< 's_inlane_right_1' active >>>>>>>
2026-03-03 12:25:17,140 : INFO : EventManager : Event: ======'playfield_active'====== Args={'source': 'shot_inlane_right_1'}
2026-03-03 12:25:17,140 : INFO : EventManager : Event: ======'s_inlane_right_1_active'====== Args={}
2026-03-03 12:25:17,140 : INFO : EventManager : Event: ======'sw_playfield_active'====== Args={}
2026-03-03 12:25:17,140 : INFO : EventManager : Event: ======'machine_var_audits_switches_s_inlane_right_1'====== Args={'value': 1225, 'prev_value': 1224, 'change': 1}
2026-03-03 12:25:17,140 : INFO : EventManager : Event: ======'machine_var_audits_shots_shot_inlane_right_1'====== Args={'value': 893, 'prev_value': 892, 'change': 1}
2026-03-03 12:25:17,140 : INFO : EventManager : Event: ======'shot_inlane_right_1_hit'====== Args={'profile': 'default', 'state': 'lit', 'advancing': False}
2026-03-03 12:25:17,141 : INFO : EventManager : Event: ======'shot_inlane_right_1_default_hit'====== Args={'profile': 'default', 'state': 'lit', 'advancing': False}
2026-03-03 12:25:17,141 : INFO : EventManager : Event: ======'shot_inlane_right_1_default_lit_hit'====== Args={'profile': 'default', 'state': 'lit', 'advancing': False}
2026-03-03 12:25:17,141 : INFO : EventManager : Event: ======'shot_inlane_right_1_lit_hit'====== Args={'profile': 'default', 'state': 'lit', 'advancing': False}
2026-03-03 12:25:17,141 : INFO : EventManager : Event: ======'inlanes_hit'====== Args={'shot': 'shot_inlane_right_1'}
2026-03-03 12:25:17,141 : INFO : EventManager : Event: ======'inlanes_lit_hit'====== Args={'shot': 'shot_inlane_right_1'}
2026-03-03 12:25:17,141 : INFO : EventManager : Event: ======'player_score'====== Args={'value': 14790, 'prev_value': 14780, 'change': 10, 'player_num': 1, 'source': 'bumpers'}
2026-03-03 12:25:17,143 : INFO : EventManager : Event: ======'playfield_active'====== Args={'source': None}
2026-03-03 12:25:17,580 : INFO : SwitchController : <<<<<<< 's_flipper_right_lower' inactive >>>>>>>
2026-03-03 12:25:17,585 : INFO : SwitchController : <<<<<<< 's_flipper_right_upper' inactive >>>>>>>
2026-03-03 12:25:17,685 : INFO : SwitchController : <<<<<<< 's_flipper_right_upper_eos' inactive >>>>>>>
2026-03-03 12:25:17,833 : INFO : SwitchController : <<<<<<< 's_flipper_right_upper' active >>>>>>>
2026-03-03 12:25:17,834 : INFO : EventManager : Event: ======'machine_var_audits_switches_s_flipper_right_upper'====== Args={'value': 506, 'prev_value': 505, 'change': 1}
2026-03-03 12:25:17,847 : INFO : SwitchController : <<<<<<< 's_flipper_right_lower' active >>>>>>>
2026-03-03 12:25:17,847 : INFO : EventManager : Event: ======'machine_var_audits_switches_s_flipper_right_lower'====== Args={'value': 803, 'prev_value': 802, 'change': 1}
2026-03-03 12:25:17,857 : INFO : SwitchController : <<<<<<< 's_flipper_right_upper_eos' active >>>>>>>
2026-03-03 12:25:17,857 : INFO : EventManager : Event: ======'machine_var_audits_switches_s_flipper_right_upper_eos'====== Args={'value': 341, 'prev_value': 340, 'change': 1}
2026-03-03 12:25:18,029 : INFO : SwitchController : <<<<<<< 's_flipper_right_lower' inactive >>>>>>>
2026-03-03 12:25:18,035 : INFO : SwitchController : <<<<<<< 's_flipper_right_upper' inactive >>>>>>>
2026-03-03 12:25:18,137 : INFO : SwitchController : <<<<<<< 's_flipper_right_upper_eos' inactive >>>>>>>
2026-03-03 12:25:18,287 : INFO : SwitchController : <<<<<<< 's_flipper_right_upper' active >>>>>>>
2026-03-03 12:25:18,287 : INFO : EventManager : Event: ======'machine_var_audits_switches_s_flipper_right_upper'====== Args={'value': 507, 'prev_value': 506, 'change': 1}
2026-03-03 12:25:18,290 : INFO : SwitchController : <<<<<<< 's_flipper_right_lower' active >>>>>>>
2026-03-03 12:25:18,291 : INFO : EventManager : Event: ======'machine_var_audits_switches_s_flipper_right_lower'====== Args={'value': 804, 'prev_value': 803, 'change': 1}
2026-03-03 12:25:18,311 : INFO : SwitchController : <<<<<<< 's_flipper_right_upper_eos' active >>>>>>>
2026-03-03 12:25:18,311 : INFO : EventManager : Event: ======'machine_var_audits_switches_s_flipper_right_upper_eos'====== Args={'value': 342, 'prev_value': 341, 'change': 1}
2026-03-03 12:25:18,312 : INFO : SwitchController : <<<<<<< 's_inlane_right_1' inactive >>>>>>>
2026-03-03 12:25:18,321 : INFO : SwitchController : <<<<<<< 's_inlane_right_1' active >>>>>>>
2026-03-03 12:25:18,321 : INFO : EventManager : Event: ======'playfield_active'====== Args={'source': 'shot_inlane_right_1'}
2026-03-03 12:25:18,321 : INFO : EventManager : Event: ======'s_inlane_right_1_active'====== Args={}
2026-03-03 12:25:18,321 : INFO : EventManager : Event: ======'sw_playfield_active'====== Args={}
2026-03-03 12:25:18,321 : INFO : EventManager : Event: ======'machine_var_audits_switches_s_inlane_right_1'====== Args={'value': 1226, 'prev_value': 1225, 'change': 1}
2026-03-03 12:25:18,321 : INFO : EventManager : Event: ======'machine_var_audits_shots_shot_inlane_right_1'====== Args={'value': 894, 'prev_value': 893, 'change': 1}
2026-03-03 12:25:18,322 : INFO : EventManager : Event: ======'shot_inlane_right_1_hit'====== Args={'profile': 'default', 'state': 'lit', 'advancing': False}
2026-03-03 12:25:18,322 : INFO : EventManager : Event: ======'shot_inlane_right_1_default_hit'====== Args={'profile': 'default', 'state': 'lit', 'advancing': False}
2026-03-03 12:25:18,322 : INFO : EventManager : Event: ======'shot_inlane_right_1_default_lit_hit'====== Args={'profile': 'default', 'state': 'lit', 'advancing': False}
2026-03-03 12:25:18,322 : INFO : EventManager : Event: ======'shot_inlane_right_1_lit_hit'====== Args={'profile': 'default', 'state': 'lit', 'advancing': False}
2026-03-03 12:25:18,322 : INFO : EventManager : Event: ======'inlanes_hit'====== Args={'shot': 'shot_inlane_right_1'}
2026-03-03 12:25:18,322 : INFO : EventManager : Event: ======'inlanes_lit_hit'====== Args={'shot': 'shot_inlane_right_1'}
2026-03-03 12:25:18,322 : INFO : EventManager : Event: ======'player_score'====== Args={'value': 14800, 'prev_value': 14790, 'change': 10, 'player_num': 1, 'source': 'bumpers'}
2026-03-03 12:25:18,324 : INFO : EventManager : Event: ======'playfield_active'====== Args={'source': None}
2026-03-03 12:25:18,446 : INFO : SwitchController : <<<<<<< 's_flipper_right_lower' inactive >>>>>>>
2026-03-03 12:25:18,451 : INFO : SwitchController : <<<<<<< 's_flipper_right_upper' inactive >>>>>>>
2026-03-03 12:25:18,552 : INFO : SwitchController : <<<<<<< 's_flipper_right_upper_eos' inactive >>>>>>>
2026-03-03 12:25:18,614 : INFO : SwitchController : <<<<<<< 's_flipper_right_upper' active >>>>>>>
2026-03-03 12:25:18,614 : INFO : EventManager : Event: ======'machine_var_audits_switches_s_flipper_right_upper'====== Args={'value': 508, 'prev_value': 507, 'change': 1}
2026-03-03 12:25:18,628 : INFO : SwitchController : <<<<<<< 's_flipper_right_lower' active >>>>>>>
2026-03-03 12:25:18,628 : INFO : EventManager : Event: ======'machine_var_audits_switches_s_flipper_right_lower'====== Args={'value': 805, 'prev_value': 804, 'change': 1}
2026-03-03 12:25:18,637 : INFO : SwitchController : <<<<<<< 's_flipper_right_upper_eos' active >>>>>>>
2026-03-03 12:25:18,637 : INFO : EventManager : Event: ======'machine_var_audits_switches_s_flipper_right_upper_eos'====== Args={'value': 343, 'prev_value': 342, 'change': 1}
2026-03-03 12:25:18,641 : INFO : SwitchController : <<<<<<< 's_inlane_right_1' inactive >>>>>>>
2026-03-03 12:25:18,648 : INFO : SwitchController : <<<<<<< 's_inlane_right_1' active >>>>>>>
2026-03-03 12:25:18,648 : INFO : EventManager : Event: ======'playfield_active'====== Args={'source': 'shot_inlane_right_1'}
2026-03-03 12:25:18,648 : INFO : EventManager : Event: ======'s_inlane_right_1_active'====== Args={}
2026-03-03 12:25:18,648 : INFO : EventManager : Event: ======'sw_playfield_active'====== Args={}
2026-03-03 12:25:18,648 : INFO : EventManager : Event: ======'machine_var_audits_switches_s_inlane_right_1'====== Args={'value': 1227, 'prev_value': 1226, 'change': 1}
2026-03-03 12:25:18,649 : INFO : EventManager : Event: ======'machine_var_audits_shots_shot_inlane_right_1'====== Args={'value': 895, 'prev_value': 894, 'change': 1}
2026-03-03 12:25:18,649 : INFO : EventManager : Event: ======'shot_inlane_right_1_hit'====== Args={'profile': 'default', 'state': 'lit', 'advancing': False}
2026-03-03 12:25:18,649 : INFO : EventManager : Event: ======'shot_inlane_right_1_default_hit'====== Args={'profile': 'default', 'state': 'lit', 'advancing': False}
2026-03-03 12:25:18,649 : INFO : EventManager : Event: ======'shot_inlane_right_1_default_lit_hit'====== Args={'profile': 'default', 'state': 'lit', 'advancing': False}
2026-03-03 12:25:18,649 : INFO : EventManager : Event: ======'shot_inlane_right_1_lit_hit'====== Args={'profile': 'default', 'state': 'lit', 'advancing': False}
2026-03-03 12:25:18,650 : INFO : EventManager : Event: ======'inlanes_hit'====== Args={'shot': 'shot_inlane_right_1'}
2026-03-03 12:25:18,650 : INFO : EventManager : Event: ======'inlanes_lit_hit'====== Args={'shot': 'shot_inlane_right_1'}
2026-03-03 12:25:18,650 : INFO : EventManager : Event: ======'player_score'====== Args={'value': 14810, 'prev_value': 14800, 'change': 10, 'player_num': 1, 'source': 'bumpers'}
2026-03-03 12:25:18,651 : INFO : EventManager : Event: ======'playfield_active'====== Args={'source': None}
2026-03-03 12:25:19,398 : INFO : SwitchController : <<<<<<< 's_flipper_right_lower' inactive >>>>>>>
2026-03-03 12:25:19,405 : INFO : SwitchController : <<<<<<< 's_flipper_right_upper' inactive >>>>>>>
2026-03-03 12:25:19,506 : INFO : SwitchController : <<<<<<< 's_flipper_right_upper_eos' inactive >>>>>>>
2026-03-03 12:25:19,881 : INFO : SwitchController : <<<<<<< 's_flipper_right_upper' active >>>>>>>
2026-03-03 12:25:19,881 : INFO : EventManager : Event: ======'machine_var_audits_switches_s_flipper_right_upper'====== Args={'value': 509, 'prev_value': 508, 'change': 1}
2026-03-03 12:25:19,884 : INFO : SwitchController : <<<<<<< 's_flipper_right_lower' active >>>>>>>
2026-03-03 12:25:19,884 : INFO : EventManager : Event: ======'machine_var_audits_switches_s_flipper_right_lower'====== Args={'value': 806, 'prev_value': 805, 'change': 1}
2026-03-03 12:25:19,905 : INFO : SwitchController : <<<<<<< 's_flipper_right_upper_eos' active >>>>>>>
2026-03-03 12:25:19,905 : INFO : EventManager : Event: ======'machine_var_audits_switches_s_flipper_right_upper_eos'====== Args={'value': 344, 'prev_value': 343, 'change': 1}
2026-03-03 12:25:19,906 : INFO : SwitchController : <<<<<<< 's_inlane_right_1' inactive >>>>>>>
2026-03-03 12:25:19,919 : INFO : SwitchController : <<<<<<< 's_inlane_right_1' active >>>>>>>
2026-03-03 12:25:19,919 : INFO : EventManager : Event: ======'playfield_active'====== Args={'source': 'shot_inlane_right_1'}
2026-03-03 12:25:19,919 : INFO : EventManager : Event: ======'s_inlane_right_1_active'====== Args={}
2026-03-03 12:25:19,919 : INFO : EventManager : Event: ======'sw_playfield_active'====== Args={}
2026-03-03 12:25:19,920 : INFO : EventManager : Event: ======'machine_var_audits_switches_s_inlane_right_1'====== Args={'value': 1228, 'prev_value': 1227, 'change': 1}
2026-03-03 12:25:19,921 : INFO : EventManager : Event: ======'machine_var_audits_shots_shot_inlane_right_1'====== Args={'value': 896, 'prev_value': 895, 'change': 1}
2026-03-03 12:25:19,921 : INFO : EventManager : Event: ======'shot_inlane_right_1_hit'====== Args={'profile': 'default', 'state': 'lit', 'advancing': False}
2026-03-03 12:25:19,921 : INFO : EventManager : Event: ======'shot_inlane_right_1_default_hit'====== Args={'profile': 'default', 'state': 'lit', 'advancing': False}
2026-03-03 12:25:19,921 : INFO : EventManager : Event: ======'shot_inlane_right_1_default_lit_hit'====== Args={'profile': 'default', 'state': 'lit', 'advancing': False}
2026-03-03 12:25:19,921 : INFO : EventManager : Event: ======'shot_inlane_right_1_lit_hit'====== Args={'profile': 'default', 'state': 'lit', 'advancing': False}
2026-03-03 12:25:19,922 : INFO : EventManager : Event: ======'inlanes_hit'====== Args={'shot': 'shot_inlane_right_1'}
2026-03-03 12:25:19,922 : INFO : EventManager : Event: ======'inlanes_lit_hit'====== Args={'shot': 'shot_inlane_right_1'}
2026-03-03 12:25:19,922 : INFO : EventManager : Event: ======'player_score'====== Args={'value': 14820, 'prev_value': 14810, 'change': 10, 'player_num': 1, 'source': 'bumpers'}
2026-03-03 12:25:19,923 : INFO : EventManager : Event: ======'playfield_active'====== Args={'source': None}
2026-03-03 12:25:20,241 : INFO : SwitchController : <<<<<<< 's_flipper_right_lower' inactive >>>>>>>
2026-03-03 12:25:20,249 : INFO : SwitchController : <<<<<<< 's_flipper_right_upper' inactive >>>>>>>
2026-03-03 12:25:20,348 : INFO : SwitchController : <<<<<<< 's_flipper_right_upper_eos' inactive >>>>>>>
2026-03-03 12:25:20,518 : INFO : SwitchController : <<<<<<< 's_flipper_right_upper' active >>>>>>>
2026-03-03 12:25:20,518 : INFO : EventManager : Event: ======'machine_var_audits_switches_s_flipper_right_upper'====== Args={'value': 510, 'prev_value': 509, 'change': 1}
2026-03-03 12:25:20,523 : INFO : SwitchController : <<<<<<< 's_flipper_right_lower' active >>>>>>>
2026-03-03 12:25:20,523 : INFO : EventManager : Event: ======'machine_var_audits_switches_s_flipper_right_lower'====== Args={'value': 807, 'prev_value': 806, 'change': 1}
2026-03-03 12:25:20,539 : INFO : SwitchController : <<<<<<< 's_flipper_right_upper_eos' active >>>>>>>
2026-03-03 12:25:20,540 : INFO : EventManager : Event: ======'machine_var_audits_switches_s_flipper_right_upper_eos'====== Args={'value': 345, 'prev_value': 344, 'change': 1}
2026-03-03 12:25:20,542 : INFO : SwitchController : <<<<<<< 's_inlane_right_1' inactive >>>>>>>
2026-03-03 12:25:20,554 : INFO : SwitchController : <<<<<<< 's_inlane_right_1' active >>>>>>>
2026-03-03 12:25:20,554 : INFO : EventManager : Event: ======'playfield_active'====== Args={'source': 'shot_inlane_right_1'}
2026-03-03 12:25:20,555 : INFO : EventManager : Event: ======'s_inlane_right_1_active'====== Args={}
2026-03-03 12:25:20,555 : INFO : EventManager : Event: ======'sw_playfield_active'====== Args={}
2026-03-03 12:25:20,555 : INFO : EventManager : Event: ======'machine_var_audits_switches_s_inlane_right_1'====== Args={'value': 1229, 'prev_value': 1228, 'change': 1}
2026-03-03 12:25:20,555 : INFO : EventManager : Event: ======'machine_var_audits_shots_shot_inlane_right_1'====== Args={'value': 897, 'prev_value': 896, 'change': 1}
2026-03-03 12:25:20,556 : INFO : EventManager : Event: ======'shot_inlane_right_1_hit'====== Args={'profile': 'default', 'state': 'lit', 'advancing': False}
2026-03-03 12:25:20,556 : INFO : EventManager : Event: ======'shot_inlane_right_1_default_hit'====== Args={'profile': 'default', 'state': 'lit', 'advancing': False}
2026-03-03 12:25:20,556 : INFO : EventManager : Event: ======'shot_inlane_right_1_default_lit_hit'====== Args={'profile': 'default', 'state': 'lit', 'advancing': False}
2026-03-03 12:25:20,556 : INFO : EventManager : Event: ======'shot_inlane_right_1_lit_hit'====== Args={'profile': 'default', 'state': 'lit', 'advancing': False}
2026-03-03 12:25:20,556 : INFO : EventManager : Event: ======'inlanes_hit'====== Args={'shot': 'shot_inlane_right_1'}
2026-03-03 12:25:20,556 : INFO : EventManager : Event: ======'inlanes_lit_hit'====== Args={'shot': 'shot_inlane_right_1'}
2026-03-03 12:25:20,556 : INFO : EventManager : Event: ======'player_score'====== Args={'value': 14830, 'prev_value': 14820, 'change': 10, 'player_num': 1, 'source': 'bumpers'}
2026-03-03 12:25:20,558 : INFO : EventManager : Event: ======'playfield_active'====== Args={'source': None}
2026-03-03 12:25:20,701 : INFO : SwitchController : <<<<<<< 's_flipper_right_lower' inactive >>>>>>>
2026-03-03 12:25:20,706 : INFO : SwitchController : <<<<<<< 's_flipper_right_upper' inactive >>>>>>>
2026-03-03 12:25:20,806 : INFO : SwitchController : <<<<<<< 's_flipper_right_upper_eos' inactive >>>>>>>
2026-03-03 12:25:21,024 : INFO : SwitchController : <<<<<<< 's_flipper_right_upper' active >>>>>>>
2026-03-03 12:25:21,024 : INFO : EventManager : Event: ======'machine_var_audits_switches_s_flipper_right_upper'====== Args={'value': 511, 'prev_value': 510, 'change': 1}
2026-03-03 12:25:21,025 : INFO : SwitchController : <<<<<<< 's_flipper_right_lower' active >>>>>>>
2026-03-03 12:25:21,026 : INFO : EventManager : Event: ======'machine_var_audits_switches_s_flipper_right_lower'====== Args={'value': 808, 'prev_value': 807, 'change': 1}
2026-03-03 12:25:21,048 : INFO : SwitchController : <<<<<<< 's_flipper_right_upper_eos' active >>>>>>>
2026-03-03 12:25:21,048 : INFO : EventManager : Event: ======'machine_var_audits_switches_s_flipper_right_upper_eos'====== Args={'value': 346, 'prev_value': 345, 'change': 1}
2026-03-03 12:25:21,050 : INFO : SwitchController : <<<<<<< 's_inlane_right_1' inactive >>>>>>>
2026-03-03 12:25:21,058 : INFO : SwitchController : <<<<<<< 's_inlane_right_1' active >>>>>>>
2026-03-03 12:25:21,058 : INFO : EventManager : Event: ======'playfield_active'====== Args={'source': 'shot_inlane_right_1'}
2026-03-03 12:25:21,058 : INFO : EventManager : Event: ======'s_inlane_right_1_active'====== Args={}
2026-03-03 12:25:21,058 : INFO : EventManager : Event: ======'sw_playfield_active'====== Args={}
2026-03-03 12:25:21,058 : INFO : EventManager : Event: ======'machine_var_audits_switches_s_inlane_right_1'====== Args={'value': 1230, 'prev_value': 1229, 'change': 1}
2026-03-03 12:25:21,059 : INFO : EventManager : Event: ======'machine_var_audits_shots_shot_inlane_right_1'====== Args={'value': 898, 'prev_value': 897, 'change': 1}
2026-03-03 12:25:21,060 : INFO : EventManager : Event: ======'shot_inlane_right_1_hit'====== Args={'profile': 'default', 'state': 'lit', 'advancing': False}
2026-03-03 12:25:21,060 : INFO : EventManager : Event: ======'shot_inlane_right_1_default_hit'====== Args={'profile': 'default', 'state': 'lit', 'advancing': False}
2026-03-03 12:25:21,060 : INFO : EventManager : Event: ======'shot_inlane_right_1_default_lit_hit'====== Args={'profile': 'default', 'state': 'lit', 'advancing': False}
2026-03-03 12:25:21,060 : INFO : EventManager : Event: ======'shot_inlane_right_1_lit_hit'====== Args={'profile': 'default', 'state': 'lit', 'advancing': False}
2026-03-03 12:25:21,060 : INFO : EventManager : Event: ======'inlanes_hit'====== Args={'shot': 'shot_inlane_right_1'}
2026-03-03 12:25:21,060 : INFO : EventManager : Event: ======'inlanes_lit_hit'====== Args={'shot': 'shot_inlane_right_1'}
2026-03-03 12:25:21,060 : INFO : EventManager : Event: ======'player_score'====== Args={'value': 14840, 'prev_value': 14830, 'change': 10, 'player_num': 1, 'source': 'bumpers'}
2026-03-03 12:25:21,062 : INFO : EventManager : Event: ======'playfield_active'====== Args={'source': None}
2026-03-03 12:25:21,444 : INFO : SwitchController : <<<<<<< 's_flipper_right_lower' inactive >>>>>>>
2026-03-03 12:25:21,452 : INFO : SwitchController : <<<<<<< 's_flipper_right_upper' inactive >>>>>>>
2026-03-03 12:25:21,553 : INFO : SwitchController : <<<<<<< 's_flipper_right_upper_eos' inactive >>>>>>>
2026-03-03 12:25:29,509 : INFO : SwitchController : <<<<<<< 's_flipper_right_upper' active >>>>>>>
2026-03-03 12:25:29,509 : INFO : EventManager : Event: ======'machine_var_audits_switches_s_flipper_right_upper'====== Args={'value': 512, 'prev_value': 511, 'change': 1}
2026-03-03 12:25:29,533 : INFO : SwitchController : <<<<<<< 's_flipper_right_upper_eos' active >>>>>>>
2026-03-03 12:25:29,533 : INFO : EventManager : Event: ======'machine_var_audits_switches_s_flipper_right_upper_eos'====== Args={'value': 347, 'prev_value': 346, 'change': 1}
2026-03-03 12:25:29,535 : INFO : SwitchController : <<<<<<< 's_inlane_right_1' inactive >>>>>>>
2026-03-03 12:25:29,542 : INFO : SwitchController : <<<<<<< 's_inlane_right_1' active >>>>>>>
2026-03-03 12:25:29,542 : INFO : EventManager : Event: ======'playfield_active'====== Args={'source': 'shot_inlane_right_1'}
2026-03-03 12:25:29,542 : INFO : EventManager : Event: ======'s_inlane_right_1_active'====== Args={}
2026-03-03 12:25:29,542 : INFO : EventManager : Event: ======'sw_playfield_active'====== Args={}
2026-03-03 12:25:29,542 : INFO : EventManager : Event: ======'machine_var_audits_switches_s_inlane_right_1'====== Args={'value': 1231, 'prev_value': 1230, 'change': 1}
2026-03-03 12:25:29,543 : INFO : EventManager : Event: ======'machine_var_audits_shots_shot_inlane_right_1'====== Args={'value': 899, 'prev_value': 898, 'change': 1}
2026-03-03 12:25:29,543 : INFO : EventManager : Event: ======'shot_inlane_right_1_hit'====== Args={'profile': 'default', 'state': 'lit', 'advancing': False}
2026-03-03 12:25:29,543 : INFO : EventManager : Event: ======'shot_inlane_right_1_default_hit'====== Args={'profile': 'default', 'state': 'lit', 'advancing': False}
2026-03-03 12:25:29,543 : INFO : EventManager : Event: ======'shot_inlane_right_1_default_lit_hit'====== Args={'profile': 'default', 'state': 'lit', 'advancing': False}
2026-03-03 12:25:29,543 : INFO : EventManager : Event: ======'shot_inlane_right_1_lit_hit'====== Args={'profile': 'default', 'state': 'lit', 'advancing': False}
2026-03-03 12:25:29,544 : INFO : EventManager : Event: ======'inlanes_hit'====== Args={'shot': 'shot_inlane_right_1'}
2026-03-03 12:25:29,544 : INFO : EventManager : Event: ======'inlanes_lit_hit'====== Args={'shot': 'shot_inlane_right_1'}
2026-03-03 12:25:29,544 : INFO : EventManager : Event: ======'player_score'====== Args={'value': 14850, 'prev_value': 14840, 'change': 10, 'player_num': 1, 'source': 'bumpers'}
2026-03-03 12:25:29,546 : INFO : EventManager : Event: ======'playfield_active'====== Args={'source': None}
2026-03-03 12:25:29,556 : INFO : SwitchController : <<<<<<< 's_flipper_right_lower' active >>>>>>>
2026-03-03 12:25:29,556 : INFO : EventManager : Event: ======'machine_var_audits_switches_s_flipper_right_lower'====== Args={'value': 809, 'prev_value': 808, 'change': 1}
2026-03-03 12:25:29,696 : INFO : SwitchController : <<<<<<< 's_flipper_right_lower' inactive >>>>>>>
2026-03-03 12:25:29,712 : INFO : SwitchController : <<<<<<< 's_flipper_right_upper' inactive >>>>>>>
2026-03-03 12:25:29,812 : INFO : SwitchController : <<<<<<< 's_flipper_right_upper_eos' inactive >>>>>>>
2026-03-03 12:25:30,217 : INFO : SwitchController : <<<<<<< 's_flipper_right_upper' active >>>>>>>
2026-03-03 12:25:30,218 : INFO : EventManager : Event: ======'machine_var_audits_switches_s_flipper_right_upper'====== Args={'value': 513, 'prev_value': 512, 'change': 1}
2026-03-03 12:25:30,218 : INFO : SwitchController : <<<<<<< 's_flipper_right_upper_eos' active >>>>>>>
2026-03-03 12:25:30,219 : INFO : EventManager : Event: ======'machine_var_audits_switches_s_flipper_right_upper_eos'====== Args={'value': 348, 'prev_value': 347, 'change': 1}
2026-03-03 12:25:30,219 : INFO : SwitchController : <<<<<<< 's_inlane_right_1' inactive >>>>>>>
2026-03-03 12:25:30,219 : INFO : SwitchController : <<<<<<< 's_inlane_right_1' active >>>>>>>
2026-03-03 12:25:30,219 : INFO : EventManager : Event: ======'playfield_active'====== Args={'source': 'shot_inlane_right_1'}
2026-03-03 12:25:30,219 : INFO : EventManager : Event: ======'s_inlane_right_1_active'====== Args={}
2026-03-03 12:25:30,219 : INFO : EventManager : Event: ======'sw_playfield_active'====== Args={}
2026-03-03 12:25:30,220 : INFO : EventManager : Event: ======'machine_var_audits_switches_s_inlane_right_1'====== Args={'value': 1232, 'prev_value': 1231, 'change': 1}
2026-03-03 12:25:30,221 : INFO : EventManager : Event: ======'machine_var_audits_shots_shot_inlane_right_1'====== Args={'value': 900, 'prev_value': 899, 'change': 1}
2026-03-03 12:25:30,222 : INFO : EventManager : Event: ======'shot_inlane_right_1_hit'====== Args={'profile': 'default', 'state': 'lit', 'advancing': False}
2026-03-03 12:25:30,222 : INFO : EventManager : Event: ======'shot_inlane_right_1_default_hit'====== Args={'profile': 'default', 'state': 'lit', 'advancing': False}
2026-03-03 12:25:30,222 : INFO : EventManager : Event: ======'shot_inlane_right_1_default_lit_hit'====== Args={'profile': 'default', 'state': 'lit', 'advancing': False}
2026-03-03 12:25:30,222 : INFO : EventManager : Event: ======'shot_inlane_right_1_lit_hit'====== Args={'profile': 'default', 'state': 'lit', 'advancing': False}
2026-03-03 12:25:30,222 : INFO : EventManager : Event: ======'inlanes_hit'====== Args={'shot': 'shot_inlane_right_1'}
2026-03-03 12:25:30,222 : INFO : EventManager : Event: ======'inlanes_lit_hit'====== Args={'shot': 'shot_inlane_right_1'}
2026-03-03 12:25:30,223 : INFO : EventManager : Event: ======'player_score'====== Args={'value': 14860, 'prev_value': 14850, 'change': 10, 'player_num': 1, 'source': 'bumpers'}
2026-03-03 12:25:30,225 : INFO : EventManager : Event: ======'playfield_active'====== Args={'source': None}
2026-03-03 12:25:30,305 : INFO : SwitchController : <<<<<<< 's_flipper_right_lower' active >>>>>>>
2026-03-03 12:25:30,305 : INFO : EventManager : Event: ======'machine_var_audits_switches_s_flipper_right_lower'====== Args={'value': 810, 'prev_value': 809, 'change': 1}
2026-03-03 12:25:30,603 : INFO : SwitchController : <<<<<<< 's_flipper_right_lower' inactive >>>>>>>
2026-03-03 12:25:30,618 : INFO : SwitchController : <<<<<<< 's_flipper_right_upper' inactive >>>>>>>
2026-03-03 12:25:30,718 : INFO : SwitchController : <<<<<<< 's_flipper_right_upper_eos' inactive >>>>>>>
2026-03-03 12:25:38,314 : INFO : SwitchController : <<<<<<< 's_flipper_right_upper' active >>>>>>>
2026-03-03 12:25:38,314 : INFO : EventManager : Event: ======'machine_var_audits_switches_s_flipper_right_upper'====== Args={'value': 514, 'prev_value': 513, 'change': 1}
2026-03-03 12:25:38,336 : INFO : SwitchController : <<<<<<< 's_flipper_right_upper_eos' active >>>>>>>
2026-03-03 12:25:38,336 : INFO : EventManager : Event: ======'machine_var_audits_switches_s_flipper_right_upper_eos'====== Args={'value': 349, 'prev_value': 348, 'change': 1}
2026-03-03 12:25:38,339 : INFO : SwitchController : <<<<<<< 's_inlane_right_1' inactive >>>>>>>
2026-03-03 12:25:38,350 : INFO : SwitchController : <<<<<<< 's_inlane_right_1' active >>>>>>>
2026-03-03 12:25:38,350 : INFO : EventManager : Event: ======'playfield_active'====== Args={'source': 'shot_inlane_right_1'}
2026-03-03 12:25:38,350 : INFO : EventManager : Event: ======'s_inlane_right_1_active'====== Args={}
2026-03-03 12:25:38,350 : INFO : EventManager : Event: ======'sw_playfield_active'====== Args={}
2026-03-03 12:25:38,350 : INFO : EventManager : Event: ======'machine_var_audits_switches_s_inlane_right_1'====== Args={'value': 1233, 'prev_value': 1232, 'change': 1}
2026-03-03 12:25:38,351 : INFO : EventManager : Event: ======'machine_var_audits_shots_shot_inlane_right_1'====== Args={'value': 901, 'prev_value': 900, 'change': 1}
2026-03-03 12:25:38,351 : INFO : EventManager : Event: ======'shot_inlane_right_1_hit'====== Args={'profile': 'default', 'state': 'lit', 'advancing': False}
2026-03-03 12:25:38,351 : INFO : EventManager : Event: ======'shot_inlane_right_1_default_hit'====== Args={'profile': 'default', 'state': 'lit', 'advancing': False}
2026-03-03 12:25:38,351 : INFO : EventManager : Event: ======'shot_inlane_right_1_default_lit_hit'====== Args={'profile': 'default', 'state': 'lit', 'advancing': False}
2026-03-03 12:25:38,351 : INFO : EventManager : Event: ======'shot_inlane_right_1_lit_hit'====== Args={'profile': 'default', 'state': 'lit', 'advancing': False}
2026-03-03 12:25:38,352 : INFO : EventManager : Event: ======'inlanes_hit'====== Args={'shot': 'shot_inlane_right_1'}
2026-03-03 12:25:38,352 : INFO : EventManager : Event: ======'inlanes_lit_hit'====== Args={'shot': 'shot_inlane_right_1'}
2026-03-03 12:25:38,352 : INFO : EventManager : Event: ======'player_score'====== Args={'value': 14870, 'prev_value': 14860, 'change': 10, 'player_num': 1, 'source': 'bumpers'}
2026-03-03 12:25:38,353 : INFO : EventManager : Event: ======'playfield_active'====== Args={'source': None}
2026-03-03 12:25:38,533 : INFO : SwitchController : <<<<<<< 's_flipper_right_upper' inactive >>>>>>>
2026-03-03 12:25:38,627 : INFO : SwitchController : <<<<<<< 's_flipper_right_upper' active >>>>>>>
2026-03-03 12:25:38,627 : INFO : EventManager : Event: ======'machine_var_audits_switches_s_flipper_right_upper'====== Args={'value': 515, 'prev_value': 514, 'change': 1}
2026-03-03 12:25:38,633 : INFO : SwitchController : <<<<<<< 's_flipper_right_upper_eos' inactive >>>>>>>
2026-03-03 12:25:38,643 : INFO : SwitchController : <<<<<<< 's_flipper_right_upper_eos' active >>>>>>>
2026-03-03 12:25:38,643 : INFO : EventManager : Event: ======'machine_var_audits_switches_s_flipper_right_upper_eos'====== Args={'value': 350, 'prev_value': 349, 'change': 1}
2026-03-03 12:25:38,649 : INFO : SwitchController : <<<<<<< 's_inlane_right_1' inactive >>>>>>>
2026-03-03 12:25:38,657 : INFO : SwitchController : <<<<<<< 's_flipper_right_upper' inactive >>>>>>>
2026-03-03 12:25:38,657 : INFO : SwitchController : <<<<<<< 's_inlane_right_1' active >>>>>>>
2026-03-03 12:25:38,657 : INFO : EventManager : Event: ======'playfield_active'====== Args={'source': 'shot_inlane_right_1'}
2026-03-03 12:25:38,657 : INFO : EventManager : Event: ======'s_inlane_right_1_active'====== Args={}
2026-03-03 12:25:38,657 : INFO : EventManager : Event: ======'sw_playfield_active'====== Args={}
2026-03-03 12:25:38,657 : INFO : EventManager : Event: ======'machine_var_audits_switches_s_inlane_right_1'====== Args={'value': 1234, 'prev_value': 1233, 'change': 1}
2026-03-03 12:25:38,658 : INFO : EventManager : Event: ======'machine_var_audits_shots_shot_inlane_right_1'====== Args={'value': 902, 'prev_value': 901, 'change': 1}
2026-03-03 12:25:38,658 : INFO : EventManager : Event: ======'shot_inlane_right_1_hit'====== Args={'profile': 'default', 'state': 'lit', 'advancing': False}
2026-03-03 12:25:38,658 : INFO : EventManager : Event: ======'shot_inlane_right_1_default_hit'====== Args={'profile': 'default', 'state': 'lit', 'advancing': False}
2026-03-03 12:25:38,658 : INFO : EventManager : Event: ======'shot_inlane_right_1_default_lit_hit'====== Args={'profile': 'default', 'state': 'lit', 'advancing': False}
2026-03-03 12:25:38,658 : INFO : EventManager : Event: ======'shot_inlane_right_1_lit_hit'====== Args={'profile': 'default', 'state': 'lit', 'advancing': False}
2026-03-03 12:25:38,659 : INFO : EventManager : Event: ======'inlanes_hit'====== Args={'shot': 'shot_inlane_right_1'}
2026-03-03 12:25:38,659 : INFO : EventManager : Event: ======'inlanes_lit_hit'====== Args={'shot': 'shot_inlane_right_1'}
2026-03-03 12:25:38,659 : INFO : EventManager : Event: ======'player_score'====== Args={'value': 14880, 'prev_value': 14870, 'change': 10, 'player_num': 1, 'source': 'bumpers'}
2026-03-03 12:25:38,660 : INFO : EventManager : Event: ======'playfield_active'====== Args={'source': None}
2026-03-03 12:25:38,760 : INFO : SwitchController : <<<<<<< 's_flipper_right_upper_eos' inactive >>>>>>>
2026-03-03 12:25:40,223 : INFO : SwitchController : <<<<<<< 's_flipper_right_upper' active >>>>>>>
2026-03-03 12:25:40,223 : INFO : EventManager : Event: ======'machine_var_audits_switches_s_flipper_right_upper'====== Args={'value': 516, 'prev_value': 515, 'change': 1}
2026-03-03 12:25:40,245 : INFO : SwitchController : <<<<<<< 's_flipper_right_upper' inactive >>>>>>>
2026-03-03 12:25:40,246 : INFO : SwitchController : <<<<<<< 's_flipper_right_upper_eos' active >>>>>>>
2026-03-03 12:25:40,246 : INFO : EventManager : Event: ======'machine_var_audits_switches_s_flipper_right_upper_eos'====== Args={'value': 351, 'prev_value': 350, 'change': 1}
2026-03-03 12:25:40,248 : INFO : SwitchController : <<<<<<< 's_inlane_right_1' inactive >>>>>>>
2026-03-03 12:25:40,255 : INFO : SwitchController : <<<<<<< 's_inlane_right_1' active >>>>>>>
2026-03-03 12:25:40,255 : INFO : EventManager : Event: ======'playfield_active'====== Args={'source': 'shot_inlane_right_1'}
2026-03-03 12:25:40,256 : INFO : EventManager : Event: ======'s_inlane_right_1_active'====== Args={}
2026-03-03 12:25:40,256 : INFO : EventManager : Event: ======'sw_playfield_active'====== Args={}
2026-03-03 12:25:40,256 : INFO : EventManager : Event: ======'machine_var_audits_switches_s_inlane_right_1'====== Args={'value': 1235, 'prev_value': 1234, 'change': 1}
2026-03-03 12:25:40,257 : INFO : EventManager : Event: ======'machine_var_audits_shots_shot_inlane_right_1'====== Args={'value': 903, 'prev_value': 902, 'change': 1}
2026-03-03 12:25:40,257 : INFO : EventManager : Event: ======'shot_inlane_right_1_hit'====== Args={'profile': 'default', 'state': 'lit', 'advancing': False}
2026-03-03 12:25:40,257 : INFO : EventManager : Event: ======'shot_inlane_right_1_default_hit'====== Args={'profile': 'default', 'state': 'lit', 'advancing': False}
2026-03-03 12:25:40,257 : INFO : EventManager : Event: ======'shot_inlane_right_1_default_lit_hit'====== Args={'profile': 'default', 'state': 'lit', 'advancing': False}
2026-03-03 12:25:40,257 : INFO : EventManager : Event: ======'shot_inlane_right_1_lit_hit'====== Args={'profile': 'default', 'state': 'lit', 'advancing': False}
2026-03-03 12:25:40,257 : INFO : EventManager : Event: ======'inlanes_hit'====== Args={'shot': 'shot_inlane_right_1'}
2026-03-03 12:25:40,258 : INFO : EventManager : Event: ======'inlanes_lit_hit'====== Args={'shot': 'shot_inlane_right_1'}
2026-03-03 12:25:40,258 : INFO : EventManager : Event: ======'player_score'====== Args={'value': 14890, 'prev_value': 14880, 'change': 10, 'player_num': 1, 'source': 'bumpers'}
2026-03-03 12:25:40,261 : INFO : EventManager : Event: ======'playfield_active'====== Args={'source': None}
2026-03-03 12:25:40,353 : INFO : SwitchController : <<<<<<< 's_flipper_right_upper_eos' inactive >>>>>>>
2026-03-03 12:25:40,450 : INFO : SwitchController : <<<<<<< 's_flipper_right_upper' active >>>>>>>
2026-03-03 12:25:40,450 : INFO : EventManager : Event: ======'machine_var_audits_switches_s_flipper_right_upper'====== Args={'value': 517, 'prev_value': 516, 'change': 1}
2026-03-03 12:25:40,473 : INFO : SwitchController : <<<<<<< 's_flipper_right_upper_eos' active >>>>>>>
2026-03-03 12:25:40,473 : INFO : EventManager : Event: ======'machine_var_audits_switches_s_flipper_right_upper_eos'====== Args={'value': 352, 'prev_value': 351, 'change': 1}
2026-03-03 12:25:40,476 : INFO : SwitchController : <<<<<<< 's_inlane_right_1' inactive >>>>>>>
2026-03-03 12:25:40,483 : INFO : SwitchController : <<<<<<< 's_inlane_right_1' active >>>>>>>
2026-03-03 12:25:40,483 : INFO : EventManager : Event: ======'playfield_active'====== Args={'source': 'shot_inlane_right_1'}
2026-03-03 12:25:40,483 : INFO : EventManager : Event: ======'s_inlane_right_1_active'====== Args={}
2026-03-03 12:25:40,483 : INFO : EventManager : Event: ======'sw_playfield_active'====== Args={}
2026-03-03 12:25:40,483 : INFO : EventManager : Event: ======'machine_var_audits_switches_s_inlane_right_1'====== Args={'value': 1236, 'prev_value': 1235, 'change': 1}
2026-03-03 12:25:40,484 : INFO : EventManager : Event: ======'machine_var_audits_shots_shot_inlane_right_1'====== Args={'value': 904, 'prev_value': 903, 'change': 1}
2026-03-03 12:25:40,484 : INFO : EventManager : Event: ======'shot_inlane_right_1_hit'====== Args={'profile': 'default', 'state': 'lit', 'advancing': False}
2026-03-03 12:25:40,484 : INFO : EventManager : Event: ======'shot_inlane_right_1_default_hit'====== Args={'profile': 'default', 'state': 'lit', 'advancing': False}
2026-03-03 12:25:40,484 : INFO : EventManager : Event: ======'shot_inlane_right_1_default_lit_hit'====== Args={'profile': 'default', 'state': 'lit', 'advancing': False}
2026-03-03 12:25:40,484 : INFO : EventManager : Event: ======'shot_inlane_right_1_lit_hit'====== Args={'profile': 'default', 'state': 'lit', 'advancing': False}
2026-03-03 12:25:40,484 : INFO : EventManager : Event: ======'inlanes_hit'====== Args={'shot': 'shot_inlane_right_1'}
2026-03-03 12:25:40,484 : INFO : EventManager : Event: ======'inlanes_lit_hit'====== Args={'shot': 'shot_inlane_right_1'}
2026-03-03 12:25:40,484 : INFO : EventManager : Event: ======'player_score'====== Args={'value': 14900, 'prev_value': 14890, 'change': 10, 'player_num': 1, 'source': 'bumpers'}
2026-03-03 12:25:40,486 : INFO : EventManager : Event: ======'playfield_active'====== Args={'source': None}
2026-03-03 12:25:40,541 : INFO : SwitchController : <<<<<<< 's_flipper_right_upper' inactive >>>>>>>
2026-03-03 12:25:40,641 : INFO : SwitchController : <<<<<<< 's_flipper_right_upper_eos' inactive >>>>>>>
2026-03-03 12:25:41,176 : INFO : SwitchController : <<<<<<< 's_flipper_right_upper' active >>>>>>>
2026-03-03 12:25:41,176 : INFO : EventManager : Event: ======'machine_var_audits_switches_s_flipper_right_upper'====== Args={'value': 518, 'prev_value': 517, 'change': 1}
2026-03-03 12:25:41,200 : INFO : SwitchController : <<<<<<< 's_flipper_right_upper_eos' active >>>>>>>
2026-03-03 12:25:41,200 : INFO : EventManager : Event: ======'machine_var_audits_switches_s_flipper_right_upper_eos'====== Args={'value': 353, 'prev_value': 352, 'change': 1}
2026-03-03 12:25:41,201 : INFO : SwitchController : <<<<<<< 's_inlane_right_1' inactive >>>>>>>
2026-03-03 12:25:41,210 : INFO : SwitchController : <<<<<<< 's_inlane_right_1' active >>>>>>>
2026-03-03 12:25:41,210 : INFO : EventManager : Event: ======'playfield_active'====== Args={'source': 'shot_inlane_right_1'}
2026-03-03 12:25:41,210 : INFO : EventManager : Event: ======'s_inlane_right_1_active'====== Args={}
2026-03-03 12:25:41,210 : INFO : EventManager : Event: ======'sw_playfield_active'====== Args={}
2026-03-03 12:25:41,210 : INFO : EventManager : Event: ======'machine_var_audits_switches_s_inlane_right_1'====== Args={'value': 1237, 'prev_value': 1236, 'change': 1}
2026-03-03 12:25:41,211 : INFO : EventManager : Event: ======'machine_var_audits_shots_shot_inlane_right_1'====== Args={'value': 905, 'prev_value': 904, 'change': 1}
2026-03-03 12:25:41,211 : INFO : EventManager : Event: ======'shot_inlane_right_1_hit'====== Args={'profile': 'default', 'state': 'lit', 'advancing': False}
2026-03-03 12:25:41,211 : INFO : EventManager : Event: ======'shot_inlane_right_1_default_hit'====== Args={'profile': 'default', 'state': 'lit', 'advancing': False}
2026-03-03 12:25:41,211 : INFO : EventManager : Event: ======'shot_inlane_right_1_default_lit_hit'====== Args={'profile': 'default', 'state': 'lit', 'advancing': False}
2026-03-03 12:25:41,211 : INFO : EventManager : Event: ======'shot_inlane_right_1_lit_hit'====== Args={'profile': 'default', 'state': 'lit', 'advancing': False}
2026-03-03 12:25:41,211 : INFO : EventManager : Event: ======'inlanes_hit'====== Args={'shot': 'shot_inlane_right_1'}
2026-03-03 12:25:41,211 : INFO : EventManager : Event: ======'inlanes_lit_hit'====== Args={'shot': 'shot_inlane_right_1'}
2026-03-03 12:25:41,212 : INFO : EventManager : Event: ======'player_score'====== Args={'value': 14910, 'prev_value': 14900, 'change': 10, 'player_num': 1, 'source': 'bumpers'}
2026-03-03 12:25:41,213 : INFO : EventManager : Event: ======'playfield_active'====== Args={'source': None}
2026-03-03 12:25:41,218 : INFO : SwitchController : <<<<<<< 's_flipper_right_lower' active >>>>>>>
2026-03-03 12:25:41,218 : INFO : EventManager : Event: ======'machine_var_audits_switches_s_flipper_right_lower'====== Args={'value': 811, 'prev_value': 810, 'change': 1}
2026-03-03 12:25:41,589 : INFO : SwitchController : <<<<<<< 's_flipper_right_lower' inactive >>>>>>>
2026-03-03 12:25:41,609 : INFO : SwitchController : <<<<<<< 's_flipper_right_upper' inactive >>>>>>>
2026-03-03 12:25:41,706 : INFO : SwitchController : <<<<<<< 's_flipper_right_upper_eos' inactive >>>>>>>
2026-03-03 12:25:41,937 : INFO : SwitchController : <<<<<<< 's_flipper_right_upper' active >>>>>>>
2026-03-03 12:25:41,938 : INFO : EventManager : Event: ======'machine_var_audits_switches_s_flipper_right_upper'====== Args={'value': 519, 'prev_value': 518, 'change': 1}
2026-03-03 12:25:41,941 : INFO : SwitchController : <<<<<<< 's_flipper_right_lower' active >>>>>>>
2026-03-03 12:25:41,941 : INFO : EventManager : Event: ======'machine_var_audits_switches_s_flipper_right_lower'====== Args={'value': 812, 'prev_value': 811, 'change': 1}
2026-03-03 12:25:41,960 : INFO : SwitchController : <<<<<<< 's_flipper_right_upper_eos' active >>>>>>>
2026-03-03 12:25:41,961 : INFO : EventManager : Event: ======'machine_var_audits_switches_s_flipper_right_upper_eos'====== Args={'value': 354, 'prev_value': 353, 'change': 1}
2026-03-03 12:25:41,962 : INFO : SwitchController : <<<<<<< 's_inlane_right_1' inactive >>>>>>>
2026-03-03 12:25:41,968 : INFO : SwitchController : <<<<<<< 's_inlane_right_1' active >>>>>>>
2026-03-03 12:25:41,968 : INFO : EventManager : Event: ======'playfield_active'====== Args={'source': 'shot_inlane_right_1'}
2026-03-03 12:25:41,969 : INFO : EventManager : Event: ======'s_inlane_right_1_active'====== Args={}
2026-03-03 12:25:41,969 : INFO : EventManager : Event: ======'sw_playfield_active'====== Args={}
2026-03-03 12:25:41,969 : INFO : EventManager : Event: ======'machine_var_audits_switches_s_inlane_right_1'====== Args={'value': 1238, 'prev_value': 1237, 'change': 1}
2026-03-03 12:25:41,970 : INFO : EventManager : Event: ======'machine_var_audits_shots_shot_inlane_right_1'====== Args={'value': 906, 'prev_value': 905, 'change': 1}
2026-03-03 12:25:41,970 : INFO : EventManager : Event: ======'shot_inlane_right_1_hit'====== Args={'profile': 'default', 'state': 'lit', 'advancing': False}
2026-03-03 12:25:41,970 : INFO : EventManager : Event: ======'shot_inlane_right_1_default_hit'====== Args={'profile': 'default', 'state': 'lit', 'advancing': False}
2026-03-03 12:25:41,970 : INFO : EventManager : Event: ======'shot_inlane_right_1_default_lit_hit'====== Args={'profile': 'default', 'state': 'lit', 'advancing': False}
2026-03-03 12:25:41,970 : INFO : EventManager : Event: ======'shot_inlane_right_1_lit_hit'====== Args={'profile': 'default', 'state': 'lit', 'advancing': False}
2026-03-03 12:25:41,970 : INFO : EventManager : Event: ======'inlanes_hit'====== Args={'shot': 'shot_inlane_right_1'}
2026-03-03 12:25:41,970 : INFO : EventManager : Event: ======'inlanes_lit_hit'====== Args={'shot': 'shot_inlane_right_1'}
2026-03-03 12:25:41,970 : INFO : EventManager : Event: ======'player_score'====== Args={'value': 14920, 'prev_value': 14910, 'change': 10, 'player_num': 1, 'source': 'bumpers'}
2026-03-03 12:25:41,972 : INFO : EventManager : Event: ======'playfield_active'====== Args={'source': None}
2026-03-03 12:25:42,334 : INFO : SwitchController : <<<<<<< 's_flipper_right_lower' inactive >>>>>>>
2026-03-03 12:25:42,352 : INFO : SwitchController : <<<<<<< 's_flipper_right_upper' inactive >>>>>>>
2026-03-03 12:25:42,452 : INFO : SwitchController : <<<<<<< 's_flipper_right_upper_eos' inactive >>>>>>>
2026-03-03 12:25:42,656 : INFO : SwitchController : <<<<<<< 's_flipper_right_upper' active >>>>>>>
2026-03-03 12:25:42,656 : INFO : EventManager : Event: ======'machine_var_audits_switches_s_flipper_right_upper'====== Args={'value': 520, 'prev_value': 519, 'change': 1}
2026-03-03 12:25:42,665 : INFO : SwitchController : <<<<<<< 's_flipper_right_lower' active >>>>>>>
2026-03-03 12:25:42,665 : INFO : EventManager : Event: ======'machine_var_audits_switches_s_flipper_right_lower'====== Args={'value': 813, 'prev_value': 812, 'change': 1}
2026-03-03 12:25:42,680 : INFO : SwitchController : <<<<<<< 's_flipper_right_upper_eos' active >>>>>>>
2026-03-03 12:25:42,680 : INFO : EventManager : Event: ======'machine_var_audits_switches_s_flipper_right_upper_eos'====== Args={'value': 355, 'prev_value': 354, 'change': 1}
2026-03-03 12:25:42,684 : INFO : SwitchController : <<<<<<< 's_inlane_right_1' inactive >>>>>>>
2026-03-03 12:25:42,688 : INFO : SwitchController : <<<<<<< 's_inlane_right_1' active >>>>>>>
2026-03-03 12:25:42,688 : INFO : EventManager : Event: ======'playfield_active'====== Args={'source': 'shot_inlane_right_1'}
2026-03-03 12:25:42,688 : INFO : EventManager : Event: ======'s_inlane_right_1_active'====== Args={}
2026-03-03 12:25:42,688 : INFO : EventManager : Event: ======'sw_playfield_active'====== Args={}
2026-03-03 12:25:42,688 : INFO : EventManager : Event: ======'machine_var_audits_switches_s_inlane_right_1'====== Args={'value': 1239, 'prev_value': 1238, 'change': 1}
2026-03-03 12:25:42,689 : INFO : EventManager : Event: ======'machine_var_audits_shots_shot_inlane_right_1'====== Args={'value': 907, 'prev_value': 906, 'change': 1}
2026-03-03 12:25:42,689 : INFO : EventManager : Event: ======'shot_inlane_right_1_hit'====== Args={'profile': 'default', 'state': 'lit', 'advancing': False}
2026-03-03 12:25:42,690 : INFO : EventManager : Event: ======'shot_inlane_right_1_default_hit'====== Args={'profile': 'default', 'state': 'lit', 'advancing': False}
2026-03-03 12:25:42,690 : INFO : EventManager : Event: ======'shot_inlane_right_1_default_lit_hit'====== Args={'profile': 'default', 'state': 'lit', 'advancing': False}
2026-03-03 12:25:42,690 : INFO : EventManager : Event: ======'shot_inlane_right_1_lit_hit'====== Args={'profile': 'default', 'state': 'lit', 'advancing': False}
2026-03-03 12:25:42,690 : INFO : EventManager : Event: ======'inlanes_hit'====== Args={'shot': 'shot_inlane_right_1'}
2026-03-03 12:25:42,690 : INFO : EventManager : Event: ======'inlanes_lit_hit'====== Args={'shot': 'shot_inlane_right_1'}
2026-03-03 12:25:42,690 : INFO : EventManager : Event: ======'player_score'====== Args={'value': 14930, 'prev_value': 14920, 'change': 10, 'player_num': 1, 'source': 'bumpers'}
2026-03-03 12:25:42,691 : INFO : EventManager : Event: ======'playfield_active'====== Args={'source': None}
2026-03-03 12:25:43,055 : INFO : SwitchController : <<<<<<< 's_flipper_right_lower' inactive >>>>>>>
2026-03-03 12:25:43,071 : INFO : SwitchController : <<<<<<< 's_flipper_right_upper' inactive >>>>>>>
2026-03-03 12:25:43,172 : INFO : SwitchController : <<<<<<< 's_flipper_right_upper_eos' inactive >>>>>>>
2026-03-03 12:25:45,276 : INFO : SwitchController : <<<<<<< 's_flipper_right_upper' active >>>>>>>
2026-03-03 12:25:45,276 : INFO : EventManager : Event: ======'machine_var_audits_switches_s_flipper_right_upper'====== Args={'value': 521, 'prev_value': 520, 'change': 1}
2026-03-03 12:25:45,299 : INFO : SwitchController : <<<<<<< 's_flipper_right_upper_eos' active >>>>>>>
2026-03-03 12:25:45,300 : INFO : EventManager : Event: ======'machine_var_audits_switches_s_flipper_right_upper_eos'====== Args={'value': 356, 'prev_value': 355, 'change': 1}
2026-03-03 12:25:45,304 : INFO : SwitchController : <<<<<<< 's_inlane_right_1' inactive >>>>>>>
2026-03-03 12:25:45,314 : INFO : SwitchController : <<<<<<< 's_inlane_right_1' active >>>>>>>
2026-03-03 12:25:45,314 : INFO : EventManager : Event: ======'playfield_active'====== Args={'source': 'shot_inlane_right_1'}
2026-03-03 12:25:45,314 : INFO : EventManager : Event: ======'s_inlane_right_1_active'====== Args={}
2026-03-03 12:25:45,315 : INFO : EventManager : Event: ======'sw_playfield_active'====== Args={}
2026-03-03 12:25:45,315 : INFO : EventManager : Event: ======'machine_var_audits_switches_s_inlane_right_1'====== Args={'value': 1240, 'prev_value': 1239, 'change': 1}
2026-03-03 12:25:45,316 : INFO : EventManager : Event: ======'machine_var_audits_shots_shot_inlane_right_1'====== Args={'value': 908, 'prev_value': 907, 'change': 1}
2026-03-03 12:25:45,316 : INFO : EventManager : Event: ======'shot_inlane_right_1_hit'====== Args={'profile': 'default', 'state': 'lit', 'advancing': False}
2026-03-03 12:25:45,316 : INFO : EventManager : Event: ======'shot_inlane_right_1_default_hit'====== Args={'profile': 'default', 'state': 'lit', 'advancing': False}
2026-03-03 12:25:45,316 : INFO : EventManager : Event: ======'shot_inlane_right_1_default_lit_hit'====== Args={'profile': 'default', 'state': 'lit', 'advancing': False}
2026-03-03 12:25:45,316 : INFO : EventManager : Event: ======'shot_inlane_right_1_lit_hit'====== Args={'profile': 'default', 'state': 'lit', 'advancing': False}
2026-03-03 12:25:45,316 : INFO : EventManager : Event: ======'inlanes_hit'====== Args={'shot': 'shot_inlane_right_1'}
2026-03-03 12:25:45,316 : INFO : EventManager : Event: ======'inlanes_lit_hit'====== Args={'shot': 'shot_inlane_right_1'}
2026-03-03 12:25:45,316 : INFO : EventManager : Event: ======'player_score'====== Args={'value': 14940, 'prev_value': 14930, 'change': 10, 'player_num': 1, 'source': 'bumpers'}
2026-03-03 12:25:45,318 : INFO : EventManager : Event: ======'playfield_active'====== Args={'source': None}
2026-03-03 12:25:45,710 : INFO : SwitchController : <<<<<<< 's_flipper_right_upper' inactive >>>>>>>
2026-03-03 12:25:45,811 : INFO : SwitchController : <<<<<<< 's_flipper_right_upper_eos' inactive >>>>>>>
2026-03-03 12:25:45,966 : INFO : SwitchController : <<<<<<< 's_flipper_right_upper' active >>>>>>>
2026-03-03 12:25:45,966 : INFO : EventManager : Event: ======'machine_var_audits_switches_s_flipper_right_upper'====== Args={'value': 522, 'prev_value': 521, 'change': 1}
2026-03-03 12:25:45,990 : INFO : SwitchController : <<<<<<< 's_flipper_right_upper_eos' active >>>>>>>
2026-03-03 12:25:45,990 : INFO : EventManager : Event: ======'machine_var_audits_switches_s_flipper_right_upper_eos'====== Args={'value': 357, 'prev_value': 356, 'change': 1}
2026-03-03 12:25:45,992 : INFO : SwitchController : <<<<<<< 's_inlane_right_1' inactive >>>>>>>
2026-03-03 12:25:45,998 : INFO : SwitchController : <<<<<<< 's_inlane_right_1' active >>>>>>>
2026-03-03 12:25:45,998 : INFO : EventManager : Event: ======'playfield_active'====== Args={'source': 'shot_inlane_right_1'}
2026-03-03 12:25:45,999 : INFO : EventManager : Event: ======'s_inlane_right_1_active'====== Args={}
2026-03-03 12:25:45,999 : INFO : EventManager : Event: ======'sw_playfield_active'====== Args={}
2026-03-03 12:25:45,999 : INFO : EventManager : Event: ======'machine_var_audits_switches_s_inlane_right_1'====== Args={'value': 1241, 'prev_value': 1240, 'change': 1}
2026-03-03 12:25:45,999 : INFO : EventManager : Event: ======'machine_var_audits_shots_shot_inlane_right_1'====== Args={'value': 909, 'prev_value': 908, 'change': 1}
2026-03-03 12:25:46,000 : INFO : EventManager : Event: ======'shot_inlane_right_1_hit'====== Args={'profile': 'default', 'state': 'lit', 'advancing': False}
2026-03-03 12:25:46,000 : INFO : EventManager : Event: ======'shot_inlane_right_1_default_hit'====== Args={'profile': 'default', 'state': 'lit', 'advancing': False}
2026-03-03 12:25:46,000 : INFO : EventManager : Event: ======'shot_inlane_right_1_default_lit_hit'====== Args={'profile': 'default', 'state': 'lit', 'advancing': False}
2026-03-03 12:25:46,000 : INFO : EventManager : Event: ======'shot_inlane_right_1_lit_hit'====== Args={'profile': 'default', 'state': 'lit', 'advancing': False}
2026-03-03 12:25:46,000 : INFO : EventManager : Event: ======'inlanes_hit'====== Args={'shot': 'shot_inlane_right_1'}
2026-03-03 12:25:46,000 : INFO : EventManager : Event: ======'inlanes_lit_hit'====== Args={'shot': 'shot_inlane_right_1'}
2026-03-03 12:25:46,000 : INFO : EventManager : Event: ======'player_score'====== Args={'value': 14950, 'prev_value': 14940, 'change': 10, 'player_num': 1, 'source': 'bumpers'}
2026-03-03 12:25:46,002 : INFO : EventManager : Event: ======'playfield_active'====== Args={'source': None}
2026-03-03 12:25:46,650 : INFO : SwitchController : <<<<<<< 's_flipper_right_upper' inactive >>>>>>>
2026-03-03 12:25:46,738 : INFO : SwitchController : <<<<<<< 's_flipper_right_upper' active >>>>>>>
2026-03-03 12:25:46,739 : INFO : EventManager : Event: ======'machine_var_audits_switches_s_flipper_right_upper'====== Args={'value': 523, 'prev_value': 522, 'change': 1}
2026-03-03 12:25:46,759 : INFO : SwitchController : <<<<<<< 's_inlane_right_1' inactive >>>>>>>
2026-03-03 12:25:46,765 : INFO : SwitchController : <<<<<<< 's_inlane_right_1' active >>>>>>>
2026-03-03 12:25:46,765 : INFO : EventManager : Event: ======'playfield_active'====== Args={'source': 'shot_inlane_right_1'}
2026-03-03 12:25:46,765 : INFO : EventManager : Event: ======'s_inlane_right_1_active'====== Args={}
2026-03-03 12:25:46,765 : INFO : EventManager : Event: ======'sw_playfield_active'====== Args={}
2026-03-03 12:25:46,765 : INFO : EventManager : Event: ======'machine_var_audits_switches_s_inlane_right_1'====== Args={'value': 1242, 'prev_value': 1241, 'change': 1}
2026-03-03 12:25:46,765 : INFO : EventManager : Event: ======'machine_var_audits_shots_shot_inlane_right_1'====== Args={'value': 910, 'prev_value': 909, 'change': 1}
2026-03-03 12:25:46,766 : INFO : EventManager : Event: ======'shot_inlane_right_1_hit'====== Args={'profile': 'default', 'state': 'lit', 'advancing': False}
2026-03-03 12:25:46,766 : INFO : EventManager : Event: ======'shot_inlane_right_1_default_hit'====== Args={'profile': 'default', 'state': 'lit', 'advancing': False}
2026-03-03 12:25:46,766 : INFO : EventManager : Event: ======'shot_inlane_right_1_default_lit_hit'====== Args={'profile': 'default', 'state': 'lit', 'advancing': False}
2026-03-03 12:25:46,766 : INFO : EventManager : Event: ======'shot_inlane_right_1_lit_hit'====== Args={'profile': 'default', 'state': 'lit', 'advancing': False}
2026-03-03 12:25:46,766 : INFO : EventManager : Event: ======'inlanes_hit'====== Args={'shot': 'shot_inlane_right_1'}
2026-03-03 12:25:46,766 : INFO : EventManager : Event: ======'inlanes_lit_hit'====== Args={'shot': 'shot_inlane_right_1'}
2026-03-03 12:25:46,767 : INFO : EventManager : Event: ======'player_score'====== Args={'value': 14960, 'prev_value': 14950, 'change': 10, 'player_num': 1, 'source': 'bumpers'}
2026-03-03 12:25:46,768 : INFO : EventManager : Event: ======'playfield_active'====== Args={'source': None}
2026-03-03 12:25:46,947 : INFO : SwitchController : <<<<<<< 's_flipper_right_upper' inactive >>>>>>>
2026-03-03 12:25:47,048 : INFO : SwitchController : <<<<<<< 's_flipper_right_upper_eos' inactive >>>>>>>
2026-03-03 12:25:47,485 : INFO : SwitchController : <<<<<<< 's_flipper_right_upper' active >>>>>>>
2026-03-03 12:25:47,485 : INFO : EventManager : Event: ======'machine_var_audits_switches_s_flipper_right_upper'====== Args={'value': 524, 'prev_value': 523, 'change': 1}
2026-03-03 12:25:47,507 : INFO : SwitchController : <<<<<<< 's_flipper_right_upper_eos' active >>>>>>>
2026-03-03 12:25:47,507 : INFO : EventManager : Event: ======'machine_var_audits_switches_s_flipper_right_upper_eos'====== Args={'value': 358, 'prev_value': 357, 'change': 1}
2026-03-03 12:25:47,510 : INFO : SwitchController : <<<<<<< 's_inlane_right_1' inactive >>>>>>>
2026-03-03 12:25:47,522 : INFO : SwitchController : <<<<<<< 's_inlane_right_1' active >>>>>>>
2026-03-03 12:25:47,522 : INFO : EventManager : Event: ======'playfield_active'====== Args={'source': 'shot_inlane_right_1'}
2026-03-03 12:25:47,522 : INFO : EventManager : Event: ======'s_inlane_right_1_active'====== Args={}
2026-03-03 12:25:47,522 : INFO : EventManager : Event: ======'sw_playfield_active'====== Args={}
2026-03-03 12:25:47,522 : INFO : EventManager : Event: ======'machine_var_audits_switches_s_inlane_right_1'====== Args={'value': 1243, 'prev_value': 1242, 'change': 1}
2026-03-03 12:25:47,523 : INFO : EventManager : Event: ======'machine_var_audits_shots_shot_inlane_right_1'====== Args={'value': 911, 'prev_value': 910, 'change': 1}
2026-03-03 12:25:47,523 : INFO : EventManager : Event: ======'shot_inlane_right_1_hit'====== Args={'profile': 'default', 'state': 'lit', 'advancing': False}
2026-03-03 12:25:47,523 : INFO : EventManager : Event: ======'shot_inlane_right_1_default_hit'====== Args={'profile': 'default', 'state': 'lit', 'advancing': False}
2026-03-03 12:25:47,523 : INFO : EventManager : Event: ======'shot_inlane_right_1_default_lit_hit'====== Args={'profile': 'default', 'state': 'lit', 'advancing': False}
2026-03-03 12:25:47,523 : INFO : EventManager : Event: ======'shot_inlane_right_1_lit_hit'====== Args={'profile': 'default', 'state': 'lit', 'advancing': False}
2026-03-03 12:25:47,523 : INFO : EventManager : Event: ======'inlanes_hit'====== Args={'shot': 'shot_inlane_right_1'}
2026-03-03 12:25:47,523 : INFO : EventManager : Event: ======'inlanes_lit_hit'====== Args={'shot': 'shot_inlane_right_1'}
2026-03-03 12:25:47,523 : INFO : EventManager : Event: ======'player_score'====== Args={'value': 14970, 'prev_value': 14960, 'change': 10, 'player_num': 1, 'source': 'bumpers'}
2026-03-03 12:25:47,525 : INFO : EventManager : Event: ======'playfield_active'====== Args={'source': None}
2026-03-03 12:25:47,545 : INFO : SwitchController : <<<<<<< 's_flipper_right_lower' active >>>>>>>
2026-03-03 12:25:47,546 : INFO : EventManager : Event: ======'machine_var_audits_switches_s_flipper_right_lower'====== Args={'value': 814, 'prev_value': 813, 'change': 1}
2026-03-03 12:25:48,087 : INFO : SwitchController : <<<<<<< 's_flipper_right_lower' inactive >>>>>>>
2026-03-03 12:25:48,103 : INFO : SwitchController : <<<<<<< 's_flipper_right_upper' inactive >>>>>>>
2026-03-03 12:25:48,204 : INFO : SwitchController : <<<<<<< 's_flipper_right_upper_eos' inactive >>>>>>>
2026-03-03 12:25:48,407 : INFO : SwitchController : <<<<<<< 's_flipper_right_upper' active >>>>>>>
2026-03-03 12:25:48,408 : INFO : EventManager : Event: ======'machine_var_audits_switches_s_flipper_right_upper'====== Args={'value': 525, 'prev_value': 524, 'change': 1}
2026-03-03 12:25:48,416 : INFO : SwitchController : <<<<<<< 's_flipper_right_lower' active >>>>>>>
2026-03-03 12:25:48,416 : INFO : EventManager : Event: ======'machine_var_audits_switches_s_flipper_right_lower'====== Args={'value': 815, 'prev_value': 814, 'change': 1}
2026-03-03 12:25:48,430 : INFO : SwitchController : <<<<<<< 's_flipper_right_upper_eos' active >>>>>>>
2026-03-03 12:25:48,430 : INFO : EventManager : Event: ======'machine_var_audits_switches_s_flipper_right_upper_eos'====== Args={'value': 359, 'prev_value': 358, 'change': 1}
2026-03-03 12:25:48,432 : INFO : SwitchController : <<<<<<< 's_inlane_right_1' inactive >>>>>>>
2026-03-03 12:25:48,445 : INFO : SwitchController : <<<<<<< 's_inlane_right_1' active >>>>>>>
2026-03-03 12:25:48,445 : INFO : EventManager : Event: ======'playfield_active'====== Args={'source': 'shot_inlane_right_1'}
2026-03-03 12:25:48,445 : INFO : EventManager : Event: ======'s_inlane_right_1_active'====== Args={}
2026-03-03 12:25:48,445 : INFO : EventManager : Event: ======'sw_playfield_active'====== Args={}
2026-03-03 12:25:48,445 : INFO : EventManager : Event: ======'machine_var_audits_switches_s_inlane_right_1'====== Args={'value': 1244, 'prev_value': 1243, 'change': 1}
2026-03-03 12:25:48,446 : INFO : EventManager : Event: ======'machine_var_audits_shots_shot_inlane_right_1'====== Args={'value': 912, 'prev_value': 911, 'change': 1}
2026-03-03 12:25:48,446 : INFO : EventManager : Event: ======'shot_inlane_right_1_hit'====== Args={'profile': 'default', 'state': 'lit', 'advancing': False}
2026-03-03 12:25:48,446 : INFO : EventManager : Event: ======'shot_inlane_right_1_default_hit'====== Args={'profile': 'default', 'state': 'lit', 'advancing': False}
2026-03-03 12:25:48,446 : INFO : EventManager : Event: ======'shot_inlane_right_1_default_lit_hit'====== Args={'profile': 'default', 'state': 'lit', 'advancing': False}
2026-03-03 12:25:48,446 : INFO : EventManager : Event: ======'shot_inlane_right_1_lit_hit'====== Args={'profile': 'default', 'state': 'lit', 'advancing': False}
2026-03-03 12:25:48,446 : INFO : EventManager : Event: ======'inlanes_hit'====== Args={'shot': 'shot_inlane_right_1'}
2026-03-03 12:25:48,446 : INFO : EventManager : Event: ======'inlanes_lit_hit'====== Args={'shot': 'shot_inlane_right_1'}
2026-03-03 12:25:48,447 : INFO : EventManager : Event: ======'player_score'====== Args={'value': 14980, 'prev_value': 14970, 'change': 10, 'player_num': 1, 'source': 'bumpers'}
2026-03-03 12:25:48,448 : INFO : EventManager : Event: ======'playfield_active'====== Args={'source': None}
2026-03-03 12:25:48,614 : INFO : SwitchController : <<<<<<< 's_flipper_right_lower' inactive >>>>>>>
2026-03-03 12:25:48,630 : INFO : SwitchController : <<<<<<< 's_flipper_right_upper' inactive >>>>>>>
2026-03-03 12:25:48,730 : INFO : SwitchController : <<<<<<< 's_flipper_right_upper_eos' inactive >>>>>>>
2026-03-03 12:25:50,106 : INFO : SwitchController : <<<<<<< 's_flipper_right_lower' active >>>>>>>
2026-03-03 12:25:50,106 : INFO : EventManager : Event: ======'machine_var_audits_switches_s_flipper_right_lower'====== Args={'value': 816, 'prev_value': 815, 'change': 1}
2026-03-03 12:25:50,631 : INFO : SwitchController : <<<<<<< 's_flipper_right_lower' inactive >>>>>>>
2026-03-03 12:25:51,352 : INFO : SwitchController : <<<<<<< 's_flipper_right_lower' active >>>>>>>
2026-03-03 12:25:51,353 : INFO : EventManager : Event: ======'machine_var_audits_switches_s_flipper_right_lower'====== Args={'value': 817, 'prev_value': 816, 'change': 1}
2026-03-03 12:25:51,353 : INFO : SwitchController : <<<<<<< 's_flipper_right_upper' active >>>>>>>
2026-03-03 12:25:51,353 : INFO : EventManager : Event: ======'machine_var_audits_switches_s_flipper_right_upper'====== Args={'value': 526, 'prev_value': 525, 'change': 1}
2026-03-03 12:25:51,377 : INFO : SwitchController : <<<<<<< 's_flipper_right_upper_eos' active >>>>>>>
2026-03-03 12:25:51,377 : INFO : EventManager : Event: ======'machine_var_audits_switches_s_flipper_right_upper_eos'====== Args={'value': 360, 'prev_value': 359, 'change': 1}
2026-03-03 12:25:51,379 : INFO : SwitchController : <<<<<<< 's_inlane_right_1' inactive >>>>>>>
2026-03-03 12:25:51,390 : INFO : SwitchController : <<<<<<< 's_inlane_right_1' active >>>>>>>
2026-03-03 12:25:51,390 : INFO : EventManager : Event: ======'playfield_active'====== Args={'source': 'shot_inlane_right_1'}
2026-03-03 12:25:51,390 : INFO : EventManager : Event: ======'s_inlane_right_1_active'====== Args={}
2026-03-03 12:25:51,391 : INFO : EventManager : Event: ======'sw_playfield_active'====== Args={}
2026-03-03 12:25:51,391 : INFO : EventManager : Event: ======'machine_var_audits_switches_s_inlane_right_1'====== Args={'value': 1245, 'prev_value': 1244, 'change': 1}
2026-03-03 12:25:51,391 : INFO : EventManager : Event: ======'machine_var_audits_shots_shot_inlane_right_1'====== Args={'value': 913, 'prev_value': 912, 'change': 1}
2026-03-03 12:25:51,391 : INFO : EventManager : Event: ======'shot_inlane_right_1_hit'====== Args={'profile': 'default', 'state': 'lit', 'advancing': False}
2026-03-03 12:25:51,392 : INFO : EventManager : Event: ======'shot_inlane_right_1_default_hit'====== Args={'profile': 'default', 'state': 'lit', 'advancing': False}
2026-03-03 12:25:51,392 : INFO : EventManager : Event: ======'shot_inlane_right_1_default_lit_hit'====== Args={'profile': 'default', 'state': 'lit', 'advancing': False}
2026-03-03 12:25:51,392 : INFO : EventManager : Event: ======'shot_inlane_right_1_lit_hit'====== Args={'profile': 'default', 'state': 'lit', 'advancing': False}
2026-03-03 12:25:51,392 : INFO : EventManager : Event: ======'inlanes_hit'====== Args={'shot': 'shot_inlane_right_1'}
2026-03-03 12:25:51,392 : INFO : EventManager : Event: ======'inlanes_lit_hit'====== Args={'shot': 'shot_inlane_right_1'}
2026-03-03 12:25:51,392 : INFO : EventManager : Event: ======'player_score'====== Args={'value': 14990, 'prev_value': 14980, 'change': 10, 'player_num': 1, 'source': 'bumpers'}
2026-03-03 12:25:51,393 : INFO : EventManager : Event: ======'playfield_active'====== Args={'source': None}
2026-03-03 12:25:51,526 : INFO : SwitchController : <<<<<<< 's_flipper_right_upper' inactive >>>>>>>
2026-03-03 12:25:51,528 : INFO : SwitchController : <<<<<<< 's_flipper_right_lower' inactive >>>>>>>
2026-03-03 12:25:51,624 : INFO : SwitchController : <<<<<<< 's_flipper_right_upper_eos' inactive >>>>>>>
2026-03-03 12:25:51,836 : INFO : SwitchController : <<<<<<< 's_flipper_right_lower' active >>>>>>>
2026-03-03 12:25:51,836 : INFO : EventManager : Event: ======'machine_var_audits_switches_s_flipper_right_lower'====== Args={'value': 818, 'prev_value': 817, 'change': 1}
2026-03-03 12:25:51,837 : INFO : SwitchController : <<<<<<< 's_flipper_right_upper' active >>>>>>>
2026-03-03 12:25:51,837 : INFO : EventManager : Event: ======'machine_var_audits_switches_s_flipper_right_upper'====== Args={'value': 527, 'prev_value': 526, 'change': 1}
2026-03-03 12:25:51,858 : INFO : SwitchController : <<<<<<< 's_flipper_right_upper_eos' active >>>>>>>
2026-03-03 12:25:51,859 : INFO : EventManager : Event: ======'machine_var_audits_switches_s_flipper_right_upper_eos'====== Args={'value': 361, 'prev_value': 360, 'change': 1}
2026-03-03 12:25:51,860 : INFO : SwitchController : <<<<<<< 's_inlane_right_1' inactive >>>>>>>
2026-03-03 12:25:51,872 : INFO : SwitchController : <<<<<<< 's_inlane_right_1' active >>>>>>>
2026-03-03 12:25:51,872 : INFO : EventManager : Event: ======'playfield_active'====== Args={'source': 'shot_inlane_right_1'}
2026-03-03 12:25:51,872 : INFO : EventManager : Event: ======'s_inlane_right_1_active'====== Args={}
2026-03-03 12:25:51,872 : INFO : EventManager : Event: ======'sw_playfield_active'====== Args={}
2026-03-03 12:25:51,873 : INFO : EventManager : Event: ======'machine_var_audits_switches_s_inlane_right_1'====== Args={'value': 1246, 'prev_value': 1245, 'change': 1}
2026-03-03 12:25:51,873 : INFO : EventManager : Event: ======'machine_var_audits_shots_shot_inlane_right_1'====== Args={'value': 914, 'prev_value': 913, 'change': 1}
2026-03-03 12:25:51,874 : INFO : EventManager : Event: ======'shot_inlane_right_1_hit'====== Args={'profile': 'default', 'state': 'lit', 'advancing': False}
2026-03-03 12:25:51,874 : INFO : EventManager : Event: ======'shot_inlane_right_1_default_hit'====== Args={'profile': 'default', 'state': 'lit', 'advancing': False}
2026-03-03 12:25:51,874 : INFO : EventManager : Event: ======'shot_inlane_right_1_default_lit_hit'====== Args={'profile': 'default', 'state': 'lit', 'advancing': False}
2026-03-03 12:25:51,874 : INFO : EventManager : Event: ======'shot_inlane_right_1_lit_hit'====== Args={'profile': 'default', 'state': 'lit', 'advancing': False}
2026-03-03 12:25:51,874 : INFO : EventManager : Event: ======'inlanes_hit'====== Args={'shot': 'shot_inlane_right_1'}
2026-03-03 12:25:51,874 : INFO : EventManager : Event: ======'inlanes_lit_hit'====== Args={'shot': 'shot_inlane_right_1'}
2026-03-03 12:25:51,874 : INFO : EventManager : Event: ======'player_score'====== Args={'value': 15000, 'prev_value': 14990, 'change': 10, 'player_num': 1, 'source': 'bumpers'}
2026-03-03 12:25:51,876 : INFO : EventManager : Event: ======'playfield_active'====== Args={'source': None}
2026-03-03 12:25:52,001 : INFO : SwitchController : <<<<<<< 's_flipper_right_upper' inactive >>>>>>>
2026-03-03 12:25:52,005 : INFO : SwitchController : <<<<<<< 's_flipper_right_lower' inactive >>>>>>>
2026-03-03 12:25:52,103 : INFO : SwitchController : <<<<<<< 's_flipper_right_upper_eos' inactive >>>>>>>
2026-03-03 12:25:52,149 : INFO : SwitchController : <<<<<<< 's_flipper_right_lower' active >>>>>>>
2026-03-03 12:25:52,149 : INFO : EventManager : Event: ======'machine_var_audits_switches_s_flipper_right_lower'====== Args={'value': 819, 'prev_value': 818, 'change': 1}
2026-03-03 12:25:52,150 : INFO : SwitchController : <<<<<<< 's_flipper_right_upper' active >>>>>>>
2026-03-03 12:25:52,150 : INFO : EventManager : Event: ======'machine_var_audits_switches_s_flipper_right_upper'====== Args={'value': 528, 'prev_value': 527, 'change': 1}
2026-03-03 12:25:52,172 : INFO : SwitchController : <<<<<<< 's_flipper_right_upper_eos' active >>>>>>>
2026-03-03 12:25:52,172 : INFO : EventManager : Event: ======'machine_var_audits_switches_s_flipper_right_upper_eos'====== Args={'value': 362, 'prev_value': 361, 'change': 1}
2026-03-03 12:25:52,175 : INFO : SwitchController : <<<<<<< 's_inlane_right_1' inactive >>>>>>>
2026-03-03 12:25:52,185 : INFO : SwitchController : <<<<<<< 's_inlane_right_1' active >>>>>>>
2026-03-03 12:25:52,185 : INFO : EventManager : Event: ======'playfield_active'====== Args={'source': 'shot_inlane_right_1'}
2026-03-03 12:25:52,185 : INFO : EventManager : Event: ======'s_inlane_right_1_active'====== Args={}
2026-03-03 12:25:52,186 : INFO : EventManager : Event: ======'sw_playfield_active'====== Args={}
2026-03-03 12:25:52,186 : INFO : EventManager : Event: ======'machine_var_audits_switches_s_inlane_right_1'====== Args={'value': 1247, 'prev_value': 1246, 'change': 1}
2026-03-03 12:25:52,186 : INFO : EventManager : Event: ======'machine_var_audits_shots_shot_inlane_right_1'====== Args={'value': 915, 'prev_value': 914, 'change': 1}
2026-03-03 12:25:52,186 : INFO : EventManager : Event: ======'shot_inlane_right_1_hit'====== Args={'profile': 'default', 'state': 'lit', 'advancing': False}
2026-03-03 12:25:52,187 : INFO : EventManager : Event: ======'shot_inlane_right_1_default_hit'====== Args={'profile': 'default', 'state': 'lit', 'advancing': False}
2026-03-03 12:25:52,187 : INFO : EventManager : Event: ======'shot_inlane_right_1_default_lit_hit'====== Args={'profile': 'default', 'state': 'lit', 'advancing': False}
2026-03-03 12:25:52,187 : INFO : EventManager : Event: ======'shot_inlane_right_1_lit_hit'====== Args={'profile': 'default', 'state': 'lit', 'advancing': False}
2026-03-03 12:25:52,187 : INFO : EventManager : Event: ======'inlanes_hit'====== Args={'shot': 'shot_inlane_right_1'}
2026-03-03 12:25:52,187 : INFO : EventManager : Event: ======'inlanes_lit_hit'====== Args={'shot': 'shot_inlane_right_1'}
2026-03-03 12:25:52,187 : INFO : EventManager : Event: ======'player_score'====== Args={'value': 15010, 'prev_value': 15000, 'change': 10, 'player_num': 1, 'source': 'bumpers'}
2026-03-03 12:25:52,188 : INFO : EventManager : Event: ======'playfield_active'====== Args={'source': None}
2026-03-03 12:25:52,668 : INFO : SwitchController : <<<<<<< 's_flipper_right_upper' inactive >>>>>>>
2026-03-03 12:25:52,668 : INFO : SwitchController : <<<<<<< 's_flipper_right_lower' inactive >>>>>>>
2026-03-03 12:25:52,769 : INFO : SwitchController : <<<<<<< 's_flipper_right_upper_eos' inactive >>>>>>>
2026-03-03 12:25:52,954 : INFO : SwitchController : <<<<<<< 's_flipper_right_lower' active >>>>>>>
2026-03-03 12:25:52,954 : INFO : EventManager : Event: ======'machine_var_audits_switches_s_flipper_right_lower'====== Args={'value': 820, 'prev_value': 819, 'change': 1}
2026-03-03 12:25:52,956 : INFO : SwitchController : <<<<<<< 's_flipper_right_upper' active >>>>>>>
2026-03-03 12:25:52,956 : INFO : EventManager : Event: ======'machine_var_audits_switches_s_flipper_right_upper'====== Args={'value': 529, 'prev_value': 528, 'change': 1}
2026-03-03 12:25:52,980 : INFO : SwitchController : <<<<<<< 's_flipper_right_upper_eos' active >>>>>>>
2026-03-03 12:25:52,980 : INFO : EventManager : Event: ======'machine_var_audits_switches_s_flipper_right_upper_eos'====== Args={'value': 363, 'prev_value': 362, 'change': 1}
2026-03-03 12:25:52,982 : INFO : SwitchController : <<<<<<< 's_inlane_right_1' inactive >>>>>>>
2026-03-03 12:25:52,988 : INFO : SwitchController : <<<<<<< 's_inlane_right_1' active >>>>>>>
2026-03-03 12:25:52,988 : INFO : EventManager : Event: ======'playfield_active'====== Args={'source': 'shot_inlane_right_1'}
2026-03-03 12:25:52,988 : INFO : EventManager : Event: ======'s_inlane_right_1_active'====== Args={}
2026-03-03 12:25:52,988 : INFO : EventManager : Event: ======'sw_playfield_active'====== Args={}
2026-03-03 12:25:52,988 : INFO : EventManager : Event: ======'machine_var_audits_switches_s_inlane_right_1'====== Args={'value': 1248, 'prev_value': 1247, 'change': 1}
2026-03-03 12:25:52,989 : INFO : EventManager : Event: ======'machine_var_audits_shots_shot_inlane_right_1'====== Args={'value': 916, 'prev_value': 915, 'change': 1}
2026-03-03 12:25:52,989 : INFO : EventManager : Event: ======'shot_inlane_right_1_hit'====== Args={'profile': 'default', 'state': 'lit', 'advancing': False}
2026-03-03 12:25:52,989 : INFO : EventManager : Event: ======'shot_inlane_right_1_default_hit'====== Args={'profile': 'default', 'state': 'lit', 'advancing': False}
2026-03-03 12:25:52,989 : INFO : EventManager : Event: ======'shot_inlane_right_1_default_lit_hit'====== Args={'profile': 'default', 'state': 'lit', 'advancing': False}
2026-03-03 12:25:52,989 : INFO : EventManager : Event: ======'shot_inlane_right_1_lit_hit'====== Args={'profile': 'default', 'state': 'lit', 'advancing': False}
2026-03-03 12:25:52,990 : INFO : EventManager : Event: ======'inlanes_hit'====== Args={'shot': 'shot_inlane_right_1'}
2026-03-03 12:25:52,990 : INFO : EventManager : Event: ======'inlanes_lit_hit'====== Args={'shot': 'shot_inlane_right_1'}
2026-03-03 12:25:52,990 : INFO : EventManager : Event: ======'player_score'====== Args={'value': 15020, 'prev_value': 15010, 'change': 10, 'player_num': 1, 'source': 'bumpers'}
2026-03-03 12:25:52,991 : INFO : EventManager : Event: ======'playfield_active'====== Args={'source': None}
2026-03-03 12:25:53,215 : INFO : SwitchController : <<<<<<< 's_flipper_right_upper' inactive >>>>>>>
2026-03-03 12:25:53,218 : INFO : SwitchController : <<<<<<< 's_flipper_right_lower' inactive >>>>>>>
2026-03-03 12:25:53,317 : INFO : SwitchController : <<<<<<< 's_flipper_right_upper_eos' inactive >>>>>>>
2026-03-03 12:25:53,670 : INFO : SwitchController : <<<<<<< 's_flipper_right_lower' active >>>>>>>
2026-03-03 12:25:53,670 : INFO : EventManager : Event: ======'machine_var_audits_switches_s_flipper_right_lower'====== Args={'value': 821, 'prev_value': 820, 'change': 1}
2026-03-03 12:25:53,670 : INFO : SwitchController : <<<<<<< 's_flipper_right_upper' active >>>>>>>
2026-03-03 12:25:53,670 : INFO : EventManager : Event: ======'machine_var_audits_switches_s_flipper_right_upper'====== Args={'value': 530, 'prev_value': 529, 'change': 1}
2026-03-03 12:25:53,693 : INFO : SwitchController : <<<<<<< 's_flipper_right_upper_eos' active >>>>>>>
2026-03-03 12:25:53,693 : INFO : EventManager : Event: ======'machine_var_audits_switches_s_flipper_right_upper_eos'====== Args={'value': 364, 'prev_value': 363, 'change': 1}
2026-03-03 12:25:53,696 : INFO : SwitchController : <<<<<<< 's_inlane_right_1' inactive >>>>>>>
2026-03-03 12:25:53,707 : INFO : SwitchController : <<<<<<< 's_inlane_right_1' active >>>>>>>
2026-03-03 12:25:53,707 : INFO : EventManager : Event: ======'playfield_active'====== Args={'source': 'shot_inlane_right_1'}
2026-03-03 12:25:53,707 : INFO : EventManager : Event: ======'s_inlane_right_1_active'====== Args={}
2026-03-03 12:25:53,707 : INFO : EventManager : Event: ======'sw_playfield_active'====== Args={}
2026-03-03 12:25:53,708 : INFO : EventManager : Event: ======'machine_var_audits_switches_s_inlane_right_1'====== Args={'value': 1249, 'prev_value': 1248, 'change': 1}
2026-03-03 12:25:53,708 : INFO : EventManager : Event: ======'machine_var_audits_shots_shot_inlane_right_1'====== Args={'value': 917, 'prev_value': 916, 'change': 1}
2026-03-03 12:25:53,708 : INFO : EventManager : Event: ======'shot_inlane_right_1_hit'====== Args={'profile': 'default', 'state': 'lit', 'advancing': False}
2026-03-03 12:25:53,709 : INFO : EventManager : Event: ======'shot_inlane_right_1_default_hit'====== Args={'profile': 'default', 'state': 'lit', 'advancing': False}
2026-03-03 12:25:53,709 : INFO : EventManager : Event: ======'shot_inlane_right_1_default_lit_hit'====== Args={'profile': 'default', 'state': 'lit', 'advancing': False}
2026-03-03 12:25:53,709 : INFO : EventManager : Event: ======'shot_inlane_right_1_lit_hit'====== Args={'profile': 'default', 'state': 'lit', 'advancing': False}
2026-03-03 12:25:53,709 : INFO : EventManager : Event: ======'inlanes_hit'====== Args={'shot': 'shot_inlane_right_1'}
2026-03-03 12:25:53,709 : INFO : EventManager : Event: ======'inlanes_lit_hit'====== Args={'shot': 'shot_inlane_right_1'}
2026-03-03 12:25:53,709 : INFO : EventManager : Event: ======'player_score'====== Args={'value': 15030, 'prev_value': 15020, 'change': 10, 'player_num': 1, 'source': 'bumpers'}
2026-03-03 12:25:53,711 : INFO : EventManager : Event: ======'playfield_active'====== Args={'source': None}
2026-03-03 12:25:54,276 : INFO : SwitchController : <<<<<<< 's_flipper_right_upper' inactive >>>>>>>
2026-03-03 12:25:54,279 : INFO : SwitchController : <<<<<<< 's_flipper_right_lower' inactive >>>>>>>
2026-03-03 12:25:54,378 : INFO : SwitchController : <<<<<<< 's_flipper_right_upper_eos' inactive >>>>>>>
2026-03-03 12:25:54,648 : INFO : SwitchController : <<<<<<< 's_flipper_right_lower' active >>>>>>>
2026-03-03 12:25:54,649 : INFO : EventManager : Event: ======'machine_var_audits_switches_s_flipper_right_lower'====== Args={'value': 822, 'prev_value': 821, 'change': 1}
2026-03-03 12:25:54,649 : INFO : SwitchController : <<<<<<< 's_flipper_right_upper' active >>>>>>>
2026-03-03 12:25:54,649 : INFO : EventManager : Event: ======'machine_var_audits_switches_s_flipper_right_upper'====== Args={'value': 531, 'prev_value': 530, 'change': 1}
2026-03-03 12:25:54,672 : INFO : SwitchController : <<<<<<< 's_flipper_right_upper_eos' active >>>>>>>
2026-03-03 12:25:54,672 : INFO : EventManager : Event: ======'machine_var_audits_switches_s_flipper_right_upper_eos'====== Args={'value': 365, 'prev_value': 364, 'change': 1}
2026-03-03 12:25:54,674 : INFO : SwitchController : <<<<<<< 's_inlane_right_1' inactive >>>>>>>
2026-03-03 12:25:54,685 : INFO : SwitchController : <<<<<<< 's_inlane_right_1' active >>>>>>>
2026-03-03 12:25:54,685 : INFO : EventManager : Event: ======'playfield_active'====== Args={'source': 'shot_inlane_right_1'}
2026-03-03 12:25:54,685 : INFO : EventManager : Event: ======'s_inlane_right_1_active'====== Args={}
2026-03-03 12:25:54,685 : INFO : EventManager : Event: ======'sw_playfield_active'====== Args={}
2026-03-03 12:25:54,686 : INFO : EventManager : Event: ======'machine_var_audits_switches_s_inlane_right_1'====== Args={'value': 1250, 'prev_value': 1249, 'change': 1}
2026-03-03 12:25:54,686 : INFO : EventManager : Event: ======'machine_var_audits_shots_shot_inlane_right_1'====== Args={'value': 918, 'prev_value': 917, 'change': 1}
2026-03-03 12:25:54,686 : INFO : EventManager : Event: ======'shot_inlane_right_1_hit'====== Args={'profile': 'default', 'state': 'lit', 'advancing': False}
2026-03-03 12:25:54,687 : INFO : EventManager : Event: ======'shot_inlane_right_1_default_hit'====== Args={'profile': 'default', 'state': 'lit', 'advancing': False}
2026-03-03 12:25:54,687 : INFO : EventManager : Event: ======'shot_inlane_right_1_default_lit_hit'====== Args={'profile': 'default', 'state': 'lit', 'advancing': False}
2026-03-03 12:25:54,687 : INFO : EventManager : Event: ======'shot_inlane_right_1_lit_hit'====== Args={'profile': 'default', 'state': 'lit', 'advancing': False}
2026-03-03 12:25:54,687 : INFO : EventManager : Event: ======'inlanes_hit'====== Args={'shot': 'shot_inlane_right_1'}
2026-03-03 12:25:54,687 : INFO : EventManager : Event: ======'inlanes_lit_hit'====== Args={'shot': 'shot_inlane_right_1'}
2026-03-03 12:25:54,687 : INFO : EventManager : Event: ======'player_score'====== Args={'value': 15040, 'prev_value': 15030, 'change': 10, 'player_num': 1, 'source': 'bumpers'}
2026-03-03 12:25:54,688 : INFO : EventManager : Event: ======'playfield_active'====== Args={'source': None}
2026-03-03 12:25:55,129 : INFO : SwitchController : <<<<<<< 's_flipper_right_upper' inactive >>>>>>>
2026-03-03 12:25:55,132 : INFO : SwitchController : <<<<<<< 's_flipper_right_lower' inactive >>>>>>>
2026-03-03 12:25:55,229 : INFO : SwitchController : <<<<<<< 's_flipper_right_upper_eos' inactive >>>>>>>
2026-03-03 12:25:55,914 : INFO : SwitchController : <<<<<<< 's_flipper_right_lower' active >>>>>>>
2026-03-03 12:25:55,915 : INFO : EventManager : Event: ======'machine_var_audits_switches_s_flipper_right_lower'====== Args={'value': 823, 'prev_value': 822, 'change': 1}
2026-03-03 12:25:55,915 : INFO : SwitchController : <<<<<<< 's_flipper_right_upper' active >>>>>>>
2026-03-03 12:25:55,915 : INFO : EventManager : Event: ======'machine_var_audits_switches_s_flipper_right_upper'====== Args={'value': 532, 'prev_value': 531, 'change': 1}
2026-03-03 12:25:55,938 : INFO : SwitchController : <<<<<<< 's_flipper_right_upper_eos' active >>>>>>>
2026-03-03 12:25:55,939 : INFO : EventManager : Event: ======'machine_var_audits_switches_s_flipper_right_upper_eos'====== Args={'value': 366, 'prev_value': 365, 'change': 1}
2026-03-03 12:25:55,943 : INFO : SwitchController : <<<<<<< 's_inlane_right_1' inactive >>>>>>>
2026-03-03 12:25:55,947 : INFO : SwitchController : <<<<<<< 's_inlane_right_1' active >>>>>>>
2026-03-03 12:25:55,948 : INFO : EventManager : Event: ======'playfield_active'====== Args={'source': 'shot_inlane_right_1'}
2026-03-03 12:25:55,948 : INFO : EventManager : Event: ======'s_inlane_right_1_active'====== Args={}
2026-03-03 12:25:55,948 : INFO : EventManager : Event: ======'sw_playfield_active'====== Args={}
2026-03-03 12:25:55,948 : INFO : EventManager : Event: ======'machine_var_audits_switches_s_inlane_right_1'====== Args={'value': 1251, 'prev_value': 1250, 'change': 1}
2026-03-03 12:25:55,949 : INFO : EventManager : Event: ======'machine_var_audits_shots_shot_inlane_right_1'====== Args={'value': 919, 'prev_value': 918, 'change': 1}
2026-03-03 12:25:55,949 : INFO : EventManager : Event: ======'shot_inlane_right_1_hit'====== Args={'profile': 'default', 'state': 'lit', 'advancing': False}
2026-03-03 12:25:55,949 : INFO : EventManager : Event: ======'shot_inlane_right_1_default_hit'====== Args={'profile': 'default', 'state': 'lit', 'advancing': False}
2026-03-03 12:25:55,949 : INFO : EventManager : Event: ======'shot_inlane_right_1_default_lit_hit'====== Args={'profile': 'default', 'state': 'lit', 'advancing': False}
2026-03-03 12:25:55,949 : INFO : EventManager : Event: ======'shot_inlane_right_1_lit_hit'====== Args={'profile': 'default', 'state': 'lit', 'advancing': False}
2026-03-03 12:25:55,949 : INFO : EventManager : Event: ======'inlanes_hit'====== Args={'shot': 'shot_inlane_right_1'}
2026-03-03 12:25:55,950 : INFO : EventManager : Event: ======'inlanes_lit_hit'====== Args={'shot': 'shot_inlane_right_1'}
2026-03-03 12:25:55,950 : INFO : EventManager : Event: ======'player_score'====== Args={'value': 15050, 'prev_value': 15040, 'change': 10, 'player_num': 1, 'source': 'bumpers'}
2026-03-03 12:25:55,951 : INFO : EventManager : Event: ======'playfield_active'====== Args={'source': None}
2026-03-03 12:25:56,424 : INFO : SwitchController : <<<<<<< 's_flipper_right_upper' inactive >>>>>>>
2026-03-03 12:25:56,424 : INFO : SwitchController : <<<<<<< 's_flipper_right_lower' inactive >>>>>>>
2026-03-03 12:25:56,521 : INFO : SwitchController : <<<<<<< 's_flipper_right_upper_eos' inactive >>>>>>>
2026-03-03 12:25:56,693 : INFO : SwitchController : <<<<<<< 's_flipper_right_lower' active >>>>>>>
2026-03-03 12:25:56,693 : INFO : EventManager : Event: ======'machine_var_audits_switches_s_flipper_right_lower'====== Args={'value': 824, 'prev_value': 823, 'change': 1}
2026-03-03 12:25:56,694 : INFO : SwitchController : <<<<<<< 's_flipper_right_upper' active >>>>>>>
2026-03-03 12:25:56,694 : INFO : EventManager : Event: ======'machine_var_audits_switches_s_flipper_right_upper'====== Args={'value': 533, 'prev_value': 532, 'change': 1}
2026-03-03 12:25:56,717 : INFO : SwitchController : <<<<<<< 's_flipper_right_upper_eos' active >>>>>>>
2026-03-03 12:25:56,717 : INFO : EventManager : Event: ======'machine_var_audits_switches_s_flipper_right_upper_eos'====== Args={'value': 367, 'prev_value': 366, 'change': 1}
2026-03-03 12:25:56,719 : INFO : SwitchController : <<<<<<< 's_inlane_right_1' inactive >>>>>>>
2026-03-03 12:25:56,732 : INFO : SwitchController : <<<<<<< 's_inlane_right_1' active >>>>>>>
2026-03-03 12:25:56,732 : INFO : EventManager : Event: ======'playfield_active'====== Args={'source': 'shot_inlane_right_1'}
2026-03-03 12:25:56,732 : INFO : EventManager : Event: ======'s_inlane_right_1_active'====== Args={}
2026-03-03 12:25:56,732 : INFO : EventManager : Event: ======'sw_playfield_active'====== Args={}
2026-03-03 12:25:56,732 : INFO : EventManager : Event: ======'machine_var_audits_switches_s_inlane_right_1'====== Args={'value': 1252, 'prev_value': 1251, 'change': 1}
2026-03-03 12:25:56,733 : INFO : EventManager : Event: ======'machine_var_audits_shots_shot_inlane_right_1'====== Args={'value': 920, 'prev_value': 919, 'change': 1}
2026-03-03 12:25:56,733 : INFO : EventManager : Event: ======'shot_inlane_right_1_hit'====== Args={'profile': 'default', 'state': 'lit', 'advancing': False}
2026-03-03 12:25:56,733 : INFO : EventManager : Event: ======'shot_inlane_right_1_default_hit'====== Args={'profile': 'default', 'state': 'lit', 'advancing': False}
2026-03-03 12:25:56,733 : INFO : EventManager : Event: ======'shot_inlane_right_1_default_lit_hit'====== Args={'profile': 'default', 'state': 'lit', 'advancing': False}
2026-03-03 12:25:56,733 : INFO : EventManager : Event: ======'shot_inlane_right_1_lit_hit'====== Args={'profile': 'default', 'state': 'lit', 'advancing': False}
2026-03-03 12:25:56,734 : INFO : EventManager : Event: ======'inlanes_hit'====== Args={'shot': 'shot_inlane_right_1'}
2026-03-03 12:25:56,734 : INFO : EventManager : Event: ======'inlanes_lit_hit'====== Args={'shot': 'shot_inlane_right_1'}
2026-03-03 12:25:56,734 : INFO : EventManager : Event: ======'player_score'====== Args={'value': 15060, 'prev_value': 15050, 'change': 10, 'player_num': 1, 'source': 'bumpers'}
2026-03-03 12:25:56,735 : INFO : EventManager : Event: ======'playfield_active'====== Args={'source': None}
2026-03-03 12:25:56,789 : INFO : SwitchController : <<<<<<< 's_flipper_right_upper' inactive >>>>>>>
2026-03-03 12:25:56,790 : INFO : SwitchController : <<<<<<< 's_flipper_right_lower' inactive >>>>>>>
2026-03-03 12:25:56,890 : INFO : SwitchController : <<<<<<< 's_flipper_right_upper_eos' inactive >>>>>>>
2026-03-03 12:25:57,001 : INFO : SwitchController : <<<<<<< 's_flipper_right_upper' active >>>>>>>
2026-03-03 12:25:57,001 : INFO : EventManager : Event: ======'machine_var_audits_switches_s_flipper_right_upper'====== Args={'value': 534, 'prev_value': 533, 'change': 1}
2026-03-03 12:25:57,003 : INFO : SwitchController : <<<<<<< 's_flipper_right_lower' active >>>>>>>
2026-03-03 12:25:57,003 : INFO : EventManager : Event: ======'machine_var_audits_switches_s_flipper_right_lower'====== Args={'value': 825, 'prev_value': 824, 'change': 1}
2026-03-03 12:25:57,026 : INFO : SwitchController : <<<<<<< 's_flipper_right_upper_eos' active >>>>>>>
2026-03-03 12:25:57,026 : INFO : EventManager : Event: ======'machine_var_audits_switches_s_flipper_right_upper_eos'====== Args={'value': 368, 'prev_value': 367, 'change': 1}
2026-03-03 12:25:57,027 : INFO : SwitchController : <<<<<<< 's_inlane_right_1' inactive >>>>>>>
2026-03-03 12:25:57,034 : INFO : SwitchController : <<<<<<< 's_inlane_right_1' active >>>>>>>
2026-03-03 12:25:57,035 : INFO : EventManager : Event: ======'playfield_active'====== Args={'source': 'shot_inlane_right_1'}
2026-03-03 12:25:57,035 : INFO : EventManager : Event: ======'s_inlane_right_1_active'====== Args={}
2026-03-03 12:25:57,035 : INFO : EventManager : Event: ======'sw_playfield_active'====== Args={}
2026-03-03 12:25:57,035 : INFO : EventManager : Event: ======'machine_var_audits_switches_s_inlane_right_1'====== Args={'value': 1253, 'prev_value': 1252, 'change': 1}
2026-03-03 12:25:57,035 : INFO : EventManager : Event: ======'machine_var_audits_shots_shot_inlane_right_1'====== Args={'value': 921, 'prev_value': 920, 'change': 1}
2026-03-03 12:25:57,036 : INFO : EventManager : Event: ======'shot_inlane_right_1_hit'====== Args={'profile': 'default', 'state': 'lit', 'advancing': False}
2026-03-03 12:25:57,036 : INFO : EventManager : Event: ======'shot_inlane_right_1_default_hit'====== Args={'profile': 'default', 'state': 'lit', 'advancing': False}
2026-03-03 12:25:57,036 : INFO : EventManager : Event: ======'shot_inlane_right_1_default_lit_hit'====== Args={'profile': 'default', 'state': 'lit', 'advancing': False}
2026-03-03 12:25:57,036 : INFO : EventManager : Event: ======'shot_inlane_right_1_lit_hit'====== Args={'profile': 'default', 'state': 'lit', 'advancing': False}
2026-03-03 12:25:57,036 : INFO : EventManager : Event: ======'inlanes_hit'====== Args={'shot': 'shot_inlane_right_1'}
2026-03-03 12:25:57,036 : INFO : EventManager : Event: ======'inlanes_lit_hit'====== Args={'shot': 'shot_inlane_right_1'}
2026-03-03 12:25:57,037 : INFO : EventManager : Event: ======'player_score'====== Args={'value': 15070, 'prev_value': 15060, 'change': 10, 'player_num': 1, 'source': 'bumpers'}
2026-03-03 12:25:57,039 : INFO : EventManager : Event: ======'playfield_active'====== Args={'source': None}
2026-03-03 12:25:57,127 : INFO : SwitchController : <<<<<<< 's_flipper_right_upper' inactive >>>>>>>
2026-03-03 12:25:57,128 : INFO : SwitchController : <<<<<<< 's_flipper_right_lower' inactive >>>>>>>
2026-03-03 12:25:57,221 : INFO : SwitchController : <<<<<<< 's_flipper_right_upper_eos' inactive >>>>>>>
2026-03-03 12:25:57,308 : INFO : SwitchController : <<<<<<< 's_flipper_right_lower' active >>>>>>>
2026-03-03 12:25:57,309 : INFO : EventManager : Event: ======'machine_var_audits_switches_s_flipper_right_lower'====== Args={'value': 826, 'prev_value': 825, 'change': 1}
2026-03-03 12:25:57,310 : INFO : SwitchController : <<<<<<< 's_flipper_right_upper' active >>>>>>>
2026-03-03 12:25:57,310 : INFO : EventManager : Event: ======'machine_var_audits_switches_s_flipper_right_upper'====== Args={'value': 535, 'prev_value': 534, 'change': 1}
2026-03-03 12:25:57,331 : INFO : SwitchController : <<<<<<< 's_flipper_right_upper_eos' active >>>>>>>
2026-03-03 12:25:57,331 : INFO : EventManager : Event: ======'machine_var_audits_switches_s_flipper_right_upper_eos'====== Args={'value': 369, 'prev_value': 368, 'change': 1}
2026-03-03 12:25:57,334 : INFO : SwitchController : <<<<<<< 's_inlane_right_1' inactive >>>>>>>
2026-03-03 12:25:57,346 : INFO : SwitchController : <<<<<<< 's_inlane_right_1' active >>>>>>>
2026-03-03 12:25:57,346 : INFO : EventManager : Event: ======'playfield_active'====== Args={'source': 'shot_inlane_right_1'}
2026-03-03 12:25:57,346 : INFO : EventManager : Event: ======'s_inlane_right_1_active'====== Args={}
2026-03-03 12:25:57,346 : INFO : EventManager : Event: ======'sw_playfield_active'====== Args={}
2026-03-03 12:25:57,346 : INFO : EventManager : Event: ======'machine_var_audits_switches_s_inlane_right_1'====== Args={'value': 1254, 'prev_value': 1253, 'change': 1}
2026-03-03 12:25:57,347 : INFO : EventManager : Event: ======'machine_var_audits_shots_shot_inlane_right_1'====== Args={'value': 922, 'prev_value': 921, 'change': 1}
2026-03-03 12:25:57,347 : INFO : EventManager : Event: ======'shot_inlane_right_1_hit'====== Args={'profile': 'default', 'state': 'lit', 'advancing': False}
2026-03-03 12:25:57,347 : INFO : EventManager : Event: ======'shot_inlane_right_1_default_hit'====== Args={'profile': 'default', 'state': 'lit', 'advancing': False}
2026-03-03 12:25:57,347 : INFO : EventManager : Event: ======'shot_inlane_right_1_default_lit_hit'====== Args={'profile': 'default', 'state': 'lit', 'advancing': False}
2026-03-03 12:25:57,347 : INFO : EventManager : Event: ======'shot_inlane_right_1_lit_hit'====== Args={'profile': 'default', 'state': 'lit', 'advancing': False}
2026-03-03 12:25:57,348 : INFO : EventManager : Event: ======'inlanes_hit'====== Args={'shot': 'shot_inlane_right_1'}
2026-03-03 12:25:57,348 : INFO : EventManager : Event: ======'inlanes_lit_hit'====== Args={'shot': 'shot_inlane_right_1'}
2026-03-03 12:25:57,348 : INFO : EventManager : Event: ======'player_score'====== Args={'value': 15080, 'prev_value': 15070, 'change': 10, 'player_num': 1, 'source': 'bumpers'}
2026-03-03 12:25:57,349 : INFO : EventManager : Event: ======'playfield_active'====== Args={'source': None}
2026-03-03 12:25:57,437 : INFO : SwitchController : <<<<<<< 's_flipper_right_upper' inactive >>>>>>>
2026-03-03 12:25:57,438 : INFO : SwitchController : <<<<<<< 's_flipper_right_lower' inactive >>>>>>>
2026-03-03 12:25:57,525 : INFO : SwitchController : <<<<<<< 's_flipper_right_upper_eos' inactive >>>>>>>
2026-03-03 12:25:59,357 : INFO : SwitchController : <<<<<<< 's_flipper_right_lower' active >>>>>>>
2026-03-03 12:25:59,357 : INFO : EventManager : Event: ======'machine_var_audits_switches_s_flipper_right_lower'====== Args={'value': 827, 'prev_value': 826, 'change': 1}
2026-03-03 12:25:59,358 : INFO : SwitchController : <<<<<<< 's_flipper_right_upper' active >>>>>>>
2026-03-03 12:25:59,358 : INFO : EventManager : Event: ======'machine_var_audits_switches_s_flipper_right_upper'====== Args={'value': 536, 'prev_value': 535, 'change': 1}
2026-03-03 12:25:59,382 : INFO : SwitchController : <<<<<<< 's_flipper_right_upper_eos' active >>>>>>>
2026-03-03 12:25:59,383 : INFO : EventManager : Event: ======'machine_var_audits_switches_s_flipper_right_upper_eos'====== Args={'value': 370, 'prev_value': 369, 'change': 1}
2026-03-03 12:25:59,384 : INFO : SwitchController : <<<<<<< 's_inlane_right_1' inactive >>>>>>>
2026-03-03 12:25:59,390 : INFO : SwitchController : <<<<<<< 's_inlane_right_1' active >>>>>>>
2026-03-03 12:25:59,391 : INFO : EventManager : Event: ======'playfield_active'====== Args={'source': 'shot_inlane_right_1'}
2026-03-03 12:25:59,391 : INFO : EventManager : Event: ======'s_inlane_right_1_active'====== Args={}
2026-03-03 12:25:59,391 : INFO : EventManager : Event: ======'sw_playfield_active'====== Args={}
2026-03-03 12:25:59,391 : INFO : EventManager : Event: ======'machine_var_audits_switches_s_inlane_right_1'====== Args={'value': 1255, 'prev_value': 1254, 'change': 1}
2026-03-03 12:25:59,391 : INFO : EventManager : Event: ======'machine_var_audits_shots_shot_inlane_right_1'====== Args={'value': 923, 'prev_value': 922, 'change': 1}
2026-03-03 12:25:59,392 : INFO : EventManager : Event: ======'shot_inlane_right_1_hit'====== Args={'profile': 'default', 'state': 'lit', 'advancing': False}
2026-03-03 12:25:59,392 : INFO : EventManager : Event: ======'shot_inlane_right_1_default_hit'====== Args={'profile': 'default', 'state': 'lit', 'advancing': False}
2026-03-03 12:25:59,392 : INFO : EventManager : Event: ======'shot_inlane_right_1_default_lit_hit'====== Args={'profile': 'default', 'state': 'lit', 'advancing': False}
2026-03-03 12:25:59,392 : INFO : EventManager : Event: ======'shot_inlane_right_1_lit_hit'====== Args={'profile': 'default', 'state': 'lit', 'advancing': False}
2026-03-03 12:25:59,392 : INFO : EventManager : Event: ======'inlanes_hit'====== Args={'shot': 'shot_inlane_right_1'}
2026-03-03 12:25:59,392 : INFO : EventManager : Event: ======'inlanes_lit_hit'====== Args={'shot': 'shot_inlane_right_1'}
2026-03-03 12:25:59,392 : INFO : EventManager : Event: ======'player_score'====== Args={'value': 15090, 'prev_value': 15080, 'change': 10, 'player_num': 1, 'source': 'bumpers'}
2026-03-03 12:25:59,394 : INFO : EventManager : Event: ======'playfield_active'====== Args={'source': None}
2026-03-03 12:25:59,448 : INFO : SwitchController : <<<<<<< 's_flipper_right_upper' inactive >>>>>>>
2026-03-03 12:25:59,449 : INFO : SwitchController : <<<<<<< 's_flipper_right_lower' inactive >>>>>>>
2026-03-03 12:25:59,548 : INFO : SwitchController : <<<<<<< 's_flipper_right_upper_eos' inactive >>>>>>>
2026-03-03 12:25:59,586 : INFO : SwitchController : <<<<<<< 's_flipper_right_lower' active >>>>>>>
2026-03-03 12:25:59,586 : INFO : EventManager : Event: ======'machine_var_audits_switches_s_flipper_right_lower'====== Args={'value': 828, 'prev_value': 827, 'change': 1}
2026-03-03 12:25:59,587 : INFO : SwitchController : <<<<<<< 's_flipper_right_upper' active >>>>>>>
2026-03-03 12:25:59,587 : INFO : EventManager : Event: ======'machine_var_audits_switches_s_flipper_right_upper'====== Args={'value': 537, 'prev_value': 536, 'change': 1}
2026-03-03 12:25:59,610 : INFO : SwitchController : <<<<<<< 's_flipper_right_upper_eos' active >>>>>>>
2026-03-03 12:25:59,610 : INFO : EventManager : Event: ======'machine_var_audits_switches_s_flipper_right_upper_eos'====== Args={'value': 371, 'prev_value': 370, 'change': 1}
2026-03-03 12:25:59,612 : INFO : SwitchController : <<<<<<< 's_inlane_right_1' inactive >>>>>>>
2026-03-03 12:25:59,624 : INFO : SwitchController : <<<<<<< 's_inlane_right_1' active >>>>>>>
2026-03-03 12:25:59,625 : INFO : EventManager : Event: ======'playfield_active'====== Args={'source': 'shot_inlane_right_1'}
2026-03-03 12:25:59,625 : INFO : EventManager : Event: ======'s_inlane_right_1_active'====== Args={}
2026-03-03 12:25:59,625 : INFO : EventManager : Event: ======'sw_playfield_active'====== Args={}
2026-03-03 12:25:59,625 : INFO : EventManager : Event: ======'machine_var_audits_switches_s_inlane_right_1'====== Args={'value': 1256, 'prev_value': 1255, 'change': 1}
2026-03-03 12:25:59,626 : INFO : EventManager : Event: ======'machine_var_audits_shots_shot_inlane_right_1'====== Args={'value': 924, 'prev_value': 923, 'change': 1}
2026-03-03 12:25:59,626 : INFO : EventManager : Event: ======'shot_inlane_right_1_hit'====== Args={'profile': 'default', 'state': 'lit', 'advancing': False}
2026-03-03 12:25:59,626 : INFO : EventManager : Event: ======'shot_inlane_right_1_default_hit'====== Args={'profile': 'default', 'state': 'lit', 'advancing': False}
2026-03-03 12:25:59,626 : INFO : EventManager : Event: ======'shot_inlane_right_1_default_lit_hit'====== Args={'profile': 'default', 'state': 'lit', 'advancing': False}
2026-03-03 12:25:59,627 : INFO : EventManager : Event: ======'shot_inlane_right_1_lit_hit'====== Args={'profile': 'default', 'state': 'lit', 'advancing': False}
2026-03-03 12:25:59,627 : INFO : EventManager : Event: ======'inlanes_hit'====== Args={'shot': 'shot_inlane_right_1'}
2026-03-03 12:25:59,627 : INFO : EventManager : Event: ======'inlanes_lit_hit'====== Args={'shot': 'shot_inlane_right_1'}
2026-03-03 12:25:59,627 : INFO : EventManager : Event: ======'player_score'====== Args={'value': 15100, 'prev_value': 15090, 'change': 10, 'player_num': 1, 'source': 'bumpers'}
2026-03-03 12:25:59,630 : INFO : EventManager : Event: ======'playfield_active'====== Args={'source': None}
2026-03-03 12:25:59,669 : INFO : SwitchController : <<<<<<< 's_flipper_right_upper' inactive >>>>>>>
2026-03-03 12:25:59,670 : INFO : SwitchController : <<<<<<< 's_flipper_right_lower' inactive >>>>>>>
2026-03-03 12:25:59,763 : INFO : SwitchController : <<<<<<< 's_flipper_right_upper_eos' inactive >>>>>>>
2026-03-03 12:25:59,781 : INFO : SwitchController : <<<<<<< 's_flipper_right_upper' active >>>>>>>
2026-03-03 12:25:59,781 : INFO : EventManager : Event: ======'machine_var_audits_switches_s_flipper_right_upper'====== Args={'value': 538, 'prev_value': 537, 'change': 1}
2026-03-03 12:25:59,784 : INFO : SwitchController : <<<<<<< 's_flipper_right_lower' active >>>>>>>
2026-03-03 12:25:59,784 : INFO : EventManager : Event: ======'machine_var_audits_switches_s_flipper_right_lower'====== Args={'value': 829, 'prev_value': 828, 'change': 1}
2026-03-03 12:25:59,810 : INFO : SwitchController : <<<<<<< 's_flipper_right_upper_eos' active >>>>>>>
2026-03-03 12:25:59,811 : INFO : EventManager : Event: ======'machine_var_audits_switches_s_flipper_right_upper_eos'====== Args={'value': 372, 'prev_value': 371, 'change': 1}
2026-03-03 12:25:59,861 : INFO : SwitchController : <<<<<<< 's_flipper_right_lower' inactive >>>>>>>
2026-03-03 12:25:59,861 : INFO : SwitchController : <<<<<<< 's_flipper_right_upper' inactive >>>>>>>
2026-03-03 12:25:59,957 : INFO : SwitchController : <<<<<<< 's_flipper_right_upper_eos' inactive >>>>>>>
2026-03-03 12:26:00,000 : INFO : SwitchController : <<<<<<< 's_flipper_right_lower' active >>>>>>>
2026-03-03 12:26:00,000 : INFO : EventManager : Event: ======'machine_var_audits_switches_s_flipper_right_lower'====== Args={'value': 830, 'prev_value': 829, 'change': 1}
2026-03-03 12:26:00,000 : INFO : SwitchController : <<<<<<< 's_flipper_right_upper' active >>>>>>>
2026-03-03 12:26:00,001 : INFO : EventManager : Event: ======'machine_var_audits_switches_s_flipper_right_upper'====== Args={'value': 539, 'prev_value': 538, 'change': 1}
2026-03-03 12:26:00,022 : INFO : SwitchController : <<<<<<< 's_flipper_right_upper_eos' active >>>>>>>
2026-03-03 12:26:00,022 : INFO : EventManager : Event: ======'machine_var_audits_switches_s_flipper_right_upper_eos'====== Args={'value': 373, 'prev_value': 372, 'change': 1}
2026-03-03 12:26:00,025 : INFO : SwitchController : <<<<<<< 's_inlane_right_1' inactive >>>>>>>
2026-03-03 12:26:00,036 : INFO : SwitchController : <<<<<<< 's_inlane_right_1' active >>>>>>>
2026-03-03 12:26:00,037 : INFO : EventManager : Event: ======'playfield_active'====== Args={'source': 'shot_inlane_right_1'}
2026-03-03 12:26:00,037 : INFO : EventManager : Event: ======'s_inlane_right_1_active'====== Args={}
2026-03-03 12:26:00,037 : INFO : EventManager : Event: ======'sw_playfield_active'====== Args={}
2026-03-03 12:26:00,037 : INFO : EventManager : Event: ======'machine_var_audits_switches_s_inlane_right_1'====== Args={'value': 1257, 'prev_value': 1256, 'change': 1}
2026-03-03 12:26:00,037 : INFO : EventManager : Event: ======'machine_var_audits_shots_shot_inlane_right_1'====== Args={'value': 925, 'prev_value': 924, 'change': 1}
2026-03-03 12:26:00,038 : INFO : EventManager : Event: ======'shot_inlane_right_1_hit'====== Args={'profile': 'default', 'state': 'lit', 'advancing': False}
2026-03-03 12:26:00,038 : INFO : EventManager : Event: ======'shot_inlane_right_1_default_hit'====== Args={'profile': 'default', 'state': 'lit', 'advancing': False}
2026-03-03 12:26:00,038 : INFO : EventManager : Event: ======'shot_inlane_right_1_default_lit_hit'====== Args={'profile': 'default', 'state': 'lit', 'advancing': False}
2026-03-03 12:26:00,038 : INFO : EventManager : Event: ======'shot_inlane_right_1_lit_hit'====== Args={'profile': 'default', 'state': 'lit', 'advancing': False}
2026-03-03 12:26:00,038 : INFO : EventManager : Event: ======'inlanes_hit'====== Args={'shot': 'shot_inlane_right_1'}
2026-03-03 12:26:00,038 : INFO : EventManager : Event: ======'inlanes_lit_hit'====== Args={'shot': 'shot_inlane_right_1'}
2026-03-03 12:26:00,038 : INFO : EventManager : Event: ======'player_score'====== Args={'value': 15110, 'prev_value': 15100, 'change': 10, 'player_num': 1, 'source': 'bumpers'}
2026-03-03 12:26:00,040 : INFO : EventManager : Event: ======'playfield_active'====== Args={'source': None}
2026-03-03 12:26:00,098 : INFO : SwitchController : <<<<<<< 's_flipper_right_lower' inactive >>>>>>>
2026-03-03 12:26:00,098 : INFO : SwitchController : <<<<<<< 's_flipper_right_upper' inactive >>>>>>>
2026-03-03 12:26:00,198 : INFO : SwitchController : <<<<<<< 's_flipper_right_upper_eos' inactive >>>>>>>
2026-03-03 12:26:00,240 : INFO : SwitchController : <<<<<<< 's_flipper_right_upper' active >>>>>>>
2026-03-03 12:26:00,240 : INFO : EventManager : Event: ======'machine_var_audits_switches_s_flipper_right_upper'====== Args={'value': 540, 'prev_value': 539, 'change': 1}
2026-03-03 12:26:00,243 : INFO : SwitchController : <<<<<<< 's_flipper_right_lower' active >>>>>>>
2026-03-03 12:26:00,243 : INFO : EventManager : Event: ======'machine_var_audits_switches_s_flipper_right_lower'====== Args={'value': 831, 'prev_value': 830, 'change': 1}
2026-03-03 12:26:00,264 : INFO : SwitchController : <<<<<<< 's_flipper_right_upper_eos' active >>>>>>>
2026-03-03 12:26:00,264 : INFO : EventManager : Event: ======'machine_var_audits_switches_s_flipper_right_upper_eos'====== Args={'value': 374, 'prev_value': 373, 'change': 1}
2026-03-03 12:26:00,266 : INFO : SwitchController : <<<<<<< 's_inlane_right_1' inactive >>>>>>>
2026-03-03 12:26:00,279 : INFO : SwitchController : <<<<<<< 's_inlane_right_1' active >>>>>>>
2026-03-03 12:26:00,279 : INFO : EventManager : Event: ======'playfield_active'====== Args={'source': 'shot_inlane_right_1'}
2026-03-03 12:26:00,279 : INFO : EventManager : Event: ======'s_inlane_right_1_active'====== Args={}
2026-03-03 12:26:00,279 : INFO : EventManager : Event: ======'sw_playfield_active'====== Args={}
2026-03-03 12:26:00,279 : INFO : EventManager : Event: ======'machine_var_audits_switches_s_inlane_right_1'====== Args={'value': 1258, 'prev_value': 1257, 'change': 1}
2026-03-03 12:26:00,280 : INFO : EventManager : Event: ======'machine_var_audits_shots_shot_inlane_right_1'====== Args={'value': 926, 'prev_value': 925, 'change': 1}
2026-03-03 12:26:00,280 : INFO : EventManager : Event: ======'shot_inlane_right_1_hit'====== Args={'profile': 'default', 'state': 'lit', 'advancing': False}
2026-03-03 12:26:00,280 : INFO : EventManager : Event: ======'shot_inlane_right_1_default_hit'====== Args={'profile': 'default', 'state': 'lit', 'advancing': False}
2026-03-03 12:26:00,280 : INFO : EventManager : Event: ======'shot_inlane_right_1_default_lit_hit'====== Args={'profile': 'default', 'state': 'lit', 'advancing': False}
2026-03-03 12:26:00,281 : INFO : EventManager : Event: ======'shot_inlane_right_1_lit_hit'====== Args={'profile': 'default', 'state': 'lit', 'advancing': False}
2026-03-03 12:26:00,281 : INFO : EventManager : Event: ======'inlanes_hit'====== Args={'shot': 'shot_inlane_right_1'}
2026-03-03 12:26:00,281 : INFO : EventManager : Event: ======'inlanes_lit_hit'====== Args={'shot': 'shot_inlane_right_1'}
2026-03-03 12:26:00,281 : INFO : EventManager : Event: ======'player_score'====== Args={'value': 15120, 'prev_value': 15110, 'change': 10, 'player_num': 1, 'source': 'bumpers'}
2026-03-03 12:26:00,283 : INFO : EventManager : Event: ======'playfield_active'====== Args={'source': None}
2026-03-03 12:26:00,341 : INFO : SwitchController : <<<<<<< 's_flipper_right_upper' inactive >>>>>>>
2026-03-03 12:26:00,342 : INFO : SwitchController : <<<<<<< 's_flipper_right_lower' inactive >>>>>>>
2026-03-03 12:26:00,436 : INFO : SwitchController : <<<<<<< 's_flipper_right_upper_eos' inactive >>>>>>>
2026-03-03 12:26:00,564 : INFO : SwitchController : <<<<<<< 's_flipper_right_upper' active >>>>>>>
2026-03-03 12:26:00,564 : INFO : EventManager : Event: ======'machine_var_audits_switches_s_flipper_right_upper'====== Args={'value': 541, 'prev_value': 540, 'change': 1}
2026-03-03 12:26:00,565 : INFO : SwitchController : <<<<<<< 's_flipper_right_lower' active >>>>>>>
2026-03-03 12:26:00,565 : INFO : EventManager : Event: ======'machine_var_audits_switches_s_flipper_right_lower'====== Args={'value': 832, 'prev_value': 831, 'change': 1}
2026-03-03 12:26:00,568 : INFO : SwitchController : <<<<<<< 's_flipper_right_lower' inactive >>>>>>>
2026-03-03 12:26:00,570 : INFO : SwitchController : <<<<<<< 's_flipper_right_lower' active >>>>>>>
2026-03-03 12:26:00,571 : INFO : EventManager : Event: ======'machine_var_audits_switches_s_flipper_right_lower'====== Args={'value': 833, 'prev_value': 832, 'change': 1}
2026-03-03 12:26:00,588 : INFO : SwitchController : <<<<<<< 's_flipper_right_upper_eos' active >>>>>>>
2026-03-03 12:26:00,588 : INFO : EventManager : Event: ======'machine_var_audits_switches_s_flipper_right_upper_eos'====== Args={'value': 375, 'prev_value': 374, 'change': 1}
2026-03-03 12:26:00,590 : INFO : SwitchController : <<<<<<< 's_inlane_right_1' inactive >>>>>>>
2026-03-03 12:26:00,595 : INFO : SwitchController : <<<<<<< 's_inlane_right_1' active >>>>>>>
2026-03-03 12:26:00,595 : INFO : EventManager : Event: ======'playfield_active'====== Args={'source': 'shot_inlane_right_1'}
2026-03-03 12:26:00,595 : INFO : EventManager : Event: ======'s_inlane_right_1_active'====== Args={}
2026-03-03 12:26:00,595 : INFO : EventManager : Event: ======'sw_playfield_active'====== Args={}
2026-03-03 12:26:00,595 : INFO : EventManager : Event: ======'machine_var_audits_switches_s_inlane_right_1'====== Args={'value': 1259, 'prev_value': 1258, 'change': 1}
2026-03-03 12:26:00,596 : INFO : EventManager : Event: ======'machine_var_audits_shots_shot_inlane_right_1'====== Args={'value': 927, 'prev_value': 926, 'change': 1}
2026-03-03 12:26:00,597 : INFO : EventManager : Event: ======'shot_inlane_right_1_hit'====== Args={'profile': 'default', 'state': 'lit', 'advancing': False}
2026-03-03 12:26:00,597 : INFO : EventManager : Event: ======'shot_inlane_right_1_default_hit'====== Args={'profile': 'default', 'state': 'lit', 'advancing': False}
2026-03-03 12:26:00,597 : INFO : EventManager : Event: ======'shot_inlane_right_1_default_lit_hit'====== Args={'profile': 'default', 'state': 'lit', 'advancing': False}
2026-03-03 12:26:00,597 : INFO : EventManager : Event: ======'shot_inlane_right_1_lit_hit'====== Args={'profile': 'default', 'state': 'lit', 'advancing': False}
2026-03-03 12:26:00,597 : INFO : EventManager : Event: ======'inlanes_hit'====== Args={'shot': 'shot_inlane_right_1'}
2026-03-03 12:26:00,597 : INFO : EventManager : Event: ======'inlanes_lit_hit'====== Args={'shot': 'shot_inlane_right_1'}
2026-03-03 12:26:00,597 : INFO : EventManager : Event: ======'player_score'====== Args={'value': 15130, 'prev_value': 15120, 'change': 10, 'player_num': 1, 'source': 'bumpers'}
2026-03-03 12:26:00,599 : INFO : EventManager : Event: ======'playfield_active'====== Args={'source': None}
2026-03-03 12:26:00,656 : INFO : SwitchController : <<<<<<< 's_flipper_right_upper' inactive >>>>>>>
2026-03-03 12:26:00,657 : INFO : SwitchController : <<<<<<< 's_flipper_right_lower' inactive >>>>>>>
2026-03-03 12:26:00,757 : INFO : SwitchController : <<<<<<< 's_flipper_right_upper_eos' inactive >>>>>>>
2026-03-03 12:26:00,880 : INFO : SwitchController : <<<<<<< 's_flipper_right_upper' active >>>>>>>
2026-03-03 12:26:00,880 : INFO : EventManager : Event: ======'machine_var_audits_switches_s_flipper_right_upper'====== Args={'value': 542, 'prev_value': 541, 'change': 1}
2026-03-03 12:26:00,882 : INFO : SwitchController : <<<<<<< 's_flipper_right_upper' inactive >>>>>>>
2026-03-03 12:26:00,886 : INFO : SwitchController : <<<<<<< 's_flipper_right_upper' active >>>>>>>
2026-03-03 12:26:00,886 : INFO : EventManager : Event: ======'machine_var_audits_switches_s_flipper_right_upper'====== Args={'value': 543, 'prev_value': 542, 'change': 1}
2026-03-03 12:26:00,888 : INFO : SwitchController : <<<<<<< 's_flipper_right_lower' active >>>>>>>
2026-03-03 12:26:00,888 : INFO : EventManager : Event: ======'machine_var_audits_switches_s_flipper_right_lower'====== Args={'value': 834, 'prev_value': 833, 'change': 1}
2026-03-03 12:26:00,905 : INFO : SwitchController : <<<<<<< 's_flipper_right_upper_eos' active >>>>>>>
2026-03-03 12:26:00,905 : INFO : EventManager : Event: ======'machine_var_audits_switches_s_flipper_right_upper_eos'====== Args={'value': 376, 'prev_value': 375, 'change': 1}
2026-03-03 12:26:00,909 : INFO : SwitchController : <<<<<<< 's_inlane_right_1' inactive >>>>>>>
2026-03-03 12:26:00,920 : INFO : SwitchController : <<<<<<< 's_inlane_right_1' active >>>>>>>
2026-03-03 12:26:00,920 : INFO : EventManager : Event: ======'playfield_active'====== Args={'source': 'shot_inlane_right_1'}
2026-03-03 12:26:00,921 : INFO : EventManager : Event: ======'s_inlane_right_1_active'====== Args={}
2026-03-03 12:26:00,921 : INFO : EventManager : Event: ======'sw_playfield_active'====== Args={}
2026-03-03 12:26:00,921 : INFO : EventManager : Event: ======'machine_var_audits_switches_s_inlane_right_1'====== Args={'value': 1260, 'prev_value': 1259, 'change': 1}
2026-03-03 12:26:00,921 : INFO : EventManager : Event: ======'machine_var_audits_shots_shot_inlane_right_1'====== Args={'value': 928, 'prev_value': 927, 'change': 1}
2026-03-03 12:26:00,922 : INFO : EventManager : Event: ======'shot_inlane_right_1_hit'====== Args={'profile': 'default', 'state': 'lit', 'advancing': False}
2026-03-03 12:26:00,922 : INFO : EventManager : Event: ======'shot_inlane_right_1_default_hit'====== Args={'profile': 'default', 'state': 'lit', 'advancing': False}
2026-03-03 12:26:00,922 : INFO : EventManager : Event: ======'shot_inlane_right_1_default_lit_hit'====== Args={'profile': 'default', 'state': 'lit', 'advancing': False}
2026-03-03 12:26:00,922 : INFO : EventManager : Event: ======'shot_inlane_right_1_lit_hit'====== Args={'profile': 'default', 'state': 'lit', 'advancing': False}
2026-03-03 12:26:00,922 : INFO : EventManager : Event: ======'inlanes_hit'====== Args={'shot': 'shot_inlane_right_1'}
2026-03-03 12:26:00,922 : INFO : EventManager : Event: ======'inlanes_lit_hit'====== Args={'shot': 'shot_inlane_right_1'}
2026-03-03 12:26:00,922 : INFO : EventManager : Event: ======'player_score'====== Args={'value': 15140, 'prev_value': 15130, 'change': 10, 'player_num': 1, 'source': 'bumpers'}
2026-03-03 12:26:00,925 : INFO : EventManager : Event: ======'playfield_active'====== Args={'source': None}
2026-03-03 12:26:00,968 : INFO : SwitchController : <<<<<<< 's_flipper_right_lower' inactive >>>>>>>
2026-03-03 12:26:00,969 : INFO : SwitchController : <<<<<<< 's_flipper_right_upper' inactive >>>>>>>
2026-03-03 12:26:01,063 : INFO : SwitchController : <<<<<<< 's_flipper_right_upper_eos' inactive >>>>>>>
2026-03-03 12:26:01,347 : INFO : SwitchController : <<<<<<< 's_flipper_left' active >>>>>>>
2026-03-03 12:26:01,347 : INFO : EventManager : Event: ======'machine_var_audits_switches_s_flipper_left'====== Args={'value': 345, 'prev_value': 344, 'change': 1}
2026-03-03 12:26:01,370 : INFO : SwitchController : <<<<<<< 's_flipper_left_eos' inactive >>>>>>>
2026-03-03 12:26:01,373 : INFO : SwitchController : <<<<<<< 's_inlane_right_1' inactive >>>>>>>
2026-03-03 12:26:01,392 : INFO : SwitchController : <<<<<<< 's_inlane_right_1' active >>>>>>>
2026-03-03 12:26:01,392 : INFO : EventManager : Event: ======'playfield_active'====== Args={'source': 'shot_inlane_right_1'}
2026-03-03 12:26:01,392 : INFO : EventManager : Event: ======'s_inlane_right_1_active'====== Args={}
2026-03-03 12:26:01,392 : INFO : EventManager : Event: ======'sw_playfield_active'====== Args={}
2026-03-03 12:26:01,393 : INFO : EventManager : Event: ======'machine_var_audits_switches_s_inlane_right_1'====== Args={'value': 1261, 'prev_value': 1260, 'change': 1}
2026-03-03 12:26:01,393 : INFO : EventManager : Event: ======'machine_var_audits_shots_shot_inlane_right_1'====== Args={'value': 929, 'prev_value': 928, 'change': 1}
2026-03-03 12:26:01,394 : INFO : EventManager : Event: ======'shot_inlane_right_1_hit'====== Args={'profile': 'default', 'state': 'lit', 'advancing': False}
2026-03-03 12:26:01,394 : INFO : EventManager : Event: ======'shot_inlane_right_1_default_hit'====== Args={'profile': 'default', 'state': 'lit', 'advancing': False}
2026-03-03 12:26:01,394 : INFO : EventManager : Event: ======'shot_inlane_right_1_default_lit_hit'====== Args={'profile': 'default', 'state': 'lit', 'advancing': False}
2026-03-03 12:26:01,394 : INFO : EventManager : Event: ======'shot_inlane_right_1_lit_hit'====== Args={'profile': 'default', 'state': 'lit', 'advancing': False}
2026-03-03 12:26:01,394 : INFO : EventManager : Event: ======'inlanes_hit'====== Args={'shot': 'shot_inlane_right_1'}
2026-03-03 12:26:01,394 : INFO : EventManager : Event: ======'inlanes_lit_hit'====== Args={'shot': 'shot_inlane_right_1'}
2026-03-03 12:26:01,394 : INFO : EventManager : Event: ======'player_score'====== Args={'value': 15150, 'prev_value': 15140, 'change': 10, 'player_num': 1, 'source': 'bumpers'}
2026-03-03 12:26:01,396 : INFO : EventManager : Event: ======'playfield_active'====== Args={'source': None}
2026-03-03 12:26:01,455 : INFO : SwitchController : <<<<<<< 's_flipper_left' inactive >>>>>>>
2026-03-03 12:26:01,542 : INFO : SwitchController : <<<<<<< 's_flipper_left_eos' active >>>>>>>
2026-03-03 12:26:01,543 : INFO : EventManager : Event: ======'machine_var_audits_switches_s_flipper_left_eos'====== Args={'value': 317, 'prev_value': 316, 'change': 1}
2026-03-03 12:26:01,595 : INFO : SwitchController : <<<<<<< 's_flipper_left' active >>>>>>>
2026-03-03 12:26:01,595 : INFO : EventManager : Event: ======'machine_var_audits_switches_s_flipper_left'====== Args={'value': 346, 'prev_value': 345, 'change': 1}
2026-03-03 12:26:01,616 : INFO : SwitchController : <<<<<<< 's_flipper_left_eos' inactive >>>>>>>
2026-03-03 12:26:01,619 : INFO : SwitchController : <<<<<<< 's_inlane_right_1' inactive >>>>>>>
2026-03-03 12:26:01,631 : INFO : SwitchController : <<<<<<< 's_inlane_right_1' active >>>>>>>
2026-03-03 12:26:01,631 : INFO : EventManager : Event: ======'playfield_active'====== Args={'source': 'shot_inlane_right_1'}
2026-03-03 12:26:01,631 : INFO : EventManager : Event: ======'s_inlane_right_1_active'====== Args={}
2026-03-03 12:26:01,631 : INFO : EventManager : Event: ======'sw_playfield_active'====== Args={}
2026-03-03 12:26:01,631 : INFO : EventManager : Event: ======'machine_var_audits_switches_s_inlane_right_1'====== Args={'value': 1262, 'prev_value': 1261, 'change': 1}
2026-03-03 12:26:01,632 : INFO : EventManager : Event: ======'machine_var_audits_shots_shot_inlane_right_1'====== Args={'value': 930, 'prev_value': 929, 'change': 1}
2026-03-03 12:26:01,632 : INFO : EventManager : Event: ======'shot_inlane_right_1_hit'====== Args={'profile': 'default', 'state': 'lit', 'advancing': False}
2026-03-03 12:26:01,632 : INFO : EventManager : Event: ======'shot_inlane_right_1_default_hit'====== Args={'profile': 'default', 'state': 'lit', 'advancing': False}
2026-03-03 12:26:01,632 : INFO : EventManager : Event: ======'shot_inlane_right_1_default_lit_hit'====== Args={'profile': 'default', 'state': 'lit', 'advancing': False}
2026-03-03 12:26:01,632 : INFO : EventManager : Event: ======'shot_inlane_right_1_lit_hit'====== Args={'profile': 'default', 'state': 'lit', 'advancing': False}
2026-03-03 12:26:01,633 : INFO : EventManager : Event: ======'inlanes_hit'====== Args={'shot': 'shot_inlane_right_1'}
2026-03-03 12:26:01,633 : INFO : EventManager : Event: ======'inlanes_lit_hit'====== Args={'shot': 'shot_inlane_right_1'}
2026-03-03 12:26:01,633 : INFO : EventManager : Event: ======'player_score'====== Args={'value': 15160, 'prev_value': 15150, 'change': 10, 'player_num': 1, 'source': 'bumpers'}
2026-03-03 12:26:01,634 : INFO : EventManager : Event: ======'playfield_active'====== Args={'source': None}
2026-03-03 12:26:01,664 : INFO : SwitchController : <<<<<<< 's_flipper_left' inactive >>>>>>>
2026-03-03 12:26:01,750 : INFO : SwitchController : <<<<<<< 's_flipper_left_eos' active >>>>>>>
2026-03-03 12:26:01,750 : INFO : EventManager : Event: ======'machine_var_audits_switches_s_flipper_left_eos'====== Args={'value': 318, 'prev_value': 317, 'change': 1}
2026-03-03 12:26:01,765 : INFO : SwitchController : <<<<<<< 's_flipper_left' active >>>>>>>
2026-03-03 12:26:01,765 : INFO : EventManager : Event: ======'machine_var_audits_switches_s_flipper_left'====== Args={'value': 347, 'prev_value': 346, 'change': 1}
2026-03-03 12:26:01,793 : INFO : SwitchController : <<<<<<< 's_flipper_left_eos' inactive >>>>>>>
2026-03-03 12:26:01,797 : INFO : SwitchController : <<<<<<< 's_inlane_right_1' inactive >>>>>>>
2026-03-03 12:26:01,809 : INFO : SwitchController : <<<<<<< 's_inlane_right_1' active >>>>>>>
2026-03-03 12:26:01,809 : INFO : EventManager : Event: ======'playfield_active'====== Args={'source': 'shot_inlane_right_1'}
2026-03-03 12:26:01,809 : INFO : EventManager : Event: ======'s_inlane_right_1_active'====== Args={}
2026-03-03 12:26:01,810 : INFO : EventManager : Event: ======'sw_playfield_active'====== Args={}
2026-03-03 12:26:01,810 : INFO : EventManager : Event: ======'machine_var_audits_switches_s_inlane_right_1'====== Args={'value': 1263, 'prev_value': 1262, 'change': 1}
2026-03-03 12:26:01,810 : INFO : EventManager : Event: ======'machine_var_audits_shots_shot_inlane_right_1'====== Args={'value': 931, 'prev_value': 930, 'change': 1}
2026-03-03 12:26:01,811 : INFO : EventManager : Event: ======'shot_inlane_right_1_hit'====== Args={'profile': 'default', 'state': 'lit', 'advancing': False}
2026-03-03 12:26:01,811 : INFO : EventManager : Event: ======'shot_inlane_right_1_default_hit'====== Args={'profile': 'default', 'state': 'lit', 'advancing': False}
2026-03-03 12:26:01,811 : INFO : EventManager : Event: ======'shot_inlane_right_1_default_lit_hit'====== Args={'profile': 'default', 'state': 'lit', 'advancing': False}
2026-03-03 12:26:01,811 : INFO : EventManager : Event: ======'shot_inlane_right_1_lit_hit'====== Args={'profile': 'default', 'state': 'lit', 'advancing': False}
2026-03-03 12:26:01,811 : INFO : EventManager : Event: ======'inlanes_hit'====== Args={'shot': 'shot_inlane_right_1'}
2026-03-03 12:26:01,811 : INFO : EventManager : Event: ======'inlanes_lit_hit'====== Args={'shot': 'shot_inlane_right_1'}
2026-03-03 12:26:01,811 : INFO : EventManager : Event: ======'player_score'====== Args={'value': 15170, 'prev_value': 15160, 'change': 10, 'player_num': 1, 'source': 'bumpers'}
2026-03-03 12:26:01,813 : INFO : EventManager : Event: ======'playfield_active'====== Args={'source': None}
2026-03-03 12:26:01,842 : INFO : SwitchController : <<<<<<< 's_flipper_left' inactive >>>>>>>
2026-03-03 12:26:01,912 : INFO : SwitchController : <<<<<<< 's_flipper_right_upper' active >>>>>>>
2026-03-03 12:26:01,913 : INFO : EventManager : Event: ======'machine_var_audits_switches_s_flipper_right_upper'====== Args={'value': 544, 'prev_value': 543, 'change': 1}
2026-03-03 12:26:01,914 : INFO : SwitchController : <<<<<<< 's_flipper_right_lower' active >>>>>>>
2026-03-03 12:26:01,914 : INFO : EventManager : Event: ======'machine_var_audits_switches_s_flipper_right_lower'====== Args={'value': 835, 'prev_value': 834, 'change': 1}
2026-03-03 12:26:01,927 : INFO : SwitchController : <<<<<<< 's_flipper_left_eos' active >>>>>>>
2026-03-03 12:26:01,927 : INFO : EventManager : Event: ======'machine_var_audits_switches_s_flipper_left_eos'====== Args={'value': 319, 'prev_value': 318, 'change': 1}
2026-03-03 12:26:01,936 : INFO : SwitchController : <<<<<<< 's_flipper_right_upper_eos' active >>>>>>>
2026-03-03 12:26:01,936 : INFO : EventManager : Event: ======'machine_var_audits_switches_s_flipper_right_upper_eos'====== Args={'value': 377, 'prev_value': 376, 'change': 1}
2026-03-03 12:26:01,942 : INFO : SwitchController : <<<<<<< 's_inlane_right_1' inactive >>>>>>>
2026-03-03 12:26:01,944 : INFO : SwitchController : <<<<<<< 's_inlane_right_1' active >>>>>>>
2026-03-03 12:26:01,944 : INFO : EventManager : Event: ======'playfield_active'====== Args={'source': 'shot_inlane_right_1'}
2026-03-03 12:26:01,944 : INFO : EventManager : Event: ======'s_inlane_right_1_active'====== Args={}
2026-03-03 12:26:01,945 : INFO : EventManager : Event: ======'sw_playfield_active'====== Args={}
2026-03-03 12:26:01,945 : INFO : EventManager : Event: ======'machine_var_audits_switches_s_inlane_right_1'====== Args={'value': 1264, 'prev_value': 1263, 'change': 1}
2026-03-03 12:26:01,945 : INFO : EventManager : Event: ======'machine_var_audits_shots_shot_inlane_right_1'====== Args={'value': 932, 'prev_value': 931, 'change': 1}
2026-03-03 12:26:01,946 : INFO : EventManager : Event: ======'shot_inlane_right_1_hit'====== Args={'profile': 'default', 'state': 'lit', 'advancing': False}
2026-03-03 12:26:01,946 : INFO : EventManager : Event: ======'shot_inlane_right_1_default_hit'====== Args={'profile': 'default', 'state': 'lit', 'advancing': False}
2026-03-03 12:26:01,946 : INFO : EventManager : Event: ======'shot_inlane_right_1_default_lit_hit'====== Args={'profile': 'default', 'state': 'lit', 'advancing': False}
2026-03-03 12:26:01,946 : INFO : EventManager : Event: ======'shot_inlane_right_1_lit_hit'====== Args={'profile': 'default', 'state': 'lit', 'advancing': False}
2026-03-03 12:26:01,946 : INFO : EventManager : Event: ======'inlanes_hit'====== Args={'shot': 'shot_inlane_right_1'}
2026-03-03 12:26:01,946 : INFO : EventManager : Event: ======'inlanes_lit_hit'====== Args={'shot': 'shot_inlane_right_1'}
2026-03-03 12:26:01,946 : INFO : EventManager : Event: ======'player_score'====== Args={'value': 15180, 'prev_value': 15170, 'change': 10, 'player_num': 1, 'source': 'bumpers'}
2026-03-03 12:26:01,948 : INFO : EventManager : Event: ======'playfield_active'====== Args={'source': None}
2026-03-03 12:26:01,962 : INFO : SwitchController : <<<<<<< 's_flipper_right_upper' inactive >>>>>>>
2026-03-03 12:26:01,963 : INFO : SwitchController : <<<<<<< 's_flipper_right_lower' inactive >>>>>>>
2026-03-03 12:26:02,063 : INFO : SwitchController : <<<<<<< 's_flipper_right_upper_eos' inactive >>>>>>>
2026-03-03 12:26:02,072 : INFO : SwitchController : <<<<<<< 's_flipper_right_upper' active >>>>>>>
2026-03-03 12:26:02,072 : INFO : EventManager : Event: ======'machine_var_audits_switches_s_flipper_right_upper'====== Args={'value': 545, 'prev_value': 544, 'change': 1}
2026-03-03 12:26:02,073 : INFO : SwitchController : <<<<<<< 's_flipper_right_lower' active >>>>>>>
2026-03-03 12:26:02,073 : INFO : EventManager : Event: ======'machine_var_audits_switches_s_flipper_right_lower'====== Args={'value': 836, 'prev_value': 835, 'change': 1}
2026-03-03 12:26:02,093 : INFO : SwitchController : <<<<<<< 's_flipper_right_upper_eos' active >>>>>>>
2026-03-03 12:26:02,093 : INFO : EventManager : Event: ======'machine_var_audits_switches_s_flipper_right_upper_eos'====== Args={'value': 378, 'prev_value': 377, 'change': 1}
2026-03-03 12:26:02,096 : INFO : SwitchController : <<<<<<< 's_inlane_right_1' inactive >>>>>>>
2026-03-03 12:26:02,108 : INFO : SwitchController : <<<<<<< 's_inlane_right_1' active >>>>>>>
2026-03-03 12:26:02,108 : INFO : EventManager : Event: ======'playfield_active'====== Args={'source': 'shot_inlane_right_1'}
2026-03-03 12:26:02,108 : INFO : EventManager : Event: ======'s_inlane_right_1_active'====== Args={}
2026-03-03 12:26:02,108 : INFO : EventManager : Event: ======'sw_playfield_active'====== Args={}
2026-03-03 12:26:02,108 : INFO : EventManager : Event: ======'machine_var_audits_switches_s_inlane_right_1'====== Args={'value': 1265, 'prev_value': 1264, 'change': 1}
2026-03-03 12:26:02,108 : INFO : EventManager : Event: ======'machine_var_audits_shots_shot_inlane_right_1'====== Args={'value': 933, 'prev_value': 932, 'change': 1}
2026-03-03 12:26:02,109 : INFO : EventManager : Event: ======'shot_inlane_right_1_hit'====== Args={'profile': 'default', 'state': 'lit', 'advancing': False}
2026-03-03 12:26:02,109 : INFO : EventManager : Event: ======'shot_inlane_right_1_default_hit'====== Args={'profile': 'default', 'state': 'lit', 'advancing': False}
2026-03-03 12:26:02,109 : INFO : EventManager : Event: ======'shot_inlane_right_1_default_lit_hit'====== Args={'profile': 'default', 'state': 'lit', 'advancing': False}
2026-03-03 12:26:02,109 : INFO : EventManager : Event: ======'shot_inlane_right_1_lit_hit'====== Args={'profile': 'default', 'state': 'lit', 'advancing': False}
2026-03-03 12:26:02,109 : INFO : EventManager : Event: ======'inlanes_hit'====== Args={'shot': 'shot_inlane_right_1'}
2026-03-03 12:26:02,109 : INFO : EventManager : Event: ======'inlanes_lit_hit'====== Args={'shot': 'shot_inlane_right_1'}
2026-03-03 12:26:02,109 : INFO : EventManager : Event: ======'player_score'====== Args={'value': 15190, 'prev_value': 15180, 'change': 10, 'player_num': 1, 'source': 'bumpers'}
2026-03-03 12:26:02,111 : INFO : EventManager : Event: ======'playfield_active'====== Args={'source': None}
2026-03-03 12:26:02,117 : INFO : SwitchController : <<<<<<< 's_flipper_right_upper' inactive >>>>>>>
2026-03-03 12:26:02,122 : INFO : SwitchController : <<<<<<< 's_flipper_right_lower' inactive >>>>>>>
2026-03-03 12:26:02,216 : INFO : SwitchController : <<<<<<< 's_flipper_right_upper_eos' inactive >>>>>>>
2026-03-03 12:26:02,224 : INFO : SwitchController : <<<<<<< 's_flipper_right_lower' active >>>>>>>
2026-03-03 12:26:02,224 : INFO : EventManager : Event: ======'machine_var_audits_switches_s_flipper_right_lower'====== Args={'value': 837, 'prev_value': 836, 'change': 1}
2026-03-03 12:26:02,225 : INFO : SwitchController : <<<<<<< 's_flipper_right_upper' active >>>>>>>
2026-03-03 12:26:02,225 : INFO : EventManager : Event: ======'machine_var_audits_switches_s_flipper_right_upper'====== Args={'value': 546, 'prev_value': 545, 'change': 1}
2026-03-03 12:26:02,246 : INFO : SwitchController : <<<<<<< 's_flipper_right_upper_eos' active >>>>>>>
2026-03-03 12:26:02,246 : INFO : EventManager : Event: ======'machine_var_audits_switches_s_flipper_right_upper_eos'====== Args={'value': 379, 'prev_value': 378, 'change': 1}
2026-03-03 12:26:02,250 : INFO : SwitchController : <<<<<<< 's_inlane_right_1' inactive >>>>>>>
2026-03-03 12:26:02,260 : INFO : SwitchController : <<<<<<< 's_inlane_right_1' active >>>>>>>
2026-03-03 12:26:02,260 : INFO : EventManager : Event: ======'playfield_active'====== Args={'source': 'shot_inlane_right_1'}
2026-03-03 12:26:02,260 : INFO : EventManager : Event: ======'s_inlane_right_1_active'====== Args={}
2026-03-03 12:26:02,260 : INFO : EventManager : Event: ======'sw_playfield_active'====== Args={}
2026-03-03 12:26:02,260 : INFO : EventManager : Event: ======'machine_var_audits_switches_s_inlane_right_1'====== Args={'value': 1266, 'prev_value': 1265, 'change': 1}
2026-03-03 12:26:02,261 : INFO : EventManager : Event: ======'machine_var_audits_shots_shot_inlane_right_1'====== Args={'value': 934, 'prev_value': 933, 'change': 1}
2026-03-03 12:26:02,261 : INFO : EventManager : Event: ======'shot_inlane_right_1_hit'====== Args={'profile': 'default', 'state': 'lit', 'advancing': False}
2026-03-03 12:26:02,261 : INFO : EventManager : Event: ======'shot_inlane_right_1_default_hit'====== Args={'profile': 'default', 'state': 'lit', 'advancing': False}
2026-03-03 12:26:02,261 : INFO : EventManager : Event: ======'shot_inlane_right_1_default_lit_hit'====== Args={'profile': 'default', 'state': 'lit', 'advancing': False}
2026-03-03 12:26:02,261 : INFO : EventManager : Event: ======'shot_inlane_right_1_lit_hit'====== Args={'profile': 'default', 'state': 'lit', 'advancing': False}
2026-03-03 12:26:02,262 : INFO : EventManager : Event: ======'inlanes_hit'====== Args={'shot': 'shot_inlane_right_1'}
2026-03-03 12:26:02,262 : INFO : EventManager : Event: ======'inlanes_lit_hit'====== Args={'shot': 'shot_inlane_right_1'}
2026-03-03 12:26:02,262 : INFO : EventManager : Event: ======'player_score'====== Args={'value': 15200, 'prev_value': 15190, 'change': 10, 'player_num': 1, 'source': 'bumpers'}
2026-03-03 12:26:02,264 : INFO : EventManager : Event: ======'playfield_active'====== Args={'source': None}
2026-03-03 12:26:02,270 : INFO : SwitchController : <<<<<<< 's_flipper_right_upper' inactive >>>>>>>
2026-03-03 12:26:02,273 : INFO : SwitchController : <<<<<<< 's_flipper_right_lower' inactive >>>>>>>
2026-03-03 12:26:02,371 : INFO : SwitchController : <<<<<<< 's_flipper_right_upper_eos' inactive >>>>>>>
2026-03-03 12:26:02,387 : INFO : SwitchController : <<<<<<< 's_flipper_right_upper' active >>>>>>>
2026-03-03 12:26:02,387 : INFO : EventManager : Event: ======'machine_var_audits_switches_s_flipper_right_upper'====== Args={'value': 547, 'prev_value': 546, 'change': 1}
2026-03-03 12:26:02,388 : INFO : SwitchController : <<<<<<< 's_flipper_right_lower' active >>>>>>>
2026-03-03 12:26:02,388 : INFO : EventManager : Event: ======'machine_var_audits_switches_s_flipper_right_lower'====== Args={'value': 838, 'prev_value': 837, 'change': 1}
2026-03-03 12:26:02,410 : INFO : SwitchController : <<<<<<< 's_flipper_right_upper_eos' active >>>>>>>
2026-03-03 12:26:02,411 : INFO : EventManager : Event: ======'machine_var_audits_switches_s_flipper_right_upper_eos'====== Args={'value': 380, 'prev_value': 379, 'change': 1}
2026-03-03 12:26:02,414 : INFO : SwitchController : <<<<<<< 's_inlane_right_1' inactive >>>>>>>
2026-03-03 12:26:02,425 : INFO : SwitchController : <<<<<<< 's_inlane_right_1' active >>>>>>>
2026-03-03 12:26:02,425 : INFO : EventManager : Event: ======'playfield_active'====== Args={'source': 'shot_inlane_right_1'}
2026-03-03 12:26:02,425 : INFO : EventManager : Event: ======'s_inlane_right_1_active'====== Args={}
2026-03-03 12:26:02,425 : INFO : EventManager : Event: ======'sw_playfield_active'====== Args={}
2026-03-03 12:26:02,425 : INFO : EventManager : Event: ======'machine_var_audits_switches_s_inlane_right_1'====== Args={'value': 1267, 'prev_value': 1266, 'change': 1}
2026-03-03 12:26:02,426 : INFO : EventManager : Event: ======'machine_var_audits_shots_shot_inlane_right_1'====== Args={'value': 935, 'prev_value': 934, 'change': 1}
2026-03-03 12:26:02,426 : INFO : EventManager : Event: ======'shot_inlane_right_1_hit'====== Args={'profile': 'default', 'state': 'lit', 'advancing': False}
2026-03-03 12:26:02,426 : INFO : EventManager : Event: ======'shot_inlane_right_1_default_hit'====== Args={'profile': 'default', 'state': 'lit', 'advancing': False}
2026-03-03 12:26:02,427 : INFO : EventManager : Event: ======'shot_inlane_right_1_default_lit_hit'====== Args={'profile': 'default', 'state': 'lit', 'advancing': False}
2026-03-03 12:26:02,427 : INFO : EventManager : Event: ======'shot_inlane_right_1_lit_hit'====== Args={'profile': 'default', 'state': 'lit', 'advancing': False}
2026-03-03 12:26:02,427 : INFO : EventManager : Event: ======'inlanes_hit'====== Args={'shot': 'shot_inlane_right_1'}
2026-03-03 12:26:02,427 : INFO : EventManager : Event: ======'inlanes_lit_hit'====== Args={'shot': 'shot_inlane_right_1'}
2026-03-03 12:26:02,427 : INFO : EventManager : Event: ======'player_score'====== Args={'value': 15210, 'prev_value': 15200, 'change': 10, 'player_num': 1, 'source': 'bumpers'}
2026-03-03 12:26:02,429 : INFO : EventManager : Event: ======'playfield_active'====== Args={'source': None}
2026-03-03 12:26:02,450 : INFO : SwitchController : <<<<<<< 's_flipper_right_upper' inactive >>>>>>>
2026-03-03 12:26:02,451 : INFO : SwitchController : <<<<<<< 's_flipper_right_lower' inactive >>>>>>>
2026-03-03 12:26:02,543 : INFO : SwitchController : <<<<<<< 's_flipper_right_upper_eos' inactive >>>>>>>
2026-03-03 12:26:04,579 : INFO : SwitchController : <<<<<<< 's_plunger' inactive >>>>>>>
2026-03-03 12:26:04,579 : INFO : ball_device.bd_plunger : State: ball_left
2026-03-03 12:26:04,580 : INFO : ball_device.bd_plunger : Ball left
2026-03-03 12:26:04,580 : INFO : ball_device.bd_plunger : Wait for confirm with timeout 5.0
2026-03-03 12:26:09,580 : INFO : ball_device.bd_plunger : State: failed_confirm
2026-03-03 12:26:09,580 : INFO : ball_device.bd_plunger : Got timeout (5.0s) before confirm from <playfield.playfield>
2026-03-03 12:26:09,680 : INFO : ball_device.bd_plunger : Confirming eject because target is playfield and ball did not return.
2026-03-03 12:26:09,681 : INFO : ball_device.bd_plunger : Eject successful
2026-03-03 12:26:09,681 : INFO : EventManager : Event: ======'balldevice_bd_plunger_ball_eject_success'====== Args={'balls': 1, 'target': <playfield.playfield>}
2026-03-03 12:26:09,681 : INFO : EventManager : Event: ======'balldevice_playfield_ball_enter'====== Args={'new_balls': 1, 'unclaimed_balls': 1, 'device': <playfield.playfield>}
2026-03-03 12:26:09,681 : INFO : EventManager : Event: ======'playfield_ball_count_change'====== Args={'balls': 1, 'change': 1}
2026-03-03 12:26:09,682 : INFO : EventManager : Event: ======'balldevice_bd_plunger_ball_count_changed'====== Args={'balls': 0}
2026-03-03 12:26:09,682 : INFO : ball_device.bd_plunger : State: idle
2026-03-03 12:26:23,334 : INFO : SwitchController : <<<<<<< 's_flipper_right_upper' active >>>>>>>
2026-03-03 12:26:23,334 : INFO : EventManager : Event: ======'machine_var_audits_switches_s_flipper_right_upper'====== Args={'value': 548, 'prev_value': 547, 'change': 1}
2026-03-03 12:26:23,342 : INFO : SwitchController : <<<<<<< 's_flipper_right_upper' inactive >>>>>>>
2026-03-03 12:26:23,343 : INFO : SwitchController : <<<<<<< 's_flipper_right_upper' active >>>>>>>
2026-03-03 12:26:23,343 : INFO : EventManager : Event: ======'machine_var_audits_switches_s_flipper_right_upper'====== Args={'value': 549, 'prev_value': 548, 'change': 1}
2026-03-03 12:26:23,343 : INFO : SwitchController : <<<<<<< 's_flipper_right_lower' active >>>>>>>
2026-03-03 12:26:23,344 : INFO : EventManager : Event: ======'machine_var_audits_switches_s_flipper_right_lower'====== Args={'value': 839, 'prev_value': 838, 'change': 1}
2026-03-03 12:26:23,422 : INFO : SwitchController : <<<<<<< 's_flipper_right_upper' inactive >>>>>>>
2026-03-03 12:26:23,423 : INFO : SwitchController : <<<<<<< 's_flipper_right_lower' inactive >>>>>>>
2026-03-03 12:26:23,543 : INFO : SwitchController : <<<<<<< 's_flipper_right_lower' active >>>>>>>
2026-03-03 12:26:23,544 : INFO : EventManager : Event: ======'machine_var_audits_switches_s_flipper_right_lower'====== Args={'value': 840, 'prev_value': 839, 'change': 1}
2026-03-03 12:26:23,544 : INFO : SwitchController : <<<<<<< 's_flipper_right_upper' active >>>>>>>
2026-03-03 12:26:23,544 : INFO : EventManager : Event: ======'machine_var_audits_switches_s_flipper_right_upper'====== Args={'value': 550, 'prev_value': 549, 'change': 1}
2026-03-03 12:26:23,547 : INFO : SwitchController : <<<<<<< 's_flipper_right_lower' inactive >>>>>>>
2026-03-03 12:26:23,550 : INFO : SwitchController : <<<<<<< 's_flipper_right_lower' active >>>>>>>
2026-03-03 12:26:23,550 : INFO : EventManager : Event: ======'machine_var_audits_switches_s_flipper_right_lower'====== Args={'value': 841, 'prev_value': 840, 'change': 1}
2026-03-03 12:26:23,610 : INFO : SwitchController : <<<<<<< 's_flipper_right_upper' inactive >>>>>>>
2026-03-03 12:26:23,611 : INFO : SwitchController : <<<<<<< 's_flipper_right_lower' inactive >>>>>>>
2026-03-03 12:26:23,705 : INFO : SwitchController : <<<<<<< 's_flipper_right_lower' active >>>>>>>
2026-03-03 12:26:23,705 : INFO : EventManager : Event: ======'machine_var_audits_switches_s_flipper_right_lower'====== Args={'value': 842, 'prev_value': 841, 'change': 1}
2026-03-03 12:26:23,705 : INFO : SwitchController : <<<<<<< 's_flipper_right_upper' active >>>>>>>
2026-03-03 12:26:23,706 : INFO : EventManager : Event: ======'machine_var_audits_switches_s_flipper_right_upper'====== Args={'value': 551, 'prev_value': 550, 'change': 1}
2026-03-03 12:26:23,882 : INFO : SwitchController : <<<<<<< 's_flipper_right_upper' inactive >>>>>>>
2026-03-03 12:26:23,883 : INFO : SwitchController : <<<<<<< 's_flipper_right_lower' inactive >>>>>>>
2026-03-03 12:26:26,342 : INFO : SwitchController : <<<<<<< 's_flipper_right_upper' active >>>>>>>
2026-03-03 12:26:26,342 : INFO : EventManager : Event: ======'machine_var_audits_switches_s_flipper_right_upper'====== Args={'value': 552, 'prev_value': 551, 'change': 1}
2026-03-03 12:26:26,343 : INFO : SwitchController : <<<<<<< 's_flipper_right_lower' active >>>>>>>
2026-03-03 12:26:26,343 : INFO : EventManager : Event: ======'machine_var_audits_switches_s_flipper_right_lower'====== Args={'value': 843, 'prev_value': 842, 'change': 1}
2026-03-03 12:26:26,365 : INFO : SwitchController : <<<<<<< 's_flipper_right_upper_eos' active >>>>>>>
2026-03-03 12:26:26,366 : INFO : EventManager : Event: ======'machine_var_audits_switches_s_flipper_right_upper_eos'====== Args={'value': 381, 'prev_value': 380, 'change': 1}
2026-03-03 12:26:26,367 : INFO : SwitchController : <<<<<<< 's_inlane_right_1' inactive >>>>>>>
2026-03-03 12:26:26,374 : INFO : SwitchController : <<<<<<< 's_inlane_right_1' active >>>>>>>
2026-03-03 12:26:26,374 : INFO : EventManager : Event: ======'s_inlane_right_1_active'====== Args={}
2026-03-03 12:26:26,374 : INFO : EventManager : Event: ======'sw_playfield_active'====== Args={}
2026-03-03 12:26:26,374 : INFO : EventManager : Event: ======'machine_var_audits_switches_s_inlane_right_1'====== Args={'value': 1268, 'prev_value': 1267, 'change': 1}
2026-03-03 12:26:26,375 : INFO : EventManager : Event: ======'machine_var_audits_shots_shot_inlane_right_1'====== Args={'value': 936, 'prev_value': 935, 'change': 1}
2026-03-03 12:26:26,375 : INFO : EventManager : Event: ======'shot_inlane_right_1_hit'====== Args={'profile': 'default', 'state': 'lit', 'advancing': False}
2026-03-03 12:26:26,375 : INFO : EventManager : Event: ======'shot_inlane_right_1_default_hit'====== Args={'profile': 'default', 'state': 'lit', 'advancing': False}
2026-03-03 12:26:26,375 : INFO : EventManager : Event: ======'shot_inlane_right_1_default_lit_hit'====== Args={'profile': 'default', 'state': 'lit', 'advancing': False}
2026-03-03 12:26:26,375 : INFO : EventManager : Event: ======'shot_inlane_right_1_lit_hit'====== Args={'profile': 'default', 'state': 'lit', 'advancing': False}
2026-03-03 12:26:26,375 : INFO : EventManager : Event: ======'inlanes_hit'====== Args={'shot': 'shot_inlane_right_1'}
2026-03-03 12:26:26,376 : INFO : EventManager : Event: ======'inlanes_lit_hit'====== Args={'shot': 'shot_inlane_right_1'}
2026-03-03 12:26:26,376 : INFO : EventManager : Event: ======'player_score'====== Args={'value': 15220, 'prev_value': 15210, 'change': 10, 'player_num': 1, 'source': 'bumpers'}
2026-03-03 12:26:26,456 : INFO : SwitchController : <<<<<<< 's_flipper_right_upper' inactive >>>>>>>
2026-03-03 12:26:26,457 : INFO : SwitchController : <<<<<<< 's_flipper_right_lower' inactive >>>>>>>
2026-03-03 12:26:26,562 : INFO : SwitchController : <<<<<<< 's_flipper_right_upper_eos' inactive >>>>>>>
2026-03-03 12:26:26,716 : INFO : SwitchController : <<<<<<< 's_flipper_right_lower' active >>>>>>>
2026-03-03 12:26:26,717 : INFO : EventManager : Event: ======'machine_var_audits_switches_s_flipper_right_lower'====== Args={'value': 844, 'prev_value': 843, 'change': 1}
2026-03-03 12:26:26,717 : INFO : SwitchController : <<<<<<< 's_flipper_right_upper' active >>>>>>>
2026-03-03 12:26:26,717 : INFO : EventManager : Event: ======'machine_var_audits_switches_s_flipper_right_upper'====== Args={'value': 553, 'prev_value': 552, 'change': 1}
2026-03-03 12:26:26,740 : INFO : SwitchController : <<<<<<< 's_flipper_right_upper_eos' active >>>>>>>
2026-03-03 12:26:26,740 : INFO : EventManager : Event: ======'machine_var_audits_switches_s_flipper_right_upper_eos'====== Args={'value': 382, 'prev_value': 381, 'change': 1}
2026-03-03 12:26:26,743 : INFO : SwitchController : <<<<<<< 's_inlane_right_1' inactive >>>>>>>
2026-03-03 12:26:26,755 : INFO : SwitchController : <<<<<<< 's_inlane_right_1' active >>>>>>>
2026-03-03 12:26:26,755 : INFO : EventManager : Event: ======'s_inlane_right_1_active'====== Args={}
2026-03-03 12:26:26,755 : INFO : EventManager : Event: ======'sw_playfield_active'====== Args={}
2026-03-03 12:26:26,755 : INFO : EventManager : Event: ======'machine_var_audits_switches_s_inlane_right_1'====== Args={'value': 1269, 'prev_value': 1268, 'change': 1}
2026-03-03 12:26:26,756 : INFO : EventManager : Event: ======'machine_var_audits_shots_shot_inlane_right_1'====== Args={'value': 937, 'prev_value': 936, 'change': 1}
2026-03-03 12:26:26,756 : INFO : EventManager : Event: ======'shot_inlane_right_1_hit'====== Args={'profile': 'default', 'state': 'lit', 'advancing': False}
2026-03-03 12:26:26,756 : INFO : EventManager : Event: ======'shot_inlane_right_1_default_hit'====== Args={'profile': 'default', 'state': 'lit', 'advancing': False}
2026-03-03 12:26:26,756 : INFO : EventManager : Event: ======'shot_inlane_right_1_default_lit_hit'====== Args={'profile': 'default', 'state': 'lit', 'advancing': False}
2026-03-03 12:26:26,756 : INFO : EventManager : Event: ======'shot_inlane_right_1_lit_hit'====== Args={'profile': 'default', 'state': 'lit', 'advancing': False}
2026-03-03 12:26:26,756 : INFO : EventManager : Event: ======'inlanes_hit'====== Args={'shot': 'shot_inlane_right_1'}
2026-03-03 12:26:26,756 : INFO : EventManager : Event: ======'inlanes_lit_hit'====== Args={'shot': 'shot_inlane_right_1'}
2026-03-03 12:26:26,756 : INFO : EventManager : Event: ======'player_score'====== Args={'value': 15230, 'prev_value': 15220, 'change': 10, 'player_num': 1, 'source': 'bumpers'}
2026-03-03 12:26:26,881 : INFO : SwitchController : <<<<<<< 's_flipper_right_upper' inactive >>>>>>>
2026-03-03 12:26:26,883 : INFO : SwitchController : <<<<<<< 's_flipper_right_lower' inactive >>>>>>>
2026-03-03 12:26:26,986 : INFO : SwitchController : <<<<<<< 's_flipper_right_upper_eos' inactive >>>>>>>
2026-03-03 12:26:27,095 : INFO : SwitchController : <<<<<<< 's_flipper_right_lower' active >>>>>>>
2026-03-03 12:26:27,095 : INFO : EventManager : Event: ======'machine_var_audits_switches_s_flipper_right_lower'====== Args={'value': 845, 'prev_value': 844, 'change': 1}
2026-03-03 12:26:27,097 : INFO : SwitchController : <<<<<<< 's_flipper_right_upper' active >>>>>>>
2026-03-03 12:26:27,097 : INFO : EventManager : Event: ======'machine_var_audits_switches_s_flipper_right_upper'====== Args={'value': 554, 'prev_value': 553, 'change': 1}
2026-03-03 12:26:27,121 : INFO : SwitchController : <<<<<<< 's_flipper_right_upper_eos' active >>>>>>>
2026-03-03 12:26:27,121 : INFO : EventManager : Event: ======'machine_var_audits_switches_s_flipper_right_upper_eos'====== Args={'value': 383, 'prev_value': 382, 'change': 1}
2026-03-03 12:26:27,334 : INFO : SwitchController : <<<<<<< 's_flipper_right_upper' inactive >>>>>>>
2026-03-03 12:26:27,335 : INFO : SwitchController : <<<<<<< 's_flipper_right_lower' inactive >>>>>>>
2026-03-03 12:26:27,438 : INFO : SwitchController : <<<<<<< 's_flipper_right_upper_eos' inactive >>>>>>>
2026-03-03 12:26:27,725 : INFO : SwitchController : <<<<<<< 's_flipper_right_lower' active >>>>>>>
2026-03-03 12:26:27,726 : INFO : EventManager : Event: ======'machine_var_audits_switches_s_flipper_right_lower'====== Args={'value': 846, 'prev_value': 845, 'change': 1}
2026-03-03 12:26:27,726 : INFO : SwitchController : <<<<<<< 's_flipper_right_upper' active >>>>>>>
2026-03-03 12:26:27,726 : INFO : EventManager : Event: ======'machine_var_audits_switches_s_flipper_right_upper'====== Args={'value': 555, 'prev_value': 554, 'change': 1}
2026-03-03 12:26:27,750 : INFO : SwitchController : <<<<<<< 's_flipper_right_upper_eos' active >>>>>>>
2026-03-03 12:26:27,750 : INFO : EventManager : Event: ======'machine_var_audits_switches_s_flipper_right_upper_eos'====== Args={'value': 384, 'prev_value': 383, 'change': 1}
2026-03-03 12:26:27,755 : INFO : SwitchController : <<<<<<< 's_inlane_right_1' inactive >>>>>>>
2026-03-03 12:26:27,759 : INFO : SwitchController : <<<<<<< 's_inlane_right_1' active >>>>>>>
2026-03-03 12:26:27,759 : INFO : EventManager : Event: ======'s_inlane_right_1_active'====== Args={}
2026-03-03 12:26:27,759 : INFO : EventManager : Event: ======'sw_playfield_active'====== Args={}
2026-03-03 12:26:27,759 : INFO : EventManager : Event: ======'machine_var_audits_switches_s_inlane_right_1'====== Args={'value': 1270, 'prev_value': 1269, 'change': 1}
2026-03-03 12:26:27,760 : INFO : EventManager : Event: ======'machine_var_audits_shots_shot_inlane_right_1'====== Args={'value': 938, 'prev_value': 937, 'change': 1}
2026-03-03 12:26:27,760 : INFO : EventManager : Event: ======'shot_inlane_right_1_hit'====== Args={'profile': 'default', 'state': 'lit', 'advancing': False}
2026-03-03 12:26:27,760 : INFO : EventManager : Event: ======'shot_inlane_right_1_default_hit'====== Args={'profile': 'default', 'state': 'lit', 'advancing': False}
2026-03-03 12:26:27,760 : INFO : EventManager : Event: ======'shot_inlane_right_1_default_lit_hit'====== Args={'profile': 'default', 'state': 'lit', 'advancing': False}
2026-03-03 12:26:27,761 : INFO : EventManager : Event: ======'shot_inlane_right_1_lit_hit'====== Args={'profile': 'default', 'state': 'lit', 'advancing': False}
2026-03-03 12:26:27,761 : INFO : EventManager : Event: ======'inlanes_hit'====== Args={'shot': 'shot_inlane_right_1'}
2026-03-03 12:26:27,761 : INFO : EventManager : Event: ======'inlanes_lit_hit'====== Args={'shot': 'shot_inlane_right_1'}
2026-03-03 12:26:27,761 : INFO : EventManager : Event: ======'player_score'====== Args={'value': 15240, 'prev_value': 15230, 'change': 10, 'player_num': 1, 'source': 'bumpers'}
2026-03-03 12:26:27,904 : INFO : SwitchController : <<<<<<< 's_flipper_right_lower' inactive >>>>>>>
2026-03-03 12:26:27,904 : INFO : SwitchController : <<<<<<< 's_flipper_right_upper' inactive >>>>>>>
2026-03-03 12:26:28,009 : INFO : SwitchController : <<<<<<< 's_flipper_right_upper_eos' inactive >>>>>>>
2026-03-03 12:26:28,232 : INFO : SwitchController : <<<<<<< 's_flipper_right_upper' active >>>>>>>
2026-03-03 12:26:28,232 : INFO : EventManager : Event: ======'machine_var_audits_switches_s_flipper_right_upper'====== Args={'value': 556, 'prev_value': 555, 'change': 1}
2026-03-03 12:26:28,233 : INFO : SwitchController : <<<<<<< 's_flipper_right_lower' active >>>>>>>
2026-03-03 12:26:28,233 : INFO : EventManager : Event: ======'machine_var_audits_switches_s_flipper_right_lower'====== Args={'value': 847, 'prev_value': 846, 'change': 1}
2026-03-03 12:26:28,256 : INFO : SwitchController : <<<<<<< 's_flipper_right_upper_eos' active >>>>>>>
2026-03-03 12:26:28,256 : INFO : EventManager : Event: ======'machine_var_audits_switches_s_flipper_right_upper_eos'====== Args={'value': 385, 'prev_value': 384, 'change': 1}
2026-03-03 12:26:28,258 : INFO : SwitchController : <<<<<<< 's_inlane_right_1' inactive >>>>>>>
2026-03-03 12:26:28,265 : INFO : SwitchController : <<<<<<< 's_inlane_right_1' active >>>>>>>
2026-03-03 12:26:28,265 : INFO : EventManager : Event: ======'s_inlane_right_1_active'====== Args={}
2026-03-03 12:26:28,265 : INFO : EventManager : Event: ======'sw_playfield_active'====== Args={}
2026-03-03 12:26:28,266 : INFO : EventManager : Event: ======'machine_var_audits_switches_s_inlane_right_1'====== Args={'value': 1271, 'prev_value': 1270, 'change': 1}
2026-03-03 12:26:28,266 : INFO : EventManager : Event: ======'machine_var_audits_shots_shot_inlane_right_1'====== Args={'value': 939, 'prev_value': 938, 'change': 1}
2026-03-03 12:26:28,266 : INFO : EventManager : Event: ======'shot_inlane_right_1_hit'====== Args={'profile': 'default', 'state': 'lit', 'advancing': False}
2026-03-03 12:26:28,266 : INFO : EventManager : Event: ======'shot_inlane_right_1_default_hit'====== Args={'profile': 'default', 'state': 'lit', 'advancing': False}
2026-03-03 12:26:28,266 : INFO : EventManager : Event: ======'shot_inlane_right_1_default_lit_hit'====== Args={'profile': 'default', 'state': 'lit', 'advancing': False}
2026-03-03 12:26:28,266 : INFO : EventManager : Event: ======'shot_inlane_right_1_lit_hit'====== Args={'profile': 'default', 'state': 'lit', 'advancing': False}
2026-03-03 12:26:28,267 : INFO : EventManager : Event: ======'inlanes_hit'====== Args={'shot': 'shot_inlane_right_1'}
2026-03-03 12:26:28,267 : INFO : EventManager : Event: ======'inlanes_lit_hit'====== Args={'shot': 'shot_inlane_right_1'}
2026-03-03 12:26:28,267 : INFO : EventManager : Event: ======'player_score'====== Args={'value': 15250, 'prev_value': 15240, 'change': 10, 'player_num': 1, 'source': 'bumpers'}
2026-03-03 12:26:29,221 : INFO : SwitchController : <<<<<<< 's_flipper_right_lower' inactive >>>>>>>
2026-03-03 12:26:29,221 : INFO : SwitchController : <<<<<<< 's_flipper_right_upper' inactive >>>>>>>
2026-03-03 12:26:29,327 : INFO : SwitchController : <<<<<<< 's_flipper_right_upper_eos' inactive >>>>>>>
2026-03-03 12:26:29,404 : INFO : SwitchController : <<<<<<< 's_flipper_right_upper' active >>>>>>>
2026-03-03 12:26:29,404 : INFO : EventManager : Event: ======'machine_var_audits_switches_s_flipper_right_upper'====== Args={'value': 557, 'prev_value': 556, 'change': 1}
2026-03-03 12:26:29,413 : INFO : SwitchController : <<<<<<< 's_flipper_right_lower' active >>>>>>>
2026-03-03 12:26:29,413 : INFO : EventManager : Event: ======'machine_var_audits_switches_s_flipper_right_lower'====== Args={'value': 848, 'prev_value': 847, 'change': 1}
2026-03-03 12:26:29,427 : INFO : SwitchController : <<<<<<< 's_flipper_right_upper_eos' active >>>>>>>
2026-03-03 12:26:29,428 : INFO : EventManager : Event: ======'machine_var_audits_switches_s_flipper_right_upper_eos'====== Args={'value': 386, 'prev_value': 385, 'change': 1}
2026-03-03 12:26:29,429 : INFO : SwitchController : <<<<<<< 's_inlane_right_1' inactive >>>>>>>
2026-03-03 12:26:29,441 : INFO : SwitchController : <<<<<<< 's_inlane_right_1' active >>>>>>>
2026-03-03 12:26:29,441 : INFO : EventManager : Event: ======'s_inlane_right_1_active'====== Args={}
2026-03-03 12:26:29,441 : INFO : EventManager : Event: ======'sw_playfield_active'====== Args={}
2026-03-03 12:26:29,441 : INFO : EventManager : Event: ======'machine_var_audits_switches_s_inlane_right_1'====== Args={'value': 1272, 'prev_value': 1271, 'change': 1}
2026-03-03 12:26:29,442 : INFO : EventManager : Event: ======'machine_var_audits_shots_shot_inlane_right_1'====== Args={'value': 940, 'prev_value': 939, 'change': 1}
2026-03-03 12:26:29,442 : INFO : EventManager : Event: ======'shot_inlane_right_1_hit'====== Args={'profile': 'default', 'state': 'lit', 'advancing': False}
2026-03-03 12:26:29,442 : INFO : EventManager : Event: ======'shot_inlane_right_1_default_hit'====== Args={'profile': 'default', 'state': 'lit', 'advancing': False}
2026-03-03 12:26:29,442 : INFO : EventManager : Event: ======'shot_inlane_right_1_default_lit_hit'====== Args={'profile': 'default', 'state': 'lit', 'advancing': False}
2026-03-03 12:26:29,442 : INFO : EventManager : Event: ======'shot_inlane_right_1_lit_hit'====== Args={'profile': 'default', 'state': 'lit', 'advancing': False}
2026-03-03 12:26:29,443 : INFO : EventManager : Event: ======'inlanes_hit'====== Args={'shot': 'shot_inlane_right_1'}
2026-03-03 12:26:29,443 : INFO : EventManager : Event: ======'inlanes_lit_hit'====== Args={'shot': 'shot_inlane_right_1'}
2026-03-03 12:26:29,443 : INFO : EventManager : Event: ======'player_score'====== Args={'value': 15260, 'prev_value': 15250, 'change': 10, 'player_num': 1, 'source': 'bumpers'}
2026-03-03 12:26:29,542 : INFO : SwitchController : <<<<<<< 's_flipper_right_lower' inactive >>>>>>>
2026-03-03 12:26:29,542 : INFO : SwitchController : <<<<<<< 's_flipper_right_upper' inactive >>>>>>>
2026-03-03 12:26:29,648 : INFO : SwitchController : <<<<<<< 's_flipper_right_upper_eos' inactive >>>>>>>
2026-03-03 12:26:30,333 : INFO : SwitchController : <<<<<<< 's_flipper_left' active >>>>>>>
2026-03-03 12:26:30,334 : INFO : EventManager : Event: ======'machine_var_audits_switches_s_flipper_left'====== Args={'value': 348, 'prev_value': 347, 'change': 1}
2026-03-03 12:26:30,356 : INFO : SwitchController : <<<<<<< 's_flipper_left_eos' inactive >>>>>>>
2026-03-03 12:26:30,358 : INFO : SwitchController : <<<<<<< 's_inlane_right_1' inactive >>>>>>>
2026-03-03 12:26:30,372 : INFO : SwitchController : <<<<<<< 's_inlane_right_1' active >>>>>>>
2026-03-03 12:26:30,372 : INFO : EventManager : Event: ======'s_inlane_right_1_active'====== Args={}
2026-03-03 12:26:30,372 : INFO : EventManager : Event: ======'sw_playfield_active'====== Args={}
2026-03-03 12:26:30,373 : INFO : EventManager : Event: ======'machine_var_audits_switches_s_inlane_right_1'====== Args={'value': 1273, 'prev_value': 1272, 'change': 1}
2026-03-03 12:26:30,373 : INFO : EventManager : Event: ======'machine_var_audits_shots_shot_inlane_right_1'====== Args={'value': 941, 'prev_value': 940, 'change': 1}
2026-03-03 12:26:30,373 : INFO : EventManager : Event: ======'shot_inlane_right_1_hit'====== Args={'profile': 'default', 'state': 'lit', 'advancing': False}
2026-03-03 12:26:30,374 : INFO : EventManager : Event: ======'shot_inlane_right_1_default_hit'====== Args={'profile': 'default', 'state': 'lit', 'advancing': False}
2026-03-03 12:26:30,374 : INFO : EventManager : Event: ======'shot_inlane_right_1_default_lit_hit'====== Args={'profile': 'default', 'state': 'lit', 'advancing': False}
2026-03-03 12:26:30,374 : INFO : EventManager : Event: ======'shot_inlane_right_1_lit_hit'====== Args={'profile': 'default', 'state': 'lit', 'advancing': False}
2026-03-03 12:26:30,374 : INFO : EventManager : Event: ======'inlanes_hit'====== Args={'shot': 'shot_inlane_right_1'}
2026-03-03 12:26:30,374 : INFO : EventManager : Event: ======'inlanes_lit_hit'====== Args={'shot': 'shot_inlane_right_1'}
2026-03-03 12:26:30,374 : INFO : EventManager : Event: ======'player_score'====== Args={'value': 15270, 'prev_value': 15260, 'change': 10, 'player_num': 1, 'source': 'bumpers'}
2026-03-03 12:26:30,557 : INFO : SwitchController : <<<<<<< 's_flipper_left' inactive >>>>>>>
2026-03-03 12:26:30,646 : INFO : SwitchController : <<<<<<< 's_flipper_left_eos' active >>>>>>>
2026-03-03 12:26:30,646 : INFO : EventManager : Event: ======'machine_var_audits_switches_s_flipper_left_eos'====== Args={'value': 320, 'prev_value': 319, 'change': 1}
2026-03-03 12:26:30,744 : INFO : SwitchController : <<<<<<< 's_flipper_left' active >>>>>>>
2026-03-03 12:26:30,744 : INFO : EventManager : Event: ======'machine_var_audits_switches_s_flipper_left'====== Args={'value': 349, 'prev_value': 348, 'change': 1}
2026-03-03 12:26:30,765 : INFO : SwitchController : <<<<<<< 's_flipper_left_eos' inactive >>>>>>>
2026-03-03 12:26:30,767 : INFO : SwitchController : <<<<<<< 's_inlane_right_1' inactive >>>>>>>
2026-03-03 12:26:30,779 : INFO : SwitchController : <<<<<<< 's_inlane_right_1' active >>>>>>>
2026-03-03 12:26:30,779 : INFO : EventManager : Event: ======'s_inlane_right_1_active'====== Args={}
2026-03-03 12:26:30,779 : INFO : EventManager : Event: ======'sw_playfield_active'====== Args={}
2026-03-03 12:26:30,779 : INFO : EventManager : Event: ======'machine_var_audits_switches_s_inlane_right_1'====== Args={'value': 1274, 'prev_value': 1273, 'change': 1}
2026-03-03 12:26:30,780 : INFO : EventManager : Event: ======'machine_var_audits_shots_shot_inlane_right_1'====== Args={'value': 942, 'prev_value': 941, 'change': 1}
2026-03-03 12:26:30,780 : INFO : EventManager : Event: ======'shot_inlane_right_1_hit'====== Args={'profile': 'default', 'state': 'lit', 'advancing': False}
2026-03-03 12:26:30,780 : INFO : EventManager : Event: ======'shot_inlane_right_1_default_hit'====== Args={'profile': 'default', 'state': 'lit', 'advancing': False}
2026-03-03 12:26:30,780 : INFO : EventManager : Event: ======'shot_inlane_right_1_default_lit_hit'====== Args={'profile': 'default', 'state': 'lit', 'advancing': False}
2026-03-03 12:26:30,781 : INFO : EventManager : Event: ======'shot_inlane_right_1_lit_hit'====== Args={'profile': 'default', 'state': 'lit', 'advancing': False}
2026-03-03 12:26:30,781 : INFO : EventManager : Event: ======'inlanes_hit'====== Args={'shot': 'shot_inlane_right_1'}
2026-03-03 12:26:30,781 : INFO : EventManager : Event: ======'inlanes_lit_hit'====== Args={'shot': 'shot_inlane_right_1'}
2026-03-03 12:26:30,781 : INFO : EventManager : Event: ======'player_score'====== Args={'value': 15280, 'prev_value': 15270, 'change': 10, 'player_num': 1, 'source': 'bumpers'}
2026-03-03 12:26:30,863 : INFO : SwitchController : <<<<<<< 's_flipper_left' inactive >>>>>>>
2026-03-03 12:26:30,952 : INFO : SwitchController : <<<<<<< 's_flipper_left_eos' active >>>>>>>
2026-03-03 12:26:30,952 : INFO : EventManager : Event: ======'machine_var_audits_switches_s_flipper_left_eos'====== Args={'value': 321, 'prev_value': 320, 'change': 1}
2026-03-03 12:26:31,068 : INFO : SwitchController : <<<<<<< 's_flipper_right_upper' active >>>>>>>
2026-03-03 12:26:31,068 : INFO : EventManager : Event: ======'machine_var_audits_switches_s_flipper_right_upper'====== Args={'value': 558, 'prev_value': 557, 'change': 1}
2026-03-03 12:26:31,069 : INFO : SwitchController : <<<<<<< 's_flipper_right_lower' active >>>>>>>
2026-03-03 12:26:31,069 : INFO : EventManager : Event: ======'machine_var_audits_switches_s_flipper_right_lower'====== Args={'value': 849, 'prev_value': 848, 'change': 1}
2026-03-03 12:26:31,092 : INFO : SwitchController : <<<<<<< 's_flipper_right_upper_eos' active >>>>>>>
2026-03-03 12:26:31,092 : INFO : EventManager : Event: ======'machine_var_audits_switches_s_flipper_right_upper_eos'====== Args={'value': 387, 'prev_value': 386, 'change': 1}
2026-03-03 12:26:31,096 : INFO : SwitchController : <<<<<<< 's_inlane_right_1' inactive >>>>>>>
2026-03-03 12:26:31,100 : INFO : SwitchController : <<<<<<< 's_inlane_right_1' active >>>>>>>
2026-03-03 12:26:31,100 : INFO : EventManager : Event: ======'s_inlane_right_1_active'====== Args={}
2026-03-03 12:26:31,100 : INFO : EventManager : Event: ======'sw_playfield_active'====== Args={}
2026-03-03 12:26:31,100 : INFO : EventManager : Event: ======'machine_var_audits_switches_s_inlane_right_1'====== Args={'value': 1275, 'prev_value': 1274, 'change': 1}
2026-03-03 12:26:31,101 : INFO : EventManager : Event: ======'machine_var_audits_shots_shot_inlane_right_1'====== Args={'value': 943, 'prev_value': 942, 'change': 1}
2026-03-03 12:26:31,102 : INFO : EventManager : Event: ======'shot_inlane_right_1_hit'====== Args={'profile': 'default', 'state': 'lit', 'advancing': False}
2026-03-03 12:26:31,102 : INFO : EventManager : Event: ======'shot_inlane_right_1_default_hit'====== Args={'profile': 'default', 'state': 'lit', 'advancing': False}
2026-03-03 12:26:31,102 : INFO : EventManager : Event: ======'shot_inlane_right_1_default_lit_hit'====== Args={'profile': 'default', 'state': 'lit', 'advancing': False}
2026-03-03 12:26:31,102 : INFO : EventManager : Event: ======'shot_inlane_right_1_lit_hit'====== Args={'profile': 'default', 'state': 'lit', 'advancing': False}
2026-03-03 12:26:31,102 : INFO : EventManager : Event: ======'inlanes_hit'====== Args={'shot': 'shot_inlane_right_1'}
2026-03-03 12:26:31,102 : INFO : EventManager : Event: ======'inlanes_lit_hit'====== Args={'shot': 'shot_inlane_right_1'}
2026-03-03 12:26:31,102 : INFO : EventManager : Event: ======'player_score'====== Args={'value': 15290, 'prev_value': 15280, 'change': 10, 'player_num': 1, 'source': 'bumpers'}
2026-03-03 12:26:31,210 : INFO : SwitchController : <<<<<<< 's_flipper_right_lower' inactive >>>>>>>
2026-03-03 12:26:31,210 : INFO : SwitchController : <<<<<<< 's_flipper_right_upper' inactive >>>>>>>
2026-03-03 12:26:31,315 : INFO : SwitchController : <<<<<<< 's_flipper_right_upper_eos' inactive >>>>>>>
2026-03-03 12:26:31,349 : INFO : SwitchController : <<<<<<< 's_flipper_right_lower' active >>>>>>>
2026-03-03 12:26:31,349 : INFO : EventManager : Event: ======'machine_var_audits_switches_s_flipper_right_lower'====== Args={'value': 850, 'prev_value': 849, 'change': 1}
2026-03-03 12:26:31,349 : INFO : SwitchController : <<<<<<< 's_flipper_right_upper' active >>>>>>>
2026-03-03 12:26:31,350 : INFO : EventManager : Event: ======'machine_var_audits_switches_s_flipper_right_upper'====== Args={'value': 559, 'prev_value': 558, 'change': 1}
2026-03-03 12:26:31,372 : INFO : SwitchController : <<<<<<< 's_flipper_right_upper_eos' active >>>>>>>
2026-03-03 12:26:31,372 : INFO : EventManager : Event: ======'machine_var_audits_switches_s_flipper_right_upper_eos'====== Args={'value': 388, 'prev_value': 387, 'change': 1}
2026-03-03 12:26:31,374 : INFO : SwitchController : <<<<<<< 's_inlane_right_1' inactive >>>>>>>
2026-03-03 12:26:31,380 : INFO : SwitchController : <<<<<<< 's_inlane_right_1' active >>>>>>>
2026-03-03 12:26:31,380 : INFO : EventManager : Event: ======'s_inlane_right_1_active'====== Args={}
2026-03-03 12:26:31,380 : INFO : EventManager : Event: ======'sw_playfield_active'====== Args={}
2026-03-03 12:26:31,380 : INFO : EventManager : Event: ======'machine_var_audits_switches_s_inlane_right_1'====== Args={'value': 1276, 'prev_value': 1275, 'change': 1}
2026-03-03 12:26:31,381 : INFO : EventManager : Event: ======'machine_var_audits_shots_shot_inlane_right_1'====== Args={'value': 944, 'prev_value': 943, 'change': 1}
2026-03-03 12:26:31,381 : INFO : EventManager : Event: ======'shot_inlane_right_1_hit'====== Args={'profile': 'default', 'state': 'lit', 'advancing': False}
2026-03-03 12:26:31,381 : INFO : EventManager : Event: ======'shot_inlane_right_1_default_hit'====== Args={'profile': 'default', 'state': 'lit', 'advancing': False}
2026-03-03 12:26:31,381 : INFO : EventManager : Event: ======'shot_inlane_right_1_default_lit_hit'====== Args={'profile': 'default', 'state': 'lit', 'advancing': False}
2026-03-03 12:26:31,381 : INFO : EventManager : Event: ======'shot_inlane_right_1_lit_hit'====== Args={'profile': 'default', 'state': 'lit', 'advancing': False}
2026-03-03 12:26:31,381 : INFO : EventManager : Event: ======'inlanes_hit'====== Args={'shot': 'shot_inlane_right_1'}
2026-03-03 12:26:31,381 : INFO : EventManager : Event: ======'inlanes_lit_hit'====== Args={'shot': 'shot_inlane_right_1'}
2026-03-03 12:26:31,381 : INFO : EventManager : Event: ======'player_score'====== Args={'value': 15300, 'prev_value': 15290, 'change': 10, 'player_num': 1, 'source': 'bumpers'}
2026-03-03 12:26:31,460 : INFO : SwitchController : <<<<<<< 's_flipper_right_lower' inactive >>>>>>>
2026-03-03 12:26:31,461 : INFO : SwitchController : <<<<<<< 's_flipper_right_upper' inactive >>>>>>>
2026-03-03 12:26:31,565 : INFO : SwitchController : <<<<<<< 's_flipper_right_upper_eos' inactive >>>>>>>
2026-03-03 12:26:31,593 : INFO : SwitchController : <<<<<<< 's_flipper_right_upper' active >>>>>>>
2026-03-03 12:26:31,594 : INFO : EventManager : Event: ======'machine_var_audits_switches_s_flipper_right_upper'====== Args={'value': 560, 'prev_value': 559, 'change': 1}
2026-03-03 12:26:31,595 : INFO : SwitchController : <<<<<<< 's_flipper_right_lower' active >>>>>>>
2026-03-03 12:26:31,595 : INFO : EventManager : Event: ======'machine_var_audits_switches_s_flipper_right_lower'====== Args={'value': 851, 'prev_value': 850, 'change': 1}
2026-03-03 12:26:31,617 : INFO : SwitchController : <<<<<<< 's_flipper_right_upper_eos' active >>>>>>>
2026-03-03 12:26:31,617 : INFO : EventManager : Event: ======'machine_var_audits_switches_s_flipper_right_upper_eos'====== Args={'value': 389, 'prev_value': 388, 'change': 1}
2026-03-03 12:26:31,689 : INFO : SwitchController : <<<<<<< 's_flipper_right_lower' inactive >>>>>>>
2026-03-03 12:26:31,689 : INFO : SwitchController : <<<<<<< 's_flipper_right_upper' inactive >>>>>>>
2026-03-03 12:26:31,790 : INFO : SwitchController : <<<<<<< 's_flipper_right_upper_eos' inactive >>>>>>>
2026-03-03 12:26:31,819 : INFO : SwitchController : <<<<<<< 's_flipper_right_upper' active >>>>>>>
2026-03-03 12:26:31,819 : INFO : EventManager : Event: ======'machine_var_audits_switches_s_flipper_right_upper'====== Args={'value': 561, 'prev_value': 560, 'change': 1}
2026-03-03 12:26:31,821 : INFO : SwitchController : <<<<<<< 's_flipper_right_lower' active >>>>>>>
2026-03-03 12:26:31,821 : INFO : EventManager : Event: ======'machine_var_audits_switches_s_flipper_right_lower'====== Args={'value': 852, 'prev_value': 851, 'change': 1}
2026-03-03 12:26:31,843 : INFO : SwitchController : <<<<<<< 's_flipper_right_upper_eos' active >>>>>>>
2026-03-03 12:26:31,843 : INFO : EventManager : Event: ======'machine_var_audits_switches_s_flipper_right_upper_eos'====== Args={'value': 390, 'prev_value': 389, 'change': 1}
2026-03-03 12:26:31,844 : INFO : SwitchController : <<<<<<< 's_inlane_right_1' inactive >>>>>>>
2026-03-03 12:26:31,853 : INFO : SwitchController : <<<<<<< 's_inlane_right_1' active >>>>>>>
2026-03-03 12:26:31,853 : INFO : EventManager : Event: ======'s_inlane_right_1_active'====== Args={}
2026-03-03 12:26:31,853 : INFO : EventManager : Event: ======'sw_playfield_active'====== Args={}
2026-03-03 12:26:31,854 : INFO : EventManager : Event: ======'machine_var_audits_switches_s_inlane_right_1'====== Args={'value': 1277, 'prev_value': 1276, 'change': 1}
2026-03-03 12:26:31,854 : INFO : EventManager : Event: ======'machine_var_audits_shots_shot_inlane_right_1'====== Args={'value': 945, 'prev_value': 944, 'change': 1}
2026-03-03 12:26:31,854 : INFO : EventManager : Event: ======'shot_inlane_right_1_hit'====== Args={'profile': 'default', 'state': 'lit', 'advancing': False}
2026-03-03 12:26:31,854 : INFO : EventManager : Event: ======'shot_inlane_right_1_default_hit'====== Args={'profile': 'default', 'state': 'lit', 'advancing': False}
2026-03-03 12:26:31,854 : INFO : EventManager : Event: ======'shot_inlane_right_1_default_lit_hit'====== Args={'profile': 'default', 'state': 'lit', 'advancing': False}
2026-03-03 12:26:31,854 : INFO : EventManager : Event: ======'shot_inlane_right_1_lit_hit'====== Args={'profile': 'default', 'state': 'lit', 'advancing': False}
2026-03-03 12:26:31,855 : INFO : EventManager : Event: ======'inlanes_hit'====== Args={'shot': 'shot_inlane_right_1'}
2026-03-03 12:26:31,855 : INFO : EventManager : Event: ======'inlanes_lit_hit'====== Args={'shot': 'shot_inlane_right_1'}
2026-03-03 12:26:31,855 : INFO : EventManager : Event: ======'player_score'====== Args={'value': 15310, 'prev_value': 15300, 'change': 10, 'player_num': 1, 'source': 'bumpers'}
2026-03-03 12:26:31,942 : INFO : SwitchController : <<<<<<< 's_flipper_right_lower' inactive >>>>>>>
2026-03-03 12:26:31,942 : INFO : SwitchController : <<<<<<< 's_flipper_right_upper' inactive >>>>>>>
2026-03-03 12:26:32,050 : INFO : SwitchController : <<<<<<< 's_flipper_right_upper_eos' inactive >>>>>>>
2026-03-03 12:26:32,075 : INFO : SwitchController : <<<<<<< 's_flipper_right_lower' active >>>>>>>
2026-03-03 12:26:32,075 : INFO : EventManager : Event: ======'machine_var_audits_switches_s_flipper_right_lower'====== Args={'value': 853, 'prev_value': 852, 'change': 1}
2026-03-03 12:26:32,075 : INFO : SwitchController : <<<<<<< 's_flipper_right_upper' active >>>>>>>
2026-03-03 12:26:32,076 : INFO : EventManager : Event: ======'machine_var_audits_switches_s_flipper_right_upper'====== Args={'value': 562, 'prev_value': 561, 'change': 1}
2026-03-03 12:26:32,100 : INFO : SwitchController : <<<<<<< 's_flipper_right_upper_eos' active >>>>>>>
2026-03-03 12:26:32,100 : INFO : EventManager : Event: ======'machine_var_audits_switches_s_flipper_right_upper_eos'====== Args={'value': 391, 'prev_value': 390, 'change': 1}
2026-03-03 12:26:32,102 : INFO : SwitchController : <<<<<<< 's_inlane_right_1' inactive >>>>>>>
2026-03-03 12:26:32,113 : INFO : SwitchController : <<<<<<< 's_inlane_right_1' active >>>>>>>
2026-03-03 12:26:32,114 : INFO : EventManager : Event: ======'s_inlane_right_1_active'====== Args={}
2026-03-03 12:26:32,114 : INFO : EventManager : Event: ======'sw_playfield_active'====== Args={}
2026-03-03 12:26:32,114 : INFO : EventManager : Event: ======'machine_var_audits_switches_s_inlane_right_1'====== Args={'value': 1278, 'prev_value': 1277, 'change': 1}
2026-03-03 12:26:32,114 : INFO : EventManager : Event: ======'machine_var_audits_shots_shot_inlane_right_1'====== Args={'value': 946, 'prev_value': 945, 'change': 1}
2026-03-03 12:26:32,114 : INFO : EventManager : Event: ======'shot_inlane_right_1_hit'====== Args={'profile': 'default', 'state': 'lit', 'advancing': False}
2026-03-03 12:26:32,115 : INFO : EventManager : Event: ======'shot_inlane_right_1_default_hit'====== Args={'profile': 'default', 'state': 'lit', 'advancing': False}
2026-03-03 12:26:32,115 : INFO : EventManager : Event: ======'shot_inlane_right_1_default_lit_hit'====== Args={'profile': 'default', 'state': 'lit', 'advancing': False}
2026-03-03 12:26:32,115 : INFO : EventManager : Event: ======'shot_inlane_right_1_lit_hit'====== Args={'profile': 'default', 'state': 'lit', 'advancing': False}
2026-03-03 12:26:32,115 : INFO : EventManager : Event: ======'inlanes_hit'====== Args={'shot': 'shot_inlane_right_1'}
2026-03-03 12:26:32,115 : INFO : EventManager : Event: ======'inlanes_lit_hit'====== Args={'shot': 'shot_inlane_right_1'}
2026-03-03 12:26:32,115 : INFO : EventManager : Event: ======'player_score'====== Args={'value': 15320, 'prev_value': 15310, 'change': 10, 'player_num': 1, 'source': 'bumpers'}
2026-03-03 12:26:32,210 : INFO : SwitchController : <<<<<<< 's_flipper_right_lower' inactive >>>>>>>
2026-03-03 12:26:32,210 : INFO : SwitchController : <<<<<<< 's_flipper_right_upper' inactive >>>>>>>
2026-03-03 12:26:32,316 : INFO : SwitchController : <<<<<<< 's_flipper_right_upper_eos' inactive >>>>>>>
2026-03-03 12:26:32,426 : INFO : SwitchController : <<<<<<< 's_flipper_right_upper' active >>>>>>>
2026-03-03 12:26:32,426 : INFO : EventManager : Event: ======'machine_var_audits_switches_s_flipper_right_upper'====== Args={'value': 563, 'prev_value': 562, 'change': 1}
2026-03-03 12:26:32,432 : INFO : SwitchController : <<<<<<< 's_flipper_right_lower' active >>>>>>>
2026-03-03 12:26:32,432 : INFO : EventManager : Event: ======'machine_var_audits_switches_s_flipper_right_lower'====== Args={'value': 854, 'prev_value': 853, 'change': 1}
2026-03-03 12:26:32,451 : INFO : SwitchController : <<<<<<< 's_flipper_right_upper_eos' active >>>>>>>
2026-03-03 12:26:32,451 : INFO : EventManager : Event: ======'machine_var_audits_switches_s_flipper_right_upper_eos'====== Args={'value': 392, 'prev_value': 391, 'change': 1}
2026-03-03 12:26:32,451 : INFO : SwitchController : <<<<<<< 's_inlane_right_1' inactive >>>>>>>
2026-03-03 12:26:32,458 : INFO : SwitchController : <<<<<<< 's_inlane_right_1' active >>>>>>>
2026-03-03 12:26:32,459 : INFO : EventManager : Event: ======'s_inlane_right_1_active'====== Args={}
2026-03-03 12:26:32,459 : INFO : EventManager : Event: ======'sw_playfield_active'====== Args={}
2026-03-03 12:26:32,459 : INFO : EventManager : Event: ======'machine_var_audits_switches_s_inlane_right_1'====== Args={'value': 1279, 'prev_value': 1278, 'change': 1}
2026-03-03 12:26:32,459 : INFO : EventManager : Event: ======'machine_var_audits_shots_shot_inlane_right_1'====== Args={'value': 947, 'prev_value': 946, 'change': 1}
2026-03-03 12:26:32,460 : INFO : EventManager : Event: ======'shot_inlane_right_1_hit'====== Args={'profile': 'default', 'state': 'lit', 'advancing': False}
2026-03-03 12:26:32,460 : INFO : EventManager : Event: ======'shot_inlane_right_1_default_hit'====== Args={'profile': 'default', 'state': 'lit', 'advancing': False}
2026-03-03 12:26:32,460 : INFO : EventManager : Event: ======'shot_inlane_right_1_default_lit_hit'====== Args={'profile': 'default', 'state': 'lit', 'advancing': False}
2026-03-03 12:26:32,460 : INFO : EventManager : Event: ======'shot_inlane_right_1_lit_hit'====== Args={'profile': 'default', 'state': 'lit', 'advancing': False}
2026-03-03 12:26:32,460 : INFO : EventManager : Event: ======'inlanes_hit'====== Args={'shot': 'shot_inlane_right_1'}
2026-03-03 12:26:32,460 : INFO : EventManager : Event: ======'inlanes_lit_hit'====== Args={'shot': 'shot_inlane_right_1'}
2026-03-03 12:26:32,460 : INFO : EventManager : Event: ======'player_score'====== Args={'value': 15330, 'prev_value': 15320, 'change': 10, 'player_num': 1, 'source': 'bumpers'}
2026-03-03 12:26:32,569 : INFO : SwitchController : <<<<<<< 's_flipper_right_upper' inactive >>>>>>>
2026-03-03 12:26:32,570 : INFO : SwitchController : <<<<<<< 's_flipper_right_lower' inactive >>>>>>>
2026-03-03 12:26:32,675 : INFO : SwitchController : <<<<<<< 's_flipper_right_upper_eos' inactive >>>>>>>
2026-03-03 12:26:32,850 : INFO : SwitchController : <<<<<<< 's_flipper_right_lower' active >>>>>>>
2026-03-03 12:26:32,850 : INFO : EventManager : Event: ======'machine_var_audits_switches_s_flipper_right_lower'====== Args={'value': 855, 'prev_value': 854, 'change': 1}
2026-03-03 12:26:32,851 : INFO : SwitchController : <<<<<<< 's_flipper_right_upper' active >>>>>>>
2026-03-03 12:26:32,851 : INFO : EventManager : Event: ======'machine_var_audits_switches_s_flipper_right_upper'====== Args={'value': 564, 'prev_value': 563, 'change': 1}
2026-03-03 12:26:32,873 : INFO : SwitchController : <<<<<<< 's_flipper_right_upper_eos' active >>>>>>>
2026-03-03 12:26:32,874 : INFO : EventManager : Event: ======'machine_var_audits_switches_s_flipper_right_upper_eos'====== Args={'value': 393, 'prev_value': 392, 'change': 1}
2026-03-03 12:26:32,876 : INFO : SwitchController : <<<<<<< 's_inlane_right_1' inactive >>>>>>>
2026-03-03 12:26:32,882 : INFO : SwitchController : <<<<<<< 's_inlane_right_1' active >>>>>>>
2026-03-03 12:26:32,882 : INFO : EventManager : Event: ======'s_inlane_right_1_active'====== Args={}
2026-03-03 12:26:32,882 : INFO : EventManager : Event: ======'sw_playfield_active'====== Args={}
2026-03-03 12:26:32,883 : INFO : EventManager : Event: ======'machine_var_audits_switches_s_inlane_right_1'====== Args={'value': 1280, 'prev_value': 1279, 'change': 1}
2026-03-03 12:26:32,883 : INFO : EventManager : Event: ======'machine_var_audits_shots_shot_inlane_right_1'====== Args={'value': 948, 'prev_value': 947, 'change': 1}
2026-03-03 12:26:32,884 : INFO : EventManager : Event: ======'shot_inlane_right_1_hit'====== Args={'profile': 'default', 'state': 'lit', 'advancing': False}
2026-03-03 12:26:32,884 : INFO : EventManager : Event: ======'shot_inlane_right_1_default_hit'====== Args={'profile': 'default', 'state': 'lit', 'advancing': False}
2026-03-03 12:26:32,884 : INFO : EventManager : Event: ======'shot_inlane_right_1_default_lit_hit'====== Args={'profile': 'default', 'state': 'lit', 'advancing': False}
2026-03-03 12:26:32,884 : INFO : EventManager : Event: ======'shot_inlane_right_1_lit_hit'====== Args={'profile': 'default', 'state': 'lit', 'advancing': False}
2026-03-03 12:26:32,884 : INFO : EventManager : Event: ======'inlanes_hit'====== Args={'shot': 'shot_inlane_right_1'}
2026-03-03 12:26:32,884 : INFO : EventManager : Event: ======'inlanes_lit_hit'====== Args={'shot': 'shot_inlane_right_1'}
2026-03-03 12:26:32,884 : INFO : EventManager : Event: ======'player_score'====== Args={'value': 15340, 'prev_value': 15330, 'change': 10, 'player_num': 1, 'source': 'bumpers'}
2026-03-03 12:26:32,987 : INFO : SwitchController : <<<<<<< 's_flipper_right_upper' inactive >>>>>>>
2026-03-03 12:26:32,988 : INFO : SwitchController : <<<<<<< 's_flipper_right_lower' inactive >>>>>>>
2026-03-03 12:26:33,093 : INFO : SwitchController : <<<<<<< 's_flipper_right_upper_eos' inactive >>>>>>>
2026-03-03 12:26:33,939 : INFO : SwitchController : <<<<<<< 's_flipper_right_lower' active >>>>>>>
2026-03-03 12:26:33,939 : INFO : EventManager : Event: ======'machine_var_audits_switches_s_flipper_right_lower'====== Args={'value': 856, 'prev_value': 855, 'change': 1}
2026-03-03 12:26:33,939 : INFO : SwitchController : <<<<<<< 's_flipper_right_upper' active >>>>>>>
2026-03-03 12:26:33,939 : INFO : EventManager : Event: ======'machine_var_audits_switches_s_flipper_right_upper'====== Args={'value': 565, 'prev_value': 564, 'change': 1}
2026-03-03 12:26:33,961 : INFO : SwitchController : <<<<<<< 's_flipper_right_upper_eos' active >>>>>>>
2026-03-03 12:26:33,961 : INFO : EventManager : Event: ======'machine_var_audits_switches_s_flipper_right_upper_eos'====== Args={'value': 394, 'prev_value': 393, 'change': 1}
2026-03-03 12:26:33,965 : INFO : SwitchController : <<<<<<< 's_inlane_right_1' inactive >>>>>>>
2026-03-03 12:26:33,975 : INFO : SwitchController : <<<<<<< 's_inlane_right_1' active >>>>>>>
2026-03-03 12:26:33,976 : INFO : EventManager : Event: ======'s_inlane_right_1_active'====== Args={}
2026-03-03 12:26:33,976 : INFO : EventManager : Event: ======'sw_playfield_active'====== Args={}
2026-03-03 12:26:33,976 : INFO : EventManager : Event: ======'machine_var_audits_switches_s_inlane_right_1'====== Args={'value': 1281, 'prev_value': 1280, 'change': 1}
2026-03-03 12:26:33,976 : INFO : EventManager : Event: ======'machine_var_audits_shots_shot_inlane_right_1'====== Args={'value': 949, 'prev_value': 948, 'change': 1}
2026-03-03 12:26:33,977 : INFO : EventManager : Event: ======'shot_inlane_right_1_hit'====== Args={'profile': 'default', 'state': 'lit', 'advancing': False}
2026-03-03 12:26:33,977 : INFO : EventManager : Event: ======'shot_inlane_right_1_default_hit'====== Args={'profile': 'default', 'state': 'lit', 'advancing': False}
2026-03-03 12:26:33,977 : INFO : EventManager : Event: ======'shot_inlane_right_1_default_lit_hit'====== Args={'profile': 'default', 'state': 'lit', 'advancing': False}
2026-03-03 12:26:33,977 : INFO : EventManager : Event: ======'shot_inlane_right_1_lit_hit'====== Args={'profile': 'default', 'state': 'lit', 'advancing': False}
2026-03-03 12:26:33,977 : INFO : EventManager : Event: ======'inlanes_hit'====== Args={'shot': 'shot_inlane_right_1'}
2026-03-03 12:26:33,977 : INFO : EventManager : Event: ======'inlanes_lit_hit'====== Args={'shot': 'shot_inlane_right_1'}
2026-03-03 12:26:33,977 : INFO : EventManager : Event: ======'player_score'====== Args={'value': 15350, 'prev_value': 15340, 'change': 10, 'player_num': 1, 'source': 'bumpers'}
2026-03-03 12:26:34,061 : INFO : SwitchController : <<<<<<< 's_flipper_right_upper' inactive >>>>>>>
2026-03-03 12:26:34,062 : INFO : SwitchController : <<<<<<< 's_flipper_right_lower' inactive >>>>>>>
2026-03-03 12:26:34,167 : INFO : SwitchController : <<<<<<< 's_flipper_right_upper_eos' inactive >>>>>>>
2026-03-03 12:26:34,639 : INFO : SwitchController : <<<<<<< 's_flipper_right_upper' active >>>>>>>
2026-03-03 12:26:34,639 : INFO : EventManager : Event: ======'machine_var_audits_switches_s_flipper_right_upper'====== Args={'value': 566, 'prev_value': 565, 'change': 1}
2026-03-03 12:26:34,640 : INFO : SwitchController : <<<<<<< 's_flipper_right_lower' active >>>>>>>
2026-03-03 12:26:34,640 : INFO : EventManager : Event: ======'machine_var_audits_switches_s_flipper_right_lower'====== Args={'value': 857, 'prev_value': 856, 'change': 1}
2026-03-03 12:26:34,663 : INFO : SwitchController : <<<<<<< 's_flipper_right_upper_eos' active >>>>>>>
2026-03-03 12:26:34,663 : INFO : EventManager : Event: ======'machine_var_audits_switches_s_flipper_right_upper_eos'====== Args={'value': 395, 'prev_value': 394, 'change': 1}
2026-03-03 12:26:34,665 : INFO : SwitchController : <<<<<<< 's_inlane_right_1' inactive >>>>>>>
2026-03-03 12:26:34,672 : INFO : SwitchController : <<<<<<< 's_inlane_right_1' active >>>>>>>
2026-03-03 12:26:34,672 : INFO : EventManager : Event: ======'s_inlane_right_1_active'====== Args={}
2026-03-03 12:26:34,672 : INFO : EventManager : Event: ======'sw_playfield_active'====== Args={}
2026-03-03 12:26:34,672 : INFO : EventManager : Event: ======'machine_var_audits_switches_s_inlane_right_1'====== Args={'value': 1282, 'prev_value': 1281, 'change': 1}
2026-03-03 12:26:34,672 : INFO : EventManager : Event: ======'machine_var_audits_shots_shot_inlane_right_1'====== Args={'value': 950, 'prev_value': 949, 'change': 1}
2026-03-03 12:26:34,673 : INFO : EventManager : Event: ======'shot_inlane_right_1_hit'====== Args={'profile': 'default', 'state': 'lit', 'advancing': False}
2026-03-03 12:26:34,673 : INFO : EventManager : Event: ======'shot_inlane_right_1_default_hit'====== Args={'profile': 'default', 'state': 'lit', 'advancing': False}
2026-03-03 12:26:34,673 : INFO : EventManager : Event: ======'shot_inlane_right_1_default_lit_hit'====== Args={'profile': 'default', 'state': 'lit', 'advancing': False}
2026-03-03 12:26:34,673 : INFO : EventManager : Event: ======'shot_inlane_right_1_lit_hit'====== Args={'profile': 'default', 'state': 'lit', 'advancing': False}
2026-03-03 12:26:34,673 : INFO : EventManager : Event: ======'inlanes_hit'====== Args={'shot': 'shot_inlane_right_1'}
2026-03-03 12:26:34,673 : INFO : EventManager : Event: ======'inlanes_lit_hit'====== Args={'shot': 'shot_inlane_right_1'}
2026-03-03 12:26:34,673 : INFO : EventManager : Event: ======'player_score'====== Args={'value': 15360, 'prev_value': 15350, 'change': 10, 'player_num': 1, 'source': 'bumpers'}
2026-03-03 12:26:35,312 : INFO : SwitchController : <<<<<<< 's_flipper_right_upper' inactive >>>>>>>
2026-03-03 12:26:35,313 : INFO : SwitchController : <<<<<<< 's_flipper_right_lower' inactive >>>>>>>
2026-03-03 12:26:35,418 : INFO : SwitchController : <<<<<<< 's_flipper_right_upper_eos' inactive >>>>>>>
2026-03-03 12:26:57,324 : INFO : SwitchController : <<<<<<< 's_flipper_right_upper' active >>>>>>>
2026-03-03 12:26:57,324 : INFO : EventManager : Event: ======'machine_var_audits_switches_s_flipper_right_upper'====== Args={'value': 567, 'prev_value': 566, 'change': 1}
2026-03-03 12:26:57,338 : INFO : SwitchController : <<<<<<< 's_flipper_right_lower' active >>>>>>>
2026-03-03 12:26:57,338 : INFO : EventManager : Event: ======'machine_var_audits_switches_s_flipper_right_lower'====== Args={'value': 858, 'prev_value': 857, 'change': 1}
2026-03-03 12:26:57,353 : INFO : SwitchController : <<<<<<< 's_flipper_right_upper_eos' active >>>>>>>
2026-03-03 12:26:57,353 : INFO : EventManager : Event: ======'machine_var_audits_switches_s_flipper_right_upper_eos'====== Args={'value': 396, 'prev_value': 395, 'change': 1}
2026-03-03 12:26:57,354 : INFO : SwitchController : <<<<<<< 's_inlane_right_1' inactive >>>>>>>
2026-03-03 12:26:57,357 : INFO : SwitchController : <<<<<<< 's_inlane_right_1' active >>>>>>>
2026-03-03 12:26:57,358 : INFO : EventManager : Event: ======'s_inlane_right_1_active'====== Args={}
2026-03-03 12:26:57,358 : INFO : EventManager : Event: ======'sw_playfield_active'====== Args={}
2026-03-03 12:26:57,358 : INFO : EventManager : Event: ======'machine_var_audits_switches_s_inlane_right_1'====== Args={'value': 1283, 'prev_value': 1282, 'change': 1}
2026-03-03 12:26:57,358 : INFO : EventManager : Event: ======'machine_var_audits_shots_shot_inlane_right_1'====== Args={'value': 951, 'prev_value': 950, 'change': 1}
2026-03-03 12:26:57,359 : INFO : EventManager : Event: ======'shot_inlane_right_1_hit'====== Args={'profile': 'default', 'state': 'lit', 'advancing': False}
2026-03-03 12:26:57,359 : INFO : EventManager : Event: ======'shot_inlane_right_1_default_hit'====== Args={'profile': 'default', 'state': 'lit', 'advancing': False}
2026-03-03 12:26:57,359 : INFO : EventManager : Event: ======'shot_inlane_right_1_default_lit_hit'====== Args={'profile': 'default', 'state': 'lit', 'advancing': False}
2026-03-03 12:26:57,359 : INFO : EventManager : Event: ======'shot_inlane_right_1_lit_hit'====== Args={'profile': 'default', 'state': 'lit', 'advancing': False}
2026-03-03 12:26:57,359 : INFO : EventManager : Event: ======'inlanes_hit'====== Args={'shot': 'shot_inlane_right_1'}
2026-03-03 12:26:57,359 : INFO : EventManager : Event: ======'inlanes_lit_hit'====== Args={'shot': 'shot_inlane_right_1'}
2026-03-03 12:26:57,359 : INFO : EventManager : Event: ======'player_score'====== Args={'value': 15370, 'prev_value': 15360, 'change': 10, 'player_num': 1, 'source': 'bumpers'}
2026-03-03 12:26:57,505 : INFO : SwitchController : <<<<<<< 's_flipper_right_upper' inactive >>>>>>>
2026-03-03 12:26:57,505 : INFO : SwitchController : <<<<<<< 's_flipper_right_lower' inactive >>>>>>>
2026-03-03 12:26:57,608 : INFO : SwitchController : <<<<<<< 's_flipper_right_upper_eos' inactive >>>>>>>
2026-03-03 12:26:57,794 : INFO : SwitchController : <<<<<<< 's_flipper_right_lower' active >>>>>>>
2026-03-03 12:26:57,794 : INFO : EventManager : Event: ======'machine_var_audits_switches_s_flipper_right_lower'====== Args={'value': 859, 'prev_value': 858, 'change': 1}
2026-03-03 12:26:57,794 : INFO : SwitchController : <<<<<<< 's_flipper_right_upper' active >>>>>>>
2026-03-03 12:26:57,794 : INFO : EventManager : Event: ======'machine_var_audits_switches_s_flipper_right_upper'====== Args={'value': 568, 'prev_value': 567, 'change': 1}
2026-03-03 12:26:57,818 : INFO : SwitchController : <<<<<<< 's_flipper_right_upper_eos' active >>>>>>>
2026-03-03 12:26:57,818 : INFO : EventManager : Event: ======'machine_var_audits_switches_s_flipper_right_upper_eos'====== Args={'value': 397, 'prev_value': 396, 'change': 1}
2026-03-03 12:26:57,820 : INFO : SwitchController : <<<<<<< 's_inlane_right_1' inactive >>>>>>>
2026-03-03 12:26:57,826 : INFO : SwitchController : <<<<<<< 's_inlane_right_1' active >>>>>>>
2026-03-03 12:26:57,826 : INFO : EventManager : Event: ======'s_inlane_right_1_active'====== Args={}
2026-03-03 12:26:57,826 : INFO : EventManager : Event: ======'sw_playfield_active'====== Args={}
2026-03-03 12:26:57,826 : INFO : EventManager : Event: ======'machine_var_audits_switches_s_inlane_right_1'====== Args={'value': 1284, 'prev_value': 1283, 'change': 1}
2026-03-03 12:26:57,827 : INFO : EventManager : Event: ======'machine_var_audits_shots_shot_inlane_right_1'====== Args={'value': 952, 'prev_value': 951, 'change': 1}
2026-03-03 12:26:57,827 : INFO : EventManager : Event: ======'shot_inlane_right_1_hit'====== Args={'profile': 'default', 'state': 'lit', 'advancing': False}
2026-03-03 12:26:57,827 : INFO : EventManager : Event: ======'shot_inlane_right_1_default_hit'====== Args={'profile': 'default', 'state': 'lit', 'advancing': False}
2026-03-03 12:26:57,828 : INFO : EventManager : Event: ======'shot_inlane_right_1_default_lit_hit'====== Args={'profile': 'default', 'state': 'lit', 'advancing': False}
2026-03-03 12:26:57,828 : INFO : EventManager : Event: ======'shot_inlane_right_1_lit_hit'====== Args={'profile': 'default', 'state': 'lit', 'advancing': False}
2026-03-03 12:26:57,828 : INFO : EventManager : Event: ======'inlanes_hit'====== Args={'shot': 'shot_inlane_right_1'}
2026-03-03 12:26:57,828 : INFO : EventManager : Event: ======'inlanes_lit_hit'====== Args={'shot': 'shot_inlane_right_1'}
2026-03-03 12:26:57,828 : INFO : EventManager : Event: ======'player_score'====== Args={'value': 15380, 'prev_value': 15370, 'change': 10, 'player_num': 1, 'source': 'bumpers'}
2026-03-03 12:26:57,959 : INFO : SwitchController : <<<<<<< 's_flipper_right_upper' inactive >>>>>>>
2026-03-03 12:26:57,960 : INFO : SwitchController : <<<<<<< 's_flipper_right_lower' inactive >>>>>>>
2026-03-03 12:26:58,062 : INFO : SwitchController : <<<<<<< 's_flipper_right_upper_eos' inactive >>>>>>>
2026-03-03 12:26:58,299 : INFO : SwitchController : <<<<<<< 's_flipper_right_upper' active >>>>>>>
2026-03-03 12:26:58,299 : INFO : EventManager : Event: ======'machine_var_audits_switches_s_flipper_right_upper'====== Args={'value': 569, 'prev_value': 568, 'change': 1}
2026-03-03 12:26:58,300 : INFO : SwitchController : <<<<<<< 's_flipper_right_lower' active >>>>>>>
2026-03-03 12:26:58,300 : INFO : EventManager : Event: ======'machine_var_audits_switches_s_flipper_right_lower'====== Args={'value': 860, 'prev_value': 859, 'change': 1}
2026-03-03 12:26:58,323 : INFO : SwitchController : <<<<<<< 's_flipper_right_upper_eos' active >>>>>>>
2026-03-03 12:26:58,323 : INFO : EventManager : Event: ======'machine_var_audits_switches_s_flipper_right_upper_eos'====== Args={'value': 398, 'prev_value': 397, 'change': 1}
2026-03-03 12:26:58,325 : INFO : SwitchController : <<<<<<< 's_inlane_right_1' inactive >>>>>>>
2026-03-03 12:26:58,334 : INFO : SwitchController : <<<<<<< 's_inlane_right_1' active >>>>>>>
2026-03-03 12:26:58,334 : INFO : EventManager : Event: ======'s_inlane_right_1_active'====== Args={}
2026-03-03 12:26:58,334 : INFO : EventManager : Event: ======'sw_playfield_active'====== Args={}
2026-03-03 12:26:58,335 : INFO : EventManager : Event: ======'machine_var_audits_switches_s_inlane_right_1'====== Args={'value': 1285, 'prev_value': 1284, 'change': 1}
2026-03-03 12:26:58,335 : INFO : EventManager : Event: ======'machine_var_audits_shots_shot_inlane_right_1'====== Args={'value': 953, 'prev_value': 952, 'change': 1}
2026-03-03 12:26:58,335 : INFO : EventManager : Event: ======'shot_inlane_right_1_hit'====== Args={'profile': 'default', 'state': 'lit', 'advancing': False}
2026-03-03 12:26:58,336 : INFO : EventManager : Event: ======'shot_inlane_right_1_default_hit'====== Args={'profile': 'default', 'state': 'lit', 'advancing': False}
2026-03-03 12:26:58,336 : INFO : EventManager : Event: ======'shot_inlane_right_1_default_lit_hit'====== Args={'profile': 'default', 'state': 'lit', 'advancing': False}
2026-03-03 12:26:58,336 : INFO : EventManager : Event: ======'shot_inlane_right_1_lit_hit'====== Args={'profile': 'default', 'state': 'lit', 'advancing': False}
2026-03-03 12:26:58,336 : INFO : EventManager : Event: ======'inlanes_hit'====== Args={'shot': 'shot_inlane_right_1'}
2026-03-03 12:26:58,336 : INFO : EventManager : Event: ======'inlanes_lit_hit'====== Args={'shot': 'shot_inlane_right_1'}
2026-03-03 12:26:58,336 : INFO : EventManager : Event: ======'player_score'====== Args={'value': 15390, 'prev_value': 15380, 'change': 10, 'player_num': 1, 'source': 'bumpers'}
2026-03-03 12:26:58,489 : INFO : SwitchController : <<<<<<< 's_flipper_right_upper' inactive >>>>>>>
2026-03-03 12:26:58,490 : INFO : SwitchController : <<<<<<< 's_flipper_right_lower' inactive >>>>>>>
2026-03-03 12:26:58,594 : INFO : SwitchController : <<<<<<< 's_flipper_right_upper_eos' inactive >>>>>>>
2026-03-03 12:26:58,741 : INFO : SwitchController : <<<<<<< 's_flipper_right_upper' active >>>>>>>
2026-03-03 12:26:58,741 : INFO : EventManager : Event: ======'machine_var_audits_switches_s_flipper_right_upper'====== Args={'value': 570, 'prev_value': 569, 'change': 1}
2026-03-03 12:26:58,743 : INFO : SwitchController : <<<<<<< 's_flipper_right_upper' inactive >>>>>>>
2026-03-03 12:26:58,744 : INFO : SwitchController : <<<<<<< 's_flipper_right_lower' active >>>>>>>
2026-03-03 12:26:58,744 : INFO : EventManager : Event: ======'machine_var_audits_switches_s_flipper_right_lower'====== Args={'value': 861, 'prev_value': 860, 'change': 1}
2026-03-03 12:26:58,747 : INFO : SwitchController : <<<<<<< 's_flipper_right_upper' active >>>>>>>
2026-03-03 12:26:58,747 : INFO : EventManager : Event: ======'machine_var_audits_switches_s_flipper_right_upper'====== Args={'value': 571, 'prev_value': 570, 'change': 1}
2026-03-03 12:26:58,768 : INFO : SwitchController : <<<<<<< 's_flipper_right_upper_eos' active >>>>>>>
2026-03-03 12:26:58,769 : INFO : EventManager : Event: ======'machine_var_audits_switches_s_flipper_right_upper_eos'====== Args={'value': 399, 'prev_value': 398, 'change': 1}
2026-03-03 12:26:58,771 : INFO : SwitchController : <<<<<<< 's_inlane_right_1' inactive >>>>>>>
2026-03-03 12:26:58,784 : INFO : SwitchController : <<<<<<< 's_inlane_right_1' active >>>>>>>
2026-03-03 12:26:58,784 : INFO : EventManager : Event: ======'s_inlane_right_1_active'====== Args={}
2026-03-03 12:26:58,784 : INFO : EventManager : Event: ======'sw_playfield_active'====== Args={}
2026-03-03 12:26:58,784 : INFO : EventManager : Event: ======'machine_var_audits_switches_s_inlane_right_1'====== Args={'value': 1286, 'prev_value': 1285, 'change': 1}
2026-03-03 12:26:58,785 : INFO : EventManager : Event: ======'machine_var_audits_shots_shot_inlane_right_1'====== Args={'value': 954, 'prev_value': 953, 'change': 1}
2026-03-03 12:26:58,785 : INFO : EventManager : Event: ======'shot_inlane_right_1_hit'====== Args={'profile': 'default', 'state': 'lit', 'advancing': False}
2026-03-03 12:26:58,785 : INFO : EventManager : Event: ======'shot_inlane_right_1_default_hit'====== Args={'profile': 'default', 'state': 'lit', 'advancing': False}
2026-03-03 12:26:58,785 : INFO : EventManager : Event: ======'shot_inlane_right_1_default_lit_hit'====== Args={'profile': 'default', 'state': 'lit', 'advancing': False}
2026-03-03 12:26:58,785 : INFO : EventManager : Event: ======'shot_inlane_right_1_lit_hit'====== Args={'profile': 'default', 'state': 'lit', 'advancing': False}
2026-03-03 12:26:58,785 : INFO : EventManager : Event: ======'inlanes_hit'====== Args={'shot': 'shot_inlane_right_1'}
2026-03-03 12:26:58,785 : INFO : EventManager : Event: ======'inlanes_lit_hit'====== Args={'shot': 'shot_inlane_right_1'}
2026-03-03 12:26:58,786 : INFO : EventManager : Event: ======'player_score'====== Args={'value': 15400, 'prev_value': 15390, 'change': 10, 'player_num': 1, 'source': 'bumpers'}
2026-03-03 12:26:58,888 : INFO : SwitchController : <<<<<<< 's_flipper_right_upper' inactive >>>>>>>
2026-03-03 12:26:58,889 : INFO : SwitchController : <<<<<<< 's_flipper_right_lower' inactive >>>>>>>
2026-03-03 12:26:58,993 : INFO : SwitchController : <<<<<<< 's_flipper_right_upper_eos' inactive >>>>>>>
2026-03-03 12:26:59,189 : INFO : SwitchController : <<<<<<< 's_flipper_right_lower' active >>>>>>>
2026-03-03 12:26:59,190 : INFO : EventManager : Event: ======'machine_var_audits_switches_s_flipper_right_lower'====== Args={'value': 862, 'prev_value': 861, 'change': 1}
2026-03-03 12:26:59,190 : INFO : SwitchController : <<<<<<< 's_flipper_right_upper' active >>>>>>>
2026-03-03 12:26:59,190 : INFO : EventManager : Event: ======'machine_var_audits_switches_s_flipper_right_upper'====== Args={'value': 572, 'prev_value': 571, 'change': 1}
2026-03-03 12:26:59,213 : INFO : SwitchController : <<<<<<< 's_flipper_right_upper_eos' active >>>>>>>
2026-03-03 12:26:59,214 : INFO : EventManager : Event: ======'machine_var_audits_switches_s_flipper_right_upper_eos'====== Args={'value': 400, 'prev_value': 399, 'change': 1}
2026-03-03 12:26:59,215 : INFO : SwitchController : <<<<<<< 's_inlane_right_1' inactive >>>>>>>
2026-03-03 12:26:59,223 : INFO : SwitchController : <<<<<<< 's_inlane_right_1' active >>>>>>>
2026-03-03 12:26:59,223 : INFO : EventManager : Event: ======'s_inlane_right_1_active'====== Args={}
2026-03-03 12:26:59,223 : INFO : EventManager : Event: ======'sw_playfield_active'====== Args={}
2026-03-03 12:26:59,223 : INFO : EventManager : Event: ======'machine_var_audits_switches_s_inlane_right_1'====== Args={'value': 1287, 'prev_value': 1286, 'change': 1}
2026-03-03 12:26:59,223 : INFO : EventManager : Event: ======'machine_var_audits_shots_shot_inlane_right_1'====== Args={'value': 955, 'prev_value': 954, 'change': 1}
2026-03-03 12:26:59,224 : INFO : EventManager : Event: ======'shot_inlane_right_1_hit'====== Args={'profile': 'default', 'state': 'lit', 'advancing': False}
2026-03-03 12:26:59,224 : INFO : EventManager : Event: ======'shot_inlane_right_1_default_hit'====== Args={'profile': 'default', 'state': 'lit', 'advancing': False}
2026-03-03 12:26:59,224 : INFO : EventManager : Event: ======'shot_inlane_right_1_default_lit_hit'====== Args={'profile': 'default', 'state': 'lit', 'advancing': False}
2026-03-03 12:26:59,224 : INFO : EventManager : Event: ======'shot_inlane_right_1_lit_hit'====== Args={'profile': 'default', 'state': 'lit', 'advancing': False}
2026-03-03 12:26:59,224 : INFO : EventManager : Event: ======'inlanes_hit'====== Args={'shot': 'shot_inlane_right_1'}
2026-03-03 12:26:59,224 : INFO : EventManager : Event: ======'inlanes_lit_hit'====== Args={'shot': 'shot_inlane_right_1'}
2026-03-03 12:26:59,224 : INFO : EventManager : Event: ======'player_score'====== Args={'value': 15410, 'prev_value': 15400, 'change': 10, 'player_num': 1, 'source': 'bumpers'}
2026-03-03 12:26:59,337 : INFO : SwitchController : <<<<<<< 's_flipper_right_upper' inactive >>>>>>>
2026-03-03 12:26:59,339 : INFO : SwitchController : <<<<<<< 's_flipper_right_lower' inactive >>>>>>>
2026-03-03 12:26:59,442 : INFO : SwitchController : <<<<<<< 's_flipper_right_upper_eos' inactive >>>>>>>
2026-03-03 12:27:08,208 : INFO : Machine : Shutting down...
2026-03-03 12:27:08,208 : INFO : EventManager : Event: ======'shutdown'====== Args={}
2026-03-03 12:27:08,209 : INFO : EventManager : Event: ======'mode_game_will_stop'====== Args={}
2026-03-03 12:27:08,209 : INFO : EventManager : Event: ======'mode_game_stopping'====== Args={}
2026-03-03 12:27:08,210 : INFO : EventManager : Event: ======'mode_bumpers_will_stop'====== Args={}
2026-03-03 12:27:08,210 : INFO : EventManager : Event: ======'mode_bumpers_stopping'====== Args={}
2026-03-03 12:27:08,210 : INFO : EventManager : Event: ======'mode_base_will_stop'====== Args={}
2026-03-03 12:27:08,210 : INFO : EventManager : Event: ======'mode_base_stopping'====== Args={}
2026-03-03 12:27:08,210 : INFO : EventManager : Event: ======'stop_mode_bumpers'====== Args={'priority': 0}
2026-03-03 12:27:08,210 : INFO : Mode.base : Stopped.
2026-03-03 12:27:08,210 : INFO : EventManager : Event: ======'modes_active_modes_changed'====== Args={}
2026-03-03 12:27:08,210 : INFO : EventManager : Event: ======'mode_base_stopped'====== Args={}
2026-03-03 12:27:08,210 : INFO : EventManager : Event: ======'clear'====== Args={'key': 'base'}
2026-03-03 12:27:08,211 : INFO : Mode.bumpers : Stopped.
2026-03-03 12:27:08,211 : INFO : EventManager : Event: ======'modes_active_modes_changed'====== Args={}
2026-03-03 12:27:08,211 : INFO : EventManager : Event: ======'mode_bumpers_stopped'====== Args={}
2026-03-03 12:27:08,211 : INFO : EventManager : Event: ======'clear'====== Args={'key': 'bumpers'}
2026-03-03 12:27:08,212 : INFO : Mode.game : Stopped.
2026-03-03 12:27:08,212 : INFO : EventManager : Event: ======'modes_active_modes_changed'====== Args={}
2026-03-03 12:27:08,212 : INFO : EventManager : Event: ======'mode_game_stopped'====== Args={}
2026-03-03 12:27:08,212 : INFO : EventManager : Event: ======'clear'====== Args={'key': 'game'}
2026-03-03 12:27:08,320 : INFO : root : MPF run loop ended.
