2026-03-03 12:58:33,098 : INFO : root : Loading config.
2026-03-03 12:58:33,484 : INFO : ConfigProcessor : Config spec file cache created: /var/folders/1s/015t8n3n70gcr2ch4xflj4yr0000gn/T/config_spec.mpf_cache
2026-03-03 12:58:33,486 : INFO : YamlMultifileConfigLoader : Machine config file #1: config.yaml
2026-03-03 12:58:33,487 : INFO : ConfigProcessor : Loading config from cache: /var/folders/1s/015t8n3n70gcr2ch4xflj4yr0000gn/T/954ddabc670342668a09b03520c7eb79.mpf_cache
2026-03-03 12:58:33,588 : INFO : ConfigProcessor : Loading config from cache: /var/folders/1s/015t8n3n70gcr2ch4xflj4yr0000gn/T/64218df07edc412f774c53ffb33c812d.mpf_cache
2026-03-03 12:58:33,589 : INFO : ConfigProcessor : Loading config from cache: /var/folders/1s/015t8n3n70gcr2ch4xflj4yr0000gn/T/767518d75df2d86a4d35c1fb94c70abd.mpf_cache
2026-03-03 12:58:33,590 : INFO : ConfigProcessor : Loading config from cache: /var/folders/1s/015t8n3n70gcr2ch4xflj4yr0000gn/T/64218df07edc412f774c53ffb33c812d.mpf_cache
2026-03-03 12:58:33,590 : INFO : ConfigProcessor : Loading config from cache: /var/folders/1s/015t8n3n70gcr2ch4xflj4yr0000gn/T/73548cb541cc3751ae5711fe0817282a.mpf_cache
2026-03-03 12:58:33,591 : INFO : ConfigProcessor : Loading config from cache: /var/folders/1s/015t8n3n70gcr2ch4xflj4yr0000gn/T/57f006170cd447d443f971cd8b826597.mpf_cache
2026-03-03 12:58:33,591 : INFO : Machine : Mission Pinball Framework Core Engine v0.80.0.dev13
2026-03-03 12:58:33,591 : INFO : Machine : Command line arguments: {'no_load_cache': False, 'create_config_cache': True, 'bcp': True, 'configfile': ['config.yaml'], 'force_assets_load': False, 'platform_integration_test': False, 'jsonlogging': False, 'logfile': 'logs/2026-03-03-12-58-33-mpf-ANDREs-Mac-mini.local.log', 'pause': False, 'production': False, 'text_ui': True, 'loglevel': 15, 'consoleloglevel': 20, 'force_platform': None, 'syslog_address': None, 'full_logfile_path': '/Users/pinball/NapoleonDynamite/logs/2026-03-03-12-58-33-mpf-ANDREs-Mac-mini.local.log'}
2026-03-03 12:58:33,591 : INFO : Machine : MPF path: /Users/pinball/mpf/lib/python3.14/site-packages/mpf
2026-03-03 12:58:33,591 : INFO : Machine : Machine path: /Users/pinball/NapoleonDynamite
2026-03-03 12:58:33,591 : INFO : Machine : Platform: darwin
2026-03-03 12:58:33,592 : INFO : Machine : Python executable location: /Users/pinball/mpf/bin/python3.14
2026-03-03 12:58:33,592 : INFO : Machine : Python version: 3.14.3 (64-bit)
2026-03-03 12:58:33,593 : INFO : Machine : Initializing MPF...
2026-03-03 12:58:33,743 : INFO : FAST : Auto-detecting ports for the following connections: ['net', 'exp']
2026-03-03 12:58:33,766 : INFO : FAST : Detected NET on port /dev/cu.usbmodem14101
2026-03-03 12:58:34,770 : INFO : FAST : Detected EXP on port /dev/cu.usbmodem14103
2026-03-03 12:58:34,874 : INFO : FAST [NET] : Trying to connect to /dev/cu.usbmodem14101 at 921600bps
2026-03-03 12:58:34,879 : INFO : FAST [NET] : Connected to /dev/cu.usbmodem14101 at 921600bps
2026-03-03 12:58:34,881 : INFO : FAST [NET] : Connected to FP-CPU-2000 with firmware v02.26
2026-03-03 12:58:34,884 : INFO : FAST [NET] : Registered I/O Board 0: Model: FP-I/O-0024, Firmware: 01.10, Switches: 24, Drivers: 8
2026-03-03 12:58:34,885 : INFO : FAST [NET] : Registered I/O Board 1: Model: FP-I/O-3208, Firmware: 01.10, Switches: 32, Drivers: 8
2026-03-03 12:58:34,887 : INFO : FAST [NET] : Registered I/O Board 2: Model: FP-I/O-0804, Firmware: 01.10, Switches: 8, Drivers: 4
2026-03-03 12:58:34,889 : INFO : FAST [EXP] : Trying to connect to /dev/cu.usbmodem14103 at 921600bps
2026-03-03 12:58:34,895 : INFO : FAST [EXP] : Connected to /dev/cu.usbmodem14103 at 921600bps
2026-03-03 12:58:34,897 : INFO : FAST [EXP] : Verifying hardware for EXP "neuron" (FP-EXP-2000, @48) with ID string "EXP FP-EXP-2000  0.34", board address 48
2026-03-03 12:58:34,898 : INFO : FAST [EXP] : Verifying hardware for EXP "neuron" (FP-EXP-2000, @48) with ID string "LED FP-BRK-0001  0.8", board address 480
2026-03-03 12:58:34,900 : INFO : EventManager : Event: ======'machine_var_credits_string'====== Args={'value': 'FREE PLAY', 'prev_value': None, 'change': True}
2026-03-03 12:58:34,925 : INFO : EventManager : Event: ======'machine_var_master_volume'====== Args={'value': 0.5, 'prev_value': None, 'change': True}
2026-03-03 12:58:34,925 : INFO : EventManager : Event: ======'machine_var_player1_score'====== Args={'value': 123050, 'prev_value': None, 'change': True}
2026-03-03 12:58:34,925 : INFO : EventManager : Event: ======'machine_var_mpf_version'====== Args={'value': 'Mission Pinball Framework v0.80.0.dev13', 'prev_value': None, 'change': True}
2026-03-03 12:58:34,925 : INFO : EventManager : Event: ======'machine_var_mpf_extended_version'====== Args={'value': 'Mission Pinball Framework v0.80.0.dev13, Config version:6, Show version: 6, BCP version:1.1', 'prev_value': None, 'change': True}
2026-03-03 12:58:34,926 : INFO : EventManager : Event: ======'machine_var_python_version'====== Args={'value': '3.14.3', 'prev_value': None, 'change': True}
2026-03-03 12:58:34,953 : INFO : EventManager : Event: ======'machine_var_platform'====== Args={'value': 'macOS-14.8.4-x86_64-i386-64bit-Mach-O', 'prev_value': None, 'change': True}
2026-03-03 12:58:34,954 : INFO : EventManager : Event: ======'machine_var_platform_system'====== Args={'value': 'Darwin', 'prev_value': None, 'change': True}
2026-03-03 12:58:34,954 : INFO : EventManager : Event: ======'machine_var_platform_release'====== Args={'value': '23.6.0', 'prev_value': None, 'change': True}
2026-03-03 12:58:34,954 : INFO : EventManager : Event: ======'machine_var_platform_version'====== Args={'value': 'Darwin Kernel Version 23.6.0: Mon Jan 19 22:02:22 PST 2026; root:xnu-10063.141.1.710.3~1/RELEASE_X86_64', 'prev_value': None, 'change': True}
2026-03-03 12:58:34,954 : INFO : EventManager : Event: ======'machine_var_platform_machine'====== Args={'value': 'x86_64', 'prev_value': None, 'change': True}
2026-03-03 12:58:34,954 : INFO : EventManager : Event: ======'machine_var_log_file_path'====== Args={'value': '/Users/pinball/NapoleonDynamite/logs/2026-03-03-12-58-33-mpf-ANDREs-Mac-mini.local.log', 'prev_value': None, 'change': True}
2026-03-03 12:58:34,954 : INFO : EventManager : Event: ======'init_phase_1'====== Args={}
2026-03-03 12:58:35,209 : INFO : SwitchController : <<<<<<< 's_flipper_left_eos' active >>>>>>>
2026-03-03 12:58:35,209 : INFO : SwitchController : <<<<<<< 's_flipper_right_lower_eos' active >>>>>>>
2026-03-03 12:58:35,209 : INFO : SwitchController : <<<<<<< 's_trough_1' active >>>>>>>
2026-03-03 12:58:35,209 : INFO : SwitchController : <<<<<<< 's_trough_2' active >>>>>>>
2026-03-03 12:58:35,210 : INFO : SwitchController : <<<<<<< 's_trough_3' active >>>>>>>
2026-03-03 12:58:35,210 : INFO : SwitchController : <<<<<<< 's_trough_4' active >>>>>>>
2026-03-03 12:58:35,210 : INFO : SwitchController : <<<<<<< 's_trough_5' active >>>>>>>
2026-03-03 12:58:35,210 : INFO : SwitchController : <<<<<<< 's_trough_6' active >>>>>>>
2026-03-03 12:58:35,210 : INFO : SwitchController : <<<<<<< 's_bumper_lower' active >>>>>>>
2026-03-03 12:58:35,210 : INFO : SwitchController : <<<<<<< 's_bumper_upper' active >>>>>>>
2026-03-03 12:58:35,242 : INFO : EventManager : Event: ======'init_phase_2'====== Args={}
2026-03-03 12:58:35,242 : INFO : SwitchController : Found active switch: (37, [FAST Platform Interface]) <switch.s_flipper_left_eos>
2026-03-03 12:58:35,242 : INFO : SwitchController : Found active switch: (32, [FAST Platform Interface]) <switch.s_flipper_right_lower_eos>
2026-03-03 12:58:35,242 : INFO : SwitchController : Found active switch: (24, [FAST Platform Interface]) <switch.s_trough_1>
2026-03-03 12:58:35,242 : INFO : SwitchController : Found active switch: (25, [FAST Platform Interface]) <switch.s_trough_2>
2026-03-03 12:58:35,243 : INFO : SwitchController : Found active switch: (26, [FAST Platform Interface]) <switch.s_trough_3>
2026-03-03 12:58:35,243 : INFO : SwitchController : Found active switch: (27, [FAST Platform Interface]) <switch.s_trough_4>
2026-03-03 12:58:35,243 : INFO : SwitchController : Found active switch: (28, [FAST Platform Interface]) <switch.s_trough_5>
2026-03-03 12:58:35,243 : INFO : SwitchController : Found active switch: (29, [FAST Platform Interface]) <switch.s_trough_6>
2026-03-03 12:58:35,243 : INFO : SwitchController : Found active switch: (41, [FAST Platform Interface]) <switch.s_bumper_lower>
2026-03-03 12:58:35,243 : INFO : SwitchController : Found active switch: (42, [FAST Platform Interface]) <switch.s_bumper_upper>
2026-03-03 12:58:35,247 : INFO : EventManager : Event: ======'bcp_connection_attempt'====== Args={'name': 'local_display', 'host': 'localhost', 'port': 5050}
2026-03-03 12:58:35,249 : INFO : BCPClientSocket : Connecting BCP to 'local_display' at localhost:5050...
2026-03-03 12:58:35,260 : INFO : BCPClientSocket : Connected BCP to 'local_display' localhost:5050
2026-03-03 12:58:35,260 : INFO : EventManager : Event: ======'bcp_clients_connected'====== Args={}
2026-03-03 12:58:35,711 : INFO : ball_device.bd_trough : BCH: Initial count: 6
2026-03-03 12:58:35,712 : INFO : ball_device.bd_trough : State: idle
2026-03-03 12:58:35,712 : INFO : ball_device.bd_plunger : BCH: Initial count: 0
2026-03-03 12:58:35,713 : INFO : ball_device.bd_plunger : State: idle
2026-03-03 12:58:35,729 : INFO : EventManager : Event: ======'init_phase_3'====== Args={}
2026-03-03 12:58:35,736 : INFO : EventManager : Event: ======'init_phase_4'====== Args={}
2026-03-03 12:58:35,737 : INFO : BallController : Initial balls found: 6
2026-03-03 12:58:35,738 : INFO : EventManager : Event: ======'machine_var_audits_events_game_ended'====== Args={'value': 8, 'prev_value': None, 'change': True}
2026-03-03 12:58:35,738 : INFO : EventManager : Event: ======'machine_var_audits_events_game_started'====== Args={'value': 13, 'prev_value': None, 'change': True}
2026-03-03 12:58:35,738 : INFO : EventManager : Event: ======'machine_var_audits_missing_switches_s_bumper_lower'====== Args={'value': 13, 'prev_value': None, 'change': True}
2026-03-03 12:58:35,738 : INFO : EventManager : Event: ======'machine_var_audits_missing_switches_s_bumper_upper'====== Args={'value': 8, 'prev_value': None, 'change': True}
2026-03-03 12:58:35,738 : INFO : EventManager : Event: ======'machine_var_audits_missing_switches_s_inlane_left'====== Args={'value': 13, 'prev_value': None, 'change': True}
2026-03-03 12:58:35,739 : INFO : EventManager : Event: ======'machine_var_audits_missing_switches_s_inlane_right_2'====== Args={'value': 13, 'prev_value': None, 'change': True}
2026-03-03 12:58:35,739 : INFO : EventManager : Event: ======'machine_var_audits_missing_switches_s_start'====== Args={'value': 1, 'prev_value': None, 'change': True}
2026-03-03 12:58:35,739 : INFO : EventManager : Event: ======'machine_var_audits_player_score'====== Args={'value': {'average': 16648, 'top': [123050, 15710, 7390, 1700, 1600, 400, 0, 0, 0], 'total': 9}, 'prev_value': None, 'change': True}
2026-03-03 12:58:35,739 : INFO : EventManager : Event: ======'machine_var_audits_shots_shot_inlane_right_1'====== Args={'value': 955, 'prev_value': None, 'change': True}
2026-03-03 12:58:35,739 : INFO : EventManager : Event: ======'machine_var_audits_shots_shot_sling_left'====== Args={'value': 556, 'prev_value': None, 'change': True}
2026-03-03 12:58:35,739 : INFO : EventManager : Event: ======'machine_var_audits_shots_shot_sling_right'====== Args={'value': 39, 'prev_value': None, 'change': True}
2026-03-03 12:58:35,739 : INFO : EventManager : Event: ======'machine_var_audits_shots_sling_left'====== Args={'value': 21, 'prev_value': None, 'change': True}
2026-03-03 12:58:35,739 : INFO : EventManager : Event: ======'machine_var_audits_shots_sling_right'====== Args={'value': 28, 'prev_value': None, 'change': True}
2026-03-03 12:58:35,739 : INFO : EventManager : Event: ======'machine_var_audits_switches_s_bumper_lower'====== Args={'value': 0, 'prev_value': None, 'change': True}
2026-03-03 12:58:35,739 : INFO : EventManager : Event: ======'machine_var_audits_switches_s_bumper_upper'====== Args={'value': 6, 'prev_value': None, 'change': True}
2026-03-03 12:58:35,739 : INFO : EventManager : Event: ======'machine_var_audits_switches_s_flipper_left'====== Args={'value': 349, 'prev_value': None, 'change': True}
2026-03-03 12:58:35,740 : INFO : EventManager : Event: ======'machine_var_audits_switches_s_flipper_left_eos'====== Args={'value': 321, 'prev_value': None, 'change': True}
2026-03-03 12:58:35,740 : INFO : EventManager : Event: ======'machine_var_audits_switches_s_flipper_right_lower'====== Args={'value': 862, 'prev_value': None, 'change': True}
2026-03-03 12:58:35,740 : INFO : EventManager : Event: ======'machine_var_audits_switches_s_flipper_right_lower_eos'====== Args={'value': 568, 'prev_value': None, 'change': True}
2026-03-03 12:58:35,740 : INFO : EventManager : Event: ======'machine_var_audits_switches_s_flipper_right_upper'====== Args={'value': 572, 'prev_value': None, 'change': True}
2026-03-03 12:58:35,740 : INFO : EventManager : Event: ======'machine_var_audits_switches_s_flipper_right_upper_eos'====== Args={'value': 400, 'prev_value': None, 'change': True}
2026-03-03 12:58:35,740 : INFO : EventManager : Event: ======'machine_var_audits_switches_s_inlane_left'====== Args={'value': 0, 'prev_value': None, 'change': True}
2026-03-03 12:58:35,740 : INFO : EventManager : Event: ======'machine_var_audits_switches_s_inlane_right_1'====== Args={'value': 1287, 'prev_value': None, 'change': True}
2026-03-03 12:58:35,740 : INFO : EventManager : Event: ======'machine_var_audits_switches_s_inlane_right_2'====== Args={'value': 0, 'prev_value': None, 'change': True}
2026-03-03 12:58:35,740 : INFO : EventManager : Event: ======'machine_var_audits_switches_s_plunger'====== Args={'value': 63, 'prev_value': None, 'change': True}
2026-03-03 12:58:35,740 : INFO : EventManager : Event: ======'machine_var_audits_switches_s_sling_left'====== Args={'value': 579, 'prev_value': None, 'change': True}
2026-03-03 12:58:35,740 : INFO : EventManager : Event: ======'machine_var_audits_switches_s_sling_right'====== Args={'value': 67, 'prev_value': None, 'change': True}
2026-03-03 12:58:35,741 : INFO : EventManager : Event: ======'machine_var_audits_switches_s_start'====== Args={'value': 8, 'prev_value': None, 'change': True}
2026-03-03 12:58:35,741 : INFO : EventManager : Event: ======'machine_var_audits_switches_s_trough_1'====== Args={'value': 44, 'prev_value': None, 'change': True}
2026-03-03 12:58:35,741 : INFO : EventManager : Event: ======'machine_var_audits_switches_s_trough_2'====== Args={'value': 57, 'prev_value': None, 'change': True}
2026-03-03 12:58:35,741 : INFO : EventManager : Event: ======'machine_var_audits_switches_s_trough_3'====== Args={'value': 65, 'prev_value': None, 'change': True}
2026-03-03 12:58:35,741 : INFO : EventManager : Event: ======'machine_var_audits_switches_s_trough_4'====== Args={'value': 72, 'prev_value': None, 'change': True}
2026-03-03 12:58:35,741 : INFO : EventManager : Event: ======'machine_var_audits_switches_s_trough_5'====== Args={'value': 78, 'prev_value': None, 'change': True}
2026-03-03 12:58:35,741 : INFO : EventManager : Event: ======'machine_var_audits_switches_s_trough_6'====== Args={'value': 82, 'prev_value': None, 'change': True}
2026-03-03 12:58:35,741 : INFO : EventManager : Event: ======'machine_var_audits_switches_s_trough_7'====== Args={'value': 48, 'prev_value': None, 'change': True}
2026-03-03 12:58:35,742 : INFO : EventManager : Event: ======'init_phase_5'====== Args={}
2026-03-03 12:58:35,743 : INFO : EventManager : Event: ======'init_done'====== Args={}
2026-03-03 12:58:35,743 : INFO : EventManager : Event: ======'machine_reset_phase_1'====== Args={}
2026-03-03 12:58:35,774 : INFO : EventManager : Event: ======'machine_reset_phase_2'====== Args={}
2026-03-03 12:58:35,775 : INFO : EventManager : Event: ======'machine_reset_phase_3'====== Args={}
2026-03-03 12:58:35,775 : INFO : EventManager : Event: ======'reset_complete'====== Args={}
2026-03-03 12:58:35,775 : INFO : EventManager : Event: ======'mode_attract_will_start'====== Args={}
2026-03-03 12:58:35,776 : INFO : Timer.attract_carousel_timer : Starting Timer.
2026-03-03 12:58:35,776 : INFO : EventManager : Event: ======'timer_attract_carousel_timer_started'====== Args={'ticks': 0, 'ticks_remaining': 1}
2026-03-03 12:58:35,776 : INFO : EventManager : Event: ======'timer_attract_carousel_timer_tick'====== Args={'ticks': 0, 'ticks_remaining': 1}
2026-03-03 12:58:35,777 : INFO : EventManager : Event: ======'mode_attract_starting'====== Args={}
2026-03-03 12:58:35,777 : INFO : Mode.attract : Started. Priority: 10
2026-03-03 12:58:35,777 : INFO : EventManager : Event: ======'modes_active_modes_changed'====== Args={}
2026-03-03 12:58:35,777 : INFO : EventManager : Event: ======'mode_attract_started'====== Args={}
2026-03-03 12:58:35,778 : INFO : EventManager : Event: ======'collecting_balls_complete'====== Args={}
2026-03-03 12:58:35,779 : INFO : EventManager : Event: ======'carousel_item_highlighted'====== Args={'carousel': 'attract', 'direction': None, 'item': 'title'}
2026-03-03 12:58:35,779 : INFO : EventManager : Event: ======'timer_attract_carousel_timer_tick'====== Args={'ticks': 0, 'ticks_remaining': 1}
2026-03-03 12:58:35,780 : INFO : Machine : Starting the main run loop with active modes: [<Mode.attract>]
2026-03-03 12:58:35,955 : INFO : EventManager : Event: ======'slide_attract_created'====== Args={'_from_bcp': True}
2026-03-03 12:58:35,955 : INFO : EventManager : Event: ======'slide__removed'====== Args={'_from_bcp': True}
2026-03-03 12:58:35,956 : INFO : EventManager : Event: ======'slide_attract_active'====== Args={'original_context': 'attract', 'original_calling_context': 'mode_attract_started', 'priority': 10.0, 'cmd': 'slides_play', '_from_bcp': True}
2026-03-03 12:58:40,779 : INFO : Timer.attract_carousel_timer : Timer Complete
2026-03-03 12:58:40,780 : INFO : Timer.attract_carousel_timer : Stopping Timer
2026-03-03 12:58:40,780 : INFO : EventManager : Event: ======'timer_attract_carousel_timer_stopped'====== Args={'ticks': 1, 'ticks_remaining': 1}
2026-03-03 12:58:40,780 : INFO : EventManager : Event: ======'timer_attract_carousel_timer_complete'====== Args={'ticks': 1, 'ticks_remaining': 1}
2026-03-03 12:58:40,780 : INFO : EventManager : Event: ======'carousel_item_highlighted'====== Args={'carousel': 'attract', 'direction': 'forwards', 'item': 'credits'}
2026-03-03 12:58:40,781 : INFO : Timer.attract_carousel_timer : Starting Timer.
2026-03-03 12:58:40,781 : INFO : EventManager : Event: ======'timer_attract_carousel_timer_started'====== Args={'ticks': 0, 'ticks_remaining': 1}
2026-03-03 12:58:40,781 : INFO : EventManager : Event: ======'timer_attract_carousel_timer_tick'====== Args={'ticks': 0, 'ticks_remaining': 1}
2026-03-03 12:58:45,781 : INFO : Timer.attract_carousel_timer : Timer Complete
2026-03-03 12:58:45,781 : INFO : Timer.attract_carousel_timer : Stopping Timer
2026-03-03 12:58:45,781 : INFO : EventManager : Event: ======'timer_attract_carousel_timer_stopped'====== Args={'ticks': 1, 'ticks_remaining': 1}
2026-03-03 12:58:45,781 : INFO : EventManager : Event: ======'timer_attract_carousel_timer_complete'====== Args={'ticks': 1, 'ticks_remaining': 1}
2026-03-03 12:58:45,782 : INFO : EventManager : Event: ======'carousel_item_highlighted'====== Args={'carousel': 'attract', 'direction': 'forwards', 'item': 'last_scores_1p'}
2026-03-03 12:58:45,782 : INFO : Timer.attract_carousel_timer : Starting Timer.
2026-03-03 12:58:45,782 : INFO : EventManager : Event: ======'timer_attract_carousel_timer_started'====== Args={'ticks': 0, 'ticks_remaining': 1}
2026-03-03 12:58:45,782 : INFO : EventManager : Event: ======'timer_attract_carousel_timer_tick'====== Args={'ticks': 0, 'ticks_remaining': 1}
2026-03-03 12:58:47,844 : INFO : SwitchController : <<<<<<< 's_start' active >>>>>>>
2026-03-03 12:58:47,989 : INFO : SwitchController : <<<<<<< 's_start' inactive >>>>>>>
2026-03-03 12:58:47,989 : INFO : EventManager : Event: ======'request_to_start_game'====== Args={}
2026-03-03 12:58:47,990 : INFO : EventManager : Event: ======'game_start'====== Args={'buttons': [], 'hold_time': 0.14503851400513668}
2026-03-03 12:58:47,990 : INFO : EventManager : Event: ======'mode_game_will_start'====== Args={'buttons': [], 'hold_time': 0.14503851400513668}
2026-03-03 12:58:47,991 : INFO : EventManager : Event: ======'mode_game_starting'====== Args={'buttons': [], 'hold_time': 0.14503851400513668}
2026-03-03 12:58:47,991 : INFO : EventManager : Event: ======'mode_attract_will_stop'====== Args={}
2026-03-03 12:58:47,991 : INFO : EventManager : Event: ======'mode_attract_stopping'====== Args={}
2026-03-03 12:58:47,991 : INFO : Mode.attract : Stopped.
2026-03-03 12:58:47,991 : INFO : EventManager : Event: ======'modes_active_modes_changed'====== Args={}
2026-03-03 12:58:47,991 : INFO : EventManager : Event: ======'mode_attract_stopped'====== Args={}
2026-03-03 12:58:47,991 : INFO : EventManager : Event: ======'clear'====== Args={'key': 'attract'}
2026-03-03 12:58:47,992 : INFO : Timer.attract_carousel_timer : Stopping Timer
2026-03-03 12:58:47,992 : INFO : EventManager : Event: ======'timer_attract_carousel_timer_stopped'====== Args={'ticks': 0, 'ticks_remaining': 1}
2026-03-03 12:58:47,992 : INFO : Mode.game : Started. Priority: 20
2026-03-03 12:58:47,992 : INFO : EventManager : Event: ======'modes_active_modes_changed'====== Args={}
2026-03-03 12:58:47,992 : INFO : EventManager : Event: ======'mode_game_started'====== Args={'buttons': [], 'hold_time': 0.14503851400513668}
2026-03-03 12:58:47,993 : INFO : EventManager : Event: ======'game_will_start'====== Args={}
2026-03-03 12:58:47,993 : INFO : EventManager : Event: ======'game_starting'====== Args={'game': <Mode.game>}
2026-03-03 12:58:47,994 : INFO : EventManager : Unordered handler for class <Auditor> on event game_ended with priority 1. Handlers: [RegisteredHandler(callback=<bound method Auditor.disable of <Auditor>>, priority=1, kwargs={}, key=UUID('b23d3aab-e55b-4510-a700-873e7062331d'), condition=None, blocking_facility=None), RegisteredHandler(callback=<bound method Auditor._save_audits of <Auditor>>, priority=1, kwargs={}, key=UUID('32090d37-6349-4b42-9a34-d2d363e2019e'), condition=None, blocking_facility=None)]. The order of those handlers is not defined and they will be executed in random order. This might lead to race conditions and potential bugs.
2026-03-03 12:58:47,994 : INFO : EventManager : Event: ======'player_add_request'====== Args={}
2026-03-03 12:58:47,995 : INFO : EventManager : Event: ======'player_will_add'====== Args={'number': 1}
2026-03-03 12:58:47,995 : INFO : EventManager : Event: ======'player_adding'====== Args={'player': <Player 1>, 'number': 1}
2026-03-03 12:58:47,995 : INFO : EventManager : Event: ======'player_added'====== Args={'player': <Player 1>, 'num': 1}
2026-03-03 12:58:47,995 : INFO : Mode.game : Player added successfully. Total players: 1
2026-03-03 12:58:47,995 : INFO : EventManager : Event: ======'player_index'====== Args={'value': 0, 'prev_value': 0, 'change': 0, 'player_num': 1}
2026-03-03 12:58:47,995 : INFO : EventManager : Event: ======'player_number'====== Args={'value': 1, 'prev_value': 1, 'change': 0, 'player_num': 1}
2026-03-03 12:58:47,996 : INFO : EventManager : Event: ======'player_score'====== Args={'value': 0, 'prev_value': 0, 'change': 0, 'player_num': 1}
2026-03-03 12:58:47,996 : INFO : EventManager : Event: ======'game_started'====== Args={}
2026-03-03 12:58:47,997 : INFO : EventManager : Event: ======'player_turn_will_start'====== Args={'player': <Player 1>, 'number': 1}
2026-03-03 12:58:48,003 : INFO : EventManager : Event: ======'player_turn_starting'====== Args={'player': <Player 1>, 'number': 1}
2026-03-03 12:58:48,012 : INFO : EventManager : Event: ======'player_ball'====== Args={'value': 1, 'prev_value': 0, 'change': 1, 'player_num': 1}
2026-03-03 12:58:48,013 : INFO : EventManager : Event: ======'player_turn_started'====== Args={'player': <Player 1>, 'number': 1}
2026-03-03 12:58:48,014 : INFO : EventManager : Event: ======'ball_will_start'====== Args={'player': 1, 'ball': 1, 'balls_remaining': 2, 'is_extra_ball': False}
2026-03-03 12:58:48,014 : INFO : EventManager : Event: ======'ball_starting'====== Args={'player': 1, 'ball': 1, 'balls_remaining': 2, 'is_extra_ball': False}
2026-03-03 12:58:48,014 : INFO : EventManager : Event: ======'mode_base_will_start'====== Args={'queue': <QueuedEvent>, 'player': 1, 'ball': 1, 'balls_remaining': 2, 'is_extra_ball': False}
2026-03-03 12:58:48,016 : INFO : EventManager : Event: ======'mode_base_starting'====== Args={'queue': <QueuedEvent>, 'player': 1, 'ball': 1, 'balls_remaining': 2, 'is_extra_ball': False}
2026-03-03 12:58:48,016 : INFO : Mode.base : Started. Priority: 100
2026-03-03 12:58:48,016 : INFO : EventManager : Event: ======'modes_active_modes_changed'====== Args={}
2026-03-03 12:58:48,016 : INFO : EventManager : Event: ======'mode_base_started'====== Args={'queue': <QueuedEvent>, 'player': 1, 'ball': 1, 'balls_remaining': 2, 'is_extra_ball': False}
2026-03-03 12:58:48,017 : INFO : EventManager : Event: ======'start_mode_bumpers'====== Args={'priority': 0}
2026-03-03 12:58:48,020 : INFO : EventManager : Event: ======'mode_bumpers_will_start'====== Args={'priority': 0}
2026-03-03 12:58:48,020 : INFO : EventManager : Event: ======'player_shot_shot_sling_left_enabled'====== Args={'value': True, 'prev_value': 0, 'change': 1, 'player_num': 1}
2026-03-03 12:58:48,021 : INFO : EventManager : Event: ======'player_shot_shot_sling_right_enabled'====== Args={'value': True, 'prev_value': 0, 'change': 1, 'player_num': 1}
2026-03-03 12:58:48,023 : INFO : EventManager : Event: ======'player_shot_shot_bumper_lower_enabled'====== Args={'value': True, 'prev_value': 0, 'change': 1, 'player_num': 1}
2026-03-03 12:58:48,023 : INFO : EventManager : Event: ======'player_shot_shot_bumper_upper_enabled'====== Args={'value': True, 'prev_value': 0, 'change': 1, 'player_num': 1}
2026-03-03 12:58:48,024 : INFO : EventManager : Event: ======'player_shot_shot_inlane_left_enabled'====== Args={'value': True, 'prev_value': 0, 'change': 1, 'player_num': 1}
2026-03-03 12:58:48,024 : INFO : EventManager : Event: ======'player_shot_shot_inlane_right_1_enabled'====== Args={'value': True, 'prev_value': 0, 'change': 1, 'player_num': 1}
2026-03-03 12:58:48,025 : INFO : EventManager : Event: ======'player_shot_shot_inlane_right_2_enabled'====== Args={'value': True, 'prev_value': 0, 'change': 1, 'player_num': 1}
2026-03-03 12:58:48,025 : INFO : EventManager : Event: ======'slings_complete'====== Args={'state': 'unlit'}
2026-03-03 12:58:48,026 : INFO : EventManager : Event: ======'slings_unlit_complete'====== Args={}
2026-03-03 12:58:48,026 : INFO : EventManager : Event: ======'bumpers_complete'====== Args={'state': 'unlit'}
2026-03-03 12:58:48,026 : INFO : EventManager : Event: ======'bumpers_unlit_complete'====== Args={}
2026-03-03 12:58:48,027 : INFO : EventManager : Event: ======'inlanes_complete'====== Args={'state': 'unlit'}
2026-03-03 12:58:48,027 : INFO : EventManager : Event: ======'inlanes_unlit_complete'====== Args={}
2026-03-03 12:58:48,029 : INFO : EventManager : Event: ======'mode_bumpers_starting'====== Args={'priority': 0}
2026-03-03 12:58:48,029 : INFO : Mode.bumpers : Started. Priority: 200
2026-03-03 12:58:48,029 : INFO : EventManager : Event: ======'modes_active_modes_changed'====== Args={}
2026-03-03 12:58:48,029 : INFO : EventManager : Event: ======'mode_bumpers_started'====== Args={'priority': 0}
2026-03-03 12:58:48,030 : INFO : EventManager : Event: ======'balls_in_play'====== Args={'balls': 1}
2026-03-03 12:58:48,030 : INFO : EventManager : Event: ======'ball_started'====== Args={'player': 1, 'ball': 1, 'balls_remaining': 2, 'is_extra_ball': False}
2026-03-03 12:58:48,037 : INFO : EventManager : Event: ======'single_player_ball_started'====== Args={}
2026-03-03 12:58:48,038 : INFO : EventManager : Event: ======'ball_start_target'====== Args={'target': 'playfield'}
2026-03-03 12:58:48,038 : INFO : ball_device.bd_plunger : Setting up player-controlled eject. Balls: 1, Target: <playfield.playfield>, player_controlled_eject_event: None
2026-03-03 12:58:48,039 : INFO : EventManager : Event: ======'balldevice_balls_available'====== Args={}
2026-03-03 12:58:48,040 : INFO : ball_device.bd_trough : State: waiting_for_target_ready
2026-03-03 12:58:48,040 : INFO : EventManager : Event: ======'balldevice_bd_trough_ball_eject_attempt'====== Args={'balls': 1, 'target': <ball_device.bd_plunger>, 'source': <ball_device.bd_trough>, 'mechanical_eject': True, 'num_attempts': 0}
2026-03-03 12:58:48,040 : INFO : ball_device.bd_plunger : State: waiting_for_ball
2026-03-03 12:58:48,041 : INFO : ball_device.bd_trough : State: ejecting
2026-03-03 12:58:48,041 : INFO : ball_device.bd_trough : Ejecting ball to <ball_device.bd_plunger>
2026-03-03 12:58:48,041 : INFO : EventManager : Event: ======'balldevice_bd_trough_ejecting_ball'====== Args={'balls': 1, 'target': <ball_device.bd_plunger>, 'source': <ball_device.bd_trough>, 'mechanical_eject': True, 'num_attempts': 0}
2026-03-03 12:58:48,042 : INFO : ball_device.bd_trough : Wait for ball to leave device
2026-03-03 12:58:48,042 : INFO : coil.c_trough_eject : Pulsing Driver for 20ms (1.0 pulse_power)
2026-03-03 12:58:48,068 : INFO : SwitchController : <<<<<<< 's_trough_1' inactive >>>>>>>
2026-03-03 12:58:48,068 : INFO : SwitchController : <<<<<<< 's_trough_7' active >>>>>>>
2026-03-03 12:58:48,068 : INFO : EventManager : Event: ======'machine_var_audits_switches_s_trough_7'====== Args={'value': 49, 'prev_value': 48, 'change': 1}
2026-03-03 12:58:48,069 : INFO : ball_device.bd_trough : State: ball_left
2026-03-03 12:58:48,069 : INFO : ball_device.bd_trough : Ball left
2026-03-03 12:58:48,069 : INFO : ball_device.bd_trough : Wait for confirm with timeout 3.0
2026-03-03 12:58:48,082 : INFO : SwitchController : <<<<<<< 's_trough_7' inactive >>>>>>>
2026-03-03 12:58:48,109 : INFO : EventManager : Event: ======'slide_base_slide_created'====== Args={'_from_bcp': True}
2026-03-03 12:58:48,109 : INFO : EventManager : Event: ======'slide_attract_inactive'====== Args={'is_removing': True, '_from_bcp': True}
2026-03-03 12:58:48,109 : INFO : EventManager : Event: ======'slide_base_slide_active'====== Args={'original_context': 'base', 'original_calling_context': 'mode_base_started', 'priority': 100.0, 'queue': '<QueuedEvent>', 'player': 1.0, 'ball': 1.0, 'balls_remaining': 2.0, 'is_extra_ball': False, 'cmd': 'slides_play', '_from_bcp': True}
2026-03-03 12:58:48,109 : INFO : EventManager : Event: ======'slide_attract_removed'====== Args={'_from_bcp': True}
2026-03-03 12:58:48,188 : INFO : SwitchController : <<<<<<< 's_plunger' active >>>>>>>
2026-03-03 12:58:48,188 : INFO : EventManager : Event: ======'machine_var_audits_switches_s_plunger'====== Args={'value': 64, 'prev_value': 63, 'change': 1}
2026-03-03 12:58:48,285 : INFO : SwitchController : <<<<<<< 's_trough_2' inactive >>>>>>>
2026-03-03 12:58:48,286 : INFO : SwitchController : <<<<<<< 's_trough_4' inactive >>>>>>>
2026-03-03 12:58:48,287 : INFO : SwitchController : <<<<<<< 's_trough_5' inactive >>>>>>>
2026-03-03 12:58:48,290 : INFO : SwitchController : <<<<<<< 's_trough_3' inactive >>>>>>>
2026-03-03 12:58:48,291 : INFO : SwitchController : <<<<<<< 's_trough_6' inactive >>>>>>>
2026-03-03 12:58:48,304 : INFO : SwitchController : <<<<<<< 's_trough_1' active >>>>>>>
2026-03-03 12:58:48,304 : INFO : EventManager : Event: ======'machine_var_audits_switches_s_trough_1'====== Args={'value': 45, 'prev_value': 44, 'change': 1}
2026-03-03 12:58:48,308 : INFO : SwitchController : <<<<<<< 's_trough_4' active >>>>>>>
2026-03-03 12:58:48,309 : INFO : EventManager : Event: ======'machine_var_audits_switches_s_trough_4'====== Args={'value': 73, 'prev_value': 72, 'change': 1}
2026-03-03 12:58:48,309 : INFO : SwitchController : <<<<<<< 's_trough_3' active >>>>>>>
2026-03-03 12:58:48,310 : INFO : EventManager : Event: ======'machine_var_audits_switches_s_trough_3'====== Args={'value': 66, 'prev_value': 65, 'change': 1}
2026-03-03 12:58:48,310 : INFO : SwitchController : <<<<<<< 's_trough_2' active >>>>>>>
2026-03-03 12:58:48,311 : INFO : EventManager : Event: ======'machine_var_audits_switches_s_trough_2'====== Args={'value': 58, 'prev_value': 57, 'change': 1}
2026-03-03 12:58:48,311 : INFO : SwitchController : <<<<<<< 's_trough_5' active >>>>>>>
2026-03-03 12:58:48,312 : INFO : EventManager : Event: ======'machine_var_audits_switches_s_trough_5'====== Args={'value': 79, 'prev_value': 78, 'change': 1}
2026-03-03 12:58:48,689 : INFO : ball_device.bd_plunger : Received ball from <ball_device.bd_trough>
2026-03-03 12:58:48,689 : INFO : EventManager : Event: ======'balldevice_bd_plunger_ball_enter'====== Args={'new_balls': 1, 'unclaimed_balls': 0, 'new_available_balls': 0, 'device': <ball_device.bd_plunger>}
2026-03-03 12:58:48,690 : INFO : EventManager : Event: ======'balldevice_bd_plunger_ball_entered'====== Args={'new_balls': 0, 'device': <ball_device.bd_plunger>}
2026-03-03 12:58:48,690 : INFO : EventManager : Event: ======'balldevice_bd_plunger_ball_count_changed'====== Args={'balls': 1}
2026-03-03 12:58:48,690 : INFO : ball_device.bd_trough : Got eject confirm
2026-03-03 12:58:48,690 : INFO : ball_device.bd_trough : Eject successful
2026-03-03 12:58:48,690 : INFO : EventManager : Event: ======'balldevice_bd_trough_ball_eject_success'====== Args={'balls': 1, 'target': <ball_device.bd_plunger>}
2026-03-03 12:58:48,691 : INFO : ball_device.bd_plunger : State: waiting_for_target_ready
2026-03-03 12:58:48,691 : INFO : EventManager : Event: ======'balldevice_bd_plunger_ball_eject_attempt'====== Args={'balls': 1, 'target': <playfield.playfield>, 'source': <ball_device.bd_plunger>, 'mechanical_eject': True, 'num_attempts': 0}
2026-03-03 12:58:48,692 : INFO : EventManager : Event: ======'balldevice_bd_trough_ball_count_changed'====== Args={'balls': 5}
2026-03-03 12:58:48,692 : INFO : ball_device.bd_trough : State: idle
2026-03-03 12:58:48,692 : INFO : ball_device.bd_plunger : State: ejecting
2026-03-03 12:58:48,692 : INFO : ball_device.bd_plunger : Ejecting ball to <playfield.playfield>
2026-03-03 12:58:48,692 : INFO : EventManager : Event: ======'balldevice_bd_plunger_ejecting_ball'====== Args={'balls': 1, 'target': <playfield.playfield>, 'source': <ball_device.bd_plunger>, 'mechanical_eject': True, 'num_attempts': 0}
2026-03-03 12:58:48,693 : INFO : ball_device.bd_plunger : Wait for ball to leave device
2026-03-03 12:58:51,596 : INFO : SwitchController : <<<<<<< 's_plunger' inactive >>>>>>>
2026-03-03 12:58:51,597 : INFO : ball_device.bd_plunger : State: ball_left
2026-03-03 12:58:51,597 : INFO : ball_device.bd_plunger : Ball left
2026-03-03 12:58:51,597 : INFO : ball_device.bd_plunger : Wait for confirm with timeout 5.0
2026-03-03 12:58:52,318 : INFO : SwitchController : <<<<<<< 's_flipper_right_lower' active >>>>>>>
2026-03-03 12:58:52,319 : INFO : EventManager : Event: ======'machine_var_audits_switches_s_flipper_right_lower'====== Args={'value': 863, 'prev_value': 862, 'change': 1}
2026-03-03 12:58:52,319 : INFO : SwitchController : <<<<<<< 's_flipper_right_upper' active >>>>>>>
2026-03-03 12:58:52,319 : INFO : EventManager : Event: ======'machine_var_audits_switches_s_flipper_right_upper'====== Args={'value': 573, 'prev_value': 572, 'change': 1}
2026-03-03 12:58:52,342 : INFO : SwitchController : <<<<<<< 's_flipper_right_upper_eos' active >>>>>>>
2026-03-03 12:58:52,342 : INFO : EventManager : Event: ======'machine_var_audits_switches_s_flipper_right_upper_eos'====== Args={'value': 401, 'prev_value': 400, 'change': 1}
2026-03-03 12:58:52,455 : INFO : SwitchController : <<<<<<< 's_flipper_right_upper' inactive >>>>>>>
2026-03-03 12:58:52,456 : INFO : SwitchController : <<<<<<< 's_flipper_right_lower' inactive >>>>>>>
2026-03-03 12:58:52,529 : INFO : SwitchController : <<<<<<< 's_flipper_left' active >>>>>>>
2026-03-03 12:58:52,529 : INFO : EventManager : Event: ======'machine_var_audits_switches_s_flipper_left'====== Args={'value': 350, 'prev_value': 349, 'change': 1}
2026-03-03 12:58:52,552 : INFO : SwitchController : <<<<<<< 's_flipper_left_eos' inactive >>>>>>>
2026-03-03 12:58:52,555 : INFO : SwitchController : <<<<<<< 's_flipper_right_upper_eos' inactive >>>>>>>
2026-03-03 12:58:52,678 : INFO : SwitchController : <<<<<<< 's_flipper_left' inactive >>>>>>>
2026-03-03 12:58:52,766 : INFO : SwitchController : <<<<<<< 's_flipper_left_eos' active >>>>>>>
2026-03-03 12:58:52,766 : INFO : EventManager : Event: ======'machine_var_audits_switches_s_flipper_left_eos'====== Args={'value': 322, 'prev_value': 321, 'change': 1}
2026-03-03 12:58:52,788 : INFO : SwitchController : <<<<<<< 's_flipper_right_lower' active >>>>>>>
2026-03-03 12:58:52,788 : INFO : EventManager : Event: ======'machine_var_audits_switches_s_flipper_right_lower'====== Args={'value': 864, 'prev_value': 863, 'change': 1}
2026-03-03 12:58:52,788 : INFO : SwitchController : <<<<<<< 's_flipper_right_upper' active >>>>>>>
2026-03-03 12:58:52,788 : INFO : EventManager : Event: ======'machine_var_audits_switches_s_flipper_right_upper'====== Args={'value': 574, 'prev_value': 573, 'change': 1}
2026-03-03 12:58:52,811 : INFO : SwitchController : <<<<<<< 's_flipper_right_upper_eos' active >>>>>>>
2026-03-03 12:58:52,811 : INFO : EventManager : Event: ======'machine_var_audits_switches_s_flipper_right_upper_eos'====== Args={'value': 402, 'prev_value': 401, 'change': 1}
2026-03-03 12:58:52,905 : INFO : SwitchController : <<<<<<< 's_flipper_right_upper' inactive >>>>>>>
2026-03-03 12:58:52,906 : INFO : SwitchController : <<<<<<< 's_flipper_right_lower' inactive >>>>>>>
2026-03-03 12:58:53,005 : INFO : SwitchController : <<<<<<< 's_flipper_right_upper_eos' inactive >>>>>>>
2026-03-03 12:58:53,090 : INFO : SwitchController : <<<<<<< 's_flipper_right_upper' active >>>>>>>
2026-03-03 12:58:53,090 : INFO : EventManager : Event: ======'machine_var_audits_switches_s_flipper_right_upper'====== Args={'value': 575, 'prev_value': 574, 'change': 1}
2026-03-03 12:58:53,091 : INFO : SwitchController : <<<<<<< 's_flipper_right_lower' active >>>>>>>
2026-03-03 12:58:53,091 : INFO : EventManager : Event: ======'machine_var_audits_switches_s_flipper_right_lower'====== Args={'value': 865, 'prev_value': 864, 'change': 1}
2026-03-03 12:58:53,113 : INFO : SwitchController : <<<<<<< 's_flipper_right_upper_eos' active >>>>>>>
2026-03-03 12:58:53,113 : INFO : EventManager : Event: ======'machine_var_audits_switches_s_flipper_right_upper_eos'====== Args={'value': 403, 'prev_value': 402, 'change': 1}
2026-03-03 12:58:53,200 : INFO : SwitchController : <<<<<<< 's_flipper_right_lower' inactive >>>>>>>
2026-03-03 12:58:53,200 : INFO : SwitchController : <<<<<<< 's_flipper_right_upper' inactive >>>>>>>
2026-03-03 12:58:53,294 : INFO : SwitchController : <<<<<<< 's_flipper_right_upper_eos' inactive >>>>>>>
2026-03-03 12:58:53,362 : INFO : SwitchController : <<<<<<< 's_flipper_right_lower' active >>>>>>>
2026-03-03 12:58:53,362 : INFO : EventManager : Event: ======'machine_var_audits_switches_s_flipper_right_lower'====== Args={'value': 866, 'prev_value': 865, 'change': 1}
2026-03-03 12:58:53,364 : INFO : SwitchController : <<<<<<< 's_flipper_right_upper' active >>>>>>>
2026-03-03 12:58:53,365 : INFO : EventManager : Event: ======'machine_var_audits_switches_s_flipper_right_upper'====== Args={'value': 576, 'prev_value': 575, 'change': 1}
2026-03-03 12:58:53,388 : INFO : SwitchController : <<<<<<< 's_flipper_right_upper_eos' active >>>>>>>
2026-03-03 12:58:53,388 : INFO : EventManager : Event: ======'machine_var_audits_switches_s_flipper_right_upper_eos'====== Args={'value': 404, 'prev_value': 403, 'change': 1}
2026-03-03 12:58:53,404 : INFO : SwitchController : <<<<<<< 's_flipper_right_lower_eos' inactive >>>>>>>
2026-03-03 12:58:53,456 : INFO : SwitchController : <<<<<<< 's_flipper_right_lower' inactive >>>>>>>
2026-03-03 12:58:53,457 : INFO : SwitchController : <<<<<<< 's_flipper_right_upper' inactive >>>>>>>
2026-03-03 12:58:53,557 : INFO : SwitchController : <<<<<<< 's_flipper_right_lower_eos' active >>>>>>>
2026-03-03 12:58:53,557 : INFO : EventManager : Event: ======'machine_var_audits_switches_s_flipper_right_lower_eos'====== Args={'value': 569, 'prev_value': 568, 'change': 1}
2026-03-03 12:58:53,558 : INFO : SwitchController : <<<<<<< 's_flipper_right_upper_eos' inactive >>>>>>>
2026-03-03 12:58:53,620 : INFO : SwitchController : <<<<<<< 's_flipper_right_upper' active >>>>>>>
2026-03-03 12:58:53,621 : INFO : EventManager : Event: ======'machine_var_audits_switches_s_flipper_right_upper'====== Args={'value': 577, 'prev_value': 576, 'change': 1}
2026-03-03 12:58:53,621 : INFO : SwitchController : <<<<<<< 's_flipper_right_lower' active >>>>>>>
2026-03-03 12:58:53,621 : INFO : EventManager : Event: ======'machine_var_audits_switches_s_flipper_right_lower'====== Args={'value': 867, 'prev_value': 866, 'change': 1}
2026-03-03 12:58:53,644 : INFO : SwitchController : <<<<<<< 's_flipper_right_upper_eos' active >>>>>>>
2026-03-03 12:58:53,644 : INFO : EventManager : Event: ======'machine_var_audits_switches_s_flipper_right_upper_eos'====== Args={'value': 405, 'prev_value': 404, 'change': 1}
2026-03-03 12:58:53,719 : INFO : SwitchController : <<<<<<< 's_flipper_right_upper' inactive >>>>>>>
2026-03-03 12:58:53,720 : INFO : SwitchController : <<<<<<< 's_flipper_right_lower' inactive >>>>>>>
2026-03-03 12:58:53,811 : INFO : SwitchController : <<<<<<< 's_flipper_right_upper_eos' inactive >>>>>>>
2026-03-03 12:58:53,939 : INFO : SwitchController : <<<<<<< 's_flipper_right_lower' active >>>>>>>
2026-03-03 12:58:53,939 : INFO : EventManager : Event: ======'machine_var_audits_switches_s_flipper_right_lower'====== Args={'value': 868, 'prev_value': 867, 'change': 1}
2026-03-03 12:58:53,940 : INFO : SwitchController : <<<<<<< 's_flipper_right_upper' active >>>>>>>
2026-03-03 12:58:53,941 : INFO : EventManager : Event: ======'machine_var_audits_switches_s_flipper_right_upper'====== Args={'value': 578, 'prev_value': 577, 'change': 1}
2026-03-03 12:58:53,964 : INFO : SwitchController : <<<<<<< 's_flipper_right_upper_eos' active >>>>>>>
2026-03-03 12:58:53,964 : INFO : EventManager : Event: ======'machine_var_audits_switches_s_flipper_right_upper_eos'====== Args={'value': 406, 'prev_value': 405, 'change': 1}
2026-03-03 12:58:53,982 : INFO : SwitchController : <<<<<<< 's_flipper_right_lower_eos' inactive >>>>>>>
2026-03-03 12:58:54,053 : INFO : SwitchController : <<<<<<< 's_flipper_right_lower' inactive >>>>>>>
2026-03-03 12:58:54,054 : INFO : SwitchController : <<<<<<< 's_flipper_right_upper' inactive >>>>>>>
2026-03-03 12:58:54,115 : INFO : SwitchController : <<<<<<< 's_flipper_right_lower_eos' active >>>>>>>
2026-03-03 12:58:54,115 : INFO : EventManager : Event: ======'machine_var_audits_switches_s_flipper_right_lower_eos'====== Args={'value': 570, 'prev_value': 569, 'change': 1}
2026-03-03 12:58:54,153 : INFO : SwitchController : <<<<<<< 's_flipper_right_upper_eos' inactive >>>>>>>
2026-03-03 12:58:54,322 : INFO : SwitchController : <<<<<<< 's_flipper_right_upper' active >>>>>>>
2026-03-03 12:58:54,323 : INFO : EventManager : Event: ======'machine_var_audits_switches_s_flipper_right_upper'====== Args={'value': 579, 'prev_value': 578, 'change': 1}
2026-03-03 12:58:54,325 : INFO : SwitchController : <<<<<<< 's_flipper_right_lower' active >>>>>>>
2026-03-03 12:58:54,325 : INFO : EventManager : Event: ======'machine_var_audits_switches_s_flipper_right_lower'====== Args={'value': 869, 'prev_value': 868, 'change': 1}
2026-03-03 12:58:54,328 : INFO : SwitchController : <<<<<<< 's_flipper_right_lower' inactive >>>>>>>
2026-03-03 12:58:54,332 : INFO : SwitchController : <<<<<<< 's_flipper_right_lower' active >>>>>>>
2026-03-03 12:58:54,333 : INFO : EventManager : Event: ======'machine_var_audits_switches_s_flipper_right_lower'====== Args={'value': 870, 'prev_value': 869, 'change': 1}
2026-03-03 12:58:54,346 : INFO : SwitchController : <<<<<<< 's_flipper_right_upper_eos' active >>>>>>>
2026-03-03 12:58:54,347 : INFO : EventManager : Event: ======'machine_var_audits_switches_s_flipper_right_upper_eos'====== Args={'value': 407, 'prev_value': 406, 'change': 1}
2026-03-03 12:58:54,451 : INFO : SwitchController : <<<<<<< 's_flipper_right_lower' inactive >>>>>>>
2026-03-03 12:58:54,452 : INFO : SwitchController : <<<<<<< 's_flipper_right_upper' inactive >>>>>>>
2026-03-03 12:58:54,550 : INFO : SwitchController : <<<<<<< 's_flipper_right_upper_eos' inactive >>>>>>>
2026-03-03 12:58:54,800 : INFO : SwitchController : <<<<<<< 's_flipper_right_lower' active >>>>>>>
2026-03-03 12:58:54,800 : INFO : EventManager : Event: ======'machine_var_audits_switches_s_flipper_right_lower'====== Args={'value': 871, 'prev_value': 870, 'change': 1}
2026-03-03 12:58:54,800 : INFO : SwitchController : <<<<<<< 's_flipper_right_upper' active >>>>>>>
2026-03-03 12:58:54,800 : INFO : EventManager : Event: ======'machine_var_audits_switches_s_flipper_right_upper'====== Args={'value': 580, 'prev_value': 579, 'change': 1}
2026-03-03 12:58:54,822 : INFO : SwitchController : <<<<<<< 's_flipper_right_upper_eos' active >>>>>>>
2026-03-03 12:58:54,822 : INFO : EventManager : Event: ======'machine_var_audits_switches_s_flipper_right_upper_eos'====== Args={'value': 408, 'prev_value': 407, 'change': 1}
2026-03-03 12:58:54,927 : INFO : SwitchController : <<<<<<< 's_flipper_right_lower' inactive >>>>>>>
2026-03-03 12:58:54,927 : INFO : SwitchController : <<<<<<< 's_flipper_right_upper' inactive >>>>>>>
2026-03-03 12:58:55,027 : INFO : SwitchController : <<<<<<< 's_flipper_right_upper_eos' inactive >>>>>>>
2026-03-03 12:58:55,245 : INFO : SwitchController : <<<<<<< 's_flipper_right_upper' active >>>>>>>
2026-03-03 12:58:55,245 : INFO : EventManager : Event: ======'machine_var_audits_switches_s_flipper_right_upper'====== Args={'value': 581, 'prev_value': 580, 'change': 1}
2026-03-03 12:58:55,247 : INFO : SwitchController : <<<<<<< 's_flipper_right_lower' active >>>>>>>
2026-03-03 12:58:55,248 : INFO : EventManager : Event: ======'machine_var_audits_switches_s_flipper_right_lower'====== Args={'value': 872, 'prev_value': 871, 'change': 1}
2026-03-03 12:58:55,269 : INFO : SwitchController : <<<<<<< 's_flipper_right_upper_eos' active >>>>>>>
2026-03-03 12:58:55,269 : INFO : EventManager : Event: ======'machine_var_audits_switches_s_flipper_right_upper_eos'====== Args={'value': 409, 'prev_value': 408, 'change': 1}
2026-03-03 12:58:55,402 : INFO : SwitchController : <<<<<<< 's_flipper_right_upper' inactive >>>>>>>
2026-03-03 12:58:55,404 : INFO : SwitchController : <<<<<<< 's_flipper_right_lower' inactive >>>>>>>
2026-03-03 12:58:55,502 : INFO : SwitchController : <<<<<<< 's_flipper_right_upper_eos' inactive >>>>>>>
2026-03-03 12:58:55,697 : INFO : SwitchController : <<<<<<< 's_flipper_right_lower' active >>>>>>>
2026-03-03 12:58:55,697 : INFO : EventManager : Event: ======'machine_var_audits_switches_s_flipper_right_lower'====== Args={'value': 873, 'prev_value': 872, 'change': 1}
2026-03-03 12:58:55,698 : INFO : SwitchController : <<<<<<< 's_flipper_right_upper' active >>>>>>>
2026-03-03 12:58:55,698 : INFO : EventManager : Event: ======'machine_var_audits_switches_s_flipper_right_upper'====== Args={'value': 582, 'prev_value': 581, 'change': 1}
2026-03-03 12:58:55,720 : INFO : SwitchController : <<<<<<< 's_flipper_right_upper_eos' active >>>>>>>
2026-03-03 12:58:55,720 : INFO : EventManager : Event: ======'machine_var_audits_switches_s_flipper_right_upper_eos'====== Args={'value': 410, 'prev_value': 409, 'change': 1}
2026-03-03 12:58:55,732 : INFO : SwitchController : <<<<<<< 's_flipper_right_lower_eos' inactive >>>>>>>
2026-03-03 12:58:56,157 : INFO : SwitchController : <<<<<<< 's_flipper_right_lower' inactive >>>>>>>
2026-03-03 12:58:56,157 : INFO : SwitchController : <<<<<<< 's_flipper_right_upper' inactive >>>>>>>
2026-03-03 12:58:56,251 : INFO : SwitchController : <<<<<<< 's_flipper_right_lower_eos' active >>>>>>>
2026-03-03 12:58:56,251 : INFO : EventManager : Event: ======'machine_var_audits_switches_s_flipper_right_lower_eos'====== Args={'value': 571, 'prev_value': 570, 'change': 1}
2026-03-03 12:58:56,257 : INFO : SwitchController : <<<<<<< 's_flipper_right_upper_eos' inactive >>>>>>>
2026-03-03 12:58:56,352 : INFO : SwitchController : <<<<<<< 's_flipper_right_lower' active >>>>>>>
2026-03-03 12:58:56,352 : INFO : EventManager : Event: ======'machine_var_audits_switches_s_flipper_right_lower'====== Args={'value': 874, 'prev_value': 873, 'change': 1}
2026-03-03 12:58:56,353 : INFO : SwitchController : <<<<<<< 's_flipper_right_upper' active >>>>>>>
2026-03-03 12:58:56,353 : INFO : EventManager : Event: ======'machine_var_audits_switches_s_flipper_right_upper'====== Args={'value': 583, 'prev_value': 582, 'change': 1}
2026-03-03 12:58:56,375 : INFO : SwitchController : <<<<<<< 's_flipper_right_upper_eos' active >>>>>>>
2026-03-03 12:58:56,375 : INFO : EventManager : Event: ======'machine_var_audits_switches_s_flipper_right_upper_eos'====== Args={'value': 411, 'prev_value': 410, 'change': 1}
2026-03-03 12:58:56,456 : INFO : SwitchController : <<<<<<< 's_flipper_right_lower' inactive >>>>>>>
2026-03-03 12:58:56,456 : INFO : SwitchController : <<<<<<< 's_flipper_right_upper' inactive >>>>>>>
2026-03-03 12:58:56,556 : INFO : SwitchController : <<<<<<< 's_flipper_right_upper_eos' inactive >>>>>>>
2026-03-03 12:58:56,599 : INFO : ball_device.bd_plunger : State: failed_confirm
2026-03-03 12:58:56,599 : INFO : ball_device.bd_plunger : Got timeout (5.0s) before confirm from <playfield.playfield>
2026-03-03 12:58:56,700 : INFO : ball_device.bd_plunger : Confirming eject because target is playfield and ball did not return.
2026-03-03 12:58:56,700 : INFO : ball_device.bd_plunger : Eject successful
2026-03-03 12:58:56,700 : INFO : EventManager : Event: ======'balldevice_bd_plunger_ball_eject_success'====== Args={'balls': 1, 'target': <playfield.playfield>}
2026-03-03 12:58:56,701 : INFO : EventManager : Event: ======'balldevice_playfield_ball_enter'====== Args={'new_balls': 1, 'unclaimed_balls': 1, 'device': <playfield.playfield>}
2026-03-03 12:58:56,701 : INFO : EventManager : Event: ======'playfield_ball_count_change'====== Args={'balls': 1, 'change': 1}
2026-03-03 12:58:56,702 : INFO : EventManager : Event: ======'balldevice_bd_plunger_ball_count_changed'====== Args={'balls': 0}
2026-03-03 12:58:56,702 : INFO : ball_device.bd_plunger : State: idle
2026-03-03 12:58:57,098 : INFO : SwitchController : <<<<<<< 's_flipper_right_upper' active >>>>>>>
2026-03-03 12:58:57,098 : INFO : EventManager : Event: ======'machine_var_audits_switches_s_flipper_right_upper'====== Args={'value': 584, 'prev_value': 583, 'change': 1}
2026-03-03 12:58:57,099 : INFO : SwitchController : <<<<<<< 's_flipper_right_lower' active >>>>>>>
2026-03-03 12:58:57,099 : INFO : EventManager : Event: ======'machine_var_audits_switches_s_flipper_right_lower'====== Args={'value': 875, 'prev_value': 874, 'change': 1}
2026-03-03 12:58:57,120 : INFO : SwitchController : <<<<<<< 's_flipper_right_upper_eos' active >>>>>>>
2026-03-03 12:58:57,120 : INFO : EventManager : Event: ======'machine_var_audits_switches_s_flipper_right_upper_eos'====== Args={'value': 412, 'prev_value': 411, 'change': 1}
2026-03-03 12:58:57,176 : INFO : SwitchController : <<<<<<< 's_flipper_left' active >>>>>>>
2026-03-03 12:58:57,177 : INFO : EventManager : Event: ======'machine_var_audits_switches_s_flipper_left'====== Args={'value': 351, 'prev_value': 350, 'change': 1}
2026-03-03 12:58:57,199 : INFO : SwitchController : <<<<<<< 's_flipper_left_eos' inactive >>>>>>>
2026-03-03 12:58:57,202 : INFO : SwitchController : <<<<<<< 's_flipper_right_lower' inactive >>>>>>>
2026-03-03 12:58:57,203 : INFO : SwitchController : <<<<<<< 's_flipper_right_upper' inactive >>>>>>>
2026-03-03 12:58:57,259 : INFO : SwitchController : <<<<<<< 's_flipper_left' inactive >>>>>>>
2026-03-03 12:58:57,301 : INFO : SwitchController : <<<<<<< 's_flipper_right_upper_eos' inactive >>>>>>>
2026-03-03 12:58:57,347 : INFO : SwitchController : <<<<<<< 's_flipper_left_eos' active >>>>>>>
2026-03-03 12:58:57,348 : INFO : EventManager : Event: ======'machine_var_audits_switches_s_flipper_left_eos'====== Args={'value': 323, 'prev_value': 322, 'change': 1}
2026-03-03 12:58:57,443 : INFO : SwitchController : <<<<<<< 's_flipper_right_lower' active >>>>>>>
2026-03-03 12:58:57,443 : INFO : EventManager : Event: ======'machine_var_audits_switches_s_flipper_right_lower'====== Args={'value': 876, 'prev_value': 875, 'change': 1}
2026-03-03 12:58:57,445 : INFO : SwitchController : <<<<<<< 's_flipper_right_lower' inactive >>>>>>>
2026-03-03 12:58:57,449 : INFO : SwitchController : <<<<<<< 's_flipper_right_upper' active >>>>>>>
2026-03-03 12:58:57,449 : INFO : EventManager : Event: ======'machine_var_audits_switches_s_flipper_right_upper'====== Args={'value': 585, 'prev_value': 584, 'change': 1}
2026-03-03 12:58:57,458 : INFO : SwitchController : <<<<<<< 's_flipper_right_lower' active >>>>>>>
2026-03-03 12:58:57,459 : INFO : EventManager : Event: ======'machine_var_audits_switches_s_flipper_right_lower'====== Args={'value': 877, 'prev_value': 876, 'change': 1}
2026-03-03 12:58:57,473 : INFO : SwitchController : <<<<<<< 's_flipper_right_upper_eos' active >>>>>>>
2026-03-03 12:58:57,473 : INFO : EventManager : Event: ======'machine_var_audits_switches_s_flipper_right_upper_eos'====== Args={'value': 413, 'prev_value': 412, 'change': 1}
2026-03-03 12:58:57,561 : INFO : SwitchController : <<<<<<< 's_flipper_right_upper' inactive >>>>>>>
2026-03-03 12:58:57,562 : INFO : SwitchController : <<<<<<< 's_flipper_right_lower' inactive >>>>>>>
2026-03-03 12:58:57,654 : INFO : SwitchController : <<<<<<< 's_flipper_right_upper_eos' inactive >>>>>>>
2026-03-03 12:58:58,419 : INFO : SwitchController : <<<<<<< 's_flipper_right_lower' active >>>>>>>
2026-03-03 12:58:58,419 : INFO : EventManager : Event: ======'machine_var_audits_switches_s_flipper_right_lower'====== Args={'value': 878, 'prev_value': 877, 'change': 1}
2026-03-03 12:58:58,419 : INFO : SwitchController : <<<<<<< 's_flipper_right_upper' active >>>>>>>
2026-03-03 12:58:58,420 : INFO : EventManager : Event: ======'machine_var_audits_switches_s_flipper_right_upper'====== Args={'value': 586, 'prev_value': 585, 'change': 1}
2026-03-03 12:58:58,442 : INFO : SwitchController : <<<<<<< 's_flipper_right_upper_eos' active >>>>>>>
2026-03-03 12:58:58,442 : INFO : EventManager : Event: ======'machine_var_audits_switches_s_flipper_right_upper_eos'====== Args={'value': 414, 'prev_value': 413, 'change': 1}
2026-03-03 12:58:58,564 : INFO : SwitchController : <<<<<<< 's_flipper_right_upper' inactive >>>>>>>
2026-03-03 12:58:58,565 : INFO : SwitchController : <<<<<<< 's_flipper_right_lower' inactive >>>>>>>
2026-03-03 12:58:58,665 : INFO : SwitchController : <<<<<<< 's_flipper_right_upper_eos' inactive >>>>>>>
2026-03-03 12:58:58,995 : INFO : SwitchController : <<<<<<< 's_flipper_right_upper' active >>>>>>>
2026-03-03 12:58:58,995 : INFO : EventManager : Event: ======'machine_var_audits_switches_s_flipper_right_upper'====== Args={'value': 587, 'prev_value': 586, 'change': 1}
2026-03-03 12:58:58,996 : INFO : SwitchController : <<<<<<< 's_flipper_right_lower' active >>>>>>>
2026-03-03 12:58:58,996 : INFO : EventManager : Event: ======'machine_var_audits_switches_s_flipper_right_lower'====== Args={'value': 879, 'prev_value': 878, 'change': 1}
2026-03-03 12:58:59,019 : INFO : SwitchController : <<<<<<< 's_flipper_right_upper_eos' active >>>>>>>
2026-03-03 12:58:59,019 : INFO : EventManager : Event: ======'machine_var_audits_switches_s_flipper_right_upper_eos'====== Args={'value': 415, 'prev_value': 414, 'change': 1}
2026-03-03 12:58:59,407 : INFO : SwitchController : <<<<<<< 's_flipper_right_upper' inactive >>>>>>>
2026-03-03 12:58:59,408 : INFO : SwitchController : <<<<<<< 's_flipper_right_lower' inactive >>>>>>>
2026-03-03 12:58:59,508 : INFO : SwitchController : <<<<<<< 's_flipper_right_upper_eos' inactive >>>>>>>
2026-03-03 12:58:59,902 : INFO : SwitchController : <<<<<<< 's_flipper_right_lower' active >>>>>>>
2026-03-03 12:58:59,902 : INFO : EventManager : Event: ======'machine_var_audits_switches_s_flipper_right_lower'====== Args={'value': 880, 'prev_value': 879, 'change': 1}
2026-03-03 12:58:59,903 : INFO : SwitchController : <<<<<<< 's_flipper_right_upper' active >>>>>>>
2026-03-03 12:58:59,903 : INFO : EventManager : Event: ======'machine_var_audits_switches_s_flipper_right_upper'====== Args={'value': 588, 'prev_value': 587, 'change': 1}
2026-03-03 12:58:59,926 : INFO : SwitchController : <<<<<<< 's_flipper_right_upper_eos' active >>>>>>>
2026-03-03 12:58:59,926 : INFO : EventManager : Event: ======'machine_var_audits_switches_s_flipper_right_upper_eos'====== Args={'value': 416, 'prev_value': 415, 'change': 1}
2026-03-03 12:59:00,337 : INFO : SwitchController : <<<<<<< 's_flipper_right_upper' inactive >>>>>>>
2026-03-03 12:59:00,338 : INFO : SwitchController : <<<<<<< 's_flipper_right_lower' inactive >>>>>>>
2026-03-03 12:59:00,445 : INFO : SwitchController : <<<<<<< 's_flipper_right_upper_eos' inactive >>>>>>>
2026-03-03 12:59:00,653 : INFO : SwitchController : <<<<<<< 's_flipper_right_upper' active >>>>>>>
2026-03-03 12:59:00,654 : INFO : EventManager : Event: ======'machine_var_audits_switches_s_flipper_right_upper'====== Args={'value': 589, 'prev_value': 588, 'change': 1}
2026-03-03 12:59:00,654 : INFO : SwitchController : <<<<<<< 's_flipper_right_lower' active >>>>>>>
2026-03-03 12:59:00,655 : INFO : EventManager : Event: ======'machine_var_audits_switches_s_flipper_right_lower'====== Args={'value': 881, 'prev_value': 880, 'change': 1}
2026-03-03 12:59:00,678 : INFO : SwitchController : <<<<<<< 's_flipper_right_upper_eos' active >>>>>>>
2026-03-03 12:59:00,678 : INFO : EventManager : Event: ======'machine_var_audits_switches_s_flipper_right_upper_eos'====== Args={'value': 417, 'prev_value': 416, 'change': 1}
2026-03-03 12:59:01,111 : INFO : SwitchController : <<<<<<< 's_flipper_right_lower' inactive >>>>>>>
2026-03-03 12:59:01,111 : INFO : SwitchController : <<<<<<< 's_flipper_right_upper' inactive >>>>>>>
2026-03-03 12:59:01,211 : INFO : SwitchController : <<<<<<< 's_flipper_right_upper_eos' inactive >>>>>>>
2026-03-03 12:59:01,772 : INFO : SwitchController : <<<<<<< 's_flipper_right_upper' active >>>>>>>
2026-03-03 12:59:01,772 : INFO : EventManager : Event: ======'machine_var_audits_switches_s_flipper_right_upper'====== Args={'value': 590, 'prev_value': 589, 'change': 1}
2026-03-03 12:59:01,773 : INFO : SwitchController : <<<<<<< 's_flipper_right_lower' active >>>>>>>
2026-03-03 12:59:01,773 : INFO : EventManager : Event: ======'machine_var_audits_switches_s_flipper_right_lower'====== Args={'value': 882, 'prev_value': 881, 'change': 1}
2026-03-03 12:59:01,796 : INFO : SwitchController : <<<<<<< 's_flipper_right_upper_eos' active >>>>>>>
2026-03-03 12:59:01,797 : INFO : EventManager : Event: ======'machine_var_audits_switches_s_flipper_right_upper_eos'====== Args={'value': 418, 'prev_value': 417, 'change': 1}
2026-03-03 12:59:01,930 : INFO : SwitchController : <<<<<<< 's_flipper_right_upper' inactive >>>>>>>
2026-03-03 12:59:01,931 : INFO : SwitchController : <<<<<<< 's_flipper_right_lower' inactive >>>>>>>
2026-03-03 12:59:02,032 : INFO : SwitchController : <<<<<<< 's_flipper_right_upper_eos' inactive >>>>>>>
2026-03-03 12:59:02,232 : INFO : SwitchController : <<<<<<< 's_flipper_right_upper' active >>>>>>>
2026-03-03 12:59:02,233 : INFO : EventManager : Event: ======'machine_var_audits_switches_s_flipper_right_upper'====== Args={'value': 591, 'prev_value': 590, 'change': 1}
2026-03-03 12:59:02,233 : INFO : SwitchController : <<<<<<< 's_flipper_right_lower' active >>>>>>>
2026-03-03 12:59:02,233 : INFO : EventManager : Event: ======'machine_var_audits_switches_s_flipper_right_lower'====== Args={'value': 883, 'prev_value': 882, 'change': 1}
2026-03-03 12:59:02,256 : INFO : SwitchController : <<<<<<< 's_flipper_right_upper_eos' active >>>>>>>
2026-03-03 12:59:02,256 : INFO : EventManager : Event: ======'machine_var_audits_switches_s_flipper_right_upper_eos'====== Args={'value': 419, 'prev_value': 418, 'change': 1}
2026-03-03 12:59:02,367 : INFO : SwitchController : <<<<<<< 's_flipper_right_lower' inactive >>>>>>>
2026-03-03 12:59:02,368 : INFO : SwitchController : <<<<<<< 's_flipper_right_upper' inactive >>>>>>>
2026-03-03 12:59:02,470 : INFO : SwitchController : <<<<<<< 's_flipper_right_upper_eos' inactive >>>>>>>
2026-03-03 12:59:02,690 : INFO : SwitchController : <<<<<<< 's_flipper_right_upper' active >>>>>>>
2026-03-03 12:59:02,690 : INFO : EventManager : Event: ======'machine_var_audits_switches_s_flipper_right_upper'====== Args={'value': 592, 'prev_value': 591, 'change': 1}
2026-03-03 12:59:02,692 : INFO : SwitchController : <<<<<<< 's_flipper_right_lower' active >>>>>>>
2026-03-03 12:59:02,692 : INFO : EventManager : Event: ======'machine_var_audits_switches_s_flipper_right_lower'====== Args={'value': 884, 'prev_value': 883, 'change': 1}
2026-03-03 12:59:02,713 : INFO : SwitchController : <<<<<<< 's_flipper_right_upper_eos' active >>>>>>>
2026-03-03 12:59:02,713 : INFO : EventManager : Event: ======'machine_var_audits_switches_s_flipper_right_upper_eos'====== Args={'value': 420, 'prev_value': 419, 'change': 1}
2026-03-03 12:59:02,821 : INFO : SwitchController : <<<<<<< 's_flipper_right_lower' inactive >>>>>>>
2026-03-03 12:59:02,821 : INFO : SwitchController : <<<<<<< 's_flipper_right_upper' inactive >>>>>>>
2026-03-03 12:59:02,921 : INFO : SwitchController : <<<<<<< 's_flipper_right_upper_eos' inactive >>>>>>>
2026-03-03 12:59:03,042 : INFO : SwitchController : <<<<<<< 's_flipper_right_upper' active >>>>>>>
2026-03-03 12:59:03,043 : INFO : EventManager : Event: ======'machine_var_audits_switches_s_flipper_right_upper'====== Args={'value': 593, 'prev_value': 592, 'change': 1}
2026-03-03 12:59:03,043 : INFO : SwitchController : <<<<<<< 's_flipper_right_lower' active >>>>>>>
2026-03-03 12:59:03,043 : INFO : EventManager : Event: ======'machine_var_audits_switches_s_flipper_right_lower'====== Args={'value': 885, 'prev_value': 884, 'change': 1}
2026-03-03 12:59:03,065 : INFO : SwitchController : <<<<<<< 's_flipper_right_upper_eos' active >>>>>>>
2026-03-03 12:59:03,065 : INFO : EventManager : Event: ======'machine_var_audits_switches_s_flipper_right_upper_eos'====== Args={'value': 421, 'prev_value': 420, 'change': 1}
2026-03-03 12:59:03,280 : INFO : SwitchController : <<<<<<< 's_flipper_right_upper' inactive >>>>>>>
2026-03-03 12:59:03,281 : INFO : SwitchController : <<<<<<< 's_flipper_right_lower' inactive >>>>>>>
2026-03-03 12:59:03,380 : INFO : SwitchController : <<<<<<< 's_flipper_right_upper_eos' inactive >>>>>>>
2026-03-03 12:59:03,567 : INFO : SwitchController : <<<<<<< 's_flipper_right_upper' active >>>>>>>
2026-03-03 12:59:03,567 : INFO : EventManager : Event: ======'machine_var_audits_switches_s_flipper_right_upper'====== Args={'value': 594, 'prev_value': 593, 'change': 1}
2026-03-03 12:59:03,568 : INFO : SwitchController : <<<<<<< 's_flipper_right_lower' active >>>>>>>
2026-03-03 12:59:03,568 : INFO : EventManager : Event: ======'machine_var_audits_switches_s_flipper_right_lower'====== Args={'value': 886, 'prev_value': 885, 'change': 1}
2026-03-03 12:59:03,589 : INFO : SwitchController : <<<<<<< 's_flipper_right_upper_eos' active >>>>>>>
2026-03-03 12:59:03,589 : INFO : EventManager : Event: ======'machine_var_audits_switches_s_flipper_right_upper_eos'====== Args={'value': 422, 'prev_value': 421, 'change': 1}
2026-03-03 12:59:03,924 : INFO : SwitchController : <<<<<<< 's_flipper_right_upper' inactive >>>>>>>
2026-03-03 12:59:03,925 : INFO : SwitchController : <<<<<<< 's_flipper_right_lower' inactive >>>>>>>
2026-03-03 12:59:04,026 : INFO : SwitchController : <<<<<<< 's_flipper_right_upper_eos' inactive >>>>>>>
2026-03-03 12:59:04,705 : INFO : SwitchController : <<<<<<< 's_flipper_right_lower_eos' inactive >>>>>>>
2026-03-03 12:59:04,720 : INFO : SwitchController : <<<<<<< 's_flipper_right_lower' active >>>>>>>
2026-03-03 12:59:04,720 : INFO : EventManager : Event: ======'machine_var_audits_switches_s_flipper_right_lower'====== Args={'value': 887, 'prev_value': 886, 'change': 1}
2026-03-03 12:59:04,721 : INFO : SwitchController : <<<<<<< 's_flipper_right_upper' active >>>>>>>
2026-03-03 12:59:04,721 : INFO : EventManager : Event: ======'machine_var_audits_switches_s_flipper_right_upper'====== Args={'value': 595, 'prev_value': 594, 'change': 1}
2026-03-03 12:59:04,740 : INFO : SwitchController : <<<<<<< 's_flipper_right_upper_eos' active >>>>>>>
2026-03-03 12:59:04,740 : INFO : EventManager : Event: ======'machine_var_audits_switches_s_flipper_right_upper_eos'====== Args={'value': 423, 'prev_value': 422, 'change': 1}
2026-03-03 12:59:04,890 : INFO : SwitchController : <<<<<<< 's_flipper_right_lower' inactive >>>>>>>
2026-03-03 12:59:04,890 : INFO : SwitchController : <<<<<<< 's_flipper_right_upper' inactive >>>>>>>
2026-03-03 12:59:04,975 : INFO : SwitchController : <<<<<<< 's_flipper_right_lower_eos' active >>>>>>>
2026-03-03 12:59:04,975 : INFO : EventManager : Event: ======'machine_var_audits_switches_s_flipper_right_lower_eos'====== Args={'value': 572, 'prev_value': 571, 'change': 1}
2026-03-03 12:59:04,991 : INFO : SwitchController : <<<<<<< 's_flipper_right_upper_eos' inactive >>>>>>>
2026-03-03 12:59:05,178 : INFO : SwitchController : <<<<<<< 's_flipper_right_lower' active >>>>>>>
2026-03-03 12:59:05,178 : INFO : EventManager : Event: ======'machine_var_audits_switches_s_flipper_right_lower'====== Args={'value': 888, 'prev_value': 887, 'change': 1}
2026-03-03 12:59:05,179 : INFO : SwitchController : <<<<<<< 's_flipper_right_upper' active >>>>>>>
2026-03-03 12:59:05,179 : INFO : EventManager : Event: ======'machine_var_audits_switches_s_flipper_right_upper'====== Args={'value': 596, 'prev_value': 595, 'change': 1}
2026-03-03 12:59:05,200 : INFO : SwitchController : <<<<<<< 's_flipper_right_upper_eos' active >>>>>>>
2026-03-03 12:59:05,200 : INFO : EventManager : Event: ======'machine_var_audits_switches_s_flipper_right_upper_eos'====== Args={'value': 424, 'prev_value': 423, 'change': 1}
2026-03-03 12:59:05,347 : INFO : SwitchController : <<<<<<< 's_flipper_right_lower' inactive >>>>>>>
2026-03-03 12:59:05,347 : INFO : SwitchController : <<<<<<< 's_flipper_right_upper' inactive >>>>>>>
2026-03-03 12:59:05,449 : INFO : SwitchController : <<<<<<< 's_flipper_right_upper_eos' inactive >>>>>>>
2026-03-03 12:59:05,688 : INFO : SwitchController : <<<<<<< 's_flipper_right_upper' active >>>>>>>
2026-03-03 12:59:05,688 : INFO : EventManager : Event: ======'machine_var_audits_switches_s_flipper_right_upper'====== Args={'value': 597, 'prev_value': 596, 'change': 1}
2026-03-03 12:59:05,693 : INFO : SwitchController : <<<<<<< 's_flipper_right_lower' active >>>>>>>
2026-03-03 12:59:05,694 : INFO : EventManager : Event: ======'machine_var_audits_switches_s_flipper_right_lower'====== Args={'value': 889, 'prev_value': 888, 'change': 1}
2026-03-03 12:59:05,710 : INFO : SwitchController : <<<<<<< 's_flipper_right_upper_eos' active >>>>>>>
2026-03-03 12:59:05,710 : INFO : EventManager : Event: ======'machine_var_audits_switches_s_flipper_right_upper_eos'====== Args={'value': 425, 'prev_value': 424, 'change': 1}
2026-03-03 12:59:05,732 : INFO : SwitchController : <<<<<<< 's_flipper_right_lower_eos' inactive >>>>>>>
2026-03-03 12:59:05,846 : INFO : SwitchController : <<<<<<< 's_flipper_right_lower' inactive >>>>>>>
2026-03-03 12:59:05,846 : INFO : SwitchController : <<<<<<< 's_flipper_right_upper' inactive >>>>>>>
2026-03-03 12:59:05,944 : INFO : SwitchController : <<<<<<< 's_flipper_right_lower_eos' active >>>>>>>
2026-03-03 12:59:05,944 : INFO : EventManager : Event: ======'machine_var_audits_switches_s_flipper_right_lower_eos'====== Args={'value': 573, 'prev_value': 572, 'change': 1}
2026-03-03 12:59:05,947 : INFO : SwitchController : <<<<<<< 's_flipper_right_upper_eos' inactive >>>>>>>
2026-03-03 12:59:06,284 : INFO : SwitchController : <<<<<<< 's_flipper_right_lower' active >>>>>>>
2026-03-03 12:59:06,284 : INFO : EventManager : Event: ======'machine_var_audits_switches_s_flipper_right_lower'====== Args={'value': 890, 'prev_value': 889, 'change': 1}
2026-03-03 12:59:06,284 : INFO : SwitchController : <<<<<<< 's_flipper_right_upper' active >>>>>>>
2026-03-03 12:59:06,284 : INFO : EventManager : Event: ======'machine_var_audits_switches_s_flipper_right_upper'====== Args={'value': 598, 'prev_value': 597, 'change': 1}
2026-03-03 12:59:06,308 : INFO : SwitchController : <<<<<<< 's_flipper_right_upper_eos' active >>>>>>>
2026-03-03 12:59:06,308 : INFO : EventManager : Event: ======'machine_var_audits_switches_s_flipper_right_upper_eos'====== Args={'value': 426, 'prev_value': 425, 'change': 1}
2026-03-03 12:59:06,325 : INFO : SwitchController : <<<<<<< 's_flipper_right_lower_eos' inactive >>>>>>>
2026-03-03 12:59:06,773 : INFO : SwitchController : <<<<<<< 's_flipper_right_upper' inactive >>>>>>>
2026-03-03 12:59:06,774 : INFO : SwitchController : <<<<<<< 's_flipper_right_lower' inactive >>>>>>>
2026-03-03 12:59:06,837 : INFO : SwitchController : <<<<<<< 's_flipper_right_lower_eos' active >>>>>>>
2026-03-03 12:59:06,838 : INFO : EventManager : Event: ======'machine_var_audits_switches_s_flipper_right_lower_eos'====== Args={'value': 574, 'prev_value': 573, 'change': 1}
2026-03-03 12:59:06,874 : INFO : SwitchController : <<<<<<< 's_flipper_right_upper_eos' inactive >>>>>>>
2026-03-03 12:59:07,589 : INFO : SwitchController : <<<<<<< 's_flipper_right_upper' active >>>>>>>
2026-03-03 12:59:07,589 : INFO : EventManager : Event: ======'machine_var_audits_switches_s_flipper_right_upper'====== Args={'value': 599, 'prev_value': 598, 'change': 1}
2026-03-03 12:59:07,612 : INFO : SwitchController : <<<<<<< 's_flipper_right_upper_eos' active >>>>>>>
2026-03-03 12:59:07,612 : INFO : EventManager : Event: ======'machine_var_audits_switches_s_flipper_right_upper_eos'====== Args={'value': 427, 'prev_value': 426, 'change': 1}
2026-03-03 12:59:07,718 : INFO : SwitchController : <<<<<<< 's_flipper_right_upper' inactive >>>>>>>
2026-03-03 12:59:07,817 : INFO : SwitchController : <<<<<<< 's_flipper_right_upper_eos' inactive >>>>>>>
2026-03-03 12:59:08,143 : INFO : SwitchController : <<<<<<< 's_flipper_right_upper' active >>>>>>>
2026-03-03 12:59:08,143 : INFO : EventManager : Event: ======'machine_var_audits_switches_s_flipper_right_upper'====== Args={'value': 600, 'prev_value': 599, 'change': 1}
2026-03-03 12:59:08,167 : INFO : SwitchController : <<<<<<< 's_flipper_right_upper_eos' active >>>>>>>
2026-03-03 12:59:08,167 : INFO : EventManager : Event: ======'machine_var_audits_switches_s_flipper_right_upper_eos'====== Args={'value': 428, 'prev_value': 427, 'change': 1}
2026-03-03 12:59:08,306 : INFO : SwitchController : <<<<<<< 's_flipper_right_upper' inactive >>>>>>>
2026-03-03 12:59:08,406 : INFO : SwitchController : <<<<<<< 's_flipper_right_upper_eos' inactive >>>>>>>
2026-03-03 12:59:08,567 : INFO : SwitchController : <<<<<<< 's_flipper_right_upper' active >>>>>>>
2026-03-03 12:59:08,568 : INFO : EventManager : Event: ======'machine_var_audits_switches_s_flipper_right_upper'====== Args={'value': 601, 'prev_value': 600, 'change': 1}
2026-03-03 12:59:08,591 : INFO : SwitchController : <<<<<<< 's_flipper_right_upper_eos' active >>>>>>>
2026-03-03 12:59:08,591 : INFO : EventManager : Event: ======'machine_var_audits_switches_s_flipper_right_upper_eos'====== Args={'value': 429, 'prev_value': 428, 'change': 1}
2026-03-03 12:59:08,683 : INFO : SwitchController : <<<<<<< 's_flipper_right_upper' inactive >>>>>>>
2026-03-03 12:59:08,784 : INFO : SwitchController : <<<<<<< 's_flipper_right_upper_eos' inactive >>>>>>>
2026-03-03 12:59:09,225 : INFO : SwitchController : <<<<<<< 's_flipper_right_lower' active >>>>>>>
2026-03-03 12:59:09,225 : INFO : EventManager : Event: ======'machine_var_audits_switches_s_flipper_right_lower'====== Args={'value': 891, 'prev_value': 890, 'change': 1}
2026-03-03 12:59:09,226 : INFO : SwitchController : <<<<<<< 's_flipper_right_lower_eos' inactive >>>>>>>
2026-03-03 12:59:09,382 : INFO : SwitchController : <<<<<<< 's_flipper_right_lower' inactive >>>>>>>
2026-03-03 12:59:09,483 : INFO : SwitchController : <<<<<<< 's_flipper_right_lower_eos' active >>>>>>>
2026-03-03 12:59:09,483 : INFO : EventManager : Event: ======'machine_var_audits_switches_s_flipper_right_lower_eos'====== Args={'value': 575, 'prev_value': 574, 'change': 1}
2026-03-03 12:59:09,679 : INFO : SwitchController : <<<<<<< 's_flipper_right_lower' active >>>>>>>
2026-03-03 12:59:09,679 : INFO : EventManager : Event: ======'machine_var_audits_switches_s_flipper_right_lower'====== Args={'value': 892, 'prev_value': 891, 'change': 1}
2026-03-03 12:59:09,717 : INFO : SwitchController : <<<<<<< 's_flipper_right_lower_eos' inactive >>>>>>>
2026-03-03 12:59:09,792 : INFO : SwitchController : <<<<<<< 's_flipper_right_lower' inactive >>>>>>>
2026-03-03 12:59:09,893 : INFO : SwitchController : <<<<<<< 's_flipper_right_lower_eos' active >>>>>>>
2026-03-03 12:59:09,893 : INFO : EventManager : Event: ======'machine_var_audits_switches_s_flipper_right_lower_eos'====== Args={'value': 576, 'prev_value': 575, 'change': 1}
2026-03-03 12:59:10,258 : INFO : SwitchController : <<<<<<< 's_flipper_right_upper' active >>>>>>>
2026-03-03 12:59:10,259 : INFO : EventManager : Event: ======'machine_var_audits_switches_s_flipper_right_upper'====== Args={'value': 602, 'prev_value': 601, 'change': 1}
2026-03-03 12:59:10,281 : INFO : SwitchController : <<<<<<< 's_flipper_right_upper_eos' active >>>>>>>
2026-03-03 12:59:10,282 : INFO : EventManager : Event: ======'machine_var_audits_switches_s_flipper_right_upper_eos'====== Args={'value': 430, 'prev_value': 429, 'change': 1}
2026-03-03 12:59:10,439 : INFO : SwitchController : <<<<<<< 's_flipper_right_lower' active >>>>>>>
2026-03-03 12:59:10,439 : INFO : EventManager : Event: ======'machine_var_audits_switches_s_flipper_right_lower'====== Args={'value': 893, 'prev_value': 892, 'change': 1}
2026-03-03 12:59:10,479 : INFO : SwitchController : <<<<<<< 's_flipper_right_lower_eos' inactive >>>>>>>
2026-03-03 12:59:10,501 : INFO : SwitchController : <<<<<<< 's_flipper_right_upper' inactive >>>>>>>
2026-03-03 12:59:10,510 : INFO : SwitchController : <<<<<<< 's_flipper_right_lower' inactive >>>>>>>
2026-03-03 12:59:10,603 : INFO : SwitchController : <<<<<<< 's_flipper_right_upper_eos' inactive >>>>>>>
2026-03-03 12:59:10,664 : INFO : SwitchController : <<<<<<< 's_flipper_right_lower_eos' active >>>>>>>
2026-03-03 12:59:10,664 : INFO : EventManager : Event: ======'machine_var_audits_switches_s_flipper_right_lower_eos'====== Args={'value': 577, 'prev_value': 576, 'change': 1}
2026-03-03 12:59:10,693 : INFO : SwitchController : <<<<<<< 's_flipper_right_upper' active >>>>>>>
2026-03-03 12:59:10,694 : INFO : EventManager : Event: ======'machine_var_audits_switches_s_flipper_right_upper'====== Args={'value': 603, 'prev_value': 602, 'change': 1}
2026-03-03 12:59:10,718 : INFO : SwitchController : <<<<<<< 's_flipper_right_upper_eos' active >>>>>>>
2026-03-03 12:59:10,718 : INFO : EventManager : Event: ======'machine_var_audits_switches_s_flipper_right_upper_eos'====== Args={'value': 431, 'prev_value': 430, 'change': 1}
2026-03-03 12:59:10,839 : INFO : SwitchController : <<<<<<< 's_flipper_right_upper' inactive >>>>>>>
2026-03-03 12:59:10,940 : INFO : SwitchController : <<<<<<< 's_flipper_right_upper_eos' inactive >>>>>>>
2026-03-03 12:59:11,430 : INFO : SwitchController : <<<<<<< 's_flipper_right_upper' active >>>>>>>
2026-03-03 12:59:11,430 : INFO : EventManager : Event: ======'machine_var_audits_switches_s_flipper_right_upper'====== Args={'value': 604, 'prev_value': 603, 'change': 1}
2026-03-03 12:59:11,454 : INFO : SwitchController : <<<<<<< 's_flipper_right_upper_eos' active >>>>>>>
2026-03-03 12:59:11,454 : INFO : EventManager : Event: ======'machine_var_audits_switches_s_flipper_right_upper_eos'====== Args={'value': 432, 'prev_value': 431, 'change': 1}
2026-03-03 12:59:11,600 : INFO : SwitchController : <<<<<<< 's_flipper_right_upper' inactive >>>>>>>
2026-03-03 12:59:11,699 : INFO : SwitchController : <<<<<<< 's_flipper_right_upper_eos' inactive >>>>>>>
2026-03-03 12:59:12,194 : INFO : SwitchController : <<<<<<< 's_flipper_right_lower' active >>>>>>>
2026-03-03 12:59:12,194 : INFO : EventManager : Event: ======'machine_var_audits_switches_s_flipper_right_lower'====== Args={'value': 894, 'prev_value': 893, 'change': 1}
2026-03-03 12:59:12,232 : INFO : SwitchController : <<<<<<< 's_flipper_right_lower_eos' inactive >>>>>>>
2026-03-03 12:59:12,422 : INFO : SwitchController : <<<<<<< 's_flipper_right_lower' inactive >>>>>>>
2026-03-03 12:59:12,517 : INFO : SwitchController : <<<<<<< 's_flipper_right_lower_eos' active >>>>>>>
2026-03-03 12:59:12,517 : INFO : EventManager : Event: ======'machine_var_audits_switches_s_flipper_right_lower_eos'====== Args={'value': 578, 'prev_value': 577, 'change': 1}
2026-03-03 12:59:12,754 : INFO : SwitchController : <<<<<<< 's_flipper_right_lower' active >>>>>>>
2026-03-03 12:59:12,754 : INFO : EventManager : Event: ======'machine_var_audits_switches_s_flipper_right_lower'====== Args={'value': 895, 'prev_value': 894, 'change': 1}
2026-03-03 12:59:12,793 : INFO : SwitchController : <<<<<<< 's_flipper_right_lower_eos' inactive >>>>>>>
2026-03-03 12:59:12,988 : INFO : SwitchController : <<<<<<< 's_flipper_right_lower' inactive >>>>>>>
2026-03-03 12:59:13,090 : INFO : SwitchController : <<<<<<< 's_flipper_right_lower_eos' active >>>>>>>
2026-03-03 12:59:13,090 : INFO : EventManager : Event: ======'machine_var_audits_switches_s_flipper_right_lower_eos'====== Args={'value': 579, 'prev_value': 578, 'change': 1}
2026-03-03 12:59:13,252 : INFO : SwitchController : <<<<<<< 's_flipper_right_lower' active >>>>>>>
2026-03-03 12:59:13,253 : INFO : EventManager : Event: ======'machine_var_audits_switches_s_flipper_right_lower'====== Args={'value': 896, 'prev_value': 895, 'change': 1}
2026-03-03 12:59:13,287 : INFO : SwitchController : <<<<<<< 's_flipper_right_lower_eos' inactive >>>>>>>
2026-03-03 12:59:13,572 : INFO : SwitchController : <<<<<<< 's_flipper_right_lower' inactive >>>>>>>
2026-03-03 12:59:13,666 : INFO : SwitchController : <<<<<<< 's_flipper_right_lower_eos' active >>>>>>>
2026-03-03 12:59:13,666 : INFO : EventManager : Event: ======'machine_var_audits_switches_s_flipper_right_lower_eos'====== Args={'value': 580, 'prev_value': 579, 'change': 1}
2026-03-03 12:59:15,048 : INFO : SwitchController : <<<<<<< 's_flipper_right_upper' active >>>>>>>
2026-03-03 12:59:15,048 : INFO : EventManager : Event: ======'machine_var_audits_switches_s_flipper_right_upper'====== Args={'value': 605, 'prev_value': 604, 'change': 1}
2026-03-03 12:59:15,071 : INFO : SwitchController : <<<<<<< 's_flipper_right_upper_eos' active >>>>>>>
2026-03-03 12:59:15,071 : INFO : EventManager : Event: ======'machine_var_audits_switches_s_flipper_right_upper_eos'====== Args={'value': 433, 'prev_value': 432, 'change': 1}
2026-03-03 12:59:15,072 : INFO : SwitchController : <<<<<<< 's_flipper_right_upper' inactive >>>>>>>
2026-03-03 12:59:15,089 : INFO : SwitchController : <<<<<<< 's_flipper_right_upper' active >>>>>>>
2026-03-03 12:59:15,089 : INFO : EventManager : Event: ======'machine_var_audits_switches_s_flipper_right_upper'====== Args={'value': 606, 'prev_value': 605, 'change': 1}
2026-03-03 12:59:15,156 : INFO : SwitchController : <<<<<<< 's_flipper_right_upper' inactive >>>>>>>
2026-03-03 12:59:15,257 : INFO : SwitchController : <<<<<<< 's_flipper_right_upper_eos' inactive >>>>>>>
2026-03-03 12:59:15,587 : INFO : SwitchController : <<<<<<< 's_flipper_right_upper' active >>>>>>>
2026-03-03 12:59:15,588 : INFO : EventManager : Event: ======'machine_var_audits_switches_s_flipper_right_upper'====== Args={'value': 607, 'prev_value': 606, 'change': 1}
2026-03-03 12:59:15,611 : INFO : SwitchController : <<<<<<< 's_flipper_right_upper_eos' active >>>>>>>
2026-03-03 12:59:15,611 : INFO : EventManager : Event: ======'machine_var_audits_switches_s_flipper_right_upper_eos'====== Args={'value': 434, 'prev_value': 433, 'change': 1}
2026-03-03 12:59:15,752 : INFO : SwitchController : <<<<<<< 's_flipper_right_upper' inactive >>>>>>>
2026-03-03 12:59:15,851 : INFO : SwitchController : <<<<<<< 's_flipper_right_upper_eos' inactive >>>>>>>
2026-03-03 12:59:16,029 : INFO : SwitchController : <<<<<<< 's_flipper_right_upper' active >>>>>>>
2026-03-03 12:59:16,029 : INFO : EventManager : Event: ======'machine_var_audits_switches_s_flipper_right_upper'====== Args={'value': 608, 'prev_value': 607, 'change': 1}
2026-03-03 12:59:16,052 : INFO : SwitchController : <<<<<<< 's_flipper_right_upper_eos' active >>>>>>>
2026-03-03 12:59:16,052 : INFO : EventManager : Event: ======'machine_var_audits_switches_s_flipper_right_upper_eos'====== Args={'value': 435, 'prev_value': 434, 'change': 1}
2026-03-03 12:59:16,169 : INFO : SwitchController : <<<<<<< 's_flipper_right_upper' inactive >>>>>>>
2026-03-03 12:59:16,269 : INFO : SwitchController : <<<<<<< 's_flipper_right_upper_eos' inactive >>>>>>>
2026-03-03 12:59:16,645 : INFO : SwitchController : <<<<<<< 's_flipper_right_lower' active >>>>>>>
2026-03-03 12:59:16,646 : INFO : EventManager : Event: ======'machine_var_audits_switches_s_flipper_right_lower'====== Args={'value': 897, 'prev_value': 896, 'change': 1}
2026-03-03 12:59:16,646 : INFO : SwitchController : <<<<<<< 's_flipper_right_upper' active >>>>>>>
2026-03-03 12:59:16,646 : INFO : EventManager : Event: ======'machine_var_audits_switches_s_flipper_right_upper'====== Args={'value': 609, 'prev_value': 608, 'change': 1}
2026-03-03 12:59:16,665 : INFO : SwitchController : <<<<<<< 's_flipper_right_upper_eos' active >>>>>>>
2026-03-03 12:59:16,665 : INFO : EventManager : Event: ======'machine_var_audits_switches_s_flipper_right_upper_eos'====== Args={'value': 436, 'prev_value': 435, 'change': 1}
2026-03-03 12:59:17,642 : INFO : SwitchController : <<<<<<< 's_flipper_right_lower' inactive >>>>>>>
2026-03-03 12:59:17,642 : INFO : SwitchController : <<<<<<< 's_flipper_right_upper' inactive >>>>>>>
2026-03-03 12:59:17,744 : INFO : SwitchController : <<<<<<< 's_flipper_right_upper_eos' inactive >>>>>>>
2026-03-03 12:59:18,261 : INFO : SwitchController : <<<<<<< 's_flipper_right_upper' active >>>>>>>
2026-03-03 12:59:18,261 : INFO : EventManager : Event: ======'machine_var_audits_switches_s_flipper_right_upper'====== Args={'value': 610, 'prev_value': 609, 'change': 1}
2026-03-03 12:59:18,262 : INFO : SwitchController : <<<<<<< 's_flipper_right_lower' active >>>>>>>
2026-03-03 12:59:18,262 : INFO : EventManager : Event: ======'machine_var_audits_switches_s_flipper_right_lower'====== Args={'value': 898, 'prev_value': 897, 'change': 1}
2026-03-03 12:59:18,284 : INFO : SwitchController : <<<<<<< 's_flipper_right_upper_eos' active >>>>>>>
2026-03-03 12:59:18,285 : INFO : EventManager : Event: ======'machine_var_audits_switches_s_flipper_right_upper_eos'====== Args={'value': 437, 'prev_value': 436, 'change': 1}
2026-03-03 12:59:18,302 : INFO : SwitchController : <<<<<<< 's_flipper_right_lower_eos' inactive >>>>>>>
2026-03-03 12:59:18,509 : INFO : SwitchController : <<<<<<< 's_flipper_right_upper' inactive >>>>>>>
2026-03-03 12:59:18,510 : INFO : SwitchController : <<<<<<< 's_flipper_right_lower' inactive >>>>>>>
2026-03-03 12:59:18,611 : INFO : SwitchController : <<<<<<< 's_flipper_right_upper_eos' inactive >>>>>>>
2026-03-03 12:59:18,624 : INFO : SwitchController : <<<<<<< 's_flipper_right_lower_eos' active >>>>>>>
2026-03-03 12:59:18,625 : INFO : EventManager : Event: ======'machine_var_audits_switches_s_flipper_right_lower_eos'====== Args={'value': 581, 'prev_value': 580, 'change': 1}
2026-03-03 12:59:18,970 : INFO : SwitchController : <<<<<<< 's_flipper_right_lower' active >>>>>>>
2026-03-03 12:59:18,970 : INFO : EventManager : Event: ======'machine_var_audits_switches_s_flipper_right_lower'====== Args={'value': 899, 'prev_value': 898, 'change': 1}
2026-03-03 12:59:18,971 : INFO : SwitchController : <<<<<<< 's_flipper_right_upper' active >>>>>>>
2026-03-03 12:59:18,971 : INFO : EventManager : Event: ======'machine_var_audits_switches_s_flipper_right_upper'====== Args={'value': 611, 'prev_value': 610, 'change': 1}
2026-03-03 12:59:18,994 : INFO : SwitchController : <<<<<<< 's_flipper_right_upper_eos' active >>>>>>>
2026-03-03 12:59:18,995 : INFO : EventManager : Event: ======'machine_var_audits_switches_s_flipper_right_upper_eos'====== Args={'value': 438, 'prev_value': 437, 'change': 1}
2026-03-03 12:59:19,010 : INFO : SwitchController : <<<<<<< 's_flipper_right_lower_eos' inactive >>>>>>>
2026-03-03 12:59:19,295 : INFO : SwitchController : <<<<<<< 's_flipper_right_upper' inactive >>>>>>>
2026-03-03 12:59:19,296 : INFO : SwitchController : <<<<<<< 's_flipper_right_lower' inactive >>>>>>>
2026-03-03 12:59:19,396 : INFO : SwitchController : <<<<<<< 's_flipper_right_upper_eos' inactive >>>>>>>
2026-03-03 12:59:19,413 : INFO : SwitchController : <<<<<<< 's_flipper_right_lower_eos' active >>>>>>>
2026-03-03 12:59:19,414 : INFO : EventManager : Event: ======'machine_var_audits_switches_s_flipper_right_lower_eos'====== Args={'value': 582, 'prev_value': 581, 'change': 1}
2026-03-03 12:59:19,697 : INFO : SwitchController : <<<<<<< 's_flipper_right_lower' active >>>>>>>
2026-03-03 12:59:19,697 : INFO : EventManager : Event: ======'machine_var_audits_switches_s_flipper_right_lower'====== Args={'value': 900, 'prev_value': 899, 'change': 1}
2026-03-03 12:59:19,698 : INFO : SwitchController : <<<<<<< 's_flipper_right_upper' active >>>>>>>
2026-03-03 12:59:19,698 : INFO : EventManager : Event: ======'machine_var_audits_switches_s_flipper_right_upper'====== Args={'value': 612, 'prev_value': 611, 'change': 1}
2026-03-03 12:59:19,721 : INFO : SwitchController : <<<<<<< 's_flipper_right_upper_eos' active >>>>>>>
2026-03-03 12:59:19,722 : INFO : EventManager : Event: ======'machine_var_audits_switches_s_flipper_right_upper_eos'====== Args={'value': 439, 'prev_value': 438, 'change': 1}
2026-03-03 12:59:19,735 : INFO : SwitchController : <<<<<<< 's_flipper_right_lower_eos' inactive >>>>>>>
2026-03-03 12:59:19,850 : INFO : SwitchController : <<<<<<< 's_flipper_right_upper' inactive >>>>>>>
2026-03-03 12:59:19,851 : INFO : SwitchController : <<<<<<< 's_flipper_right_lower' inactive >>>>>>>
2026-03-03 12:59:19,948 : INFO : SwitchController : <<<<<<< 's_flipper_right_lower_eos' active >>>>>>>
2026-03-03 12:59:19,948 : INFO : EventManager : Event: ======'machine_var_audits_switches_s_flipper_right_lower_eos'====== Args={'value': 583, 'prev_value': 582, 'change': 1}
2026-03-03 12:59:19,951 : INFO : SwitchController : <<<<<<< 's_flipper_right_upper_eos' inactive >>>>>>>
2026-03-03 12:59:28,387 : INFO : SwitchController : <<<<<<< 's_flipper_right_lower' active >>>>>>>
2026-03-03 12:59:28,387 : INFO : EventManager : Event: ======'machine_var_audits_switches_s_flipper_right_lower'====== Args={'value': 901, 'prev_value': 900, 'change': 1}
2026-03-03 12:59:28,406 : INFO : SwitchController : <<<<<<< 's_flipper_right_lower' inactive >>>>>>>
2026-03-03 12:59:34,796 : INFO : SwitchController : <<<<<<< 's_flipper_right_lower' active >>>>>>>
2026-03-03 12:59:34,797 : INFO : EventManager : Event: ======'machine_var_audits_switches_s_flipper_right_lower'====== Args={'value': 902, 'prev_value': 901, 'change': 1}
2026-03-03 12:59:34,814 : INFO : SwitchController : <<<<<<< 's_flipper_right_upper' active >>>>>>>
2026-03-03 12:59:34,815 : INFO : EventManager : Event: ======'machine_var_audits_switches_s_flipper_right_upper'====== Args={'value': 613, 'prev_value': 612, 'change': 1}
2026-03-03 12:59:34,836 : INFO : SwitchController : <<<<<<< 's_flipper_right_lower_eos' inactive >>>>>>>
2026-03-03 12:59:34,838 : INFO : SwitchController : <<<<<<< 's_flipper_right_upper_eos' active >>>>>>>
2026-03-03 12:59:34,838 : INFO : EventManager : Event: ======'machine_var_audits_switches_s_flipper_right_upper_eos'====== Args={'value': 440, 'prev_value': 439, 'change': 1}
2026-03-03 12:59:35,884 : INFO : SwitchController : <<<<<<< 's_flipper_right_upper' inactive >>>>>>>
2026-03-03 12:59:35,903 : INFO : SwitchController : <<<<<<< 's_flipper_right_lower' inactive >>>>>>>
2026-03-03 12:59:35,985 : INFO : SwitchController : <<<<<<< 's_flipper_right_upper_eos' inactive >>>>>>>
2026-03-03 12:59:36,007 : INFO : SwitchController : <<<<<<< 's_flipper_right_lower_eos' active >>>>>>>
2026-03-03 12:59:36,007 : INFO : EventManager : Event: ======'machine_var_audits_switches_s_flipper_right_lower_eos'====== Args={'value': 584, 'prev_value': 583, 'change': 1}
2026-03-03 12:59:36,829 : INFO : SwitchController : <<<<<<< 's_flipper_right_lower' active >>>>>>>
2026-03-03 12:59:36,829 : INFO : EventManager : Event: ======'machine_var_audits_switches_s_flipper_right_lower'====== Args={'value': 903, 'prev_value': 902, 'change': 1}
2026-03-03 12:59:36,829 : INFO : SwitchController : <<<<<<< 's_flipper_right_upper' active >>>>>>>
2026-03-03 12:59:36,829 : INFO : EventManager : Event: ======'machine_var_audits_switches_s_flipper_right_upper'====== Args={'value': 614, 'prev_value': 613, 'change': 1}
2026-03-03 12:59:36,850 : INFO : SwitchController : <<<<<<< 's_flipper_right_upper_eos' active >>>>>>>
2026-03-03 12:59:36,850 : INFO : EventManager : Event: ======'machine_var_audits_switches_s_flipper_right_upper_eos'====== Args={'value': 441, 'prev_value': 440, 'change': 1}
2026-03-03 12:59:36,957 : INFO : SwitchController : <<<<<<< 's_flipper_right_upper' inactive >>>>>>>
2026-03-03 12:59:36,959 : INFO : SwitchController : <<<<<<< 's_flipper_right_lower' inactive >>>>>>>
2026-03-03 12:59:37,058 : INFO : SwitchController : <<<<<<< 's_flipper_right_upper_eos' inactive >>>>>>>
2026-03-03 12:59:37,213 : INFO : SwitchController : <<<<<<< 's_flipper_right_upper' active >>>>>>>
2026-03-03 12:59:37,213 : INFO : EventManager : Event: ======'machine_var_audits_switches_s_flipper_right_upper'====== Args={'value': 615, 'prev_value': 614, 'change': 1}
2026-03-03 12:59:37,214 : INFO : SwitchController : <<<<<<< 's_flipper_right_lower' active >>>>>>>
2026-03-03 12:59:37,214 : INFO : EventManager : Event: ======'machine_var_audits_switches_s_flipper_right_lower'====== Args={'value': 904, 'prev_value': 903, 'change': 1}
2026-03-03 12:59:37,237 : INFO : SwitchController : <<<<<<< 's_flipper_right_upper_eos' active >>>>>>>
2026-03-03 12:59:37,237 : INFO : EventManager : Event: ======'machine_var_audits_switches_s_flipper_right_upper_eos'====== Args={'value': 442, 'prev_value': 441, 'change': 1}
2026-03-03 12:59:37,239 : INFO : SwitchController : <<<<<<< 's_flipper_right_lower_eos' inactive >>>>>>>
2026-03-03 12:59:37,317 : INFO : SwitchController : <<<<<<< 's_flipper_right_upper' inactive >>>>>>>
2026-03-03 12:59:37,319 : INFO : SwitchController : <<<<<<< 's_flipper_right_lower' inactive >>>>>>>
2026-03-03 12:59:37,412 : INFO : SwitchController : <<<<<<< 's_flipper_right_lower_eos' active >>>>>>>
2026-03-03 12:59:37,412 : INFO : EventManager : Event: ======'machine_var_audits_switches_s_flipper_right_lower_eos'====== Args={'value': 585, 'prev_value': 584, 'change': 1}
2026-03-03 12:59:37,418 : INFO : SwitchController : <<<<<<< 's_flipper_right_upper_eos' inactive >>>>>>>
2026-03-03 12:59:37,923 : INFO : SwitchController : <<<<<<< 's_flipper_right_lower' active >>>>>>>
2026-03-03 12:59:37,923 : INFO : EventManager : Event: ======'machine_var_audits_switches_s_flipper_right_lower'====== Args={'value': 905, 'prev_value': 904, 'change': 1}
2026-03-03 12:59:37,924 : INFO : SwitchController : <<<<<<< 's_flipper_right_upper' active >>>>>>>
2026-03-03 12:59:37,924 : INFO : EventManager : Event: ======'machine_var_audits_switches_s_flipper_right_upper'====== Args={'value': 616, 'prev_value': 615, 'change': 1}
2026-03-03 12:59:37,946 : INFO : SwitchController : <<<<<<< 's_flipper_right_upper_eos' active >>>>>>>
2026-03-03 12:59:37,947 : INFO : EventManager : Event: ======'machine_var_audits_switches_s_flipper_right_upper_eos'====== Args={'value': 443, 'prev_value': 442, 'change': 1}
2026-03-03 12:59:37,962 : INFO : SwitchController : <<<<<<< 's_flipper_right_lower_eos' inactive >>>>>>>
2026-03-03 12:59:38,058 : INFO : SwitchController : <<<<<<< 's_flipper_right_upper' inactive >>>>>>>
2026-03-03 12:59:38,061 : INFO : SwitchController : <<<<<<< 's_flipper_right_lower' inactive >>>>>>>
2026-03-03 12:59:38,159 : INFO : SwitchController : <<<<<<< 's_flipper_right_upper_eos' inactive >>>>>>>
2026-03-03 12:59:38,173 : INFO : SwitchController : <<<<<<< 's_flipper_right_lower_eos' active >>>>>>>
2026-03-03 12:59:38,173 : INFO : EventManager : Event: ======'machine_var_audits_switches_s_flipper_right_lower_eos'====== Args={'value': 586, 'prev_value': 585, 'change': 1}
2026-03-03 12:59:38,486 : INFO : SwitchController : <<<<<<< 's_flipper_right_lower' active >>>>>>>
2026-03-03 12:59:38,486 : INFO : EventManager : Event: ======'machine_var_audits_switches_s_flipper_right_lower'====== Args={'value': 906, 'prev_value': 905, 'change': 1}
2026-03-03 12:59:38,488 : INFO : SwitchController : <<<<<<< 's_flipper_right_upper' active >>>>>>>
2026-03-03 12:59:38,488 : INFO : EventManager : Event: ======'machine_var_audits_switches_s_flipper_right_upper'====== Args={'value': 617, 'prev_value': 616, 'change': 1}
2026-03-03 12:59:38,511 : INFO : SwitchController : <<<<<<< 's_flipper_right_upper_eos' active >>>>>>>
2026-03-03 12:59:38,511 : INFO : EventManager : Event: ======'machine_var_audits_switches_s_flipper_right_upper_eos'====== Args={'value': 444, 'prev_value': 443, 'change': 1}
2026-03-03 12:59:38,527 : INFO : SwitchController : <<<<<<< 's_flipper_right_lower_eos' inactive >>>>>>>
2026-03-03 12:59:38,592 : INFO : SwitchController : <<<<<<< 's_flipper_right_upper' inactive >>>>>>>
2026-03-03 12:59:38,594 : INFO : SwitchController : <<<<<<< 's_flipper_right_lower' inactive >>>>>>>
2026-03-03 12:59:38,655 : INFO : SwitchController : <<<<<<< 's_flipper_right_lower_eos' active >>>>>>>
2026-03-03 12:59:38,655 : INFO : EventManager : Event: ======'machine_var_audits_switches_s_flipper_right_lower_eos'====== Args={'value': 587, 'prev_value': 586, 'change': 1}
2026-03-03 12:59:38,694 : INFO : SwitchController : <<<<<<< 's_flipper_right_upper_eos' inactive >>>>>>>
2026-03-03 12:59:39,005 : INFO : SwitchController : <<<<<<< 's_flipper_right_lower' active >>>>>>>
2026-03-03 12:59:39,005 : INFO : EventManager : Event: ======'machine_var_audits_switches_s_flipper_right_lower'====== Args={'value': 907, 'prev_value': 906, 'change': 1}
2026-03-03 12:59:39,005 : INFO : SwitchController : <<<<<<< 's_flipper_right_upper' active >>>>>>>
2026-03-03 12:59:39,005 : INFO : EventManager : Event: ======'machine_var_audits_switches_s_flipper_right_upper'====== Args={'value': 618, 'prev_value': 617, 'change': 1}
2026-03-03 12:59:39,028 : INFO : SwitchController : <<<<<<< 's_flipper_right_upper_eos' active >>>>>>>
2026-03-03 12:59:39,028 : INFO : EventManager : Event: ======'machine_var_audits_switches_s_flipper_right_upper_eos'====== Args={'value': 445, 'prev_value': 444, 'change': 1}
2026-03-03 12:59:39,042 : INFO : SwitchController : <<<<<<< 's_flipper_right_lower_eos' inactive >>>>>>>
2026-03-03 12:59:39,116 : INFO : SwitchController : <<<<<<< 's_flipper_right_upper' inactive >>>>>>>
2026-03-03 12:59:39,119 : INFO : SwitchController : <<<<<<< 's_flipper_right_lower' inactive >>>>>>>
2026-03-03 12:59:39,217 : INFO : SwitchController : <<<<<<< 's_flipper_right_upper_eos' inactive >>>>>>>
2026-03-03 12:59:39,226 : INFO : SwitchController : <<<<<<< 's_flipper_right_lower_eos' active >>>>>>>
2026-03-03 12:59:39,226 : INFO : EventManager : Event: ======'machine_var_audits_switches_s_flipper_right_lower_eos'====== Args={'value': 588, 'prev_value': 587, 'change': 1}
2026-03-03 12:59:43,216 : INFO : SwitchController : <<<<<<< 's_flipper_right_upper' active >>>>>>>
2026-03-03 12:59:43,216 : INFO : EventManager : Event: ======'machine_var_audits_switches_s_flipper_right_upper'====== Args={'value': 619, 'prev_value': 618, 'change': 1}
2026-03-03 12:59:43,239 : INFO : SwitchController : <<<<<<< 's_flipper_right_upper_eos' active >>>>>>>
2026-03-03 12:59:43,240 : INFO : EventManager : Event: ======'machine_var_audits_switches_s_flipper_right_upper_eos'====== Args={'value': 446, 'prev_value': 445, 'change': 1}
2026-03-03 12:59:43,326 : INFO : SwitchController : <<<<<<< 's_flipper_right_upper' inactive >>>>>>>
2026-03-03 12:59:43,426 : INFO : SwitchController : <<<<<<< 's_flipper_right_upper_eos' inactive >>>>>>>
2026-03-03 12:59:44,437 : INFO : SwitchController : <<<<<<< 's_flipper_right_upper' active >>>>>>>
2026-03-03 12:59:44,438 : INFO : EventManager : Event: ======'machine_var_audits_switches_s_flipper_right_upper'====== Args={'value': 620, 'prev_value': 619, 'change': 1}
2026-03-03 12:59:44,446 : INFO : SwitchController : <<<<<<< 's_flipper_right_lower' active >>>>>>>
2026-03-03 12:59:44,446 : INFO : EventManager : Event: ======'machine_var_audits_switches_s_flipper_right_lower'====== Args={'value': 908, 'prev_value': 907, 'change': 1}
2026-03-03 12:59:44,461 : INFO : SwitchController : <<<<<<< 's_flipper_right_upper_eos' active >>>>>>>
2026-03-03 12:59:44,461 : INFO : EventManager : Event: ======'machine_var_audits_switches_s_flipper_right_upper_eos'====== Args={'value': 447, 'prev_value': 446, 'change': 1}
2026-03-03 12:59:44,483 : INFO : SwitchController : <<<<<<< 's_flipper_right_lower_eos' inactive >>>>>>>
2026-03-03 12:59:44,576 : INFO : SwitchController : <<<<<<< 's_flipper_right_lower' inactive >>>>>>>
2026-03-03 12:59:44,580 : INFO : SwitchController : <<<<<<< 's_flipper_right_upper' inactive >>>>>>>
2026-03-03 12:59:44,672 : INFO : SwitchController : <<<<<<< 's_flipper_right_lower_eos' active >>>>>>>
2026-03-03 12:59:44,673 : INFO : EventManager : Event: ======'machine_var_audits_switches_s_flipper_right_lower_eos'====== Args={'value': 589, 'prev_value': 588, 'change': 1}
2026-03-03 12:59:44,679 : INFO : SwitchController : <<<<<<< 's_flipper_right_upper_eos' inactive >>>>>>>
2026-03-03 12:59:44,860 : INFO : SwitchController : <<<<<<< 's_flipper_right_upper' active >>>>>>>
2026-03-03 12:59:44,860 : INFO : EventManager : Event: ======'machine_var_audits_switches_s_flipper_right_upper'====== Args={'value': 621, 'prev_value': 620, 'change': 1}
2026-03-03 12:59:44,861 : INFO : SwitchController : <<<<<<< 's_flipper_right_lower' active >>>>>>>
2026-03-03 12:59:44,861 : INFO : EventManager : Event: ======'machine_var_audits_switches_s_flipper_right_lower'====== Args={'value': 909, 'prev_value': 908, 'change': 1}
2026-03-03 12:59:44,883 : INFO : SwitchController : <<<<<<< 's_flipper_right_upper_eos' active >>>>>>>
2026-03-03 12:59:44,883 : INFO : EventManager : Event: ======'machine_var_audits_switches_s_flipper_right_upper_eos'====== Args={'value': 448, 'prev_value': 447, 'change': 1}
2026-03-03 12:59:44,900 : INFO : SwitchController : <<<<<<< 's_flipper_right_lower_eos' inactive >>>>>>>
2026-03-03 12:59:45,019 : INFO : SwitchController : <<<<<<< 's_flipper_right_lower' inactive >>>>>>>
2026-03-03 12:59:45,022 : INFO : SwitchController : <<<<<<< 's_flipper_right_upper' inactive >>>>>>>
2026-03-03 12:59:45,114 : INFO : SwitchController : <<<<<<< 's_flipper_right_lower_eos' active >>>>>>>
2026-03-03 12:59:45,115 : INFO : EventManager : Event: ======'machine_var_audits_switches_s_flipper_right_lower_eos'====== Args={'value': 590, 'prev_value': 589, 'change': 1}
2026-03-03 12:59:45,123 : INFO : SwitchController : <<<<<<< 's_flipper_right_upper_eos' inactive >>>>>>>
2026-03-03 12:59:45,261 : INFO : SwitchController : <<<<<<< 's_flipper_right_lower' active >>>>>>>
2026-03-03 12:59:45,261 : INFO : EventManager : Event: ======'machine_var_audits_switches_s_flipper_right_lower'====== Args={'value': 910, 'prev_value': 909, 'change': 1}
2026-03-03 12:59:45,262 : INFO : SwitchController : <<<<<<< 's_flipper_right_upper' active >>>>>>>
2026-03-03 12:59:45,262 : INFO : EventManager : Event: ======'machine_var_audits_switches_s_flipper_right_upper'====== Args={'value': 622, 'prev_value': 621, 'change': 1}
2026-03-03 12:59:45,285 : INFO : SwitchController : <<<<<<< 's_flipper_right_upper_eos' active >>>>>>>
2026-03-03 12:59:45,286 : INFO : EventManager : Event: ======'machine_var_audits_switches_s_flipper_right_upper_eos'====== Args={'value': 449, 'prev_value': 448, 'change': 1}
2026-03-03 12:59:45,301 : INFO : SwitchController : <<<<<<< 's_flipper_right_lower_eos' inactive >>>>>>>
2026-03-03 12:59:45,468 : INFO : SwitchController : <<<<<<< 's_flipper_right_lower' inactive >>>>>>>
2026-03-03 12:59:45,483 : INFO : SwitchController : <<<<<<< 's_flipper_right_upper' inactive >>>>>>>
2026-03-03 12:59:45,567 : INFO : SwitchController : <<<<<<< 's_flipper_right_lower_eos' active >>>>>>>
2026-03-03 12:59:45,568 : INFO : EventManager : Event: ======'machine_var_audits_switches_s_flipper_right_lower_eos'====== Args={'value': 591, 'prev_value': 590, 'change': 1}
2026-03-03 12:59:45,583 : INFO : SwitchController : <<<<<<< 's_flipper_right_upper_eos' inactive >>>>>>>
2026-03-03 12:59:46,231 : INFO : SwitchController : <<<<<<< 's_flipper_right_upper' active >>>>>>>
2026-03-03 12:59:46,231 : INFO : EventManager : Event: ======'machine_var_audits_switches_s_flipper_right_upper'====== Args={'value': 623, 'prev_value': 622, 'change': 1}
2026-03-03 12:59:46,233 : INFO : SwitchController : <<<<<<< 's_flipper_right_lower' active >>>>>>>
2026-03-03 12:59:46,233 : INFO : EventManager : Event: ======'machine_var_audits_switches_s_flipper_right_lower'====== Args={'value': 911, 'prev_value': 910, 'change': 1}
2026-03-03 12:59:46,260 : INFO : SwitchController : <<<<<<< 's_flipper_right_upper_eos' active >>>>>>>
2026-03-03 12:59:46,261 : INFO : EventManager : Event: ======'machine_var_audits_switches_s_flipper_right_upper_eos'====== Args={'value': 450, 'prev_value': 449, 'change': 1}
2026-03-03 12:59:46,275 : INFO : SwitchController : <<<<<<< 's_flipper_right_lower_eos' inactive >>>>>>>
2026-03-03 12:59:46,429 : INFO : SwitchController : <<<<<<< 's_flipper_right_lower' inactive >>>>>>>
2026-03-03 12:59:46,445 : INFO : SwitchController : <<<<<<< 's_flipper_right_upper' inactive >>>>>>>
2026-03-03 12:59:46,491 : INFO : SwitchController : <<<<<<< 's_flipper_right_lower_eos' active >>>>>>>
2026-03-03 12:59:46,491 : INFO : EventManager : Event: ======'machine_var_audits_switches_s_flipper_right_lower_eos'====== Args={'value': 592, 'prev_value': 591, 'change': 1}
2026-03-03 12:59:46,547 : INFO : SwitchController : <<<<<<< 's_flipper_right_upper_eos' inactive >>>>>>>
2026-03-03 12:59:46,785 : INFO : SwitchController : <<<<<<< 's_flipper_right_lower' active >>>>>>>
2026-03-03 12:59:46,785 : INFO : EventManager : Event: ======'machine_var_audits_switches_s_flipper_right_lower'====== Args={'value': 912, 'prev_value': 911, 'change': 1}
2026-03-03 12:59:46,785 : INFO : SwitchController : <<<<<<< 's_flipper_right_upper' active >>>>>>>
2026-03-03 12:59:46,785 : INFO : EventManager : Event: ======'machine_var_audits_switches_s_flipper_right_upper'====== Args={'value': 624, 'prev_value': 623, 'change': 1}
2026-03-03 12:59:46,808 : INFO : SwitchController : <<<<<<< 's_flipper_right_upper_eos' active >>>>>>>
2026-03-03 12:59:46,808 : INFO : EventManager : Event: ======'machine_var_audits_switches_s_flipper_right_upper_eos'====== Args={'value': 451, 'prev_value': 450, 'change': 1}
2026-03-03 12:59:46,822 : INFO : SwitchController : <<<<<<< 's_flipper_right_lower_eos' inactive >>>>>>>
2026-03-03 12:59:46,918 : INFO : SwitchController : <<<<<<< 's_flipper_right_lower' inactive >>>>>>>
2026-03-03 12:59:46,922 : INFO : SwitchController : <<<<<<< 's_flipper_right_upper' inactive >>>>>>>
2026-03-03 12:59:47,014 : INFO : SwitchController : <<<<<<< 's_flipper_right_lower_eos' active >>>>>>>
2026-03-03 12:59:47,014 : INFO : EventManager : Event: ======'machine_var_audits_switches_s_flipper_right_lower_eos'====== Args={'value': 593, 'prev_value': 592, 'change': 1}
2026-03-03 12:59:47,023 : INFO : SwitchController : <<<<<<< 's_flipper_right_upper_eos' inactive >>>>>>>
2026-03-03 12:59:47,237 : INFO : SwitchController : <<<<<<< 's_flipper_right_lower' active >>>>>>>
2026-03-03 12:59:47,237 : INFO : EventManager : Event: ======'machine_var_audits_switches_s_flipper_right_lower'====== Args={'value': 913, 'prev_value': 912, 'change': 1}
2026-03-03 12:59:47,240 : INFO : SwitchController : <<<<<<< 's_flipper_right_upper' active >>>>>>>
2026-03-03 12:59:47,240 : INFO : EventManager : Event: ======'machine_var_audits_switches_s_flipper_right_upper'====== Args={'value': 625, 'prev_value': 624, 'change': 1}
2026-03-03 12:59:47,264 : INFO : SwitchController : <<<<<<< 's_flipper_right_upper_eos' active >>>>>>>
2026-03-03 12:59:47,265 : INFO : EventManager : Event: ======'machine_var_audits_switches_s_flipper_right_upper_eos'====== Args={'value': 452, 'prev_value': 451, 'change': 1}
2026-03-03 12:59:47,274 : INFO : SwitchController : <<<<<<< 's_flipper_right_lower_eos' inactive >>>>>>>
2026-03-03 12:59:47,389 : INFO : SwitchController : <<<<<<< 's_flipper_right_lower' inactive >>>>>>>
2026-03-03 12:59:47,394 : INFO : SwitchController : <<<<<<< 's_flipper_right_upper' inactive >>>>>>>
2026-03-03 12:59:47,483 : INFO : SwitchController : <<<<<<< 's_flipper_right_lower_eos' active >>>>>>>
2026-03-03 12:59:47,483 : INFO : EventManager : Event: ======'machine_var_audits_switches_s_flipper_right_lower_eos'====== Args={'value': 594, 'prev_value': 593, 'change': 1}
2026-03-03 12:59:47,498 : INFO : SwitchController : <<<<<<< 's_flipper_right_upper_eos' inactive >>>>>>>
2026-03-03 12:59:49,932 : INFO : SwitchController : <<<<<<< 's_flipper_right_upper' active >>>>>>>
2026-03-03 12:59:49,932 : INFO : EventManager : Event: ======'machine_var_audits_switches_s_flipper_right_upper'====== Args={'value': 626, 'prev_value': 625, 'change': 1}
2026-03-03 12:59:49,952 : INFO : SwitchController : <<<<<<< 's_flipper_right_lower' active >>>>>>>
2026-03-03 12:59:49,952 : INFO : EventManager : Event: ======'machine_var_audits_switches_s_flipper_right_lower'====== Args={'value': 914, 'prev_value': 913, 'change': 1}
2026-03-03 12:59:49,955 : INFO : SwitchController : <<<<<<< 's_flipper_right_upper_eos' active >>>>>>>
2026-03-03 12:59:49,955 : INFO : EventManager : Event: ======'machine_var_audits_switches_s_flipper_right_upper_eos'====== Args={'value': 453, 'prev_value': 452, 'change': 1}
2026-03-03 12:59:49,988 : INFO : SwitchController : <<<<<<< 's_flipper_right_lower_eos' inactive >>>>>>>
2026-03-03 12:59:50,437 : INFO : SwitchController : <<<<<<< 's_flipper_right_lower' inactive >>>>>>>
2026-03-03 12:59:50,533 : INFO : SwitchController : <<<<<<< 's_flipper_right_lower_eos' active >>>>>>>
2026-03-03 12:59:50,533 : INFO : EventManager : Event: ======'machine_var_audits_switches_s_flipper_right_lower_eos'====== Args={'value': 595, 'prev_value': 594, 'change': 1}
2026-03-03 12:59:50,843 : INFO : SwitchController : <<<<<<< 's_flipper_right_upper' inactive >>>>>>>
2026-03-03 12:59:50,945 : INFO : SwitchController : <<<<<<< 's_flipper_right_upper_eos' inactive >>>>>>>
2026-03-03 12:59:52,921 : INFO : SwitchController : <<<<<<< 's_flipper_right_upper' active >>>>>>>
2026-03-03 12:59:52,921 : INFO : EventManager : Event: ======'machine_var_audits_switches_s_flipper_right_upper'====== Args={'value': 627, 'prev_value': 626, 'change': 1}
2026-03-03 12:59:52,944 : INFO : SwitchController : <<<<<<< 's_flipper_right_upper_eos' active >>>>>>>
2026-03-03 12:59:52,945 : INFO : EventManager : Event: ======'machine_var_audits_switches_s_flipper_right_upper_eos'====== Args={'value': 454, 'prev_value': 453, 'change': 1}
2026-03-03 12:59:53,094 : INFO : SwitchController : <<<<<<< 's_flipper_right_upper' inactive >>>>>>>
2026-03-03 12:59:53,098 : INFO : SwitchController : <<<<<<< 's_flipper_right_upper' active >>>>>>>
2026-03-03 12:59:53,098 : INFO : EventManager : Event: ======'machine_var_audits_switches_s_flipper_right_upper'====== Args={'value': 628, 'prev_value': 627, 'change': 1}
2026-03-03 12:59:53,101 : INFO : SwitchController : <<<<<<< 's_flipper_right_upper' inactive >>>>>>>
2026-03-03 12:59:53,104 : INFO : SwitchController : <<<<<<< 's_flipper_right_upper' active >>>>>>>
2026-03-03 12:59:53,104 : INFO : EventManager : Event: ======'machine_var_audits_switches_s_flipper_right_upper'====== Args={'value': 629, 'prev_value': 628, 'change': 1}
2026-03-03 12:59:53,109 : INFO : SwitchController : <<<<<<< 's_flipper_right_upper' inactive >>>>>>>
2026-03-03 12:59:53,112 : INFO : SwitchController : <<<<<<< 's_flipper_right_upper' active >>>>>>>
2026-03-03 12:59:53,112 : INFO : EventManager : Event: ======'machine_var_audits_switches_s_flipper_right_upper'====== Args={'value': 630, 'prev_value': 629, 'change': 1}
2026-03-03 12:59:53,336 : INFO : SwitchController : <<<<<<< 's_flipper_right_upper' inactive >>>>>>>
2026-03-03 12:59:53,339 : INFO : SwitchController : <<<<<<< 's_flipper_right_upper' active >>>>>>>
2026-03-03 12:59:53,339 : INFO : EventManager : Event: ======'machine_var_audits_switches_s_flipper_right_upper'====== Args={'value': 631, 'prev_value': 630, 'change': 1}
2026-03-03 12:59:53,441 : INFO : SwitchController : <<<<<<< 's_flipper_right_upper' inactive >>>>>>>
2026-03-03 12:59:53,443 : INFO : SwitchController : <<<<<<< 's_flipper_right_upper' active >>>>>>>
2026-03-03 12:59:53,443 : INFO : EventManager : Event: ======'machine_var_audits_switches_s_flipper_right_upper'====== Args={'value': 632, 'prev_value': 631, 'change': 1}
2026-03-03 12:59:53,451 : INFO : SwitchController : <<<<<<< 's_flipper_right_upper' inactive >>>>>>>
2026-03-03 12:59:53,456 : INFO : SwitchController : <<<<<<< 's_flipper_right_upper' active >>>>>>>
2026-03-03 12:59:53,456 : INFO : EventManager : Event: ======'machine_var_audits_switches_s_flipper_right_upper'====== Args={'value': 633, 'prev_value': 632, 'change': 1}
2026-03-03 12:59:53,461 : INFO : SwitchController : <<<<<<< 's_flipper_right_upper' inactive >>>>>>>
2026-03-03 12:59:53,470 : INFO : SwitchController : <<<<<<< 's_flipper_right_upper' active >>>>>>>
2026-03-03 12:59:53,470 : INFO : EventManager : Event: ======'machine_var_audits_switches_s_flipper_right_upper'====== Args={'value': 634, 'prev_value': 633, 'change': 1}
2026-03-03 12:59:53,471 : INFO : SwitchController : <<<<<<< 's_flipper_right_upper' inactive >>>>>>>
2026-03-03 12:59:53,575 : INFO : SwitchController : <<<<<<< 's_flipper_right_upper' active >>>>>>>
2026-03-03 12:59:53,575 : INFO : EventManager : Event: ======'machine_var_audits_switches_s_flipper_right_upper'====== Args={'value': 635, 'prev_value': 634, 'change': 1}
2026-03-03 12:59:53,577 : INFO : SwitchController : <<<<<<< 's_flipper_right_upper' inactive >>>>>>>
2026-03-03 12:59:53,579 : INFO : SwitchController : <<<<<<< 's_flipper_right_upper_eos' inactive >>>>>>>
2026-03-03 12:59:53,583 : INFO : SwitchController : <<<<<<< 's_flipper_right_upper' active >>>>>>>
2026-03-03 12:59:53,583 : INFO : EventManager : Event: ======'machine_var_audits_switches_s_flipper_right_upper'====== Args={'value': 636, 'prev_value': 635, 'change': 1}
2026-03-03 12:59:53,601 : INFO : SwitchController : <<<<<<< 's_flipper_right_upper_eos' active >>>>>>>
2026-03-03 12:59:53,602 : INFO : EventManager : Event: ======'machine_var_audits_switches_s_flipper_right_upper_eos'====== Args={'value': 455, 'prev_value': 454, 'change': 1}
2026-03-03 12:59:53,623 : INFO : SwitchController : <<<<<<< 's_flipper_right_upper' inactive >>>>>>>
2026-03-03 12:59:53,624 : INFO : SwitchController : <<<<<<< 's_flipper_right_upper' active >>>>>>>
2026-03-03 12:59:53,625 : INFO : EventManager : Event: ======'machine_var_audits_switches_s_flipper_right_upper'====== Args={'value': 637, 'prev_value': 636, 'change': 1}
2026-03-03 12:59:53,644 : INFO : SwitchController : <<<<<<< 's_flipper_right_upper' inactive >>>>>>>
2026-03-03 12:59:53,647 : INFO : SwitchController : <<<<<<< 's_flipper_right_upper' active >>>>>>>
2026-03-03 12:59:53,647 : INFO : EventManager : Event: ======'machine_var_audits_switches_s_flipper_right_upper'====== Args={'value': 638, 'prev_value': 637, 'change': 1}
2026-03-03 12:59:53,651 : INFO : SwitchController : <<<<<<< 's_flipper_right_upper' inactive >>>>>>>
2026-03-03 12:59:53,653 : INFO : SwitchController : <<<<<<< 's_flipper_right_upper' active >>>>>>>
2026-03-03 12:59:53,653 : INFO : EventManager : Event: ======'machine_var_audits_switches_s_flipper_right_upper'====== Args={'value': 639, 'prev_value': 638, 'change': 1}
2026-03-03 12:59:54,065 : INFO : SwitchController : <<<<<<< 's_flipper_right_upper' inactive >>>>>>>
2026-03-03 12:59:54,165 : INFO : SwitchController : <<<<<<< 's_flipper_right_upper_eos' inactive >>>>>>>
2026-03-03 12:59:55,458 : INFO : SwitchController : <<<<<<< 's_flipper_right_upper' active >>>>>>>
2026-03-03 12:59:55,459 : INFO : EventManager : Event: ======'machine_var_audits_switches_s_flipper_right_upper'====== Args={'value': 640, 'prev_value': 639, 'change': 1}
2026-03-03 12:59:55,481 : INFO : SwitchController : <<<<<<< 's_flipper_right_upper_eos' active >>>>>>>
2026-03-03 12:59:55,481 : INFO : EventManager : Event: ======'machine_var_audits_switches_s_flipper_right_upper_eos'====== Args={'value': 456, 'prev_value': 455, 'change': 1}
2026-03-03 12:59:55,565 : INFO : SwitchController : <<<<<<< 's_flipper_right_upper' inactive >>>>>>>
2026-03-03 12:59:55,666 : INFO : SwitchController : <<<<<<< 's_flipper_right_upper_eos' inactive >>>>>>>
2026-03-03 12:59:55,926 : INFO : SwitchController : <<<<<<< 's_flipper_right_upper' active >>>>>>>
2026-03-03 12:59:55,926 : INFO : EventManager : Event: ======'machine_var_audits_switches_s_flipper_right_upper'====== Args={'value': 641, 'prev_value': 640, 'change': 1}
2026-03-03 12:59:55,949 : INFO : SwitchController : <<<<<<< 's_flipper_right_upper_eos' active >>>>>>>
2026-03-03 12:59:55,949 : INFO : EventManager : Event: ======'machine_var_audits_switches_s_flipper_right_upper_eos'====== Args={'value': 457, 'prev_value': 456, 'change': 1}
2026-03-03 12:59:56,038 : INFO : SwitchController : <<<<<<< 's_flipper_right_upper' inactive >>>>>>>
2026-03-03 12:59:56,137 : INFO : SwitchController : <<<<<<< 's_flipper_right_upper_eos' inactive >>>>>>>
2026-03-03 12:59:56,389 : INFO : SwitchController : <<<<<<< 's_flipper_right_upper' active >>>>>>>
2026-03-03 12:59:56,389 : INFO : EventManager : Event: ======'machine_var_audits_switches_s_flipper_right_upper'====== Args={'value': 642, 'prev_value': 641, 'change': 1}
2026-03-03 12:59:56,410 : INFO : SwitchController : <<<<<<< 's_flipper_right_upper_eos' active >>>>>>>
2026-03-03 12:59:56,410 : INFO : EventManager : Event: ======'machine_var_audits_switches_s_flipper_right_upper_eos'====== Args={'value': 458, 'prev_value': 457, 'change': 1}
2026-03-03 12:59:56,523 : INFO : SwitchController : <<<<<<< 's_flipper_right_upper' inactive >>>>>>>
2026-03-03 12:59:56,624 : INFO : SwitchController : <<<<<<< 's_flipper_right_upper_eos' inactive >>>>>>>
2026-03-03 12:59:56,841 : INFO : SwitchController : <<<<<<< 's_flipper_right_upper' active >>>>>>>
2026-03-03 12:59:56,841 : INFO : EventManager : Event: ======'machine_var_audits_switches_s_flipper_right_upper'====== Args={'value': 643, 'prev_value': 642, 'change': 1}
2026-03-03 12:59:56,864 : INFO : SwitchController : <<<<<<< 's_flipper_right_upper_eos' active >>>>>>>
2026-03-03 12:59:56,864 : INFO : EventManager : Event: ======'machine_var_audits_switches_s_flipper_right_upper_eos'====== Args={'value': 459, 'prev_value': 458, 'change': 1}
2026-03-03 12:59:57,616 : INFO : SwitchController : <<<<<<< 's_flipper_right_upper' inactive >>>>>>>
2026-03-03 12:59:57,718 : INFO : SwitchController : <<<<<<< 's_flipper_right_upper_eos' inactive >>>>>>>
2026-03-03 12:59:58,278 : INFO : SwitchController : <<<<<<< 's_flipper_right_upper' active >>>>>>>
2026-03-03 12:59:58,278 : INFO : EventManager : Event: ======'machine_var_audits_switches_s_flipper_right_upper'====== Args={'value': 644, 'prev_value': 643, 'change': 1}
2026-03-03 12:59:58,302 : INFO : SwitchController : <<<<<<< 's_flipper_right_upper_eos' active >>>>>>>
2026-03-03 12:59:58,302 : INFO : EventManager : Event: ======'machine_var_audits_switches_s_flipper_right_upper_eos'====== Args={'value': 460, 'prev_value': 459, 'change': 1}
2026-03-03 12:59:58,993 : INFO : SwitchController : <<<<<<< 's_flipper_right_upper' inactive >>>>>>>
2026-03-03 12:59:59,092 : INFO : SwitchController : <<<<<<< 's_flipper_right_upper_eos' inactive >>>>>>>
2026-03-03 13:00:02,532 : INFO : SwitchController : <<<<<<< 's_flipper_right_lower' active >>>>>>>
2026-03-03 13:00:02,532 : INFO : EventManager : Event: ======'machine_var_audits_switches_s_flipper_right_lower'====== Args={'value': 915, 'prev_value': 914, 'change': 1}
2026-03-03 13:00:02,570 : INFO : SwitchController : <<<<<<< 's_flipper_right_lower_eos' inactive >>>>>>>
2026-03-03 13:00:02,808 : INFO : SwitchController : <<<<<<< 's_flipper_right_lower' inactive >>>>>>>
2026-03-03 13:00:02,905 : INFO : SwitchController : <<<<<<< 's_flipper_right_lower_eos' active >>>>>>>
2026-03-03 13:00:02,906 : INFO : EventManager : Event: ======'machine_var_audits_switches_s_flipper_right_lower_eos'====== Args={'value': 596, 'prev_value': 595, 'change': 1}
2026-03-03 13:00:04,760 : INFO : SwitchController : <<<<<<< 's_flipper_right_upper' active >>>>>>>
2026-03-03 13:00:04,761 : INFO : EventManager : Event: ======'machine_var_audits_switches_s_flipper_right_upper'====== Args={'value': 645, 'prev_value': 644, 'change': 1}
2026-03-03 13:00:04,784 : INFO : SwitchController : <<<<<<< 's_flipper_right_upper_eos' active >>>>>>>
2026-03-03 13:00:04,785 : INFO : EventManager : Event: ======'machine_var_audits_switches_s_flipper_right_upper_eos'====== Args={'value': 461, 'prev_value': 460, 'change': 1}
2026-03-03 13:00:04,848 : INFO : SwitchController : <<<<<<< 's_flipper_right_upper' inactive >>>>>>>
2026-03-03 13:00:04,947 : INFO : SwitchController : <<<<<<< 's_flipper_right_upper_eos' inactive >>>>>>>
2026-03-03 13:00:05,149 : INFO : SwitchController : <<<<<<< 's_flipper_right_upper' active >>>>>>>
2026-03-03 13:00:05,149 : INFO : EventManager : Event: ======'machine_var_audits_switches_s_flipper_right_upper'====== Args={'value': 646, 'prev_value': 645, 'change': 1}
2026-03-03 13:00:05,171 : INFO : SwitchController : <<<<<<< 's_flipper_right_upper_eos' active >>>>>>>
2026-03-03 13:00:05,171 : INFO : EventManager : Event: ======'machine_var_audits_switches_s_flipper_right_upper_eos'====== Args={'value': 462, 'prev_value': 461, 'change': 1}
2026-03-03 13:00:05,653 : INFO : SwitchController : <<<<<<< 's_flipper_right_upper' inactive >>>>>>>
2026-03-03 13:00:05,754 : INFO : SwitchController : <<<<<<< 's_flipper_right_upper_eos' inactive >>>>>>>
2026-03-03 13:00:05,884 : INFO : SwitchController : <<<<<<< 's_flipper_right_upper' active >>>>>>>
2026-03-03 13:00:05,884 : INFO : EventManager : Event: ======'machine_var_audits_switches_s_flipper_right_upper'====== Args={'value': 647, 'prev_value': 646, 'change': 1}
2026-03-03 13:00:05,908 : INFO : SwitchController : <<<<<<< 's_flipper_right_upper_eos' active >>>>>>>
2026-03-03 13:00:05,908 : INFO : EventManager : Event: ======'machine_var_audits_switches_s_flipper_right_upper_eos'====== Args={'value': 463, 'prev_value': 462, 'change': 1}
2026-03-03 13:00:06,073 : INFO : SwitchController : <<<<<<< 's_flipper_right_upper' inactive >>>>>>>
2026-03-03 13:00:06,172 : INFO : SwitchController : <<<<<<< 's_flipper_right_upper_eos' inactive >>>>>>>
2026-03-03 13:00:06,676 : INFO : SwitchController : <<<<<<< 's_flipper_right_upper' active >>>>>>>
2026-03-03 13:00:06,676 : INFO : EventManager : Event: ======'machine_var_audits_switches_s_flipper_right_upper'====== Args={'value': 648, 'prev_value': 647, 'change': 1}
2026-03-03 13:00:06,679 : INFO : SwitchController : <<<<<<< 's_flipper_right_upper' inactive >>>>>>>
2026-03-03 13:00:06,686 : INFO : SwitchController : <<<<<<< 's_flipper_right_upper' active >>>>>>>
2026-03-03 13:00:06,686 : INFO : EventManager : Event: ======'machine_var_audits_switches_s_flipper_right_upper'====== Args={'value': 649, 'prev_value': 648, 'change': 1}
2026-03-03 13:00:06,692 : INFO : SwitchController : <<<<<<< 's_flipper_right_upper' inactive >>>>>>>
2026-03-03 13:00:06,695 : INFO : SwitchController : <<<<<<< 's_flipper_right_upper' active >>>>>>>
2026-03-03 13:00:06,695 : INFO : EventManager : Event: ======'machine_var_audits_switches_s_flipper_right_upper'====== Args={'value': 650, 'prev_value': 649, 'change': 1}
2026-03-03 13:00:06,707 : INFO : SwitchController : <<<<<<< 's_flipper_right_upper_eos' active >>>>>>>
2026-03-03 13:00:06,707 : INFO : EventManager : Event: ======'machine_var_audits_switches_s_flipper_right_upper_eos'====== Args={'value': 464, 'prev_value': 463, 'change': 1}
2026-03-03 13:00:07,216 : INFO : SwitchController : <<<<<<< 's_flipper_right_upper' inactive >>>>>>>
2026-03-03 13:00:07,316 : INFO : SwitchController : <<<<<<< 's_flipper_right_upper_eos' inactive >>>>>>>
2026-03-03 13:00:08,910 : INFO : SwitchController : <<<<<<< 's_flipper_right_lower' active >>>>>>>
2026-03-03 13:00:08,910 : INFO : EventManager : Event: ======'machine_var_audits_switches_s_flipper_right_lower'====== Args={'value': 916, 'prev_value': 915, 'change': 1}
2026-03-03 13:00:09,240 : INFO : SwitchController : <<<<<<< 's_flipper_right_lower' inactive >>>>>>>
2026-03-03 13:00:09,606 : INFO : SwitchController : <<<<<<< 's_flipper_right_lower' active >>>>>>>
2026-03-03 13:00:09,607 : INFO : EventManager : Event: ======'machine_var_audits_switches_s_flipper_right_lower'====== Args={'value': 917, 'prev_value': 916, 'change': 1}
2026-03-03 13:00:09,634 : INFO : SwitchController : <<<<<<< 's_flipper_right_lower_eos' inactive >>>>>>>
2026-03-03 13:00:09,838 : INFO : SwitchController : <<<<<<< 's_flipper_right_lower' inactive >>>>>>>
2026-03-03 13:00:09,944 : INFO : SwitchController : <<<<<<< 's_flipper_right_lower_eos' active >>>>>>>
2026-03-03 13:00:09,945 : INFO : EventManager : Event: ======'machine_var_audits_switches_s_flipper_right_lower_eos'====== Args={'value': 597, 'prev_value': 596, 'change': 1}
2026-03-03 13:00:11,755 : INFO : SwitchController : <<<<<<< 's_flipper_right_lower' active >>>>>>>
2026-03-03 13:00:11,755 : INFO : EventManager : Event: ======'machine_var_audits_switches_s_flipper_right_lower'====== Args={'value': 918, 'prev_value': 917, 'change': 1}
2026-03-03 13:00:11,793 : INFO : SwitchController : <<<<<<< 's_flipper_right_lower_eos' inactive >>>>>>>
2026-03-03 13:00:12,259 : INFO : SwitchController : <<<<<<< 's_flipper_right_lower' inactive >>>>>>>
2026-03-03 13:00:12,360 : INFO : SwitchController : <<<<<<< 's_flipper_right_lower_eos' active >>>>>>>
2026-03-03 13:00:12,360 : INFO : EventManager : Event: ======'machine_var_audits_switches_s_flipper_right_lower_eos'====== Args={'value': 598, 'prev_value': 597, 'change': 1}
2026-03-03 13:00:13,093 : INFO : SwitchController : <<<<<<< 's_flipper_right_lower' active >>>>>>>
2026-03-03 13:00:13,094 : INFO : EventManager : Event: ======'machine_var_audits_switches_s_flipper_right_lower'====== Args={'value': 919, 'prev_value': 918, 'change': 1}
2026-03-03 13:00:13,094 : INFO : SwitchController : <<<<<<< 's_flipper_right_upper' active >>>>>>>
2026-03-03 13:00:13,094 : INFO : EventManager : Event: ======'machine_var_audits_switches_s_flipper_right_upper'====== Args={'value': 651, 'prev_value': 650, 'change': 1}
2026-03-03 13:00:13,117 : INFO : SwitchController : <<<<<<< 's_flipper_right_upper_eos' active >>>>>>>
2026-03-03 13:00:13,118 : INFO : EventManager : Event: ======'machine_var_audits_switches_s_flipper_right_upper_eos'====== Args={'value': 465, 'prev_value': 464, 'change': 1}
2026-03-03 13:00:13,132 : INFO : SwitchController : <<<<<<< 's_flipper_right_lower_eos' inactive >>>>>>>
2026-03-03 13:00:13,263 : INFO : SwitchController : <<<<<<< 's_flipper_right_lower' inactive >>>>>>>
2026-03-03 13:00:13,264 : INFO : SwitchController : <<<<<<< 's_flipper_right_upper' inactive >>>>>>>
2026-03-03 13:00:13,356 : INFO : SwitchController : <<<<<<< 's_flipper_right_lower_eos' active >>>>>>>
2026-03-03 13:00:13,356 : INFO : EventManager : Event: ======'machine_var_audits_switches_s_flipper_right_lower_eos'====== Args={'value': 599, 'prev_value': 598, 'change': 1}
2026-03-03 13:00:13,373 : INFO : SwitchController : <<<<<<< 's_flipper_right_upper_eos' inactive >>>>>>>
2026-03-03 13:00:13,573 : INFO : SwitchController : <<<<<<< 's_flipper_right_lower' active >>>>>>>
2026-03-03 13:00:13,573 : INFO : EventManager : Event: ======'machine_var_audits_switches_s_flipper_right_lower'====== Args={'value': 920, 'prev_value': 919, 'change': 1}
2026-03-03 13:00:13,574 : INFO : SwitchController : <<<<<<< 's_flipper_right_upper' active >>>>>>>
2026-03-03 13:00:13,574 : INFO : EventManager : Event: ======'machine_var_audits_switches_s_flipper_right_upper'====== Args={'value': 652, 'prev_value': 651, 'change': 1}
2026-03-03 13:00:13,597 : INFO : SwitchController : <<<<<<< 's_flipper_right_upper_eos' active >>>>>>>
2026-03-03 13:00:13,597 : INFO : EventManager : Event: ======'machine_var_audits_switches_s_flipper_right_upper_eos'====== Args={'value': 466, 'prev_value': 465, 'change': 1}
2026-03-03 13:00:13,738 : INFO : SwitchController : <<<<<<< 's_flipper_right_lower' inactive >>>>>>>
2026-03-03 13:00:13,739 : INFO : SwitchController : <<<<<<< 's_flipper_right_upper' inactive >>>>>>>
2026-03-03 13:00:13,837 : INFO : SwitchController : <<<<<<< 's_flipper_right_upper_eos' inactive >>>>>>>
2026-03-03 13:00:14,233 : INFO : SwitchController : <<<<<<< 's_flipper_right_upper' active >>>>>>>
2026-03-03 13:00:14,234 : INFO : EventManager : Event: ======'machine_var_audits_switches_s_flipper_right_upper'====== Args={'value': 653, 'prev_value': 652, 'change': 1}
2026-03-03 13:00:14,234 : INFO : SwitchController : <<<<<<< 's_flipper_right_lower' active >>>>>>>
2026-03-03 13:00:14,234 : INFO : EventManager : Event: ======'machine_var_audits_switches_s_flipper_right_lower'====== Args={'value': 921, 'prev_value': 920, 'change': 1}
2026-03-03 13:00:14,257 : INFO : SwitchController : <<<<<<< 's_flipper_right_upper_eos' active >>>>>>>
2026-03-03 13:00:14,258 : INFO : EventManager : Event: ======'machine_var_audits_switches_s_flipper_right_upper_eos'====== Args={'value': 467, 'prev_value': 466, 'change': 1}
2026-03-03 13:00:14,549 : INFO : SwitchController : <<<<<<< 's_flipper_right_lower' inactive >>>>>>>
2026-03-03 13:00:14,551 : INFO : SwitchController : <<<<<<< 's_flipper_right_upper' inactive >>>>>>>
2026-03-03 13:00:14,650 : INFO : SwitchController : <<<<<<< 's_flipper_right_upper_eos' inactive >>>>>>>
2026-03-03 13:00:15,137 : INFO : SwitchController : <<<<<<< 's_flipper_right_upper' active >>>>>>>
2026-03-03 13:00:15,138 : INFO : EventManager : Event: ======'machine_var_audits_switches_s_flipper_right_upper'====== Args={'value': 654, 'prev_value': 653, 'change': 1}
2026-03-03 13:00:15,139 : INFO : SwitchController : <<<<<<< 's_flipper_right_lower' active >>>>>>>
2026-03-03 13:00:15,140 : INFO : EventManager : Event: ======'machine_var_audits_switches_s_flipper_right_lower'====== Args={'value': 922, 'prev_value': 921, 'change': 1}
2026-03-03 13:00:15,162 : INFO : SwitchController : <<<<<<< 's_flipper_right_upper_eos' active >>>>>>>
2026-03-03 13:00:15,162 : INFO : EventManager : Event: ======'machine_var_audits_switches_s_flipper_right_upper_eos'====== Args={'value': 468, 'prev_value': 467, 'change': 1}
2026-03-03 13:00:15,182 : INFO : SwitchController : <<<<<<< 's_flipper_right_lower_eos' inactive >>>>>>>
2026-03-03 13:00:15,189 : INFO : SwitchController : <<<<<<< 's_flipper_right_lower_eos' active >>>>>>>
2026-03-03 13:00:15,189 : INFO : EventManager : Event: ======'machine_var_audits_switches_s_flipper_right_lower_eos'====== Args={'value': 600, 'prev_value': 599, 'change': 1}
2026-03-03 13:00:15,287 : INFO : SwitchController : <<<<<<< 's_flipper_right_lower' inactive >>>>>>>
2026-03-03 13:00:15,287 : INFO : SwitchController : <<<<<<< 's_flipper_right_upper' inactive >>>>>>>
2026-03-03 13:00:15,386 : INFO : SwitchController : <<<<<<< 's_flipper_right_upper_eos' inactive >>>>>>>
2026-03-03 13:00:15,507 : INFO : SwitchController : <<<<<<< 's_flipper_right_upper' active >>>>>>>
2026-03-03 13:00:15,507 : INFO : EventManager : Event: ======'machine_var_audits_switches_s_flipper_right_upper'====== Args={'value': 655, 'prev_value': 654, 'change': 1}
2026-03-03 13:00:15,508 : INFO : SwitchController : <<<<<<< 's_flipper_right_lower' active >>>>>>>
2026-03-03 13:00:15,508 : INFO : EventManager : Event: ======'machine_var_audits_switches_s_flipper_right_lower'====== Args={'value': 923, 'prev_value': 922, 'change': 1}
2026-03-03 13:00:15,527 : INFO : SwitchController : <<<<<<< 's_flipper_right_lower_eos' inactive >>>>>>>
2026-03-03 13:00:15,530 : INFO : SwitchController : <<<<<<< 's_flipper_right_upper_eos' active >>>>>>>
2026-03-03 13:00:15,530 : INFO : EventManager : Event: ======'machine_var_audits_switches_s_flipper_right_upper_eos'====== Args={'value': 469, 'prev_value': 468, 'change': 1}
2026-03-03 13:00:15,627 : INFO : SwitchController : <<<<<<< 's_flipper_right_lower' inactive >>>>>>>
2026-03-03 13:00:15,627 : INFO : SwitchController : <<<<<<< 's_flipper_right_upper' inactive >>>>>>>
2026-03-03 13:00:15,719 : INFO : SwitchController : <<<<<<< 's_flipper_right_lower_eos' active >>>>>>>
2026-03-03 13:00:15,719 : INFO : EventManager : Event: ======'machine_var_audits_switches_s_flipper_right_lower_eos'====== Args={'value': 601, 'prev_value': 600, 'change': 1}
2026-03-03 13:00:15,726 : INFO : SwitchController : <<<<<<< 's_flipper_right_upper_eos' inactive >>>>>>>
2026-03-03 13:00:15,814 : INFO : SwitchController : <<<<<<< 's_flipper_right_upper' active >>>>>>>
2026-03-03 13:00:15,814 : INFO : EventManager : Event: ======'machine_var_audits_switches_s_flipper_right_upper'====== Args={'value': 656, 'prev_value': 655, 'change': 1}
2026-03-03 13:00:15,815 : INFO : SwitchController : <<<<<<< 's_flipper_right_lower' active >>>>>>>
2026-03-03 13:00:15,815 : INFO : EventManager : Event: ======'machine_var_audits_switches_s_flipper_right_lower'====== Args={'value': 924, 'prev_value': 923, 'change': 1}
2026-03-03 13:00:15,837 : INFO : SwitchController : <<<<<<< 's_flipper_right_upper_eos' active >>>>>>>
2026-03-03 13:00:15,838 : INFO : EventManager : Event: ======'machine_var_audits_switches_s_flipper_right_upper_eos'====== Args={'value': 470, 'prev_value': 469, 'change': 1}
2026-03-03 13:00:15,900 : INFO : SwitchController : <<<<<<< 's_flipper_right_lower' inactive >>>>>>>
2026-03-03 13:00:15,901 : INFO : SwitchController : <<<<<<< 's_flipper_right_upper' inactive >>>>>>>
2026-03-03 13:00:15,995 : INFO : SwitchController : <<<<<<< 's_flipper_right_upper_eos' inactive >>>>>>>
2026-03-03 13:00:16,652 : INFO : SwitchController : <<<<<<< 's_flipper_right_upper' active >>>>>>>
2026-03-03 13:00:16,652 : INFO : EventManager : Event: ======'machine_var_audits_switches_s_flipper_right_upper'====== Args={'value': 657, 'prev_value': 656, 'change': 1}
2026-03-03 13:00:16,654 : INFO : SwitchController : <<<<<<< 's_flipper_right_lower' active >>>>>>>
2026-03-03 13:00:16,655 : INFO : EventManager : Event: ======'machine_var_audits_switches_s_flipper_right_lower'====== Args={'value': 925, 'prev_value': 924, 'change': 1}
2026-03-03 13:00:16,676 : INFO : SwitchController : <<<<<<< 's_flipper_right_upper_eos' active >>>>>>>
2026-03-03 13:00:16,677 : INFO : EventManager : Event: ======'machine_var_audits_switches_s_flipper_right_upper_eos'====== Args={'value': 471, 'prev_value': 470, 'change': 1}
2026-03-03 13:00:16,794 : INFO : SwitchController : <<<<<<< 's_flipper_right_lower' inactive >>>>>>>
2026-03-03 13:00:16,795 : INFO : SwitchController : <<<<<<< 's_flipper_right_upper' inactive >>>>>>>
2026-03-03 13:00:16,890 : INFO : SwitchController : <<<<<<< 's_flipper_right_upper_eos' inactive >>>>>>>
2026-03-03 13:00:17,260 : INFO : SwitchController : <<<<<<< 's_flipper_right_upper' active >>>>>>>
2026-03-03 13:00:17,261 : INFO : EventManager : Event: ======'machine_var_audits_switches_s_flipper_right_upper'====== Args={'value': 658, 'prev_value': 657, 'change': 1}
2026-03-03 13:00:17,261 : INFO : SwitchController : <<<<<<< 's_flipper_right_lower' active >>>>>>>
2026-03-03 13:00:17,261 : INFO : EventManager : Event: ======'machine_var_audits_switches_s_flipper_right_lower'====== Args={'value': 926, 'prev_value': 925, 'change': 1}
2026-03-03 13:00:17,284 : INFO : SwitchController : <<<<<<< 's_flipper_right_upper_eos' active >>>>>>>
2026-03-03 13:00:17,284 : INFO : EventManager : Event: ======'machine_var_audits_switches_s_flipper_right_upper_eos'====== Args={'value': 472, 'prev_value': 471, 'change': 1}
2026-03-03 13:00:17,385 : INFO : SwitchController : <<<<<<< 's_flipper_right_lower' inactive >>>>>>>
2026-03-03 13:00:17,386 : INFO : SwitchController : <<<<<<< 's_flipper_right_upper' inactive >>>>>>>
2026-03-03 13:00:17,486 : INFO : SwitchController : <<<<<<< 's_flipper_right_upper_eos' inactive >>>>>>>
2026-03-03 13:00:17,767 : INFO : SwitchController : <<<<<<< 's_flipper_right_lower' active >>>>>>>
2026-03-03 13:00:17,767 : INFO : EventManager : Event: ======'machine_var_audits_switches_s_flipper_right_lower'====== Args={'value': 927, 'prev_value': 926, 'change': 1}
2026-03-03 13:00:17,769 : INFO : SwitchController : <<<<<<< 's_flipper_right_upper' active >>>>>>>
2026-03-03 13:00:17,769 : INFO : EventManager : Event: ======'machine_var_audits_switches_s_flipper_right_upper'====== Args={'value': 659, 'prev_value': 658, 'change': 1}
2026-03-03 13:00:17,792 : INFO : SwitchController : <<<<<<< 's_flipper_right_upper_eos' active >>>>>>>
2026-03-03 13:00:17,792 : INFO : EventManager : Event: ======'machine_var_audits_switches_s_flipper_right_upper_eos'====== Args={'value': 473, 'prev_value': 472, 'change': 1}
2026-03-03 13:00:17,934 : INFO : SwitchController : <<<<<<< 's_flipper_right_lower' inactive >>>>>>>
2026-03-03 13:00:17,936 : INFO : SwitchController : <<<<<<< 's_flipper_right_upper' inactive >>>>>>>
2026-03-03 13:00:18,034 : INFO : SwitchController : <<<<<<< 's_flipper_right_upper_eos' inactive >>>>>>>
2026-03-03 13:00:19,146 : INFO : SwitchController : <<<<<<< 's_flipper_left' active >>>>>>>
2026-03-03 13:00:19,147 : INFO : EventManager : Event: ======'machine_var_audits_switches_s_flipper_left'====== Args={'value': 352, 'prev_value': 351, 'change': 1}
2026-03-03 13:00:19,170 : INFO : SwitchController : <<<<<<< 's_flipper_left_eos' inactive >>>>>>>
2026-03-03 13:00:19,406 : INFO : SwitchController : <<<<<<< 's_flipper_left' inactive >>>>>>>
2026-03-03 13:00:19,495 : INFO : SwitchController : <<<<<<< 's_flipper_left_eos' active >>>>>>>
2026-03-03 13:00:19,495 : INFO : EventManager : Event: ======'machine_var_audits_switches_s_flipper_left_eos'====== Args={'value': 324, 'prev_value': 323, 'change': 1}
2026-03-03 13:00:19,840 : INFO : SwitchController : <<<<<<< 's_flipper_left' active >>>>>>>
2026-03-03 13:00:19,841 : INFO : EventManager : Event: ======'machine_var_audits_switches_s_flipper_left'====== Args={'value': 353, 'prev_value': 352, 'change': 1}
2026-03-03 13:00:19,864 : INFO : SwitchController : <<<<<<< 's_flipper_left_eos' inactive >>>>>>>
2026-03-03 13:00:20,943 : INFO : SwitchController : <<<<<<< 's_flipper_left' inactive >>>>>>>
2026-03-03 13:00:21,031 : INFO : SwitchController : <<<<<<< 's_flipper_left_eos' active >>>>>>>
2026-03-03 13:00:21,031 : INFO : EventManager : Event: ======'machine_var_audits_switches_s_flipper_left_eos'====== Args={'value': 325, 'prev_value': 324, 'change': 1}
2026-03-03 13:00:28,038 : INFO : SwitchController : <<<<<<< 's_flipper_left' active >>>>>>>
2026-03-03 13:00:28,039 : INFO : EventManager : Event: ======'machine_var_audits_switches_s_flipper_left'====== Args={'value': 354, 'prev_value': 353, 'change': 1}
2026-03-03 13:00:28,062 : INFO : SwitchController : <<<<<<< 's_flipper_left_eos' inactive >>>>>>>
2026-03-03 13:00:30,413 : INFO : SwitchController : <<<<<<< 's_flipper_left' inactive >>>>>>>
2026-03-03 13:00:30,503 : INFO : SwitchController : <<<<<<< 's_flipper_left_eos' active >>>>>>>
2026-03-03 13:00:30,503 : INFO : EventManager : Event: ======'machine_var_audits_switches_s_flipper_left_eos'====== Args={'value': 326, 'prev_value': 325, 'change': 1}
2026-03-03 13:00:32,055 : INFO : SwitchController : <<<<<<< 's_flipper_left' active >>>>>>>
2026-03-03 13:00:32,056 : INFO : EventManager : Event: ======'machine_var_audits_switches_s_flipper_left'====== Args={'value': 355, 'prev_value': 354, 'change': 1}
2026-03-03 13:00:32,079 : INFO : SwitchController : <<<<<<< 's_flipper_left_eos' inactive >>>>>>>
2026-03-03 13:00:32,655 : INFO : SwitchController : <<<<<<< 's_flipper_left' inactive >>>>>>>
2026-03-03 13:00:32,743 : INFO : SwitchController : <<<<<<< 's_flipper_left_eos' active >>>>>>>
2026-03-03 13:00:32,743 : INFO : EventManager : Event: ======'machine_var_audits_switches_s_flipper_left_eos'====== Args={'value': 327, 'prev_value': 326, 'change': 1}
2026-03-03 13:00:41,905 : INFO : SwitchController : <<<<<<< 's_flipper_left' active >>>>>>>
2026-03-03 13:00:41,905 : INFO : EventManager : Event: ======'machine_var_audits_switches_s_flipper_left'====== Args={'value': 356, 'prev_value': 355, 'change': 1}
2026-03-03 13:00:41,926 : INFO : SwitchController : <<<<<<< 's_flipper_left_eos' inactive >>>>>>>
2026-03-03 13:00:42,307 : INFO : SwitchController : <<<<<<< 's_flipper_left' inactive >>>>>>>
2026-03-03 13:00:42,395 : INFO : SwitchController : <<<<<<< 's_flipper_left_eos' active >>>>>>>
2026-03-03 13:00:42,395 : INFO : EventManager : Event: ======'machine_var_audits_switches_s_flipper_left_eos'====== Args={'value': 328, 'prev_value': 327, 'change': 1}
2026-03-03 13:00:44,456 : INFO : SwitchController : <<<<<<< 's_flipper_right_upper' active >>>>>>>
2026-03-03 13:00:44,456 : INFO : EventManager : Event: ======'machine_var_audits_switches_s_flipper_right_upper'====== Args={'value': 660, 'prev_value': 659, 'change': 1}
2026-03-03 13:00:44,457 : INFO : SwitchController : <<<<<<< 's_flipper_right_lower' active >>>>>>>
2026-03-03 13:00:44,458 : INFO : EventManager : Event: ======'machine_var_audits_switches_s_flipper_right_lower'====== Args={'value': 928, 'prev_value': 927, 'change': 1}
2026-03-03 13:00:44,478 : INFO : SwitchController : <<<<<<< 's_flipper_right_upper_eos' active >>>>>>>
2026-03-03 13:00:44,478 : INFO : EventManager : Event: ======'machine_var_audits_switches_s_flipper_right_upper_eos'====== Args={'value': 474, 'prev_value': 473, 'change': 1}
2026-03-03 13:00:44,758 : INFO : SwitchController : <<<<<<< 's_flipper_right_lower' inactive >>>>>>>
2026-03-03 13:00:44,760 : INFO : SwitchController : <<<<<<< 's_flipper_right_upper' inactive >>>>>>>
2026-03-03 13:00:44,860 : INFO : SwitchController : <<<<<<< 's_flipper_right_upper_eos' inactive >>>>>>>
2026-03-03 13:00:57,952 : INFO : SwitchController : <<<<<<< 's_flipper_left' active >>>>>>>
2026-03-03 13:00:57,952 : INFO : EventManager : Event: ======'machine_var_audits_switches_s_flipper_left'====== Args={'value': 357, 'prev_value': 356, 'change': 1}
2026-03-03 13:00:57,975 : INFO : SwitchController : <<<<<<< 's_flipper_left_eos' inactive >>>>>>>
2026-03-03 13:00:59,134 : INFO : SwitchController : <<<<<<< 's_flipper_left' inactive >>>>>>>
2026-03-03 13:00:59,222 : INFO : SwitchController : <<<<<<< 's_flipper_left_eos' active >>>>>>>
2026-03-03 13:00:59,222 : INFO : EventManager : Event: ======'machine_var_audits_switches_s_flipper_left_eos'====== Args={'value': 329, 'prev_value': 328, 'change': 1}
2026-03-03 13:01:06,403 : INFO : SwitchController : <<<<<<< 's_flipper_right_upper' active >>>>>>>
2026-03-03 13:01:06,403 : INFO : EventManager : Event: ======'machine_var_audits_switches_s_flipper_right_upper'====== Args={'value': 661, 'prev_value': 660, 'change': 1}
2026-03-03 13:01:06,404 : INFO : SwitchController : <<<<<<< 's_flipper_right_lower' active >>>>>>>
2026-03-03 13:01:06,404 : INFO : EventManager : Event: ======'machine_var_audits_switches_s_flipper_right_lower'====== Args={'value': 929, 'prev_value': 928, 'change': 1}
2026-03-03 13:01:06,427 : INFO : SwitchController : <<<<<<< 's_flipper_right_upper_eos' active >>>>>>>
2026-03-03 13:01:06,427 : INFO : EventManager : Event: ======'machine_var_audits_switches_s_flipper_right_upper_eos'====== Args={'value': 475, 'prev_value': 474, 'change': 1}
2026-03-03 13:01:06,607 : INFO : SwitchController : <<<<<<< 's_flipper_right_lower' inactive >>>>>>>
2026-03-03 13:01:06,608 : INFO : SwitchController : <<<<<<< 's_flipper_right_upper' inactive >>>>>>>
2026-03-03 13:01:06,707 : INFO : SwitchController : <<<<<<< 's_flipper_right_upper_eos' inactive >>>>>>>
2026-03-03 13:01:08,546 : INFO : SwitchController : <<<<<<< 's_flipper_right_upper' active >>>>>>>
2026-03-03 13:01:08,546 : INFO : EventManager : Event: ======'machine_var_audits_switches_s_flipper_right_upper'====== Args={'value': 662, 'prev_value': 661, 'change': 1}
2026-03-03 13:01:08,547 : INFO : SwitchController : <<<<<<< 's_flipper_right_lower' active >>>>>>>
2026-03-03 13:01:08,547 : INFO : EventManager : Event: ======'machine_var_audits_switches_s_flipper_right_lower'====== Args={'value': 930, 'prev_value': 929, 'change': 1}
2026-03-03 13:01:08,570 : INFO : SwitchController : <<<<<<< 's_flipper_right_upper_eos' active >>>>>>>
2026-03-03 13:01:08,570 : INFO : EventManager : Event: ======'machine_var_audits_switches_s_flipper_right_upper_eos'====== Args={'value': 476, 'prev_value': 475, 'change': 1}
2026-03-03 13:01:08,585 : INFO : SwitchController : <<<<<<< 's_flipper_right_lower_eos' inactive >>>>>>>
2026-03-03 13:01:08,953 : INFO : SwitchController : <<<<<<< 's_flipper_right_lower' inactive >>>>>>>
2026-03-03 13:01:08,958 : INFO : SwitchController : <<<<<<< 's_flipper_right_upper' inactive >>>>>>>
2026-03-03 13:01:09,046 : INFO : SwitchController : <<<<<<< 's_flipper_right_lower_eos' active >>>>>>>
2026-03-03 13:01:09,047 : INFO : EventManager : Event: ======'machine_var_audits_switches_s_flipper_right_lower_eos'====== Args={'value': 602, 'prev_value': 601, 'change': 1}
2026-03-03 13:01:09,056 : INFO : SwitchController : <<<<<<< 's_flipper_right_upper_eos' inactive >>>>>>>
2026-03-03 13:01:16,502 : INFO : SwitchController : <<<<<<< 's_trough_6' active >>>>>>>
2026-03-03 13:01:16,503 : INFO : EventManager : Event: ======'machine_var_audits_switches_s_trough_6'====== Args={'value': 83, 'prev_value': 82, 'change': 1}
2026-03-03 13:01:17,003 : INFO : EventManager : Event: ======'balldevice_bd_trough_ball_count_changed'====== Args={'balls': 6}
2026-03-03 13:01:17,003 : INFO : ball_device.bd_trough : Received unexpected ball
2026-03-03 13:01:17,003 : INFO : EventManager : Event: ======'balldevice_captured_from_playfield'====== Args={'balls': 1}
2026-03-03 13:01:17,003 : INFO : EventManager : Event: ======'sw_playfield_active'====== Args={'balls': 1}
2026-03-03 13:01:17,004 : INFO : EventManager : Event: ======'playfield_ball_count_change'====== Args={'balls': 0, 'change': -1}
2026-03-03 13:01:17,004 : INFO : EventManager : Event: ======'balldevice_bd_trough_ball_enter'====== Args={'new_balls': 1, 'unclaimed_balls': 1, 'new_available_balls': 1, 'device': <ball_device.bd_trough>}
2026-03-03 13:01:17,004 : INFO : EventManager : Event: ======'ball_drain'====== Args={'device': <ball_device.bd_trough>, 'balls': 1}
2026-03-03 13:01:17,005 : INFO : EventManager : Event: ======'ball_will_end'====== Args={}
2026-03-03 13:01:17,005 : INFO : EventManager : Event: ======'balldevice_balls_available'====== Args={}
2026-03-03 13:01:17,005 : INFO : EventManager : Event: ======'balldevice_bd_trough_ball_entered'====== Args={'new_balls': 1, 'device': <ball_device.bd_trough>}
2026-03-03 13:01:17,005 : INFO : EventManager : Event: ======'mode_base_will_stop'====== Args={}
2026-03-03 13:01:17,005 : INFO : EventManager : Event: ======'mode_base_stopping'====== Args={}
2026-03-03 13:01:17,006 : INFO : EventManager : Event: ======'stop_mode_bumpers'====== Args={'priority': 0}
2026-03-03 13:01:17,006 : INFO : EventManager : Event: ======'mode_bumpers_will_stop'====== Args={}
2026-03-03 13:01:17,006 : INFO : EventManager : Event: ======'mode_bumpers_stopping'====== Args={}
2026-03-03 13:01:17,006 : INFO : Mode.base : Stopped.
2026-03-03 13:01:17,006 : INFO : EventManager : Event: ======'modes_active_modes_changed'====== Args={}
2026-03-03 13:01:17,007 : INFO : EventManager : Event: ======'mode_base_stopped'====== Args={}
2026-03-03 13:01:17,007 : INFO : EventManager : Event: ======'clear'====== Args={'key': 'base'}
2026-03-03 13:01:17,007 : INFO : Mode.bumpers : Stopped.
2026-03-03 13:01:17,007 : INFO : EventManager : Event: ======'modes_active_modes_changed'====== Args={}
2026-03-03 13:01:17,008 : INFO : EventManager : Event: ======'mode_bumpers_stopped'====== Args={}
2026-03-03 13:01:17,008 : INFO : EventManager : Event: ======'clear'====== Args={'key': 'bumpers'}
2026-03-03 13:01:17,009 : INFO : EventManager : Event: ======'ball_ending'====== Args={}
2026-03-03 13:01:17,010 : INFO : EventManager : Event: ======'ball_ended'====== Args={}
2026-03-03 13:01:17,012 : INFO : EventManager : Event: ======'player_turn_will_end'====== Args={'player': <Player 1>, 'number': 1}
2026-03-03 13:01:17,012 : INFO : EventManager : Event: ======'player_turn_ending'====== Args={'player': <Player 1>, 'number': 1}
2026-03-03 13:01:17,013 : INFO : EventManager : Event: ======'player_turn_ended'====== Args={'player': <Player 1>, 'number': 1}
2026-03-03 13:01:17,013 : INFO : EventManager : Event: ======'player_turn_will_start'====== Args={'player': <Player 1>, 'number': 1}
2026-03-03 13:01:17,013 : INFO : EventManager : Event: ======'player_turn_starting'====== Args={'player': <Player 1>, 'number': 1}
2026-03-03 13:01:17,014 : INFO : EventManager : Event: ======'player_ball'====== Args={'value': 2, 'prev_value': 1, 'change': 1, 'player_num': 1}
2026-03-03 13:01:17,014 : INFO : EventManager : Event: ======'player_turn_started'====== Args={'player': <Player 1>, 'number': 1}
2026-03-03 13:01:17,015 : INFO : EventManager : Event: ======'ball_will_start'====== Args={'player': 1, 'ball': 2, 'balls_remaining': 1, 'is_extra_ball': False}
2026-03-03 13:01:17,015 : INFO : EventManager : Event: ======'ball_starting'====== Args={'player': 1, 'ball': 2, 'balls_remaining': 1, 'is_extra_ball': False}
2026-03-03 13:01:17,016 : INFO : EventManager : Event: ======'mode_base_will_start'====== Args={'queue': <QueuedEvent>, 'player': 1, 'ball': 2, 'balls_remaining': 1, 'is_extra_ball': False}
2026-03-03 13:01:17,016 : INFO : EventManager : Event: ======'mode_base_starting'====== Args={'queue': <QueuedEvent>, 'player': 1, 'ball': 2, 'balls_remaining': 1, 'is_extra_ball': False}
2026-03-03 13:01:17,017 : INFO : Mode.base : Started. Priority: 100
2026-03-03 13:01:17,017 : INFO : EventManager : Event: ======'modes_active_modes_changed'====== Args={}
2026-03-03 13:01:17,017 : INFO : EventManager : Event: ======'mode_base_started'====== Args={'queue': <QueuedEvent>, 'player': 1, 'ball': 2, 'balls_remaining': 1, 'is_extra_ball': False}
2026-03-03 13:01:17,017 : INFO : EventManager : Event: ======'start_mode_bumpers'====== Args={'priority': 0}
2026-03-03 13:01:17,018 : INFO : EventManager : Event: ======'mode_bumpers_will_start'====== Args={'priority': 0}
2026-03-03 13:01:17,021 : INFO : EventManager : Event: ======'mode_bumpers_starting'====== Args={'priority': 0}
2026-03-03 13:01:17,021 : INFO : Mode.bumpers : Started. Priority: 200
2026-03-03 13:01:17,021 : INFO : EventManager : Event: ======'modes_active_modes_changed'====== Args={}
2026-03-03 13:01:17,021 : INFO : EventManager : Event: ======'mode_bumpers_started'====== Args={'priority': 0}
2026-03-03 13:01:17,022 : INFO : EventManager : Event: ======'balls_in_play'====== Args={'balls': 1}
2026-03-03 13:01:17,022 : INFO : EventManager : Event: ======'ball_started'====== Args={'player': 1, 'ball': 2, 'balls_remaining': 1, 'is_extra_ball': False}
2026-03-03 13:01:17,029 : INFO : EventManager : Event: ======'single_player_ball_started'====== Args={}
2026-03-03 13:01:17,030 : INFO : EventManager : Event: ======'ball_start_target'====== Args={'target': 'playfield'}
2026-03-03 13:01:17,030 : INFO : ball_device.bd_plunger : Setting up player-controlled eject. Balls: 1, Target: <playfield.playfield>, player_controlled_eject_event: None
2026-03-03 13:01:17,030 : INFO : EventManager : Event: ======'balldevice_balls_available'====== Args={}
2026-03-03 13:01:17,031 : INFO : ball_device.bd_trough : State: waiting_for_target_ready
2026-03-03 13:01:17,031 : INFO : EventManager : Event: ======'balldevice_bd_trough_ball_eject_attempt'====== Args={'balls': 1, 'target': <ball_device.bd_plunger>, 'source': <ball_device.bd_trough>, 'mechanical_eject': True, 'num_attempts': 0}
2026-03-03 13:01:17,031 : INFO : ball_device.bd_plunger : State: waiting_for_ball
2026-03-03 13:01:17,032 : INFO : ball_device.bd_trough : State: ejecting
2026-03-03 13:01:17,032 : INFO : ball_device.bd_trough : Ejecting ball to <ball_device.bd_plunger>
2026-03-03 13:01:17,032 : INFO : EventManager : Event: ======'balldevice_bd_trough_ejecting_ball'====== Args={'balls': 1, 'target': <ball_device.bd_plunger>, 'source': <ball_device.bd_trough>, 'mechanical_eject': True, 'num_attempts': 0}
2026-03-03 13:01:17,033 : INFO : ball_device.bd_trough : Wait for ball to leave device
2026-03-03 13:01:17,033 : INFO : coil.c_trough_eject : Pulsing Driver for 20ms (1.0 pulse_power)
2026-03-03 13:01:17,060 : INFO : SwitchController : <<<<<<< 's_trough_1' inactive >>>>>>>
2026-03-03 13:01:17,060 : INFO : SwitchController : <<<<<<< 's_trough_7' active >>>>>>>
2026-03-03 13:01:17,061 : INFO : EventManager : Event: ======'machine_var_audits_switches_s_trough_7'====== Args={'value': 50, 'prev_value': 49, 'change': 1}
2026-03-03 13:01:17,061 : INFO : ball_device.bd_trough : State: ball_left
2026-03-03 13:01:17,062 : INFO : ball_device.bd_trough : Ball left
2026-03-03 13:01:17,062 : INFO : ball_device.bd_trough : Wait for confirm with timeout 3.0
2026-03-03 13:01:17,063 : INFO : EventManager : Event: ======'slide_base_slide_created'====== Args={'_from_bcp': True}
2026-03-03 13:01:17,063 : INFO : EventManager : Event: ======'slide_base_slide_inactive'====== Args={'is_removing': True, '_from_bcp': True}
2026-03-03 13:01:17,063 : INFO : EventManager : Event: ======'slide_base_slide_active'====== Args={'original_context': 'base', 'original_calling_context': 'mode_base_started', 'priority': 100.0, 'queue': '<QueuedEvent>', 'player': 1.0, 'ball': 2.0, 'balls_remaining': 1.0, 'is_extra_ball': False, 'cmd': 'slides_play', '_from_bcp': True}
2026-03-03 13:01:17,064 : INFO : EventManager : Event: ======'slide_base_slide_removed'====== Args={'_from_bcp': True}
2026-03-03 13:01:17,077 : INFO : SwitchController : <<<<<<< 's_trough_7' inactive >>>>>>>
2026-03-03 13:01:17,211 : INFO : SwitchController : <<<<<<< 's_plunger' active >>>>>>>
2026-03-03 13:01:17,211 : INFO : EventManager : Event: ======'machine_var_audits_switches_s_plunger'====== Args={'value': 65, 'prev_value': 64, 'change': 1}
2026-03-03 13:01:17,279 : INFO : SwitchController : <<<<<<< 's_trough_4' inactive >>>>>>>
2026-03-03 13:01:17,281 : INFO : SwitchController : <<<<<<< 's_trough_3' inactive >>>>>>>
2026-03-03 13:01:17,282 : INFO : SwitchController : <<<<<<< 's_trough_2' inactive >>>>>>>
2026-03-03 13:01:17,283 : INFO : SwitchController : <<<<<<< 's_trough_5' inactive >>>>>>>
2026-03-03 13:01:17,283 : INFO : SwitchController : <<<<<<< 's_trough_6' inactive >>>>>>>
2026-03-03 13:01:17,298 : INFO : SwitchController : <<<<<<< 's_trough_1' active >>>>>>>
2026-03-03 13:01:17,298 : INFO : EventManager : Event: ======'machine_var_audits_switches_s_trough_1'====== Args={'value': 46, 'prev_value': 45, 'change': 1}
2026-03-03 13:01:17,301 : INFO : SwitchController : <<<<<<< 's_trough_3' active >>>>>>>
2026-03-03 13:01:17,301 : INFO : EventManager : Event: ======'machine_var_audits_switches_s_trough_3'====== Args={'value': 67, 'prev_value': 66, 'change': 1}
2026-03-03 13:01:17,302 : INFO : SwitchController : <<<<<<< 's_trough_2' active >>>>>>>
2026-03-03 13:01:17,302 : INFO : EventManager : Event: ======'machine_var_audits_switches_s_trough_2'====== Args={'value': 59, 'prev_value': 58, 'change': 1}
2026-03-03 13:01:17,304 : INFO : SwitchController : <<<<<<< 's_trough_4' active >>>>>>>
2026-03-03 13:01:17,304 : INFO : EventManager : Event: ======'machine_var_audits_switches_s_trough_4'====== Args={'value': 74, 'prev_value': 73, 'change': 1}
2026-03-03 13:01:17,307 : INFO : SwitchController : <<<<<<< 's_trough_5' active >>>>>>>
2026-03-03 13:01:17,307 : INFO : EventManager : Event: ======'machine_var_audits_switches_s_trough_5'====== Args={'value': 80, 'prev_value': 79, 'change': 1}
2026-03-03 13:01:17,711 : INFO : ball_device.bd_plunger : Received ball from <ball_device.bd_trough>
2026-03-03 13:01:17,712 : INFO : EventManager : Event: ======'balldevice_bd_plunger_ball_enter'====== Args={'new_balls': 1, 'unclaimed_balls': 0, 'new_available_balls': 0, 'device': <ball_device.bd_plunger>}
2026-03-03 13:01:17,712 : INFO : EventManager : Event: ======'balldevice_bd_plunger_ball_entered'====== Args={'new_balls': 0, 'device': <ball_device.bd_plunger>}
2026-03-03 13:01:17,712 : INFO : EventManager : Event: ======'balldevice_bd_plunger_ball_count_changed'====== Args={'balls': 1}
2026-03-03 13:01:17,713 : INFO : ball_device.bd_trough : Got eject confirm
2026-03-03 13:01:17,713 : INFO : ball_device.bd_trough : Eject successful
2026-03-03 13:01:17,713 : INFO : EventManager : Event: ======'balldevice_bd_trough_ball_eject_success'====== Args={'balls': 1, 'target': <ball_device.bd_plunger>}
2026-03-03 13:01:17,713 : INFO : ball_device.bd_plunger : State: waiting_for_target_ready
2026-03-03 13:01:17,713 : INFO : EventManager : Event: ======'balldevice_bd_plunger_ball_eject_attempt'====== Args={'balls': 1, 'target': <playfield.playfield>, 'source': <ball_device.bd_plunger>, 'mechanical_eject': True, 'num_attempts': 0}
2026-03-03 13:01:17,713 : INFO : EventManager : Event: ======'balldevice_bd_trough_ball_count_changed'====== Args={'balls': 5}
2026-03-03 13:01:17,713 : INFO : ball_device.bd_trough : State: idle
2026-03-03 13:01:17,714 : INFO : ball_device.bd_plunger : State: ejecting
2026-03-03 13:01:17,714 : INFO : ball_device.bd_plunger : Ejecting ball to <playfield.playfield>
2026-03-03 13:01:17,714 : INFO : EventManager : Event: ======'balldevice_bd_plunger_ejecting_ball'====== Args={'balls': 1, 'target': <playfield.playfield>, 'source': <ball_device.bd_plunger>, 'mechanical_eject': True, 'num_attempts': 0}
2026-03-03 13:01:17,715 : INFO : ball_device.bd_plunger : Wait for ball to leave device
2026-03-03 13:01:18,167 : INFO : SwitchController : <<<<<<< 's_flipper_right_upper' active >>>>>>>
2026-03-03 13:01:18,167 : INFO : EventManager : Event: ======'machine_var_audits_switches_s_flipper_right_upper'====== Args={'value': 663, 'prev_value': 662, 'change': 1}
2026-03-03 13:01:18,191 : INFO : SwitchController : <<<<<<< 's_flipper_right_upper_eos' active >>>>>>>
2026-03-03 13:01:18,191 : INFO : EventManager : Event: ======'machine_var_audits_switches_s_flipper_right_upper_eos'====== Args={'value': 477, 'prev_value': 476, 'change': 1}
2026-03-03 13:01:18,442 : INFO : SwitchController : <<<<<<< 's_flipper_right_upper' inactive >>>>>>>
2026-03-03 13:01:18,538 : INFO : SwitchController : <<<<<<< 's_flipper_right_upper' active >>>>>>>
2026-03-03 13:01:18,539 : INFO : EventManager : Event: ======'machine_var_audits_switches_s_flipper_right_upper'====== Args={'value': 664, 'prev_value': 663, 'change': 1}
2026-03-03 13:01:18,541 : INFO : SwitchController : <<<<<<< 's_flipper_right_upper_eos' inactive >>>>>>>
2026-03-03 13:01:18,556 : INFO : SwitchController : <<<<<<< 's_flipper_right_upper_eos' active >>>>>>>
2026-03-03 13:01:18,556 : INFO : EventManager : Event: ======'machine_var_audits_switches_s_flipper_right_upper_eos'====== Args={'value': 478, 'prev_value': 477, 'change': 1}
2026-03-03 13:01:18,652 : INFO : SwitchController : <<<<<<< 's_flipper_right_lower' active >>>>>>>
2026-03-03 13:01:18,652 : INFO : EventManager : Event: ======'machine_var_audits_switches_s_flipper_right_lower'====== Args={'value': 931, 'prev_value': 930, 'change': 1}
2026-03-03 13:01:18,689 : INFO : SwitchController : <<<<<<< 's_flipper_right_lower_eos' inactive >>>>>>>
2026-03-03 13:01:18,695 : INFO : SwitchController : <<<<<<< 's_flipper_right_upper' inactive >>>>>>>
2026-03-03 13:01:18,795 : INFO : SwitchController : <<<<<<< 's_flipper_right_upper_eos' inactive >>>>>>>
2026-03-03 13:01:18,800 : INFO : SwitchController : <<<<<<< 's_flipper_right_lower' inactive >>>>>>>
2026-03-03 13:01:18,891 : INFO : SwitchController : <<<<<<< 's_flipper_right_lower_eos' active >>>>>>>
2026-03-03 13:01:18,891 : INFO : EventManager : Event: ======'machine_var_audits_switches_s_flipper_right_lower_eos'====== Args={'value': 603, 'prev_value': 602, 'change': 1}
2026-03-03 13:01:19,730 : INFO : SwitchController : <<<<<<< 's_flipper_right_lower' active >>>>>>>
2026-03-03 13:01:19,730 : INFO : EventManager : Event: ======'machine_var_audits_switches_s_flipper_right_lower'====== Args={'value': 932, 'prev_value': 931, 'change': 1}
2026-03-03 13:01:19,765 : INFO : SwitchController : <<<<<<< 's_flipper_right_lower_eos' inactive >>>>>>>
2026-03-03 13:01:19,830 : INFO : SwitchController : <<<<<<< 's_flipper_right_lower' inactive >>>>>>>
2026-03-03 13:01:19,920 : INFO : SwitchController : <<<<<<< 's_flipper_right_lower_eos' active >>>>>>>
2026-03-03 13:01:19,920 : INFO : EventManager : Event: ======'machine_var_audits_switches_s_flipper_right_lower_eos'====== Args={'value': 604, 'prev_value': 603, 'change': 1}
2026-03-03 13:01:35,870 : INFO : SwitchController : <<<<<<< 's_flipper_right_upper' active >>>>>>>
2026-03-03 13:01:35,871 : INFO : EventManager : Event: ======'machine_var_audits_switches_s_flipper_right_upper'====== Args={'value': 665, 'prev_value': 664, 'change': 1}
2026-03-03 13:01:35,894 : INFO : SwitchController : <<<<<<< 's_flipper_right_upper_eos' active >>>>>>>
2026-03-03 13:01:35,895 : INFO : EventManager : Event: ======'machine_var_audits_switches_s_flipper_right_upper_eos'====== Args={'value': 479, 'prev_value': 478, 'change': 1}
2026-03-03 13:01:36,025 : INFO : SwitchController : <<<<<<< 's_flipper_right_lower' active >>>>>>>
2026-03-03 13:01:36,026 : INFO : EventManager : Event: ======'machine_var_audits_switches_s_flipper_right_lower'====== Args={'value': 933, 'prev_value': 932, 'change': 1}
2026-03-03 13:01:36,029 : INFO : SwitchController : <<<<<<< 's_flipper_right_lower' inactive >>>>>>>
2026-03-03 13:01:36,030 : INFO : SwitchController : <<<<<<< 's_flipper_right_upper' inactive >>>>>>>
2026-03-03 13:01:36,128 : INFO : SwitchController : <<<<<<< 's_flipper_right_upper_eos' inactive >>>>>>>
2026-03-03 13:01:42,055 : INFO : SwitchController : <<<<<<< 's_flipper_right_upper' active >>>>>>>
2026-03-03 13:01:42,055 : INFO : EventManager : Event: ======'machine_var_audits_switches_s_flipper_right_upper'====== Args={'value': 666, 'prev_value': 665, 'change': 1}
2026-03-03 13:01:42,073 : INFO : SwitchController : <<<<<<< 's_flipper_right_upper' inactive >>>>>>>
2026-03-03 13:01:42,080 : INFO : SwitchController : <<<<<<< 's_flipper_right_upper_eos' active >>>>>>>
2026-03-03 13:01:42,081 : INFO : EventManager : Event: ======'machine_var_audits_switches_s_flipper_right_upper_eos'====== Args={'value': 480, 'prev_value': 479, 'change': 1}
2026-03-03 13:01:42,115 : INFO : SwitchController : <<<<<<< 's_flipper_right_upper_eos' inactive >>>>>>>
2026-03-03 13:01:42,175 : INFO : SwitchController : <<<<<<< 's_flipper_right_upper' active >>>>>>>
2026-03-03 13:01:42,175 : INFO : EventManager : Event: ======'machine_var_audits_switches_s_flipper_right_upper'====== Args={'value': 667, 'prev_value': 666, 'change': 1}
2026-03-03 13:01:42,178 : INFO : SwitchController : <<<<<<< 's_flipper_right_upper' inactive >>>>>>>
2026-03-03 13:01:42,191 : INFO : SwitchController : <<<<<<< 's_flipper_right_upper' active >>>>>>>
2026-03-03 13:01:42,191 : INFO : EventManager : Event: ======'machine_var_audits_switches_s_flipper_right_upper'====== Args={'value': 668, 'prev_value': 667, 'change': 1}
2026-03-03 13:01:42,209 : INFO : SwitchController : <<<<<<< 's_flipper_right_upper_eos' active >>>>>>>
2026-03-03 13:01:42,210 : INFO : EventManager : Event: ======'machine_var_audits_switches_s_flipper_right_upper_eos'====== Args={'value': 481, 'prev_value': 480, 'change': 1}
2026-03-03 13:01:42,258 : INFO : SwitchController : <<<<<<< 's_flipper_right_lower' active >>>>>>>
2026-03-03 13:01:42,258 : INFO : EventManager : Event: ======'machine_var_audits_switches_s_flipper_right_lower'====== Args={'value': 934, 'prev_value': 933, 'change': 1}
2026-03-03 13:01:42,263 : INFO : SwitchController : <<<<<<< 's_flipper_right_lower' inactive >>>>>>>
2026-03-03 13:01:42,280 : INFO : SwitchController : <<<<<<< 's_flipper_right_lower' active >>>>>>>
2026-03-03 13:01:42,280 : INFO : EventManager : Event: ======'machine_var_audits_switches_s_flipper_right_lower'====== Args={'value': 935, 'prev_value': 934, 'change': 1}
2026-03-03 13:01:42,316 : INFO : SwitchController : <<<<<<< 's_flipper_right_lower_eos' inactive >>>>>>>
2026-03-03 13:01:43,047 : INFO : SwitchController : <<<<<<< 's_flipper_right_lower' inactive >>>>>>>
2026-03-03 13:01:43,048 : INFO : SwitchController : <<<<<<< 's_flipper_right_upper' inactive >>>>>>>
2026-03-03 13:01:43,144 : INFO : SwitchController : <<<<<<< 's_flipper_right_lower_eos' active >>>>>>>
2026-03-03 13:01:43,144 : INFO : EventManager : Event: ======'machine_var_audits_switches_s_flipper_right_lower_eos'====== Args={'value': 605, 'prev_value': 604, 'change': 1}
2026-03-03 13:01:43,148 : INFO : SwitchController : <<<<<<< 's_flipper_right_upper_eos' inactive >>>>>>>
2026-03-03 13:01:44,223 : INFO : SwitchController : <<<<<<< 's_flipper_right_upper' active >>>>>>>
2026-03-03 13:01:44,224 : INFO : EventManager : Event: ======'machine_var_audits_switches_s_flipper_right_upper'====== Args={'value': 669, 'prev_value': 668, 'change': 1}
2026-03-03 13:01:44,247 : INFO : SwitchController : <<<<<<< 's_flipper_right_upper_eos' active >>>>>>>
2026-03-03 13:01:44,247 : INFO : EventManager : Event: ======'machine_var_audits_switches_s_flipper_right_upper_eos'====== Args={'value': 482, 'prev_value': 481, 'change': 1}
2026-03-03 13:01:44,263 : INFO : SwitchController : <<<<<<< 's_flipper_right_upper' inactive >>>>>>>
2026-03-03 13:01:44,361 : INFO : SwitchController : <<<<<<< 's_flipper_right_upper_eos' inactive >>>>>>>
2026-03-03 13:01:44,619 : INFO : SwitchController : <<<<<<< 's_flipper_right_upper' active >>>>>>>
2026-03-03 13:01:44,619 : INFO : EventManager : Event: ======'machine_var_audits_switches_s_flipper_right_upper'====== Args={'value': 670, 'prev_value': 669, 'change': 1}
2026-03-03 13:01:44,636 : INFO : SwitchController : <<<<<<< 's_flipper_right_lower' active >>>>>>>
2026-03-03 13:01:44,636 : INFO : EventManager : Event: ======'machine_var_audits_switches_s_flipper_right_lower'====== Args={'value': 936, 'prev_value': 935, 'change': 1}
2026-03-03 13:01:44,642 : INFO : SwitchController : <<<<<<< 's_flipper_right_upper_eos' active >>>>>>>
2026-03-03 13:01:44,643 : INFO : EventManager : Event: ======'machine_var_audits_switches_s_flipper_right_upper_eos'====== Args={'value': 483, 'prev_value': 482, 'change': 1}
2026-03-03 13:01:44,670 : INFO : SwitchController : <<<<<<< 's_flipper_right_lower_eos' inactive >>>>>>>
2026-03-03 13:01:45,063 : INFO : SwitchController : <<<<<<< 's_flipper_right_lower' inactive >>>>>>>
2026-03-03 13:01:45,106 : INFO : SwitchController : <<<<<<< 's_flipper_right_lower' active >>>>>>>
2026-03-03 13:01:45,106 : INFO : EventManager : Event: ======'machine_var_audits_switches_s_flipper_right_lower'====== Args={'value': 937, 'prev_value': 936, 'change': 1}
2026-03-03 13:01:46,123 : INFO : SwitchController : <<<<<<< 's_flipper_right_lower' inactive >>>>>>>
2026-03-03 13:01:46,123 : INFO : SwitchController : <<<<<<< 's_flipper_right_upper' inactive >>>>>>>
2026-03-03 13:01:46,212 : INFO : SwitchController : <<<<<<< 's_flipper_right_lower_eos' active >>>>>>>
2026-03-03 13:01:46,212 : INFO : EventManager : Event: ======'machine_var_audits_switches_s_flipper_right_lower_eos'====== Args={'value': 606, 'prev_value': 605, 'change': 1}
2026-03-03 13:01:46,222 : INFO : SwitchController : <<<<<<< 's_flipper_right_upper_eos' inactive >>>>>>>
2026-03-03 13:01:46,608 : INFO : SwitchController : <<<<<<< 's_flipper_right_lower' active >>>>>>>
2026-03-03 13:01:46,608 : INFO : EventManager : Event: ======'machine_var_audits_switches_s_flipper_right_lower'====== Args={'value': 938, 'prev_value': 937, 'change': 1}
2026-03-03 13:01:46,632 : INFO : SwitchController : <<<<<<< 's_flipper_right_upper' active >>>>>>>
2026-03-03 13:01:46,632 : INFO : EventManager : Event: ======'machine_var_audits_switches_s_flipper_right_upper'====== Args={'value': 671, 'prev_value': 670, 'change': 1}
2026-03-03 13:01:46,650 : INFO : SwitchController : <<<<<<< 's_flipper_right_lower_eos' inactive >>>>>>>
2026-03-03 13:01:46,657 : INFO : SwitchController : <<<<<<< 's_flipper_right_upper_eos' active >>>>>>>
2026-03-03 13:01:46,657 : INFO : EventManager : Event: ======'machine_var_audits_switches_s_flipper_right_upper_eos'====== Args={'value': 484, 'prev_value': 483, 'change': 1}
2026-03-03 13:01:46,734 : INFO : SwitchController : <<<<<<< 's_flipper_right_lower' inactive >>>>>>>
2026-03-03 13:01:46,751 : INFO : SwitchController : <<<<<<< 's_flipper_right_lower' active >>>>>>>
2026-03-03 13:01:46,751 : INFO : EventManager : Event: ======'machine_var_audits_switches_s_flipper_right_lower'====== Args={'value': 939, 'prev_value': 938, 'change': 1}
2026-03-03 13:01:46,804 : INFO : SwitchController : <<<<<<< 's_flipper_right_upper' inactive >>>>>>>
2026-03-03 13:01:46,814 : INFO : SwitchController : <<<<<<< 's_flipper_right_lower' inactive >>>>>>>
2026-03-03 13:01:46,904 : INFO : SwitchController : <<<<<<< 's_flipper_right_upper_eos' inactive >>>>>>>
2026-03-03 13:01:46,906 : INFO : SwitchController : <<<<<<< 's_flipper_right_lower_eos' active >>>>>>>
2026-03-03 13:01:46,906 : INFO : EventManager : Event: ======'machine_var_audits_switches_s_flipper_right_lower_eos'====== Args={'value': 607, 'prev_value': 606, 'change': 1}
2026-03-03 13:01:46,919 : INFO : SwitchController : <<<<<<< 's_flipper_right_lower' active >>>>>>>
2026-03-03 13:01:46,920 : INFO : EventManager : Event: ======'machine_var_audits_switches_s_flipper_right_lower'====== Args={'value': 940, 'prev_value': 939, 'change': 1}
2026-03-03 13:01:46,921 : INFO : SwitchController : <<<<<<< 's_flipper_right_upper' active >>>>>>>
2026-03-03 13:01:46,921 : INFO : EventManager : Event: ======'machine_var_audits_switches_s_flipper_right_upper'====== Args={'value': 672, 'prev_value': 671, 'change': 1}
2026-03-03 13:01:46,936 : INFO : SwitchController : <<<<<<< 's_flipper_right_upper' inactive >>>>>>>
2026-03-03 13:01:46,937 : INFO : SwitchController : <<<<<<< 's_flipper_right_lower' inactive >>>>>>>
2026-03-03 13:01:46,944 : INFO : SwitchController : <<<<<<< 's_flipper_right_upper_eos' active >>>>>>>
2026-03-03 13:01:46,945 : INFO : EventManager : Event: ======'machine_var_audits_switches_s_flipper_right_upper_eos'====== Args={'value': 485, 'prev_value': 484, 'change': 1}
2026-03-03 13:01:46,945 : INFO : SwitchController : <<<<<<< 's_flipper_right_lower_eos' inactive >>>>>>>
2026-03-03 13:01:46,993 : INFO : SwitchController : <<<<<<< 's_flipper_right_upper_eos' inactive >>>>>>>
2026-03-03 13:01:47,009 : INFO : SwitchController : <<<<<<< 's_flipper_right_lower_eos' active >>>>>>>
2026-03-03 13:01:47,009 : INFO : EventManager : Event: ======'machine_var_audits_switches_s_flipper_right_lower_eos'====== Args={'value': 608, 'prev_value': 607, 'change': 1}
2026-03-03 13:02:36,036 : INFO : SwitchController : <<<<<<< 's_flipper_right_lower' active >>>>>>>
2026-03-03 13:02:36,036 : INFO : EventManager : Event: ======'machine_var_audits_switches_s_flipper_right_lower'====== Args={'value': 941, 'prev_value': 940, 'change': 1}
2026-03-03 13:02:36,070 : INFO : SwitchController : <<<<<<< 's_flipper_right_lower_eos' inactive >>>>>>>
2026-03-03 13:02:36,158 : INFO : SwitchController : <<<<<<< 's_flipper_right_lower' inactive >>>>>>>
2026-03-03 13:02:36,251 : INFO : SwitchController : <<<<<<< 's_flipper_right_lower_eos' active >>>>>>>
2026-03-03 13:02:36,252 : INFO : EventManager : Event: ======'machine_var_audits_switches_s_flipper_right_lower_eos'====== Args={'value': 609, 'prev_value': 608, 'change': 1}
2026-03-03 13:02:36,973 : INFO : SwitchController : <<<<<<< 's_flipper_right_lower' active >>>>>>>
2026-03-03 13:02:36,973 : INFO : EventManager : Event: ======'machine_var_audits_switches_s_flipper_right_lower'====== Args={'value': 942, 'prev_value': 941, 'change': 1}
2026-03-03 13:02:36,974 : INFO : SwitchController : <<<<<<< 's_flipper_right_upper' active >>>>>>>
2026-03-03 13:02:36,974 : INFO : EventManager : Event: ======'machine_var_audits_switches_s_flipper_right_upper'====== Args={'value': 673, 'prev_value': 672, 'change': 1}
2026-03-03 13:02:36,996 : INFO : SwitchController : <<<<<<< 's_flipper_right_upper_eos' active >>>>>>>
2026-03-03 13:02:36,997 : INFO : EventManager : Event: ======'machine_var_audits_switches_s_flipper_right_upper_eos'====== Args={'value': 486, 'prev_value': 485, 'change': 1}
2026-03-03 13:02:37,011 : INFO : SwitchController : <<<<<<< 's_flipper_right_lower_eos' inactive >>>>>>>
2026-03-03 13:02:37,093 : INFO : SwitchController : <<<<<<< 's_flipper_right_upper' inactive >>>>>>>
2026-03-03 13:02:37,094 : INFO : SwitchController : <<<<<<< 's_flipper_right_lower' inactive >>>>>>>
2026-03-03 13:02:37,186 : INFO : SwitchController : <<<<<<< 's_flipper_right_lower_eos' active >>>>>>>
2026-03-03 13:02:37,186 : INFO : EventManager : Event: ======'machine_var_audits_switches_s_flipper_right_lower_eos'====== Args={'value': 610, 'prev_value': 609, 'change': 1}
2026-03-03 13:02:37,192 : INFO : SwitchController : <<<<<<< 's_flipper_right_upper_eos' inactive >>>>>>>
2026-03-03 13:02:37,427 : INFO : SwitchController : <<<<<<< 's_flipper_right_lower' active >>>>>>>
2026-03-03 13:02:37,427 : INFO : EventManager : Event: ======'machine_var_audits_switches_s_flipper_right_lower'====== Args={'value': 943, 'prev_value': 942, 'change': 1}
2026-03-03 13:02:37,429 : INFO : SwitchController : <<<<<<< 's_flipper_right_upper' active >>>>>>>
2026-03-03 13:02:37,429 : INFO : EventManager : Event: ======'machine_var_audits_switches_s_flipper_right_upper'====== Args={'value': 674, 'prev_value': 673, 'change': 1}
2026-03-03 13:02:37,452 : INFO : SwitchController : <<<<<<< 's_flipper_right_upper_eos' active >>>>>>>
2026-03-03 13:02:37,453 : INFO : EventManager : Event: ======'machine_var_audits_switches_s_flipper_right_upper_eos'====== Args={'value': 487, 'prev_value': 486, 'change': 1}
2026-03-03 13:02:37,469 : INFO : SwitchController : <<<<<<< 's_flipper_right_lower_eos' inactive >>>>>>>
2026-03-03 13:02:37,565 : INFO : SwitchController : <<<<<<< 's_flipper_right_upper' inactive >>>>>>>
2026-03-03 13:02:37,566 : INFO : SwitchController : <<<<<<< 's_flipper_right_lower' inactive >>>>>>>
2026-03-03 13:02:37,660 : INFO : SwitchController : <<<<<<< 's_flipper_right_lower_eos' active >>>>>>>
2026-03-03 13:02:37,660 : INFO : EventManager : Event: ======'machine_var_audits_switches_s_flipper_right_lower_eos'====== Args={'value': 611, 'prev_value': 610, 'change': 1}
2026-03-03 13:02:37,665 : INFO : SwitchController : <<<<<<< 's_flipper_right_upper_eos' inactive >>>>>>>
2026-03-03 13:02:37,915 : INFO : SwitchController : <<<<<<< 's_flipper_right_lower' active >>>>>>>
2026-03-03 13:02:37,915 : INFO : EventManager : Event: ======'machine_var_audits_switches_s_flipper_right_lower'====== Args={'value': 944, 'prev_value': 943, 'change': 1}
2026-03-03 13:02:37,916 : INFO : SwitchController : <<<<<<< 's_flipper_right_upper' active >>>>>>>
2026-03-03 13:02:37,916 : INFO : EventManager : Event: ======'machine_var_audits_switches_s_flipper_right_upper'====== Args={'value': 675, 'prev_value': 674, 'change': 1}
2026-03-03 13:02:37,938 : INFO : SwitchController : <<<<<<< 's_flipper_right_upper_eos' active >>>>>>>
2026-03-03 13:02:37,938 : INFO : EventManager : Event: ======'machine_var_audits_switches_s_flipper_right_upper_eos'====== Args={'value': 488, 'prev_value': 487, 'change': 1}
2026-03-03 13:02:37,954 : INFO : SwitchController : <<<<<<< 's_flipper_right_lower_eos' inactive >>>>>>>
2026-03-03 13:02:38,074 : INFO : SwitchController : <<<<<<< 's_flipper_right_lower' inactive >>>>>>>
2026-03-03 13:02:38,074 : INFO : SwitchController : <<<<<<< 's_flipper_right_upper' inactive >>>>>>>
2026-03-03 13:02:38,168 : INFO : SwitchController : <<<<<<< 's_flipper_right_lower_eos' active >>>>>>>
2026-03-03 13:02:38,169 : INFO : EventManager : Event: ======'machine_var_audits_switches_s_flipper_right_lower_eos'====== Args={'value': 612, 'prev_value': 611, 'change': 1}
2026-03-03 13:02:38,175 : INFO : SwitchController : <<<<<<< 's_flipper_right_upper_eos' inactive >>>>>>>
2026-03-03 13:02:38,469 : INFO : SwitchController : <<<<<<< 's_flipper_right_upper' active >>>>>>>
2026-03-03 13:02:38,470 : INFO : EventManager : Event: ======'machine_var_audits_switches_s_flipper_right_upper'====== Args={'value': 676, 'prev_value': 675, 'change': 1}
2026-03-03 13:02:38,471 : INFO : SwitchController : <<<<<<< 's_flipper_right_lower' active >>>>>>>
2026-03-03 13:02:38,471 : INFO : EventManager : Event: ======'machine_var_audits_switches_s_flipper_right_lower'====== Args={'value': 945, 'prev_value': 944, 'change': 1}
2026-03-03 13:02:38,494 : INFO : SwitchController : <<<<<<< 's_flipper_right_upper_eos' active >>>>>>>
2026-03-03 13:02:38,494 : INFO : EventManager : Event: ======'machine_var_audits_switches_s_flipper_right_upper_eos'====== Args={'value': 489, 'prev_value': 488, 'change': 1}
2026-03-03 13:02:38,510 : INFO : SwitchController : <<<<<<< 's_flipper_right_lower_eos' inactive >>>>>>>
2026-03-03 13:02:38,612 : INFO : SwitchController : <<<<<<< 's_flipper_right_upper' inactive >>>>>>>
2026-03-03 13:02:38,613 : INFO : SwitchController : <<<<<<< 's_flipper_right_lower' inactive >>>>>>>
2026-03-03 13:02:38,711 : INFO : SwitchController : <<<<<<< 's_flipper_right_lower_eos' active >>>>>>>
2026-03-03 13:02:38,712 : INFO : EventManager : Event: ======'machine_var_audits_switches_s_flipper_right_lower_eos'====== Args={'value': 613, 'prev_value': 612, 'change': 1}
2026-03-03 13:02:38,713 : INFO : SwitchController : <<<<<<< 's_flipper_right_upper_eos' inactive >>>>>>>
2026-03-03 13:02:38,945 : INFO : SwitchController : <<<<<<< 's_flipper_right_upper' active >>>>>>>
2026-03-03 13:02:38,945 : INFO : EventManager : Event: ======'machine_var_audits_switches_s_flipper_right_upper'====== Args={'value': 677, 'prev_value': 676, 'change': 1}
2026-03-03 13:02:38,947 : INFO : SwitchController : <<<<<<< 's_flipper_right_lower' active >>>>>>>
2026-03-03 13:02:38,947 : INFO : EventManager : Event: ======'machine_var_audits_switches_s_flipper_right_lower'====== Args={'value': 946, 'prev_value': 945, 'change': 1}
2026-03-03 13:02:38,969 : INFO : SwitchController : <<<<<<< 's_flipper_right_upper_eos' active >>>>>>>
2026-03-03 13:02:38,969 : INFO : EventManager : Event: ======'machine_var_audits_switches_s_flipper_right_upper_eos'====== Args={'value': 490, 'prev_value': 489, 'change': 1}
2026-03-03 13:02:38,986 : INFO : SwitchController : <<<<<<< 's_flipper_right_lower_eos' inactive >>>>>>>
2026-03-03 13:02:39,080 : INFO : SwitchController : <<<<<<< 's_flipper_right_upper' inactive >>>>>>>
2026-03-03 13:02:39,081 : INFO : SwitchController : <<<<<<< 's_flipper_right_lower' inactive >>>>>>>
2026-03-03 13:02:39,171 : INFO : SwitchController : <<<<<<< 's_flipper_right_lower_eos' active >>>>>>>
2026-03-03 13:02:39,172 : INFO : EventManager : Event: ======'machine_var_audits_switches_s_flipper_right_lower_eos'====== Args={'value': 614, 'prev_value': 613, 'change': 1}
2026-03-03 13:02:39,176 : INFO : SwitchController : <<<<<<< 's_flipper_right_upper_eos' inactive >>>>>>>
2026-03-03 13:02:39,469 : INFO : SwitchController : <<<<<<< 's_flipper_left' active >>>>>>>
2026-03-03 13:02:39,470 : INFO : EventManager : Event: ======'machine_var_audits_switches_s_flipper_left'====== Args={'value': 358, 'prev_value': 357, 'change': 1}
2026-03-03 13:02:39,493 : INFO : SwitchController : <<<<<<< 's_flipper_left_eos' inactive >>>>>>>
2026-03-03 13:02:39,618 : INFO : SwitchController : <<<<<<< 's_flipper_left' inactive >>>>>>>
2026-03-03 13:02:39,704 : INFO : SwitchController : <<<<<<< 's_flipper_left_eos' active >>>>>>>
2026-03-03 13:02:39,705 : INFO : EventManager : Event: ======'machine_var_audits_switches_s_flipper_left_eos'====== Args={'value': 330, 'prev_value': 329, 'change': 1}
2026-03-03 13:02:39,859 : INFO : SwitchController : <<<<<<< 's_flipper_left' active >>>>>>>
2026-03-03 13:02:39,859 : INFO : EventManager : Event: ======'machine_var_audits_switches_s_flipper_left'====== Args={'value': 359, 'prev_value': 358, 'change': 1}
2026-03-03 13:02:39,882 : INFO : SwitchController : <<<<<<< 's_flipper_left_eos' inactive >>>>>>>
2026-03-03 13:02:39,938 : INFO : SwitchController : <<<<<<< 's_flipper_left' inactive >>>>>>>
2026-03-03 13:02:40,026 : INFO : SwitchController : <<<<<<< 's_flipper_left_eos' active >>>>>>>
2026-03-03 13:02:40,027 : INFO : EventManager : Event: ======'machine_var_audits_switches_s_flipper_left_eos'====== Args={'value': 331, 'prev_value': 330, 'change': 1}
2026-03-03 13:02:40,181 : INFO : SwitchController : <<<<<<< 's_flipper_left' active >>>>>>>
2026-03-03 13:02:40,181 : INFO : EventManager : Event: ======'machine_var_audits_switches_s_flipper_left'====== Args={'value': 360, 'prev_value': 359, 'change': 1}
2026-03-03 13:02:40,203 : INFO : SwitchController : <<<<<<< 's_flipper_left_eos' inactive >>>>>>>
2026-03-03 13:02:40,300 : INFO : SwitchController : <<<<<<< 's_flipper_left' inactive >>>>>>>
2026-03-03 13:02:40,390 : INFO : SwitchController : <<<<<<< 's_flipper_left_eos' active >>>>>>>
2026-03-03 13:02:40,390 : INFO : EventManager : Event: ======'machine_var_audits_switches_s_flipper_left_eos'====== Args={'value': 332, 'prev_value': 331, 'change': 1}
2026-03-03 13:02:40,449 : INFO : SwitchController : <<<<<<< 's_flipper_left' active >>>>>>>
2026-03-03 13:02:40,450 : INFO : EventManager : Event: ======'machine_var_audits_switches_s_flipper_left'====== Args={'value': 361, 'prev_value': 360, 'change': 1}
2026-03-03 13:02:40,472 : INFO : SwitchController : <<<<<<< 's_flipper_left_eos' inactive >>>>>>>
2026-03-03 13:02:40,558 : INFO : SwitchController : <<<<<<< 's_flipper_left' inactive >>>>>>>
2026-03-03 13:02:40,646 : INFO : SwitchController : <<<<<<< 's_flipper_left_eos' active >>>>>>>
2026-03-03 13:02:40,646 : INFO : EventManager : Event: ======'machine_var_audits_switches_s_flipper_left_eos'====== Args={'value': 333, 'prev_value': 332, 'change': 1}
2026-03-03 13:02:41,579 : INFO : SwitchController : <<<<<<< 's_flipper_right_lower' active >>>>>>>
2026-03-03 13:02:41,579 : INFO : EventManager : Event: ======'machine_var_audits_switches_s_flipper_right_lower'====== Args={'value': 947, 'prev_value': 946, 'change': 1}
2026-03-03 13:02:41,580 : INFO : SwitchController : <<<<<<< 's_flipper_right_upper' active >>>>>>>
2026-03-03 13:02:41,580 : INFO : EventManager : Event: ======'machine_var_audits_switches_s_flipper_right_upper'====== Args={'value': 678, 'prev_value': 677, 'change': 1}
2026-03-03 13:02:41,602 : INFO : SwitchController : <<<<<<< 's_flipper_right_upper_eos' active >>>>>>>
2026-03-03 13:02:41,603 : INFO : EventManager : Event: ======'machine_var_audits_switches_s_flipper_right_upper_eos'====== Args={'value': 491, 'prev_value': 490, 'change': 1}
2026-03-03 13:02:41,618 : INFO : SwitchController : <<<<<<< 's_flipper_right_lower_eos' inactive >>>>>>>
2026-03-03 13:02:41,704 : INFO : SwitchController : <<<<<<< 's_flipper_right_upper' inactive >>>>>>>
2026-03-03 13:02:41,705 : INFO : SwitchController : <<<<<<< 's_flipper_right_lower' inactive >>>>>>>
2026-03-03 13:02:41,800 : INFO : SwitchController : <<<<<<< 's_flipper_right_lower_eos' active >>>>>>>
2026-03-03 13:02:41,800 : INFO : EventManager : Event: ======'machine_var_audits_switches_s_flipper_right_lower_eos'====== Args={'value': 615, 'prev_value': 614, 'change': 1}
2026-03-03 13:02:41,803 : INFO : SwitchController : <<<<<<< 's_flipper_right_upper_eos' inactive >>>>>>>
2026-03-03 13:02:41,963 : INFO : SwitchController : <<<<<<< 's_flipper_right_lower' active >>>>>>>
2026-03-03 13:02:41,963 : INFO : EventManager : Event: ======'machine_var_audits_switches_s_flipper_right_lower'====== Args={'value': 948, 'prev_value': 947, 'change': 1}
2026-03-03 13:02:41,964 : INFO : SwitchController : <<<<<<< 's_flipper_right_upper' active >>>>>>>
2026-03-03 13:02:41,964 : INFO : EventManager : Event: ======'machine_var_audits_switches_s_flipper_right_upper'====== Args={'value': 679, 'prev_value': 678, 'change': 1}
2026-03-03 13:02:41,988 : INFO : SwitchController : <<<<<<< 's_flipper_right_upper_eos' active >>>>>>>
2026-03-03 13:02:41,988 : INFO : EventManager : Event: ======'machine_var_audits_switches_s_flipper_right_upper_eos'====== Args={'value': 492, 'prev_value': 491, 'change': 1}
2026-03-03 13:02:42,116 : INFO : SwitchController : <<<<<<< 's_flipper_right_lower' inactive >>>>>>>
2026-03-03 13:02:42,116 : INFO : SwitchController : <<<<<<< 's_flipper_right_upper' inactive >>>>>>>
2026-03-03 13:02:42,212 : INFO : SwitchController : <<<<<<< 's_flipper_right_upper_eos' inactive >>>>>>>
2026-03-03 13:02:42,355 : INFO : SwitchController : <<<<<<< 's_flipper_right_upper' active >>>>>>>
2026-03-03 13:02:42,355 : INFO : EventManager : Event: ======'machine_var_audits_switches_s_flipper_right_upper'====== Args={'value': 680, 'prev_value': 679, 'change': 1}
2026-03-03 13:02:42,356 : INFO : SwitchController : <<<<<<< 's_flipper_right_lower' active >>>>>>>
2026-03-03 13:02:42,357 : INFO : EventManager : Event: ======'machine_var_audits_switches_s_flipper_right_lower'====== Args={'value': 949, 'prev_value': 948, 'change': 1}
2026-03-03 13:02:42,377 : INFO : SwitchController : <<<<<<< 's_flipper_right_upper_eos' active >>>>>>>
2026-03-03 13:02:42,377 : INFO : EventManager : Event: ======'machine_var_audits_switches_s_flipper_right_upper_eos'====== Args={'value': 493, 'prev_value': 492, 'change': 1}
2026-03-03 13:02:42,506 : INFO : SwitchController : <<<<<<< 's_flipper_right_upper' inactive >>>>>>>
2026-03-03 13:02:42,506 : INFO : SwitchController : <<<<<<< 's_flipper_right_lower' inactive >>>>>>>
2026-03-03 13:02:42,606 : INFO : SwitchController : <<<<<<< 's_flipper_right_upper_eos' inactive >>>>>>>
2026-03-03 13:02:42,774 : INFO : SwitchController : <<<<<<< 's_flipper_right_upper' active >>>>>>>
2026-03-03 13:02:42,775 : INFO : EventManager : Event: ======'machine_var_audits_switches_s_flipper_right_upper'====== Args={'value': 681, 'prev_value': 680, 'change': 1}
2026-03-03 13:02:42,775 : INFO : SwitchController : <<<<<<< 's_flipper_right_lower' active >>>>>>>
2026-03-03 13:02:42,775 : INFO : EventManager : Event: ======'machine_var_audits_switches_s_flipper_right_lower'====== Args={'value': 950, 'prev_value': 949, 'change': 1}
2026-03-03 13:02:42,798 : INFO : SwitchController : <<<<<<< 's_flipper_right_upper_eos' active >>>>>>>
2026-03-03 13:02:42,798 : INFO : EventManager : Event: ======'machine_var_audits_switches_s_flipper_right_upper_eos'====== Args={'value': 494, 'prev_value': 493, 'change': 1}
2026-03-03 13:02:42,920 : INFO : SwitchController : <<<<<<< 's_flipper_right_upper' inactive >>>>>>>
2026-03-03 13:02:42,920 : INFO : SwitchController : <<<<<<< 's_flipper_right_lower' inactive >>>>>>>
2026-03-03 13:02:43,014 : INFO : SwitchController : <<<<<<< 's_flipper_right_upper_eos' inactive >>>>>>>
2026-03-03 13:02:50,414 : INFO : SwitchController : <<<<<<< 's_flipper_right_lower' active >>>>>>>
2026-03-03 13:02:50,414 : INFO : EventManager : Event: ======'machine_var_audits_switches_s_flipper_right_lower'====== Args={'value': 951, 'prev_value': 950, 'change': 1}
2026-03-03 13:02:50,423 : INFO : SwitchController : <<<<<<< 's_flipper_right_upper' active >>>>>>>
2026-03-03 13:02:50,423 : INFO : EventManager : Event: ======'machine_var_audits_switches_s_flipper_right_upper'====== Args={'value': 682, 'prev_value': 681, 'change': 1}
2026-03-03 13:02:50,447 : INFO : SwitchController : <<<<<<< 's_flipper_right_upper_eos' active >>>>>>>
2026-03-03 13:02:50,447 : INFO : EventManager : Event: ======'machine_var_audits_switches_s_flipper_right_upper_eos'====== Args={'value': 495, 'prev_value': 494, 'change': 1}
2026-03-03 13:02:50,450 : INFO : SwitchController : <<<<<<< 's_flipper_right_lower_eos' inactive >>>>>>>
2026-03-03 13:02:50,477 : INFO : SwitchController : <<<<<<< 's_flipper_right_upper' inactive >>>>>>>
2026-03-03 13:02:50,481 : INFO : SwitchController : <<<<<<< 's_flipper_right_lower' inactive >>>>>>>
2026-03-03 13:02:50,499 : INFO : SwitchController : <<<<<<< 's_flipper_right_lower' active >>>>>>>
2026-03-03 13:02:50,500 : INFO : EventManager : Event: ======'machine_var_audits_switches_s_flipper_right_lower'====== Args={'value': 952, 'prev_value': 951, 'change': 1}
2026-03-03 13:02:50,515 : INFO : SwitchController : <<<<<<< 's_flipper_right_lower' inactive >>>>>>>
2026-03-03 13:02:50,576 : INFO : SwitchController : <<<<<<< 's_flipper_right_upper_eos' inactive >>>>>>>
2026-03-03 13:02:50,623 : INFO : SwitchController : <<<<<<< 's_flipper_right_lower_eos' active >>>>>>>
2026-03-03 13:02:50,624 : INFO : EventManager : Event: ======'machine_var_audits_switches_s_flipper_right_lower_eos'====== Args={'value': 616, 'prev_value': 615, 'change': 1}
2026-03-03 13:02:55,337 : INFO : SwitchController : <<<<<<< 's_flipper_right_lower' active >>>>>>>
2026-03-03 13:02:55,337 : INFO : EventManager : Event: ======'machine_var_audits_switches_s_flipper_right_lower'====== Args={'value': 953, 'prev_value': 952, 'change': 1}
2026-03-03 13:02:55,373 : INFO : SwitchController : <<<<<<< 's_flipper_right_lower_eos' inactive >>>>>>>
2026-03-03 13:02:55,453 : INFO : SwitchController : <<<<<<< 's_flipper_right_lower' inactive >>>>>>>
2026-03-03 13:02:55,533 : INFO : SwitchController : <<<<<<< 's_flipper_right_upper' active >>>>>>>
2026-03-03 13:02:55,534 : INFO : EventManager : Event: ======'machine_var_audits_switches_s_flipper_right_upper'====== Args={'value': 683, 'prev_value': 682, 'change': 1}
2026-03-03 13:02:55,551 : INFO : SwitchController : <<<<<<< 's_flipper_right_lower_eos' active >>>>>>>
2026-03-03 13:02:55,551 : INFO : EventManager : Event: ======'machine_var_audits_switches_s_flipper_right_lower_eos'====== Args={'value': 617, 'prev_value': 616, 'change': 1}
2026-03-03 13:02:55,557 : INFO : SwitchController : <<<<<<< 's_flipper_right_upper_eos' active >>>>>>>
2026-03-03 13:02:55,557 : INFO : EventManager : Event: ======'machine_var_audits_switches_s_flipper_right_upper_eos'====== Args={'value': 496, 'prev_value': 495, 'change': 1}
2026-03-03 13:02:55,618 : INFO : SwitchController : <<<<<<< 's_flipper_right_lower' active >>>>>>>
2026-03-03 13:02:55,618 : INFO : EventManager : Event: ======'machine_var_audits_switches_s_flipper_right_lower'====== Args={'value': 954, 'prev_value': 953, 'change': 1}
2026-03-03 13:02:55,653 : INFO : SwitchController : <<<<<<< 's_flipper_right_lower_eos' inactive >>>>>>>
2026-03-03 13:02:55,663 : INFO : SwitchController : <<<<<<< 's_flipper_right_lower' inactive >>>>>>>
2026-03-03 13:02:55,669 : INFO : SwitchController : <<<<<<< 's_flipper_right_upper' inactive >>>>>>>
2026-03-03 13:02:55,766 : INFO : SwitchController : <<<<<<< 's_flipper_right_lower_eos' active >>>>>>>
2026-03-03 13:02:55,766 : INFO : EventManager : Event: ======'machine_var_audits_switches_s_flipper_right_lower_eos'====== Args={'value': 618, 'prev_value': 617, 'change': 1}
2026-03-03 13:02:55,767 : INFO : SwitchController : <<<<<<< 's_flipper_right_upper_eos' inactive >>>>>>>
2026-03-03 13:02:56,237 : INFO : SwitchController : <<<<<<< 's_flipper_right_upper' active >>>>>>>
2026-03-03 13:02:56,238 : INFO : EventManager : Event: ======'machine_var_audits_switches_s_flipper_right_upper'====== Args={'value': 684, 'prev_value': 683, 'change': 1}
2026-03-03 13:02:56,259 : INFO : SwitchController : <<<<<<< 's_flipper_right_upper_eos' active >>>>>>>
2026-03-03 13:02:56,260 : INFO : EventManager : Event: ======'machine_var_audits_switches_s_flipper_right_upper_eos'====== Args={'value': 497, 'prev_value': 496, 'change': 1}
2026-03-03 13:02:56,291 : INFO : SwitchController : <<<<<<< 's_flipper_right_lower' active >>>>>>>
2026-03-03 13:02:56,291 : INFO : EventManager : Event: ======'machine_var_audits_switches_s_flipper_right_lower'====== Args={'value': 955, 'prev_value': 954, 'change': 1}
2026-03-03 13:02:56,322 : INFO : SwitchController : <<<<<<< 's_flipper_right_lower' inactive >>>>>>>
2026-03-03 13:02:56,324 : INFO : SwitchController : <<<<<<< 's_flipper_right_upper' inactive >>>>>>>
2026-03-03 13:02:56,327 : INFO : SwitchController : <<<<<<< 's_flipper_right_lower_eos' inactive >>>>>>>
2026-03-03 13:02:56,423 : INFO : SwitchController : <<<<<<< 's_flipper_right_upper_eos' inactive >>>>>>>
2026-03-03 13:02:56,439 : INFO : SwitchController : <<<<<<< 's_flipper_right_lower_eos' active >>>>>>>
2026-03-03 13:02:56,439 : INFO : EventManager : Event: ======'machine_var_audits_switches_s_flipper_right_lower_eos'====== Args={'value': 619, 'prev_value': 618, 'change': 1}
2026-03-03 13:02:57,084 : INFO : SwitchController : <<<<<<< 's_flipper_right_upper' active >>>>>>>
2026-03-03 13:02:57,084 : INFO : EventManager : Event: ======'machine_var_audits_switches_s_flipper_right_upper'====== Args={'value': 685, 'prev_value': 684, 'change': 1}
2026-03-03 13:02:57,089 : INFO : SwitchController : <<<<<<< 's_flipper_right_lower' active >>>>>>>
2026-03-03 13:02:57,089 : INFO : EventManager : Event: ======'machine_var_audits_switches_s_flipper_right_lower'====== Args={'value': 956, 'prev_value': 955, 'change': 1}
2026-03-03 13:02:57,099 : INFO : SwitchController : <<<<<<< 's_flipper_right_lower' inactive >>>>>>>
2026-03-03 13:02:57,100 : INFO : SwitchController : <<<<<<< 's_flipper_right_upper' inactive >>>>>>>
2026-03-03 13:02:57,108 : INFO : SwitchController : <<<<<<< 's_flipper_right_upper_eos' active >>>>>>>
2026-03-03 13:02:57,109 : INFO : EventManager : Event: ======'machine_var_audits_switches_s_flipper_right_upper_eos'====== Args={'value': 498, 'prev_value': 497, 'change': 1}
2026-03-03 13:02:57,201 : INFO : SwitchController : <<<<<<< 's_flipper_right_upper_eos' inactive >>>>>>>
2026-03-03 13:02:57,577 : INFO : SwitchController : <<<<<<< 's_flipper_right_upper' active >>>>>>>
2026-03-03 13:02:57,577 : INFO : EventManager : Event: ======'machine_var_audits_switches_s_flipper_right_upper'====== Args={'value': 686, 'prev_value': 685, 'change': 1}
2026-03-03 13:02:57,601 : INFO : SwitchController : <<<<<<< 's_flipper_right_upper_eos' active >>>>>>>
2026-03-03 13:02:57,601 : INFO : EventManager : Event: ======'machine_var_audits_switches_s_flipper_right_upper_eos'====== Args={'value': 499, 'prev_value': 498, 'change': 1}
2026-03-03 13:02:57,667 : INFO : SwitchController : <<<<<<< 's_flipper_right_lower' active >>>>>>>
2026-03-03 13:02:57,667 : INFO : EventManager : Event: ======'machine_var_audits_switches_s_flipper_right_lower'====== Args={'value': 957, 'prev_value': 956, 'change': 1}
2026-03-03 13:02:57,699 : INFO : SwitchController : <<<<<<< 's_flipper_right_lower' inactive >>>>>>>
2026-03-03 13:02:57,699 : INFO : SwitchController : <<<<<<< 's_flipper_right_upper' inactive >>>>>>>
2026-03-03 13:02:57,794 : INFO : SwitchController : <<<<<<< 's_flipper_right_upper_eos' inactive >>>>>>>
2026-03-03 13:02:58,362 : INFO : SwitchController : <<<<<<< 's_flipper_right_upper' active >>>>>>>
2026-03-03 13:02:58,362 : INFO : EventManager : Event: ======'machine_var_audits_switches_s_flipper_right_upper'====== Args={'value': 687, 'prev_value': 686, 'change': 1}
2026-03-03 13:02:58,386 : INFO : SwitchController : <<<<<<< 's_flipper_right_upper_eos' active >>>>>>>
2026-03-03 13:02:58,386 : INFO : EventManager : Event: ======'machine_var_audits_switches_s_flipper_right_upper_eos'====== Args={'value': 500, 'prev_value': 499, 'change': 1}
2026-03-03 13:02:58,611 : INFO : SwitchController : <<<<<<< 's_flipper_right_lower' active >>>>>>>
2026-03-03 13:02:58,611 : INFO : EventManager : Event: ======'machine_var_audits_switches_s_flipper_right_lower'====== Args={'value': 958, 'prev_value': 957, 'change': 1}
2026-03-03 13:02:58,683 : INFO : SwitchController : <<<<<<< 's_flipper_right_lower' inactive >>>>>>>
2026-03-03 13:02:58,684 : INFO : SwitchController : <<<<<<< 's_flipper_right_upper' inactive >>>>>>>
2026-03-03 13:02:58,782 : INFO : SwitchController : <<<<<<< 's_flipper_right_upper_eos' inactive >>>>>>>
2026-03-03 13:02:59,233 : INFO : SwitchController : <<<<<<< 's_flipper_right_upper' active >>>>>>>
2026-03-03 13:02:59,233 : INFO : EventManager : Event: ======'machine_var_audits_switches_s_flipper_right_upper'====== Args={'value': 688, 'prev_value': 687, 'change': 1}
2026-03-03 13:02:59,256 : INFO : SwitchController : <<<<<<< 's_flipper_right_upper_eos' active >>>>>>>
2026-03-03 13:02:59,257 : INFO : EventManager : Event: ======'machine_var_audits_switches_s_flipper_right_upper_eos'====== Args={'value': 501, 'prev_value': 500, 'change': 1}
2026-03-03 13:02:59,265 : INFO : SwitchController : <<<<<<< 's_flipper_right_lower' active >>>>>>>
2026-03-03 13:02:59,266 : INFO : EventManager : Event: ======'machine_var_audits_switches_s_flipper_right_lower'====== Args={'value': 959, 'prev_value': 958, 'change': 1}
2026-03-03 13:02:59,304 : INFO : SwitchController : <<<<<<< 's_flipper_right_lower' inactive >>>>>>>
2026-03-03 13:02:59,311 : INFO : SwitchController : <<<<<<< 's_flipper_right_upper' inactive >>>>>>>
2026-03-03 13:02:59,406 : INFO : SwitchController : <<<<<<< 's_flipper_right_upper_eos' inactive >>>>>>>
2026-03-03 13:03:00,143 : INFO : SwitchController : <<<<<<< 's_flipper_right_lower' active >>>>>>>
2026-03-03 13:03:00,143 : INFO : EventManager : Event: ======'machine_var_audits_switches_s_flipper_right_lower'====== Args={'value': 960, 'prev_value': 959, 'change': 1}
2026-03-03 13:03:00,181 : INFO : SwitchController : <<<<<<< 's_flipper_right_lower_eos' inactive >>>>>>>
2026-03-03 13:03:00,183 : INFO : SwitchController : <<<<<<< 's_flipper_right_lower' inactive >>>>>>>
2026-03-03 13:03:00,289 : INFO : SwitchController : <<<<<<< 's_flipper_right_lower_eos' active >>>>>>>
2026-03-03 13:03:00,289 : INFO : EventManager : Event: ======'machine_var_audits_switches_s_flipper_right_lower_eos'====== Args={'value': 620, 'prev_value': 619, 'change': 1}
2026-03-03 13:03:00,845 : INFO : SwitchController : <<<<<<< 's_flipper_right_upper' active >>>>>>>
2026-03-03 13:03:00,846 : INFO : EventManager : Event: ======'machine_var_audits_switches_s_flipper_right_upper'====== Args={'value': 689, 'prev_value': 688, 'change': 1}
2026-03-03 13:03:00,861 : INFO : SwitchController : <<<<<<< 's_flipper_right_lower' active >>>>>>>
2026-03-03 13:03:00,861 : INFO : EventManager : Event: ======'machine_var_audits_switches_s_flipper_right_lower'====== Args={'value': 961, 'prev_value': 960, 'change': 1}
2026-03-03 13:03:00,869 : INFO : SwitchController : <<<<<<< 's_flipper_right_upper_eos' active >>>>>>>
2026-03-03 13:03:00,869 : INFO : EventManager : Event: ======'machine_var_audits_switches_s_flipper_right_upper_eos'====== Args={'value': 502, 'prev_value': 501, 'change': 1}
2026-03-03 13:03:01,005 : INFO : SwitchController : <<<<<<< 's_flipper_right_lower' inactive >>>>>>>
2026-03-03 13:03:01,005 : INFO : SwitchController : <<<<<<< 's_flipper_right_upper' inactive >>>>>>>
2026-03-03 13:03:01,099 : INFO : SwitchController : <<<<<<< 's_flipper_right_upper_eos' inactive >>>>>>>
2026-03-03 13:03:01,513 : INFO : SwitchController : <<<<<<< 's_flipper_right_lower' active >>>>>>>
2026-03-03 13:03:01,513 : INFO : EventManager : Event: ======'machine_var_audits_switches_s_flipper_right_lower'====== Args={'value': 962, 'prev_value': 961, 'change': 1}
2026-03-03 13:03:01,548 : INFO : SwitchController : <<<<<<< 's_flipper_right_lower_eos' inactive >>>>>>>
2026-03-03 13:03:01,588 : INFO : SwitchController : <<<<<<< 's_flipper_right_lower' inactive >>>>>>>
2026-03-03 13:03:01,607 : INFO : SwitchController : <<<<<<< 's_flipper_right_upper' active >>>>>>>
2026-03-03 13:03:01,607 : INFO : EventManager : Event: ======'machine_var_audits_switches_s_flipper_right_upper'====== Args={'value': 690, 'prev_value': 689, 'change': 1}
2026-03-03 13:03:01,632 : INFO : SwitchController : <<<<<<< 's_flipper_right_upper_eos' active >>>>>>>
2026-03-03 13:03:01,632 : INFO : EventManager : Event: ======'machine_var_audits_switches_s_flipper_right_upper_eos'====== Args={'value': 503, 'prev_value': 502, 'change': 1}
2026-03-03 13:03:01,686 : INFO : SwitchController : <<<<<<< 's_flipper_right_lower_eos' active >>>>>>>
2026-03-03 13:03:01,687 : INFO : EventManager : Event: ======'machine_var_audits_switches_s_flipper_right_lower_eos'====== Args={'value': 621, 'prev_value': 620, 'change': 1}
2026-03-03 13:03:01,790 : INFO : SwitchController : <<<<<<< 's_flipper_right_lower' active >>>>>>>
2026-03-03 13:03:01,790 : INFO : EventManager : Event: ======'machine_var_audits_switches_s_flipper_right_lower'====== Args={'value': 963, 'prev_value': 962, 'change': 1}
2026-03-03 13:03:01,854 : INFO : SwitchController : <<<<<<< 's_flipper_right_upper' inactive >>>>>>>
2026-03-03 13:03:01,855 : INFO : SwitchController : <<<<<<< 's_flipper_right_lower' inactive >>>>>>>
2026-03-03 13:03:01,953 : INFO : SwitchController : <<<<<<< 's_flipper_right_upper_eos' inactive >>>>>>>
2026-03-03 13:03:02,522 : INFO : SwitchController : <<<<<<< 's_flipper_right_upper' active >>>>>>>
2026-03-03 13:03:02,522 : INFO : EventManager : Event: ======'machine_var_audits_switches_s_flipper_right_upper'====== Args={'value': 691, 'prev_value': 690, 'change': 1}
2026-03-03 13:03:02,544 : INFO : SwitchController : <<<<<<< 's_flipper_right_upper_eos' active >>>>>>>
2026-03-03 13:03:02,545 : INFO : EventManager : Event: ======'machine_var_audits_switches_s_flipper_right_upper_eos'====== Args={'value': 504, 'prev_value': 503, 'change': 1}
2026-03-03 13:03:02,614 : INFO : SwitchController : <<<<<<< 's_flipper_right_upper' inactive >>>>>>>
2026-03-03 13:03:02,712 : INFO : SwitchController : <<<<<<< 's_flipper_right_upper_eos' inactive >>>>>>>
2026-03-03 13:03:03,939 : INFO : SwitchController : <<<<<<< 's_flipper_right_lower' active >>>>>>>
2026-03-03 13:03:03,939 : INFO : EventManager : Event: ======'machine_var_audits_switches_s_flipper_right_lower'====== Args={'value': 964, 'prev_value': 963, 'change': 1}
2026-03-03 13:03:03,974 : INFO : SwitchController : <<<<<<< 's_flipper_right_lower_eos' inactive >>>>>>>
2026-03-03 13:03:03,980 : INFO : SwitchController : <<<<<<< 's_flipper_right_upper' active >>>>>>>
2026-03-03 13:03:03,980 : INFO : EventManager : Event: ======'machine_var_audits_switches_s_flipper_right_upper'====== Args={'value': 692, 'prev_value': 691, 'change': 1}
2026-03-03 13:03:04,004 : INFO : SwitchController : <<<<<<< 's_flipper_right_upper_eos' active >>>>>>>
2026-03-03 13:03:04,005 : INFO : EventManager : Event: ======'machine_var_audits_switches_s_flipper_right_upper_eos'====== Args={'value': 505, 'prev_value': 504, 'change': 1}
2026-03-03 13:03:04,086 : INFO : SwitchController : <<<<<<< 's_flipper_right_lower' inactive >>>>>>>
2026-03-03 13:03:04,184 : INFO : SwitchController : <<<<<<< 's_flipper_right_lower' active >>>>>>>
2026-03-03 13:03:04,184 : INFO : EventManager : Event: ======'machine_var_audits_switches_s_flipper_right_lower'====== Args={'value': 965, 'prev_value': 964, 'change': 1}
2026-03-03 13:03:04,187 : INFO : SwitchController : <<<<<<< 's_flipper_right_lower_eos' active >>>>>>>
2026-03-03 13:03:04,187 : INFO : EventManager : Event: ======'machine_var_audits_switches_s_flipper_right_lower_eos'====== Args={'value': 622, 'prev_value': 621, 'change': 1}
2026-03-03 13:03:04,201 : INFO : SwitchController : <<<<<<< 's_flipper_right_lower_eos' inactive >>>>>>>
2026-03-03 13:03:04,225 : INFO : SwitchController : <<<<<<< 's_flipper_right_lower' inactive >>>>>>>
2026-03-03 13:03:04,225 : INFO : SwitchController : <<<<<<< 's_flipper_right_upper' inactive >>>>>>>
2026-03-03 13:03:04,325 : INFO : SwitchController : <<<<<<< 's_flipper_right_lower_eos' active >>>>>>>
2026-03-03 13:03:04,325 : INFO : EventManager : Event: ======'machine_var_audits_switches_s_flipper_right_lower_eos'====== Args={'value': 623, 'prev_value': 622, 'change': 1}
2026-03-03 13:03:04,326 : INFO : SwitchController : <<<<<<< 's_flipper_right_upper_eos' inactive >>>>>>>
2026-03-03 13:03:05,147 : INFO : SwitchController : <<<<<<< 's_flipper_right_lower' active >>>>>>>
2026-03-03 13:03:05,148 : INFO : EventManager : Event: ======'machine_var_audits_switches_s_flipper_right_lower'====== Args={'value': 966, 'prev_value': 965, 'change': 1}
2026-03-03 13:03:05,164 : INFO : SwitchController : <<<<<<< 's_flipper_right_lower' inactive >>>>>>>
2026-03-03 13:03:10,837 : INFO : SwitchController : <<<<<<< 's_flipper_right_lower' active >>>>>>>
2026-03-03 13:03:10,837 : INFO : EventManager : Event: ======'machine_var_audits_switches_s_flipper_right_lower'====== Args={'value': 967, 'prev_value': 966, 'change': 1}
2026-03-03 13:03:10,874 : INFO : SwitchController : <<<<<<< 's_flipper_right_lower_eos' inactive >>>>>>>
2026-03-03 13:03:11,074 : INFO : SwitchController : <<<<<<< 's_flipper_right_lower' inactive >>>>>>>
2026-03-03 13:03:11,102 : INFO : SwitchController : <<<<<<< 's_flipper_right_lower' active >>>>>>>
2026-03-03 13:03:11,102 : INFO : EventManager : Event: ======'machine_var_audits_switches_s_flipper_right_lower'====== Args={'value': 968, 'prev_value': 967, 'change': 1}
2026-03-03 13:03:11,196 : INFO : SwitchController : <<<<<<< 's_flipper_right_lower' inactive >>>>>>>
2026-03-03 13:03:11,297 : INFO : SwitchController : <<<<<<< 's_flipper_right_lower_eos' active >>>>>>>
2026-03-03 13:03:11,298 : INFO : EventManager : Event: ======'machine_var_audits_switches_s_flipper_right_lower_eos'====== Args={'value': 624, 'prev_value': 623, 'change': 1}
2026-03-03 13:03:11,510 : INFO : SwitchController : <<<<<<< 's_flipper_right_lower' active >>>>>>>
2026-03-03 13:03:11,510 : INFO : EventManager : Event: ======'machine_var_audits_switches_s_flipper_right_lower'====== Args={'value': 969, 'prev_value': 968, 'change': 1}
2026-03-03 13:03:11,544 : INFO : SwitchController : <<<<<<< 's_flipper_right_lower' inactive >>>>>>>
2026-03-03 13:03:11,548 : INFO : SwitchController : <<<<<<< 's_flipper_right_lower_eos' inactive >>>>>>>
2026-03-03 13:03:11,578 : INFO : SwitchController : <<<<<<< 's_flipper_right_lower' active >>>>>>>
2026-03-03 13:03:11,579 : INFO : EventManager : Event: ======'machine_var_audits_switches_s_flipper_right_lower'====== Args={'value': 970, 'prev_value': 969, 'change': 1}
2026-03-03 13:03:11,587 : INFO : SwitchController : <<<<<<< 's_flipper_right_lower' inactive >>>>>>>
2026-03-03 13:03:11,697 : INFO : SwitchController : <<<<<<< 's_flipper_right_lower_eos' active >>>>>>>
2026-03-03 13:03:11,697 : INFO : EventManager : Event: ======'machine_var_audits_switches_s_flipper_right_lower_eos'====== Args={'value': 625, 'prev_value': 624, 'change': 1}
2026-03-03 13:03:12,154 : INFO : SwitchController : <<<<<<< 's_flipper_right_lower' active >>>>>>>
2026-03-03 13:03:12,154 : INFO : EventManager : Event: ======'machine_var_audits_switches_s_flipper_right_lower'====== Args={'value': 971, 'prev_value': 970, 'change': 1}
2026-03-03 13:03:12,191 : INFO : SwitchController : <<<<<<< 's_flipper_right_lower_eos' inactive >>>>>>>
2026-03-03 13:03:12,282 : INFO : SwitchController : <<<<<<< 's_flipper_right_lower' inactive >>>>>>>
2026-03-03 13:03:12,284 : INFO : SwitchController : <<<<<<< 's_flipper_right_lower' active >>>>>>>
2026-03-03 13:03:12,284 : INFO : EventManager : Event: ======'machine_var_audits_switches_s_flipper_right_lower'====== Args={'value': 972, 'prev_value': 971, 'change': 1}
2026-03-03 13:03:12,313 : INFO : SwitchController : <<<<<<< 's_flipper_right_lower' inactive >>>>>>>
2026-03-03 13:03:12,345 : INFO : SwitchController : <<<<<<< 's_flipper_right_lower' active >>>>>>>
2026-03-03 13:03:12,345 : INFO : EventManager : Event: ======'machine_var_audits_switches_s_flipper_right_lower'====== Args={'value': 973, 'prev_value': 972, 'change': 1}
2026-03-03 13:03:12,360 : INFO : SwitchController : <<<<<<< 's_flipper_right_lower' inactive >>>>>>>
2026-03-03 13:03:12,468 : INFO : SwitchController : <<<<<<< 's_flipper_right_lower_eos' active >>>>>>>
2026-03-03 13:03:12,469 : INFO : EventManager : Event: ======'machine_var_audits_switches_s_flipper_right_lower_eos'====== Args={'value': 626, 'prev_value': 625, 'change': 1}
2026-03-03 13:03:12,936 : INFO : SwitchController : <<<<<<< 's_flipper_right_lower' active >>>>>>>
2026-03-03 13:03:12,936 : INFO : EventManager : Event: ======'machine_var_audits_switches_s_flipper_right_lower'====== Args={'value': 974, 'prev_value': 973, 'change': 1}
2026-03-03 13:03:12,941 : INFO : SwitchController : <<<<<<< 's_flipper_right_lower' inactive >>>>>>>
2026-03-03 13:03:12,943 : INFO : SwitchController : <<<<<<< 's_flipper_right_lower' active >>>>>>>
2026-03-03 13:03:12,943 : INFO : EventManager : Event: ======'machine_var_audits_switches_s_flipper_right_lower'====== Args={'value': 975, 'prev_value': 974, 'change': 1}
2026-03-03 13:03:12,966 : INFO : SwitchController : <<<<<<< 's_flipper_right_lower' inactive >>>>>>>
2026-03-03 13:03:12,975 : INFO : SwitchController : <<<<<<< 's_flipper_right_lower' active >>>>>>>
2026-03-03 13:03:12,975 : INFO : EventManager : Event: ======'machine_var_audits_switches_s_flipper_right_lower'====== Args={'value': 976, 'prev_value': 975, 'change': 1}
2026-03-03 13:03:12,992 : INFO : SwitchController : <<<<<<< 's_flipper_right_lower_eos' inactive >>>>>>>
2026-03-03 13:03:13,047 : INFO : SwitchController : <<<<<<< 's_flipper_right_upper' active >>>>>>>
2026-03-03 13:03:13,048 : INFO : EventManager : Event: ======'machine_var_audits_switches_s_flipper_right_upper'====== Args={'value': 693, 'prev_value': 692, 'change': 1}
2026-03-03 13:03:13,049 : INFO : SwitchController : <<<<<<< 's_flipper_right_upper' inactive >>>>>>>
2026-03-03 13:03:13,064 : INFO : SwitchController : <<<<<<< 's_flipper_right_lower' inactive >>>>>>>
2026-03-03 13:03:13,155 : INFO : SwitchController : <<<<<<< 's_flipper_right_lower_eos' active >>>>>>>
2026-03-03 13:03:13,156 : INFO : EventManager : Event: ======'machine_var_audits_switches_s_flipper_right_lower_eos'====== Args={'value': 627, 'prev_value': 626, 'change': 1}
2026-03-03 13:03:13,199 : INFO : SwitchController : <<<<<<< 's_flipper_right_lower' active >>>>>>>
2026-03-03 13:03:13,199 : INFO : EventManager : Event: ======'machine_var_audits_switches_s_flipper_right_lower'====== Args={'value': 977, 'prev_value': 976, 'change': 1}
2026-03-03 13:03:13,200 : INFO : SwitchController : <<<<<<< 's_flipper_right_lower' inactive >>>>>>>
2026-03-03 13:03:13,208 : INFO : SwitchController : <<<<<<< 's_flipper_right_lower' active >>>>>>>
2026-03-03 13:03:13,208 : INFO : EventManager : Event: ======'machine_var_audits_switches_s_flipper_right_lower'====== Args={'value': 978, 'prev_value': 977, 'change': 1}
2026-03-03 13:03:13,243 : INFO : SwitchController : <<<<<<< 's_flipper_right_lower_eos' inactive >>>>>>>
2026-03-03 13:03:13,356 : INFO : SwitchController : <<<<<<< 's_flipper_right_lower' inactive >>>>>>>
2026-03-03 13:03:13,411 : INFO : SwitchController : <<<<<<< 's_flipper_right_lower' active >>>>>>>
2026-03-03 13:03:13,411 : INFO : EventManager : Event: ======'machine_var_audits_switches_s_flipper_right_lower'====== Args={'value': 979, 'prev_value': 978, 'change': 1}
2026-03-03 13:03:13,441 : INFO : SwitchController : <<<<<<< 's_flipper_right_upper' active >>>>>>>
2026-03-03 13:03:13,441 : INFO : EventManager : Event: ======'machine_var_audits_switches_s_flipper_right_upper'====== Args={'value': 694, 'prev_value': 693, 'change': 1}
2026-03-03 13:03:13,465 : INFO : SwitchController : <<<<<<< 's_flipper_right_upper_eos' active >>>>>>>
2026-03-03 13:03:13,465 : INFO : EventManager : Event: ======'machine_var_audits_switches_s_flipper_right_upper_eos'====== Args={'value': 506, 'prev_value': 505, 'change': 1}
2026-03-03 13:03:13,581 : INFO : SwitchController : <<<<<<< 's_flipper_right_upper' inactive >>>>>>>
2026-03-03 13:03:13,588 : INFO : SwitchController : <<<<<<< 's_flipper_right_upper' active >>>>>>>
2026-03-03 13:03:13,588 : INFO : EventManager : Event: ======'machine_var_audits_switches_s_flipper_right_upper'====== Args={'value': 695, 'prev_value': 694, 'change': 1}
2026-03-03 13:03:13,685 : INFO : SwitchController : <<<<<<< 's_flipper_right_upper' inactive >>>>>>>
2026-03-03 13:03:13,694 : INFO : SwitchController : <<<<<<< 's_flipper_right_lower' inactive >>>>>>>
2026-03-03 13:03:13,784 : INFO : SwitchController : <<<<<<< 's_flipper_right_upper_eos' inactive >>>>>>>
2026-03-03 13:03:13,789 : INFO : SwitchController : <<<<<<< 's_flipper_right_lower_eos' active >>>>>>>
2026-03-03 13:03:13,789 : INFO : EventManager : Event: ======'machine_var_audits_switches_s_flipper_right_lower_eos'====== Args={'value': 628, 'prev_value': 627, 'change': 1}
2026-03-03 13:03:16,859 : INFO : SwitchController : <<<<<<< 's_flipper_right_upper' active >>>>>>>
2026-03-03 13:03:16,859 : INFO : EventManager : Event: ======'machine_var_audits_switches_s_flipper_right_upper'====== Args={'value': 696, 'prev_value': 695, 'change': 1}
2026-03-03 13:03:16,868 : INFO : SwitchController : <<<<<<< 's_flipper_right_upper' inactive >>>>>>>
2026-03-03 13:03:16,868 : INFO : SwitchController : <<<<<<< 's_flipper_right_upper' active >>>>>>>
2026-03-03 13:03:16,869 : INFO : EventManager : Event: ======'machine_var_audits_switches_s_flipper_right_upper'====== Args={'value': 697, 'prev_value': 696, 'change': 1}
2026-03-03 13:03:16,884 : INFO : SwitchController : <<<<<<< 's_flipper_right_upper_eos' active >>>>>>>
2026-03-03 13:03:16,885 : INFO : EventManager : Event: ======'machine_var_audits_switches_s_flipper_right_upper_eos'====== Args={'value': 507, 'prev_value': 506, 'change': 1}
2026-03-03 13:03:16,915 : INFO : SwitchController : <<<<<<< 's_flipper_right_upper' inactive >>>>>>>
2026-03-03 13:03:17,015 : INFO : SwitchController : <<<<<<< 's_flipper_right_upper_eos' inactive >>>>>>>
2026-03-03 13:03:18,793 : INFO : SwitchController : <<<<<<< 's_flipper_right_upper' active >>>>>>>
2026-03-03 13:03:18,793 : INFO : EventManager : Event: ======'machine_var_audits_switches_s_flipper_right_upper'====== Args={'value': 698, 'prev_value': 697, 'change': 1}
2026-03-03 13:03:18,800 : INFO : SwitchController : <<<<<<< 's_flipper_right_upper' inactive >>>>>>>
2026-03-03 13:03:18,819 : INFO : SwitchController : <<<<<<< 's_flipper_right_upper_eos' active >>>>>>>
2026-03-03 13:03:18,819 : INFO : EventManager : Event: ======'machine_var_audits_switches_s_flipper_right_upper_eos'====== Args={'value': 508, 'prev_value': 507, 'change': 1}
2026-03-03 13:03:18,861 : INFO : SwitchController : <<<<<<< 's_flipper_right_upper_eos' inactive >>>>>>>
2026-03-03 13:03:20,362 : INFO : SwitchController : <<<<<<< 's_flipper_right_upper' active >>>>>>>
2026-03-03 13:03:20,362 : INFO : EventManager : Event: ======'machine_var_audits_switches_s_flipper_right_upper'====== Args={'value': 699, 'prev_value': 698, 'change': 1}
2026-03-03 13:03:20,386 : INFO : SwitchController : <<<<<<< 's_flipper_right_upper_eos' active >>>>>>>
2026-03-03 13:03:20,386 : INFO : EventManager : Event: ======'machine_var_audits_switches_s_flipper_right_upper_eos'====== Args={'value': 509, 'prev_value': 508, 'change': 1}
2026-03-03 13:03:27,279 : INFO : SwitchController : <<<<<<< 's_flipper_right_upper' inactive >>>>>>>
2026-03-03 13:03:27,378 : INFO : SwitchController : <<<<<<< 's_flipper_right_upper_eos' inactive >>>>>>>
2026-03-03 13:03:28,407 : INFO : SwitchController : <<<<<<< 's_flipper_right_upper' active >>>>>>>
2026-03-03 13:03:28,407 : INFO : EventManager : Event: ======'machine_var_audits_switches_s_flipper_right_upper'====== Args={'value': 700, 'prev_value': 699, 'change': 1}
2026-03-03 13:03:28,430 : INFO : SwitchController : <<<<<<< 's_flipper_right_upper_eos' active >>>>>>>
2026-03-03 13:03:28,430 : INFO : EventManager : Event: ======'machine_var_audits_switches_s_flipper_right_upper_eos'====== Args={'value': 510, 'prev_value': 509, 'change': 1}
2026-03-03 13:03:28,577 : INFO : SwitchController : <<<<<<< 's_flipper_right_upper' inactive >>>>>>>
2026-03-03 13:03:28,676 : INFO : SwitchController : <<<<<<< 's_flipper_right_upper_eos' inactive >>>>>>>
2026-03-03 13:03:28,835 : INFO : SwitchController : <<<<<<< 's_flipper_right_upper' active >>>>>>>
2026-03-03 13:03:28,835 : INFO : EventManager : Event: ======'machine_var_audits_switches_s_flipper_right_upper'====== Args={'value': 701, 'prev_value': 700, 'change': 1}
2026-03-03 13:03:28,858 : INFO : SwitchController : <<<<<<< 's_flipper_right_upper_eos' active >>>>>>>
2026-03-03 13:03:28,858 : INFO : EventManager : Event: ======'machine_var_audits_switches_s_flipper_right_upper_eos'====== Args={'value': 511, 'prev_value': 510, 'change': 1}
2026-03-03 13:03:28,987 : INFO : SwitchController : <<<<<<< 's_flipper_right_upper' inactive >>>>>>>
2026-03-03 13:03:29,087 : INFO : SwitchController : <<<<<<< 's_flipper_right_upper_eos' inactive >>>>>>>
2026-03-03 13:03:29,225 : INFO : SwitchController : <<<<<<< 's_flipper_right_upper' active >>>>>>>
2026-03-03 13:03:29,226 : INFO : EventManager : Event: ======'machine_var_audits_switches_s_flipper_right_upper'====== Args={'value': 702, 'prev_value': 701, 'change': 1}
2026-03-03 13:03:29,249 : INFO : SwitchController : <<<<<<< 's_flipper_right_upper_eos' active >>>>>>>
2026-03-03 13:03:29,250 : INFO : EventManager : Event: ======'machine_var_audits_switches_s_flipper_right_upper_eos'====== Args={'value': 512, 'prev_value': 511, 'change': 1}
2026-03-03 13:03:29,436 : INFO : SwitchController : <<<<<<< 's_flipper_right_upper' inactive >>>>>>>
2026-03-03 13:03:29,537 : INFO : SwitchController : <<<<<<< 's_flipper_right_upper_eos' inactive >>>>>>>
2026-03-03 13:03:29,670 : INFO : SwitchController : <<<<<<< 's_flipper_right_upper' active >>>>>>>
2026-03-03 13:03:29,671 : INFO : EventManager : Event: ======'machine_var_audits_switches_s_flipper_right_upper'====== Args={'value': 703, 'prev_value': 702, 'change': 1}
2026-03-03 13:03:29,694 : INFO : SwitchController : <<<<<<< 's_flipper_right_upper_eos' active >>>>>>>
2026-03-03 13:03:29,694 : INFO : EventManager : Event: ======'machine_var_audits_switches_s_flipper_right_upper_eos'====== Args={'value': 513, 'prev_value': 512, 'change': 1}
2026-03-03 13:03:29,930 : INFO : SwitchController : <<<<<<< 's_flipper_right_upper' inactive >>>>>>>
2026-03-03 13:03:30,031 : INFO : SwitchController : <<<<<<< 's_flipper_right_upper_eos' inactive >>>>>>>
2026-03-03 13:03:30,349 : INFO : SwitchController : <<<<<<< 's_flipper_right_upper' active >>>>>>>
2026-03-03 13:03:30,349 : INFO : EventManager : Event: ======'machine_var_audits_switches_s_flipper_right_upper'====== Args={'value': 704, 'prev_value': 703, 'change': 1}
2026-03-03 13:03:30,372 : INFO : SwitchController : <<<<<<< 's_flipper_right_upper_eos' active >>>>>>>
2026-03-03 13:03:30,372 : INFO : EventManager : Event: ======'machine_var_audits_switches_s_flipper_right_upper_eos'====== Args={'value': 514, 'prev_value': 513, 'change': 1}
2026-03-03 13:03:30,535 : INFO : SwitchController : <<<<<<< 's_flipper_right_upper' inactive >>>>>>>
2026-03-03 13:03:30,635 : INFO : SwitchController : <<<<<<< 's_flipper_right_upper_eos' inactive >>>>>>>
2026-03-03 13:03:37,192 : INFO : SwitchController : <<<<<<< 's_flipper_right_upper' active >>>>>>>
2026-03-03 13:03:37,192 : INFO : EventManager : Event: ======'machine_var_audits_switches_s_flipper_right_upper'====== Args={'value': 705, 'prev_value': 704, 'change': 1}
2026-03-03 13:03:37,215 : INFO : SwitchController : <<<<<<< 's_flipper_right_upper_eos' active >>>>>>>
2026-03-03 13:03:37,215 : INFO : EventManager : Event: ======'machine_var_audits_switches_s_flipper_right_upper_eos'====== Args={'value': 515, 'prev_value': 514, 'change': 1}
2026-03-03 13:03:37,718 : INFO : SwitchController : <<<<<<< 's_flipper_right_upper' inactive >>>>>>>
2026-03-03 13:03:37,817 : INFO : SwitchController : <<<<<<< 's_flipper_right_upper_eos' inactive >>>>>>>
2026-03-03 13:03:38,864 : INFO : SwitchController : <<<<<<< 's_flipper_right_upper' active >>>>>>>
2026-03-03 13:03:38,865 : INFO : EventManager : Event: ======'machine_var_audits_switches_s_flipper_right_upper'====== Args={'value': 706, 'prev_value': 705, 'change': 1}
2026-03-03 13:03:38,889 : INFO : SwitchController : <<<<<<< 's_flipper_right_upper_eos' active >>>>>>>
2026-03-03 13:03:38,889 : INFO : EventManager : Event: ======'machine_var_audits_switches_s_flipper_right_upper_eos'====== Args={'value': 516, 'prev_value': 515, 'change': 1}
2026-03-03 13:03:39,036 : INFO : SwitchController : <<<<<<< 's_flipper_right_upper' inactive >>>>>>>
2026-03-03 13:03:39,136 : INFO : SwitchController : <<<<<<< 's_flipper_right_upper_eos' inactive >>>>>>>
2026-03-03 13:03:39,303 : INFO : SwitchController : <<<<<<< 's_flipper_right_upper' active >>>>>>>
2026-03-03 13:03:39,303 : INFO : EventManager : Event: ======'machine_var_audits_switches_s_flipper_right_upper'====== Args={'value': 707, 'prev_value': 706, 'change': 1}
2026-03-03 13:03:39,327 : INFO : SwitchController : <<<<<<< 's_flipper_right_upper_eos' active >>>>>>>
2026-03-03 13:03:39,327 : INFO : EventManager : Event: ======'machine_var_audits_switches_s_flipper_right_upper_eos'====== Args={'value': 517, 'prev_value': 516, 'change': 1}
2026-03-03 13:03:39,441 : INFO : SwitchController : <<<<<<< 's_flipper_right_upper' inactive >>>>>>>
2026-03-03 13:03:39,540 : INFO : SwitchController : <<<<<<< 's_flipper_right_upper_eos' inactive >>>>>>>
2026-03-03 13:03:39,705 : INFO : SwitchController : <<<<<<< 's_flipper_right_upper' active >>>>>>>
2026-03-03 13:03:39,706 : INFO : EventManager : Event: ======'machine_var_audits_switches_s_flipper_right_upper'====== Args={'value': 708, 'prev_value': 707, 'change': 1}
2026-03-03 13:03:39,729 : INFO : SwitchController : <<<<<<< 's_flipper_right_upper_eos' active >>>>>>>
2026-03-03 13:03:39,729 : INFO : EventManager : Event: ======'machine_var_audits_switches_s_flipper_right_upper_eos'====== Args={'value': 518, 'prev_value': 517, 'change': 1}
2026-03-03 13:03:39,830 : INFO : SwitchController : <<<<<<< 's_flipper_right_upper' inactive >>>>>>>
2026-03-03 13:03:39,931 : INFO : SwitchController : <<<<<<< 's_flipper_right_upper_eos' inactive >>>>>>>
2026-03-03 13:03:40,092 : INFO : SwitchController : <<<<<<< 's_flipper_right_upper' active >>>>>>>
2026-03-03 13:03:40,092 : INFO : EventManager : Event: ======'machine_var_audits_switches_s_flipper_right_upper'====== Args={'value': 709, 'prev_value': 708, 'change': 1}
2026-03-03 13:03:40,114 : INFO : SwitchController : <<<<<<< 's_flipper_right_upper_eos' active >>>>>>>
2026-03-03 13:03:40,114 : INFO : EventManager : Event: ======'machine_var_audits_switches_s_flipper_right_upper_eos'====== Args={'value': 519, 'prev_value': 518, 'change': 1}
2026-03-03 13:03:40,242 : INFO : SwitchController : <<<<<<< 's_flipper_right_upper' inactive >>>>>>>
2026-03-03 13:03:40,335 : INFO : SwitchController : <<<<<<< 's_flipper_right_upper_eos' inactive >>>>>>>
2026-03-03 13:03:40,504 : INFO : SwitchController : <<<<<<< 's_flipper_right_upper' active >>>>>>>
2026-03-03 13:03:40,504 : INFO : EventManager : Event: ======'machine_var_audits_switches_s_flipper_right_upper'====== Args={'value': 710, 'prev_value': 709, 'change': 1}
2026-03-03 13:03:40,528 : INFO : SwitchController : <<<<<<< 's_flipper_right_upper_eos' active >>>>>>>
2026-03-03 13:03:40,528 : INFO : EventManager : Event: ======'machine_var_audits_switches_s_flipper_right_upper_eos'====== Args={'value': 520, 'prev_value': 519, 'change': 1}
2026-03-03 13:03:41,420 : INFO : SwitchController : <<<<<<< 's_flipper_right_upper' inactive >>>>>>>
2026-03-03 13:03:41,521 : INFO : SwitchController : <<<<<<< 's_flipper_right_upper_eos' inactive >>>>>>>
2026-03-03 13:03:41,678 : INFO : SwitchController : <<<<<<< 's_flipper_right_upper' active >>>>>>>
2026-03-03 13:03:41,678 : INFO : EventManager : Event: ======'machine_var_audits_switches_s_flipper_right_upper'====== Args={'value': 711, 'prev_value': 710, 'change': 1}
2026-03-03 13:03:41,702 : INFO : SwitchController : <<<<<<< 's_flipper_right_upper_eos' active >>>>>>>
2026-03-03 13:03:41,703 : INFO : EventManager : Event: ======'machine_var_audits_switches_s_flipper_right_upper_eos'====== Args={'value': 521, 'prev_value': 520, 'change': 1}
2026-03-03 13:03:42,445 : INFO : SwitchController : <<<<<<< 's_flipper_right_upper' inactive >>>>>>>
2026-03-03 13:03:42,547 : INFO : SwitchController : <<<<<<< 's_flipper_right_upper_eos' inactive >>>>>>>
2026-03-03 13:03:44,818 : INFO : SwitchController : <<<<<<< 's_flipper_right_upper' active >>>>>>>
2026-03-03 13:03:44,818 : INFO : EventManager : Event: ======'machine_var_audits_switches_s_flipper_right_upper'====== Args={'value': 712, 'prev_value': 711, 'change': 1}
2026-03-03 13:03:44,842 : INFO : SwitchController : <<<<<<< 's_flipper_right_upper_eos' active >>>>>>>
2026-03-03 13:03:44,842 : INFO : EventManager : Event: ======'machine_var_audits_switches_s_flipper_right_upper_eos'====== Args={'value': 522, 'prev_value': 521, 'change': 1}
2026-03-03 13:03:44,968 : INFO : SwitchController : <<<<<<< 's_flipper_right_upper' inactive >>>>>>>
2026-03-03 13:03:45,069 : INFO : SwitchController : <<<<<<< 's_flipper_right_upper_eos' inactive >>>>>>>
2026-03-03 13:03:45,290 : INFO : SwitchController : <<<<<<< 's_flipper_right_upper' active >>>>>>>
2026-03-03 13:03:45,290 : INFO : EventManager : Event: ======'machine_var_audits_switches_s_flipper_right_upper'====== Args={'value': 713, 'prev_value': 712, 'change': 1}
2026-03-03 13:03:45,313 : INFO : SwitchController : <<<<<<< 's_flipper_right_upper_eos' active >>>>>>>
2026-03-03 13:03:45,314 : INFO : EventManager : Event: ======'machine_var_audits_switches_s_flipper_right_upper_eos'====== Args={'value': 523, 'prev_value': 522, 'change': 1}
2026-03-03 13:03:45,456 : INFO : SwitchController : <<<<<<< 's_flipper_right_upper' inactive >>>>>>>
2026-03-03 13:03:45,556 : INFO : SwitchController : <<<<<<< 's_flipper_right_upper_eos' inactive >>>>>>>
2026-03-03 13:03:45,709 : INFO : SwitchController : <<<<<<< 's_flipper_right_upper' active >>>>>>>
2026-03-03 13:03:45,709 : INFO : EventManager : Event: ======'machine_var_audits_switches_s_flipper_right_upper'====== Args={'value': 714, 'prev_value': 713, 'change': 1}
2026-03-03 13:03:45,733 : INFO : SwitchController : <<<<<<< 's_flipper_right_upper_eos' active >>>>>>>
2026-03-03 13:03:45,733 : INFO : EventManager : Event: ======'machine_var_audits_switches_s_flipper_right_upper_eos'====== Args={'value': 524, 'prev_value': 523, 'change': 1}
2026-03-03 13:03:45,853 : INFO : SwitchController : <<<<<<< 's_flipper_right_upper' inactive >>>>>>>
2026-03-03 13:03:45,953 : INFO : SwitchController : <<<<<<< 's_flipper_right_upper_eos' inactive >>>>>>>
2026-03-03 13:03:46,598 : INFO : SwitchController : <<<<<<< 's_flipper_right_upper' active >>>>>>>
2026-03-03 13:03:46,599 : INFO : EventManager : Event: ======'machine_var_audits_switches_s_flipper_right_upper'====== Args={'value': 715, 'prev_value': 714, 'change': 1}
2026-03-03 13:03:46,623 : INFO : SwitchController : <<<<<<< 's_flipper_right_upper_eos' active >>>>>>>
2026-03-03 13:03:46,623 : INFO : EventManager : Event: ======'machine_var_audits_switches_s_flipper_right_upper_eos'====== Args={'value': 525, 'prev_value': 524, 'change': 1}
2026-03-03 13:03:46,752 : INFO : SwitchController : <<<<<<< 's_flipper_right_upper' inactive >>>>>>>
2026-03-03 13:03:46,860 : INFO : SwitchController : <<<<<<< 's_flipper_right_upper_eos' inactive >>>>>>>
2026-03-03 13:03:46,983 : INFO : SwitchController : <<<<<<< 's_flipper_right_upper' active >>>>>>>
2026-03-03 13:03:46,983 : INFO : EventManager : Event: ======'machine_var_audits_switches_s_flipper_right_upper'====== Args={'value': 716, 'prev_value': 715, 'change': 1}
2026-03-03 13:03:47,007 : INFO : SwitchController : <<<<<<< 's_flipper_right_upper_eos' active >>>>>>>
2026-03-03 13:03:47,007 : INFO : EventManager : Event: ======'machine_var_audits_switches_s_flipper_right_upper_eos'====== Args={'value': 526, 'prev_value': 525, 'change': 1}
2026-03-03 13:03:47,119 : INFO : SwitchController : <<<<<<< 's_flipper_right_upper' inactive >>>>>>>
2026-03-03 13:03:47,219 : INFO : SwitchController : <<<<<<< 's_flipper_right_upper_eos' inactive >>>>>>>
2026-03-03 13:03:47,261 : INFO : SwitchController : <<<<<<< 's_flipper_right_upper' active >>>>>>>
2026-03-03 13:03:47,261 : INFO : EventManager : Event: ======'machine_var_audits_switches_s_flipper_right_upper'====== Args={'value': 717, 'prev_value': 716, 'change': 1}
2026-03-03 13:03:47,284 : INFO : SwitchController : <<<<<<< 's_flipper_right_upper_eos' active >>>>>>>
2026-03-03 13:03:47,284 : INFO : EventManager : Event: ======'machine_var_audits_switches_s_flipper_right_upper_eos'====== Args={'value': 527, 'prev_value': 526, 'change': 1}
2026-03-03 13:03:47,311 : INFO : SwitchController : <<<<<<< 's_flipper_right_upper' inactive >>>>>>>
2026-03-03 13:03:47,412 : INFO : SwitchController : <<<<<<< 's_flipper_right_upper_eos' inactive >>>>>>>
2026-03-03 13:03:49,792 : INFO : SwitchController : <<<<<<< 's_flipper_right_upper' active >>>>>>>
2026-03-03 13:03:49,792 : INFO : EventManager : Event: ======'machine_var_audits_switches_s_flipper_right_upper'====== Args={'value': 718, 'prev_value': 717, 'change': 1}
2026-03-03 13:03:49,815 : INFO : SwitchController : <<<<<<< 's_flipper_right_upper_eos' active >>>>>>>
2026-03-03 13:03:49,815 : INFO : EventManager : Event: ======'machine_var_audits_switches_s_flipper_right_upper_eos'====== Args={'value': 528, 'prev_value': 527, 'change': 1}
2026-03-03 13:03:49,940 : INFO : SwitchController : <<<<<<< 's_flipper_right_upper' inactive >>>>>>>
2026-03-03 13:03:50,039 : INFO : SwitchController : <<<<<<< 's_flipper_right_upper_eos' inactive >>>>>>>
2026-03-03 13:03:50,817 : INFO : SwitchController : <<<<<<< 's_flipper_right_upper' active >>>>>>>
2026-03-03 13:03:50,817 : INFO : EventManager : Event: ======'machine_var_audits_switches_s_flipper_right_upper'====== Args={'value': 719, 'prev_value': 718, 'change': 1}
2026-03-03 13:03:50,833 : INFO : SwitchController : <<<<<<< 's_flipper_right_upper_eos' active >>>>>>>
2026-03-03 13:03:50,833 : INFO : EventManager : Event: ======'machine_var_audits_switches_s_flipper_right_upper_eos'====== Args={'value': 529, 'prev_value': 528, 'change': 1}
2026-03-03 13:03:51,563 : INFO : SwitchController : <<<<<<< 's_flipper_right_upper' inactive >>>>>>>
2026-03-03 13:03:51,663 : INFO : SwitchController : <<<<<<< 's_flipper_right_upper_eos' inactive >>>>>>>
2026-03-03 13:03:52,155 : INFO : SwitchController : <<<<<<< 's_flipper_right_upper' active >>>>>>>
2026-03-03 13:03:52,155 : INFO : EventManager : Event: ======'machine_var_audits_switches_s_flipper_right_upper'====== Args={'value': 720, 'prev_value': 719, 'change': 1}
2026-03-03 13:03:52,179 : INFO : SwitchController : <<<<<<< 's_flipper_right_upper_eos' active >>>>>>>
2026-03-03 13:03:52,180 : INFO : EventManager : Event: ======'machine_var_audits_switches_s_flipper_right_upper_eos'====== Args={'value': 530, 'prev_value': 529, 'change': 1}
2026-03-03 13:03:52,376 : INFO : SwitchController : <<<<<<< 's_flipper_right_upper' inactive >>>>>>>
2026-03-03 13:03:52,475 : INFO : SwitchController : <<<<<<< 's_flipper_right_upper_eos' inactive >>>>>>>
2026-03-03 13:03:52,821 : INFO : SwitchController : <<<<<<< 's_flipper_right_upper' active >>>>>>>
2026-03-03 13:03:52,821 : INFO : EventManager : Event: ======'machine_var_audits_switches_s_flipper_right_upper'====== Args={'value': 721, 'prev_value': 720, 'change': 1}
2026-03-03 13:03:52,849 : INFO : SwitchController : <<<<<<< 's_flipper_right_upper_eos' active >>>>>>>
2026-03-03 13:03:52,849 : INFO : EventManager : Event: ======'machine_var_audits_switches_s_flipper_right_upper_eos'====== Args={'value': 531, 'prev_value': 530, 'change': 1}
2026-03-03 13:03:53,431 : INFO : SwitchController : <<<<<<< 's_flipper_right_upper' inactive >>>>>>>
2026-03-03 13:03:53,531 : INFO : SwitchController : <<<<<<< 's_flipper_right_upper_eos' inactive >>>>>>>
2026-03-03 13:03:53,976 : INFO : SwitchController : <<<<<<< 's_flipper_right_upper' active >>>>>>>
2026-03-03 13:03:53,976 : INFO : EventManager : Event: ======'machine_var_audits_switches_s_flipper_right_upper'====== Args={'value': 722, 'prev_value': 721, 'change': 1}
2026-03-03 13:03:54,000 : INFO : SwitchController : <<<<<<< 's_flipper_right_upper_eos' active >>>>>>>
2026-03-03 13:03:54,000 : INFO : EventManager : Event: ======'machine_var_audits_switches_s_flipper_right_upper_eos'====== Args={'value': 532, 'prev_value': 531, 'change': 1}
2026-03-03 13:03:54,158 : INFO : SwitchController : <<<<<<< 's_flipper_right_upper' inactive >>>>>>>
2026-03-03 13:03:54,257 : INFO : SwitchController : <<<<<<< 's_flipper_right_upper_eos' inactive >>>>>>>
2026-03-03 13:03:54,406 : INFO : SwitchController : <<<<<<< 's_flipper_right_upper' active >>>>>>>
2026-03-03 13:03:54,406 : INFO : EventManager : Event: ======'machine_var_audits_switches_s_flipper_right_upper'====== Args={'value': 723, 'prev_value': 722, 'change': 1}
2026-03-03 13:03:54,430 : INFO : SwitchController : <<<<<<< 's_flipper_right_upper_eos' active >>>>>>>
2026-03-03 13:03:54,430 : INFO : EventManager : Event: ======'machine_var_audits_switches_s_flipper_right_upper_eos'====== Args={'value': 533, 'prev_value': 532, 'change': 1}
2026-03-03 13:03:54,560 : INFO : SwitchController : <<<<<<< 's_flipper_right_upper' inactive >>>>>>>
2026-03-03 13:03:54,660 : INFO : SwitchController : <<<<<<< 's_flipper_right_upper_eos' inactive >>>>>>>
2026-03-03 13:03:55,172 : INFO : SwitchController : <<<<<<< 's_flipper_right_upper' active >>>>>>>
2026-03-03 13:03:55,172 : INFO : EventManager : Event: ======'machine_var_audits_switches_s_flipper_right_upper'====== Args={'value': 724, 'prev_value': 723, 'change': 1}
2026-03-03 13:03:55,196 : INFO : SwitchController : <<<<<<< 's_flipper_right_upper_eos' active >>>>>>>
2026-03-03 13:03:55,197 : INFO : EventManager : Event: ======'machine_var_audits_switches_s_flipper_right_upper_eos'====== Args={'value': 534, 'prev_value': 533, 'change': 1}
2026-03-03 13:03:55,229 : INFO : SwitchController : <<<<<<< 's_flipper_right_lower_eos' inactive >>>>>>>
2026-03-03 13:03:55,367 : INFO : SwitchController : <<<<<<< 's_flipper_right_upper' inactive >>>>>>>
2026-03-03 13:03:55,467 : INFO : SwitchController : <<<<<<< 's_flipper_right_upper_eos' inactive >>>>>>>
2026-03-03 13:03:55,609 : INFO : SwitchController : <<<<<<< 's_flipper_right_lower_eos' active >>>>>>>
2026-03-03 13:03:55,609 : INFO : EventManager : Event: ======'machine_var_audits_switches_s_flipper_right_lower_eos'====== Args={'value': 629, 'prev_value': 628, 'change': 1}
2026-03-03 13:03:55,690 : INFO : SwitchController : <<<<<<< 's_flipper_right_upper' active >>>>>>>
2026-03-03 13:03:55,690 : INFO : EventManager : Event: ======'machine_var_audits_switches_s_flipper_right_upper'====== Args={'value': 725, 'prev_value': 724, 'change': 1}
2026-03-03 13:03:55,713 : INFO : SwitchController : <<<<<<< 's_flipper_right_upper_eos' active >>>>>>>
2026-03-03 13:03:55,713 : INFO : EventManager : Event: ======'machine_var_audits_switches_s_flipper_right_upper_eos'====== Args={'value': 535, 'prev_value': 534, 'change': 1}
2026-03-03 13:03:55,851 : INFO : SwitchController : <<<<<<< 's_flipper_right_upper' inactive >>>>>>>
2026-03-03 13:03:55,951 : INFO : SwitchController : <<<<<<< 's_flipper_right_upper_eos' inactive >>>>>>>
2026-03-03 13:03:56,327 : INFO : SwitchController : <<<<<<< 's_flipper_right_upper' active >>>>>>>
2026-03-03 13:03:56,327 : INFO : EventManager : Event: ======'machine_var_audits_switches_s_flipper_right_upper'====== Args={'value': 726, 'prev_value': 725, 'change': 1}
2026-03-03 13:03:56,351 : INFO : SwitchController : <<<<<<< 's_flipper_right_upper_eos' active >>>>>>>
2026-03-03 13:03:56,351 : INFO : EventManager : Event: ======'machine_var_audits_switches_s_flipper_right_upper_eos'====== Args={'value': 536, 'prev_value': 535, 'change': 1}
2026-03-03 13:03:56,902 : INFO : SwitchController : <<<<<<< 's_flipper_right_upper' inactive >>>>>>>
2026-03-03 13:03:57,003 : INFO : SwitchController : <<<<<<< 's_flipper_right_upper_eos' inactive >>>>>>>
2026-03-03 13:03:57,632 : INFO : SwitchController : <<<<<<< 's_flipper_right_upper' active >>>>>>>
2026-03-03 13:03:57,632 : INFO : EventManager : Event: ======'machine_var_audits_switches_s_flipper_right_upper'====== Args={'value': 727, 'prev_value': 726, 'change': 1}
2026-03-03 13:03:57,656 : INFO : SwitchController : <<<<<<< 's_flipper_right_upper_eos' active >>>>>>>
2026-03-03 13:03:57,657 : INFO : EventManager : Event: ======'machine_var_audits_switches_s_flipper_right_upper_eos'====== Args={'value': 537, 'prev_value': 536, 'change': 1}
2026-03-03 13:03:58,158 : INFO : SwitchController : <<<<<<< 's_flipper_right_upper' inactive >>>>>>>
2026-03-03 13:03:58,259 : INFO : SwitchController : <<<<<<< 's_flipper_right_upper_eos' inactive >>>>>>>
2026-03-03 13:03:58,428 : INFO : SwitchController : <<<<<<< 's_flipper_right_upper' active >>>>>>>
2026-03-03 13:03:58,428 : INFO : EventManager : Event: ======'machine_var_audits_switches_s_flipper_right_upper'====== Args={'value': 728, 'prev_value': 727, 'change': 1}
2026-03-03 13:03:58,451 : INFO : SwitchController : <<<<<<< 's_flipper_right_upper_eos' active >>>>>>>
2026-03-03 13:03:58,451 : INFO : EventManager : Event: ======'machine_var_audits_switches_s_flipper_right_upper_eos'====== Args={'value': 538, 'prev_value': 537, 'change': 1}
2026-03-03 13:03:58,622 : INFO : SwitchController : <<<<<<< 's_flipper_right_upper' inactive >>>>>>>
2026-03-03 13:03:58,725 : INFO : SwitchController : <<<<<<< 's_flipper_right_upper_eos' inactive >>>>>>>
2026-03-03 13:04:00,866 : INFO : SwitchController : <<<<<<< 's_flipper_right_upper' active >>>>>>>
2026-03-03 13:04:00,866 : INFO : EventManager : Event: ======'machine_var_audits_switches_s_flipper_right_upper'====== Args={'value': 729, 'prev_value': 728, 'change': 1}
2026-03-03 13:04:00,883 : INFO : SwitchController : <<<<<<< 's_flipper_right_upper' inactive >>>>>>>
2026-03-03 13:04:00,889 : INFO : SwitchController : <<<<<<< 's_flipper_right_upper_eos' active >>>>>>>
2026-03-03 13:04:00,889 : INFO : EventManager : Event: ======'machine_var_audits_switches_s_flipper_right_upper_eos'====== Args={'value': 539, 'prev_value': 538, 'change': 1}
2026-03-03 13:04:00,991 : INFO : SwitchController : <<<<<<< 's_flipper_right_upper_eos' inactive >>>>>>>
2026-03-03 13:04:02,752 : INFO : SwitchController : <<<<<<< 's_flipper_right_upper' active >>>>>>>
2026-03-03 13:04:02,752 : INFO : EventManager : Event: ======'machine_var_audits_switches_s_flipper_right_upper'====== Args={'value': 730, 'prev_value': 729, 'change': 1}
2026-03-03 13:04:02,776 : INFO : SwitchController : <<<<<<< 's_flipper_right_upper_eos' active >>>>>>>
2026-03-03 13:04:02,776 : INFO : EventManager : Event: ======'machine_var_audits_switches_s_flipper_right_upper_eos'====== Args={'value': 540, 'prev_value': 539, 'change': 1}
2026-03-03 13:04:02,958 : INFO : SwitchController : <<<<<<< 's_flipper_right_upper' inactive >>>>>>>
2026-03-03 13:04:03,057 : INFO : SwitchController : <<<<<<< 's_flipper_right_upper_eos' inactive >>>>>>>
2026-03-03 13:04:04,610 : INFO : SwitchController : <<<<<<< 's_flipper_right_upper' active >>>>>>>
2026-03-03 13:04:04,610 : INFO : EventManager : Event: ======'machine_var_audits_switches_s_flipper_right_upper'====== Args={'value': 731, 'prev_value': 730, 'change': 1}
2026-03-03 13:04:04,634 : INFO : SwitchController : <<<<<<< 's_flipper_right_upper_eos' active >>>>>>>
2026-03-03 13:04:04,634 : INFO : EventManager : Event: ======'machine_var_audits_switches_s_flipper_right_upper_eos'====== Args={'value': 541, 'prev_value': 540, 'change': 1}
2026-03-03 13:04:05,020 : INFO : SwitchController : <<<<<<< 's_flipper_right_upper' inactive >>>>>>>
2026-03-03 13:04:05,119 : INFO : SwitchController : <<<<<<< 's_flipper_right_upper_eos' inactive >>>>>>>
2026-03-03 13:04:05,284 : INFO : SwitchController : <<<<<<< 's_flipper_right_upper' active >>>>>>>
2026-03-03 13:04:05,284 : INFO : EventManager : Event: ======'machine_var_audits_switches_s_flipper_right_upper'====== Args={'value': 732, 'prev_value': 731, 'change': 1}
2026-03-03 13:04:05,308 : INFO : SwitchController : <<<<<<< 's_flipper_right_upper_eos' active >>>>>>>
2026-03-03 13:04:05,308 : INFO : EventManager : Event: ======'machine_var_audits_switches_s_flipper_right_upper_eos'====== Args={'value': 542, 'prev_value': 541, 'change': 1}
2026-03-03 13:04:05,382 : INFO : SwitchController : <<<<<<< 's_flipper_right_upper' inactive >>>>>>>
2026-03-03 13:04:05,481 : INFO : SwitchController : <<<<<<< 's_flipper_right_upper_eos' inactive >>>>>>>
2026-03-03 13:04:05,589 : INFO : SwitchController : <<<<<<< 's_flipper_right_upper' active >>>>>>>
2026-03-03 13:04:05,589 : INFO : EventManager : Event: ======'machine_var_audits_switches_s_flipper_right_upper'====== Args={'value': 733, 'prev_value': 732, 'change': 1}
2026-03-03 13:04:05,612 : INFO : SwitchController : <<<<<<< 's_flipper_right_upper_eos' active >>>>>>>
2026-03-03 13:04:05,612 : INFO : EventManager : Event: ======'machine_var_audits_switches_s_flipper_right_upper_eos'====== Args={'value': 543, 'prev_value': 542, 'change': 1}
2026-03-03 13:04:05,628 : INFO : SwitchController : <<<<<<< 's_flipper_right_upper' inactive >>>>>>>
2026-03-03 13:04:05,728 : INFO : SwitchController : <<<<<<< 's_flipper_right_upper_eos' inactive >>>>>>>
2026-03-03 13:04:05,968 : INFO : SwitchController : <<<<<<< 's_flipper_right_upper' active >>>>>>>
2026-03-03 13:04:05,968 : INFO : EventManager : Event: ======'machine_var_audits_switches_s_flipper_right_upper'====== Args={'value': 734, 'prev_value': 733, 'change': 1}
2026-03-03 13:04:05,993 : INFO : SwitchController : <<<<<<< 's_flipper_right_upper_eos' active >>>>>>>
2026-03-03 13:04:05,993 : INFO : EventManager : Event: ======'machine_var_audits_switches_s_flipper_right_upper_eos'====== Args={'value': 544, 'prev_value': 543, 'change': 1}
2026-03-03 13:04:06,108 : INFO : SwitchController : <<<<<<< 's_flipper_right_upper' inactive >>>>>>>
2026-03-03 13:04:06,208 : INFO : SwitchController : <<<<<<< 's_flipper_right_upper_eos' inactive >>>>>>>
2026-03-03 13:04:10,261 : INFO : SwitchController : <<<<<<< 's_flipper_right_upper' active >>>>>>>
2026-03-03 13:04:10,261 : INFO : EventManager : Event: ======'machine_var_audits_switches_s_flipper_right_upper'====== Args={'value': 735, 'prev_value': 734, 'change': 1}
2026-03-03 13:04:10,285 : INFO : SwitchController : <<<<<<< 's_flipper_right_upper_eos' active >>>>>>>
2026-03-03 13:04:10,286 : INFO : EventManager : Event: ======'machine_var_audits_switches_s_flipper_right_upper_eos'====== Args={'value': 545, 'prev_value': 544, 'change': 1}
2026-03-03 13:04:15,327 : INFO : SwitchController : <<<<<<< 's_flipper_right_upper' inactive >>>>>>>
2026-03-03 13:04:15,426 : INFO : SwitchController : <<<<<<< 's_flipper_right_upper_eos' inactive >>>>>>>
2026-03-03 13:04:16,528 : INFO : SwitchController : <<<<<<< 's_flipper_right_upper' active >>>>>>>
2026-03-03 13:04:16,528 : INFO : EventManager : Event: ======'machine_var_audits_switches_s_flipper_right_upper'====== Args={'value': 736, 'prev_value': 735, 'change': 1}
2026-03-03 13:04:16,551 : INFO : SwitchController : <<<<<<< 's_flipper_right_upper_eos' active >>>>>>>
2026-03-03 13:04:16,551 : INFO : EventManager : Event: ======'machine_var_audits_switches_s_flipper_right_upper_eos'====== Args={'value': 546, 'prev_value': 545, 'change': 1}
2026-03-03 13:04:17,791 : INFO : SwitchController : <<<<<<< 's_flipper_right_upper' inactive >>>>>>>
2026-03-03 13:04:17,891 : INFO : SwitchController : <<<<<<< 's_flipper_right_upper_eos' inactive >>>>>>>
2026-03-03 13:04:18,158 : INFO : SwitchController : <<<<<<< 's_flipper_right_upper' active >>>>>>>
2026-03-03 13:04:18,158 : INFO : EventManager : Event: ======'machine_var_audits_switches_s_flipper_right_upper'====== Args={'value': 737, 'prev_value': 736, 'change': 1}
2026-03-03 13:04:18,181 : INFO : SwitchController : <<<<<<< 's_flipper_right_upper_eos' active >>>>>>>
2026-03-03 13:04:18,182 : INFO : EventManager : Event: ======'machine_var_audits_switches_s_flipper_right_upper_eos'====== Args={'value': 547, 'prev_value': 546, 'change': 1}
2026-03-03 13:04:18,361 : INFO : SwitchController : <<<<<<< 's_flipper_right_upper' inactive >>>>>>>
2026-03-03 13:04:18,459 : INFO : SwitchController : <<<<<<< 's_flipper_right_upper_eos' inactive >>>>>>>
2026-03-03 13:04:18,764 : INFO : SwitchController : <<<<<<< 's_flipper_right_upper' active >>>>>>>
2026-03-03 13:04:18,764 : INFO : EventManager : Event: ======'machine_var_audits_switches_s_flipper_right_upper'====== Args={'value': 738, 'prev_value': 737, 'change': 1}
2026-03-03 13:04:18,787 : INFO : SwitchController : <<<<<<< 's_flipper_right_upper_eos' active >>>>>>>
2026-03-03 13:04:18,787 : INFO : EventManager : Event: ======'machine_var_audits_switches_s_flipper_right_upper_eos'====== Args={'value': 548, 'prev_value': 547, 'change': 1}
2026-03-03 13:04:20,580 : INFO : SwitchController : <<<<<<< 's_flipper_right_upper' inactive >>>>>>>
2026-03-03 13:04:20,680 : INFO : SwitchController : <<<<<<< 's_flipper_right_upper_eos' inactive >>>>>>>
2026-03-03 13:04:21,064 : INFO : SwitchController : <<<<<<< 's_flipper_right_upper' active >>>>>>>
2026-03-03 13:04:21,065 : INFO : EventManager : Event: ======'machine_var_audits_switches_s_flipper_right_upper'====== Args={'value': 739, 'prev_value': 738, 'change': 1}
2026-03-03 13:04:21,089 : INFO : SwitchController : <<<<<<< 's_flipper_right_upper_eos' active >>>>>>>
2026-03-03 13:04:21,089 : INFO : EventManager : Event: ======'machine_var_audits_switches_s_flipper_right_upper_eos'====== Args={'value': 549, 'prev_value': 548, 'change': 1}
2026-03-03 13:04:21,295 : INFO : SwitchController : <<<<<<< 's_flipper_right_upper' inactive >>>>>>>
2026-03-03 13:04:21,395 : INFO : SwitchController : <<<<<<< 's_flipper_right_upper_eos' inactive >>>>>>>
2026-03-03 13:04:23,004 : INFO : SwitchController : <<<<<<< 's_flipper_right_upper' active >>>>>>>
2026-03-03 13:04:23,004 : INFO : EventManager : Event: ======'machine_var_audits_switches_s_flipper_right_upper'====== Args={'value': 740, 'prev_value': 739, 'change': 1}
2026-03-03 13:04:23,028 : INFO : SwitchController : <<<<<<< 's_flipper_right_upper_eos' active >>>>>>>
2026-03-03 13:04:23,029 : INFO : EventManager : Event: ======'machine_var_audits_switches_s_flipper_right_upper_eos'====== Args={'value': 550, 'prev_value': 549, 'change': 1}
2026-03-03 13:04:23,188 : INFO : SwitchController : <<<<<<< 's_flipper_right_upper' inactive >>>>>>>
2026-03-03 13:04:23,288 : INFO : SwitchController : <<<<<<< 's_flipper_right_upper_eos' inactive >>>>>>>
2026-03-03 13:04:23,749 : INFO : SwitchController : <<<<<<< 's_flipper_right_upper' active >>>>>>>
2026-03-03 13:04:23,750 : INFO : EventManager : Event: ======'machine_var_audits_switches_s_flipper_right_upper'====== Args={'value': 741, 'prev_value': 740, 'change': 1}
2026-03-03 13:04:23,773 : INFO : SwitchController : <<<<<<< 's_flipper_right_upper_eos' active >>>>>>>
2026-03-03 13:04:23,774 : INFO : EventManager : Event: ======'machine_var_audits_switches_s_flipper_right_upper_eos'====== Args={'value': 551, 'prev_value': 550, 'change': 1}
2026-03-03 13:04:23,962 : INFO : SwitchController : <<<<<<< 's_flipper_right_upper' inactive >>>>>>>
2026-03-03 13:04:24,060 : INFO : SwitchController : <<<<<<< 's_flipper_right_upper_eos' inactive >>>>>>>
2026-03-03 13:04:29,915 : INFO : SwitchController : <<<<<<< 's_flipper_left' active >>>>>>>
2026-03-03 13:04:29,915 : INFO : EventManager : Event: ======'machine_var_audits_switches_s_flipper_left'====== Args={'value': 362, 'prev_value': 361, 'change': 1}
2026-03-03 13:04:29,937 : INFO : SwitchController : <<<<<<< 's_flipper_left_eos' inactive >>>>>>>
2026-03-03 13:04:30,109 : INFO : SwitchController : <<<<<<< 's_flipper_left' inactive >>>>>>>
2026-03-03 13:04:30,197 : INFO : SwitchController : <<<<<<< 's_flipper_left_eos' active >>>>>>>
2026-03-03 13:04:30,197 : INFO : EventManager : Event: ======'machine_var_audits_switches_s_flipper_left_eos'====== Args={'value': 334, 'prev_value': 333, 'change': 1}
2026-03-03 13:04:30,433 : INFO : SwitchController : <<<<<<< 's_flipper_left' active >>>>>>>
2026-03-03 13:04:30,433 : INFO : EventManager : Event: ======'machine_var_audits_switches_s_flipper_left'====== Args={'value': 363, 'prev_value': 362, 'change': 1}
2026-03-03 13:04:30,455 : INFO : SwitchController : <<<<<<< 's_flipper_left_eos' inactive >>>>>>>
2026-03-03 13:04:30,592 : INFO : SwitchController : <<<<<<< 's_flipper_left' inactive >>>>>>>
2026-03-03 13:04:30,680 : INFO : SwitchController : <<<<<<< 's_flipper_left_eos' active >>>>>>>
2026-03-03 13:04:30,680 : INFO : EventManager : Event: ======'machine_var_audits_switches_s_flipper_left_eos'====== Args={'value': 335, 'prev_value': 334, 'change': 1}
2026-03-03 13:04:30,909 : INFO : SwitchController : <<<<<<< 's_flipper_left' active >>>>>>>
2026-03-03 13:04:30,910 : INFO : EventManager : Event: ======'machine_var_audits_switches_s_flipper_left'====== Args={'value': 364, 'prev_value': 363, 'change': 1}
2026-03-03 13:04:30,932 : INFO : SwitchController : <<<<<<< 's_flipper_left_eos' inactive >>>>>>>
2026-03-03 13:04:31,072 : INFO : SwitchController : <<<<<<< 's_flipper_left' inactive >>>>>>>
2026-03-03 13:04:31,160 : INFO : SwitchController : <<<<<<< 's_flipper_left_eos' active >>>>>>>
2026-03-03 13:04:31,160 : INFO : EventManager : Event: ======'machine_var_audits_switches_s_flipper_left_eos'====== Args={'value': 336, 'prev_value': 335, 'change': 1}
2026-03-03 13:04:31,390 : INFO : SwitchController : <<<<<<< 's_flipper_left' active >>>>>>>
2026-03-03 13:04:31,390 : INFO : EventManager : Event: ======'machine_var_audits_switches_s_flipper_left'====== Args={'value': 365, 'prev_value': 364, 'change': 1}
2026-03-03 13:04:31,412 : INFO : SwitchController : <<<<<<< 's_flipper_left_eos' inactive >>>>>>>
2026-03-03 13:04:31,568 : INFO : SwitchController : <<<<<<< 's_flipper_left' inactive >>>>>>>
2026-03-03 13:04:31,657 : INFO : SwitchController : <<<<<<< 's_flipper_left_eos' active >>>>>>>
2026-03-03 13:04:31,658 : INFO : EventManager : Event: ======'machine_var_audits_switches_s_flipper_left_eos'====== Args={'value': 337, 'prev_value': 336, 'change': 1}
2026-03-03 13:04:31,902 : INFO : SwitchController : <<<<<<< 's_flipper_left' active >>>>>>>
2026-03-03 13:04:31,902 : INFO : EventManager : Event: ======'machine_var_audits_switches_s_flipper_left'====== Args={'value': 366, 'prev_value': 365, 'change': 1}
2026-03-03 13:04:31,925 : INFO : SwitchController : <<<<<<< 's_flipper_left_eos' inactive >>>>>>>
2026-03-03 13:04:32,075 : INFO : SwitchController : <<<<<<< 's_flipper_left' inactive >>>>>>>
2026-03-03 13:04:32,166 : INFO : SwitchController : <<<<<<< 's_flipper_left_eos' active >>>>>>>
2026-03-03 13:04:32,166 : INFO : EventManager : Event: ======'machine_var_audits_switches_s_flipper_left_eos'====== Args={'value': 338, 'prev_value': 337, 'change': 1}
2026-03-03 13:04:32,423 : INFO : SwitchController : <<<<<<< 's_flipper_left' active >>>>>>>
2026-03-03 13:04:32,423 : INFO : EventManager : Event: ======'machine_var_audits_switches_s_flipper_left'====== Args={'value': 367, 'prev_value': 366, 'change': 1}
2026-03-03 13:04:32,446 : INFO : SwitchController : <<<<<<< 's_flipper_left_eos' inactive >>>>>>>
2026-03-03 13:04:32,583 : INFO : SwitchController : <<<<<<< 's_flipper_left' inactive >>>>>>>
2026-03-03 13:04:32,671 : INFO : SwitchController : <<<<<<< 's_flipper_left_eos' active >>>>>>>
2026-03-03 13:04:32,672 : INFO : EventManager : Event: ======'machine_var_audits_switches_s_flipper_left_eos'====== Args={'value': 339, 'prev_value': 338, 'change': 1}
2026-03-03 13:04:32,917 : INFO : SwitchController : <<<<<<< 's_flipper_left' active >>>>>>>
2026-03-03 13:04:32,918 : INFO : EventManager : Event: ======'machine_var_audits_switches_s_flipper_left'====== Args={'value': 368, 'prev_value': 367, 'change': 1}
2026-03-03 13:04:32,940 : INFO : SwitchController : <<<<<<< 's_flipper_left_eos' inactive >>>>>>>
2026-03-03 13:04:33,089 : INFO : SwitchController : <<<<<<< 's_flipper_left' inactive >>>>>>>
2026-03-03 13:04:33,178 : INFO : SwitchController : <<<<<<< 's_flipper_left_eos' active >>>>>>>
2026-03-03 13:04:33,178 : INFO : EventManager : Event: ======'machine_var_audits_switches_s_flipper_left_eos'====== Args={'value': 340, 'prev_value': 339, 'change': 1}
2026-03-03 13:04:33,463 : INFO : SwitchController : <<<<<<< 's_plunger' inactive >>>>>>>
2026-03-03 13:04:33,464 : INFO : ball_device.bd_plunger : State: ball_left
2026-03-03 13:04:33,464 : INFO : ball_device.bd_plunger : Ball left
2026-03-03 13:04:33,464 : INFO : ball_device.bd_plunger : Wait for confirm with timeout 5.0
2026-03-03 13:04:33,946 : INFO : SwitchController : <<<<<<< 's_trough_6' active >>>>>>>
2026-03-03 13:04:33,946 : INFO : EventManager : Event: ======'machine_var_audits_switches_s_trough_6'====== Args={'value': 84, 'prev_value': 83, 'change': 1}
2026-03-03 13:04:34,273 : INFO : SwitchController : <<<<<<< 's_flipper_left' active >>>>>>>
2026-03-03 13:04:34,273 : INFO : EventManager : Event: ======'machine_var_audits_switches_s_flipper_left'====== Args={'value': 369, 'prev_value': 368, 'change': 1}
2026-03-03 13:04:34,296 : INFO : SwitchController : <<<<<<< 's_flipper_left_eos' inactive >>>>>>>
2026-03-03 13:04:34,388 : INFO : SwitchController : <<<<<<< 's_flipper_left' inactive >>>>>>>
2026-03-03 13:04:34,447 : INFO : EventManager : Event: ======'balldevice_bd_trough_ball_count_changed'====== Args={'balls': 6}
2026-03-03 13:04:34,447 : INFO : ball_device.bd_trough : Received unexpected ball
2026-03-03 13:04:34,447 : INFO : EventManager : Event: ======'balldevice_captured_from_playfield'====== Args={'balls': 1}
2026-03-03 13:04:34,447 : INFO : EventManager : Event: ======'sw_playfield_active'====== Args={'balls': 1}
2026-03-03 13:04:34,447 : INFO : EventManager : Event: ======'playfield_active'====== Args={'source': None}
2026-03-03 13:04:34,447 : INFO : EventManager : Event: ======'playfield_ball_count_change'====== Args={'balls': -1, 'change': -1}
2026-03-03 13:04:34,448 : INFO : EventManager : Event: ======'balldevice_bd_trough_ball_enter'====== Args={'new_balls': 1, 'unclaimed_balls': 1, 'new_available_balls': 1, 'device': <ball_device.bd_trough>}
2026-03-03 13:04:34,448 : INFO : EventManager : Event: ======'ball_drain'====== Args={'device': <ball_device.bd_trough>, 'balls': 1}
2026-03-03 13:04:34,448 : INFO : ball_device.bd_plunger : Got eject confirm
2026-03-03 13:04:34,448 : INFO : ball_device.bd_plunger : Eject successful
2026-03-03 13:04:34,448 : INFO : EventManager : Event: ======'balldevice_bd_plunger_ball_eject_success'====== Args={'balls': 1, 'target': <playfield.playfield>}
2026-03-03 13:04:34,448 : INFO : EventManager : Event: ======'balldevice_playfield_ball_enter'====== Args={'new_balls': 1, 'unclaimed_balls': 1, 'device': <playfield.playfield>}
2026-03-03 13:04:34,449 : INFO : EventManager : Event: ======'playfield_ball_count_change'====== Args={'balls': 0, 'change': 1}
2026-03-03 13:04:34,449 : INFO : EventManager : Event: ======'ball_will_end'====== Args={}
2026-03-03 13:04:34,449 : INFO : EventManager : Event: ======'balldevice_balls_available'====== Args={}
2026-03-03 13:04:34,449 : INFO : EventManager : Event: ======'balldevice_bd_trough_ball_entered'====== Args={'new_balls': 1, 'device': <ball_device.bd_trough>}
2026-03-03 13:04:34,449 : INFO : EventManager : Event: ======'mode_base_will_stop'====== Args={}
2026-03-03 13:04:34,449 : INFO : EventManager : Event: ======'mode_base_stopping'====== Args={}
2026-03-03 13:04:34,450 : INFO : EventManager : Event: ======'stop_mode_bumpers'====== Args={'priority': 0}
2026-03-03 13:04:34,450 : INFO : EventManager : Event: ======'mode_bumpers_will_stop'====== Args={}
2026-03-03 13:04:34,450 : INFO : EventManager : Event: ======'mode_bumpers_stopping'====== Args={}
2026-03-03 13:04:34,450 : INFO : Mode.base : Stopped.
2026-03-03 13:04:34,450 : INFO : EventManager : Event: ======'modes_active_modes_changed'====== Args={}
2026-03-03 13:04:34,450 : INFO : EventManager : Event: ======'mode_base_stopped'====== Args={}
2026-03-03 13:04:34,450 : INFO : EventManager : Event: ======'clear'====== Args={'key': 'base'}
2026-03-03 13:04:34,451 : INFO : Mode.bumpers : Stopped.
2026-03-03 13:04:34,451 : INFO : EventManager : Event: ======'modes_active_modes_changed'====== Args={}
2026-03-03 13:04:34,451 : INFO : EventManager : Event: ======'mode_bumpers_stopped'====== Args={}
2026-03-03 13:04:34,451 : INFO : EventManager : Event: ======'clear'====== Args={'key': 'bumpers'}
2026-03-03 13:04:34,452 : INFO : EventManager : Event: ======'balldevice_bd_plunger_ball_count_changed'====== Args={'balls': 0}
2026-03-03 13:04:34,452 : INFO : ball_device.bd_plunger : State: idle
2026-03-03 13:04:34,453 : INFO : EventManager : Event: ======'ball_ending'====== Args={}
2026-03-03 13:04:34,453 : INFO : EventManager : Event: ======'ball_ended'====== Args={}
2026-03-03 13:04:34,455 : INFO : EventManager : Event: ======'player_turn_will_end'====== Args={'player': <Player 1>, 'number': 1}
2026-03-03 13:04:34,455 : INFO : EventManager : Event: ======'player_turn_ending'====== Args={'player': <Player 1>, 'number': 1}
2026-03-03 13:04:34,456 : INFO : EventManager : Event: ======'player_turn_ended'====== Args={'player': <Player 1>, 'number': 1}
2026-03-03 13:04:34,456 : INFO : EventManager : Event: ======'player_turn_will_start'====== Args={'player': <Player 1>, 'number': 1}
2026-03-03 13:04:34,456 : INFO : EventManager : Event: ======'player_turn_starting'====== Args={'player': <Player 1>, 'number': 1}
2026-03-03 13:04:34,456 : INFO : EventManager : Event: ======'player_ball'====== Args={'value': 3, 'prev_value': 2, 'change': 1, 'player_num': 1}
2026-03-03 13:04:34,457 : INFO : EventManager : Event: ======'player_turn_started'====== Args={'player': <Player 1>, 'number': 1}
2026-03-03 13:04:34,458 : INFO : EventManager : Event: ======'ball_will_start'====== Args={'player': 1, 'ball': 3, 'balls_remaining': 0, 'is_extra_ball': False}
2026-03-03 13:04:34,458 : INFO : EventManager : Event: ======'ball_starting'====== Args={'player': 1, 'ball': 3, 'balls_remaining': 0, 'is_extra_ball': False}
2026-03-03 13:04:34,458 : INFO : EventManager : Event: ======'mode_base_will_start'====== Args={'queue': <QueuedEvent>, 'player': 1, 'ball': 3, 'balls_remaining': 0, 'is_extra_ball': False}
2026-03-03 13:04:34,459 : INFO : EventManager : Event: ======'mode_base_starting'====== Args={'queue': <QueuedEvent>, 'player': 1, 'ball': 3, 'balls_remaining': 0, 'is_extra_ball': False}
2026-03-03 13:04:34,459 : INFO : Mode.base : Started. Priority: 100
2026-03-03 13:04:34,459 : INFO : EventManager : Event: ======'modes_active_modes_changed'====== Args={}
2026-03-03 13:04:34,459 : INFO : EventManager : Event: ======'mode_base_started'====== Args={'queue': <QueuedEvent>, 'player': 1, 'ball': 3, 'balls_remaining': 0, 'is_extra_ball': False}
2026-03-03 13:04:34,459 : INFO : EventManager : Event: ======'start_mode_bumpers'====== Args={'priority': 0}
2026-03-03 13:04:34,460 : INFO : EventManager : Event: ======'mode_bumpers_will_start'====== Args={'priority': 0}
2026-03-03 13:04:34,464 : INFO : EventManager : Event: ======'mode_bumpers_starting'====== Args={'priority': 0}
2026-03-03 13:04:34,464 : INFO : Mode.bumpers : Started. Priority: 200
2026-03-03 13:04:34,464 : INFO : EventManager : Event: ======'modes_active_modes_changed'====== Args={}
2026-03-03 13:04:34,464 : INFO : EventManager : Event: ======'mode_bumpers_started'====== Args={'priority': 0}
2026-03-03 13:04:34,464 : INFO : EventManager : Event: ======'balls_in_play'====== Args={'balls': 1}
2026-03-03 13:04:34,465 : INFO : EventManager : Event: ======'ball_started'====== Args={'player': 1, 'ball': 3, 'balls_remaining': 0, 'is_extra_ball': False}
2026-03-03 13:04:34,469 : INFO : EventManager : Event: ======'single_player_ball_started'====== Args={}
2026-03-03 13:04:34,470 : INFO : EventManager : Event: ======'ball_start_target'====== Args={'target': 'playfield'}
2026-03-03 13:04:34,470 : INFO : ball_device.bd_plunger : Setting up player-controlled eject. Balls: 1, Target: <playfield.playfield>, player_controlled_eject_event: None
2026-03-03 13:04:34,471 : INFO : EventManager : Event: ======'balldevice_balls_available'====== Args={}
2026-03-03 13:04:34,471 : INFO : ball_device.bd_trough : State: waiting_for_target_ready
2026-03-03 13:04:34,471 : INFO : EventManager : Event: ======'balldevice_bd_trough_ball_eject_attempt'====== Args={'balls': 1, 'target': <ball_device.bd_plunger>, 'source': <ball_device.bd_trough>, 'mechanical_eject': True, 'num_attempts': 0}
2026-03-03 13:04:34,471 : INFO : ball_device.bd_plunger : State: waiting_for_ball
2026-03-03 13:04:34,472 : INFO : ball_device.bd_trough : State: ejecting
2026-03-03 13:04:34,472 : INFO : ball_device.bd_trough : Ejecting ball to <ball_device.bd_plunger>
2026-03-03 13:04:34,472 : INFO : EventManager : Event: ======'balldevice_bd_trough_ejecting_ball'====== Args={'balls': 1, 'target': <ball_device.bd_plunger>, 'source': <ball_device.bd_trough>, 'mechanical_eject': True, 'num_attempts': 0}
2026-03-03 13:04:34,473 : INFO : ball_device.bd_trough : Wait for ball to leave device
2026-03-03 13:04:34,473 : INFO : coil.c_trough_eject : Pulsing Driver for 20ms (1.0 pulse_power)
2026-03-03 13:04:34,476 : INFO : SwitchController : <<<<<<< 's_flipper_left_eos' active >>>>>>>
2026-03-03 13:04:34,476 : INFO : EventManager : Event: ======'machine_var_audits_switches_s_flipper_left_eos'====== Args={'value': 341, 'prev_value': 340, 'change': 1}
2026-03-03 13:04:34,500 : INFO : SwitchController : <<<<<<< 's_trough_1' inactive >>>>>>>
2026-03-03 13:04:34,501 : INFO : SwitchController : <<<<<<< 's_trough_7' active >>>>>>>
2026-03-03 13:04:34,501 : INFO : EventManager : Event: ======'machine_var_audits_switches_s_trough_7'====== Args={'value': 51, 'prev_value': 50, 'change': 1}
2026-03-03 13:04:34,501 : INFO : ball_device.bd_trough : State: ball_left
2026-03-03 13:04:34,501 : INFO : ball_device.bd_trough : Ball left
2026-03-03 13:04:34,502 : INFO : ball_device.bd_trough : Wait for confirm with timeout 3.0
2026-03-03 13:04:34,518 : INFO : SwitchController : <<<<<<< 's_trough_7' inactive >>>>>>>
2026-03-03 13:04:34,540 : INFO : EventManager : Event: ======'slide_base_slide_created'====== Args={'_from_bcp': True}
2026-03-03 13:04:34,540 : INFO : EventManager : Event: ======'slide_base_slide_inactive'====== Args={'is_removing': True, '_from_bcp': True}
2026-03-03 13:04:34,541 : INFO : EventManager : Event: ======'slide_base_slide_active'====== Args={'original_context': 'base', 'original_calling_context': 'mode_base_started', 'priority': 100.0, 'queue': '<QueuedEvent>', 'player': 1.0, 'ball': 3.0, 'balls_remaining': 0.0, 'is_extra_ball': False, 'cmd': 'slides_play', '_from_bcp': True}
2026-03-03 13:04:34,541 : INFO : EventManager : Event: ======'slide_base_slide_removed'====== Args={'_from_bcp': True}
2026-03-03 13:04:34,617 : INFO : SwitchController : <<<<<<< 's_plunger' active >>>>>>>
2026-03-03 13:04:34,617 : INFO : EventManager : Event: ======'machine_var_audits_switches_s_plunger'====== Args={'value': 66, 'prev_value': 65, 'change': 1}
2026-03-03 13:04:34,633 : INFO : SwitchController : <<<<<<< 's_flipper_left' active >>>>>>>
2026-03-03 13:04:34,634 : INFO : EventManager : Event: ======'machine_var_audits_switches_s_flipper_left'====== Args={'value': 370, 'prev_value': 369, 'change': 1}
2026-03-03 13:04:34,651 : INFO : SwitchController : <<<<<<< 's_flipper_left_eos' inactive >>>>>>>
2026-03-03 13:04:34,716 : INFO : SwitchController : <<<<<<< 's_trough_2' inactive >>>>>>>
2026-03-03 13:04:34,723 : INFO : SwitchController : <<<<<<< 's_flipper_left' inactive >>>>>>>
2026-03-03 13:04:34,723 : INFO : SwitchController : <<<<<<< 's_trough_5' inactive >>>>>>>
2026-03-03 13:04:34,724 : INFO : SwitchController : <<<<<<< 's_trough_6' inactive >>>>>>>
2026-03-03 13:04:34,724 : INFO : SwitchController : <<<<<<< 's_trough_4' inactive >>>>>>>
2026-03-03 13:04:34,726 : INFO : SwitchController : <<<<<<< 's_trough_3' inactive >>>>>>>
2026-03-03 13:04:34,732 : INFO : SwitchController : <<<<<<< 's_trough_1' active >>>>>>>
2026-03-03 13:04:34,732 : INFO : EventManager : Event: ======'machine_var_audits_switches_s_trough_1'====== Args={'value': 47, 'prev_value': 46, 'change': 1}
2026-03-03 13:04:34,744 : INFO : SwitchController : <<<<<<< 's_trough_4' active >>>>>>>
2026-03-03 13:04:34,744 : INFO : EventManager : Event: ======'machine_var_audits_switches_s_trough_4'====== Args={'value': 75, 'prev_value': 74, 'change': 1}
2026-03-03 13:04:34,745 : INFO : SwitchController : <<<<<<< 's_trough_5' active >>>>>>>
2026-03-03 13:04:34,745 : INFO : EventManager : Event: ======'machine_var_audits_switches_s_trough_5'====== Args={'value': 81, 'prev_value': 80, 'change': 1}
2026-03-03 13:04:34,746 : INFO : SwitchController : <<<<<<< 's_trough_3' active >>>>>>>
2026-03-03 13:04:34,746 : INFO : EventManager : Event: ======'machine_var_audits_switches_s_trough_3'====== Args={'value': 68, 'prev_value': 67, 'change': 1}
2026-03-03 13:04:34,747 : INFO : SwitchController : <<<<<<< 's_trough_2' active >>>>>>>
2026-03-03 13:04:34,747 : INFO : EventManager : Event: ======'machine_var_audits_switches_s_trough_2'====== Args={'value': 60, 'prev_value': 59, 'change': 1}
2026-03-03 13:04:34,808 : INFO : SwitchController : <<<<<<< 's_flipper_left_eos' active >>>>>>>
2026-03-03 13:04:34,809 : INFO : EventManager : Event: ======'machine_var_audits_switches_s_flipper_left_eos'====== Args={'value': 342, 'prev_value': 341, 'change': 1}
2026-03-03 13:04:35,035 : INFO : SwitchController : <<<<<<< 's_flipper_left' active >>>>>>>
2026-03-03 13:04:35,035 : INFO : EventManager : Event: ======'machine_var_audits_switches_s_flipper_left'====== Args={'value': 371, 'prev_value': 370, 'change': 1}
2026-03-03 13:04:35,058 : INFO : SwitchController : <<<<<<< 's_flipper_left_eos' inactive >>>>>>>
2026-03-03 13:04:35,118 : INFO : ball_device.bd_plunger : Received ball from <ball_device.bd_trough>
2026-03-03 13:04:35,118 : INFO : EventManager : Event: ======'balldevice_bd_plunger_ball_enter'====== Args={'new_balls': 1, 'unclaimed_balls': 0, 'new_available_balls': 0, 'device': <ball_device.bd_plunger>}
2026-03-03 13:04:35,119 : INFO : EventManager : Event: ======'balldevice_bd_plunger_ball_entered'====== Args={'new_balls': 0, 'device': <ball_device.bd_plunger>}
2026-03-03 13:04:35,119 : INFO : EventManager : Event: ======'balldevice_bd_plunger_ball_count_changed'====== Args={'balls': 1}
2026-03-03 13:04:35,119 : INFO : ball_device.bd_trough : Got eject confirm
2026-03-03 13:04:35,120 : INFO : ball_device.bd_trough : Eject successful
2026-03-03 13:04:35,120 : INFO : EventManager : Event: ======'balldevice_bd_trough_ball_eject_success'====== Args={'balls': 1, 'target': <ball_device.bd_plunger>}
2026-03-03 13:04:35,120 : INFO : ball_device.bd_plunger : State: waiting_for_target_ready
2026-03-03 13:04:35,120 : INFO : EventManager : Event: ======'balldevice_bd_plunger_ball_eject_attempt'====== Args={'balls': 1, 'target': <playfield.playfield>, 'source': <ball_device.bd_plunger>, 'mechanical_eject': True, 'num_attempts': 0}
2026-03-03 13:04:35,121 : INFO : EventManager : Event: ======'balldevice_bd_trough_ball_count_changed'====== Args={'balls': 5}
2026-03-03 13:04:35,121 : INFO : ball_device.bd_trough : State: idle
2026-03-03 13:04:35,121 : INFO : ball_device.bd_plunger : State: ejecting
2026-03-03 13:04:35,121 : INFO : ball_device.bd_plunger : Ejecting ball to <playfield.playfield>
2026-03-03 13:04:35,121 : INFO : EventManager : Event: ======'balldevice_bd_plunger_ejecting_ball'====== Args={'balls': 1, 'target': <playfield.playfield>, 'source': <ball_device.bd_plunger>, 'mechanical_eject': True, 'num_attempts': 0}
2026-03-03 13:04:35,122 : INFO : ball_device.bd_plunger : Wait for ball to leave device
2026-03-03 13:04:35,152 : INFO : SwitchController : <<<<<<< 's_flipper_left' inactive >>>>>>>
2026-03-03 13:04:35,241 : INFO : SwitchController : <<<<<<< 's_flipper_left_eos' active >>>>>>>
2026-03-03 13:04:35,242 : INFO : EventManager : Event: ======'machine_var_audits_switches_s_flipper_left_eos'====== Args={'value': 343, 'prev_value': 342, 'change': 1}
2026-03-03 13:04:36,026 : INFO : SwitchController : <<<<<<< 's_plunger' inactive >>>>>>>
2026-03-03 13:04:36,027 : INFO : ball_device.bd_plunger : State: ball_left
2026-03-03 13:04:36,027 : INFO : ball_device.bd_plunger : Ball left
2026-03-03 13:04:36,027 : INFO : ball_device.bd_plunger : Wait for confirm with timeout 5.0
2026-03-03 13:04:36,446 : INFO : SwitchController : <<<<<<< 's_flipper_right_upper' active >>>>>>>
2026-03-03 13:04:36,446 : INFO : EventManager : Event: ======'machine_var_audits_switches_s_flipper_right_upper'====== Args={'value': 742, 'prev_value': 741, 'change': 1}
2026-03-03 13:04:36,470 : INFO : SwitchController : <<<<<<< 's_flipper_right_upper_eos' active >>>>>>>
2026-03-03 13:04:36,470 : INFO : EventManager : Event: ======'machine_var_audits_switches_s_flipper_right_upper_eos'====== Args={'value': 552, 'prev_value': 551, 'change': 1}
2026-03-03 13:04:36,618 : INFO : SwitchController : <<<<<<< 's_flipper_right_upper' inactive >>>>>>>
2026-03-03 13:04:36,724 : INFO : SwitchController : <<<<<<< 's_flipper_right_upper_eos' inactive >>>>>>>
2026-03-03 13:04:36,898 : INFO : SwitchController : <<<<<<< 's_flipper_right_upper' active >>>>>>>
2026-03-03 13:04:36,898 : INFO : EventManager : Event: ======'machine_var_audits_switches_s_flipper_right_upper'====== Args={'value': 743, 'prev_value': 742, 'change': 1}
2026-03-03 13:04:36,922 : INFO : SwitchController : <<<<<<< 's_flipper_right_upper_eos' active >>>>>>>
2026-03-03 13:04:36,922 : INFO : EventManager : Event: ======'machine_var_audits_switches_s_flipper_right_upper_eos'====== Args={'value': 553, 'prev_value': 552, 'change': 1}
2026-03-03 13:04:36,989 : INFO : SwitchController : <<<<<<< 's_flipper_right_upper' inactive >>>>>>>
2026-03-03 13:04:37,088 : INFO : SwitchController : <<<<<<< 's_flipper_right_upper_eos' inactive >>>>>>>
2026-03-03 13:04:37,284 : INFO : SwitchController : <<<<<<< 's_flipper_right_upper' active >>>>>>>
2026-03-03 13:04:37,284 : INFO : EventManager : Event: ======'machine_var_audits_switches_s_flipper_right_upper'====== Args={'value': 744, 'prev_value': 743, 'change': 1}
2026-03-03 13:04:37,308 : INFO : SwitchController : <<<<<<< 's_flipper_right_upper_eos' active >>>>>>>
2026-03-03 13:04:37,308 : INFO : EventManager : Event: ======'machine_var_audits_switches_s_flipper_right_upper_eos'====== Args={'value': 554, 'prev_value': 553, 'change': 1}
2026-03-03 13:04:37,413 : INFO : SwitchController : <<<<<<< 's_flipper_right_upper' inactive >>>>>>>
2026-03-03 13:04:37,511 : INFO : SwitchController : <<<<<<< 's_flipper_right_upper_eos' inactive >>>>>>>
2026-03-03 13:04:37,673 : INFO : SwitchController : <<<<<<< 's_flipper_right_upper' active >>>>>>>
2026-03-03 13:04:37,673 : INFO : EventManager : Event: ======'machine_var_audits_switches_s_flipper_right_upper'====== Args={'value': 745, 'prev_value': 744, 'change': 1}
2026-03-03 13:04:37,696 : INFO : SwitchController : <<<<<<< 's_flipper_right_upper_eos' active >>>>>>>
2026-03-03 13:04:37,697 : INFO : EventManager : Event: ======'machine_var_audits_switches_s_flipper_right_upper_eos'====== Args={'value': 555, 'prev_value': 554, 'change': 1}
2026-03-03 13:04:37,805 : INFO : SwitchController : <<<<<<< 's_flipper_right_upper' inactive >>>>>>>
2026-03-03 13:04:37,900 : INFO : SwitchController : <<<<<<< 's_flipper_right_upper_eos' inactive >>>>>>>
2026-03-03 13:04:38,042 : INFO : SwitchController : <<<<<<< 's_flipper_right_upper' active >>>>>>>
2026-03-03 13:04:38,042 : INFO : EventManager : Event: ======'machine_var_audits_switches_s_flipper_right_upper'====== Args={'value': 746, 'prev_value': 745, 'change': 1}
2026-03-03 13:04:38,072 : INFO : SwitchController : <<<<<<< 's_flipper_right_upper_eos' active >>>>>>>
2026-03-03 13:04:38,073 : INFO : EventManager : Event: ======'machine_var_audits_switches_s_flipper_right_upper_eos'====== Args={'value': 556, 'prev_value': 555, 'change': 1}
2026-03-03 13:04:38,181 : INFO : SwitchController : <<<<<<< 's_flipper_right_upper' inactive >>>>>>>
2026-03-03 13:04:38,237 : INFO : SwitchController : <<<<<<< 's_plunger' active >>>>>>>
2026-03-03 13:04:38,237 : INFO : EventManager : Event: ======'machine_var_audits_switches_s_plunger'====== Args={'value': 67, 'prev_value': 66, 'change': 1}
2026-03-03 13:04:38,279 : INFO : SwitchController : <<<<<<< 's_flipper_right_upper_eos' inactive >>>>>>>
2026-03-03 13:04:38,424 : INFO : SwitchController : <<<<<<< 's_flipper_right_upper' active >>>>>>>
2026-03-03 13:04:38,424 : INFO : EventManager : Event: ======'machine_var_audits_switches_s_flipper_right_upper'====== Args={'value': 747, 'prev_value': 746, 'change': 1}
2026-03-03 13:04:38,447 : INFO : SwitchController : <<<<<<< 's_flipper_right_upper_eos' active >>>>>>>
2026-03-03 13:04:38,447 : INFO : EventManager : Event: ======'machine_var_audits_switches_s_flipper_right_upper_eos'====== Args={'value': 557, 'prev_value': 556, 'change': 1}
2026-03-03 13:04:38,586 : INFO : SwitchController : <<<<<<< 's_flipper_right_upper' inactive >>>>>>>
2026-03-03 13:04:38,682 : INFO : SwitchController : <<<<<<< 's_flipper_right_upper_eos' inactive >>>>>>>
2026-03-03 13:04:41,029 : INFO : ball_device.bd_plunger : State: failed_confirm
2026-03-03 13:04:41,029 : INFO : ball_device.bd_plunger : Got timeout (5.0s) before confirm from <playfield.playfield>
2026-03-03 13:04:41,132 : INFO : ball_device.bd_plunger : Got unknown balls. Assuming a ball returned.
2026-03-03 13:04:41,132 : INFO : EventManager : Event: ======'balldevice_bd_plunger_ball_eject_failed'====== Args={'target': <playfield.playfield>, 'balls': 1, 'retry': True, 'num_attempts': 1}
2026-03-03 13:04:41,133 : INFO : ball_device.bd_plunger : State: waiting_for_target_ready
2026-03-03 13:04:41,133 : INFO : EventManager : Event: ======'balldevice_bd_plunger_ball_eject_attempt'====== Args={'balls': 1, 'target': <playfield.playfield>, 'source': <ball_device.bd_plunger>, 'mechanical_eject': True, 'num_attempts': 1}
2026-03-03 13:04:41,134 : INFO : ball_device.bd_plunger : State: ejecting
2026-03-03 13:04:41,134 : INFO : ball_device.bd_plunger : Ejecting ball to <playfield.playfield>
2026-03-03 13:04:41,134 : INFO : EventManager : Event: ======'balldevice_bd_plunger_ejecting_ball'====== Args={'balls': 1, 'target': <playfield.playfield>, 'source': <ball_device.bd_plunger>, 'mechanical_eject': True, 'num_attempts': 1}
2026-03-03 13:04:41,135 : INFO : ball_device.bd_plunger : Wait for ball to leave device
2026-03-03 13:04:57,694 : INFO : SwitchController : <<<<<<< 's_plunger' inactive >>>>>>>
2026-03-03 13:04:57,694 : INFO : ball_device.bd_plunger : State: ball_left
2026-03-03 13:04:57,695 : INFO : ball_device.bd_plunger : Ball left
2026-03-03 13:04:57,695 : INFO : ball_device.bd_plunger : Wait for confirm with timeout 5.0
2026-03-03 13:05:00,607 : INFO : SwitchController : <<<<<<< 's_trough_6' active >>>>>>>
2026-03-03 13:05:00,607 : INFO : EventManager : Event: ======'machine_var_audits_switches_s_trough_6'====== Args={'value': 85, 'prev_value': 84, 'change': 1}
2026-03-03 13:05:00,871 : INFO : SwitchController : <<<<<<< 's_trough_6' inactive >>>>>>>
2026-03-03 13:05:00,999 : INFO : SwitchController : <<<<<<< 's_trough_1' inactive >>>>>>>
2026-03-03 13:05:01,000 : INFO : SwitchController : <<<<<<< 's_trough_7' active >>>>>>>
2026-03-03 13:05:01,000 : INFO : EventManager : Event: ======'machine_var_audits_switches_s_trough_7'====== Args={'value': 52, 'prev_value': 51, 'change': 1}
2026-03-03 13:05:01,185 : INFO : SwitchController : <<<<<<< 's_trough_6' active >>>>>>>
2026-03-03 13:05:01,185 : INFO : EventManager : Event: ======'machine_var_audits_switches_s_trough_6'====== Args={'value': 86, 'prev_value': 85, 'change': 1}
2026-03-03 13:05:01,260 : INFO : SwitchController : <<<<<<< 's_trough_6' inactive >>>>>>>
2026-03-03 13:05:01,423 : INFO : SwitchController : <<<<<<< 's_trough_6' active >>>>>>>
2026-03-03 13:05:01,423 : INFO : EventManager : Event: ======'machine_var_audits_switches_s_trough_6'====== Args={'value': 87, 'prev_value': 86, 'change': 1}
2026-03-03 13:05:01,466 : INFO : SwitchController : <<<<<<< 's_trough_6' inactive >>>>>>>
2026-03-03 13:05:01,534 : INFO : SwitchController : <<<<<<< 's_trough_5' inactive >>>>>>>
2026-03-03 13:05:01,575 : INFO : SwitchController : <<<<<<< 's_trough_7' inactive >>>>>>>
2026-03-03 13:05:01,576 : INFO : SwitchController : <<<<<<< 's_trough_1' active >>>>>>>
2026-03-03 13:05:01,576 : INFO : EventManager : Event: ======'machine_var_audits_switches_s_trough_1'====== Args={'value': 48, 'prev_value': 47, 'change': 1}
2026-03-03 13:05:02,308 : INFO : SwitchController : <<<<<<< 's_trough_4' inactive >>>>>>>
2026-03-03 13:05:02,326 : INFO : SwitchController : <<<<<<< 's_trough_5' active >>>>>>>
2026-03-03 13:05:02,326 : INFO : EventManager : Event: ======'machine_var_audits_switches_s_trough_5'====== Args={'value': 82, 'prev_value': 81, 'change': 1}
2026-03-03 13:05:02,352 : INFO : SwitchController : <<<<<<< 's_trough_4' active >>>>>>>
2026-03-03 13:05:02,353 : INFO : EventManager : Event: ======'machine_var_audits_switches_s_trough_4'====== Args={'value': 76, 'prev_value': 75, 'change': 1}
2026-03-03 13:05:02,479 : INFO : SwitchController : <<<<<<< 's_trough_4' inactive >>>>>>>
2026-03-03 13:05:02,530 : INFO : SwitchController : <<<<<<< 's_trough_5' inactive >>>>>>>
2026-03-03 13:05:02,696 : INFO : ball_device.bd_plunger : State: failed_confirm
2026-03-03 13:05:02,696 : INFO : ball_device.bd_plunger : Got timeout (5.0s) before confirm from <playfield.playfield>
2026-03-03 13:05:02,797 : INFO : ball_device.bd_plunger : Confirming eject because target is playfield and ball did not return.
2026-03-03 13:05:02,797 : INFO : ball_device.bd_plunger : Eject successful
2026-03-03 13:05:02,797 : INFO : EventManager : Event: ======'balldevice_bd_plunger_ball_eject_success'====== Args={'balls': 1, 'target': <playfield.playfield>}
2026-03-03 13:05:02,797 : INFO : EventManager : Event: ======'balldevice_playfield_ball_enter'====== Args={'new_balls': 1, 'unclaimed_balls': 1, 'device': <playfield.playfield>}
2026-03-03 13:05:02,797 : INFO : EventManager : Event: ======'playfield_ball_count_change'====== Args={'balls': 1, 'change': 1}
2026-03-03 13:05:02,798 : INFO : EventManager : Event: ======'balldevice_bd_plunger_ball_count_changed'====== Args={'balls': 0}
2026-03-03 13:05:02,798 : INFO : ball_device.bd_plunger : State: idle
2026-03-03 13:05:03,303 : INFO : SwitchController : <<<<<<< 's_trough_3' inactive >>>>>>>
2026-03-03 13:05:03,305 : INFO : SwitchController : <<<<<<< 's_trough_5' active >>>>>>>
2026-03-03 13:05:03,305 : INFO : EventManager : Event: ======'machine_var_audits_switches_s_trough_5'====== Args={'value': 83, 'prev_value': 82, 'change': 1}
2026-03-03 13:05:03,312 : INFO : SwitchController : <<<<<<< 's_trough_4' active >>>>>>>
2026-03-03 13:05:03,312 : INFO : EventManager : Event: ======'machine_var_audits_switches_s_trough_4'====== Args={'value': 77, 'prev_value': 76, 'change': 1}
2026-03-03 13:05:03,313 : INFO : SwitchController : <<<<<<< 's_trough_3' active >>>>>>>
2026-03-03 13:05:03,313 : INFO : EventManager : Event: ======'machine_var_audits_switches_s_trough_3'====== Args={'value': 69, 'prev_value': 68, 'change': 1}
2026-03-03 13:05:03,389 : INFO : SwitchController : <<<<<<< 's_trough_5' inactive >>>>>>>
2026-03-03 13:05:03,406 : INFO : SwitchController : <<<<<<< 's_trough_5' active >>>>>>>
2026-03-03 13:05:03,407 : INFO : EventManager : Event: ======'machine_var_audits_switches_s_trough_5'====== Args={'value': 84, 'prev_value': 83, 'change': 1}
2026-03-03 13:05:03,438 : INFO : SwitchController : <<<<<<< 's_trough_3' inactive >>>>>>>
2026-03-03 13:05:03,474 : INFO : SwitchController : <<<<<<< 's_trough_5' inactive >>>>>>>
2026-03-03 13:05:03,489 : INFO : SwitchController : <<<<<<< 's_trough_4' inactive >>>>>>>
2026-03-03 13:05:05,026 : INFO : SwitchController : <<<<<<< 's_trough_7' active >>>>>>>
2026-03-03 13:05:05,026 : INFO : EventManager : Event: ======'machine_var_audits_switches_s_trough_7'====== Args={'value': 53, 'prev_value': 52, 'change': 1}
2026-03-03 13:05:05,096 : INFO : SwitchController : <<<<<<< 's_trough_7' inactive >>>>>>>
2026-03-03 13:05:05,213 : INFO : SwitchController : <<<<<<< 's_trough_7' active >>>>>>>
2026-03-03 13:05:05,214 : INFO : EventManager : Event: ======'machine_var_audits_switches_s_trough_7'====== Args={'value': 54, 'prev_value': 53, 'change': 1}
2026-03-03 13:05:05,387 : INFO : SwitchController : <<<<<<< 's_trough_7' inactive >>>>>>>
2026-03-03 13:05:05,521 : INFO : SwitchController : <<<<<<< 's_trough_7' active >>>>>>>
2026-03-03 13:05:05,522 : INFO : EventManager : Event: ======'machine_var_audits_switches_s_trough_7'====== Args={'value': 55, 'prev_value': 54, 'change': 1}
2026-03-03 13:05:05,722 : INFO : SwitchController : <<<<<<< 's_trough_7' inactive >>>>>>>
2026-03-03 13:05:05,723 : INFO : SwitchController : <<<<<<< 's_trough_2' inactive >>>>>>>
2026-03-03 13:05:05,723 : INFO : SwitchController : <<<<<<< 's_trough_1' inactive >>>>>>>
2026-03-03 13:05:05,725 : INFO : SwitchController : <<<<<<< 's_trough_2' active >>>>>>>
2026-03-03 13:05:05,725 : INFO : EventManager : Event: ======'machine_var_audits_switches_s_trough_2'====== Args={'value': 61, 'prev_value': 60, 'change': 1}
2026-03-03 13:05:05,726 : INFO : SwitchController : <<<<<<< 's_trough_3' active >>>>>>>
2026-03-03 13:05:05,726 : INFO : EventManager : Event: ======'machine_var_audits_switches_s_trough_3'====== Args={'value': 70, 'prev_value': 69, 'change': 1}
2026-03-03 13:05:05,782 : INFO : SwitchController : <<<<<<< 's_trough_2' inactive >>>>>>>
2026-03-03 13:05:05,783 : INFO : SwitchController : <<<<<<< 's_trough_3' inactive >>>>>>>
2026-03-03 13:05:05,790 : INFO : SwitchController : <<<<<<< 's_trough_3' active >>>>>>>
2026-03-03 13:05:05,790 : INFO : EventManager : Event: ======'machine_var_audits_switches_s_trough_3'====== Args={'value': 71, 'prev_value': 70, 'change': 1}
2026-03-03 13:05:05,791 : INFO : SwitchController : <<<<<<< 's_trough_4' active >>>>>>>
2026-03-03 13:05:05,791 : INFO : EventManager : Event: ======'machine_var_audits_switches_s_trough_4'====== Args={'value': 78, 'prev_value': 77, 'change': 1}
2026-03-03 13:05:05,863 : INFO : SwitchController : <<<<<<< 's_trough_3' inactive >>>>>>>
2026-03-03 13:05:05,863 : INFO : SwitchController : <<<<<<< 's_trough_4' inactive >>>>>>>
2026-03-03 13:05:05,872 : INFO : SwitchController : <<<<<<< 's_trough_4' active >>>>>>>
2026-03-03 13:05:05,872 : INFO : EventManager : Event: ======'machine_var_audits_switches_s_trough_4'====== Args={'value': 79, 'prev_value': 78, 'change': 1}
2026-03-03 13:05:05,873 : INFO : SwitchController : <<<<<<< 's_trough_5' active >>>>>>>
2026-03-03 13:05:05,873 : INFO : EventManager : Event: ======'machine_var_audits_switches_s_trough_5'====== Args={'value': 85, 'prev_value': 84, 'change': 1}
2026-03-03 13:05:05,958 : INFO : SwitchController : <<<<<<< 's_trough_5' inactive >>>>>>>
2026-03-03 13:05:05,959 : INFO : SwitchController : <<<<<<< 's_trough_4' inactive >>>>>>>
2026-03-03 13:05:05,974 : INFO : SwitchController : <<<<<<< 's_trough_6' active >>>>>>>
2026-03-03 13:05:05,974 : INFO : EventManager : Event: ======'machine_var_audits_switches_s_trough_6'====== Args={'value': 88, 'prev_value': 87, 'change': 1}
2026-03-03 13:05:05,975 : INFO : SwitchController : <<<<<<< 's_trough_5' active >>>>>>>
2026-03-03 13:05:05,975 : INFO : EventManager : Event: ======'machine_var_audits_switches_s_trough_5'====== Args={'value': 86, 'prev_value': 85, 'change': 1}
2026-03-03 13:05:06,083 : INFO : SwitchController : <<<<<<< 's_trough_5' inactive >>>>>>>
2026-03-03 13:05:06,084 : INFO : SwitchController : <<<<<<< 's_trough_6' inactive >>>>>>>
2026-03-03 13:05:06,100 : INFO : SwitchController : <<<<<<< 's_trough_6' active >>>>>>>
2026-03-03 13:05:06,101 : INFO : EventManager : Event: ======'machine_var_audits_switches_s_trough_6'====== Args={'value': 89, 'prev_value': 88, 'change': 1}
2026-03-03 13:05:06,277 : INFO : SwitchController : <<<<<<< 's_trough_4' active >>>>>>>
2026-03-03 13:05:06,277 : INFO : EventManager : Event: ======'machine_var_audits_switches_s_trough_4'====== Args={'value': 80, 'prev_value': 79, 'change': 1}
2026-03-03 13:05:06,325 : INFO : SwitchController : <<<<<<< 's_trough_6' inactive >>>>>>>
2026-03-03 13:05:06,387 : INFO : SwitchController : <<<<<<< 's_trough_6' active >>>>>>>
2026-03-03 13:05:06,388 : INFO : EventManager : Event: ======'machine_var_audits_switches_s_trough_6'====== Args={'value': 90, 'prev_value': 89, 'change': 1}
2026-03-03 13:05:06,558 : INFO : SwitchController : <<<<<<< 's_trough_4' inactive >>>>>>>
2026-03-03 13:05:06,628 : INFO : SwitchController : <<<<<<< 's_trough_6' inactive >>>>>>>
2026-03-03 13:05:06,752 : INFO : SwitchController : <<<<<<< 's_trough_4' active >>>>>>>
2026-03-03 13:05:06,753 : INFO : EventManager : Event: ======'machine_var_audits_switches_s_trough_4'====== Args={'value': 81, 'prev_value': 80, 'change': 1}
2026-03-03 13:05:06,753 : INFO : SwitchController : <<<<<<< 's_trough_5' active >>>>>>>
2026-03-03 13:05:06,753 : INFO : EventManager : Event: ======'machine_var_audits_switches_s_trough_5'====== Args={'value': 87, 'prev_value': 86, 'change': 1}
2026-03-03 13:05:06,753 : INFO : SwitchController : <<<<<<< 's_trough_6' active >>>>>>>
2026-03-03 13:05:06,753 : INFO : EventManager : Event: ======'machine_var_audits_switches_s_trough_6'====== Args={'value': 91, 'prev_value': 90, 'change': 1}
2026-03-03 13:05:07,024 : INFO : SwitchController : <<<<<<< 's_trough_4' inactive >>>>>>>
2026-03-03 13:05:07,029 : INFO : SwitchController : <<<<<<< 's_trough_5' inactive >>>>>>>
2026-03-03 13:05:07,276 : INFO : SwitchController : <<<<<<< 's_trough_5' active >>>>>>>
2026-03-03 13:05:07,276 : INFO : EventManager : Event: ======'machine_var_audits_switches_s_trough_5'====== Args={'value': 88, 'prev_value': 87, 'change': 1}
2026-03-03 13:05:07,352 : INFO : SwitchController : <<<<<<< 's_trough_5' inactive >>>>>>>
2026-03-03 13:05:07,462 : INFO : SwitchController : <<<<<<< 's_trough_6' inactive >>>>>>>
2026-03-03 13:05:12,276 : INFO : SwitchController : <<<<<<< 's_inlane_right_2' active >>>>>>>
2026-03-03 13:05:12,277 : INFO : EventManager : Event: ======'s_inlane_right_2_active'====== Args={}
2026-03-03 13:05:12,277 : INFO : EventManager : Event: ======'sw_playfield_active'====== Args={}
2026-03-03 13:05:12,277 : INFO : EventManager : Event: ======'machine_var_audits_switches_s_inlane_right_2'====== Args={'value': 1, 'prev_value': 0, 'change': 1}
2026-03-03 13:05:12,277 : INFO : EventManager : Event: ======'player_shot_shot_inlane_right_2'====== Args={'value': 1, 'prev_value': 0, 'change': 1, 'player_num': 1}
2026-03-03 13:05:12,278 : INFO : EventManager : Event: ======'machine_var_audits_shots_shot_inlane_right_2'====== Args={'value': 1, 'prev_value': None, 'change': True}
2026-03-03 13:05:12,278 : INFO : EventManager : Event: ======'shot_inlane_right_2_hit'====== Args={'profile': 'default', 'state': 'unlit', 'advancing': True}
2026-03-03 13:05:12,278 : INFO : EventManager : Event: ======'shot_inlane_right_2_default_hit'====== Args={'profile': 'default', 'state': 'unlit', 'advancing': True}
2026-03-03 13:05:12,278 : INFO : EventManager : Event: ======'shot_inlane_right_2_default_unlit_hit'====== Args={'profile': 'default', 'state': 'unlit', 'advancing': True}
2026-03-03 13:05:12,278 : INFO : EventManager : Event: ======'shot_inlane_right_2_unlit_hit'====== Args={'profile': 'default', 'state': 'unlit', 'advancing': True}
2026-03-03 13:05:12,278 : INFO : EventManager : Event: ======'inlanes_hit'====== Args={'shot': 'shot_inlane_right_2'}
2026-03-03 13:05:12,278 : INFO : EventManager : Event: ======'inlanes_unlit_hit'====== Args={'shot': 'shot_inlane_right_2'}
2026-03-03 13:05:12,279 : INFO : EventManager : Event: ======'player_initial_value'====== Args={'value': 0, 'prev_value': 0, 'change': 0, 'player_num': 1, 'source': 'bumpers'}
2026-03-03 13:05:12,279 : INFO : EventManager : Event: ======'player_score'====== Args={'value': 10, 'prev_value': 0, 'change': 10, 'player_num': 1, 'source': 'bumpers'}
2026-03-03 13:05:12,479 : INFO : SwitchController : <<<<<<< 's_inlane_right_2' inactive >>>>>>>
2026-03-03 13:05:12,673 : INFO : SwitchController : <<<<<<< 's_inlane_right_2' active >>>>>>>
2026-03-03 13:05:12,673 : INFO : EventManager : Event: ======'s_inlane_right_2_active'====== Args={}
2026-03-03 13:05:12,674 : INFO : EventManager : Event: ======'sw_playfield_active'====== Args={}
2026-03-03 13:05:12,674 : INFO : EventManager : Event: ======'machine_var_audits_switches_s_inlane_right_2'====== Args={'value': 2, 'prev_value': 1, 'change': 1}
2026-03-03 13:05:12,674 : INFO : EventManager : Event: ======'machine_var_audits_shots_shot_inlane_right_2'====== Args={'value': 2, 'prev_value': 1, 'change': 1}
2026-03-03 13:05:12,674 : INFO : EventManager : Event: ======'shot_inlane_right_2_hit'====== Args={'profile': 'default', 'state': 'lit', 'advancing': False}
2026-03-03 13:05:12,675 : INFO : EventManager : Event: ======'shot_inlane_right_2_default_hit'====== Args={'profile': 'default', 'state': 'lit', 'advancing': False}
2026-03-03 13:05:12,675 : INFO : EventManager : Event: ======'shot_inlane_right_2_default_lit_hit'====== Args={'profile': 'default', 'state': 'lit', 'advancing': False}
2026-03-03 13:05:12,675 : INFO : EventManager : Event: ======'shot_inlane_right_2_lit_hit'====== Args={'profile': 'default', 'state': 'lit', 'advancing': False}
2026-03-03 13:05:12,675 : INFO : EventManager : Event: ======'inlanes_hit'====== Args={'shot': 'shot_inlane_right_2'}
2026-03-03 13:05:12,675 : INFO : EventManager : Event: ======'inlanes_lit_hit'====== Args={'shot': 'shot_inlane_right_2'}
2026-03-03 13:05:12,675 : INFO : EventManager : Event: ======'player_score'====== Args={'value': 20, 'prev_value': 10, 'change': 10, 'player_num': 1, 'source': 'bumpers'}
2026-03-03 13:05:12,807 : INFO : SwitchController : <<<<<<< 's_inlane_right_2' inactive >>>>>>>
2026-03-03 13:05:12,964 : INFO : EventManager : Event: ======'balldevice_bd_trough_ball_count_changed'====== Args={'balls': 0}
2026-03-03 13:05:12,964 : WARNING : ball_device.bd_trough : Ball disappeared while idle. This should not normally happen.
2026-03-03 13:05:12,965 : INFO : EventManager : Event: ======'balldevice_playfield_ball_enter'====== Args={'new_balls': 1, 'unclaimed_balls': 1, 'device': <playfield.playfield>}
2026-03-03 13:05:12,965 : INFO : EventManager : Event: ======'playfield_ball_count_change'====== Args={'balls': 2, 'change': 1}
2026-03-03 13:05:12,965 : INFO : ball_device.bd_trough : 1 ball(s) missing from device. Mechanical eject? False
2026-03-03 13:05:12,965 : INFO : EventManager : Event: ======'balldevice_bd_trough_ball_missing'====== Args={'balls': 1}
2026-03-03 13:05:12,966 : INFO : EventManager : Event: ======'balldevice_ball_missing'====== Args={'balls': 1, 'name': 'bd_trough'}
2026-03-03 13:05:12,966 : WARNING : ball_device.bd_trough : Ball disappeared while idle. This should not normally happen.
2026-03-03 13:05:12,967 : INFO : EventManager : Event: ======'balldevice_playfield_ball_enter'====== Args={'new_balls': 1, 'unclaimed_balls': 1, 'device': <playfield.playfield>}
2026-03-03 13:05:12,967 : INFO : EventManager : Event: ======'playfield_ball_count_change'====== Args={'balls': 3, 'change': 1}
2026-03-03 13:05:12,967 : INFO : ball_device.bd_trough : 1 ball(s) missing from device. Mechanical eject? False
2026-03-03 13:05:12,967 : INFO : EventManager : Event: ======'balldevice_bd_trough_ball_missing'====== Args={'balls': 1}
2026-03-03 13:05:12,967 : INFO : EventManager : Event: ======'balldevice_ball_missing'====== Args={'balls': 1, 'name': 'bd_trough'}
2026-03-03 13:05:12,968 : WARNING : ball_device.bd_trough : Ball disappeared while idle. This should not normally happen.
2026-03-03 13:05:12,968 : INFO : EventManager : Event: ======'balldevice_playfield_ball_enter'====== Args={'new_balls': 1, 'unclaimed_balls': 1, 'device': <playfield.playfield>}
2026-03-03 13:05:12,968 : INFO : EventManager : Event: ======'playfield_ball_count_change'====== Args={'balls': 4, 'change': 1}
2026-03-03 13:05:12,968 : INFO : ball_device.bd_trough : 1 ball(s) missing from device. Mechanical eject? False
2026-03-03 13:05:12,968 : INFO : EventManager : Event: ======'balldevice_bd_trough_ball_missing'====== Args={'balls': 1}
2026-03-03 13:05:12,969 : INFO : EventManager : Event: ======'balldevice_ball_missing'====== Args={'balls': 1, 'name': 'bd_trough'}
2026-03-03 13:05:12,969 : WARNING : ball_device.bd_trough : Ball disappeared while idle. This should not normally happen.
2026-03-03 13:05:12,969 : INFO : EventManager : Event: ======'balldevice_playfield_ball_enter'====== Args={'new_balls': 1, 'unclaimed_balls': 1, 'device': <playfield.playfield>}
2026-03-03 13:05:12,969 : INFO : EventManager : Event: ======'playfield_ball_count_change'====== Args={'balls': 5, 'change': 1}
2026-03-03 13:05:12,969 : INFO : ball_device.bd_trough : 1 ball(s) missing from device. Mechanical eject? False
2026-03-03 13:05:12,969 : INFO : EventManager : Event: ======'balldevice_bd_trough_ball_missing'====== Args={'balls': 1}
2026-03-03 13:05:12,970 : INFO : EventManager : Event: ======'balldevice_ball_missing'====== Args={'balls': 1, 'name': 'bd_trough'}
2026-03-03 13:05:12,971 : WARNING : ball_device.bd_trough : Ball disappeared while idle. This should not normally happen.
2026-03-03 13:05:12,971 : INFO : EventManager : Event: ======'balldevice_playfield_ball_enter'====== Args={'new_balls': 1, 'unclaimed_balls': 1, 'device': <playfield.playfield>}
2026-03-03 13:05:12,971 : INFO : EventManager : Event: ======'playfield_ball_count_change'====== Args={'balls': 6, 'change': 1}
2026-03-03 13:05:12,971 : INFO : ball_device.bd_trough : 1 ball(s) missing from device. Mechanical eject? False
2026-03-03 13:05:12,971 : INFO : EventManager : Event: ======'balldevice_bd_trough_ball_missing'====== Args={'balls': 1}
2026-03-03 13:05:12,971 : INFO : EventManager : Event: ======'balldevice_ball_missing'====== Args={'balls': 1, 'name': 'bd_trough'}
2026-03-03 13:05:12,991 : INFO : SwitchController : <<<<<<< 's_inlane_right_2' active >>>>>>>
2026-03-03 13:05:12,991 : INFO : EventManager : Event: ======'s_inlane_right_2_active'====== Args={}
2026-03-03 13:05:12,991 : INFO : EventManager : Event: ======'sw_playfield_active'====== Args={}
2026-03-03 13:05:12,991 : INFO : EventManager : Event: ======'machine_var_audits_switches_s_inlane_right_2'====== Args={'value': 3, 'prev_value': 2, 'change': 1}
2026-03-03 13:05:12,992 : INFO : EventManager : Event: ======'machine_var_audits_shots_shot_inlane_right_2'====== Args={'value': 3, 'prev_value': 2, 'change': 1}
2026-03-03 13:05:12,992 : INFO : EventManager : Event: ======'shot_inlane_right_2_hit'====== Args={'profile': 'default', 'state': 'lit', 'advancing': False}
2026-03-03 13:05:12,992 : INFO : EventManager : Event: ======'shot_inlane_right_2_default_hit'====== Args={'profile': 'default', 'state': 'lit', 'advancing': False}
2026-03-03 13:05:12,993 : INFO : EventManager : Event: ======'shot_inlane_right_2_default_lit_hit'====== Args={'profile': 'default', 'state': 'lit', 'advancing': False}
2026-03-03 13:05:12,993 : INFO : EventManager : Event: ======'shot_inlane_right_2_lit_hit'====== Args={'profile': 'default', 'state': 'lit', 'advancing': False}
2026-03-03 13:05:12,993 : INFO : EventManager : Event: ======'inlanes_hit'====== Args={'shot': 'shot_inlane_right_2'}
2026-03-03 13:05:12,993 : INFO : EventManager : Event: ======'inlanes_lit_hit'====== Args={'shot': 'shot_inlane_right_2'}
2026-03-03 13:05:12,993 : INFO : EventManager : Event: ======'player_score'====== Args={'value': 30, 'prev_value': 20, 'change': 10, 'player_num': 1, 'source': 'bumpers'}
2026-03-03 13:05:13,127 : INFO : SwitchController : <<<<<<< 's_inlane_right_2' inactive >>>>>>>
2026-03-03 13:05:21,581 : INFO : SwitchController : <<<<<<< 's_inlane_right_2' active >>>>>>>
2026-03-03 13:05:21,582 : INFO : EventManager : Event: ======'s_inlane_right_2_active'====== Args={}
2026-03-03 13:05:21,582 : INFO : EventManager : Event: ======'sw_playfield_active'====== Args={}
2026-03-03 13:05:21,582 : INFO : EventManager : Event: ======'machine_var_audits_switches_s_inlane_right_2'====== Args={'value': 4, 'prev_value': 3, 'change': 1}
2026-03-03 13:05:21,583 : INFO : EventManager : Event: ======'machine_var_audits_shots_shot_inlane_right_2'====== Args={'value': 4, 'prev_value': 3, 'change': 1}
2026-03-03 13:05:21,583 : INFO : EventManager : Event: ======'shot_inlane_right_2_hit'====== Args={'profile': 'default', 'state': 'lit', 'advancing': False}
2026-03-03 13:05:21,583 : INFO : EventManager : Event: ======'shot_inlane_right_2_default_hit'====== Args={'profile': 'default', 'state': 'lit', 'advancing': False}
2026-03-03 13:05:21,584 : INFO : EventManager : Event: ======'shot_inlane_right_2_default_lit_hit'====== Args={'profile': 'default', 'state': 'lit', 'advancing': False}
2026-03-03 13:05:21,584 : INFO : EventManager : Event: ======'shot_inlane_right_2_lit_hit'====== Args={'profile': 'default', 'state': 'lit', 'advancing': False}
2026-03-03 13:05:21,584 : INFO : EventManager : Event: ======'inlanes_hit'====== Args={'shot': 'shot_inlane_right_2'}
2026-03-03 13:05:21,584 : INFO : EventManager : Event: ======'inlanes_lit_hit'====== Args={'shot': 'shot_inlane_right_2'}
2026-03-03 13:05:21,584 : INFO : EventManager : Event: ======'player_score'====== Args={'value': 40, 'prev_value': 30, 'change': 10, 'player_num': 1, 'source': 'bumpers'}
2026-03-03 13:05:21,732 : INFO : SwitchController : <<<<<<< 's_inlane_right_2' inactive >>>>>>>
2026-03-03 13:05:21,904 : INFO : SwitchController : <<<<<<< 's_inlane_right_2' active >>>>>>>
2026-03-03 13:05:21,904 : INFO : EventManager : Event: ======'s_inlane_right_2_active'====== Args={}
2026-03-03 13:05:21,904 : INFO : EventManager : Event: ======'sw_playfield_active'====== Args={}
2026-03-03 13:05:21,904 : INFO : EventManager : Event: ======'machine_var_audits_switches_s_inlane_right_2'====== Args={'value': 5, 'prev_value': 4, 'change': 1}
2026-03-03 13:05:21,905 : INFO : EventManager : Event: ======'machine_var_audits_shots_shot_inlane_right_2'====== Args={'value': 5, 'prev_value': 4, 'change': 1}
2026-03-03 13:05:21,905 : INFO : EventManager : Event: ======'shot_inlane_right_2_hit'====== Args={'profile': 'default', 'state': 'lit', 'advancing': False}
2026-03-03 13:05:21,905 : INFO : EventManager : Event: ======'shot_inlane_right_2_default_hit'====== Args={'profile': 'default', 'state': 'lit', 'advancing': False}
2026-03-03 13:05:21,906 : INFO : EventManager : Event: ======'shot_inlane_right_2_default_lit_hit'====== Args={'profile': 'default', 'state': 'lit', 'advancing': False}
2026-03-03 13:05:21,906 : INFO : EventManager : Event: ======'shot_inlane_right_2_lit_hit'====== Args={'profile': 'default', 'state': 'lit', 'advancing': False}
2026-03-03 13:05:21,906 : INFO : EventManager : Event: ======'inlanes_hit'====== Args={'shot': 'shot_inlane_right_2'}
2026-03-03 13:05:21,906 : INFO : EventManager : Event: ======'inlanes_lit_hit'====== Args={'shot': 'shot_inlane_right_2'}
2026-03-03 13:05:21,906 : INFO : EventManager : Event: ======'player_score'====== Args={'value': 50, 'prev_value': 40, 'change': 10, 'player_num': 1, 'source': 'bumpers'}
2026-03-03 13:05:22,019 : INFO : SwitchController : <<<<<<< 's_inlane_right_2' inactive >>>>>>>
2026-03-03 13:05:22,131 : INFO : SwitchController : <<<<<<< 's_inlane_right_2' active >>>>>>>
2026-03-03 13:05:22,131 : INFO : EventManager : Event: ======'s_inlane_right_2_active'====== Args={}
2026-03-03 13:05:22,131 : INFO : EventManager : Event: ======'sw_playfield_active'====== Args={}
2026-03-03 13:05:22,132 : INFO : EventManager : Event: ======'machine_var_audits_switches_s_inlane_right_2'====== Args={'value': 6, 'prev_value': 5, 'change': 1}
2026-03-03 13:05:22,132 : INFO : EventManager : Event: ======'machine_var_audits_shots_shot_inlane_right_2'====== Args={'value': 6, 'prev_value': 5, 'change': 1}
2026-03-03 13:05:22,133 : INFO : EventManager : Event: ======'shot_inlane_right_2_hit'====== Args={'profile': 'default', 'state': 'lit', 'advancing': False}
2026-03-03 13:05:22,133 : INFO : EventManager : Event: ======'shot_inlane_right_2_default_hit'====== Args={'profile': 'default', 'state': 'lit', 'advancing': False}
2026-03-03 13:05:22,133 : INFO : EventManager : Event: ======'shot_inlane_right_2_default_lit_hit'====== Args={'profile': 'default', 'state': 'lit', 'advancing': False}
2026-03-03 13:05:22,133 : INFO : EventManager : Event: ======'shot_inlane_right_2_lit_hit'====== Args={'profile': 'default', 'state': 'lit', 'advancing': False}
2026-03-03 13:05:22,133 : INFO : EventManager : Event: ======'inlanes_hit'====== Args={'shot': 'shot_inlane_right_2'}
2026-03-03 13:05:22,133 : INFO : EventManager : Event: ======'inlanes_lit_hit'====== Args={'shot': 'shot_inlane_right_2'}
2026-03-03 13:05:22,133 : INFO : EventManager : Event: ======'player_score'====== Args={'value': 60, 'prev_value': 50, 'change': 10, 'player_num': 1, 'source': 'bumpers'}
2026-03-03 13:05:22,230 : INFO : SwitchController : <<<<<<< 's_inlane_right_2' inactive >>>>>>>
2026-03-03 13:05:22,312 : INFO : SwitchController : <<<<<<< 's_inlane_right_2' active >>>>>>>
2026-03-03 13:05:22,312 : INFO : EventManager : Event: ======'s_inlane_right_2_active'====== Args={}
2026-03-03 13:05:22,312 : INFO : EventManager : Event: ======'sw_playfield_active'====== Args={}
2026-03-03 13:05:22,312 : INFO : EventManager : Event: ======'machine_var_audits_switches_s_inlane_right_2'====== Args={'value': 7, 'prev_value': 6, 'change': 1}
2026-03-03 13:05:22,313 : INFO : EventManager : Event: ======'machine_var_audits_shots_shot_inlane_right_2'====== Args={'value': 7, 'prev_value': 6, 'change': 1}
2026-03-03 13:05:22,313 : INFO : EventManager : Event: ======'shot_inlane_right_2_hit'====== Args={'profile': 'default', 'state': 'lit', 'advancing': False}
2026-03-03 13:05:22,313 : INFO : EventManager : Event: ======'shot_inlane_right_2_default_hit'====== Args={'profile': 'default', 'state': 'lit', 'advancing': False}
2026-03-03 13:05:22,313 : INFO : EventManager : Event: ======'shot_inlane_right_2_default_lit_hit'====== Args={'profile': 'default', 'state': 'lit', 'advancing': False}
2026-03-03 13:05:22,313 : INFO : EventManager : Event: ======'shot_inlane_right_2_lit_hit'====== Args={'profile': 'default', 'state': 'lit', 'advancing': False}
2026-03-03 13:05:22,313 : INFO : EventManager : Event: ======'inlanes_hit'====== Args={'shot': 'shot_inlane_right_2'}
2026-03-03 13:05:22,313 : INFO : EventManager : Event: ======'inlanes_lit_hit'====== Args={'shot': 'shot_inlane_right_2'}
2026-03-03 13:05:22,314 : INFO : EventManager : Event: ======'player_score'====== Args={'value': 70, 'prev_value': 60, 'change': 10, 'player_num': 1, 'source': 'bumpers'}
2026-03-03 13:05:22,419 : INFO : SwitchController : <<<<<<< 's_inlane_right_2' inactive >>>>>>>
2026-03-03 13:05:23,075 : INFO : SwitchController : <<<<<<< 's_inlane_left' active >>>>>>>
2026-03-03 13:05:23,075 : INFO : EventManager : Event: ======'s_inlane_left_active'====== Args={}
2026-03-03 13:05:23,075 : INFO : EventManager : Event: ======'sw_playfield_active'====== Args={}
2026-03-03 13:05:23,075 : INFO : EventManager : Event: ======'machine_var_audits_switches_s_inlane_left'====== Args={'value': 1, 'prev_value': 0, 'change': 1}
2026-03-03 13:05:23,076 : INFO : EventManager : Event: ======'player_shot_shot_inlane_left'====== Args={'value': 1, 'prev_value': 0, 'change': 1, 'player_num': 1}
2026-03-03 13:05:23,076 : INFO : EventManager : Event: ======'machine_var_audits_shots_shot_inlane_left'====== Args={'value': 1, 'prev_value': None, 'change': True}
2026-03-03 13:05:23,076 : INFO : EventManager : Event: ======'shot_inlane_left_hit'====== Args={'profile': 'default', 'state': 'unlit', 'advancing': True}
2026-03-03 13:05:23,077 : INFO : EventManager : Event: ======'shot_inlane_left_default_hit'====== Args={'profile': 'default', 'state': 'unlit', 'advancing': True}
2026-03-03 13:05:23,077 : INFO : EventManager : Event: ======'shot_inlane_left_default_unlit_hit'====== Args={'profile': 'default', 'state': 'unlit', 'advancing': True}
2026-03-03 13:05:23,077 : INFO : EventManager : Event: ======'shot_inlane_left_unlit_hit'====== Args={'profile': 'default', 'state': 'unlit', 'advancing': True}
2026-03-03 13:05:23,077 : INFO : EventManager : Event: ======'inlanes_hit'====== Args={'shot': 'shot_inlane_left'}
2026-03-03 13:05:23,077 : INFO : EventManager : Event: ======'inlanes_unlit_hit'====== Args={'shot': 'shot_inlane_left'}
2026-03-03 13:05:23,077 : INFO : EventManager : Event: ======'player_score'====== Args={'value': 80, 'prev_value': 70, 'change': 10, 'player_num': 1, 'source': 'bumpers'}
2026-03-03 13:05:23,356 : INFO : SwitchController : <<<<<<< 's_inlane_left' inactive >>>>>>>
2026-03-03 13:05:23,404 : INFO : SwitchController : <<<<<<< 's_inlane_left' active >>>>>>>
2026-03-03 13:05:23,404 : INFO : EventManager : Event: ======'s_inlane_left_active'====== Args={}
2026-03-03 13:05:23,404 : INFO : EventManager : Event: ======'sw_playfield_active'====== Args={}
2026-03-03 13:05:23,405 : INFO : EventManager : Event: ======'machine_var_audits_switches_s_inlane_left'====== Args={'value': 2, 'prev_value': 1, 'change': 1}
2026-03-03 13:05:23,405 : INFO : EventManager : Event: ======'machine_var_audits_shots_shot_inlane_left'====== Args={'value': 2, 'prev_value': 1, 'change': 1}
2026-03-03 13:05:23,405 : INFO : EventManager : Event: ======'shot_inlane_left_hit'====== Args={'profile': 'default', 'state': 'lit', 'advancing': False}
2026-03-03 13:05:23,406 : INFO : EventManager : Event: ======'shot_inlane_left_default_hit'====== Args={'profile': 'default', 'state': 'lit', 'advancing': False}
2026-03-03 13:05:23,406 : INFO : EventManager : Event: ======'shot_inlane_left_default_lit_hit'====== Args={'profile': 'default', 'state': 'lit', 'advancing': False}
2026-03-03 13:05:23,406 : INFO : EventManager : Event: ======'shot_inlane_left_lit_hit'====== Args={'profile': 'default', 'state': 'lit', 'advancing': False}
2026-03-03 13:05:23,406 : INFO : EventManager : Event: ======'inlanes_hit'====== Args={'shot': 'shot_inlane_left'}
2026-03-03 13:05:23,406 : INFO : EventManager : Event: ======'inlanes_lit_hit'====== Args={'shot': 'shot_inlane_left'}
2026-03-03 13:05:23,406 : INFO : EventManager : Event: ======'player_score'====== Args={'value': 90, 'prev_value': 80, 'change': 10, 'player_num': 1, 'source': 'bumpers'}
2026-03-03 13:05:23,566 : INFO : SwitchController : <<<<<<< 's_inlane_left' inactive >>>>>>>
2026-03-03 13:05:23,583 : INFO : SwitchController : <<<<<<< 's_inlane_left' active >>>>>>>
2026-03-03 13:05:23,583 : INFO : EventManager : Event: ======'s_inlane_left_active'====== Args={}
2026-03-03 13:05:23,583 : INFO : EventManager : Event: ======'sw_playfield_active'====== Args={}
2026-03-03 13:05:23,583 : INFO : EventManager : Event: ======'machine_var_audits_switches_s_inlane_left'====== Args={'value': 3, 'prev_value': 2, 'change': 1}
2026-03-03 13:05:23,584 : INFO : EventManager : Event: ======'machine_var_audits_shots_shot_inlane_left'====== Args={'value': 3, 'prev_value': 2, 'change': 1}
2026-03-03 13:05:23,584 : INFO : EventManager : Event: ======'shot_inlane_left_hit'====== Args={'profile': 'default', 'state': 'lit', 'advancing': False}
2026-03-03 13:05:23,584 : INFO : EventManager : Event: ======'shot_inlane_left_default_hit'====== Args={'profile': 'default', 'state': 'lit', 'advancing': False}
2026-03-03 13:05:23,584 : INFO : EventManager : Event: ======'shot_inlane_left_default_lit_hit'====== Args={'profile': 'default', 'state': 'lit', 'advancing': False}
2026-03-03 13:05:23,584 : INFO : EventManager : Event: ======'shot_inlane_left_lit_hit'====== Args={'profile': 'default', 'state': 'lit', 'advancing': False}
2026-03-03 13:05:23,585 : INFO : EventManager : Event: ======'inlanes_hit'====== Args={'shot': 'shot_inlane_left'}
2026-03-03 13:05:23,585 : INFO : EventManager : Event: ======'inlanes_lit_hit'====== Args={'shot': 'shot_inlane_left'}
2026-03-03 13:05:23,585 : INFO : EventManager : Event: ======'player_score'====== Args={'value': 100, 'prev_value': 90, 'change': 10, 'player_num': 1, 'source': 'bumpers'}
2026-03-03 13:05:24,039 : INFO : SwitchController : <<<<<<< 's_inlane_left' inactive >>>>>>>
2026-03-03 13:05:24,435 : INFO : SwitchController : <<<<<<< 's_inlane_left' active >>>>>>>
2026-03-03 13:05:24,435 : INFO : EventManager : Event: ======'s_inlane_left_active'====== Args={}
2026-03-03 13:05:24,435 : INFO : EventManager : Event: ======'sw_playfield_active'====== Args={}
2026-03-03 13:05:24,436 : INFO : EventManager : Event: ======'machine_var_audits_switches_s_inlane_left'====== Args={'value': 4, 'prev_value': 3, 'change': 1}
2026-03-03 13:05:24,436 : INFO : EventManager : Event: ======'machine_var_audits_shots_shot_inlane_left'====== Args={'value': 4, 'prev_value': 3, 'change': 1}
2026-03-03 13:05:24,437 : INFO : EventManager : Event: ======'shot_inlane_left_hit'====== Args={'profile': 'default', 'state': 'lit', 'advancing': False}
2026-03-03 13:05:24,437 : INFO : EventManager : Event: ======'shot_inlane_left_default_hit'====== Args={'profile': 'default', 'state': 'lit', 'advancing': False}
2026-03-03 13:05:24,437 : INFO : EventManager : Event: ======'shot_inlane_left_default_lit_hit'====== Args={'profile': 'default', 'state': 'lit', 'advancing': False}
2026-03-03 13:05:24,437 : INFO : EventManager : Event: ======'shot_inlane_left_lit_hit'====== Args={'profile': 'default', 'state': 'lit', 'advancing': False}
2026-03-03 13:05:24,437 : INFO : EventManager : Event: ======'inlanes_hit'====== Args={'shot': 'shot_inlane_left'}
2026-03-03 13:05:24,437 : INFO : EventManager : Event: ======'inlanes_lit_hit'====== Args={'shot': 'shot_inlane_left'}
2026-03-03 13:05:24,438 : INFO : EventManager : Event: ======'player_score'====== Args={'value': 110, 'prev_value': 100, 'change': 10, 'player_num': 1, 'source': 'bumpers'}
2026-03-03 13:05:24,693 : INFO : SwitchController : <<<<<<< 's_inlane_left' inactive >>>>>>>
2026-03-03 13:05:24,881 : INFO : SwitchController : <<<<<<< 's_inlane_left' active >>>>>>>
2026-03-03 13:05:24,882 : INFO : EventManager : Event: ======'s_inlane_left_active'====== Args={}
2026-03-03 13:05:24,882 : INFO : EventManager : Event: ======'sw_playfield_active'====== Args={}
2026-03-03 13:05:24,882 : INFO : EventManager : Event: ======'machine_var_audits_switches_s_inlane_left'====== Args={'value': 5, 'prev_value': 4, 'change': 1}
2026-03-03 13:05:24,882 : INFO : EventManager : Event: ======'machine_var_audits_shots_shot_inlane_left'====== Args={'value': 5, 'prev_value': 4, 'change': 1}
2026-03-03 13:05:24,883 : INFO : EventManager : Event: ======'shot_inlane_left_hit'====== Args={'profile': 'default', 'state': 'lit', 'advancing': False}
2026-03-03 13:05:24,883 : INFO : EventManager : Event: ======'shot_inlane_left_default_hit'====== Args={'profile': 'default', 'state': 'lit', 'advancing': False}
2026-03-03 13:05:24,883 : INFO : EventManager : Event: ======'shot_inlane_left_default_lit_hit'====== Args={'profile': 'default', 'state': 'lit', 'advancing': False}
2026-03-03 13:05:24,883 : INFO : EventManager : Event: ======'shot_inlane_left_lit_hit'====== Args={'profile': 'default', 'state': 'lit', 'advancing': False}
2026-03-03 13:05:24,883 : INFO : EventManager : Event: ======'inlanes_hit'====== Args={'shot': 'shot_inlane_left'}
2026-03-03 13:05:24,883 : INFO : EventManager : Event: ======'inlanes_lit_hit'====== Args={'shot': 'shot_inlane_left'}
2026-03-03 13:05:24,883 : INFO : EventManager : Event: ======'player_score'====== Args={'value': 120, 'prev_value': 110, 'change': 10, 'player_num': 1, 'source': 'bumpers'}
2026-03-03 13:05:25,130 : INFO : SwitchController : <<<<<<< 's_inlane_left' inactive >>>>>>>
2026-03-03 13:05:25,418 : INFO : SwitchController : <<<<<<< 's_inlane_left' active >>>>>>>
2026-03-03 13:05:25,418 : INFO : EventManager : Event: ======'s_inlane_left_active'====== Args={}
2026-03-03 13:05:25,418 : INFO : EventManager : Event: ======'sw_playfield_active'====== Args={}
2026-03-03 13:05:25,418 : INFO : EventManager : Event: ======'machine_var_audits_switches_s_inlane_left'====== Args={'value': 6, 'prev_value': 5, 'change': 1}
2026-03-03 13:05:25,419 : INFO : EventManager : Event: ======'machine_var_audits_shots_shot_inlane_left'====== Args={'value': 6, 'prev_value': 5, 'change': 1}
2026-03-03 13:05:25,419 : INFO : EventManager : Event: ======'shot_inlane_left_hit'====== Args={'profile': 'default', 'state': 'lit', 'advancing': False}
2026-03-03 13:05:25,419 : INFO : EventManager : Event: ======'shot_inlane_left_default_hit'====== Args={'profile': 'default', 'state': 'lit', 'advancing': False}
2026-03-03 13:05:25,419 : INFO : EventManager : Event: ======'shot_inlane_left_default_lit_hit'====== Args={'profile': 'default', 'state': 'lit', 'advancing': False}
2026-03-03 13:05:25,419 : INFO : EventManager : Event: ======'shot_inlane_left_lit_hit'====== Args={'profile': 'default', 'state': 'lit', 'advancing': False}
2026-03-03 13:05:25,420 : INFO : EventManager : Event: ======'inlanes_hit'====== Args={'shot': 'shot_inlane_left'}
2026-03-03 13:05:25,420 : INFO : EventManager : Event: ======'inlanes_lit_hit'====== Args={'shot': 'shot_inlane_left'}
2026-03-03 13:05:25,420 : INFO : EventManager : Event: ======'player_score'====== Args={'value': 130, 'prev_value': 120, 'change': 10, 'player_num': 1, 'source': 'bumpers'}
2026-03-03 13:05:25,711 : INFO : SwitchController : <<<<<<< 's_inlane_left' inactive >>>>>>>
2026-03-03 13:05:27,183 : INFO : SwitchController : <<<<<<< 's_inlane_left' active >>>>>>>
2026-03-03 13:05:27,183 : INFO : EventManager : Event: ======'s_inlane_left_active'====== Args={}
2026-03-03 13:05:27,183 : INFO : EventManager : Event: ======'sw_playfield_active'====== Args={}
2026-03-03 13:05:27,183 : INFO : EventManager : Event: ======'machine_var_audits_switches_s_inlane_left'====== Args={'value': 7, 'prev_value': 6, 'change': 1}
2026-03-03 13:05:27,193 : INFO : EventManager : Event: ======'machine_var_audits_shots_shot_inlane_left'====== Args={'value': 7, 'prev_value': 6, 'change': 1}
2026-03-03 13:05:27,193 : INFO : EventManager : Event: ======'shot_inlane_left_hit'====== Args={'profile': 'default', 'state': 'lit', 'advancing': False}
2026-03-03 13:05:27,194 : INFO : EventManager : Event: ======'shot_inlane_left_default_hit'====== Args={'profile': 'default', 'state': 'lit', 'advancing': False}
2026-03-03 13:05:27,194 : INFO : EventManager : Event: ======'shot_inlane_left_default_lit_hit'====== Args={'profile': 'default', 'state': 'lit', 'advancing': False}
2026-03-03 13:05:27,194 : INFO : EventManager : Event: ======'shot_inlane_left_lit_hit'====== Args={'profile': 'default', 'state': 'lit', 'advancing': False}
2026-03-03 13:05:27,194 : INFO : EventManager : Event: ======'inlanes_hit'====== Args={'shot': 'shot_inlane_left'}
2026-03-03 13:05:27,194 : INFO : EventManager : Event: ======'inlanes_lit_hit'====== Args={'shot': 'shot_inlane_left'}
2026-03-03 13:05:27,194 : INFO : EventManager : Event: ======'player_score'====== Args={'value': 140, 'prev_value': 130, 'change': 10, 'player_num': 1, 'source': 'bumpers'}
2026-03-03 13:05:27,394 : INFO : SwitchController : <<<<<<< 's_inlane_left' inactive >>>>>>>
2026-03-03 13:05:27,619 : INFO : SwitchController : <<<<<<< 's_inlane_left' active >>>>>>>
2026-03-03 13:05:27,620 : INFO : EventManager : Event: ======'s_inlane_left_active'====== Args={}
2026-03-03 13:05:27,620 : INFO : EventManager : Event: ======'sw_playfield_active'====== Args={}
2026-03-03 13:05:27,620 : INFO : EventManager : Event: ======'machine_var_audits_switches_s_inlane_left'====== Args={'value': 8, 'prev_value': 7, 'change': 1}
2026-03-03 13:05:27,620 : INFO : EventManager : Event: ======'machine_var_audits_shots_shot_inlane_left'====== Args={'value': 8, 'prev_value': 7, 'change': 1}
2026-03-03 13:05:27,621 : INFO : EventManager : Event: ======'shot_inlane_left_hit'====== Args={'profile': 'default', 'state': 'lit', 'advancing': False}
2026-03-03 13:05:27,621 : INFO : EventManager : Event: ======'shot_inlane_left_default_hit'====== Args={'profile': 'default', 'state': 'lit', 'advancing': False}
2026-03-03 13:05:27,621 : INFO : EventManager : Event: ======'shot_inlane_left_default_lit_hit'====== Args={'profile': 'default', 'state': 'lit', 'advancing': False}
2026-03-03 13:05:27,621 : INFO : EventManager : Event: ======'shot_inlane_left_lit_hit'====== Args={'profile': 'default', 'state': 'lit', 'advancing': False}
2026-03-03 13:05:27,621 : INFO : EventManager : Event: ======'inlanes_hit'====== Args={'shot': 'shot_inlane_left'}
2026-03-03 13:05:27,621 : INFO : EventManager : Event: ======'inlanes_lit_hit'====== Args={'shot': 'shot_inlane_left'}
2026-03-03 13:05:27,621 : INFO : EventManager : Event: ======'player_score'====== Args={'value': 150, 'prev_value': 140, 'change': 10, 'player_num': 1, 'source': 'bumpers'}
2026-03-03 13:05:27,735 : INFO : SwitchController : <<<<<<< 's_inlane_left' inactive >>>>>>>
2026-03-03 13:05:27,944 : INFO : SwitchController : <<<<<<< 's_inlane_left' active >>>>>>>
2026-03-03 13:05:27,944 : INFO : EventManager : Event: ======'s_inlane_left_active'====== Args={}
2026-03-03 13:05:27,944 : INFO : EventManager : Event: ======'sw_playfield_active'====== Args={}
2026-03-03 13:05:27,944 : INFO : EventManager : Event: ======'machine_var_audits_switches_s_inlane_left'====== Args={'value': 9, 'prev_value': 8, 'change': 1}
2026-03-03 13:05:27,945 : INFO : EventManager : Event: ======'machine_var_audits_shots_shot_inlane_left'====== Args={'value': 9, 'prev_value': 8, 'change': 1}
2026-03-03 13:05:27,945 : INFO : EventManager : Event: ======'shot_inlane_left_hit'====== Args={'profile': 'default', 'state': 'lit', 'advancing': False}
2026-03-03 13:05:27,945 : INFO : EventManager : Event: ======'shot_inlane_left_default_hit'====== Args={'profile': 'default', 'state': 'lit', 'advancing': False}
2026-03-03 13:05:27,945 : INFO : EventManager : Event: ======'shot_inlane_left_default_lit_hit'====== Args={'profile': 'default', 'state': 'lit', 'advancing': False}
2026-03-03 13:05:27,945 : INFO : EventManager : Event: ======'shot_inlane_left_lit_hit'====== Args={'profile': 'default', 'state': 'lit', 'advancing': False}
2026-03-03 13:05:27,945 : INFO : EventManager : Event: ======'inlanes_hit'====== Args={'shot': 'shot_inlane_left'}
2026-03-03 13:05:27,945 : INFO : EventManager : Event: ======'inlanes_lit_hit'====== Args={'shot': 'shot_inlane_left'}
2026-03-03 13:05:27,945 : INFO : EventManager : Event: ======'player_score'====== Args={'value': 160, 'prev_value': 150, 'change': 10, 'player_num': 1, 'source': 'bumpers'}
2026-03-03 13:05:28,183 : INFO : SwitchController : <<<<<<< 's_inlane_left' inactive >>>>>>>
2026-03-03 13:05:28,390 : INFO : SwitchController : <<<<<<< 's_inlane_left' active >>>>>>>
2026-03-03 13:05:28,390 : INFO : EventManager : Event: ======'s_inlane_left_active'====== Args={}
2026-03-03 13:05:28,390 : INFO : EventManager : Event: ======'sw_playfield_active'====== Args={}
2026-03-03 13:05:28,390 : INFO : EventManager : Event: ======'machine_var_audits_switches_s_inlane_left'====== Args={'value': 10, 'prev_value': 9, 'change': 1}
2026-03-03 13:05:28,391 : INFO : EventManager : Event: ======'machine_var_audits_shots_shot_inlane_left'====== Args={'value': 10, 'prev_value': 9, 'change': 1}
2026-03-03 13:05:28,391 : INFO : EventManager : Event: ======'shot_inlane_left_hit'====== Args={'profile': 'default', 'state': 'lit', 'advancing': False}
2026-03-03 13:05:28,391 : INFO : EventManager : Event: ======'shot_inlane_left_default_hit'====== Args={'profile': 'default', 'state': 'lit', 'advancing': False}
2026-03-03 13:05:28,391 : INFO : EventManager : Event: ======'shot_inlane_left_default_lit_hit'====== Args={'profile': 'default', 'state': 'lit', 'advancing': False}
2026-03-03 13:05:28,391 : INFO : EventManager : Event: ======'shot_inlane_left_lit_hit'====== Args={'profile': 'default', 'state': 'lit', 'advancing': False}
2026-03-03 13:05:28,391 : INFO : EventManager : Event: ======'inlanes_hit'====== Args={'shot': 'shot_inlane_left'}
2026-03-03 13:05:28,391 : INFO : EventManager : Event: ======'inlanes_lit_hit'====== Args={'shot': 'shot_inlane_left'}
2026-03-03 13:05:28,391 : INFO : EventManager : Event: ======'player_score'====== Args={'value': 170, 'prev_value': 160, 'change': 10, 'player_num': 1, 'source': 'bumpers'}
2026-03-03 13:05:28,518 : INFO : SwitchController : <<<<<<< 's_inlane_left' inactive >>>>>>>
2026-03-03 13:05:29,436 : INFO : SwitchController : <<<<<<< 's_inlane_right_2' active >>>>>>>
2026-03-03 13:05:29,436 : INFO : EventManager : Event: ======'s_inlane_right_2_active'====== Args={}
2026-03-03 13:05:29,436 : INFO : EventManager : Event: ======'sw_playfield_active'====== Args={}
2026-03-03 13:05:29,437 : INFO : EventManager : Event: ======'machine_var_audits_switches_s_inlane_right_2'====== Args={'value': 8, 'prev_value': 7, 'change': 1}
2026-03-03 13:05:29,437 : INFO : EventManager : Event: ======'machine_var_audits_shots_shot_inlane_right_2'====== Args={'value': 8, 'prev_value': 7, 'change': 1}
2026-03-03 13:05:29,438 : INFO : EventManager : Event: ======'shot_inlane_right_2_hit'====== Args={'profile': 'default', 'state': 'lit', 'advancing': False}
2026-03-03 13:05:29,438 : INFO : EventManager : Event: ======'shot_inlane_right_2_default_hit'====== Args={'profile': 'default', 'state': 'lit', 'advancing': False}
2026-03-03 13:05:29,438 : INFO : EventManager : Event: ======'shot_inlane_right_2_default_lit_hit'====== Args={'profile': 'default', 'state': 'lit', 'advancing': False}
2026-03-03 13:05:29,438 : INFO : EventManager : Event: ======'shot_inlane_right_2_lit_hit'====== Args={'profile': 'default', 'state': 'lit', 'advancing': False}
2026-03-03 13:05:29,438 : INFO : EventManager : Event: ======'inlanes_hit'====== Args={'shot': 'shot_inlane_right_2'}
2026-03-03 13:05:29,438 : INFO : EventManager : Event: ======'inlanes_lit_hit'====== Args={'shot': 'shot_inlane_right_2'}
2026-03-03 13:05:29,438 : INFO : EventManager : Event: ======'player_score'====== Args={'value': 180, 'prev_value': 170, 'change': 10, 'player_num': 1, 'source': 'bumpers'}
2026-03-03 13:05:29,549 : INFO : SwitchController : <<<<<<< 's_inlane_right_2' inactive >>>>>>>
2026-03-03 13:05:29,771 : INFO : SwitchController : <<<<<<< 's_inlane_right_2' active >>>>>>>
2026-03-03 13:05:29,772 : INFO : EventManager : Event: ======'s_inlane_right_2_active'====== Args={}
2026-03-03 13:05:29,772 : INFO : EventManager : Event: ======'sw_playfield_active'====== Args={}
2026-03-03 13:05:29,772 : INFO : EventManager : Event: ======'machine_var_audits_switches_s_inlane_right_2'====== Args={'value': 9, 'prev_value': 8, 'change': 1}
2026-03-03 13:05:29,772 : INFO : EventManager : Event: ======'machine_var_audits_shots_shot_inlane_right_2'====== Args={'value': 9, 'prev_value': 8, 'change': 1}
2026-03-03 13:05:29,773 : INFO : EventManager : Event: ======'shot_inlane_right_2_hit'====== Args={'profile': 'default', 'state': 'lit', 'advancing': False}
2026-03-03 13:05:29,773 : INFO : EventManager : Event: ======'shot_inlane_right_2_default_hit'====== Args={'profile': 'default', 'state': 'lit', 'advancing': False}
2026-03-03 13:05:29,773 : INFO : EventManager : Event: ======'shot_inlane_right_2_default_lit_hit'====== Args={'profile': 'default', 'state': 'lit', 'advancing': False}
2026-03-03 13:05:29,773 : INFO : EventManager : Event: ======'shot_inlane_right_2_lit_hit'====== Args={'profile': 'default', 'state': 'lit', 'advancing': False}
2026-03-03 13:05:29,773 : INFO : EventManager : Event: ======'inlanes_hit'====== Args={'shot': 'shot_inlane_right_2'}
2026-03-03 13:05:29,773 : INFO : EventManager : Event: ======'inlanes_lit_hit'====== Args={'shot': 'shot_inlane_right_2'}
2026-03-03 13:05:29,773 : INFO : EventManager : Event: ======'player_score'====== Args={'value': 190, 'prev_value': 180, 'change': 10, 'player_num': 1, 'source': 'bumpers'}
2026-03-03 13:05:29,916 : INFO : SwitchController : <<<<<<< 's_inlane_right_2' inactive >>>>>>>
2026-03-03 13:05:30,047 : INFO : SwitchController : <<<<<<< 's_inlane_right_2' active >>>>>>>
2026-03-03 13:05:30,047 : INFO : EventManager : Event: ======'s_inlane_right_2_active'====== Args={}
2026-03-03 13:05:30,048 : INFO : EventManager : Event: ======'sw_playfield_active'====== Args={}
2026-03-03 13:05:30,048 : INFO : EventManager : Event: ======'machine_var_audits_switches_s_inlane_right_2'====== Args={'value': 10, 'prev_value': 9, 'change': 1}
2026-03-03 13:05:30,048 : INFO : EventManager : Event: ======'machine_var_audits_shots_shot_inlane_right_2'====== Args={'value': 10, 'prev_value': 9, 'change': 1}
2026-03-03 13:05:30,049 : INFO : EventManager : Event: ======'shot_inlane_right_2_hit'====== Args={'profile': 'default', 'state': 'lit', 'advancing': False}
2026-03-03 13:05:30,049 : INFO : EventManager : Event: ======'shot_inlane_right_2_default_hit'====== Args={'profile': 'default', 'state': 'lit', 'advancing': False}
2026-03-03 13:05:30,049 : INFO : EventManager : Event: ======'shot_inlane_right_2_default_lit_hit'====== Args={'profile': 'default', 'state': 'lit', 'advancing': False}
2026-03-03 13:05:30,049 : INFO : EventManager : Event: ======'shot_inlane_right_2_lit_hit'====== Args={'profile': 'default', 'state': 'lit', 'advancing': False}
2026-03-03 13:05:30,049 : INFO : EventManager : Event: ======'inlanes_hit'====== Args={'shot': 'shot_inlane_right_2'}
2026-03-03 13:05:30,049 : INFO : EventManager : Event: ======'inlanes_lit_hit'====== Args={'shot': 'shot_inlane_right_2'}
2026-03-03 13:05:30,049 : INFO : EventManager : Event: ======'player_score'====== Args={'value': 200, 'prev_value': 190, 'change': 10, 'player_num': 1, 'source': 'bumpers'}
2026-03-03 13:05:30,126 : INFO : SwitchController : <<<<<<< 's_inlane_right_2' inactive >>>>>>>
2026-03-03 13:05:30,291 : INFO : SwitchController : <<<<<<< 's_inlane_right_2' active >>>>>>>
2026-03-03 13:05:30,291 : INFO : EventManager : Event: ======'s_inlane_right_2_active'====== Args={}
2026-03-03 13:05:30,291 : INFO : EventManager : Event: ======'sw_playfield_active'====== Args={}
2026-03-03 13:05:30,292 : INFO : EventManager : Event: ======'machine_var_audits_switches_s_inlane_right_2'====== Args={'value': 11, 'prev_value': 10, 'change': 1}
2026-03-03 13:05:30,292 : INFO : EventManager : Event: ======'machine_var_audits_shots_shot_inlane_right_2'====== Args={'value': 11, 'prev_value': 10, 'change': 1}
2026-03-03 13:05:30,293 : INFO : EventManager : Event: ======'shot_inlane_right_2_hit'====== Args={'profile': 'default', 'state': 'lit', 'advancing': False}
2026-03-03 13:05:30,293 : INFO : EventManager : Event: ======'shot_inlane_right_2_default_hit'====== Args={'profile': 'default', 'state': 'lit', 'advancing': False}
2026-03-03 13:05:30,293 : INFO : EventManager : Event: ======'shot_inlane_right_2_default_lit_hit'====== Args={'profile': 'default', 'state': 'lit', 'advancing': False}
2026-03-03 13:05:30,293 : INFO : EventManager : Event: ======'shot_inlane_right_2_lit_hit'====== Args={'profile': 'default', 'state': 'lit', 'advancing': False}
2026-03-03 13:05:30,293 : INFO : EventManager : Event: ======'inlanes_hit'====== Args={'shot': 'shot_inlane_right_2'}
2026-03-03 13:05:30,293 : INFO : EventManager : Event: ======'inlanes_lit_hit'====== Args={'shot': 'shot_inlane_right_2'}
2026-03-03 13:05:30,293 : INFO : EventManager : Event: ======'player_score'====== Args={'value': 210, 'prev_value': 200, 'change': 10, 'player_num': 1, 'source': 'bumpers'}
2026-03-03 13:05:30,384 : INFO : SwitchController : <<<<<<< 's_inlane_right_2' inactive >>>>>>>
2026-03-03 13:05:37,468 : INFO : SwitchController : <<<<<<< 's_inlane_right_2' active >>>>>>>
2026-03-03 13:05:37,468 : INFO : EventManager : Event: ======'s_inlane_right_2_active'====== Args={}
2026-03-03 13:05:37,468 : INFO : EventManager : Event: ======'sw_playfield_active'====== Args={}
2026-03-03 13:05:37,469 : INFO : EventManager : Event: ======'machine_var_audits_switches_s_inlane_right_2'====== Args={'value': 12, 'prev_value': 11, 'change': 1}
2026-03-03 13:05:37,470 : INFO : EventManager : Event: ======'machine_var_audits_shots_shot_inlane_right_2'====== Args={'value': 12, 'prev_value': 11, 'change': 1}
2026-03-03 13:05:37,476 : INFO : EventManager : Event: ======'shot_inlane_right_2_hit'====== Args={'profile': 'default', 'state': 'lit', 'advancing': False}
2026-03-03 13:05:37,476 : INFO : EventManager : Event: ======'shot_inlane_right_2_default_hit'====== Args={'profile': 'default', 'state': 'lit', 'advancing': False}
2026-03-03 13:05:37,476 : INFO : EventManager : Event: ======'shot_inlane_right_2_default_lit_hit'====== Args={'profile': 'default', 'state': 'lit', 'advancing': False}
2026-03-03 13:05:37,476 : INFO : EventManager : Event: ======'shot_inlane_right_2_lit_hit'====== Args={'profile': 'default', 'state': 'lit', 'advancing': False}
2026-03-03 13:05:37,476 : INFO : EventManager : Event: ======'inlanes_hit'====== Args={'shot': 'shot_inlane_right_2'}
2026-03-03 13:05:37,476 : INFO : EventManager : Event: ======'inlanes_lit_hit'====== Args={'shot': 'shot_inlane_right_2'}
2026-03-03 13:05:37,476 : INFO : EventManager : Event: ======'player_score'====== Args={'value': 220, 'prev_value': 210, 'change': 10, 'player_num': 1, 'source': 'bumpers'}
2026-03-03 13:05:37,577 : INFO : SwitchController : <<<<<<< 's_inlane_right_2' inactive >>>>>>>
2026-03-03 13:05:37,644 : INFO : SwitchController : <<<<<<< 's_inlane_right_2' active >>>>>>>
2026-03-03 13:05:37,644 : INFO : EventManager : Event: ======'s_inlane_right_2_active'====== Args={}
2026-03-03 13:05:37,644 : INFO : EventManager : Event: ======'sw_playfield_active'====== Args={}
2026-03-03 13:05:37,645 : INFO : EventManager : Event: ======'machine_var_audits_switches_s_inlane_right_2'====== Args={'value': 13, 'prev_value': 12, 'change': 1}
2026-03-03 13:05:37,645 : INFO : EventManager : Event: ======'machine_var_audits_shots_shot_inlane_right_2'====== Args={'value': 13, 'prev_value': 12, 'change': 1}
2026-03-03 13:05:37,645 : INFO : EventManager : Event: ======'shot_inlane_right_2_hit'====== Args={'profile': 'default', 'state': 'lit', 'advancing': False}
2026-03-03 13:05:37,645 : INFO : EventManager : Event: ======'shot_inlane_right_2_default_hit'====== Args={'profile': 'default', 'state': 'lit', 'advancing': False}
2026-03-03 13:05:37,646 : INFO : EventManager : Event: ======'shot_inlane_right_2_default_lit_hit'====== Args={'profile': 'default', 'state': 'lit', 'advancing': False}
2026-03-03 13:05:37,646 : INFO : EventManager : Event: ======'shot_inlane_right_2_lit_hit'====== Args={'profile': 'default', 'state': 'lit', 'advancing': False}
2026-03-03 13:05:37,646 : INFO : EventManager : Event: ======'inlanes_hit'====== Args={'shot': 'shot_inlane_right_2'}
2026-03-03 13:05:37,646 : INFO : EventManager : Event: ======'inlanes_lit_hit'====== Args={'shot': 'shot_inlane_right_2'}
2026-03-03 13:05:37,646 : INFO : EventManager : Event: ======'player_score'====== Args={'value': 230, 'prev_value': 220, 'change': 10, 'player_num': 1, 'source': 'bumpers'}
2026-03-03 13:05:37,745 : INFO : SwitchController : <<<<<<< 's_inlane_right_2' inactive >>>>>>>
2026-03-03 13:05:38,433 : INFO : SwitchController : <<<<<<< 's_inlane_left' active >>>>>>>
2026-03-03 13:05:38,433 : INFO : EventManager : Event: ======'s_inlane_left_active'====== Args={}
2026-03-03 13:05:38,433 : INFO : EventManager : Event: ======'sw_playfield_active'====== Args={}
2026-03-03 13:05:38,433 : INFO : EventManager : Event: ======'machine_var_audits_switches_s_inlane_left'====== Args={'value': 11, 'prev_value': 10, 'change': 1}
2026-03-03 13:05:38,434 : INFO : EventManager : Event: ======'machine_var_audits_shots_shot_inlane_left'====== Args={'value': 11, 'prev_value': 10, 'change': 1}
2026-03-03 13:05:38,434 : INFO : EventManager : Event: ======'shot_inlane_left_hit'====== Args={'profile': 'default', 'state': 'lit', 'advancing': False}
2026-03-03 13:05:38,434 : INFO : EventManager : Event: ======'shot_inlane_left_default_hit'====== Args={'profile': 'default', 'state': 'lit', 'advancing': False}
2026-03-03 13:05:38,434 : INFO : EventManager : Event: ======'shot_inlane_left_default_lit_hit'====== Args={'profile': 'default', 'state': 'lit', 'advancing': False}
2026-03-03 13:05:38,434 : INFO : EventManager : Event: ======'shot_inlane_left_lit_hit'====== Args={'profile': 'default', 'state': 'lit', 'advancing': False}
2026-03-03 13:05:38,435 : INFO : EventManager : Event: ======'inlanes_hit'====== Args={'shot': 'shot_inlane_left'}
2026-03-03 13:05:38,435 : INFO : EventManager : Event: ======'inlanes_lit_hit'====== Args={'shot': 'shot_inlane_left'}
2026-03-03 13:05:38,435 : INFO : EventManager : Event: ======'player_score'====== Args={'value': 240, 'prev_value': 230, 'change': 10, 'player_num': 1, 'source': 'bumpers'}
2026-03-03 13:05:39,638 : INFO : SwitchController : <<<<<<< 's_inlane_left' inactive >>>>>>>
2026-03-03 13:05:40,096 : INFO : SwitchController : <<<<<<< 's_inlane_left' active >>>>>>>
2026-03-03 13:05:40,096 : INFO : EventManager : Event: ======'s_inlane_left_active'====== Args={}
2026-03-03 13:05:40,097 : INFO : EventManager : Event: ======'sw_playfield_active'====== Args={}
2026-03-03 13:05:40,097 : INFO : EventManager : Event: ======'machine_var_audits_switches_s_inlane_left'====== Args={'value': 12, 'prev_value': 11, 'change': 1}
2026-03-03 13:05:40,097 : INFO : EventManager : Event: ======'machine_var_audits_shots_shot_inlane_left'====== Args={'value': 12, 'prev_value': 11, 'change': 1}
2026-03-03 13:05:40,103 : INFO : EventManager : Event: ======'shot_inlane_left_hit'====== Args={'profile': 'default', 'state': 'lit', 'advancing': False}
2026-03-03 13:05:40,103 : INFO : EventManager : Event: ======'shot_inlane_left_default_hit'====== Args={'profile': 'default', 'state': 'lit', 'advancing': False}
2026-03-03 13:05:40,103 : INFO : EventManager : Event: ======'shot_inlane_left_default_lit_hit'====== Args={'profile': 'default', 'state': 'lit', 'advancing': False}
2026-03-03 13:05:40,103 : INFO : EventManager : Event: ======'shot_inlane_left_lit_hit'====== Args={'profile': 'default', 'state': 'lit', 'advancing': False}
2026-03-03 13:05:40,103 : INFO : EventManager : Event: ======'inlanes_hit'====== Args={'shot': 'shot_inlane_left'}
2026-03-03 13:05:40,103 : INFO : EventManager : Event: ======'inlanes_lit_hit'====== Args={'shot': 'shot_inlane_left'}
2026-03-03 13:05:40,104 : INFO : EventManager : Event: ======'player_score'====== Args={'value': 250, 'prev_value': 240, 'change': 10, 'player_num': 1, 'source': 'bumpers'}
2026-03-03 13:05:40,312 : INFO : SwitchController : <<<<<<< 's_inlane_left' inactive >>>>>>>
2026-03-03 13:05:40,594 : INFO : SwitchController : <<<<<<< 's_inlane_left' active >>>>>>>
2026-03-03 13:05:40,594 : INFO : EventManager : Event: ======'s_inlane_left_active'====== Args={}
2026-03-03 13:05:40,594 : INFO : EventManager : Event: ======'sw_playfield_active'====== Args={}
2026-03-03 13:05:40,594 : INFO : EventManager : Event: ======'machine_var_audits_switches_s_inlane_left'====== Args={'value': 13, 'prev_value': 12, 'change': 1}
2026-03-03 13:05:40,595 : INFO : EventManager : Event: ======'machine_var_audits_shots_shot_inlane_left'====== Args={'value': 13, 'prev_value': 12, 'change': 1}
2026-03-03 13:05:40,595 : INFO : EventManager : Event: ======'shot_inlane_left_hit'====== Args={'profile': 'default', 'state': 'lit', 'advancing': False}
2026-03-03 13:05:40,595 : INFO : EventManager : Event: ======'shot_inlane_left_default_hit'====== Args={'profile': 'default', 'state': 'lit', 'advancing': False}
2026-03-03 13:05:40,595 : INFO : EventManager : Event: ======'shot_inlane_left_default_lit_hit'====== Args={'profile': 'default', 'state': 'lit', 'advancing': False}
2026-03-03 13:05:40,595 : INFO : EventManager : Event: ======'shot_inlane_left_lit_hit'====== Args={'profile': 'default', 'state': 'lit', 'advancing': False}
2026-03-03 13:05:40,595 : INFO : EventManager : Event: ======'inlanes_hit'====== Args={'shot': 'shot_inlane_left'}
2026-03-03 13:05:40,595 : INFO : EventManager : Event: ======'inlanes_lit_hit'====== Args={'shot': 'shot_inlane_left'}
2026-03-03 13:05:40,596 : INFO : EventManager : Event: ======'player_score'====== Args={'value': 260, 'prev_value': 250, 'change': 10, 'player_num': 1, 'source': 'bumpers'}
2026-03-03 13:05:40,728 : INFO : SwitchController : <<<<<<< 's_inlane_left' inactive >>>>>>>
2026-03-03 13:05:40,896 : INFO : SwitchController : <<<<<<< 's_inlane_left' active >>>>>>>
2026-03-03 13:05:40,896 : INFO : EventManager : Event: ======'s_inlane_left_active'====== Args={}
2026-03-03 13:05:40,896 : INFO : EventManager : Event: ======'sw_playfield_active'====== Args={}
2026-03-03 13:05:40,896 : INFO : EventManager : Event: ======'machine_var_audits_switches_s_inlane_left'====== Args={'value': 14, 'prev_value': 13, 'change': 1}
2026-03-03 13:05:40,897 : INFO : EventManager : Event: ======'machine_var_audits_shots_shot_inlane_left'====== Args={'value': 14, 'prev_value': 13, 'change': 1}
2026-03-03 13:05:40,897 : INFO : EventManager : Event: ======'shot_inlane_left_hit'====== Args={'profile': 'default', 'state': 'lit', 'advancing': False}
2026-03-03 13:05:40,897 : INFO : EventManager : Event: ======'shot_inlane_left_default_hit'====== Args={'profile': 'default', 'state': 'lit', 'advancing': False}
2026-03-03 13:05:40,897 : INFO : EventManager : Event: ======'shot_inlane_left_default_lit_hit'====== Args={'profile': 'default', 'state': 'lit', 'advancing': False}
2026-03-03 13:05:40,897 : INFO : EventManager : Event: ======'shot_inlane_left_lit_hit'====== Args={'profile': 'default', 'state': 'lit', 'advancing': False}
2026-03-03 13:05:40,897 : INFO : EventManager : Event: ======'inlanes_hit'====== Args={'shot': 'shot_inlane_left'}
2026-03-03 13:05:40,897 : INFO : EventManager : Event: ======'inlanes_lit_hit'====== Args={'shot': 'shot_inlane_left'}
2026-03-03 13:05:40,898 : INFO : EventManager : Event: ======'player_score'====== Args={'value': 270, 'prev_value': 260, 'change': 10, 'player_num': 1, 'source': 'bumpers'}
2026-03-03 13:05:41,038 : INFO : SwitchController : <<<<<<< 's_inlane_left' inactive >>>>>>>
2026-03-03 13:05:41,323 : INFO : SwitchController : <<<<<<< 's_inlane_left' active >>>>>>>
2026-03-03 13:05:41,323 : INFO : EventManager : Event: ======'s_inlane_left_active'====== Args={}
2026-03-03 13:05:41,323 : INFO : EventManager : Event: ======'sw_playfield_active'====== Args={}
2026-03-03 13:05:41,324 : INFO : EventManager : Event: ======'machine_var_audits_switches_s_inlane_left'====== Args={'value': 15, 'prev_value': 14, 'change': 1}
2026-03-03 13:05:41,324 : INFO : EventManager : Event: ======'machine_var_audits_shots_shot_inlane_left'====== Args={'value': 15, 'prev_value': 14, 'change': 1}
2026-03-03 13:05:41,324 : INFO : EventManager : Event: ======'shot_inlane_left_hit'====== Args={'profile': 'default', 'state': 'lit', 'advancing': False}
2026-03-03 13:05:41,325 : INFO : EventManager : Event: ======'shot_inlane_left_default_hit'====== Args={'profile': 'default', 'state': 'lit', 'advancing': False}
2026-03-03 13:05:41,325 : INFO : EventManager : Event: ======'shot_inlane_left_default_lit_hit'====== Args={'profile': 'default', 'state': 'lit', 'advancing': False}
2026-03-03 13:05:41,325 : INFO : EventManager : Event: ======'shot_inlane_left_lit_hit'====== Args={'profile': 'default', 'state': 'lit', 'advancing': False}
2026-03-03 13:05:41,325 : INFO : EventManager : Event: ======'inlanes_hit'====== Args={'shot': 'shot_inlane_left'}
2026-03-03 13:05:41,325 : INFO : EventManager : Event: ======'inlanes_lit_hit'====== Args={'shot': 'shot_inlane_left'}
2026-03-03 13:05:41,325 : INFO : EventManager : Event: ======'player_score'====== Args={'value': 280, 'prev_value': 270, 'change': 10, 'player_num': 1, 'source': 'bumpers'}
2026-03-03 13:05:41,618 : INFO : SwitchController : <<<<<<< 's_inlane_left' inactive >>>>>>>
2026-03-03 13:05:42,460 : INFO : SwitchController : <<<<<<< 's_inlane_left' active >>>>>>>
2026-03-03 13:05:42,460 : INFO : EventManager : Event: ======'s_inlane_left_active'====== Args={}
2026-03-03 13:05:42,460 : INFO : EventManager : Event: ======'sw_playfield_active'====== Args={}
2026-03-03 13:05:42,460 : INFO : EventManager : Event: ======'machine_var_audits_switches_s_inlane_left'====== Args={'value': 16, 'prev_value': 15, 'change': 1}
2026-03-03 13:05:42,461 : INFO : EventManager : Event: ======'machine_var_audits_shots_shot_inlane_left'====== Args={'value': 16, 'prev_value': 15, 'change': 1}
2026-03-03 13:05:42,461 : INFO : EventManager : Event: ======'shot_inlane_left_hit'====== Args={'profile': 'default', 'state': 'lit', 'advancing': False}
2026-03-03 13:05:42,461 : INFO : EventManager : Event: ======'shot_inlane_left_default_hit'====== Args={'profile': 'default', 'state': 'lit', 'advancing': False}
2026-03-03 13:05:42,462 : INFO : EventManager : Event: ======'shot_inlane_left_default_lit_hit'====== Args={'profile': 'default', 'state': 'lit', 'advancing': False}
2026-03-03 13:05:42,462 : INFO : EventManager : Event: ======'shot_inlane_left_lit_hit'====== Args={'profile': 'default', 'state': 'lit', 'advancing': False}
2026-03-03 13:05:42,462 : INFO : EventManager : Event: ======'inlanes_hit'====== Args={'shot': 'shot_inlane_left'}
2026-03-03 13:05:42,462 : INFO : EventManager : Event: ======'inlanes_lit_hit'====== Args={'shot': 'shot_inlane_left'}
2026-03-03 13:05:42,462 : INFO : EventManager : Event: ======'player_score'====== Args={'value': 290, 'prev_value': 280, 'change': 10, 'player_num': 1, 'source': 'bumpers'}
2026-03-03 13:05:43,133 : INFO : SwitchController : <<<<<<< 's_inlane_left' inactive >>>>>>>
2026-03-03 13:05:43,812 : INFO : SwitchController : <<<<<<< 's_inlane_left' active >>>>>>>
2026-03-03 13:05:43,813 : INFO : EventManager : Event: ======'s_inlane_left_active'====== Args={}
2026-03-03 13:05:43,813 : INFO : EventManager : Event: ======'sw_playfield_active'====== Args={}
2026-03-03 13:05:43,813 : INFO : EventManager : Event: ======'machine_var_audits_switches_s_inlane_left'====== Args={'value': 17, 'prev_value': 16, 'change': 1}
2026-03-03 13:05:43,813 : INFO : EventManager : Event: ======'machine_var_audits_shots_shot_inlane_left'====== Args={'value': 17, 'prev_value': 16, 'change': 1}
2026-03-03 13:05:43,814 : INFO : EventManager : Event: ======'shot_inlane_left_hit'====== Args={'profile': 'default', 'state': 'lit', 'advancing': False}
2026-03-03 13:05:43,814 : INFO : EventManager : Event: ======'shot_inlane_left_default_hit'====== Args={'profile': 'default', 'state': 'lit', 'advancing': False}
2026-03-03 13:05:43,814 : INFO : EventManager : Event: ======'shot_inlane_left_default_lit_hit'====== Args={'profile': 'default', 'state': 'lit', 'advancing': False}
2026-03-03 13:05:43,814 : INFO : EventManager : Event: ======'shot_inlane_left_lit_hit'====== Args={'profile': 'default', 'state': 'lit', 'advancing': False}
2026-03-03 13:05:43,814 : INFO : EventManager : Event: ======'inlanes_hit'====== Args={'shot': 'shot_inlane_left'}
2026-03-03 13:05:43,814 : INFO : EventManager : Event: ======'inlanes_lit_hit'====== Args={'shot': 'shot_inlane_left'}
2026-03-03 13:05:43,815 : INFO : EventManager : Event: ======'player_score'====== Args={'value': 300, 'prev_value': 290, 'change': 10, 'player_num': 1, 'source': 'bumpers'}
2026-03-03 13:05:43,866 : INFO : SwitchController : <<<<<<< 's_inlane_left' inactive >>>>>>>
2026-03-03 13:05:44,500 : INFO : SwitchController : <<<<<<< 's_inlane_left' active >>>>>>>
2026-03-03 13:05:44,500 : INFO : EventManager : Event: ======'s_inlane_left_active'====== Args={}
2026-03-03 13:05:44,500 : INFO : EventManager : Event: ======'sw_playfield_active'====== Args={}
2026-03-03 13:05:44,500 : INFO : EventManager : Event: ======'machine_var_audits_switches_s_inlane_left'====== Args={'value': 18, 'prev_value': 17, 'change': 1}
2026-03-03 13:05:44,501 : INFO : EventManager : Event: ======'machine_var_audits_shots_shot_inlane_left'====== Args={'value': 18, 'prev_value': 17, 'change': 1}
2026-03-03 13:05:44,501 : INFO : EventManager : Event: ======'shot_inlane_left_hit'====== Args={'profile': 'default', 'state': 'lit', 'advancing': False}
2026-03-03 13:05:44,501 : INFO : EventManager : Event: ======'shot_inlane_left_default_hit'====== Args={'profile': 'default', 'state': 'lit', 'advancing': False}
2026-03-03 13:05:44,501 : INFO : EventManager : Event: ======'shot_inlane_left_default_lit_hit'====== Args={'profile': 'default', 'state': 'lit', 'advancing': False}
2026-03-03 13:05:44,501 : INFO : EventManager : Event: ======'shot_inlane_left_lit_hit'====== Args={'profile': 'default', 'state': 'lit', 'advancing': False}
2026-03-03 13:05:44,501 : INFO : EventManager : Event: ======'inlanes_hit'====== Args={'shot': 'shot_inlane_left'}
2026-03-03 13:05:44,501 : INFO : EventManager : Event: ======'inlanes_lit_hit'====== Args={'shot': 'shot_inlane_left'}
2026-03-03 13:05:44,502 : INFO : EventManager : Event: ======'player_score'====== Args={'value': 310, 'prev_value': 300, 'change': 10, 'player_num': 1, 'source': 'bumpers'}
2026-03-03 13:05:45,333 : INFO : SwitchController : <<<<<<< 's_inlane_left' inactive >>>>>>>
2026-03-03 13:05:45,846 : INFO : SwitchController : <<<<<<< 's_inlane_left' active >>>>>>>
2026-03-03 13:05:45,847 : INFO : EventManager : Event: ======'s_inlane_left_active'====== Args={}
2026-03-03 13:05:45,847 : INFO : EventManager : Event: ======'sw_playfield_active'====== Args={}
2026-03-03 13:05:45,847 : INFO : EventManager : Event: ======'machine_var_audits_switches_s_inlane_left'====== Args={'value': 19, 'prev_value': 18, 'change': 1}
2026-03-03 13:05:45,847 : INFO : EventManager : Event: ======'machine_var_audits_shots_shot_inlane_left'====== Args={'value': 19, 'prev_value': 18, 'change': 1}
2026-03-03 13:05:45,848 : INFO : EventManager : Event: ======'shot_inlane_left_hit'====== Args={'profile': 'default', 'state': 'lit', 'advancing': False}
2026-03-03 13:05:45,848 : INFO : EventManager : Event: ======'shot_inlane_left_default_hit'====== Args={'profile': 'default', 'state': 'lit', 'advancing': False}
2026-03-03 13:05:45,848 : INFO : EventManager : Event: ======'shot_inlane_left_default_lit_hit'====== Args={'profile': 'default', 'state': 'lit', 'advancing': False}
2026-03-03 13:05:45,848 : INFO : EventManager : Event: ======'shot_inlane_left_lit_hit'====== Args={'profile': 'default', 'state': 'lit', 'advancing': False}
2026-03-03 13:05:45,848 : INFO : EventManager : Event: ======'inlanes_hit'====== Args={'shot': 'shot_inlane_left'}
2026-03-03 13:05:45,848 : INFO : EventManager : Event: ======'inlanes_lit_hit'====== Args={'shot': 'shot_inlane_left'}
2026-03-03 13:05:45,848 : INFO : EventManager : Event: ======'player_score'====== Args={'value': 320, 'prev_value': 310, 'change': 10, 'player_num': 1, 'source': 'bumpers'}
2026-03-03 13:05:45,989 : INFO : SwitchController : <<<<<<< 's_inlane_left' inactive >>>>>>>
2026-03-03 13:05:46,223 : INFO : SwitchController : <<<<<<< 's_inlane_left' active >>>>>>>
2026-03-03 13:05:46,223 : INFO : EventManager : Event: ======'s_inlane_left_active'====== Args={}
2026-03-03 13:05:46,223 : INFO : EventManager : Event: ======'sw_playfield_active'====== Args={}
2026-03-03 13:05:46,223 : INFO : EventManager : Event: ======'machine_var_audits_switches_s_inlane_left'====== Args={'value': 20, 'prev_value': 19, 'change': 1}
2026-03-03 13:05:46,224 : INFO : EventManager : Event: ======'machine_var_audits_shots_shot_inlane_left'====== Args={'value': 20, 'prev_value': 19, 'change': 1}
2026-03-03 13:05:46,224 : INFO : EventManager : Event: ======'shot_inlane_left_hit'====== Args={'profile': 'default', 'state': 'lit', 'advancing': False}
2026-03-03 13:05:46,224 : INFO : EventManager : Event: ======'shot_inlane_left_default_hit'====== Args={'profile': 'default', 'state': 'lit', 'advancing': False}
2026-03-03 13:05:46,224 : INFO : EventManager : Event: ======'shot_inlane_left_default_lit_hit'====== Args={'profile': 'default', 'state': 'lit', 'advancing': False}
2026-03-03 13:05:46,224 : INFO : EventManager : Event: ======'shot_inlane_left_lit_hit'====== Args={'profile': 'default', 'state': 'lit', 'advancing': False}
2026-03-03 13:05:46,224 : INFO : EventManager : Event: ======'inlanes_hit'====== Args={'shot': 'shot_inlane_left'}
2026-03-03 13:05:46,225 : INFO : EventManager : Event: ======'inlanes_lit_hit'====== Args={'shot': 'shot_inlane_left'}
2026-03-03 13:05:46,225 : INFO : EventManager : Event: ======'player_score'====== Args={'value': 330, 'prev_value': 320, 'change': 10, 'player_num': 1, 'source': 'bumpers'}
2026-03-03 13:05:47,099 : INFO : SwitchController : <<<<<<< 's_inlane_left' inactive >>>>>>>
2026-03-03 13:05:49,039 : INFO : SwitchController : <<<<<<< 's_inlane_left' active >>>>>>>
2026-03-03 13:05:49,039 : INFO : EventManager : Event: ======'s_inlane_left_active'====== Args={}
2026-03-03 13:05:49,039 : INFO : EventManager : Event: ======'sw_playfield_active'====== Args={}
2026-03-03 13:05:49,039 : INFO : EventManager : Event: ======'machine_var_audits_switches_s_inlane_left'====== Args={'value': 21, 'prev_value': 20, 'change': 1}
2026-03-03 13:05:49,040 : INFO : EventManager : Event: ======'machine_var_audits_shots_shot_inlane_left'====== Args={'value': 21, 'prev_value': 20, 'change': 1}
2026-03-03 13:05:49,040 : INFO : EventManager : Event: ======'shot_inlane_left_hit'====== Args={'profile': 'default', 'state': 'lit', 'advancing': False}
2026-03-03 13:05:49,041 : INFO : EventManager : Event: ======'shot_inlane_left_default_hit'====== Args={'profile': 'default', 'state': 'lit', 'advancing': False}
2026-03-03 13:05:49,041 : INFO : EventManager : Event: ======'shot_inlane_left_default_lit_hit'====== Args={'profile': 'default', 'state': 'lit', 'advancing': False}
2026-03-03 13:05:49,041 : INFO : EventManager : Event: ======'shot_inlane_left_lit_hit'====== Args={'profile': 'default', 'state': 'lit', 'advancing': False}
2026-03-03 13:05:49,041 : INFO : EventManager : Event: ======'inlanes_hit'====== Args={'shot': 'shot_inlane_left'}
2026-03-03 13:05:49,041 : INFO : EventManager : Event: ======'inlanes_lit_hit'====== Args={'shot': 'shot_inlane_left'}
2026-03-03 13:05:49,041 : INFO : EventManager : Event: ======'player_score'====== Args={'value': 340, 'prev_value': 330, 'change': 10, 'player_num': 1, 'source': 'bumpers'}
2026-03-03 13:05:49,085 : INFO : SwitchController : <<<<<<< 's_inlane_left' inactive >>>>>>>
2026-03-03 13:05:49,309 : INFO : SwitchController : <<<<<<< 's_inlane_left' active >>>>>>>
2026-03-03 13:05:49,309 : INFO : EventManager : Event: ======'s_inlane_left_active'====== Args={}
2026-03-03 13:05:49,309 : INFO : EventManager : Event: ======'sw_playfield_active'====== Args={}
2026-03-03 13:05:49,309 : INFO : EventManager : Event: ======'machine_var_audits_switches_s_inlane_left'====== Args={'value': 22, 'prev_value': 21, 'change': 1}
2026-03-03 13:05:49,310 : INFO : EventManager : Event: ======'machine_var_audits_shots_shot_inlane_left'====== Args={'value': 22, 'prev_value': 21, 'change': 1}
2026-03-03 13:05:49,310 : INFO : EventManager : Event: ======'shot_inlane_left_hit'====== Args={'profile': 'default', 'state': 'lit', 'advancing': False}
2026-03-03 13:05:49,310 : INFO : EventManager : Event: ======'shot_inlane_left_default_hit'====== Args={'profile': 'default', 'state': 'lit', 'advancing': False}
2026-03-03 13:05:49,310 : INFO : EventManager : Event: ======'shot_inlane_left_default_lit_hit'====== Args={'profile': 'default', 'state': 'lit', 'advancing': False}
2026-03-03 13:05:49,310 : INFO : EventManager : Event: ======'shot_inlane_left_lit_hit'====== Args={'profile': 'default', 'state': 'lit', 'advancing': False}
2026-03-03 13:05:49,310 : INFO : EventManager : Event: ======'inlanes_hit'====== Args={'shot': 'shot_inlane_left'}
2026-03-03 13:05:49,310 : INFO : EventManager : Event: ======'inlanes_lit_hit'====== Args={'shot': 'shot_inlane_left'}
2026-03-03 13:05:49,311 : INFO : EventManager : Event: ======'player_score'====== Args={'value': 350, 'prev_value': 340, 'change': 10, 'player_num': 1, 'source': 'bumpers'}
2026-03-03 13:05:49,473 : INFO : SwitchController : <<<<<<< 's_inlane_left' inactive >>>>>>>
2026-03-03 13:05:49,543 : INFO : SwitchController : <<<<<<< 's_inlane_left' active >>>>>>>
2026-03-03 13:05:49,543 : INFO : EventManager : Event: ======'s_inlane_left_active'====== Args={}
2026-03-03 13:05:49,544 : INFO : EventManager : Event: ======'sw_playfield_active'====== Args={}
2026-03-03 13:05:49,544 : INFO : EventManager : Event: ======'machine_var_audits_switches_s_inlane_left'====== Args={'value': 23, 'prev_value': 22, 'change': 1}
2026-03-03 13:05:49,544 : INFO : EventManager : Event: ======'machine_var_audits_shots_shot_inlane_left'====== Args={'value': 23, 'prev_value': 22, 'change': 1}
2026-03-03 13:05:49,544 : INFO : EventManager : Event: ======'shot_inlane_left_hit'====== Args={'profile': 'default', 'state': 'lit', 'advancing': False}
2026-03-03 13:05:49,545 : INFO : EventManager : Event: ======'shot_inlane_left_default_hit'====== Args={'profile': 'default', 'state': 'lit', 'advancing': False}
2026-03-03 13:05:49,545 : INFO : EventManager : Event: ======'shot_inlane_left_default_lit_hit'====== Args={'profile': 'default', 'state': 'lit', 'advancing': False}
2026-03-03 13:05:49,545 : INFO : EventManager : Event: ======'shot_inlane_left_lit_hit'====== Args={'profile': 'default', 'state': 'lit', 'advancing': False}
2026-03-03 13:05:49,545 : INFO : EventManager : Event: ======'inlanes_hit'====== Args={'shot': 'shot_inlane_left'}
2026-03-03 13:05:49,545 : INFO : EventManager : Event: ======'inlanes_lit_hit'====== Args={'shot': 'shot_inlane_left'}
2026-03-03 13:05:49,546 : INFO : EventManager : Event: ======'player_score'====== Args={'value': 360, 'prev_value': 350, 'change': 10, 'player_num': 1, 'source': 'bumpers'}
2026-03-03 13:05:49,553 : INFO : SwitchController : <<<<<<< 's_inlane_left' inactive >>>>>>>
2026-03-03 13:05:49,657 : INFO : SwitchController : <<<<<<< 's_inlane_left' active >>>>>>>
2026-03-03 13:05:49,657 : INFO : EventManager : Event: ======'s_inlane_left_active'====== Args={}
2026-03-03 13:05:49,657 : INFO : EventManager : Event: ======'sw_playfield_active'====== Args={}
2026-03-03 13:05:49,658 : INFO : EventManager : Event: ======'machine_var_audits_switches_s_inlane_left'====== Args={'value': 24, 'prev_value': 23, 'change': 1}
2026-03-03 13:05:49,658 : INFO : EventManager : Event: ======'machine_var_audits_shots_shot_inlane_left'====== Args={'value': 24, 'prev_value': 23, 'change': 1}
2026-03-03 13:05:49,659 : INFO : EventManager : Event: ======'shot_inlane_left_hit'====== Args={'profile': 'default', 'state': 'lit', 'advancing': False}
2026-03-03 13:05:49,659 : INFO : EventManager : Event: ======'shot_inlane_left_default_hit'====== Args={'profile': 'default', 'state': 'lit', 'advancing': False}
2026-03-03 13:05:49,659 : INFO : EventManager : Event: ======'shot_inlane_left_default_lit_hit'====== Args={'profile': 'default', 'state': 'lit', 'advancing': False}
2026-03-03 13:05:49,659 : INFO : EventManager : Event: ======'shot_inlane_left_lit_hit'====== Args={'profile': 'default', 'state': 'lit', 'advancing': False}
2026-03-03 13:05:49,659 : INFO : EventManager : Event: ======'inlanes_hit'====== Args={'shot': 'shot_inlane_left'}
2026-03-03 13:05:49,659 : INFO : EventManager : Event: ======'inlanes_lit_hit'====== Args={'shot': 'shot_inlane_left'}
2026-03-03 13:05:49,659 : INFO : EventManager : Event: ======'player_score'====== Args={'value': 370, 'prev_value': 360, 'change': 10, 'player_num': 1, 'source': 'bumpers'}
2026-03-03 13:05:49,744 : INFO : SwitchController : <<<<<<< 's_inlane_left' inactive >>>>>>>
2026-03-03 13:05:49,786 : INFO : SwitchController : <<<<<<< 's_inlane_left' active >>>>>>>
2026-03-03 13:05:49,786 : INFO : EventManager : Event: ======'s_inlane_left_active'====== Args={}
2026-03-03 13:05:49,787 : INFO : EventManager : Event: ======'sw_playfield_active'====== Args={}
2026-03-03 13:05:49,787 : INFO : EventManager : Event: ======'machine_var_audits_switches_s_inlane_left'====== Args={'value': 25, 'prev_value': 24, 'change': 1}
2026-03-03 13:05:49,787 : INFO : EventManager : Event: ======'machine_var_audits_shots_shot_inlane_left'====== Args={'value': 25, 'prev_value': 24, 'change': 1}
2026-03-03 13:05:49,788 : INFO : EventManager : Event: ======'shot_inlane_left_hit'====== Args={'profile': 'default', 'state': 'lit', 'advancing': False}
2026-03-03 13:05:49,788 : INFO : EventManager : Event: ======'shot_inlane_left_default_hit'====== Args={'profile': 'default', 'state': 'lit', 'advancing': False}
2026-03-03 13:05:49,788 : INFO : EventManager : Event: ======'shot_inlane_left_default_lit_hit'====== Args={'profile': 'default', 'state': 'lit', 'advancing': False}
2026-03-03 13:05:49,788 : INFO : EventManager : Event: ======'shot_inlane_left_lit_hit'====== Args={'profile': 'default', 'state': 'lit', 'advancing': False}
2026-03-03 13:05:49,788 : INFO : EventManager : Event: ======'inlanes_hit'====== Args={'shot': 'shot_inlane_left'}
2026-03-03 13:05:49,788 : INFO : EventManager : Event: ======'inlanes_lit_hit'====== Args={'shot': 'shot_inlane_left'}
2026-03-03 13:05:49,788 : INFO : EventManager : Event: ======'player_score'====== Args={'value': 380, 'prev_value': 370, 'change': 10, 'player_num': 1, 'source': 'bumpers'}
2026-03-03 13:05:50,603 : INFO : SwitchController : <<<<<<< 's_inlane_left' inactive >>>>>>>
2026-03-03 13:05:57,593 : INFO : SwitchController : <<<<<<< 's_flipper_right_upper' active >>>>>>>
2026-03-03 13:05:57,594 : INFO : EventManager : Event: ======'machine_var_audits_switches_s_flipper_right_upper'====== Args={'value': 748, 'prev_value': 747, 'change': 1}
2026-03-03 13:05:57,617 : INFO : SwitchController : <<<<<<< 's_flipper_right_upper_eos' active >>>>>>>
2026-03-03 13:05:57,618 : INFO : EventManager : Event: ======'machine_var_audits_switches_s_flipper_right_upper_eos'====== Args={'value': 558, 'prev_value': 557, 'change': 1}
2026-03-03 13:05:57,736 : INFO : SwitchController : <<<<<<< 's_flipper_right_upper' inactive >>>>>>>
2026-03-03 13:05:57,840 : INFO : SwitchController : <<<<<<< 's_flipper_right_upper_eos' inactive >>>>>>>
2026-03-03 13:05:58,223 : INFO : SwitchController : <<<<<<< 's_flipper_right_upper' active >>>>>>>
2026-03-03 13:05:58,224 : INFO : EventManager : Event: ======'machine_var_audits_switches_s_flipper_right_upper'====== Args={'value': 749, 'prev_value': 748, 'change': 1}
2026-03-03 13:05:58,247 : INFO : SwitchController : <<<<<<< 's_flipper_right_upper_eos' active >>>>>>>
2026-03-03 13:05:58,247 : INFO : EventManager : Event: ======'machine_var_audits_switches_s_flipper_right_upper_eos'====== Args={'value': 559, 'prev_value': 558, 'change': 1}
2026-03-03 13:05:58,367 : INFO : SwitchController : <<<<<<< 's_flipper_right_upper' inactive >>>>>>>
2026-03-03 13:05:58,472 : INFO : SwitchController : <<<<<<< 's_flipper_right_upper_eos' inactive >>>>>>>
2026-03-03 13:05:58,769 : INFO : SwitchController : <<<<<<< 's_flipper_right_upper' active >>>>>>>
2026-03-03 13:05:58,770 : INFO : EventManager : Event: ======'machine_var_audits_switches_s_flipper_right_upper'====== Args={'value': 750, 'prev_value': 749, 'change': 1}
2026-03-03 13:05:58,794 : INFO : SwitchController : <<<<<<< 's_flipper_right_upper_eos' active >>>>>>>
2026-03-03 13:05:58,794 : INFO : EventManager : Event: ======'machine_var_audits_switches_s_flipper_right_upper_eos'====== Args={'value': 560, 'prev_value': 559, 'change': 1}
2026-03-03 13:05:58,944 : INFO : SwitchController : <<<<<<< 's_flipper_right_upper' inactive >>>>>>>
2026-03-03 13:05:59,049 : INFO : SwitchController : <<<<<<< 's_flipper_right_upper_eos' inactive >>>>>>>
2026-03-03 13:06:01,684 : INFO : SwitchController : <<<<<<< 's_flipper_right_upper' active >>>>>>>
2026-03-03 13:06:01,685 : INFO : EventManager : Event: ======'machine_var_audits_switches_s_flipper_right_upper'====== Args={'value': 751, 'prev_value': 750, 'change': 1}
2026-03-03 13:06:01,708 : INFO : SwitchController : <<<<<<< 's_flipper_right_upper_eos' active >>>>>>>
2026-03-03 13:06:01,708 : INFO : EventManager : Event: ======'machine_var_audits_switches_s_flipper_right_upper_eos'====== Args={'value': 561, 'prev_value': 560, 'change': 1}
2026-03-03 13:06:01,782 : INFO : SwitchController : <<<<<<< 's_flipper_right_upper' inactive >>>>>>>
2026-03-03 13:06:01,886 : INFO : SwitchController : <<<<<<< 's_flipper_right_upper_eos' inactive >>>>>>>
2026-03-03 13:06:02,185 : INFO : SwitchController : <<<<<<< 's_flipper_right_upper' active >>>>>>>
2026-03-03 13:06:02,186 : INFO : EventManager : Event: ======'machine_var_audits_switches_s_flipper_right_upper'====== Args={'value': 752, 'prev_value': 751, 'change': 1}
2026-03-03 13:06:02,210 : INFO : SwitchController : <<<<<<< 's_flipper_right_upper_eos' active >>>>>>>
2026-03-03 13:06:02,210 : INFO : EventManager : Event: ======'machine_var_audits_switches_s_flipper_right_upper_eos'====== Args={'value': 562, 'prev_value': 561, 'change': 1}
2026-03-03 13:06:02,289 : INFO : SwitchController : <<<<<<< 's_flipper_right_upper' inactive >>>>>>>
2026-03-03 13:06:02,393 : INFO : SwitchController : <<<<<<< 's_flipper_right_upper_eos' inactive >>>>>>>
2026-03-03 13:06:02,722 : INFO : SwitchController : <<<<<<< 's_flipper_right_upper' active >>>>>>>
2026-03-03 13:06:02,722 : INFO : EventManager : Event: ======'machine_var_audits_switches_s_flipper_right_upper'====== Args={'value': 753, 'prev_value': 752, 'change': 1}
2026-03-03 13:06:02,742 : INFO : SwitchController : <<<<<<< 's_flipper_right_upper_eos' active >>>>>>>
2026-03-03 13:06:02,742 : INFO : EventManager : Event: ======'machine_var_audits_switches_s_flipper_right_upper_eos'====== Args={'value': 563, 'prev_value': 562, 'change': 1}
2026-03-03 13:06:02,760 : INFO : SwitchController : <<<<<<< 's_flipper_right_upper' inactive >>>>>>>
2026-03-03 13:06:02,765 : INFO : SwitchController : <<<<<<< 's_flipper_right_upper' active >>>>>>>
2026-03-03 13:06:02,766 : INFO : EventManager : Event: ======'machine_var_audits_switches_s_flipper_right_upper'====== Args={'value': 754, 'prev_value': 753, 'change': 1}
2026-03-03 13:06:02,780 : INFO : SwitchController : <<<<<<< 's_flipper_right_upper' inactive >>>>>>>
2026-03-03 13:06:02,832 : INFO : SwitchController : <<<<<<< 's_flipper_right_upper' active >>>>>>>
2026-03-03 13:06:02,832 : INFO : EventManager : Event: ======'machine_var_audits_switches_s_flipper_right_upper'====== Args={'value': 755, 'prev_value': 754, 'change': 1}
2026-03-03 13:06:02,913 : INFO : SwitchController : <<<<<<< 's_flipper_right_upper' inactive >>>>>>>
2026-03-03 13:06:03,018 : INFO : SwitchController : <<<<<<< 's_flipper_right_upper_eos' inactive >>>>>>>
2026-03-03 13:06:03,469 : INFO : SwitchController : <<<<<<< 's_flipper_right_upper' active >>>>>>>
2026-03-03 13:06:03,470 : INFO : EventManager : Event: ======'machine_var_audits_switches_s_flipper_right_upper'====== Args={'value': 756, 'prev_value': 755, 'change': 1}
2026-03-03 13:06:03,493 : INFO : SwitchController : <<<<<<< 's_flipper_right_upper_eos' active >>>>>>>
2026-03-03 13:06:03,493 : INFO : EventManager : Event: ======'machine_var_audits_switches_s_flipper_right_upper_eos'====== Args={'value': 564, 'prev_value': 563, 'change': 1}
2026-03-03 13:06:03,594 : INFO : SwitchController : <<<<<<< 's_flipper_right_upper' inactive >>>>>>>
2026-03-03 13:06:03,699 : INFO : SwitchController : <<<<<<< 's_flipper_right_upper_eos' inactive >>>>>>>
2026-03-03 13:06:04,336 : INFO : SwitchController : <<<<<<< 's_flipper_right_upper' active >>>>>>>
2026-03-03 13:06:04,337 : INFO : EventManager : Event: ======'machine_var_audits_switches_s_flipper_right_upper'====== Args={'value': 757, 'prev_value': 756, 'change': 1}
2026-03-03 13:06:04,361 : INFO : SwitchController : <<<<<<< 's_flipper_right_upper_eos' active >>>>>>>
2026-03-03 13:06:04,361 : INFO : EventManager : Event: ======'machine_var_audits_switches_s_flipper_right_upper_eos'====== Args={'value': 565, 'prev_value': 564, 'change': 1}
2026-03-03 13:06:04,417 : INFO : SwitchController : <<<<<<< 's_flipper_right_upper' inactive >>>>>>>
2026-03-03 13:06:04,522 : INFO : SwitchController : <<<<<<< 's_flipper_right_upper_eos' inactive >>>>>>>
2026-03-03 13:06:04,810 : INFO : SwitchController : <<<<<<< 's_flipper_right_lower' active >>>>>>>
2026-03-03 13:06:04,810 : INFO : EventManager : Event: ======'machine_var_audits_switches_s_flipper_right_lower'====== Args={'value': 980, 'prev_value': 979, 'change': 1}
2026-03-03 13:06:04,850 : INFO : SwitchController : <<<<<<< 's_flipper_right_lower_eos' inactive >>>>>>>
2026-03-03 13:06:05,205 : INFO : SwitchController : <<<<<<< 's_flipper_right_lower' inactive >>>>>>>
2026-03-03 13:06:05,206 : INFO : SwitchController : <<<<<<< 's_flipper_right_upper' active >>>>>>>
2026-03-03 13:06:05,206 : INFO : EventManager : Event: ======'machine_var_audits_switches_s_flipper_right_upper'====== Args={'value': 758, 'prev_value': 757, 'change': 1}
2026-03-03 13:06:05,208 : INFO : SwitchController : <<<<<<< 's_flipper_right_lower' active >>>>>>>
2026-03-03 13:06:05,208 : INFO : EventManager : Event: ======'machine_var_audits_switches_s_flipper_right_lower'====== Args={'value': 981, 'prev_value': 980, 'change': 1}
2026-03-03 13:06:05,211 : INFO : SwitchController : <<<<<<< 's_flipper_right_lower' inactive >>>>>>>
2026-03-03 13:06:05,230 : INFO : SwitchController : <<<<<<< 's_flipper_right_upper_eos' active >>>>>>>
2026-03-03 13:06:05,230 : INFO : EventManager : Event: ======'machine_var_audits_switches_s_flipper_right_upper_eos'====== Args={'value': 566, 'prev_value': 565, 'change': 1}
2026-03-03 13:06:05,291 : INFO : SwitchController : <<<<<<< 's_flipper_right_upper' inactive >>>>>>>
2026-03-03 13:06:05,322 : INFO : SwitchController : <<<<<<< 's_flipper_right_lower_eos' active >>>>>>>
2026-03-03 13:06:05,323 : INFO : EventManager : Event: ======'machine_var_audits_switches_s_flipper_right_lower_eos'====== Args={'value': 630, 'prev_value': 629, 'change': 1}
2026-03-03 13:06:05,395 : INFO : SwitchController : <<<<<<< 's_flipper_right_upper_eos' inactive >>>>>>>
2026-03-03 13:06:05,643 : INFO : SwitchController : <<<<<<< 's_flipper_right_upper' active >>>>>>>
2026-03-03 13:06:05,644 : INFO : EventManager : Event: ======'machine_var_audits_switches_s_flipper_right_upper'====== Args={'value': 759, 'prev_value': 758, 'change': 1}
2026-03-03 13:06:05,668 : INFO : SwitchController : <<<<<<< 's_flipper_right_upper_eos' active >>>>>>>
2026-03-03 13:06:05,668 : INFO : EventManager : Event: ======'machine_var_audits_switches_s_flipper_right_upper_eos'====== Args={'value': 567, 'prev_value': 566, 'change': 1}
2026-03-03 13:06:05,755 : INFO : SwitchController : <<<<<<< 's_flipper_right_upper' inactive >>>>>>>
2026-03-03 13:06:05,860 : INFO : SwitchController : <<<<<<< 's_flipper_right_upper_eos' inactive >>>>>>>
2026-03-03 13:06:06,156 : INFO : SwitchController : <<<<<<< 's_flipper_right_upper' active >>>>>>>
2026-03-03 13:06:06,156 : INFO : EventManager : Event: ======'machine_var_audits_switches_s_flipper_right_upper'====== Args={'value': 760, 'prev_value': 759, 'change': 1}
2026-03-03 13:06:06,178 : INFO : SwitchController : <<<<<<< 's_flipper_right_upper_eos' active >>>>>>>
2026-03-03 13:06:06,178 : INFO : EventManager : Event: ======'machine_var_audits_switches_s_flipper_right_upper_eos'====== Args={'value': 568, 'prev_value': 567, 'change': 1}
2026-03-03 13:06:06,266 : INFO : SwitchController : <<<<<<< 's_flipper_right_upper' inactive >>>>>>>
2026-03-03 13:06:06,369 : INFO : SwitchController : <<<<<<< 's_flipper_right_upper_eos' inactive >>>>>>>
2026-03-03 13:06:06,758 : INFO : SwitchController : <<<<<<< 's_flipper_right_upper' active >>>>>>>
2026-03-03 13:06:06,758 : INFO : EventManager : Event: ======'machine_var_audits_switches_s_flipper_right_upper'====== Args={'value': 761, 'prev_value': 760, 'change': 1}
2026-03-03 13:06:06,782 : INFO : SwitchController : <<<<<<< 's_flipper_right_upper_eos' active >>>>>>>
2026-03-03 13:06:06,783 : INFO : EventManager : Event: ======'machine_var_audits_switches_s_flipper_right_upper_eos'====== Args={'value': 569, 'prev_value': 568, 'change': 1}
2026-03-03 13:06:06,858 : INFO : SwitchController : <<<<<<< 's_flipper_right_upper' inactive >>>>>>>
2026-03-03 13:06:06,964 : INFO : SwitchController : <<<<<<< 's_flipper_right_upper_eos' inactive >>>>>>>
2026-03-03 13:06:07,742 : INFO : SwitchController : <<<<<<< 's_flipper_left' active >>>>>>>
2026-03-03 13:06:07,742 : INFO : EventManager : Event: ======'machine_var_audits_switches_s_flipper_left'====== Args={'value': 372, 'prev_value': 371, 'change': 1}
2026-03-03 13:06:07,767 : INFO : SwitchController : <<<<<<< 's_flipper_left_eos' inactive >>>>>>>
2026-03-03 13:06:07,897 : INFO : SwitchController : <<<<<<< 's_flipper_left' inactive >>>>>>>
2026-03-03 13:06:07,987 : INFO : SwitchController : <<<<<<< 's_flipper_left_eos' active >>>>>>>
2026-03-03 13:06:07,987 : INFO : EventManager : Event: ======'machine_var_audits_switches_s_flipper_left_eos'====== Args={'value': 344, 'prev_value': 343, 'change': 1}
2026-03-03 13:06:08,235 : INFO : SwitchController : <<<<<<< 's_flipper_left' active >>>>>>>
2026-03-03 13:06:08,236 : INFO : EventManager : Event: ======'machine_var_audits_switches_s_flipper_left'====== Args={'value': 373, 'prev_value': 372, 'change': 1}
2026-03-03 13:06:08,259 : INFO : SwitchController : <<<<<<< 's_flipper_left_eos' inactive >>>>>>>
2026-03-03 13:06:08,367 : INFO : SwitchController : <<<<<<< 's_flipper_left' inactive >>>>>>>
2026-03-03 13:06:08,455 : INFO : SwitchController : <<<<<<< 's_flipper_left_eos' active >>>>>>>
2026-03-03 13:06:08,455 : INFO : EventManager : Event: ======'machine_var_audits_switches_s_flipper_left_eos'====== Args={'value': 345, 'prev_value': 344, 'change': 1}
2026-03-03 13:06:10,287 : INFO : SwitchController : <<<<<<< 's_flipper_left' active >>>>>>>
2026-03-03 13:06:10,287 : INFO : EventManager : Event: ======'machine_var_audits_switches_s_flipper_left'====== Args={'value': 374, 'prev_value': 373, 'change': 1}
2026-03-03 13:06:10,310 : INFO : SwitchController : <<<<<<< 's_flipper_left_eos' inactive >>>>>>>
2026-03-03 13:06:10,398 : INFO : SwitchController : <<<<<<< 's_flipper_left' inactive >>>>>>>
2026-03-03 13:06:10,489 : INFO : SwitchController : <<<<<<< 's_flipper_left_eos' active >>>>>>>
2026-03-03 13:06:10,490 : INFO : EventManager : Event: ======'machine_var_audits_switches_s_flipper_left_eos'====== Args={'value': 346, 'prev_value': 345, 'change': 1}
2026-03-03 13:06:10,840 : INFO : SwitchController : <<<<<<< 's_flipper_left' active >>>>>>>
2026-03-03 13:06:10,840 : INFO : EventManager : Event: ======'machine_var_audits_switches_s_flipper_left'====== Args={'value': 375, 'prev_value': 374, 'change': 1}
2026-03-03 13:06:10,863 : INFO : SwitchController : <<<<<<< 's_flipper_left_eos' inactive >>>>>>>
2026-03-03 13:06:10,997 : INFO : SwitchController : <<<<<<< 's_flipper_left' inactive >>>>>>>
2026-03-03 13:06:11,075 : INFO : SwitchController : <<<<<<< 's_flipper_left_eos' active >>>>>>>
2026-03-03 13:06:11,075 : INFO : EventManager : Event: ======'machine_var_audits_switches_s_flipper_left_eos'====== Args={'value': 347, 'prev_value': 346, 'change': 1}
2026-03-03 13:06:11,357 : INFO : SwitchController : <<<<<<< 's_flipper_left' active >>>>>>>
2026-03-03 13:06:11,357 : INFO : EventManager : Event: ======'machine_var_audits_switches_s_flipper_left'====== Args={'value': 376, 'prev_value': 375, 'change': 1}
2026-03-03 13:06:11,380 : INFO : SwitchController : <<<<<<< 's_flipper_left_eos' inactive >>>>>>>
2026-03-03 13:06:11,843 : INFO : SwitchController : <<<<<<< 's_flipper_left' inactive >>>>>>>
2026-03-03 13:06:11,931 : INFO : SwitchController : <<<<<<< 's_flipper_left_eos' active >>>>>>>
2026-03-03 13:06:11,931 : INFO : EventManager : Event: ======'machine_var_audits_switches_s_flipper_left_eos'====== Args={'value': 348, 'prev_value': 347, 'change': 1}
2026-03-03 13:06:12,963 : INFO : SwitchController : <<<<<<< 's_flipper_left' active >>>>>>>
2026-03-03 13:06:12,963 : INFO : EventManager : Event: ======'machine_var_audits_switches_s_flipper_left'====== Args={'value': 377, 'prev_value': 376, 'change': 1}
2026-03-03 13:06:12,986 : INFO : SwitchController : <<<<<<< 's_flipper_left_eos' inactive >>>>>>>
2026-03-03 13:06:13,080 : INFO : SwitchController : <<<<<<< 's_flipper_left' inactive >>>>>>>
2026-03-03 13:06:13,170 : INFO : SwitchController : <<<<<<< 's_flipper_left_eos' active >>>>>>>
2026-03-03 13:06:13,170 : INFO : EventManager : Event: ======'machine_var_audits_switches_s_flipper_left_eos'====== Args={'value': 349, 'prev_value': 348, 'change': 1}
2026-03-03 13:06:13,551 : INFO : SwitchController : <<<<<<< 's_flipper_left' active >>>>>>>
2026-03-03 13:06:13,551 : INFO : EventManager : Event: ======'machine_var_audits_switches_s_flipper_left'====== Args={'value': 378, 'prev_value': 377, 'change': 1}
2026-03-03 13:06:13,574 : INFO : SwitchController : <<<<<<< 's_flipper_left_eos' inactive >>>>>>>
2026-03-03 13:06:13,759 : INFO : SwitchController : <<<<<<< 's_flipper_left' inactive >>>>>>>
2026-03-03 13:06:13,850 : INFO : SwitchController : <<<<<<< 's_flipper_left_eos' active >>>>>>>
2026-03-03 13:06:13,850 : INFO : EventManager : Event: ======'machine_var_audits_switches_s_flipper_left_eos'====== Args={'value': 350, 'prev_value': 349, 'change': 1}
2026-03-03 13:06:14,147 : INFO : SwitchController : <<<<<<< 's_flipper_left' active >>>>>>>
2026-03-03 13:06:14,147 : INFO : EventManager : Event: ======'machine_var_audits_switches_s_flipper_left'====== Args={'value': 379, 'prev_value': 378, 'change': 1}
2026-03-03 13:06:14,170 : INFO : SwitchController : <<<<<<< 's_flipper_left_eos' inactive >>>>>>>
2026-03-03 13:06:14,295 : INFO : SwitchController : <<<<<<< 's_flipper_left' inactive >>>>>>>
2026-03-03 13:06:14,385 : INFO : SwitchController : <<<<<<< 's_flipper_left_eos' active >>>>>>>
2026-03-03 13:06:14,385 : INFO : EventManager : Event: ======'machine_var_audits_switches_s_flipper_left_eos'====== Args={'value': 351, 'prev_value': 350, 'change': 1}
2026-03-03 13:06:25,217 : INFO : Machine : Shutting down...
2026-03-03 13:06:25,217 : INFO : EventManager : Event: ======'shutdown'====== Args={}
2026-03-03 13:06:25,222 : INFO : EventManager : Event: ======'mode_game_will_stop'====== Args={}
2026-03-03 13:06:25,222 : INFO : EventManager : Event: ======'mode_game_stopping'====== Args={}
2026-03-03 13:06:25,223 : INFO : EventManager : Event: ======'mode_bumpers_will_stop'====== Args={}
2026-03-03 13:06:25,223 : INFO : EventManager : Event: ======'mode_bumpers_stopping'====== Args={}
2026-03-03 13:06:25,223 : INFO : EventManager : Event: ======'mode_base_will_stop'====== Args={}
2026-03-03 13:06:25,223 : INFO : EventManager : Event: ======'mode_base_stopping'====== Args={}
2026-03-03 13:06:25,223 : INFO : EventManager : Event: ======'stop_mode_bumpers'====== Args={'priority': 0}
2026-03-03 13:06:25,223 : INFO : Mode.base : Stopped.
2026-03-03 13:06:25,223 : INFO : EventManager : Event: ======'modes_active_modes_changed'====== Args={}
2026-03-03 13:06:25,224 : INFO : EventManager : Event: ======'mode_base_stopped'====== Args={}
2026-03-03 13:06:25,224 : INFO : EventManager : Event: ======'clear'====== Args={'key': 'base'}
2026-03-03 13:06:25,224 : INFO : Mode.bumpers : Stopped.
2026-03-03 13:06:25,224 : INFO : EventManager : Event: ======'modes_active_modes_changed'====== Args={}
2026-03-03 13:06:25,224 : INFO : EventManager : Event: ======'mode_bumpers_stopped'====== Args={}
2026-03-03 13:06:25,224 : INFO : EventManager : Event: ======'clear'====== Args={'key': 'bumpers'}
2026-03-03 13:06:25,225 : INFO : Mode.game : Stopped.
2026-03-03 13:06:25,225 : INFO : EventManager : Event: ======'modes_active_modes_changed'====== Args={}
2026-03-03 13:06:25,225 : INFO : EventManager : Event: ======'mode_game_stopped'====== Args={}
2026-03-03 13:06:25,225 : INFO : EventManager : Event: ======'clear'====== Args={'key': 'game'}
2026-03-03 13:06:25,331 : INFO : root : MPF run loop ended.
