2026-03-03 13:37:15,747 : INFO : root : Loading config.
2026-03-03 13:37:16,115 : INFO : ConfigProcessor : Config spec file cache created: /var/folders/1s/015t8n3n70gcr2ch4xflj4yr0000gn/T/config_spec.mpf_cache
2026-03-03 13:37:16,116 : INFO : YamlMultifileConfigLoader : Machine config file #1: config.yaml
2026-03-03 13:37:16,116 : INFO : ConfigProcessor : Loading config from cache: /var/folders/1s/015t8n3n70gcr2ch4xflj4yr0000gn/T/954ddabc670342668a09b03520c7eb79.mpf_cache
2026-03-03 13:37:16,117 : WARNING : ConfigProcessor : Config file in cache changed: /Users/pinball/NapoleonDynamite/config/config_switches.yaml
2026-03-03 13:37:16,117 : INFO : ConfigProcessor : Loading config from file /Users/pinball/mpf/lib/python3.14/site-packages/mpf/mpfconfig.yaml.
2026-03-03 13:37:16,198 : INFO : ConfigProcessor : Loading config: /Users/pinball/mpf/lib/python3.14/site-packages/mpf/mpfconfig.yaml
2026-03-03 13:37:16,199 : INFO : ConfigProcessor : Loading config from file /Users/pinball/NapoleonDynamite/config/config.yaml.
2026-03-03 13:37:16,212 : INFO : ConfigProcessor : Loading config: /Users/pinball/NapoleonDynamite/config/config.yaml
2026-03-03 13:37:16,217 : INFO : ConfigProcessor : Loading config: /Users/pinball/NapoleonDynamite/config/config_ball_devices.yaml
2026-03-03 13:37:16,226 : INFO : ConfigProcessor : Loading config: /Users/pinball/NapoleonDynamite/config/config_coils.yaml
2026-03-03 13:37:16,238 : INFO : ConfigProcessor : Loading config: /Users/pinball/NapoleonDynamite/config/config_switches.yaml
2026-03-03 13:37:16,240 : INFO : ConfigProcessor : Config file cache created: /var/folders/1s/015t8n3n70gcr2ch4xflj4yr0000gn/T/954ddabc670342668a09b03520c7eb79.mpf_cache
2026-03-03 13:37:16,338 : INFO : ConfigProcessor : Loading config from cache: /var/folders/1s/015t8n3n70gcr2ch4xflj4yr0000gn/T/64218df07edc412f774c53ffb33c812d.mpf_cache
2026-03-03 13:37:16,338 : INFO : ConfigProcessor : Loading config from cache: /var/folders/1s/015t8n3n70gcr2ch4xflj4yr0000gn/T/767518d75df2d86a4d35c1fb94c70abd.mpf_cache
2026-03-03 13:37:16,339 : INFO : ConfigProcessor : Loading config from cache: /var/folders/1s/015t8n3n70gcr2ch4xflj4yr0000gn/T/64218df07edc412f774c53ffb33c812d.mpf_cache
2026-03-03 13:37:16,340 : WARNING : ConfigProcessor : Config file in cache changed: /Users/pinball/NapoleonDynamite/modes/base/config/base.yaml
2026-03-03 13:37:16,340 : INFO : ConfigProcessor : Loading config from file /Users/pinball/NapoleonDynamite/modes/base/config/base.yaml.
2026-03-03 13:37:16,344 : INFO : ConfigProcessor : Loading config: /Users/pinball/NapoleonDynamite/modes/base/config/base.yaml
2026-03-03 13:37:16,345 : INFO : ConfigProcessor : Config file cache created: /var/folders/1s/015t8n3n70gcr2ch4xflj4yr0000gn/T/73548cb541cc3751ae5711fe0817282a.mpf_cache
2026-03-03 13:37:16,345 : INFO : ConfigProcessor : Loading config from cache: /var/folders/1s/015t8n3n70gcr2ch4xflj4yr0000gn/T/57f006170cd447d443f971cd8b826597.mpf_cache
2026-03-03 13:37:16,346 : INFO : Machine : Mission Pinball Framework Core Engine v0.80.0.dev13
2026-03-03 13:37:16,346 : INFO : Machine : Command line arguments: {'no_load_cache': False, 'create_config_cache': True, 'bcp': True, 'configfile': ['config.yaml'], 'force_assets_load': False, 'platform_integration_test': False, 'jsonlogging': False, 'logfile': 'logs/2026-03-03-13-37-15-mpf-ANDREs-Mac-mini.local.log', 'pause': False, 'production': False, 'text_ui': True, 'loglevel': 15, 'consoleloglevel': 20, 'force_platform': None, 'syslog_address': None, 'full_logfile_path': '/Users/pinball/NapoleonDynamite/logs/2026-03-03-13-37-15-mpf-ANDREs-Mac-mini.local.log'}
2026-03-03 13:37:16,346 : INFO : Machine : MPF path: /Users/pinball/mpf/lib/python3.14/site-packages/mpf
2026-03-03 13:37:16,346 : INFO : Machine : Machine path: /Users/pinball/NapoleonDynamite
2026-03-03 13:37:16,346 : INFO : Machine : Platform: darwin
2026-03-03 13:37:16,346 : INFO : Machine : Python executable location: /Users/pinball/mpf/bin/python3.14
2026-03-03 13:37:16,346 : INFO : Machine : Python version: 3.14.3 (64-bit)
2026-03-03 13:37:16,348 : INFO : Machine : Initializing MPF...
2026-03-03 13:37:16,506 : INFO : FAST : Auto-detecting ports for the following connections: ['net', 'exp']
2026-03-03 13:37:16,529 : INFO : FAST : Detected NET on port /dev/cu.usbmodem14101
2026-03-03 13:37:17,532 : INFO : FAST : Detected EXP on port /dev/cu.usbmodem14103
2026-03-03 13:37:17,636 : INFO : FAST [NET] : Trying to connect to /dev/cu.usbmodem14101 at 921600bps
2026-03-03 13:37:17,642 : INFO : FAST [NET] : Connected to /dev/cu.usbmodem14101 at 921600bps
2026-03-03 13:37:17,644 : INFO : FAST [NET] : Connected to FP-CPU-2000 with firmware v02.26
2026-03-03 13:37:17,646 : INFO : FAST [NET] : Registered I/O Board 0: Model: FP-I/O-0024, Firmware: 01.10, Switches: 24, Drivers: 8
2026-03-03 13:37:17,648 : INFO : FAST [NET] : Registered I/O Board 1: Model: FP-I/O-3208, Firmware: 01.10, Switches: 32, Drivers: 8
2026-03-03 13:37:17,650 : INFO : FAST [NET] : Registered I/O Board 2: Model: FP-I/O-0804, Firmware: 01.10, Switches: 8, Drivers: 4
2026-03-03 13:37:17,652 : INFO : FAST [EXP] : Trying to connect to /dev/cu.usbmodem14103 at 921600bps
2026-03-03 13:37:17,656 : INFO : FAST [EXP] : Connected to /dev/cu.usbmodem14103 at 921600bps
2026-03-03 13:37:17,658 : INFO : FAST [EXP] : Verifying hardware for EXP "neuron" (FP-EXP-2000, @48) with ID string "EXP FP-EXP-2000  0.34", board address 48
2026-03-03 13:37:17,659 : INFO : FAST [EXP] : Verifying hardware for EXP "neuron" (FP-EXP-2000, @48) with ID string "LED FP-BRK-0001  0.8", board address 480
2026-03-03 13:37:17,661 : INFO : EventManager : Event: ======'machine_var_credits_string'====== Args={'value': 'FREE PLAY', 'prev_value': None, 'change': True}
2026-03-03 13:37:17,684 : INFO : EventManager : Event: ======'machine_var_master_volume'====== Args={'value': 0.5, 'prev_value': None, 'change': True}
2026-03-03 13:37:17,684 : INFO : EventManager : Event: ======'machine_var_player1_score'====== Args={'value': 123050, 'prev_value': None, 'change': True}
2026-03-03 13:37:17,684 : INFO : EventManager : Event: ======'machine_var_mpf_version'====== Args={'value': 'Mission Pinball Framework v0.80.0.dev13', 'prev_value': None, 'change': True}
2026-03-03 13:37:17,684 : INFO : EventManager : Event: ======'machine_var_mpf_extended_version'====== Args={'value': 'Mission Pinball Framework v0.80.0.dev13, Config version:6, Show version: 6, BCP version:1.1', 'prev_value': None, 'change': True}
2026-03-03 13:37:17,685 : INFO : EventManager : Event: ======'machine_var_python_version'====== Args={'value': '3.14.3', 'prev_value': None, 'change': True}
2026-03-03 13:37:17,706 : INFO : EventManager : Event: ======'machine_var_platform'====== Args={'value': 'macOS-14.8.4-x86_64-i386-64bit-Mach-O', 'prev_value': None, 'change': True}
2026-03-03 13:37:17,707 : INFO : EventManager : Event: ======'machine_var_platform_system'====== Args={'value': 'Darwin', 'prev_value': None, 'change': True}
2026-03-03 13:37:17,707 : INFO : EventManager : Event: ======'machine_var_platform_release'====== Args={'value': '23.6.0', 'prev_value': None, 'change': True}
2026-03-03 13:37:17,707 : INFO : EventManager : Event: ======'machine_var_platform_version'====== Args={'value': 'Darwin Kernel Version 23.6.0: Mon Jan 19 22:02:22 PST 2026; root:xnu-10063.141.1.710.3~1/RELEASE_X86_64', 'prev_value': None, 'change': True}
2026-03-03 13:37:17,707 : INFO : EventManager : Event: ======'machine_var_platform_machine'====== Args={'value': 'x86_64', 'prev_value': None, 'change': True}
2026-03-03 13:37:17,707 : INFO : EventManager : Event: ======'machine_var_log_file_path'====== Args={'value': '/Users/pinball/NapoleonDynamite/logs/2026-03-03-13-37-15-mpf-ANDREs-Mac-mini.local.log', 'prev_value': None, 'change': True}
2026-03-03 13:37:17,707 : INFO : EventManager : Event: ======'init_phase_1'====== Args={}
2026-03-03 13:37:17,952 : INFO : SwitchController : <<<<<<< 's_flipper_left_eos' active >>>>>>>
2026-03-03 13:37:17,952 : INFO : SwitchController : <<<<<<< 's_flipper_right_lower_eos' active >>>>>>>
2026-03-03 13:37:17,952 : INFO : SwitchController : <<<<<<< 's_trough_1' active >>>>>>>
2026-03-03 13:37:17,952 : INFO : SwitchController : <<<<<<< 's_trough_2' active >>>>>>>
2026-03-03 13:37:17,952 : INFO : SwitchController : <<<<<<< 's_trough_3' active >>>>>>>
2026-03-03 13:37:17,952 : INFO : SwitchController : <<<<<<< 's_trough_4' active >>>>>>>
2026-03-03 13:37:17,952 : INFO : SwitchController : <<<<<<< 's_trough_5' active >>>>>>>
2026-03-03 13:37:17,952 : INFO : SwitchController : <<<<<<< 's_trough_6' active >>>>>>>
2026-03-03 13:37:17,952 : INFO : SwitchController : <<<<<<< 's_bumper_lower' active >>>>>>>
2026-03-03 13:37:17,953 : INFO : SwitchController : <<<<<<< 's_bumper_upper' active >>>>>>>
2026-03-03 13:37:17,985 : INFO : EventManager : Event: ======'init_phase_2'====== Args={}
2026-03-03 13:37:17,985 : INFO : SwitchController : Found active switch: (37, [FAST Platform Interface]) <switch.s_flipper_left_eos>
2026-03-03 13:37:17,986 : INFO : SwitchController : Found active switch: (32, [FAST Platform Interface]) <switch.s_flipper_right_lower_eos>
2026-03-03 13:37:17,986 : INFO : SwitchController : Found active switch: (24, [FAST Platform Interface]) <switch.s_trough_1>
2026-03-03 13:37:17,986 : INFO : SwitchController : Found active switch: (25, [FAST Platform Interface]) <switch.s_trough_2>
2026-03-03 13:37:17,986 : INFO : SwitchController : Found active switch: (26, [FAST Platform Interface]) <switch.s_trough_3>
2026-03-03 13:37:17,986 : INFO : SwitchController : Found active switch: (27, [FAST Platform Interface]) <switch.s_trough_4>
2026-03-03 13:37:17,986 : INFO : SwitchController : Found active switch: (28, [FAST Platform Interface]) <switch.s_trough_5>
2026-03-03 13:37:17,986 : INFO : SwitchController : Found active switch: (29, [FAST Platform Interface]) <switch.s_trough_6>
2026-03-03 13:37:17,986 : INFO : SwitchController : Found active switch: (41, [FAST Platform Interface]) <switch.s_bumper_lower>
2026-03-03 13:37:17,986 : INFO : SwitchController : Found active switch: (42, [FAST Platform Interface]) <switch.s_bumper_upper>
2026-03-03 13:37:17,992 : INFO : EventManager : Event: ======'bcp_connection_attempt'====== Args={'name': 'local_display', 'host': 'localhost', 'port': 5050}
2026-03-03 13:37:17,994 : INFO : BCPClientSocket : Connecting BCP to 'local_display' at localhost:5050...
2026-03-03 13:37:18,003 : INFO : BCPClientSocket : Connected BCP to 'local_display' localhost:5050
2026-03-03 13:37:18,003 : INFO : EventManager : Event: ======'bcp_clients_connected'====== Args={}
2026-03-03 13:37:18,454 : INFO : ball_device.bd_trough : BCH: Initial count: 6
2026-03-03 13:37:18,455 : INFO : ball_device.bd_trough : State: idle
2026-03-03 13:37:18,456 : INFO : ball_device.bd_plunger : BCH: Initial count: 0
2026-03-03 13:37:18,456 : INFO : ball_device.bd_plunger : State: idle
2026-03-03 13:37:18,474 : INFO : EventManager : Event: ======'init_phase_3'====== Args={}
2026-03-03 13:37:18,478 : INFO : EventManager : Event: ======'init_phase_4'====== Args={}
2026-03-03 13:37:18,479 : INFO : BallController : Initial balls found: 6
2026-03-03 13:37:18,481 : INFO : EventManager : Event: ======'machine_var_audits_events_game_ended'====== Args={'value': 8, 'prev_value': None, 'change': True}
2026-03-03 13:37:18,481 : INFO : EventManager : Event: ======'machine_var_audits_events_game_started'====== Args={'value': 14, 'prev_value': None, 'change': True}
2026-03-03 13:37:18,481 : INFO : EventManager : Event: ======'machine_var_audits_missing_switches_s_bumper_lower'====== Args={'value': 14, 'prev_value': None, 'change': True}
2026-03-03 13:37:18,481 : INFO : EventManager : Event: ======'machine_var_audits_missing_switches_s_bumper_upper'====== Args={'value': 9, 'prev_value': None, 'change': True}
2026-03-03 13:37:18,481 : INFO : EventManager : Event: ======'machine_var_audits_missing_switches_s_inlane_right_1'====== Args={'value': 1, 'prev_value': None, 'change': True}
2026-03-03 13:37:18,481 : INFO : EventManager : Event: ======'machine_var_audits_missing_switches_s_sling_left'====== Args={'value': 1, 'prev_value': None, 'change': True}
2026-03-03 13:37:18,481 : INFO : EventManager : Event: ======'machine_var_audits_missing_switches_s_sling_right'====== Args={'value': 1, 'prev_value': None, 'change': True}
2026-03-03 13:37:18,481 : INFO : EventManager : Event: ======'machine_var_audits_missing_switches_s_start'====== Args={'value': 2, 'prev_value': None, 'change': True}
2026-03-03 13:37:18,481 : INFO : EventManager : Event: ======'machine_var_audits_player_score'====== Args={'value': {'average': 16648, 'top': [123050, 15710, 7390, 1700, 1600, 400, 0, 0, 0], 'total': 9}, 'prev_value': None, 'change': True}
2026-03-03 13:37:18,482 : INFO : EventManager : Event: ======'machine_var_audits_shots_shot_inlane_left'====== Args={'value': 25, 'prev_value': None, 'change': True}
2026-03-03 13:37:18,482 : INFO : EventManager : Event: ======'machine_var_audits_shots_shot_inlane_right_1'====== Args={'value': 955, 'prev_value': None, 'change': True}
2026-03-03 13:37:18,482 : INFO : EventManager : Event: ======'machine_var_audits_shots_shot_inlane_right_2'====== Args={'value': 13, 'prev_value': None, 'change': True}
2026-03-03 13:37:18,482 : INFO : EventManager : Event: ======'machine_var_audits_shots_shot_sling_left'====== Args={'value': 556, 'prev_value': None, 'change': True}
2026-03-03 13:37:18,482 : INFO : EventManager : Event: ======'machine_var_audits_shots_shot_sling_right'====== Args={'value': 39, 'prev_value': None, 'change': True}
2026-03-03 13:37:18,482 : INFO : EventManager : Event: ======'machine_var_audits_shots_sling_left'====== Args={'value': 21, 'prev_value': None, 'change': True}
2026-03-03 13:37:18,482 : INFO : EventManager : Event: ======'machine_var_audits_shots_sling_right'====== Args={'value': 28, 'prev_value': None, 'change': True}
2026-03-03 13:37:18,482 : INFO : EventManager : Event: ======'machine_var_audits_switches_s_bumper_lower'====== Args={'value': 0, 'prev_value': None, 'change': True}
2026-03-03 13:37:18,482 : INFO : EventManager : Event: ======'machine_var_audits_switches_s_bumper_upper'====== Args={'value': 6, 'prev_value': None, 'change': True}
2026-03-03 13:37:18,482 : INFO : EventManager : Event: ======'machine_var_audits_switches_s_flipper_left'====== Args={'value': 379, 'prev_value': None, 'change': True}
2026-03-03 13:37:18,482 : INFO : EventManager : Event: ======'machine_var_audits_switches_s_flipper_left_eos'====== Args={'value': 351, 'prev_value': None, 'change': True}
2026-03-03 13:37:18,482 : INFO : EventManager : Event: ======'machine_var_audits_switches_s_flipper_right_lower'====== Args={'value': 981, 'prev_value': None, 'change': True}
2026-03-03 13:37:18,482 : INFO : EventManager : Event: ======'machine_var_audits_switches_s_flipper_right_lower_eos'====== Args={'value': 630, 'prev_value': None, 'change': True}
2026-03-03 13:37:18,483 : INFO : EventManager : Event: ======'machine_var_audits_switches_s_flipper_right_upper'====== Args={'value': 761, 'prev_value': None, 'change': True}
2026-03-03 13:37:18,483 : INFO : EventManager : Event: ======'machine_var_audits_switches_s_flipper_right_upper_eos'====== Args={'value': 569, 'prev_value': None, 'change': True}
2026-03-03 13:37:18,483 : INFO : EventManager : Event: ======'machine_var_audits_switches_s_inlane_left'====== Args={'value': 25, 'prev_value': None, 'change': True}
2026-03-03 13:37:18,483 : INFO : EventManager : Event: ======'machine_var_audits_switches_s_inlane_right_1'====== Args={'value': 1287, 'prev_value': None, 'change': True}
2026-03-03 13:37:18,483 : INFO : EventManager : Event: ======'machine_var_audits_switches_s_inlane_right_2'====== Args={'value': 13, 'prev_value': None, 'change': True}
2026-03-03 13:37:18,483 : INFO : EventManager : Event: ======'machine_var_audits_switches_s_plunger'====== Args={'value': 67, 'prev_value': None, 'change': True}
2026-03-03 13:37:18,483 : INFO : EventManager : Event: ======'machine_var_audits_switches_s_sling_left'====== Args={'value': 579, 'prev_value': None, 'change': True}
2026-03-03 13:37:18,483 : INFO : EventManager : Event: ======'machine_var_audits_switches_s_sling_right'====== Args={'value': 67, 'prev_value': None, 'change': True}
2026-03-03 13:37:18,483 : INFO : EventManager : Event: ======'machine_var_audits_switches_s_start'====== Args={'value': 8, 'prev_value': None, 'change': True}
2026-03-03 13:37:18,483 : INFO : EventManager : Event: ======'machine_var_audits_switches_s_trough_1'====== Args={'value': 48, 'prev_value': None, 'change': True}
2026-03-03 13:37:18,483 : INFO : EventManager : Event: ======'machine_var_audits_switches_s_trough_2'====== Args={'value': 61, 'prev_value': None, 'change': True}
2026-03-03 13:37:18,484 : INFO : EventManager : Event: ======'machine_var_audits_switches_s_trough_3'====== Args={'value': 71, 'prev_value': None, 'change': True}
2026-03-03 13:37:18,484 : INFO : EventManager : Event: ======'machine_var_audits_switches_s_trough_4'====== Args={'value': 81, 'prev_value': None, 'change': True}
2026-03-03 13:37:18,484 : INFO : EventManager : Event: ======'machine_var_audits_switches_s_trough_5'====== Args={'value': 88, 'prev_value': None, 'change': True}
2026-03-03 13:37:18,484 : INFO : EventManager : Event: ======'machine_var_audits_switches_s_trough_6'====== Args={'value': 91, 'prev_value': None, 'change': True}
2026-03-03 13:37:18,484 : INFO : EventManager : Event: ======'machine_var_audits_switches_s_trough_7'====== Args={'value': 55, 'prev_value': None, 'change': True}
2026-03-03 13:37:18,485 : INFO : EventManager : Event: ======'init_phase_5'====== Args={}
2026-03-03 13:37:18,490 : INFO : EventManager : Event: ======'init_done'====== Args={}
2026-03-03 13:37:18,491 : INFO : EventManager : Event: ======'machine_reset_phase_1'====== Args={}
2026-03-03 13:37:18,503 : INFO : EventManager : Event: ======'machine_reset_phase_2'====== Args={}
2026-03-03 13:37:18,504 : INFO : EventManager : Event: ======'machine_reset_phase_3'====== Args={}
2026-03-03 13:37:18,505 : INFO : EventManager : Event: ======'reset_complete'====== Args={}
2026-03-03 13:37:18,505 : INFO : EventManager : Event: ======'mode_attract_will_start'====== Args={}
2026-03-03 13:37:18,505 : INFO : Timer.attract_carousel_timer : Starting Timer.
2026-03-03 13:37:18,505 : INFO : EventManager : Event: ======'timer_attract_carousel_timer_started'====== Args={'ticks': 0, 'ticks_remaining': 1}
2026-03-03 13:37:18,506 : INFO : EventManager : Event: ======'timer_attract_carousel_timer_tick'====== Args={'ticks': 0, 'ticks_remaining': 1}
2026-03-03 13:37:18,507 : INFO : EventManager : Event: ======'mode_attract_starting'====== Args={}
2026-03-03 13:37:18,507 : INFO : Mode.attract : Started. Priority: 10
2026-03-03 13:37:18,507 : INFO : EventManager : Event: ======'modes_active_modes_changed'====== Args={}
2026-03-03 13:37:18,507 : INFO : EventManager : Event: ======'mode_attract_started'====== Args={}
2026-03-03 13:37:18,508 : INFO : EventManager : Event: ======'collecting_balls_complete'====== Args={}
2026-03-03 13:37:18,509 : INFO : EventManager : Event: ======'carousel_item_highlighted'====== Args={'carousel': 'attract', 'direction': None, 'item': 'title'}
2026-03-03 13:37:18,509 : INFO : EventManager : Event: ======'timer_attract_carousel_timer_tick'====== Args={'ticks': 0, 'ticks_remaining': 1}
2026-03-03 13:37:18,510 : INFO : Machine : Starting the main run loop with active modes: [<Mode.attract>]
2026-03-03 13:37:18,719 : INFO : EventManager : Event: ======'slide_attract_created'====== Args={'_from_bcp': True}
2026-03-03 13:37:18,719 : INFO : EventManager : Event: ======'slide__removed'====== Args={'_from_bcp': True}
2026-03-03 13:37:18,719 : INFO : EventManager : Event: ======'slide_attract_active'====== Args={'original_context': 'attract', 'original_calling_context': 'mode_attract_started', 'priority': 10.0, 'cmd': 'slides_play', '_from_bcp': True}
2026-03-03 13:37:23,510 : INFO : Timer.attract_carousel_timer : Timer Complete
2026-03-03 13:37:23,510 : INFO : Timer.attract_carousel_timer : Stopping Timer
2026-03-03 13:37:23,510 : INFO : EventManager : Event: ======'timer_attract_carousel_timer_stopped'====== Args={'ticks': 1, 'ticks_remaining': 1}
2026-03-03 13:37:23,510 : INFO : EventManager : Event: ======'timer_attract_carousel_timer_complete'====== Args={'ticks': 1, 'ticks_remaining': 1}
2026-03-03 13:37:23,511 : INFO : EventManager : Event: ======'carousel_item_highlighted'====== Args={'carousel': 'attract', 'direction': 'forwards', 'item': 'credits'}
2026-03-03 13:37:23,511 : INFO : Timer.attract_carousel_timer : Starting Timer.
2026-03-03 13:37:23,511 : INFO : EventManager : Event: ======'timer_attract_carousel_timer_started'====== Args={'ticks': 0, 'ticks_remaining': 1}
2026-03-03 13:37:23,512 : INFO : EventManager : Event: ======'timer_attract_carousel_timer_tick'====== Args={'ticks': 0, 'ticks_remaining': 1}
2026-03-03 13:37:28,157 : INFO : SwitchController : <<<<<<< 's_start' active >>>>>>>
2026-03-03 13:37:28,239 : INFO : SwitchController : <<<<<<< 's_start' inactive >>>>>>>
2026-03-03 13:37:28,239 : INFO : EventManager : Event: ======'request_to_start_game'====== Args={}
2026-03-03 13:37:28,239 : INFO : EventManager : Event: ======'game_start'====== Args={'buttons': [], 'hold_time': 0.08157598599791527}
2026-03-03 13:37:28,240 : INFO : EventManager : Event: ======'mode_game_will_start'====== Args={'buttons': [], 'hold_time': 0.08157598599791527}
2026-03-03 13:37:28,240 : INFO : EventManager : Event: ======'mode_game_starting'====== Args={'buttons': [], 'hold_time': 0.08157598599791527}
2026-03-03 13:37:28,240 : INFO : EventManager : Event: ======'mode_attract_will_stop'====== Args={}
2026-03-03 13:37:28,240 : INFO : EventManager : Event: ======'mode_attract_stopping'====== Args={}
2026-03-03 13:37:28,241 : INFO : Mode.attract : Stopped.
2026-03-03 13:37:28,241 : INFO : EventManager : Event: ======'modes_active_modes_changed'====== Args={}
2026-03-03 13:37:28,241 : INFO : EventManager : Event: ======'mode_attract_stopped'====== Args={}
2026-03-03 13:37:28,241 : INFO : EventManager : Event: ======'clear'====== Args={'key': 'attract'}
2026-03-03 13:37:28,242 : INFO : Timer.attract_carousel_timer : Stopping Timer
2026-03-03 13:37:28,242 : INFO : EventManager : Event: ======'timer_attract_carousel_timer_stopped'====== Args={'ticks': 0, 'ticks_remaining': 1}
2026-03-03 13:37:28,242 : INFO : Mode.game : Started. Priority: 20
2026-03-03 13:37:28,242 : INFO : EventManager : Event: ======'modes_active_modes_changed'====== Args={}
2026-03-03 13:37:28,242 : INFO : EventManager : Event: ======'mode_game_started'====== Args={'buttons': [], 'hold_time': 0.08157598599791527}
2026-03-03 13:37:28,243 : INFO : EventManager : Event: ======'game_will_start'====== Args={}
2026-03-03 13:37:28,244 : INFO : EventManager : Event: ======'game_starting'====== Args={'game': <Mode.game>}
2026-03-03 13:37:28,245 : INFO : EventManager : Unordered handler for class <Auditor> on event game_ended with priority 1. Handlers: [RegisteredHandler(callback=<bound method Auditor.disable of <Auditor>>, priority=1, kwargs={}, key=UUID('9ef7c806-da9e-4951-92a9-ba1c28b20e21'), condition=None, blocking_facility=None), RegisteredHandler(callback=<bound method Auditor._save_audits of <Auditor>>, priority=1, kwargs={}, key=UUID('90a008b2-d336-4b72-9633-0f42a6db92a3'), condition=None, blocking_facility=None)]. The order of those handlers is not defined and they will be executed in random order. This might lead to race conditions and potential bugs.
2026-03-03 13:37:28,245 : INFO : EventManager : Event: ======'player_add_request'====== Args={}
2026-03-03 13:37:28,245 : INFO : EventManager : Event: ======'player_will_add'====== Args={'number': 1}
2026-03-03 13:37:28,245 : INFO : EventManager : Event: ======'player_adding'====== Args={'player': <Player 1>, 'number': 1}
2026-03-03 13:37:28,245 : INFO : EventManager : Event: ======'player_added'====== Args={'player': <Player 1>, 'num': 1}
2026-03-03 13:37:28,245 : INFO : Mode.game : Player added successfully. Total players: 1
2026-03-03 13:37:28,246 : INFO : EventManager : Event: ======'player_index'====== Args={'value': 0, 'prev_value': 0, 'change': 0, 'player_num': 1}
2026-03-03 13:37:28,246 : INFO : EventManager : Event: ======'player_number'====== Args={'value': 1, 'prev_value': 1, 'change': 0, 'player_num': 1}
2026-03-03 13:37:28,246 : INFO : EventManager : Event: ======'player_score'====== Args={'value': 0, 'prev_value': 0, 'change': 0, 'player_num': 1}
2026-03-03 13:37:28,247 : INFO : EventManager : Event: ======'game_started'====== Args={}
2026-03-03 13:37:28,248 : INFO : EventManager : Event: ======'player_turn_will_start'====== Args={'player': <Player 1>, 'number': 1}
2026-03-03 13:37:28,248 : INFO : EventManager : Event: ======'player_turn_starting'====== Args={'player': <Player 1>, 'number': 1}
2026-03-03 13:37:28,265 : INFO : EventManager : Event: ======'player_ball'====== Args={'value': 1, 'prev_value': 0, 'change': 1, 'player_num': 1}
2026-03-03 13:37:28,266 : INFO : EventManager : Event: ======'player_turn_started'====== Args={'player': <Player 1>, 'number': 1}
2026-03-03 13:37:28,267 : INFO : EventManager : Event: ======'ball_will_start'====== Args={'player': 1, 'ball': 1, 'balls_remaining': 2, 'is_extra_ball': False}
2026-03-03 13:37:28,267 : INFO : EventManager : Event: ======'ball_starting'====== Args={'player': 1, 'ball': 1, 'balls_remaining': 2, 'is_extra_ball': False}
2026-03-03 13:37:28,268 : INFO : EventManager : Event: ======'mode_base_will_start'====== Args={'queue': <QueuedEvent>, 'player': 1, 'ball': 1, 'balls_remaining': 2, 'is_extra_ball': False}
2026-03-03 13:37:28,269 : INFO : EventManager : Event: ======'mode_base_starting'====== Args={'queue': <QueuedEvent>, 'player': 1, 'ball': 1, 'balls_remaining': 2, 'is_extra_ball': False}
2026-03-03 13:37:28,269 : INFO : Mode.base : Started. Priority: 100
2026-03-03 13:37:28,269 : INFO : EventManager : Event: ======'modes_active_modes_changed'====== Args={}
2026-03-03 13:37:28,269 : INFO : EventManager : Event: ======'mode_base_started'====== Args={'queue': <QueuedEvent>, 'player': 1, 'ball': 1, 'balls_remaining': 2, 'is_extra_ball': False}
2026-03-03 13:37:28,269 : INFO : EventManager : Event: ======'start_mode_bumpers'====== Args={'priority': 0}
2026-03-03 13:37:28,271 : INFO : EventManager : Event: ======'mode_bumpers_will_start'====== Args={'priority': 0}
2026-03-03 13:37:28,271 : INFO : EventManager : Event: ======'player_shot_shot_sling_left_enabled'====== Args={'value': True, 'prev_value': 0, 'change': 1, 'player_num': 1}
2026-03-03 13:37:28,271 : INFO : EventManager : Event: ======'player_shot_shot_sling_right_enabled'====== Args={'value': True, 'prev_value': 0, 'change': 1, 'player_num': 1}
2026-03-03 13:37:28,272 : INFO : EventManager : Event: ======'player_shot_shot_bumper_lower_enabled'====== Args={'value': True, 'prev_value': 0, 'change': 1, 'player_num': 1}
2026-03-03 13:37:28,272 : INFO : EventManager : Event: ======'player_shot_shot_bumper_upper_enabled'====== Args={'value': True, 'prev_value': 0, 'change': 1, 'player_num': 1}
2026-03-03 13:37:28,273 : INFO : EventManager : Event: ======'player_shot_shot_inlane_left_enabled'====== Args={'value': True, 'prev_value': 0, 'change': 1, 'player_num': 1}
2026-03-03 13:37:28,273 : INFO : EventManager : Event: ======'player_shot_shot_inlane_right_1_enabled'====== Args={'value': True, 'prev_value': 0, 'change': 1, 'player_num': 1}
2026-03-03 13:37:28,273 : INFO : EventManager : Event: ======'player_shot_shot_inlane_right_2_enabled'====== Args={'value': True, 'prev_value': 0, 'change': 1, 'player_num': 1}
2026-03-03 13:37:28,274 : INFO : EventManager : Event: ======'slings_complete'====== Args={'state': 'unlit'}
2026-03-03 13:37:28,274 : INFO : EventManager : Event: ======'slings_unlit_complete'====== Args={}
2026-03-03 13:37:28,274 : INFO : EventManager : Event: ======'bumpers_complete'====== Args={'state': 'unlit'}
2026-03-03 13:37:28,274 : INFO : EventManager : Event: ======'bumpers_unlit_complete'====== Args={}
2026-03-03 13:37:28,275 : INFO : EventManager : Event: ======'inlanes_complete'====== Args={'state': 'unlit'}
2026-03-03 13:37:28,275 : INFO : EventManager : Event: ======'inlanes_unlit_complete'====== Args={}
2026-03-03 13:37:28,277 : INFO : EventManager : Event: ======'mode_bumpers_starting'====== Args={'priority': 0}
2026-03-03 13:37:28,277 : INFO : Mode.bumpers : Started. Priority: 200
2026-03-03 13:37:28,277 : INFO : EventManager : Event: ======'modes_active_modes_changed'====== Args={}
2026-03-03 13:37:28,277 : INFO : EventManager : Event: ======'mode_bumpers_started'====== Args={'priority': 0}
2026-03-03 13:37:28,277 : INFO : EventManager : Event: ======'balls_in_play'====== Args={'balls': 1}
2026-03-03 13:37:28,277 : INFO : EventManager : Event: ======'ball_started'====== Args={'player': 1, 'ball': 1, 'balls_remaining': 2, 'is_extra_ball': False}
2026-03-03 13:37:28,282 : INFO : EventManager : Event: ======'single_player_ball_started'====== Args={}
2026-03-03 13:37:28,283 : INFO : EventManager : Event: ======'ball_start_target'====== Args={'target': 'playfield'}
2026-03-03 13:37:28,284 : INFO : ball_device.bd_plunger : Setting up player-controlled eject. Balls: 1, Target: <playfield.playfield>, player_controlled_eject_event: None
2026-03-03 13:37:28,284 : INFO : EventManager : Event: ======'balldevice_balls_available'====== Args={}
2026-03-03 13:37:28,285 : INFO : ball_device.bd_trough : State: waiting_for_target_ready
2026-03-03 13:37:28,285 : INFO : EventManager : Event: ======'balldevice_bd_trough_ball_eject_attempt'====== Args={'balls': 1, 'target': <ball_device.bd_plunger>, 'source': <ball_device.bd_trough>, 'mechanical_eject': True, 'num_attempts': 0}
2026-03-03 13:37:28,285 : INFO : ball_device.bd_plunger : State: waiting_for_ball
2026-03-03 13:37:28,286 : INFO : ball_device.bd_trough : State: ejecting
2026-03-03 13:37:28,286 : INFO : ball_device.bd_trough : Ejecting ball to <ball_device.bd_plunger>
2026-03-03 13:37:28,286 : INFO : EventManager : Event: ======'balldevice_bd_trough_ejecting_ball'====== Args={'balls': 1, 'target': <ball_device.bd_plunger>, 'source': <ball_device.bd_trough>, 'mechanical_eject': True, 'num_attempts': 0}
2026-03-03 13:37:28,287 : INFO : ball_device.bd_trough : Wait for ball to leave device
2026-03-03 13:37:28,288 : INFO : coil.c_trough_eject : Pulsing Driver for 20ms (1.0 pulse_power)
2026-03-03 13:37:28,314 : INFO : SwitchController : <<<<<<< 's_trough_1' inactive >>>>>>>
2026-03-03 13:37:28,315 : INFO : SwitchController : <<<<<<< 's_trough_7' active >>>>>>>
2026-03-03 13:37:28,315 : INFO : EventManager : Event: ======'machine_var_audits_switches_s_trough_7'====== Args={'value': 56, 'prev_value': 55, 'change': 1}
2026-03-03 13:37:28,316 : INFO : ball_device.bd_trough : State: ball_left
2026-03-03 13:37:28,316 : INFO : ball_device.bd_trough : Ball left
2026-03-03 13:37:28,316 : INFO : ball_device.bd_trough : Wait for confirm with timeout 3.0
2026-03-03 13:37:28,323 : INFO : EventManager : Event: ======'slide_base_slide_created'====== Args={'_from_bcp': True}
2026-03-03 13:37:28,324 : INFO : EventManager : Event: ======'slide_attract_inactive'====== Args={'is_removing': True, '_from_bcp': True}
2026-03-03 13:37:28,324 : INFO : EventManager : Event: ======'slide_base_slide_active'====== Args={'original_context': 'base', 'original_calling_context': 'mode_base_started', 'priority': 100.0, 'queue': '<QueuedEvent>', 'player': 1.0, 'ball': 1.0, 'balls_remaining': 2.0, 'is_extra_ball': False, 'cmd': 'slides_play', '_from_bcp': True}
2026-03-03 13:37:28,324 : INFO : EventManager : Event: ======'slide_attract_removed'====== Args={'_from_bcp': True}
2026-03-03 13:37:28,330 : INFO : SwitchController : <<<<<<< 's_trough_7' inactive >>>>>>>
2026-03-03 13:37:28,467 : INFO : SwitchController : <<<<<<< 's_plunger' active >>>>>>>
2026-03-03 13:37:28,468 : INFO : EventManager : Event: ======'machine_var_audits_switches_s_plunger'====== Args={'value': 68, 'prev_value': 67, 'change': 1}
2026-03-03 13:37:28,531 : INFO : SwitchController : <<<<<<< 's_trough_4' inactive >>>>>>>
2026-03-03 13:37:28,533 : INFO : SwitchController : <<<<<<< 's_trough_3' inactive >>>>>>>
2026-03-03 13:37:28,534 : INFO : SwitchController : <<<<<<< 's_trough_2' inactive >>>>>>>
2026-03-03 13:37:28,534 : INFO : SwitchController : <<<<<<< 's_trough_5' inactive >>>>>>>
2026-03-03 13:37:28,534 : INFO : SwitchController : <<<<<<< 's_trough_6' inactive >>>>>>>
2026-03-03 13:37:28,551 : INFO : SwitchController : <<<<<<< 's_trough_1' active >>>>>>>
2026-03-03 13:37:28,551 : INFO : EventManager : Event: ======'machine_var_audits_switches_s_trough_1'====== Args={'value': 49, 'prev_value': 48, 'change': 1}
2026-03-03 13:37:28,554 : INFO : SwitchController : <<<<<<< 's_trough_3' active >>>>>>>
2026-03-03 13:37:28,554 : INFO : EventManager : Event: ======'machine_var_audits_switches_s_trough_3'====== Args={'value': 72, 'prev_value': 71, 'change': 1}
2026-03-03 13:37:28,555 : INFO : SwitchController : <<<<<<< 's_trough_2' active >>>>>>>
2026-03-03 13:37:28,555 : INFO : EventManager : Event: ======'machine_var_audits_switches_s_trough_2'====== Args={'value': 62, 'prev_value': 61, 'change': 1}
2026-03-03 13:37:28,555 : INFO : SwitchController : <<<<<<< 's_trough_4' active >>>>>>>
2026-03-03 13:37:28,556 : INFO : EventManager : Event: ======'machine_var_audits_switches_s_trough_4'====== Args={'value': 82, 'prev_value': 81, 'change': 1}
2026-03-03 13:37:28,556 : INFO : SwitchController : <<<<<<< 's_trough_5' active >>>>>>>
2026-03-03 13:37:28,556 : INFO : EventManager : Event: ======'machine_var_audits_switches_s_trough_5'====== Args={'value': 89, 'prev_value': 88, 'change': 1}
2026-03-03 13:37:28,935 : INFO : SwitchController : <<<<<<< 's_flipper_right_upper' active >>>>>>>
2026-03-03 13:37:28,935 : INFO : EventManager : Event: ======'machine_var_audits_switches_s_flipper_right_upper'====== Args={'value': 762, 'prev_value': 761, 'change': 1}
2026-03-03 13:37:28,957 : INFO : SwitchController : <<<<<<< 's_flipper_right_upper_eos' active >>>>>>>
2026-03-03 13:37:28,957 : INFO : EventManager : Event: ======'machine_var_audits_switches_s_flipper_right_upper_eos'====== Args={'value': 570, 'prev_value': 569, 'change': 1}
2026-03-03 13:37:28,973 : INFO : ball_device.bd_plunger : Received ball from <ball_device.bd_trough>
2026-03-03 13:37:28,973 : INFO : EventManager : Event: ======'balldevice_bd_plunger_ball_enter'====== Args={'new_balls': 1, 'unclaimed_balls': 0, 'new_available_balls': 0, 'device': <ball_device.bd_plunger>}
2026-03-03 13:37:28,974 : INFO : EventManager : Event: ======'balldevice_bd_plunger_ball_entered'====== Args={'new_balls': 0, 'device': <ball_device.bd_plunger>}
2026-03-03 13:37:28,974 : INFO : EventManager : Event: ======'balldevice_bd_plunger_ball_count_changed'====== Args={'balls': 1}
2026-03-03 13:37:28,974 : INFO : ball_device.bd_trough : Got eject confirm
2026-03-03 13:37:28,975 : INFO : ball_device.bd_trough : Eject successful
2026-03-03 13:37:28,975 : INFO : EventManager : Event: ======'balldevice_bd_trough_ball_eject_success'====== Args={'balls': 1, 'target': <ball_device.bd_plunger>}
2026-03-03 13:37:28,975 : INFO : ball_device.bd_plunger : State: waiting_for_target_ready
2026-03-03 13:37:28,975 : INFO : EventManager : Event: ======'balldevice_bd_plunger_ball_eject_attempt'====== Args={'balls': 1, 'target': <playfield.playfield>, 'source': <ball_device.bd_plunger>, 'mechanical_eject': True, 'num_attempts': 0}
2026-03-03 13:37:28,976 : INFO : EventManager : Event: ======'balldevice_bd_trough_ball_count_changed'====== Args={'balls': 5}
2026-03-03 13:37:28,976 : INFO : ball_device.bd_trough : State: idle
2026-03-03 13:37:28,976 : INFO : ball_device.bd_plunger : State: ejecting
2026-03-03 13:37:28,976 : INFO : ball_device.bd_plunger : Ejecting ball to <playfield.playfield>
2026-03-03 13:37:28,977 : INFO : EventManager : Event: ======'balldevice_bd_plunger_ejecting_ball'====== Args={'balls': 1, 'target': <playfield.playfield>, 'source': <ball_device.bd_plunger>, 'mechanical_eject': True, 'num_attempts': 0}
2026-03-03 13:37:28,977 : INFO : ball_device.bd_plunger : Wait for ball to leave device
2026-03-03 13:37:29,016 : INFO : SwitchController : <<<<<<< 's_flipper_right_upper' inactive >>>>>>>
2026-03-03 13:37:29,117 : INFO : SwitchController : <<<<<<< 's_flipper_right_upper_eos' inactive >>>>>>>
2026-03-03 13:37:29,299 : INFO : SwitchController : <<<<<<< 's_flipper_right_upper' active >>>>>>>
2026-03-03 13:37:29,300 : INFO : EventManager : Event: ======'machine_var_audits_switches_s_flipper_right_upper'====== Args={'value': 763, 'prev_value': 762, 'change': 1}
2026-03-03 13:37:29,322 : INFO : SwitchController : <<<<<<< 's_flipper_right_upper_eos' active >>>>>>>
2026-03-03 13:37:29,323 : INFO : EventManager : Event: ======'machine_var_audits_switches_s_flipper_right_upper_eos'====== Args={'value': 571, 'prev_value': 570, 'change': 1}
2026-03-03 13:37:29,406 : INFO : SwitchController : <<<<<<< 's_flipper_right_upper' inactive >>>>>>>
2026-03-03 13:37:29,508 : INFO : SwitchController : <<<<<<< 's_flipper_right_upper_eos' inactive >>>>>>>
2026-03-03 13:37:29,781 : INFO : SwitchController : <<<<<<< 's_flipper_right_upper' active >>>>>>>
2026-03-03 13:37:29,781 : INFO : EventManager : Event: ======'machine_var_audits_switches_s_flipper_right_upper'====== Args={'value': 764, 'prev_value': 763, 'change': 1}
2026-03-03 13:37:29,803 : INFO : SwitchController : <<<<<<< 's_flipper_right_upper_eos' active >>>>>>>
2026-03-03 13:37:29,803 : INFO : EventManager : Event: ======'machine_var_audits_switches_s_flipper_right_upper_eos'====== Args={'value': 572, 'prev_value': 571, 'change': 1}
2026-03-03 13:37:29,927 : INFO : SwitchController : <<<<<<< 's_flipper_right_upper' inactive >>>>>>>
2026-03-03 13:37:30,028 : INFO : SwitchController : <<<<<<< 's_flipper_right_upper_eos' inactive >>>>>>>
2026-03-03 13:37:38,541 : INFO : SwitchController : <<<<<<< 's_plunger' inactive >>>>>>>
2026-03-03 13:37:38,541 : INFO : ball_device.bd_plunger : State: ball_left
2026-03-03 13:37:38,542 : INFO : ball_device.bd_plunger : Ball left
2026-03-03 13:37:38,542 : INFO : ball_device.bd_plunger : Wait for confirm with timeout 5.0
2026-03-03 13:37:43,543 : INFO : ball_device.bd_plunger : State: failed_confirm
2026-03-03 13:37:43,543 : INFO : ball_device.bd_plunger : Got timeout (5.0s) before confirm from <playfield.playfield>
2026-03-03 13:37:43,643 : INFO : ball_device.bd_plunger : Confirming eject because target is playfield and ball did not return.
2026-03-03 13:37:43,644 : INFO : ball_device.bd_plunger : Eject successful
2026-03-03 13:37:43,644 : INFO : EventManager : Event: ======'balldevice_bd_plunger_ball_eject_success'====== Args={'balls': 1, 'target': <playfield.playfield>}
2026-03-03 13:37:43,644 : INFO : EventManager : Event: ======'balldevice_playfield_ball_enter'====== Args={'new_balls': 1, 'unclaimed_balls': 1, 'device': <playfield.playfield>}
2026-03-03 13:37:43,644 : INFO : EventManager : Event: ======'playfield_ball_count_change'====== Args={'balls': 1, 'change': 1}
2026-03-03 13:37:43,644 : INFO : EventManager : Event: ======'balldevice_bd_plunger_ball_count_changed'====== Args={'balls': 0}
2026-03-03 13:37:43,644 : INFO : ball_device.bd_plunger : State: idle
2026-03-03 13:38:18,938 : INFO : SwitchController : <<<<<<< 's_flipper_right_upper' active >>>>>>>
2026-03-03 13:38:18,938 : INFO : EventManager : Event: ======'machine_var_audits_switches_s_flipper_right_upper'====== Args={'value': 765, 'prev_value': 764, 'change': 1}
2026-03-03 13:38:18,961 : INFO : SwitchController : <<<<<<< 's_flipper_right_upper_eos' active >>>>>>>
2026-03-03 13:38:18,962 : INFO : EventManager : Event: ======'machine_var_audits_switches_s_flipper_right_upper_eos'====== Args={'value': 573, 'prev_value': 572, 'change': 1}
2026-03-03 13:38:19,190 : INFO : SwitchController : <<<<<<< 's_flipper_right_upper' inactive >>>>>>>
2026-03-03 13:38:19,299 : INFO : SwitchController : <<<<<<< 's_flipper_right_upper_eos' inactive >>>>>>>
2026-03-03 13:38:19,582 : INFO : SwitchController : <<<<<<< 's_flipper_right_upper' active >>>>>>>
2026-03-03 13:38:19,582 : INFO : EventManager : Event: ======'machine_var_audits_switches_s_flipper_right_upper'====== Args={'value': 766, 'prev_value': 765, 'change': 1}
2026-03-03 13:38:19,605 : INFO : SwitchController : <<<<<<< 's_flipper_right_upper_eos' active >>>>>>>
2026-03-03 13:38:19,605 : INFO : EventManager : Event: ======'machine_var_audits_switches_s_flipper_right_upper_eos'====== Args={'value': 574, 'prev_value': 573, 'change': 1}
2026-03-03 13:38:19,704 : INFO : SwitchController : <<<<<<< 's_flipper_right_upper' inactive >>>>>>>
2026-03-03 13:38:19,811 : INFO : SwitchController : <<<<<<< 's_flipper_right_upper_eos' inactive >>>>>>>
2026-03-03 13:38:20,084 : INFO : SwitchController : <<<<<<< 's_flipper_right_upper' active >>>>>>>
2026-03-03 13:38:20,084 : INFO : EventManager : Event: ======'machine_var_audits_switches_s_flipper_right_upper'====== Args={'value': 767, 'prev_value': 766, 'change': 1}
2026-03-03 13:38:20,108 : INFO : SwitchController : <<<<<<< 's_flipper_right_upper_eos' active >>>>>>>
2026-03-03 13:38:20,109 : INFO : EventManager : Event: ======'machine_var_audits_switches_s_flipper_right_upper_eos'====== Args={'value': 575, 'prev_value': 574, 'change': 1}
2026-03-03 13:38:20,521 : INFO : SwitchController : <<<<<<< 's_flipper_right_upper' inactive >>>>>>>
2026-03-03 13:38:20,631 : INFO : SwitchController : <<<<<<< 's_flipper_right_upper_eos' inactive >>>>>>>
2026-03-03 13:40:13,100 : INFO : SwitchController : <<<<<<< 's_flipper_left' active >>>>>>>
2026-03-03 13:40:13,100 : INFO : EventManager : Event: ======'machine_var_audits_switches_s_flipper_left'====== Args={'value': 380, 'prev_value': 379, 'change': 1}
2026-03-03 13:40:13,123 : INFO : SwitchController : <<<<<<< 's_flipper_left_eos' inactive >>>>>>>
2026-03-03 13:40:13,249 : INFO : SwitchController : <<<<<<< 's_flipper_left' inactive >>>>>>>
2026-03-03 13:40:13,338 : INFO : SwitchController : <<<<<<< 's_flipper_left_eos' active >>>>>>>
2026-03-03 13:40:13,338 : INFO : EventManager : Event: ======'machine_var_audits_switches_s_flipper_left_eos'====== Args={'value': 352, 'prev_value': 351, 'change': 1}
2026-03-03 13:40:13,637 : INFO : SwitchController : <<<<<<< 's_flipper_left' active >>>>>>>
2026-03-03 13:40:13,637 : INFO : EventManager : Event: ======'machine_var_audits_switches_s_flipper_left'====== Args={'value': 381, 'prev_value': 380, 'change': 1}
2026-03-03 13:40:13,660 : INFO : SwitchController : <<<<<<< 's_flipper_left_eos' inactive >>>>>>>
2026-03-03 13:40:13,806 : INFO : SwitchController : <<<<<<< 's_flipper_left' inactive >>>>>>>
2026-03-03 13:40:13,897 : INFO : SwitchController : <<<<<<< 's_flipper_left_eos' active >>>>>>>
2026-03-03 13:40:13,897 : INFO : EventManager : Event: ======'machine_var_audits_switches_s_flipper_left_eos'====== Args={'value': 353, 'prev_value': 352, 'change': 1}
2026-03-03 13:40:14,138 : INFO : SwitchController : <<<<<<< 's_flipper_left' active >>>>>>>
2026-03-03 13:40:14,139 : INFO : EventManager : Event: ======'machine_var_audits_switches_s_flipper_left'====== Args={'value': 382, 'prev_value': 381, 'change': 1}
2026-03-03 13:40:14,146 : INFO : SwitchController : <<<<<<< 's_flipper_left_eos' inactive >>>>>>>
2026-03-03 13:40:14,270 : INFO : SwitchController : <<<<<<< 's_flipper_left' inactive >>>>>>>
2026-03-03 13:40:14,359 : INFO : SwitchController : <<<<<<< 's_flipper_left_eos' active >>>>>>>
2026-03-03 13:40:14,359 : INFO : EventManager : Event: ======'machine_var_audits_switches_s_flipper_left_eos'====== Args={'value': 354, 'prev_value': 353, 'change': 1}
2026-03-03 13:40:14,500 : INFO : SwitchController : <<<<<<< 's_flipper_left' active >>>>>>>
2026-03-03 13:40:14,501 : INFO : EventManager : Event: ======'machine_var_audits_switches_s_flipper_left'====== Args={'value': 383, 'prev_value': 382, 'change': 1}
2026-03-03 13:40:14,523 : INFO : SwitchController : <<<<<<< 's_flipper_left_eos' inactive >>>>>>>
2026-03-03 13:40:14,697 : INFO : SwitchController : <<<<<<< 's_flipper_left' inactive >>>>>>>
2026-03-03 13:40:14,787 : INFO : SwitchController : <<<<<<< 's_flipper_left_eos' active >>>>>>>
2026-03-03 13:40:14,787 : INFO : EventManager : Event: ======'machine_var_audits_switches_s_flipper_left_eos'====== Args={'value': 355, 'prev_value': 354, 'change': 1}
2026-03-03 13:40:14,938 : INFO : SwitchController : <<<<<<< 's_flipper_left' active >>>>>>>
2026-03-03 13:40:14,938 : INFO : EventManager : Event: ======'machine_var_audits_switches_s_flipper_left'====== Args={'value': 384, 'prev_value': 383, 'change': 1}
2026-03-03 13:40:14,960 : INFO : SwitchController : <<<<<<< 's_flipper_left_eos' inactive >>>>>>>
2026-03-03 13:40:15,139 : INFO : SwitchController : <<<<<<< 's_flipper_left' inactive >>>>>>>
2026-03-03 13:40:15,229 : INFO : SwitchController : <<<<<<< 's_flipper_left_eos' active >>>>>>>
2026-03-03 13:40:15,229 : INFO : EventManager : Event: ======'machine_var_audits_switches_s_flipper_left_eos'====== Args={'value': 356, 'prev_value': 355, 'change': 1}
2026-03-03 13:40:15,645 : INFO : SwitchController : <<<<<<< 's_flipper_left' active >>>>>>>
2026-03-03 13:40:15,645 : INFO : EventManager : Event: ======'machine_var_audits_switches_s_flipper_left'====== Args={'value': 385, 'prev_value': 384, 'change': 1}
2026-03-03 13:40:15,667 : INFO : SwitchController : <<<<<<< 's_flipper_left_eos' inactive >>>>>>>
2026-03-03 13:40:15,820 : INFO : SwitchController : <<<<<<< 's_flipper_left' inactive >>>>>>>
2026-03-03 13:40:15,908 : INFO : SwitchController : <<<<<<< 's_flipper_left_eos' active >>>>>>>
2026-03-03 13:40:15,909 : INFO : EventManager : Event: ======'machine_var_audits_switches_s_flipper_left_eos'====== Args={'value': 357, 'prev_value': 356, 'change': 1}
2026-03-03 13:40:16,116 : INFO : SwitchController : <<<<<<< 's_flipper_left' active >>>>>>>
2026-03-03 13:40:16,116 : INFO : EventManager : Event: ======'machine_var_audits_switches_s_flipper_left'====== Args={'value': 386, 'prev_value': 385, 'change': 1}
2026-03-03 13:40:16,139 : INFO : SwitchController : <<<<<<< 's_flipper_left_eos' inactive >>>>>>>
2026-03-03 13:40:16,289 : INFO : SwitchController : <<<<<<< 's_flipper_left' inactive >>>>>>>
2026-03-03 13:40:16,379 : INFO : SwitchController : <<<<<<< 's_flipper_left_eos' active >>>>>>>
2026-03-03 13:40:16,379 : INFO : EventManager : Event: ======'machine_var_audits_switches_s_flipper_left_eos'====== Args={'value': 358, 'prev_value': 357, 'change': 1}
2026-03-03 13:40:16,552 : INFO : SwitchController : <<<<<<< 's_flipper_left' active >>>>>>>
2026-03-03 13:40:16,552 : INFO : EventManager : Event: ======'machine_var_audits_switches_s_flipper_left'====== Args={'value': 387, 'prev_value': 386, 'change': 1}
2026-03-03 13:40:16,575 : INFO : SwitchController : <<<<<<< 's_flipper_left_eos' inactive >>>>>>>
2026-03-03 13:40:16,749 : INFO : SwitchController : <<<<<<< 's_flipper_left' inactive >>>>>>>
2026-03-03 13:40:16,840 : INFO : SwitchController : <<<<<<< 's_flipper_left_eos' active >>>>>>>
2026-03-03 13:40:16,840 : INFO : EventManager : Event: ======'machine_var_audits_switches_s_flipper_left_eos'====== Args={'value': 359, 'prev_value': 358, 'change': 1}
2026-03-03 13:40:17,046 : INFO : SwitchController : <<<<<<< 's_flipper_left' active >>>>>>>
2026-03-03 13:40:17,047 : INFO : EventManager : Event: ======'machine_var_audits_switches_s_flipper_left'====== Args={'value': 388, 'prev_value': 387, 'change': 1}
2026-03-03 13:40:17,070 : INFO : SwitchController : <<<<<<< 's_flipper_left_eos' inactive >>>>>>>
2026-03-03 13:40:17,235 : INFO : SwitchController : <<<<<<< 's_flipper_left' inactive >>>>>>>
2026-03-03 13:40:17,323 : INFO : SwitchController : <<<<<<< 's_flipper_left_eos' active >>>>>>>
2026-03-03 13:40:17,324 : INFO : EventManager : Event: ======'machine_var_audits_switches_s_flipper_left_eos'====== Args={'value': 360, 'prev_value': 359, 'change': 1}
2026-03-03 13:40:18,894 : INFO : SwitchController : <<<<<<< 's_flipper_left' active >>>>>>>
2026-03-03 13:40:18,895 : INFO : EventManager : Event: ======'machine_var_audits_switches_s_flipper_left'====== Args={'value': 389, 'prev_value': 388, 'change': 1}
2026-03-03 13:40:18,917 : INFO : SwitchController : <<<<<<< 's_flipper_left_eos' inactive >>>>>>>
2026-03-03 13:40:19,056 : INFO : SwitchController : <<<<<<< 's_flipper_left' inactive >>>>>>>
2026-03-03 13:40:19,144 : INFO : SwitchController : <<<<<<< 's_flipper_left_eos' active >>>>>>>
2026-03-03 13:40:19,144 : INFO : EventManager : Event: ======'machine_var_audits_switches_s_flipper_left_eos'====== Args={'value': 361, 'prev_value': 360, 'change': 1}
2026-03-03 13:40:47,379 : INFO : SwitchController : <<<<<<< 's_flipper_left' active >>>>>>>
2026-03-03 13:40:47,379 : INFO : EventManager : Event: ======'machine_var_audits_switches_s_flipper_left'====== Args={'value': 390, 'prev_value': 389, 'change': 1}
2026-03-03 13:40:47,388 : INFO : SwitchController : <<<<<<< 's_flipper_left' inactive >>>>>>>
2026-03-03 13:40:47,388 : INFO : SwitchController : <<<<<<< 's_flipper_left' active >>>>>>>
2026-03-03 13:40:47,388 : INFO : EventManager : Event: ======'machine_var_audits_switches_s_flipper_left'====== Args={'value': 391, 'prev_value': 390, 'change': 1}
2026-03-03 13:40:47,407 : INFO : SwitchController : <<<<<<< 's_flipper_left_eos' inactive >>>>>>>
2026-03-03 13:40:47,414 : INFO : SwitchController : <<<<<<< 's_flipper_left' inactive >>>>>>>
2026-03-03 13:40:47,513 : INFO : SwitchController : <<<<<<< 's_flipper_left_eos' active >>>>>>>
2026-03-03 13:40:47,513 : INFO : EventManager : Event: ======'machine_var_audits_switches_s_flipper_left_eos'====== Args={'value': 362, 'prev_value': 361, 'change': 1}
2026-03-03 13:40:48,757 : INFO : SwitchController : <<<<<<< 's_flipper_left' active >>>>>>>
2026-03-03 13:40:48,758 : INFO : EventManager : Event: ======'machine_var_audits_switches_s_flipper_left'====== Args={'value': 392, 'prev_value': 391, 'change': 1}
2026-03-03 13:40:48,781 : INFO : SwitchController : <<<<<<< 's_flipper_left_eos' inactive >>>>>>>
2026-03-03 13:40:48,789 : INFO : SwitchController : <<<<<<< 's_flipper_left' inactive >>>>>>>
2026-03-03 13:40:48,801 : INFO : SwitchController : <<<<<<< 's_flipper_left' active >>>>>>>
2026-03-03 13:40:48,801 : INFO : EventManager : Event: ======'machine_var_audits_switches_s_flipper_left'====== Args={'value': 393, 'prev_value': 392, 'change': 1}
2026-03-03 13:40:48,916 : INFO : SwitchController : <<<<<<< 's_flipper_left' inactive >>>>>>>
2026-03-03 13:40:49,005 : INFO : SwitchController : <<<<<<< 's_flipper_left_eos' active >>>>>>>
2026-03-03 13:40:49,006 : INFO : EventManager : Event: ======'machine_var_audits_switches_s_flipper_left_eos'====== Args={'value': 363, 'prev_value': 362, 'change': 1}
2026-03-03 13:40:49,281 : INFO : SwitchController : <<<<<<< 's_flipper_left' active >>>>>>>
2026-03-03 13:40:49,281 : INFO : EventManager : Event: ======'machine_var_audits_switches_s_flipper_left'====== Args={'value': 394, 'prev_value': 393, 'change': 1}
2026-03-03 13:40:49,287 : INFO : SwitchController : <<<<<<< 's_flipper_left' inactive >>>>>>>
2026-03-03 13:40:49,290 : INFO : SwitchController : <<<<<<< 's_flipper_left' active >>>>>>>
2026-03-03 13:40:49,290 : INFO : EventManager : Event: ======'machine_var_audits_switches_s_flipper_left'====== Args={'value': 395, 'prev_value': 394, 'change': 1}
2026-03-03 13:40:49,296 : INFO : SwitchController : <<<<<<< 's_flipper_left' inactive >>>>>>>
2026-03-03 13:40:49,296 : INFO : SwitchController : <<<<<<< 's_flipper_left' active >>>>>>>
2026-03-03 13:40:49,297 : INFO : EventManager : Event: ======'machine_var_audits_switches_s_flipper_left'====== Args={'value': 396, 'prev_value': 395, 'change': 1}
2026-03-03 13:40:49,300 : INFO : SwitchController : <<<<<<< 's_flipper_left' inactive >>>>>>>
2026-03-03 13:40:49,302 : INFO : SwitchController : <<<<<<< 's_flipper_left' active >>>>>>>
2026-03-03 13:40:49,302 : INFO : EventManager : Event: ======'machine_var_audits_switches_s_flipper_left'====== Args={'value': 397, 'prev_value': 396, 'change': 1}
2026-03-03 13:40:49,310 : INFO : SwitchController : <<<<<<< 's_flipper_left_eos' inactive >>>>>>>
2026-03-03 13:40:49,336 : INFO : SwitchController : <<<<<<< 's_flipper_left' inactive >>>>>>>
2026-03-03 13:40:49,340 : INFO : SwitchController : <<<<<<< 's_flipper_left' active >>>>>>>
2026-03-03 13:40:49,341 : INFO : EventManager : Event: ======'machine_var_audits_switches_s_flipper_left'====== Args={'value': 398, 'prev_value': 397, 'change': 1}
2026-03-03 13:40:49,404 : INFO : SwitchController : <<<<<<< 's_flipper_left' inactive >>>>>>>
2026-03-03 13:40:49,494 : INFO : SwitchController : <<<<<<< 's_flipper_left_eos' active >>>>>>>
2026-03-03 13:40:49,494 : INFO : EventManager : Event: ======'machine_var_audits_switches_s_flipper_left_eos'====== Args={'value': 364, 'prev_value': 363, 'change': 1}
2026-03-03 13:40:50,108 : INFO : SwitchController : <<<<<<< 's_flipper_left' active >>>>>>>
2026-03-03 13:40:50,108 : INFO : EventManager : Event: ======'machine_var_audits_switches_s_flipper_left'====== Args={'value': 399, 'prev_value': 398, 'change': 1}
2026-03-03 13:40:50,131 : INFO : SwitchController : <<<<<<< 's_flipper_left_eos' inactive >>>>>>>
2026-03-03 13:40:50,260 : INFO : SwitchController : <<<<<<< 's_flipper_left' inactive >>>>>>>
2026-03-03 13:40:50,349 : INFO : SwitchController : <<<<<<< 's_flipper_left_eos' active >>>>>>>
2026-03-03 13:40:50,349 : INFO : EventManager : Event: ======'machine_var_audits_switches_s_flipper_left_eos'====== Args={'value': 365, 'prev_value': 364, 'change': 1}
2026-03-03 13:40:50,553 : INFO : SwitchController : <<<<<<< 's_flipper_left' active >>>>>>>
2026-03-03 13:40:50,553 : INFO : EventManager : Event: ======'machine_var_audits_switches_s_flipper_left'====== Args={'value': 400, 'prev_value': 399, 'change': 1}
2026-03-03 13:40:50,575 : INFO : SwitchController : <<<<<<< 's_flipper_left_eos' inactive >>>>>>>
2026-03-03 13:40:50,705 : INFO : SwitchController : <<<<<<< 's_flipper_left' inactive >>>>>>>
2026-03-03 13:40:50,795 : INFO : SwitchController : <<<<<<< 's_flipper_left_eos' active >>>>>>>
2026-03-03 13:40:50,795 : INFO : EventManager : Event: ======'machine_var_audits_switches_s_flipper_left_eos'====== Args={'value': 366, 'prev_value': 365, 'change': 1}
2026-03-03 13:40:50,978 : INFO : SwitchController : <<<<<<< 's_flipper_left' active >>>>>>>
2026-03-03 13:40:50,978 : INFO : EventManager : Event: ======'machine_var_audits_switches_s_flipper_left'====== Args={'value': 401, 'prev_value': 400, 'change': 1}
2026-03-03 13:40:51,001 : INFO : SwitchController : <<<<<<< 's_flipper_left_eos' inactive >>>>>>>
2026-03-03 13:40:51,143 : INFO : SwitchController : <<<<<<< 's_flipper_left' inactive >>>>>>>
2026-03-03 13:40:51,232 : INFO : SwitchController : <<<<<<< 's_flipper_left_eos' active >>>>>>>
2026-03-03 13:40:51,232 : INFO : EventManager : Event: ======'machine_var_audits_switches_s_flipper_left_eos'====== Args={'value': 367, 'prev_value': 366, 'change': 1}
2026-03-03 13:40:51,431 : INFO : SwitchController : <<<<<<< 's_flipper_left' active >>>>>>>
2026-03-03 13:40:51,431 : INFO : EventManager : Event: ======'machine_var_audits_switches_s_flipper_left'====== Args={'value': 402, 'prev_value': 401, 'change': 1}
2026-03-03 13:40:51,449 : INFO : SwitchController : <<<<<<< 's_flipper_left' inactive >>>>>>>
2026-03-03 13:40:51,451 : INFO : SwitchController : <<<<<<< 's_flipper_left' active >>>>>>>
2026-03-03 13:40:51,451 : INFO : EventManager : Event: ======'machine_var_audits_switches_s_flipper_left'====== Args={'value': 403, 'prev_value': 402, 'change': 1}
2026-03-03 13:40:51,454 : INFO : SwitchController : <<<<<<< 's_flipper_left_eos' inactive >>>>>>>
2026-03-03 13:40:51,590 : INFO : SwitchController : <<<<<<< 's_flipper_left' inactive >>>>>>>
2026-03-03 13:40:51,679 : INFO : SwitchController : <<<<<<< 's_flipper_left_eos' active >>>>>>>
2026-03-03 13:40:51,679 : INFO : EventManager : Event: ======'machine_var_audits_switches_s_flipper_left_eos'====== Args={'value': 368, 'prev_value': 367, 'change': 1}
2026-03-03 13:40:51,854 : INFO : SwitchController : <<<<<<< 's_flipper_left' active >>>>>>>
2026-03-03 13:40:51,854 : INFO : EventManager : Event: ======'machine_var_audits_switches_s_flipper_left'====== Args={'value': 404, 'prev_value': 403, 'change': 1}
2026-03-03 13:40:51,876 : INFO : SwitchController : <<<<<<< 's_flipper_left_eos' inactive >>>>>>>
2026-03-03 13:40:51,891 : INFO : SwitchController : <<<<<<< 's_flipper_left' inactive >>>>>>>
2026-03-03 13:40:51,895 : INFO : SwitchController : <<<<<<< 's_flipper_left' active >>>>>>>
2026-03-03 13:40:51,895 : INFO : EventManager : Event: ======'machine_var_audits_switches_s_flipper_left'====== Args={'value': 405, 'prev_value': 404, 'change': 1}
2026-03-03 13:40:52,013 : INFO : SwitchController : <<<<<<< 's_flipper_left' inactive >>>>>>>
2026-03-03 13:40:52,102 : INFO : SwitchController : <<<<<<< 's_flipper_left_eos' active >>>>>>>
2026-03-03 13:40:52,102 : INFO : EventManager : Event: ======'machine_var_audits_switches_s_flipper_left_eos'====== Args={'value': 369, 'prev_value': 368, 'change': 1}
2026-03-03 13:40:52,314 : INFO : SwitchController : <<<<<<< 's_flipper_left' active >>>>>>>
2026-03-03 13:40:52,314 : INFO : EventManager : Event: ======'machine_var_audits_switches_s_flipper_left'====== Args={'value': 406, 'prev_value': 405, 'change': 1}
2026-03-03 13:40:52,337 : INFO : SwitchController : <<<<<<< 's_flipper_left_eos' inactive >>>>>>>
2026-03-03 13:40:52,342 : INFO : SwitchController : <<<<<<< 's_flipper_left' inactive >>>>>>>
2026-03-03 13:40:52,344 : INFO : SwitchController : <<<<<<< 's_flipper_left' active >>>>>>>
2026-03-03 13:40:52,345 : INFO : EventManager : Event: ======'machine_var_audits_switches_s_flipper_left'====== Args={'value': 407, 'prev_value': 406, 'change': 1}
2026-03-03 13:40:52,513 : INFO : SwitchController : <<<<<<< 's_flipper_left' inactive >>>>>>>
2026-03-03 13:40:52,601 : INFO : SwitchController : <<<<<<< 's_flipper_left_eos' active >>>>>>>
2026-03-03 13:40:52,601 : INFO : EventManager : Event: ======'machine_var_audits_switches_s_flipper_left_eos'====== Args={'value': 370, 'prev_value': 369, 'change': 1}
2026-03-03 13:40:54,850 : INFO : SwitchController : <<<<<<< 's_flipper_left' active >>>>>>>
2026-03-03 13:40:54,850 : INFO : EventManager : Event: ======'machine_var_audits_switches_s_flipper_left'====== Args={'value': 408, 'prev_value': 407, 'change': 1}
2026-03-03 13:40:55,055 : INFO : SwitchController : <<<<<<< 's_flipper_left' inactive >>>>>>>
2026-03-03 13:40:55,191 : INFO : SwitchController : <<<<<<< 's_flipper_left' active >>>>>>>
2026-03-03 13:40:55,191 : INFO : EventManager : Event: ======'machine_var_audits_switches_s_flipper_left'====== Args={'value': 409, 'prev_value': 408, 'change': 1}
2026-03-03 13:40:55,196 : INFO : SwitchController : <<<<<<< 's_flipper_left' inactive >>>>>>>
2026-03-03 13:40:55,198 : INFO : SwitchController : <<<<<<< 's_flipper_left' active >>>>>>>
2026-03-03 13:40:55,198 : INFO : EventManager : Event: ======'machine_var_audits_switches_s_flipper_left'====== Args={'value': 410, 'prev_value': 409, 'change': 1}
2026-03-03 13:40:55,355 : INFO : SwitchController : <<<<<<< 's_flipper_left' inactive >>>>>>>
2026-03-03 13:40:56,485 : INFO : SwitchController : <<<<<<< 's_flipper_left' active >>>>>>>
2026-03-03 13:40:56,486 : INFO : EventManager : Event: ======'machine_var_audits_switches_s_flipper_left'====== Args={'value': 411, 'prev_value': 410, 'change': 1}
2026-03-03 13:40:56,508 : INFO : SwitchController : <<<<<<< 's_flipper_left_eos' inactive >>>>>>>
2026-03-03 13:40:56,612 : INFO : SwitchController : <<<<<<< 's_flipper_left' inactive >>>>>>>
2026-03-03 13:40:56,702 : INFO : SwitchController : <<<<<<< 's_flipper_left_eos' active >>>>>>>
2026-03-03 13:40:56,702 : INFO : EventManager : Event: ======'machine_var_audits_switches_s_flipper_left_eos'====== Args={'value': 371, 'prev_value': 370, 'change': 1}
2026-03-03 13:40:56,923 : INFO : SwitchController : <<<<<<< 's_flipper_left' active >>>>>>>
2026-03-03 13:40:56,924 : INFO : EventManager : Event: ======'machine_var_audits_switches_s_flipper_left'====== Args={'value': 412, 'prev_value': 411, 'change': 1}
2026-03-03 13:40:56,946 : INFO : SwitchController : <<<<<<< 's_flipper_left_eos' inactive >>>>>>>
2026-03-03 13:40:56,961 : INFO : SwitchController : <<<<<<< 's_flipper_left' inactive >>>>>>>
2026-03-03 13:40:56,964 : INFO : SwitchController : <<<<<<< 's_flipper_left' active >>>>>>>
2026-03-03 13:40:56,964 : INFO : EventManager : Event: ======'machine_var_audits_switches_s_flipper_left'====== Args={'value': 413, 'prev_value': 412, 'change': 1}
2026-03-03 13:40:57,058 : INFO : SwitchController : <<<<<<< 's_flipper_left' inactive >>>>>>>
2026-03-03 13:40:57,146 : INFO : SwitchController : <<<<<<< 's_flipper_left_eos' active >>>>>>>
2026-03-03 13:40:57,146 : INFO : EventManager : Event: ======'machine_var_audits_switches_s_flipper_left_eos'====== Args={'value': 372, 'prev_value': 371, 'change': 1}
2026-03-03 13:40:57,383 : INFO : SwitchController : <<<<<<< 's_flipper_left' active >>>>>>>
2026-03-03 13:40:57,383 : INFO : EventManager : Event: ======'machine_var_audits_switches_s_flipper_left'====== Args={'value': 414, 'prev_value': 413, 'change': 1}
2026-03-03 13:40:57,406 : INFO : SwitchController : <<<<<<< 's_flipper_left_eos' inactive >>>>>>>
2026-03-03 13:40:57,422 : INFO : SwitchController : <<<<<<< 's_flipper_left' inactive >>>>>>>
2026-03-03 13:40:57,426 : INFO : SwitchController : <<<<<<< 's_flipper_left' active >>>>>>>
2026-03-03 13:40:57,426 : INFO : EventManager : Event: ======'machine_var_audits_switches_s_flipper_left'====== Args={'value': 415, 'prev_value': 414, 'change': 1}
2026-03-03 13:40:57,568 : INFO : SwitchController : <<<<<<< 's_flipper_left' inactive >>>>>>>
2026-03-03 13:40:57,658 : INFO : SwitchController : <<<<<<< 's_flipper_left_eos' active >>>>>>>
2026-03-03 13:40:57,658 : INFO : EventManager : Event: ======'machine_var_audits_switches_s_flipper_left_eos'====== Args={'value': 373, 'prev_value': 372, 'change': 1}
2026-03-03 13:40:59,581 : INFO : SwitchController : <<<<<<< 's_flipper_right_upper' active >>>>>>>
2026-03-03 13:40:59,581 : INFO : EventManager : Event: ======'machine_var_audits_switches_s_flipper_right_upper'====== Args={'value': 768, 'prev_value': 767, 'change': 1}
2026-03-03 13:40:59,603 : INFO : SwitchController : <<<<<<< 's_flipper_right_upper_eos' active >>>>>>>
2026-03-03 13:40:59,603 : INFO : EventManager : Event: ======'machine_var_audits_switches_s_flipper_right_upper_eos'====== Args={'value': 576, 'prev_value': 575, 'change': 1}
2026-03-03 13:40:59,733 : INFO : SwitchController : <<<<<<< 's_flipper_right_upper' inactive >>>>>>>
2026-03-03 13:40:59,843 : INFO : SwitchController : <<<<<<< 's_flipper_right_upper_eos' inactive >>>>>>>
2026-03-03 13:40:59,967 : INFO : SwitchController : <<<<<<< 's_flipper_right_upper' active >>>>>>>
2026-03-03 13:40:59,967 : INFO : EventManager : Event: ======'machine_var_audits_switches_s_flipper_right_upper'====== Args={'value': 769, 'prev_value': 768, 'change': 1}
2026-03-03 13:40:59,990 : INFO : SwitchController : <<<<<<< 's_flipper_right_upper_eos' active >>>>>>>
2026-03-03 13:40:59,990 : INFO : EventManager : Event: ======'machine_var_audits_switches_s_flipper_right_upper_eos'====== Args={'value': 577, 'prev_value': 576, 'change': 1}
2026-03-03 13:41:00,163 : INFO : SwitchController : <<<<<<< 's_flipper_right_upper' inactive >>>>>>>
2026-03-03 13:41:00,271 : INFO : SwitchController : <<<<<<< 's_flipper_right_upper_eos' inactive >>>>>>>
2026-03-03 13:41:00,587 : INFO : SwitchController : <<<<<<< 's_flipper_right_upper' active >>>>>>>
2026-03-03 13:41:00,587 : INFO : EventManager : Event: ======'machine_var_audits_switches_s_flipper_right_upper'====== Args={'value': 770, 'prev_value': 769, 'change': 1}
2026-03-03 13:41:00,611 : INFO : SwitchController : <<<<<<< 's_flipper_right_upper_eos' active >>>>>>>
2026-03-03 13:41:00,611 : INFO : EventManager : Event: ======'machine_var_audits_switches_s_flipper_right_upper_eos'====== Args={'value': 578, 'prev_value': 577, 'change': 1}
2026-03-03 13:41:01,104 : INFO : SwitchController : <<<<<<< 's_flipper_right_upper' inactive >>>>>>>
2026-03-03 13:41:01,214 : INFO : SwitchController : <<<<<<< 's_flipper_right_upper_eos' inactive >>>>>>>
2026-03-03 13:41:01,772 : INFO : SwitchController : <<<<<<< 's_flipper_right_upper' active >>>>>>>
2026-03-03 13:41:01,772 : INFO : EventManager : Event: ======'machine_var_audits_switches_s_flipper_right_upper'====== Args={'value': 771, 'prev_value': 770, 'change': 1}
2026-03-03 13:41:01,795 : INFO : SwitchController : <<<<<<< 's_flipper_right_upper_eos' active >>>>>>>
2026-03-03 13:41:01,796 : INFO : EventManager : Event: ======'machine_var_audits_switches_s_flipper_right_upper_eos'====== Args={'value': 579, 'prev_value': 578, 'change': 1}
2026-03-03 13:41:01,963 : INFO : SwitchController : <<<<<<< 's_flipper_right_upper' inactive >>>>>>>
2026-03-03 13:41:02,073 : INFO : SwitchController : <<<<<<< 's_flipper_right_upper_eos' inactive >>>>>>>
2026-03-03 13:41:04,999 : INFO : SwitchController : <<<<<<< 's_flipper_right_upper' active >>>>>>>
2026-03-03 13:41:04,999 : INFO : EventManager : Event: ======'machine_var_audits_switches_s_flipper_right_upper'====== Args={'value': 772, 'prev_value': 771, 'change': 1}
2026-03-03 13:41:05,023 : INFO : SwitchController : <<<<<<< 's_flipper_right_upper_eos' active >>>>>>>
2026-03-03 13:41:05,023 : INFO : EventManager : Event: ======'machine_var_audits_switches_s_flipper_right_upper_eos'====== Args={'value': 580, 'prev_value': 579, 'change': 1}
2026-03-03 13:41:05,118 : INFO : SwitchController : <<<<<<< 's_flipper_right_upper' inactive >>>>>>>
2026-03-03 13:41:05,226 : INFO : SwitchController : <<<<<<< 's_flipper_right_upper_eos' inactive >>>>>>>
2026-03-03 13:41:05,593 : INFO : SwitchController : <<<<<<< 's_flipper_right_upper' active >>>>>>>
2026-03-03 13:41:05,593 : INFO : EventManager : Event: ======'machine_var_audits_switches_s_flipper_right_upper'====== Args={'value': 773, 'prev_value': 772, 'change': 1}
2026-03-03 13:41:05,616 : INFO : SwitchController : <<<<<<< 's_flipper_right_upper_eos' active >>>>>>>
2026-03-03 13:41:05,616 : INFO : EventManager : Event: ======'machine_var_audits_switches_s_flipper_right_upper_eos'====== Args={'value': 581, 'prev_value': 580, 'change': 1}
2026-03-03 13:41:05,728 : INFO : SwitchController : <<<<<<< 's_flipper_right_upper' inactive >>>>>>>
2026-03-03 13:41:05,837 : INFO : SwitchController : <<<<<<< 's_flipper_right_upper_eos' inactive >>>>>>>
2026-03-03 13:41:06,433 : INFO : SwitchController : <<<<<<< 's_flipper_right_upper' active >>>>>>>
2026-03-03 13:41:06,433 : INFO : EventManager : Event: ======'machine_var_audits_switches_s_flipper_right_upper'====== Args={'value': 774, 'prev_value': 773, 'change': 1}
2026-03-03 13:41:06,456 : INFO : SwitchController : <<<<<<< 's_flipper_right_upper_eos' active >>>>>>>
2026-03-03 13:41:06,456 : INFO : EventManager : Event: ======'machine_var_audits_switches_s_flipper_right_upper_eos'====== Args={'value': 582, 'prev_value': 581, 'change': 1}
2026-03-03 13:41:06,555 : INFO : SwitchController : <<<<<<< 's_flipper_right_upper' inactive >>>>>>>
2026-03-03 13:41:06,662 : INFO : SwitchController : <<<<<<< 's_flipper_right_upper_eos' inactive >>>>>>>
2026-03-03 13:41:07,034 : INFO : SwitchController : <<<<<<< 's_flipper_right_upper' active >>>>>>>
2026-03-03 13:41:07,034 : INFO : EventManager : Event: ======'machine_var_audits_switches_s_flipper_right_upper'====== Args={'value': 775, 'prev_value': 774, 'change': 1}
2026-03-03 13:41:07,051 : INFO : SwitchController : <<<<<<< 's_flipper_right_upper_eos' active >>>>>>>
2026-03-03 13:41:07,051 : INFO : EventManager : Event: ======'machine_var_audits_switches_s_flipper_right_upper_eos'====== Args={'value': 583, 'prev_value': 582, 'change': 1}
2026-03-03 13:41:07,161 : INFO : SwitchController : <<<<<<< 's_flipper_right_upper' inactive >>>>>>>
2026-03-03 13:41:07,270 : INFO : SwitchController : <<<<<<< 's_flipper_right_upper_eos' inactive >>>>>>>
2026-03-03 13:41:07,580 : INFO : SwitchController : <<<<<<< 's_flipper_right_upper' active >>>>>>>
2026-03-03 13:41:07,580 : INFO : EventManager : Event: ======'machine_var_audits_switches_s_flipper_right_upper'====== Args={'value': 776, 'prev_value': 775, 'change': 1}
2026-03-03 13:41:07,604 : INFO : SwitchController : <<<<<<< 's_flipper_right_upper_eos' active >>>>>>>
2026-03-03 13:41:07,604 : INFO : EventManager : Event: ======'machine_var_audits_switches_s_flipper_right_upper_eos'====== Args={'value': 584, 'prev_value': 583, 'change': 1}
2026-03-03 13:41:07,717 : INFO : SwitchController : <<<<<<< 's_flipper_right_upper' inactive >>>>>>>
2026-03-03 13:41:07,825 : INFO : SwitchController : <<<<<<< 's_flipper_right_upper_eos' inactive >>>>>>>
2026-03-03 13:41:08,123 : INFO : SwitchController : <<<<<<< 's_flipper_right_upper' active >>>>>>>
2026-03-03 13:41:08,123 : INFO : EventManager : Event: ======'machine_var_audits_switches_s_flipper_right_upper'====== Args={'value': 777, 'prev_value': 776, 'change': 1}
2026-03-03 13:41:08,147 : INFO : SwitchController : <<<<<<< 's_flipper_right_upper_eos' active >>>>>>>
2026-03-03 13:41:08,147 : INFO : EventManager : Event: ======'machine_var_audits_switches_s_flipper_right_upper_eos'====== Args={'value': 585, 'prev_value': 584, 'change': 1}
2026-03-03 13:41:08,259 : INFO : SwitchController : <<<<<<< 's_flipper_right_upper' inactive >>>>>>>
2026-03-03 13:41:08,367 : INFO : SwitchController : <<<<<<< 's_flipper_right_upper_eos' inactive >>>>>>>
2026-03-03 13:41:08,620 : INFO : SwitchController : <<<<<<< 's_flipper_right_upper' active >>>>>>>
2026-03-03 13:41:08,620 : INFO : EventManager : Event: ======'machine_var_audits_switches_s_flipper_right_upper'====== Args={'value': 778, 'prev_value': 777, 'change': 1}
2026-03-03 13:41:08,643 : INFO : SwitchController : <<<<<<< 's_flipper_right_upper_eos' active >>>>>>>
2026-03-03 13:41:08,643 : INFO : EventManager : Event: ======'machine_var_audits_switches_s_flipper_right_upper_eos'====== Args={'value': 586, 'prev_value': 585, 'change': 1}
2026-03-03 13:41:08,755 : INFO : SwitchController : <<<<<<< 's_flipper_right_upper' inactive >>>>>>>
2026-03-03 13:41:08,862 : INFO : SwitchController : <<<<<<< 's_flipper_right_upper_eos' inactive >>>>>>>
2026-03-03 13:41:09,133 : INFO : SwitchController : <<<<<<< 's_flipper_right_upper' active >>>>>>>
2026-03-03 13:41:09,133 : INFO : EventManager : Event: ======'machine_var_audits_switches_s_flipper_right_upper'====== Args={'value': 779, 'prev_value': 778, 'change': 1}
2026-03-03 13:41:09,155 : INFO : SwitchController : <<<<<<< 's_flipper_right_upper_eos' active >>>>>>>
2026-03-03 13:41:09,155 : INFO : EventManager : Event: ======'machine_var_audits_switches_s_flipper_right_upper_eos'====== Args={'value': 587, 'prev_value': 586, 'change': 1}
2026-03-03 13:41:09,274 : INFO : SwitchController : <<<<<<< 's_flipper_right_upper' inactive >>>>>>>
2026-03-03 13:41:09,382 : INFO : SwitchController : <<<<<<< 's_flipper_right_upper_eos' inactive >>>>>>>
2026-03-03 13:41:09,950 : INFO : SwitchController : <<<<<<< 's_flipper_right_upper' active >>>>>>>
2026-03-03 13:41:09,950 : INFO : EventManager : Event: ======'machine_var_audits_switches_s_flipper_right_upper'====== Args={'value': 780, 'prev_value': 779, 'change': 1}
2026-03-03 13:41:09,973 : INFO : SwitchController : <<<<<<< 's_flipper_right_upper_eos' active >>>>>>>
2026-03-03 13:41:09,974 : INFO : EventManager : Event: ======'machine_var_audits_switches_s_flipper_right_upper_eos'====== Args={'value': 588, 'prev_value': 587, 'change': 1}
2026-03-03 13:41:10,106 : INFO : SwitchController : <<<<<<< 's_flipper_right_upper' inactive >>>>>>>
2026-03-03 13:41:10,215 : INFO : SwitchController : <<<<<<< 's_flipper_right_upper_eos' inactive >>>>>>>
2026-03-03 13:41:10,450 : INFO : SwitchController : <<<<<<< 's_flipper_right_upper' active >>>>>>>
2026-03-03 13:41:10,450 : INFO : EventManager : Event: ======'machine_var_audits_switches_s_flipper_right_upper'====== Args={'value': 781, 'prev_value': 780, 'change': 1}
2026-03-03 13:41:10,472 : INFO : SwitchController : <<<<<<< 's_flipper_right_upper_eos' active >>>>>>>
2026-03-03 13:41:10,472 : INFO : EventManager : Event: ======'machine_var_audits_switches_s_flipper_right_upper_eos'====== Args={'value': 589, 'prev_value': 588, 'change': 1}
2026-03-03 13:41:10,601 : INFO : SwitchController : <<<<<<< 's_flipper_right_upper' inactive >>>>>>>
2026-03-03 13:41:10,710 : INFO : SwitchController : <<<<<<< 's_flipper_right_upper_eos' inactive >>>>>>>
2026-03-03 13:41:10,919 : INFO : SwitchController : <<<<<<< 's_flipper_right_upper' active >>>>>>>
2026-03-03 13:41:10,919 : INFO : EventManager : Event: ======'machine_var_audits_switches_s_flipper_right_upper'====== Args={'value': 782, 'prev_value': 781, 'change': 1}
2026-03-03 13:41:10,943 : INFO : SwitchController : <<<<<<< 's_flipper_right_upper_eos' active >>>>>>>
2026-03-03 13:41:10,943 : INFO : EventManager : Event: ======'machine_var_audits_switches_s_flipper_right_upper_eos'====== Args={'value': 590, 'prev_value': 589, 'change': 1}
2026-03-03 13:41:11,064 : INFO : SwitchController : <<<<<<< 's_flipper_right_upper' inactive >>>>>>>
2026-03-03 13:41:11,173 : INFO : SwitchController : <<<<<<< 's_flipper_right_upper_eos' inactive >>>>>>>
2026-03-03 13:41:11,389 : INFO : SwitchController : <<<<<<< 's_flipper_right_upper' active >>>>>>>
2026-03-03 13:41:11,389 : INFO : EventManager : Event: ======'machine_var_audits_switches_s_flipper_right_upper'====== Args={'value': 783, 'prev_value': 782, 'change': 1}
2026-03-03 13:41:11,411 : INFO : SwitchController : <<<<<<< 's_flipper_right_upper_eos' active >>>>>>>
2026-03-03 13:41:11,411 : INFO : EventManager : Event: ======'machine_var_audits_switches_s_flipper_right_upper_eos'====== Args={'value': 591, 'prev_value': 590, 'change': 1}
2026-03-03 13:41:11,530 : INFO : SwitchController : <<<<<<< 's_flipper_right_upper' inactive >>>>>>>
2026-03-03 13:41:11,639 : INFO : SwitchController : <<<<<<< 's_flipper_right_upper_eos' inactive >>>>>>>
2026-03-03 13:41:11,872 : INFO : SwitchController : <<<<<<< 's_flipper_right_upper' active >>>>>>>
2026-03-03 13:41:11,872 : INFO : EventManager : Event: ======'machine_var_audits_switches_s_flipper_right_upper'====== Args={'value': 784, 'prev_value': 783, 'change': 1}
2026-03-03 13:41:11,896 : INFO : SwitchController : <<<<<<< 's_flipper_right_upper_eos' active >>>>>>>
2026-03-03 13:41:11,896 : INFO : EventManager : Event: ======'machine_var_audits_switches_s_flipper_right_upper_eos'====== Args={'value': 592, 'prev_value': 591, 'change': 1}
2026-03-03 13:41:12,009 : INFO : SwitchController : <<<<<<< 's_flipper_right_upper' inactive >>>>>>>
2026-03-03 13:41:12,118 : INFO : SwitchController : <<<<<<< 's_flipper_right_upper_eos' inactive >>>>>>>
2026-03-03 13:41:12,351 : INFO : SwitchController : <<<<<<< 's_flipper_right_upper' active >>>>>>>
2026-03-03 13:41:12,351 : INFO : EventManager : Event: ======'machine_var_audits_switches_s_flipper_right_upper'====== Args={'value': 785, 'prev_value': 784, 'change': 1}
2026-03-03 13:41:12,374 : INFO : SwitchController : <<<<<<< 's_flipper_right_upper_eos' active >>>>>>>
2026-03-03 13:41:12,374 : INFO : EventManager : Event: ======'machine_var_audits_switches_s_flipper_right_upper_eos'====== Args={'value': 593, 'prev_value': 592, 'change': 1}
2026-03-03 13:41:12,479 : INFO : SwitchController : <<<<<<< 's_flipper_right_upper' inactive >>>>>>>
2026-03-03 13:41:12,589 : INFO : SwitchController : <<<<<<< 's_flipper_right_upper_eos' inactive >>>>>>>
2026-03-03 13:41:13,334 : INFO : SwitchController : <<<<<<< 's_flipper_right_upper' active >>>>>>>
2026-03-03 13:41:13,334 : INFO : EventManager : Event: ======'machine_var_audits_switches_s_flipper_right_upper'====== Args={'value': 786, 'prev_value': 785, 'change': 1}
2026-03-03 13:41:13,357 : INFO : SwitchController : <<<<<<< 's_flipper_right_upper_eos' active >>>>>>>
2026-03-03 13:41:13,357 : INFO : EventManager : Event: ======'machine_var_audits_switches_s_flipper_right_upper_eos'====== Args={'value': 594, 'prev_value': 593, 'change': 1}
2026-03-03 13:41:15,079 : INFO : SwitchController : <<<<<<< 's_flipper_right_upper' inactive >>>>>>>
2026-03-03 13:41:15,188 : INFO : SwitchController : <<<<<<< 's_flipper_right_upper_eos' inactive >>>>>>>
2026-03-03 13:41:15,389 : INFO : SwitchController : <<<<<<< 's_flipper_right_upper' active >>>>>>>
2026-03-03 13:41:15,389 : INFO : EventManager : Event: ======'machine_var_audits_switches_s_flipper_right_upper'====== Args={'value': 787, 'prev_value': 786, 'change': 1}
2026-03-03 13:41:15,411 : INFO : SwitchController : <<<<<<< 's_flipper_right_upper_eos' active >>>>>>>
2026-03-03 13:41:15,411 : INFO : EventManager : Event: ======'machine_var_audits_switches_s_flipper_right_upper_eos'====== Args={'value': 595, 'prev_value': 594, 'change': 1}
2026-03-03 13:41:15,521 : INFO : SwitchController : <<<<<<< 's_flipper_right_upper' inactive >>>>>>>
2026-03-03 13:41:15,630 : INFO : SwitchController : <<<<<<< 's_flipper_right_upper_eos' inactive >>>>>>>
2026-03-03 13:41:15,774 : INFO : SwitchController : <<<<<<< 's_flipper_right_upper' active >>>>>>>
2026-03-03 13:41:15,774 : INFO : EventManager : Event: ======'machine_var_audits_switches_s_flipper_right_upper'====== Args={'value': 788, 'prev_value': 787, 'change': 1}
2026-03-03 13:41:15,776 : INFO : SwitchController : <<<<<<< 's_flipper_right_upper' inactive >>>>>>>
2026-03-03 13:41:15,778 : INFO : SwitchController : <<<<<<< 's_flipper_right_upper' active >>>>>>>
2026-03-03 13:41:15,778 : INFO : EventManager : Event: ======'machine_var_audits_switches_s_flipper_right_upper'====== Args={'value': 789, 'prev_value': 788, 'change': 1}
2026-03-03 13:41:15,799 : INFO : SwitchController : <<<<<<< 's_flipper_right_upper_eos' active >>>>>>>
2026-03-03 13:41:15,799 : INFO : EventManager : Event: ======'machine_var_audits_switches_s_flipper_right_upper_eos'====== Args={'value': 596, 'prev_value': 595, 'change': 1}
2026-03-03 13:41:15,902 : INFO : SwitchController : <<<<<<< 's_flipper_right_upper' inactive >>>>>>>
2026-03-03 13:41:16,010 : INFO : SwitchController : <<<<<<< 's_flipper_right_upper_eos' inactive >>>>>>>
2026-03-03 13:41:16,118 : INFO : SwitchController : <<<<<<< 's_flipper_right_upper' active >>>>>>>
2026-03-03 13:41:16,118 : INFO : EventManager : Event: ======'machine_var_audits_switches_s_flipper_right_upper'====== Args={'value': 790, 'prev_value': 789, 'change': 1}
2026-03-03 13:41:16,142 : INFO : SwitchController : <<<<<<< 's_flipper_right_upper_eos' active >>>>>>>
2026-03-03 13:41:16,143 : INFO : EventManager : Event: ======'machine_var_audits_switches_s_flipper_right_upper_eos'====== Args={'value': 597, 'prev_value': 596, 'change': 1}
2026-03-03 13:41:16,233 : INFO : SwitchController : <<<<<<< 's_flipper_right_upper' inactive >>>>>>>
2026-03-03 13:41:16,341 : INFO : SwitchController : <<<<<<< 's_flipper_right_upper_eos' inactive >>>>>>>
2026-03-03 13:41:16,485 : INFO : SwitchController : <<<<<<< 's_flipper_right_upper' active >>>>>>>
2026-03-03 13:41:16,485 : INFO : EventManager : Event: ======'machine_var_audits_switches_s_flipper_right_upper'====== Args={'value': 791, 'prev_value': 790, 'change': 1}
2026-03-03 13:41:16,508 : INFO : SwitchController : <<<<<<< 's_flipper_right_upper_eos' active >>>>>>>
2026-03-03 13:41:16,508 : INFO : EventManager : Event: ======'machine_var_audits_switches_s_flipper_right_upper_eos'====== Args={'value': 598, 'prev_value': 597, 'change': 1}
2026-03-03 13:41:16,634 : INFO : SwitchController : <<<<<<< 's_flipper_right_upper' inactive >>>>>>>
2026-03-03 13:41:16,743 : INFO : SwitchController : <<<<<<< 's_flipper_right_upper_eos' inactive >>>>>>>
2026-03-03 13:41:23,120 : INFO : SwitchController : <<<<<<< 's_flipper_right_upper' active >>>>>>>
2026-03-03 13:41:23,120 : INFO : EventManager : Event: ======'machine_var_audits_switches_s_flipper_right_upper'====== Args={'value': 792, 'prev_value': 791, 'change': 1}
2026-03-03 13:41:23,142 : INFO : SwitchController : <<<<<<< 's_flipper_right_upper_eos' active >>>>>>>
2026-03-03 13:41:23,142 : INFO : EventManager : Event: ======'machine_var_audits_switches_s_flipper_right_upper_eos'====== Args={'value': 599, 'prev_value': 598, 'change': 1}
2026-03-03 13:41:23,325 : INFO : SwitchController : <<<<<<< 's_flipper_right_upper' inactive >>>>>>>
2026-03-03 13:41:23,434 : INFO : SwitchController : <<<<<<< 's_flipper_right_upper_eos' inactive >>>>>>>
2026-03-03 13:41:23,531 : INFO : SwitchController : <<<<<<< 's_flipper_right_upper' active >>>>>>>
2026-03-03 13:41:23,531 : INFO : EventManager : Event: ======'machine_var_audits_switches_s_flipper_right_upper'====== Args={'value': 793, 'prev_value': 792, 'change': 1}
2026-03-03 13:41:23,554 : INFO : SwitchController : <<<<<<< 's_flipper_right_upper_eos' active >>>>>>>
2026-03-03 13:41:23,554 : INFO : EventManager : Event: ======'machine_var_audits_switches_s_flipper_right_upper_eos'====== Args={'value': 600, 'prev_value': 599, 'change': 1}
2026-03-03 13:41:23,714 : INFO : SwitchController : <<<<<<< 's_flipper_right_upper' inactive >>>>>>>
2026-03-03 13:41:23,821 : INFO : SwitchController : <<<<<<< 's_flipper_right_upper_eos' inactive >>>>>>>
2026-03-03 13:41:23,940 : INFO : SwitchController : <<<<<<< 's_flipper_right_upper' active >>>>>>>
2026-03-03 13:41:23,940 : INFO : EventManager : Event: ======'machine_var_audits_switches_s_flipper_right_upper'====== Args={'value': 794, 'prev_value': 793, 'change': 1}
2026-03-03 13:41:23,964 : INFO : SwitchController : <<<<<<< 's_flipper_right_upper_eos' active >>>>>>>
2026-03-03 13:41:23,964 : INFO : EventManager : Event: ======'machine_var_audits_switches_s_flipper_right_upper_eos'====== Args={'value': 601, 'prev_value': 600, 'change': 1}
2026-03-03 13:41:24,119 : INFO : SwitchController : <<<<<<< 's_flipper_right_upper' inactive >>>>>>>
2026-03-03 13:41:24,226 : INFO : SwitchController : <<<<<<< 's_flipper_right_upper_eos' inactive >>>>>>>
2026-03-03 13:41:24,330 : INFO : SwitchController : <<<<<<< 's_flipper_right_upper' active >>>>>>>
2026-03-03 13:41:24,331 : INFO : EventManager : Event: ======'machine_var_audits_switches_s_flipper_right_upper'====== Args={'value': 795, 'prev_value': 794, 'change': 1}
2026-03-03 13:41:24,355 : INFO : SwitchController : <<<<<<< 's_flipper_right_upper_eos' active >>>>>>>
2026-03-03 13:41:24,355 : INFO : EventManager : Event: ======'machine_var_audits_switches_s_flipper_right_upper_eos'====== Args={'value': 602, 'prev_value': 601, 'change': 1}
2026-03-03 13:41:24,542 : INFO : SwitchController : <<<<<<< 's_flipper_right_upper' inactive >>>>>>>
2026-03-03 13:41:24,652 : INFO : SwitchController : <<<<<<< 's_flipper_right_upper_eos' inactive >>>>>>>
2026-03-03 13:41:35,479 : INFO : SwitchController : <<<<<<< 's_flipper_right_upper' active >>>>>>>
2026-03-03 13:41:35,479 : INFO : EventManager : Event: ======'machine_var_audits_switches_s_flipper_right_upper'====== Args={'value': 796, 'prev_value': 795, 'change': 1}
2026-03-03 13:41:35,795 : INFO : SwitchController : <<<<<<< 's_flipper_right_upper' inactive >>>>>>>
2026-03-03 13:41:35,871 : INFO : SwitchController : <<<<<<< 's_flipper_right_upper' active >>>>>>>
2026-03-03 13:41:35,871 : INFO : EventManager : Event: ======'machine_var_audits_switches_s_flipper_right_upper'====== Args={'value': 797, 'prev_value': 796, 'change': 1}
2026-03-03 13:41:36,039 : INFO : SwitchController : <<<<<<< 's_flipper_right_upper' inactive >>>>>>>
2026-03-03 13:41:36,178 : INFO : SwitchController : <<<<<<< 's_flipper_right_upper' active >>>>>>>
2026-03-03 13:41:36,178 : INFO : EventManager : Event: ======'machine_var_audits_switches_s_flipper_right_upper'====== Args={'value': 798, 'prev_value': 797, 'change': 1}
2026-03-03 13:41:36,371 : INFO : SwitchController : <<<<<<< 's_flipper_right_upper' inactive >>>>>>>
2026-03-03 13:41:36,473 : INFO : SwitchController : <<<<<<< 's_flipper_right_upper' active >>>>>>>
2026-03-03 13:41:36,473 : INFO : EventManager : Event: ======'machine_var_audits_switches_s_flipper_right_upper'====== Args={'value': 799, 'prev_value': 798, 'change': 1}
2026-03-03 13:41:36,669 : INFO : SwitchController : <<<<<<< 's_flipper_right_upper' inactive >>>>>>>
2026-03-03 13:41:39,330 : INFO : SwitchController : <<<<<<< 's_flipper_right_upper' active >>>>>>>
2026-03-03 13:41:39,330 : INFO : EventManager : Event: ======'machine_var_audits_switches_s_flipper_right_upper'====== Args={'value': 800, 'prev_value': 799, 'change': 1}
2026-03-03 13:41:39,352 : INFO : SwitchController : <<<<<<< 's_flipper_right_upper_eos' active >>>>>>>
2026-03-03 13:41:39,352 : INFO : EventManager : Event: ======'machine_var_audits_switches_s_flipper_right_upper_eos'====== Args={'value': 603, 'prev_value': 602, 'change': 1}
2026-03-03 13:41:39,559 : INFO : SwitchController : <<<<<<< 's_flipper_right_upper' inactive >>>>>>>
2026-03-03 13:41:39,668 : INFO : SwitchController : <<<<<<< 's_flipper_right_upper_eos' inactive >>>>>>>
2026-03-03 13:41:40,395 : INFO : SwitchController : <<<<<<< 's_flipper_right_upper' active >>>>>>>
2026-03-03 13:41:40,395 : INFO : EventManager : Event: ======'machine_var_audits_switches_s_flipper_right_upper'====== Args={'value': 801, 'prev_value': 800, 'change': 1}
2026-03-03 13:41:40,419 : INFO : SwitchController : <<<<<<< 's_flipper_right_upper_eos' active >>>>>>>
2026-03-03 13:41:40,419 : INFO : EventManager : Event: ======'machine_var_audits_switches_s_flipper_right_upper_eos'====== Args={'value': 604, 'prev_value': 603, 'change': 1}
2026-03-03 13:41:41,824 : INFO : SwitchController : <<<<<<< 's_flipper_right_upper' inactive >>>>>>>
2026-03-03 13:41:41,932 : INFO : SwitchController : <<<<<<< 's_flipper_right_upper_eos' inactive >>>>>>>
2026-03-03 13:41:42,545 : INFO : SwitchController : <<<<<<< 's_flipper_right_upper' active >>>>>>>
2026-03-03 13:41:42,546 : INFO : EventManager : Event: ======'machine_var_audits_switches_s_flipper_right_upper'====== Args={'value': 802, 'prev_value': 801, 'change': 1}
2026-03-03 13:41:42,568 : INFO : SwitchController : <<<<<<< 's_flipper_right_upper_eos' active >>>>>>>
2026-03-03 13:41:42,569 : INFO : EventManager : Event: ======'machine_var_audits_switches_s_flipper_right_upper_eos'====== Args={'value': 605, 'prev_value': 604, 'change': 1}
2026-03-03 13:41:43,200 : INFO : SwitchController : <<<<<<< 's_flipper_right_upper' inactive >>>>>>>
2026-03-03 13:41:43,207 : INFO : SwitchController : <<<<<<< 's_flipper_right_upper' active >>>>>>>
2026-03-03 13:41:43,207 : INFO : EventManager : Event: ======'machine_var_audits_switches_s_flipper_right_upper'====== Args={'value': 803, 'prev_value': 802, 'change': 1}
2026-03-03 13:41:43,357 : INFO : SwitchController : <<<<<<< 's_flipper_right_upper' inactive >>>>>>>
2026-03-03 13:41:43,466 : INFO : SwitchController : <<<<<<< 's_flipper_right_upper_eos' inactive >>>>>>>
2026-03-03 13:41:57,109 : INFO : SwitchController : <<<<<<< 's_flipper_right_upper' active >>>>>>>
2026-03-03 13:41:57,109 : INFO : EventManager : Event: ======'machine_var_audits_switches_s_flipper_right_upper'====== Args={'value': 804, 'prev_value': 803, 'change': 1}
2026-03-03 13:41:57,132 : INFO : SwitchController : <<<<<<< 's_flipper_right_upper_eos' active >>>>>>>
2026-03-03 13:41:57,132 : INFO : EventManager : Event: ======'machine_var_audits_switches_s_flipper_right_upper_eos'====== Args={'value': 606, 'prev_value': 605, 'change': 1}
2026-03-03 13:41:58,363 : INFO : SwitchController : <<<<<<< 's_flipper_right_upper' inactive >>>>>>>
2026-03-03 13:41:58,472 : INFO : SwitchController : <<<<<<< 's_flipper_right_upper_eos' inactive >>>>>>>
2026-03-03 13:41:59,030 : INFO : SwitchController : <<<<<<< 's_flipper_right_upper' active >>>>>>>
2026-03-03 13:41:59,030 : INFO : EventManager : Event: ======'machine_var_audits_switches_s_flipper_right_upper'====== Args={'value': 805, 'prev_value': 804, 'change': 1}
2026-03-03 13:41:59,051 : INFO : SwitchController : <<<<<<< 's_flipper_right_upper_eos' active >>>>>>>
2026-03-03 13:41:59,052 : INFO : EventManager : Event: ======'machine_var_audits_switches_s_flipper_right_upper_eos'====== Args={'value': 607, 'prev_value': 606, 'change': 1}
2026-03-03 13:41:59,297 : INFO : SwitchController : <<<<<<< 's_flipper_right_upper' inactive >>>>>>>
2026-03-03 13:41:59,405 : INFO : SwitchController : <<<<<<< 's_flipper_right_upper_eos' inactive >>>>>>>
2026-03-03 13:42:11,163 : INFO : SwitchController : <<<<<<< 's_flipper_right_upper' active >>>>>>>
2026-03-03 13:42:11,163 : INFO : EventManager : Event: ======'machine_var_audits_switches_s_flipper_right_upper'====== Args={'value': 806, 'prev_value': 805, 'change': 1}
2026-03-03 13:42:11,186 : INFO : SwitchController : <<<<<<< 's_flipper_right_upper_eos' active >>>>>>>
2026-03-03 13:42:11,186 : INFO : EventManager : Event: ======'machine_var_audits_switches_s_flipper_right_upper_eos'====== Args={'value': 608, 'prev_value': 607, 'change': 1}
2026-03-03 13:42:11,264 : INFO : SwitchController : <<<<<<< 's_flipper_right_lower' active >>>>>>>
2026-03-03 13:42:11,265 : INFO : EventManager : Event: ======'machine_var_audits_switches_s_flipper_right_lower'====== Args={'value': 982, 'prev_value': 981, 'change': 1}
2026-03-03 13:42:11,304 : INFO : SwitchController : <<<<<<< 's_flipper_right_lower_eos' inactive >>>>>>>
2026-03-03 13:42:12,138 : INFO : SwitchController : <<<<<<< 's_flipper_right_lower' inactive >>>>>>>
2026-03-03 13:42:12,139 : INFO : SwitchController : <<<<<<< 's_flipper_right_upper' inactive >>>>>>>
2026-03-03 13:42:12,233 : INFO : SwitchController : <<<<<<< 's_flipper_right_lower_eos' active >>>>>>>
2026-03-03 13:42:12,233 : INFO : EventManager : Event: ======'machine_var_audits_switches_s_flipper_right_lower_eos'====== Args={'value': 631, 'prev_value': 630, 'change': 1}
2026-03-03 13:42:12,248 : INFO : SwitchController : <<<<<<< 's_flipper_right_upper_eos' inactive >>>>>>>
2026-03-03 13:42:12,617 : INFO : SwitchController : <<<<<<< 's_flipper_right_upper' active >>>>>>>
2026-03-03 13:42:12,617 : INFO : EventManager : Event: ======'machine_var_audits_switches_s_flipper_right_upper'====== Args={'value': 807, 'prev_value': 806, 'change': 1}
2026-03-03 13:42:12,621 : INFO : SwitchController : <<<<<<< 's_flipper_right_lower' active >>>>>>>
2026-03-03 13:42:12,621 : INFO : EventManager : Event: ======'machine_var_audits_switches_s_flipper_right_lower'====== Args={'value': 983, 'prev_value': 982, 'change': 1}
2026-03-03 13:42:12,641 : INFO : SwitchController : <<<<<<< 's_flipper_right_upper_eos' active >>>>>>>
2026-03-03 13:42:12,641 : INFO : EventManager : Event: ======'machine_var_audits_switches_s_flipper_right_upper_eos'====== Args={'value': 609, 'prev_value': 608, 'change': 1}
2026-03-03 13:42:12,657 : INFO : SwitchController : <<<<<<< 's_flipper_right_lower_eos' inactive >>>>>>>
2026-03-03 13:42:12,827 : INFO : SwitchController : <<<<<<< 's_flipper_right_lower' inactive >>>>>>>
2026-03-03 13:42:12,828 : INFO : SwitchController : <<<<<<< 's_flipper_right_upper' inactive >>>>>>>
2026-03-03 13:42:12,929 : INFO : SwitchController : <<<<<<< 's_flipper_right_lower_eos' active >>>>>>>
2026-03-03 13:42:12,929 : INFO : EventManager : Event: ======'machine_var_audits_switches_s_flipper_right_lower_eos'====== Args={'value': 632, 'prev_value': 631, 'change': 1}
2026-03-03 13:42:12,935 : INFO : SwitchController : <<<<<<< 's_flipper_right_upper_eos' inactive >>>>>>>
2026-03-03 13:42:13,200 : INFO : SwitchController : <<<<<<< 's_flipper_right_upper' active >>>>>>>
2026-03-03 13:42:13,200 : INFO : EventManager : Event: ======'machine_var_audits_switches_s_flipper_right_upper'====== Args={'value': 808, 'prev_value': 807, 'change': 1}
2026-03-03 13:42:13,201 : INFO : SwitchController : <<<<<<< 's_flipper_right_lower' active >>>>>>>
2026-03-03 13:42:13,202 : INFO : EventManager : Event: ======'machine_var_audits_switches_s_flipper_right_lower'====== Args={'value': 984, 'prev_value': 983, 'change': 1}
2026-03-03 13:42:13,224 : INFO : SwitchController : <<<<<<< 's_flipper_right_upper_eos' active >>>>>>>
2026-03-03 13:42:13,224 : INFO : EventManager : Event: ======'machine_var_audits_switches_s_flipper_right_upper_eos'====== Args={'value': 610, 'prev_value': 609, 'change': 1}
2026-03-03 13:42:13,241 : INFO : SwitchController : <<<<<<< 's_flipper_right_lower_eos' inactive >>>>>>>
2026-03-03 13:42:13,366 : INFO : SwitchController : <<<<<<< 's_flipper_right_lower' inactive >>>>>>>
2026-03-03 13:42:13,366 : INFO : SwitchController : <<<<<<< 's_flipper_right_upper' inactive >>>>>>>
2026-03-03 13:42:13,473 : INFO : SwitchController : <<<<<<< 's_flipper_right_lower_eos' active >>>>>>>
2026-03-03 13:42:13,473 : INFO : EventManager : Event: ======'machine_var_audits_switches_s_flipper_right_lower_eos'====== Args={'value': 633, 'prev_value': 632, 'change': 1}
2026-03-03 13:42:13,474 : INFO : SwitchController : <<<<<<< 's_flipper_right_upper_eos' inactive >>>>>>>
2026-03-03 13:42:13,733 : INFO : SwitchController : <<<<<<< 's_flipper_right_upper' active >>>>>>>
2026-03-03 13:42:13,733 : INFO : EventManager : Event: ======'machine_var_audits_switches_s_flipper_right_upper'====== Args={'value': 809, 'prev_value': 808, 'change': 1}
2026-03-03 13:42:13,740 : INFO : SwitchController : <<<<<<< 's_flipper_right_lower' active >>>>>>>
2026-03-03 13:42:13,740 : INFO : EventManager : Event: ======'machine_var_audits_switches_s_flipper_right_lower'====== Args={'value': 985, 'prev_value': 984, 'change': 1}
2026-03-03 13:42:13,757 : INFO : SwitchController : <<<<<<< 's_flipper_right_upper_eos' active >>>>>>>
2026-03-03 13:42:13,757 : INFO : EventManager : Event: ======'machine_var_audits_switches_s_flipper_right_upper_eos'====== Args={'value': 611, 'prev_value': 610, 'change': 1}
2026-03-03 13:42:13,778 : INFO : SwitchController : <<<<<<< 's_flipper_right_lower_eos' inactive >>>>>>>
2026-03-03 13:42:13,899 : INFO : SwitchController : <<<<<<< 's_flipper_right_lower' inactive >>>>>>>
2026-03-03 13:42:13,899 : INFO : SwitchController : <<<<<<< 's_flipper_right_upper' inactive >>>>>>>
2026-03-03 13:42:13,985 : INFO : SwitchController : <<<<<<< 's_flipper_right_lower_eos' active >>>>>>>
2026-03-03 13:42:13,986 : INFO : EventManager : Event: ======'machine_var_audits_switches_s_flipper_right_lower_eos'====== Args={'value': 634, 'prev_value': 633, 'change': 1}
2026-03-03 13:42:14,000 : INFO : SwitchController : <<<<<<< 's_flipper_right_upper_eos' inactive >>>>>>>
2026-03-03 13:42:14,304 : INFO : SwitchController : <<<<<<< 's_flipper_right_upper' active >>>>>>>
2026-03-03 13:42:14,304 : INFO : EventManager : Event: ======'machine_var_audits_switches_s_flipper_right_upper'====== Args={'value': 810, 'prev_value': 809, 'change': 1}
2026-03-03 13:42:14,305 : INFO : SwitchController : <<<<<<< 's_flipper_right_lower' active >>>>>>>
2026-03-03 13:42:14,305 : INFO : EventManager : Event: ======'machine_var_audits_switches_s_flipper_right_lower'====== Args={'value': 986, 'prev_value': 985, 'change': 1}
2026-03-03 13:42:14,327 : INFO : SwitchController : <<<<<<< 's_flipper_right_upper_eos' active >>>>>>>
2026-03-03 13:42:14,327 : INFO : EventManager : Event: ======'machine_var_audits_switches_s_flipper_right_upper_eos'====== Args={'value': 612, 'prev_value': 611, 'change': 1}
2026-03-03 13:42:14,344 : INFO : SwitchController : <<<<<<< 's_flipper_right_lower_eos' inactive >>>>>>>
2026-03-03 13:42:14,454 : INFO : SwitchController : <<<<<<< 's_flipper_right_lower' inactive >>>>>>>
2026-03-03 13:42:14,454 : INFO : SwitchController : <<<<<<< 's_flipper_right_upper' inactive >>>>>>>
2026-03-03 13:42:14,549 : INFO : SwitchController : <<<<<<< 's_flipper_right_lower_eos' active >>>>>>>
2026-03-03 13:42:14,550 : INFO : EventManager : Event: ======'machine_var_audits_switches_s_flipper_right_lower_eos'====== Args={'value': 635, 'prev_value': 634, 'change': 1}
2026-03-03 13:42:14,565 : INFO : SwitchController : <<<<<<< 's_flipper_right_upper_eos' inactive >>>>>>>
2026-03-03 13:42:14,845 : INFO : SwitchController : <<<<<<< 's_flipper_right_upper' active >>>>>>>
2026-03-03 13:42:14,845 : INFO : EventManager : Event: ======'machine_var_audits_switches_s_flipper_right_upper'====== Args={'value': 811, 'prev_value': 810, 'change': 1}
2026-03-03 13:42:14,846 : INFO : SwitchController : <<<<<<< 's_flipper_right_lower' active >>>>>>>
2026-03-03 13:42:14,846 : INFO : EventManager : Event: ======'machine_var_audits_switches_s_flipper_right_lower'====== Args={'value': 987, 'prev_value': 986, 'change': 1}
2026-03-03 13:42:14,869 : INFO : SwitchController : <<<<<<< 's_flipper_right_upper_eos' active >>>>>>>
2026-03-03 13:42:14,869 : INFO : EventManager : Event: ======'machine_var_audits_switches_s_flipper_right_upper_eos'====== Args={'value': 613, 'prev_value': 612, 'change': 1}
2026-03-03 13:42:15,007 : INFO : SwitchController : <<<<<<< 's_flipper_right_lower' inactive >>>>>>>
2026-03-03 13:42:15,007 : INFO : SwitchController : <<<<<<< 's_flipper_right_upper' inactive >>>>>>>
2026-03-03 13:42:15,113 : INFO : SwitchController : <<<<<<< 's_flipper_right_upper_eos' inactive >>>>>>>
2026-03-03 13:42:15,388 : INFO : SwitchController : <<<<<<< 's_flipper_right_upper' active >>>>>>>
2026-03-03 13:42:15,388 : INFO : EventManager : Event: ======'machine_var_audits_switches_s_flipper_right_upper'====== Args={'value': 812, 'prev_value': 811, 'change': 1}
2026-03-03 13:42:15,390 : INFO : SwitchController : <<<<<<< 's_flipper_right_lower' active >>>>>>>
2026-03-03 13:42:15,390 : INFO : EventManager : Event: ======'machine_var_audits_switches_s_flipper_right_lower'====== Args={'value': 988, 'prev_value': 987, 'change': 1}
2026-03-03 13:42:15,411 : INFO : SwitchController : <<<<<<< 's_flipper_right_upper_eos' active >>>>>>>
2026-03-03 13:42:15,412 : INFO : EventManager : Event: ======'machine_var_audits_switches_s_flipper_right_upper_eos'====== Args={'value': 614, 'prev_value': 613, 'change': 1}
2026-03-03 13:42:15,429 : INFO : SwitchController : <<<<<<< 's_flipper_right_lower_eos' inactive >>>>>>>
2026-03-03 13:42:15,566 : INFO : SwitchController : <<<<<<< 's_flipper_right_lower' inactive >>>>>>>
2026-03-03 13:42:15,567 : INFO : SwitchController : <<<<<<< 's_flipper_right_upper' inactive >>>>>>>
2026-03-03 13:42:15,661 : INFO : SwitchController : <<<<<<< 's_flipper_right_lower_eos' active >>>>>>>
2026-03-03 13:42:15,662 : INFO : EventManager : Event: ======'machine_var_audits_switches_s_flipper_right_lower_eos'====== Args={'value': 636, 'prev_value': 635, 'change': 1}
2026-03-03 13:42:15,676 : INFO : SwitchController : <<<<<<< 's_flipper_right_upper_eos' inactive >>>>>>>
2026-03-03 13:42:15,931 : INFO : SwitchController : <<<<<<< 's_flipper_right_lower' active >>>>>>>
2026-03-03 13:42:15,931 : INFO : EventManager : Event: ======'machine_var_audits_switches_s_flipper_right_lower'====== Args={'value': 989, 'prev_value': 988, 'change': 1}
2026-03-03 13:42:15,932 : INFO : SwitchController : <<<<<<< 's_flipper_right_upper' active >>>>>>>
2026-03-03 13:42:15,932 : INFO : EventManager : Event: ======'machine_var_audits_switches_s_flipper_right_upper'====== Args={'value': 813, 'prev_value': 812, 'change': 1}
2026-03-03 13:42:15,952 : INFO : SwitchController : <<<<<<< 's_flipper_right_upper_eos' active >>>>>>>
2026-03-03 13:42:15,952 : INFO : EventManager : Event: ======'machine_var_audits_switches_s_flipper_right_upper_eos'====== Args={'value': 615, 'prev_value': 614, 'change': 1}
2026-03-03 13:42:15,969 : INFO : SwitchController : <<<<<<< 's_flipper_right_lower_eos' inactive >>>>>>>
2026-03-03 13:42:16,241 : INFO : SwitchController : <<<<<<< 's_flipper_right_lower' inactive >>>>>>>
2026-03-03 13:42:16,242 : INFO : SwitchController : <<<<<<< 's_flipper_right_upper' inactive >>>>>>>
2026-03-03 13:42:16,310 : INFO : SwitchController : <<<<<<< 's_flipper_right_lower_eos' active >>>>>>>
2026-03-03 13:42:16,310 : INFO : EventManager : Event: ======'machine_var_audits_switches_s_flipper_right_lower_eos'====== Args={'value': 637, 'prev_value': 636, 'change': 1}
2026-03-03 13:42:16,350 : INFO : SwitchController : <<<<<<< 's_flipper_right_upper_eos' inactive >>>>>>>
2026-03-03 13:42:16,706 : INFO : SwitchController : <<<<<<< 's_flipper_right_lower' active >>>>>>>
2026-03-03 13:42:16,707 : INFO : EventManager : Event: ======'machine_var_audits_switches_s_flipper_right_lower'====== Args={'value': 990, 'prev_value': 989, 'change': 1}
2026-03-03 13:42:16,707 : INFO : SwitchController : <<<<<<< 's_flipper_right_upper' active >>>>>>>
2026-03-03 13:42:16,707 : INFO : EventManager : Event: ======'machine_var_audits_switches_s_flipper_right_upper'====== Args={'value': 814, 'prev_value': 813, 'change': 1}
2026-03-03 13:42:16,732 : INFO : SwitchController : <<<<<<< 's_flipper_right_upper_eos' active >>>>>>>
2026-03-03 13:42:16,732 : INFO : EventManager : Event: ======'machine_var_audits_switches_s_flipper_right_upper_eos'====== Args={'value': 616, 'prev_value': 615, 'change': 1}
2026-03-03 13:42:16,747 : INFO : SwitchController : <<<<<<< 's_flipper_right_lower_eos' inactive >>>>>>>
2026-03-03 13:42:17,169 : INFO : SwitchController : <<<<<<< 's_flipper_right_lower' inactive >>>>>>>
2026-03-03 13:42:17,170 : INFO : SwitchController : <<<<<<< 's_flipper_right_upper' inactive >>>>>>>
2026-03-03 13:42:17,264 : INFO : SwitchController : <<<<<<< 's_flipper_right_lower_eos' active >>>>>>>
2026-03-03 13:42:17,265 : INFO : EventManager : Event: ======'machine_var_audits_switches_s_flipper_right_lower_eos'====== Args={'value': 638, 'prev_value': 637, 'change': 1}
2026-03-03 13:42:17,279 : INFO : SwitchController : <<<<<<< 's_flipper_right_upper_eos' inactive >>>>>>>
2026-03-03 13:42:17,761 : INFO : SwitchController : <<<<<<< 's_flipper_right_upper' active >>>>>>>
2026-03-03 13:42:17,762 : INFO : EventManager : Event: ======'machine_var_audits_switches_s_flipper_right_upper'====== Args={'value': 815, 'prev_value': 814, 'change': 1}
2026-03-03 13:42:17,764 : INFO : SwitchController : <<<<<<< 's_flipper_right_lower' active >>>>>>>
2026-03-03 13:42:17,764 : INFO : EventManager : Event: ======'machine_var_audits_switches_s_flipper_right_lower'====== Args={'value': 991, 'prev_value': 990, 'change': 1}
2026-03-03 13:42:17,785 : INFO : SwitchController : <<<<<<< 's_flipper_right_upper_eos' active >>>>>>>
2026-03-03 13:42:17,785 : INFO : EventManager : Event: ======'machine_var_audits_switches_s_flipper_right_upper_eos'====== Args={'value': 617, 'prev_value': 616, 'change': 1}
2026-03-03 13:42:17,803 : INFO : SwitchController : <<<<<<< 's_flipper_right_lower_eos' inactive >>>>>>>
2026-03-03 13:42:17,876 : INFO : SwitchController : <<<<<<< 's_flipper_right_lower' inactive >>>>>>>
2026-03-03 13:42:17,880 : INFO : SwitchController : <<<<<<< 's_flipper_right_upper' inactive >>>>>>>
2026-03-03 13:42:17,988 : INFO : SwitchController : <<<<<<< 's_flipper_right_upper_eos' inactive >>>>>>>
2026-03-03 13:42:18,654 : INFO : SwitchController : <<<<<<< 's_flipper_right_upper' active >>>>>>>
2026-03-03 13:42:18,654 : INFO : EventManager : Event: ======'machine_var_audits_switches_s_flipper_right_upper'====== Args={'value': 816, 'prev_value': 815, 'change': 1}
2026-03-03 13:42:18,658 : INFO : SwitchController : <<<<<<< 's_flipper_right_lower' active >>>>>>>
2026-03-03 13:42:18,658 : INFO : EventManager : Event: ======'machine_var_audits_switches_s_flipper_right_lower'====== Args={'value': 992, 'prev_value': 991, 'change': 1}
2026-03-03 13:42:18,677 : INFO : SwitchController : <<<<<<< 's_flipper_right_upper_eos' active >>>>>>>
2026-03-03 13:42:18,677 : INFO : EventManager : Event: ======'machine_var_audits_switches_s_flipper_right_upper_eos'====== Args={'value': 618, 'prev_value': 617, 'change': 1}
2026-03-03 13:42:18,847 : INFO : SwitchController : <<<<<<< 's_flipper_right_lower' inactive >>>>>>>
2026-03-03 13:42:18,849 : INFO : SwitchController : <<<<<<< 's_flipper_right_upper' inactive >>>>>>>
2026-03-03 13:42:18,958 : INFO : SwitchController : <<<<<<< 's_flipper_right_upper_eos' inactive >>>>>>>
2026-03-03 13:42:19,261 : INFO : SwitchController : <<<<<<< 's_flipper_right_upper' active >>>>>>>
2026-03-03 13:42:19,262 : INFO : EventManager : Event: ======'machine_var_audits_switches_s_flipper_right_upper'====== Args={'value': 817, 'prev_value': 816, 'change': 1}
2026-03-03 13:42:19,263 : INFO : SwitchController : <<<<<<< 's_flipper_right_lower' active >>>>>>>
2026-03-03 13:42:19,263 : INFO : EventManager : Event: ======'machine_var_audits_switches_s_flipper_right_lower'====== Args={'value': 993, 'prev_value': 992, 'change': 1}
2026-03-03 13:42:19,285 : INFO : SwitchController : <<<<<<< 's_flipper_right_upper_eos' active >>>>>>>
2026-03-03 13:42:19,286 : INFO : EventManager : Event: ======'machine_var_audits_switches_s_flipper_right_upper_eos'====== Args={'value': 619, 'prev_value': 618, 'change': 1}
2026-03-03 13:42:19,488 : INFO : SwitchController : <<<<<<< 's_flipper_right_lower' inactive >>>>>>>
2026-03-03 13:42:19,489 : INFO : SwitchController : <<<<<<< 's_flipper_right_upper' inactive >>>>>>>
2026-03-03 13:42:19,600 : INFO : SwitchController : <<<<<<< 's_flipper_right_upper_eos' inactive >>>>>>>
2026-03-03 13:42:19,761 : INFO : SwitchController : <<<<<<< 's_flipper_right_lower' active >>>>>>>
2026-03-03 13:42:19,761 : INFO : EventManager : Event: ======'machine_var_audits_switches_s_flipper_right_lower'====== Args={'value': 994, 'prev_value': 993, 'change': 1}
2026-03-03 13:42:19,761 : INFO : SwitchController : <<<<<<< 's_flipper_right_upper' active >>>>>>>
2026-03-03 13:42:19,761 : INFO : EventManager : Event: ======'machine_var_audits_switches_s_flipper_right_upper'====== Args={'value': 818, 'prev_value': 817, 'change': 1}
2026-03-03 13:42:19,785 : INFO : SwitchController : <<<<<<< 's_flipper_right_upper_eos' active >>>>>>>
2026-03-03 13:42:19,785 : INFO : EventManager : Event: ======'machine_var_audits_switches_s_flipper_right_upper_eos'====== Args={'value': 620, 'prev_value': 619, 'change': 1}
2026-03-03 13:42:19,907 : INFO : SwitchController : <<<<<<< 's_flipper_right_lower' inactive >>>>>>>
2026-03-03 13:42:19,907 : INFO : SwitchController : <<<<<<< 's_flipper_right_upper' inactive >>>>>>>
2026-03-03 13:42:20,016 : INFO : SwitchController : <<<<<<< 's_flipper_right_upper_eos' inactive >>>>>>>
2026-03-03 13:42:20,472 : INFO : SwitchController : <<<<<<< 's_flipper_right_upper' active >>>>>>>
2026-03-03 13:42:20,473 : INFO : EventManager : Event: ======'machine_var_audits_switches_s_flipper_right_upper'====== Args={'value': 819, 'prev_value': 818, 'change': 1}
2026-03-03 13:42:20,474 : INFO : SwitchController : <<<<<<< 's_flipper_right_lower' active >>>>>>>
2026-03-03 13:42:20,474 : INFO : EventManager : Event: ======'machine_var_audits_switches_s_flipper_right_lower'====== Args={'value': 995, 'prev_value': 994, 'change': 1}
2026-03-03 13:42:20,639 : INFO : SwitchController : <<<<<<< 's_flipper_right_lower' inactive >>>>>>>
2026-03-03 13:42:20,639 : INFO : SwitchController : <<<<<<< 's_flipper_right_upper' inactive >>>>>>>
2026-03-03 13:42:23,045 : INFO : SwitchController : <<<<<<< 's_flipper_right_upper' active >>>>>>>
2026-03-03 13:42:23,046 : INFO : EventManager : Event: ======'machine_var_audits_switches_s_flipper_right_upper'====== Args={'value': 820, 'prev_value': 819, 'change': 1}
2026-03-03 13:42:23,055 : INFO : SwitchController : <<<<<<< 's_flipper_right_lower' active >>>>>>>
2026-03-03 13:42:23,055 : INFO : EventManager : Event: ======'machine_var_audits_switches_s_flipper_right_lower'====== Args={'value': 996, 'prev_value': 995, 'change': 1}
2026-03-03 13:42:23,275 : INFO : SwitchController : <<<<<<< 's_flipper_right_lower' inactive >>>>>>>
2026-03-03 13:42:23,276 : INFO : SwitchController : <<<<<<< 's_flipper_right_upper' inactive >>>>>>>
2026-03-03 13:42:23,802 : INFO : SwitchController : <<<<<<< 's_flipper_right_upper' active >>>>>>>
2026-03-03 13:42:23,802 : INFO : EventManager : Event: ======'machine_var_audits_switches_s_flipper_right_upper'====== Args={'value': 821, 'prev_value': 820, 'change': 1}
2026-03-03 13:42:23,803 : INFO : SwitchController : <<<<<<< 's_flipper_right_lower' active >>>>>>>
2026-03-03 13:42:23,803 : INFO : EventManager : Event: ======'machine_var_audits_switches_s_flipper_right_lower'====== Args={'value': 997, 'prev_value': 996, 'change': 1}
2026-03-03 13:42:23,826 : INFO : SwitchController : <<<<<<< 's_flipper_right_upper_eos' active >>>>>>>
2026-03-03 13:42:23,826 : INFO : EventManager : Event: ======'machine_var_audits_switches_s_flipper_right_upper_eos'====== Args={'value': 621, 'prev_value': 620, 'change': 1}
2026-03-03 13:42:23,902 : INFO : SwitchController : <<<<<<< 's_flipper_right_lower' inactive >>>>>>>
2026-03-03 13:42:23,902 : INFO : SwitchController : <<<<<<< 's_flipper_right_upper' inactive >>>>>>>
2026-03-03 13:42:24,012 : INFO : SwitchController : <<<<<<< 's_flipper_right_upper_eos' inactive >>>>>>>
2026-03-03 13:42:24,575 : INFO : SwitchController : <<<<<<< 's_flipper_right_lower_eos' active >>>>>>>
2026-03-03 13:42:24,575 : INFO : EventManager : Event: ======'machine_var_audits_switches_s_flipper_right_lower_eos'====== Args={'value': 639, 'prev_value': 638, 'change': 1}
2026-03-03 13:42:26,999 : INFO : SwitchController : <<<<<<< 's_flipper_right_upper' active >>>>>>>
2026-03-03 13:42:26,999 : INFO : EventManager : Event: ======'machine_var_audits_switches_s_flipper_right_upper'====== Args={'value': 822, 'prev_value': 821, 'change': 1}
2026-03-03 13:42:27,016 : INFO : SwitchController : <<<<<<< 's_flipper_right_lower' active >>>>>>>
2026-03-03 13:42:27,016 : INFO : EventManager : Event: ======'machine_var_audits_switches_s_flipper_right_lower'====== Args={'value': 998, 'prev_value': 997, 'change': 1}
2026-03-03 13:42:27,021 : INFO : SwitchController : <<<<<<< 's_flipper_right_upper_eos' active >>>>>>>
2026-03-03 13:42:27,021 : INFO : EventManager : Event: ======'machine_var_audits_switches_s_flipper_right_upper_eos'====== Args={'value': 622, 'prev_value': 621, 'change': 1}
2026-03-03 13:42:27,208 : INFO : SwitchController : <<<<<<< 's_flipper_right_lower' inactive >>>>>>>
2026-03-03 13:42:27,208 : INFO : SwitchController : <<<<<<< 's_flipper_right_upper' inactive >>>>>>>
2026-03-03 13:42:27,318 : INFO : SwitchController : <<<<<<< 's_flipper_right_upper_eos' inactive >>>>>>>
2026-03-03 13:42:27,564 : INFO : SwitchController : <<<<<<< 's_flipper_right_upper' active >>>>>>>
2026-03-03 13:42:27,564 : INFO : EventManager : Event: ======'machine_var_audits_switches_s_flipper_right_upper'====== Args={'value': 823, 'prev_value': 822, 'change': 1}
2026-03-03 13:42:27,566 : INFO : SwitchController : <<<<<<< 's_flipper_right_lower' active >>>>>>>
2026-03-03 13:42:27,566 : INFO : EventManager : Event: ======'machine_var_audits_switches_s_flipper_right_lower'====== Args={'value': 999, 'prev_value': 998, 'change': 1}
2026-03-03 13:42:27,587 : INFO : SwitchController : <<<<<<< 's_flipper_right_upper_eos' active >>>>>>>
2026-03-03 13:42:27,587 : INFO : EventManager : Event: ======'machine_var_audits_switches_s_flipper_right_upper_eos'====== Args={'value': 623, 'prev_value': 622, 'change': 1}
2026-03-03 13:42:27,605 : INFO : SwitchController : <<<<<<< 's_flipper_right_lower_eos' inactive >>>>>>>
2026-03-03 13:42:27,731 : INFO : SwitchController : <<<<<<< 's_flipper_right_lower' inactive >>>>>>>
2026-03-03 13:42:27,732 : INFO : SwitchController : <<<<<<< 's_flipper_right_upper' inactive >>>>>>>
2026-03-03 13:42:27,826 : INFO : SwitchController : <<<<<<< 's_flipper_right_lower_eos' active >>>>>>>
2026-03-03 13:42:27,826 : INFO : EventManager : Event: ======'machine_var_audits_switches_s_flipper_right_lower_eos'====== Args={'value': 640, 'prev_value': 639, 'change': 1}
2026-03-03 13:42:27,843 : INFO : SwitchController : <<<<<<< 's_flipper_right_upper_eos' inactive >>>>>>>
2026-03-03 13:42:28,084 : INFO : SwitchController : <<<<<<< 's_flipper_right_upper' active >>>>>>>
2026-03-03 13:42:28,084 : INFO : EventManager : Event: ======'machine_var_audits_switches_s_flipper_right_upper'====== Args={'value': 824, 'prev_value': 823, 'change': 1}
2026-03-03 13:42:28,086 : INFO : SwitchController : <<<<<<< 's_flipper_right_lower' active >>>>>>>
2026-03-03 13:42:28,086 : INFO : EventManager : Event: ======'machine_var_audits_switches_s_flipper_right_lower'====== Args={'value': 1000, 'prev_value': 999, 'change': 1}
2026-03-03 13:42:28,108 : INFO : SwitchController : <<<<<<< 's_flipper_right_upper_eos' active >>>>>>>
2026-03-03 13:42:28,108 : INFO : EventManager : Event: ======'machine_var_audits_switches_s_flipper_right_upper_eos'====== Args={'value': 624, 'prev_value': 623, 'change': 1}
2026-03-03 13:42:28,123 : INFO : SwitchController : <<<<<<< 's_flipper_right_lower_eos' inactive >>>>>>>
2026-03-03 13:42:28,249 : INFO : SwitchController : <<<<<<< 's_flipper_right_lower' inactive >>>>>>>
2026-03-03 13:42:28,250 : INFO : SwitchController : <<<<<<< 's_flipper_right_upper' inactive >>>>>>>
2026-03-03 13:42:28,345 : INFO : SwitchController : <<<<<<< 's_flipper_right_lower_eos' active >>>>>>>
2026-03-03 13:42:28,346 : INFO : EventManager : Event: ======'machine_var_audits_switches_s_flipper_right_lower_eos'====== Args={'value': 641, 'prev_value': 640, 'change': 1}
2026-03-03 13:42:28,361 : INFO : SwitchController : <<<<<<< 's_flipper_right_upper_eos' inactive >>>>>>>
2026-03-03 13:42:28,594 : INFO : SwitchController : <<<<<<< 's_flipper_right_upper' active >>>>>>>
2026-03-03 13:42:28,594 : INFO : EventManager : Event: ======'machine_var_audits_switches_s_flipper_right_upper'====== Args={'value': 825, 'prev_value': 824, 'change': 1}
2026-03-03 13:42:28,596 : INFO : SwitchController : <<<<<<< 's_flipper_right_lower' active >>>>>>>
2026-03-03 13:42:28,596 : INFO : EventManager : Event: ======'machine_var_audits_switches_s_flipper_right_lower'====== Args={'value': 1001, 'prev_value': 1000, 'change': 1}
2026-03-03 13:42:28,619 : INFO : SwitchController : <<<<<<< 's_flipper_right_upper_eos' active >>>>>>>
2026-03-03 13:42:28,619 : INFO : EventManager : Event: ======'machine_var_audits_switches_s_flipper_right_upper_eos'====== Args={'value': 625, 'prev_value': 624, 'change': 1}
2026-03-03 13:42:28,636 : INFO : SwitchController : <<<<<<< 's_flipper_right_lower_eos' inactive >>>>>>>
2026-03-03 13:42:28,742 : INFO : SwitchController : <<<<<<< 's_flipper_right_lower' inactive >>>>>>>
2026-03-03 13:42:28,743 : INFO : SwitchController : <<<<<<< 's_flipper_right_upper' inactive >>>>>>>
2026-03-03 13:42:28,834 : INFO : SwitchController : <<<<<<< 's_flipper_right_lower_eos' active >>>>>>>
2026-03-03 13:42:28,834 : INFO : EventManager : Event: ======'machine_var_audits_switches_s_flipper_right_lower_eos'====== Args={'value': 642, 'prev_value': 641, 'change': 1}
2026-03-03 13:42:28,853 : INFO : SwitchController : <<<<<<< 's_flipper_right_upper_eos' inactive >>>>>>>
2026-03-03 13:42:29,049 : INFO : SwitchController : <<<<<<< 's_flipper_right_upper' active >>>>>>>
2026-03-03 13:42:29,050 : INFO : EventManager : Event: ======'machine_var_audits_switches_s_flipper_right_upper'====== Args={'value': 826, 'prev_value': 825, 'change': 1}
2026-03-03 13:42:29,051 : INFO : SwitchController : <<<<<<< 's_flipper_right_lower' active >>>>>>>
2026-03-03 13:42:29,051 : INFO : EventManager : Event: ======'machine_var_audits_switches_s_flipper_right_lower'====== Args={'value': 1002, 'prev_value': 1001, 'change': 1}
2026-03-03 13:42:29,074 : INFO : SwitchController : <<<<<<< 's_flipper_right_upper_eos' active >>>>>>>
2026-03-03 13:42:29,074 : INFO : EventManager : Event: ======'machine_var_audits_switches_s_flipper_right_upper_eos'====== Args={'value': 626, 'prev_value': 625, 'change': 1}
2026-03-03 13:42:29,088 : INFO : SwitchController : <<<<<<< 's_flipper_right_lower_eos' inactive >>>>>>>
2026-03-03 13:42:29,207 : INFO : SwitchController : <<<<<<< 's_flipper_right_lower' inactive >>>>>>>
2026-03-03 13:42:29,208 : INFO : SwitchController : <<<<<<< 's_flipper_right_upper' inactive >>>>>>>
2026-03-03 13:42:29,305 : INFO : SwitchController : <<<<<<< 's_flipper_right_lower_eos' active >>>>>>>
2026-03-03 13:42:29,306 : INFO : EventManager : Event: ======'machine_var_audits_switches_s_flipper_right_lower_eos'====== Args={'value': 643, 'prev_value': 642, 'change': 1}
2026-03-03 13:42:29,321 : INFO : SwitchController : <<<<<<< 's_flipper_right_upper_eos' inactive >>>>>>>
2026-03-03 13:42:29,541 : INFO : SwitchController : <<<<<<< 's_flipper_right_upper' active >>>>>>>
2026-03-03 13:42:29,541 : INFO : EventManager : Event: ======'machine_var_audits_switches_s_flipper_right_upper'====== Args={'value': 827, 'prev_value': 826, 'change': 1}
2026-03-03 13:42:29,544 : INFO : SwitchController : <<<<<<< 's_flipper_right_lower' active >>>>>>>
2026-03-03 13:42:29,544 : INFO : EventManager : Event: ======'machine_var_audits_switches_s_flipper_right_lower'====== Args={'value': 1003, 'prev_value': 1002, 'change': 1}
2026-03-03 13:42:29,565 : INFO : SwitchController : <<<<<<< 's_flipper_right_upper_eos' active >>>>>>>
2026-03-03 13:42:29,565 : INFO : EventManager : Event: ======'machine_var_audits_switches_s_flipper_right_upper_eos'====== Args={'value': 627, 'prev_value': 626, 'change': 1}
2026-03-03 13:42:29,582 : INFO : SwitchController : <<<<<<< 's_flipper_right_lower_eos' inactive >>>>>>>
2026-03-03 13:42:29,699 : INFO : SwitchController : <<<<<<< 's_flipper_right_lower' inactive >>>>>>>
2026-03-03 13:42:29,699 : INFO : SwitchController : <<<<<<< 's_flipper_right_upper' inactive >>>>>>>
2026-03-03 13:42:29,795 : INFO : SwitchController : <<<<<<< 's_flipper_right_lower_eos' active >>>>>>>
2026-03-03 13:42:29,795 : INFO : EventManager : Event: ======'machine_var_audits_switches_s_flipper_right_lower_eos'====== Args={'value': 644, 'prev_value': 643, 'change': 1}
2026-03-03 13:42:29,810 : INFO : SwitchController : <<<<<<< 's_flipper_right_upper_eos' inactive >>>>>>>
2026-03-03 13:42:30,002 : INFO : SwitchController : <<<<<<< 's_flipper_right_upper' active >>>>>>>
2026-03-03 13:42:30,002 : INFO : EventManager : Event: ======'machine_var_audits_switches_s_flipper_right_upper'====== Args={'value': 828, 'prev_value': 827, 'change': 1}
2026-03-03 13:42:30,004 : INFO : SwitchController : <<<<<<< 's_flipper_right_lower' active >>>>>>>
2026-03-03 13:42:30,004 : INFO : EventManager : Event: ======'machine_var_audits_switches_s_flipper_right_lower'====== Args={'value': 1004, 'prev_value': 1003, 'change': 1}
2026-03-03 13:42:30,026 : INFO : SwitchController : <<<<<<< 's_flipper_right_upper_eos' active >>>>>>>
2026-03-03 13:42:30,027 : INFO : EventManager : Event: ======'machine_var_audits_switches_s_flipper_right_upper_eos'====== Args={'value': 628, 'prev_value': 627, 'change': 1}
2026-03-03 13:42:30,044 : INFO : SwitchController : <<<<<<< 's_flipper_right_lower_eos' inactive >>>>>>>
2026-03-03 13:42:30,156 : INFO : SwitchController : <<<<<<< 's_flipper_right_lower' inactive >>>>>>>
2026-03-03 13:42:30,157 : INFO : SwitchController : <<<<<<< 's_flipper_right_upper' inactive >>>>>>>
2026-03-03 13:42:30,262 : INFO : SwitchController : <<<<<<< 's_flipper_right_lower_eos' active >>>>>>>
2026-03-03 13:42:30,262 : INFO : EventManager : Event: ======'machine_var_audits_switches_s_flipper_right_lower_eos'====== Args={'value': 645, 'prev_value': 644, 'change': 1}
2026-03-03 13:42:30,267 : INFO : SwitchController : <<<<<<< 's_flipper_right_upper_eos' inactive >>>>>>>
2026-03-03 13:42:30,456 : INFO : SwitchController : <<<<<<< 's_flipper_right_upper' active >>>>>>>
2026-03-03 13:42:30,456 : INFO : EventManager : Event: ======'machine_var_audits_switches_s_flipper_right_upper'====== Args={'value': 829, 'prev_value': 828, 'change': 1}
2026-03-03 13:42:30,457 : INFO : SwitchController : <<<<<<< 's_flipper_right_lower' active >>>>>>>
2026-03-03 13:42:30,457 : INFO : EventManager : Event: ======'machine_var_audits_switches_s_flipper_right_lower'====== Args={'value': 1005, 'prev_value': 1004, 'change': 1}
2026-03-03 13:42:30,479 : INFO : SwitchController : <<<<<<< 's_flipper_right_upper_eos' active >>>>>>>
2026-03-03 13:42:30,480 : INFO : EventManager : Event: ======'machine_var_audits_switches_s_flipper_right_upper_eos'====== Args={'value': 629, 'prev_value': 628, 'change': 1}
2026-03-03 13:42:30,496 : INFO : SwitchController : <<<<<<< 's_flipper_right_lower_eos' inactive >>>>>>>
2026-03-03 13:42:30,619 : INFO : SwitchController : <<<<<<< 's_flipper_right_lower' inactive >>>>>>>
2026-03-03 13:42:30,620 : INFO : SwitchController : <<<<<<< 's_flipper_right_upper' inactive >>>>>>>
2026-03-03 13:42:30,719 : INFO : SwitchController : <<<<<<< 's_flipper_right_lower_eos' active >>>>>>>
2026-03-03 13:42:30,719 : INFO : EventManager : Event: ======'machine_var_audits_switches_s_flipper_right_lower_eos'====== Args={'value': 646, 'prev_value': 645, 'change': 1}
2026-03-03 13:42:30,736 : INFO : SwitchController : <<<<<<< 's_flipper_right_upper_eos' inactive >>>>>>>
2026-03-03 13:42:30,972 : INFO : SwitchController : <<<<<<< 's_flipper_right_lower' active >>>>>>>
2026-03-03 13:42:30,972 : INFO : EventManager : Event: ======'machine_var_audits_switches_s_flipper_right_lower'====== Args={'value': 1006, 'prev_value': 1005, 'change': 1}
2026-03-03 13:42:30,972 : INFO : SwitchController : <<<<<<< 's_flipper_right_upper' active >>>>>>>
2026-03-03 13:42:30,973 : INFO : EventManager : Event: ======'machine_var_audits_switches_s_flipper_right_upper'====== Args={'value': 830, 'prev_value': 829, 'change': 1}
2026-03-03 13:42:30,996 : INFO : SwitchController : <<<<<<< 's_flipper_right_upper_eos' active >>>>>>>
2026-03-03 13:42:30,996 : INFO : EventManager : Event: ======'machine_var_audits_switches_s_flipper_right_upper_eos'====== Args={'value': 630, 'prev_value': 629, 'change': 1}
2026-03-03 13:42:31,012 : INFO : SwitchController : <<<<<<< 's_flipper_right_lower_eos' inactive >>>>>>>
2026-03-03 13:42:31,173 : INFO : SwitchController : <<<<<<< 's_flipper_right_lower' inactive >>>>>>>
2026-03-03 13:42:31,174 : INFO : SwitchController : <<<<<<< 's_flipper_right_upper' inactive >>>>>>>
2026-03-03 13:42:31,273 : INFO : SwitchController : <<<<<<< 's_flipper_right_lower_eos' active >>>>>>>
2026-03-03 13:42:31,273 : INFO : EventManager : Event: ======'machine_var_audits_switches_s_flipper_right_lower_eos'====== Args={'value': 647, 'prev_value': 646, 'change': 1}
2026-03-03 13:42:31,283 : INFO : SwitchController : <<<<<<< 's_flipper_right_upper_eos' inactive >>>>>>>
2026-03-03 13:42:31,738 : INFO : SwitchController : <<<<<<< 's_flipper_right_upper' active >>>>>>>
2026-03-03 13:42:31,738 : INFO : EventManager : Event: ======'machine_var_audits_switches_s_flipper_right_upper'====== Args={'value': 831, 'prev_value': 830, 'change': 1}
2026-03-03 13:42:31,739 : INFO : SwitchController : <<<<<<< 's_flipper_right_lower' active >>>>>>>
2026-03-03 13:42:31,739 : INFO : EventManager : Event: ======'machine_var_audits_switches_s_flipper_right_lower'====== Args={'value': 1007, 'prev_value': 1006, 'change': 1}
2026-03-03 13:42:31,762 : INFO : SwitchController : <<<<<<< 's_flipper_right_upper_eos' active >>>>>>>
2026-03-03 13:42:31,763 : INFO : EventManager : Event: ======'machine_var_audits_switches_s_flipper_right_upper_eos'====== Args={'value': 631, 'prev_value': 630, 'change': 1}
2026-03-03 13:42:31,778 : INFO : SwitchController : <<<<<<< 's_flipper_right_lower_eos' inactive >>>>>>>
2026-03-03 13:42:31,945 : INFO : SwitchController : <<<<<<< 's_flipper_right_lower' inactive >>>>>>>
2026-03-03 13:42:31,945 : INFO : SwitchController : <<<<<<< 's_flipper_right_upper' inactive >>>>>>>
2026-03-03 13:42:32,054 : INFO : SwitchController : <<<<<<< 's_flipper_right_lower_eos' active >>>>>>>
2026-03-03 13:42:32,055 : INFO : EventManager : Event: ======'machine_var_audits_switches_s_flipper_right_lower_eos'====== Args={'value': 648, 'prev_value': 647, 'change': 1}
2026-03-03 13:42:32,055 : INFO : SwitchController : <<<<<<< 's_flipper_right_upper_eos' inactive >>>>>>>
2026-03-03 13:42:32,392 : INFO : SwitchController : <<<<<<< 's_flipper_right_upper' active >>>>>>>
2026-03-03 13:42:32,392 : INFO : EventManager : Event: ======'machine_var_audits_switches_s_flipper_right_upper'====== Args={'value': 832, 'prev_value': 831, 'change': 1}
2026-03-03 13:42:32,393 : INFO : SwitchController : <<<<<<< 's_flipper_right_lower' active >>>>>>>
2026-03-03 13:42:32,393 : INFO : EventManager : Event: ======'machine_var_audits_switches_s_flipper_right_lower'====== Args={'value': 1008, 'prev_value': 1007, 'change': 1}
2026-03-03 13:42:32,416 : INFO : SwitchController : <<<<<<< 's_flipper_right_upper_eos' active >>>>>>>
2026-03-03 13:42:32,416 : INFO : EventManager : Event: ======'machine_var_audits_switches_s_flipper_right_upper_eos'====== Args={'value': 632, 'prev_value': 631, 'change': 1}
2026-03-03 13:42:32,431 : INFO : SwitchController : <<<<<<< 's_flipper_right_lower_eos' inactive >>>>>>>
2026-03-03 13:42:32,507 : INFO : SwitchController : <<<<<<< 's_flipper_right_lower' inactive >>>>>>>
2026-03-03 13:42:32,507 : INFO : SwitchController : <<<<<<< 's_flipper_right_upper' inactive >>>>>>>
2026-03-03 13:42:32,607 : INFO : SwitchController : <<<<<<< 's_flipper_right_lower_eos' active >>>>>>>
2026-03-03 13:42:32,607 : INFO : EventManager : Event: ======'machine_var_audits_switches_s_flipper_right_lower_eos'====== Args={'value': 649, 'prev_value': 648, 'change': 1}
2026-03-03 13:42:32,617 : INFO : SwitchController : <<<<<<< 's_flipper_right_upper_eos' inactive >>>>>>>
2026-03-03 13:42:32,937 : INFO : SwitchController : <<<<<<< 's_flipper_right_upper' active >>>>>>>
2026-03-03 13:42:32,937 : INFO : EventManager : Event: ======'machine_var_audits_switches_s_flipper_right_upper'====== Args={'value': 833, 'prev_value': 832, 'change': 1}
2026-03-03 13:42:32,938 : INFO : SwitchController : <<<<<<< 's_flipper_right_lower' active >>>>>>>
2026-03-03 13:42:32,938 : INFO : EventManager : Event: ======'machine_var_audits_switches_s_flipper_right_lower'====== Args={'value': 1009, 'prev_value': 1008, 'change': 1}
2026-03-03 13:42:32,961 : INFO : SwitchController : <<<<<<< 's_flipper_right_upper_eos' active >>>>>>>
2026-03-03 13:42:32,961 : INFO : EventManager : Event: ======'machine_var_audits_switches_s_flipper_right_upper_eos'====== Args={'value': 633, 'prev_value': 632, 'change': 1}
2026-03-03 13:42:32,975 : INFO : SwitchController : <<<<<<< 's_flipper_right_lower_eos' inactive >>>>>>>
2026-03-03 13:42:33,016 : INFO : SwitchController : <<<<<<< 's_flipper_right_lower' inactive >>>>>>>
2026-03-03 13:42:33,017 : INFO : SwitchController : <<<<<<< 's_flipper_right_upper' inactive >>>>>>>
2026-03-03 13:42:33,116 : INFO : SwitchController : <<<<<<< 's_flipper_right_lower_eos' active >>>>>>>
2026-03-03 13:42:33,116 : INFO : EventManager : Event: ======'machine_var_audits_switches_s_flipper_right_lower_eos'====== Args={'value': 650, 'prev_value': 649, 'change': 1}
2026-03-03 13:42:33,125 : INFO : SwitchController : <<<<<<< 's_flipper_right_upper_eos' inactive >>>>>>>
2026-03-03 13:42:33,396 : INFO : SwitchController : <<<<<<< 's_flipper_right_lower' active >>>>>>>
2026-03-03 13:42:33,396 : INFO : EventManager : Event: ======'machine_var_audits_switches_s_flipper_right_lower'====== Args={'value': 1010, 'prev_value': 1009, 'change': 1}
2026-03-03 13:42:33,396 : INFO : SwitchController : <<<<<<< 's_flipper_right_upper' active >>>>>>>
2026-03-03 13:42:33,396 : INFO : EventManager : Event: ======'machine_var_audits_switches_s_flipper_right_upper'====== Args={'value': 834, 'prev_value': 833, 'change': 1}
2026-03-03 13:42:33,419 : INFO : SwitchController : <<<<<<< 's_flipper_right_upper_eos' active >>>>>>>
2026-03-03 13:42:33,419 : INFO : EventManager : Event: ======'machine_var_audits_switches_s_flipper_right_upper_eos'====== Args={'value': 634, 'prev_value': 633, 'change': 1}
2026-03-03 13:42:33,436 : INFO : SwitchController : <<<<<<< 's_flipper_right_lower_eos' inactive >>>>>>>
2026-03-03 13:42:33,520 : INFO : SwitchController : <<<<<<< 's_flipper_right_lower' inactive >>>>>>>
2026-03-03 13:42:33,520 : INFO : SwitchController : <<<<<<< 's_flipper_right_upper' inactive >>>>>>>
2026-03-03 13:42:33,624 : INFO : SwitchController : <<<<<<< 's_flipper_right_lower_eos' active >>>>>>>
2026-03-03 13:42:33,625 : INFO : EventManager : Event: ======'machine_var_audits_switches_s_flipper_right_lower_eos'====== Args={'value': 651, 'prev_value': 650, 'change': 1}
2026-03-03 13:42:33,628 : INFO : SwitchController : <<<<<<< 's_flipper_right_upper_eos' inactive >>>>>>>
2026-03-03 13:42:33,890 : INFO : SwitchController : <<<<<<< 's_flipper_right_upper' active >>>>>>>
2026-03-03 13:42:33,890 : INFO : EventManager : Event: ======'machine_var_audits_switches_s_flipper_right_upper'====== Args={'value': 835, 'prev_value': 834, 'change': 1}
2026-03-03 13:42:33,892 : INFO : SwitchController : <<<<<<< 's_flipper_right_lower' active >>>>>>>
2026-03-03 13:42:33,892 : INFO : EventManager : Event: ======'machine_var_audits_switches_s_flipper_right_lower'====== Args={'value': 1011, 'prev_value': 1010, 'change': 1}
2026-03-03 13:42:33,914 : INFO : SwitchController : <<<<<<< 's_flipper_right_upper_eos' active >>>>>>>
2026-03-03 13:42:33,915 : INFO : EventManager : Event: ======'machine_var_audits_switches_s_flipper_right_upper_eos'====== Args={'value': 635, 'prev_value': 634, 'change': 1}
2026-03-03 13:42:33,930 : INFO : SwitchController : <<<<<<< 's_flipper_right_lower_eos' inactive >>>>>>>
2026-03-03 13:42:34,008 : INFO : SwitchController : <<<<<<< 's_flipper_right_lower' inactive >>>>>>>
2026-03-03 13:42:34,008 : INFO : SwitchController : <<<<<<< 's_flipper_right_upper' inactive >>>>>>>
2026-03-03 13:42:34,102 : INFO : SwitchController : <<<<<<< 's_flipper_right_lower_eos' active >>>>>>>
2026-03-03 13:42:34,102 : INFO : EventManager : Event: ======'machine_var_audits_switches_s_flipper_right_lower_eos'====== Args={'value': 652, 'prev_value': 651, 'change': 1}
2026-03-03 13:42:34,124 : INFO : SwitchController : <<<<<<< 's_flipper_right_upper_eos' inactive >>>>>>>
2026-03-03 13:42:34,334 : INFO : SwitchController : <<<<<<< 's_flipper_right_lower' active >>>>>>>
2026-03-03 13:42:34,335 : INFO : EventManager : Event: ======'machine_var_audits_switches_s_flipper_right_lower'====== Args={'value': 1012, 'prev_value': 1011, 'change': 1}
2026-03-03 13:42:34,335 : INFO : SwitchController : <<<<<<< 's_flipper_right_upper' active >>>>>>>
2026-03-03 13:42:34,335 : INFO : EventManager : Event: ======'machine_var_audits_switches_s_flipper_right_upper'====== Args={'value': 836, 'prev_value': 835, 'change': 1}
2026-03-03 13:42:34,359 : INFO : SwitchController : <<<<<<< 's_flipper_right_upper_eos' active >>>>>>>
2026-03-03 13:42:34,359 : INFO : EventManager : Event: ======'machine_var_audits_switches_s_flipper_right_upper_eos'====== Args={'value': 636, 'prev_value': 635, 'change': 1}
2026-03-03 13:42:34,374 : INFO : SwitchController : <<<<<<< 's_flipper_right_lower_eos' inactive >>>>>>>
2026-03-03 13:42:34,455 : INFO : SwitchController : <<<<<<< 's_flipper_right_lower' inactive >>>>>>>
2026-03-03 13:42:34,455 : INFO : SwitchController : <<<<<<< 's_flipper_right_upper' inactive >>>>>>>
2026-03-03 13:42:34,555 : INFO : SwitchController : <<<<<<< 's_flipper_right_lower_eos' active >>>>>>>
2026-03-03 13:42:34,555 : INFO : EventManager : Event: ======'machine_var_audits_switches_s_flipper_right_lower_eos'====== Args={'value': 653, 'prev_value': 652, 'change': 1}
2026-03-03 13:42:34,564 : INFO : SwitchController : <<<<<<< 's_flipper_right_upper_eos' inactive >>>>>>>
2026-03-03 13:42:34,729 : INFO : SwitchController : <<<<<<< 's_flipper_right_lower' active >>>>>>>
2026-03-03 13:42:34,729 : INFO : EventManager : Event: ======'machine_var_audits_switches_s_flipper_right_lower'====== Args={'value': 1013, 'prev_value': 1012, 'change': 1}
2026-03-03 13:42:34,731 : INFO : SwitchController : <<<<<<< 's_flipper_right_upper' active >>>>>>>
2026-03-03 13:42:34,731 : INFO : EventManager : Event: ======'machine_var_audits_switches_s_flipper_right_upper'====== Args={'value': 837, 'prev_value': 836, 'change': 1}
2026-03-03 13:42:34,754 : INFO : SwitchController : <<<<<<< 's_flipper_right_upper_eos' active >>>>>>>
2026-03-03 13:42:34,755 : INFO : EventManager : Event: ======'machine_var_audits_switches_s_flipper_right_upper_eos'====== Args={'value': 637, 'prev_value': 636, 'change': 1}
2026-03-03 13:42:34,856 : INFO : SwitchController : <<<<<<< 's_flipper_right_lower' inactive >>>>>>>
2026-03-03 13:42:34,856 : INFO : SwitchController : <<<<<<< 's_flipper_right_upper' inactive >>>>>>>
2026-03-03 13:42:34,964 : INFO : SwitchController : <<<<<<< 's_flipper_right_upper_eos' inactive >>>>>>>
2026-03-03 13:42:35,104 : INFO : SwitchController : <<<<<<< 's_flipper_right_upper' active >>>>>>>
2026-03-03 13:42:35,104 : INFO : EventManager : Event: ======'machine_var_audits_switches_s_flipper_right_upper'====== Args={'value': 838, 'prev_value': 837, 'change': 1}
2026-03-03 13:42:35,104 : INFO : SwitchController : <<<<<<< 's_flipper_right_lower' active >>>>>>>
2026-03-03 13:42:35,105 : INFO : EventManager : Event: ======'machine_var_audits_switches_s_flipper_right_lower'====== Args={'value': 1014, 'prev_value': 1013, 'change': 1}
2026-03-03 13:42:35,127 : INFO : SwitchController : <<<<<<< 's_flipper_right_upper_eos' active >>>>>>>
2026-03-03 13:42:35,127 : INFO : EventManager : Event: ======'machine_var_audits_switches_s_flipper_right_upper_eos'====== Args={'value': 638, 'prev_value': 637, 'change': 1}
2026-03-03 13:42:35,423 : INFO : SwitchController : <<<<<<< 's_flipper_right_lower' inactive >>>>>>>
2026-03-03 13:42:35,424 : INFO : SwitchController : <<<<<<< 's_flipper_right_upper' inactive >>>>>>>
2026-03-03 13:42:35,533 : INFO : SwitchController : <<<<<<< 's_flipper_right_upper_eos' inactive >>>>>>>
2026-03-03 13:42:36,074 : INFO : SwitchController : <<<<<<< 's_flipper_right_lower' active >>>>>>>
2026-03-03 13:42:36,075 : INFO : EventManager : Event: ======'machine_var_audits_switches_s_flipper_right_lower'====== Args={'value': 1015, 'prev_value': 1014, 'change': 1}
2026-03-03 13:42:36,075 : INFO : SwitchController : <<<<<<< 's_flipper_right_upper' active >>>>>>>
2026-03-03 13:42:36,075 : INFO : EventManager : Event: ======'machine_var_audits_switches_s_flipper_right_upper'====== Args={'value': 839, 'prev_value': 838, 'change': 1}
2026-03-03 13:42:36,098 : INFO : SwitchController : <<<<<<< 's_flipper_right_upper_eos' active >>>>>>>
2026-03-03 13:42:36,098 : INFO : EventManager : Event: ======'machine_var_audits_switches_s_flipper_right_upper_eos'====== Args={'value': 639, 'prev_value': 638, 'change': 1}
2026-03-03 13:42:36,103 : INFO : SwitchController : <<<<<<< 's_flipper_right_lower_eos' inactive >>>>>>>
2026-03-03 13:42:36,212 : INFO : SwitchController : <<<<<<< 's_flipper_right_lower' inactive >>>>>>>
2026-03-03 13:42:36,213 : INFO : SwitchController : <<<<<<< 's_flipper_right_upper' inactive >>>>>>>
2026-03-03 13:42:36,306 : INFO : SwitchController : <<<<<<< 's_flipper_right_lower_eos' active >>>>>>>
2026-03-03 13:42:36,306 : INFO : EventManager : Event: ======'machine_var_audits_switches_s_flipper_right_lower_eos'====== Args={'value': 654, 'prev_value': 653, 'change': 1}
2026-03-03 13:42:36,323 : INFO : SwitchController : <<<<<<< 's_flipper_right_upper_eos' inactive >>>>>>>
2026-03-03 13:42:37,087 : INFO : SwitchController : <<<<<<< 's_flipper_right_upper' active >>>>>>>
2026-03-03 13:42:37,088 : INFO : EventManager : Event: ======'machine_var_audits_switches_s_flipper_right_upper'====== Args={'value': 840, 'prev_value': 839, 'change': 1}
2026-03-03 13:42:37,091 : INFO : SwitchController : <<<<<<< 's_flipper_right_lower' active >>>>>>>
2026-03-03 13:42:37,092 : INFO : EventManager : Event: ======'machine_var_audits_switches_s_flipper_right_lower'====== Args={'value': 1016, 'prev_value': 1015, 'change': 1}
2026-03-03 13:42:37,112 : INFO : SwitchController : <<<<<<< 's_flipper_right_upper_eos' active >>>>>>>
2026-03-03 13:42:37,112 : INFO : EventManager : Event: ======'machine_var_audits_switches_s_flipper_right_upper_eos'====== Args={'value': 640, 'prev_value': 639, 'change': 1}
2026-03-03 13:42:37,128 : INFO : SwitchController : <<<<<<< 's_flipper_right_lower_eos' inactive >>>>>>>
2026-03-03 13:42:37,192 : INFO : SwitchController : <<<<<<< 's_flipper_right_lower' inactive >>>>>>>
2026-03-03 13:42:37,193 : INFO : SwitchController : <<<<<<< 's_flipper_right_upper' inactive >>>>>>>
2026-03-03 13:42:37,288 : INFO : SwitchController : <<<<<<< 's_flipper_right_lower_eos' active >>>>>>>
2026-03-03 13:42:37,288 : INFO : EventManager : Event: ======'machine_var_audits_switches_s_flipper_right_lower_eos'====== Args={'value': 655, 'prev_value': 654, 'change': 1}
2026-03-03 13:42:37,304 : INFO : SwitchController : <<<<<<< 's_flipper_right_upper_eos' inactive >>>>>>>
2026-03-03 13:42:37,532 : INFO : SwitchController : <<<<<<< 's_flipper_right_upper' active >>>>>>>
2026-03-03 13:42:37,532 : INFO : EventManager : Event: ======'machine_var_audits_switches_s_flipper_right_upper'====== Args={'value': 841, 'prev_value': 840, 'change': 1}
2026-03-03 13:42:37,533 : INFO : SwitchController : <<<<<<< 's_flipper_right_lower' active >>>>>>>
2026-03-03 13:42:37,534 : INFO : EventManager : Event: ======'machine_var_audits_switches_s_flipper_right_lower'====== Args={'value': 1017, 'prev_value': 1016, 'change': 1}
2026-03-03 13:42:37,557 : INFO : SwitchController : <<<<<<< 's_flipper_right_upper_eos' active >>>>>>>
2026-03-03 13:42:37,557 : INFO : EventManager : Event: ======'machine_var_audits_switches_s_flipper_right_upper_eos'====== Args={'value': 641, 'prev_value': 640, 'change': 1}
2026-03-03 13:42:37,637 : INFO : SwitchController : <<<<<<< 's_flipper_right_lower' inactive >>>>>>>
2026-03-03 13:42:37,638 : INFO : SwitchController : <<<<<<< 's_flipper_right_upper' inactive >>>>>>>
2026-03-03 13:42:37,746 : INFO : SwitchController : <<<<<<< 's_flipper_right_upper_eos' inactive >>>>>>>
2026-03-03 13:42:37,951 : INFO : SwitchController : <<<<<<< 's_flipper_right_lower' active >>>>>>>
2026-03-03 13:42:37,951 : INFO : EventManager : Event: ======'machine_var_audits_switches_s_flipper_right_lower'====== Args={'value': 1018, 'prev_value': 1017, 'change': 1}
2026-03-03 13:42:37,951 : INFO : SwitchController : <<<<<<< 's_flipper_right_upper' active >>>>>>>
2026-03-03 13:42:37,951 : INFO : EventManager : Event: ======'machine_var_audits_switches_s_flipper_right_upper'====== Args={'value': 842, 'prev_value': 841, 'change': 1}
2026-03-03 13:42:37,975 : INFO : SwitchController : <<<<<<< 's_flipper_right_upper_eos' active >>>>>>>
2026-03-03 13:42:37,975 : INFO : EventManager : Event: ======'machine_var_audits_switches_s_flipper_right_upper_eos'====== Args={'value': 642, 'prev_value': 641, 'change': 1}
2026-03-03 13:42:38,067 : INFO : SwitchController : <<<<<<< 's_flipper_right_lower' inactive >>>>>>>
2026-03-03 13:42:38,068 : INFO : SwitchController : <<<<<<< 's_flipper_right_upper' inactive >>>>>>>
2026-03-03 13:42:38,176 : INFO : SwitchController : <<<<<<< 's_flipper_right_upper_eos' inactive >>>>>>>
2026-03-03 13:42:38,371 : INFO : SwitchController : <<<<<<< 's_flipper_right_lower' active >>>>>>>
2026-03-03 13:42:38,372 : INFO : EventManager : Event: ======'machine_var_audits_switches_s_flipper_right_lower'====== Args={'value': 1019, 'prev_value': 1018, 'change': 1}
2026-03-03 13:42:38,375 : INFO : SwitchController : <<<<<<< 's_flipper_right_upper' active >>>>>>>
2026-03-03 13:42:38,376 : INFO : EventManager : Event: ======'machine_var_audits_switches_s_flipper_right_upper'====== Args={'value': 843, 'prev_value': 842, 'change': 1}
2026-03-03 13:42:38,399 : INFO : SwitchController : <<<<<<< 's_flipper_right_upper_eos' active >>>>>>>
2026-03-03 13:42:38,399 : INFO : EventManager : Event: ======'machine_var_audits_switches_s_flipper_right_upper_eos'====== Args={'value': 643, 'prev_value': 642, 'change': 1}
2026-03-03 13:42:38,465 : INFO : SwitchController : <<<<<<< 's_flipper_right_lower' inactive >>>>>>>
2026-03-03 13:42:38,466 : INFO : SwitchController : <<<<<<< 's_flipper_right_upper' inactive >>>>>>>
2026-03-03 13:42:38,573 : INFO : SwitchController : <<<<<<< 's_flipper_right_upper_eos' inactive >>>>>>>
2026-03-03 13:42:39,067 : INFO : SwitchController : <<<<<<< 's_flipper_right_upper' active >>>>>>>
2026-03-03 13:42:39,067 : INFO : EventManager : Event: ======'machine_var_audits_switches_s_flipper_right_upper'====== Args={'value': 844, 'prev_value': 843, 'change': 1}
2026-03-03 13:42:39,069 : INFO : SwitchController : <<<<<<< 's_flipper_right_lower' active >>>>>>>
2026-03-03 13:42:39,069 : INFO : EventManager : Event: ======'machine_var_audits_switches_s_flipper_right_lower'====== Args={'value': 1020, 'prev_value': 1019, 'change': 1}
2026-03-03 13:42:39,090 : INFO : SwitchController : <<<<<<< 's_flipper_right_upper_eos' active >>>>>>>
2026-03-03 13:42:39,091 : INFO : EventManager : Event: ======'machine_var_audits_switches_s_flipper_right_upper_eos'====== Args={'value': 644, 'prev_value': 643, 'change': 1}
2026-03-03 13:42:39,148 : INFO : SwitchController : <<<<<<< 's_flipper_right_upper' inactive >>>>>>>
2026-03-03 13:42:39,149 : INFO : SwitchController : <<<<<<< 's_flipper_right_lower' inactive >>>>>>>
2026-03-03 13:42:39,252 : INFO : SwitchController : <<<<<<< 's_flipper_right_upper_eos' inactive >>>>>>>
2026-03-03 13:42:39,537 : INFO : SwitchController : <<<<<<< 's_flipper_right_lower' active >>>>>>>
2026-03-03 13:42:39,537 : INFO : EventManager : Event: ======'machine_var_audits_switches_s_flipper_right_lower'====== Args={'value': 1021, 'prev_value': 1020, 'change': 1}
2026-03-03 13:42:39,538 : INFO : SwitchController : <<<<<<< 's_flipper_right_upper' active >>>>>>>
2026-03-03 13:42:39,539 : INFO : EventManager : Event: ======'machine_var_audits_switches_s_flipper_right_upper'====== Args={'value': 845, 'prev_value': 844, 'change': 1}
2026-03-03 13:42:39,562 : INFO : SwitchController : <<<<<<< 's_flipper_right_upper_eos' active >>>>>>>
2026-03-03 13:42:39,562 : INFO : EventManager : Event: ======'machine_var_audits_switches_s_flipper_right_upper_eos'====== Args={'value': 645, 'prev_value': 644, 'change': 1}
2026-03-03 13:42:39,571 : INFO : SwitchController : <<<<<<< 's_flipper_right_lower_eos' inactive >>>>>>>
2026-03-03 13:42:39,629 : INFO : SwitchController : <<<<<<< 's_flipper_right_lower' inactive >>>>>>>
2026-03-03 13:42:39,630 : INFO : SwitchController : <<<<<<< 's_flipper_right_upper' inactive >>>>>>>
2026-03-03 13:42:39,733 : INFO : SwitchController : <<<<<<< 's_flipper_right_upper_eos' inactive >>>>>>>
2026-03-03 13:42:39,738 : INFO : SwitchController : <<<<<<< 's_flipper_right_lower_eos' active >>>>>>>
2026-03-03 13:42:39,738 : INFO : EventManager : Event: ======'machine_var_audits_switches_s_flipper_right_lower_eos'====== Args={'value': 656, 'prev_value': 655, 'change': 1}
2026-03-03 13:42:39,971 : INFO : SwitchController : <<<<<<< 's_flipper_right_lower' active >>>>>>>
2026-03-03 13:42:39,971 : INFO : EventManager : Event: ======'machine_var_audits_switches_s_flipper_right_lower'====== Args={'value': 1022, 'prev_value': 1021, 'change': 1}
2026-03-03 13:42:39,971 : INFO : SwitchController : <<<<<<< 's_flipper_right_upper' active >>>>>>>
2026-03-03 13:42:39,971 : INFO : EventManager : Event: ======'machine_var_audits_switches_s_flipper_right_upper'====== Args={'value': 846, 'prev_value': 845, 'change': 1}
2026-03-03 13:42:39,994 : INFO : SwitchController : <<<<<<< 's_flipper_right_upper_eos' active >>>>>>>
2026-03-03 13:42:39,994 : INFO : EventManager : Event: ======'machine_var_audits_switches_s_flipper_right_upper_eos'====== Args={'value': 646, 'prev_value': 645, 'change': 1}
2026-03-03 13:42:40,066 : INFO : SwitchController : <<<<<<< 's_flipper_right_lower' inactive >>>>>>>
2026-03-03 13:42:40,067 : INFO : SwitchController : <<<<<<< 's_flipper_right_upper' inactive >>>>>>>
2026-03-03 13:42:40,171 : INFO : SwitchController : <<<<<<< 's_flipper_right_upper_eos' inactive >>>>>>>
2026-03-03 13:42:40,393 : INFO : SwitchController : <<<<<<< 's_flipper_right_lower' active >>>>>>>
2026-03-03 13:42:40,394 : INFO : EventManager : Event: ======'machine_var_audits_switches_s_flipper_right_lower'====== Args={'value': 1023, 'prev_value': 1022, 'change': 1}
2026-03-03 13:42:40,395 : INFO : SwitchController : <<<<<<< 's_flipper_right_upper' active >>>>>>>
2026-03-03 13:42:40,395 : INFO : EventManager : Event: ======'machine_var_audits_switches_s_flipper_right_upper'====== Args={'value': 847, 'prev_value': 846, 'change': 1}
2026-03-03 13:42:40,418 : INFO : SwitchController : <<<<<<< 's_flipper_right_upper_eos' active >>>>>>>
2026-03-03 13:42:40,418 : INFO : EventManager : Event: ======'machine_var_audits_switches_s_flipper_right_upper_eos'====== Args={'value': 647, 'prev_value': 646, 'change': 1}
2026-03-03 13:42:40,500 : INFO : SwitchController : <<<<<<< 's_flipper_right_lower' inactive >>>>>>>
2026-03-03 13:42:40,501 : INFO : SwitchController : <<<<<<< 's_flipper_right_upper' inactive >>>>>>>
2026-03-03 13:42:40,604 : INFO : SwitchController : <<<<<<< 's_flipper_right_upper_eos' inactive >>>>>>>
2026-03-03 13:42:48,727 : INFO : Machine : Shutting down...
2026-03-03 13:42:48,727 : INFO : EventManager : Event: ======'shutdown'====== Args={}
2026-03-03 13:42:48,730 : INFO : EventManager : Event: ======'mode_game_will_stop'====== Args={}
2026-03-03 13:42:48,730 : INFO : EventManager : Event: ======'mode_game_stopping'====== Args={}
2026-03-03 13:42:48,731 : INFO : EventManager : Event: ======'mode_bumpers_will_stop'====== Args={}
2026-03-03 13:42:48,731 : INFO : EventManager : Event: ======'mode_bumpers_stopping'====== Args={}
2026-03-03 13:42:48,731 : INFO : EventManager : Event: ======'mode_base_will_stop'====== Args={}
2026-03-03 13:42:48,731 : INFO : EventManager : Event: ======'mode_base_stopping'====== Args={}
2026-03-03 13:42:48,731 : INFO : EventManager : Event: ======'stop_mode_bumpers'====== Args={'priority': 0}
2026-03-03 13:42:48,732 : INFO : Mode.base : Stopped.
2026-03-03 13:42:48,732 : INFO : EventManager : Event: ======'modes_active_modes_changed'====== Args={}
2026-03-03 13:42:48,732 : INFO : EventManager : Event: ======'mode_base_stopped'====== Args={}
2026-03-03 13:42:48,732 : INFO : EventManager : Event: ======'clear'====== Args={'key': 'base'}
2026-03-03 13:42:48,732 : INFO : Mode.bumpers : Stopped.
2026-03-03 13:42:48,732 : INFO : EventManager : Event: ======'modes_active_modes_changed'====== Args={}
2026-03-03 13:42:48,732 : INFO : EventManager : Event: ======'mode_bumpers_stopped'====== Args={}
2026-03-03 13:42:48,732 : INFO : EventManager : Event: ======'clear'====== Args={'key': 'bumpers'}
2026-03-03 13:42:48,733 : INFO : Mode.game : Stopped.
2026-03-03 13:42:48,733 : INFO : EventManager : Event: ======'modes_active_modes_changed'====== Args={}
2026-03-03 13:42:48,734 : INFO : EventManager : Event: ======'mode_game_stopped'====== Args={}
2026-03-03 13:42:48,734 : INFO : EventManager : Event: ======'clear'====== Args={'key': 'game'}
2026-03-03 13:42:48,839 : INFO : root : MPF run loop ended.
