2026-03-03 17:37:49,512 : INFO : root : Loading config.
2026-03-03 17:37:49,834 : INFO : ConfigProcessor : Config spec file cache created: /var/folders/1s/015t8n3n70gcr2ch4xflj4yr0000gn/T/config_spec.mpf_cache
2026-03-03 17:37:49,835 : INFO : YamlMultifileConfigLoader : Machine config file #1: config.yaml
2026-03-03 17:37:49,835 : INFO : ConfigProcessor : Loading config from cache: /var/folders/1s/015t8n3n70gcr2ch4xflj4yr0000gn/T/954ddabc670342668a09b03520c7eb79.mpf_cache
2026-03-03 17:37:49,836 : WARNING : ConfigProcessor : Config file in cache changed: /Users/pinball/NapoleonDynamite/config/config_coils.yaml
2026-03-03 17:37:49,836 : INFO : ConfigProcessor : Loading config from file /Users/pinball/mpf/lib/python3.14/site-packages/mpf/mpfconfig.yaml.
2026-03-03 17:37:49,911 : INFO : ConfigProcessor : Loading config: /Users/pinball/mpf/lib/python3.14/site-packages/mpf/mpfconfig.yaml
2026-03-03 17:37:49,912 : INFO : ConfigProcessor : Loading config from file /Users/pinball/NapoleonDynamite/config/config.yaml.
2026-03-03 17:37:49,927 : INFO : ConfigProcessor : Loading config: /Users/pinball/NapoleonDynamite/config/config.yaml
2026-03-03 17:37:49,930 : INFO : ConfigProcessor : Loading config: /Users/pinball/NapoleonDynamite/config/config_ball_devices.yaml
2026-03-03 17:37:49,937 : INFO : ConfigProcessor : Loading config: /Users/pinball/NapoleonDynamite/config/config_coils.yaml
2026-03-03 17:37:49,951 : INFO : ConfigProcessor : Loading config: /Users/pinball/NapoleonDynamite/config/config_switches.yaml
2026-03-03 17:37:49,952 : INFO : ConfigProcessor : Config file cache created: /var/folders/1s/015t8n3n70gcr2ch4xflj4yr0000gn/T/954ddabc670342668a09b03520c7eb79.mpf_cache
2026-03-03 17:37:50,010 : INFO : ConfigProcessor : Loading config from cache: /var/folders/1s/015t8n3n70gcr2ch4xflj4yr0000gn/T/64218df07edc412f774c53ffb33c812d.mpf_cache
2026-03-03 17:37:50,011 : INFO : ConfigProcessor : Loading config from cache: /var/folders/1s/015t8n3n70gcr2ch4xflj4yr0000gn/T/767518d75df2d86a4d35c1fb94c70abd.mpf_cache
2026-03-03 17:37:50,011 : INFO : ConfigProcessor : Loading config from cache: /var/folders/1s/015t8n3n70gcr2ch4xflj4yr0000gn/T/64218df07edc412f774c53ffb33c812d.mpf_cache
2026-03-03 17:37:50,012 : INFO : ConfigProcessor : Loading config from cache: /var/folders/1s/015t8n3n70gcr2ch4xflj4yr0000gn/T/73548cb541cc3751ae5711fe0817282a.mpf_cache
2026-03-03 17:37:50,012 : INFO : ConfigProcessor : Loading config from cache: /var/folders/1s/015t8n3n70gcr2ch4xflj4yr0000gn/T/57f006170cd447d443f971cd8b826597.mpf_cache
2026-03-03 17:37:50,012 : INFO : Machine : Mission Pinball Framework Core Engine v0.80.0.dev13
2026-03-03 17:37:50,012 : INFO : Machine : Command line arguments: {'no_load_cache': False, 'create_config_cache': True, 'bcp': True, 'configfile': ['config.yaml'], 'force_assets_load': False, 'platform_integration_test': False, 'jsonlogging': False, 'logfile': 'logs/2026-03-03-17-37-49-mpf-ANDREs-Mac-mini.local.log', 'pause': False, 'production': False, 'text_ui': True, 'loglevel': 15, 'consoleloglevel': 20, 'force_platform': None, 'syslog_address': None, 'full_logfile_path': '/Users/pinball/NapoleonDynamite/logs/2026-03-03-17-37-49-mpf-ANDREs-Mac-mini.local.log'}
2026-03-03 17:37:50,013 : INFO : Machine : MPF path: /Users/pinball/mpf/lib/python3.14/site-packages/mpf
2026-03-03 17:37:50,013 : INFO : Machine : Machine path: /Users/pinball/NapoleonDynamite
2026-03-03 17:37:50,013 : INFO : Machine : Platform: darwin
2026-03-03 17:37:50,013 : INFO : Machine : Python executable location: /Users/pinball/mpf/bin/python3.14
2026-03-03 17:37:50,013 : INFO : Machine : Python version: 3.14.3 (64-bit)
2026-03-03 17:37:50,014 : INFO : Machine : Initializing MPF...
2026-03-03 17:37:50,134 : INFO : FAST : Auto-detecting ports for the following connections: ['net', 'exp']
2026-03-03 17:37:50,168 : INFO : FAST : Detected NET on port /dev/cu.usbmodem14101
2026-03-03 17:37:50,177 : INFO : FAST : Detected EXP on port /dev/cu.usbmodem14103
2026-03-03 17:37:50,285 : INFO : FAST [NET] : Trying to connect to /dev/cu.usbmodem14101 at 921600bps
2026-03-03 17:37:50,293 : INFO : FAST [NET] : Connected to /dev/cu.usbmodem14101 at 921600bps
2026-03-03 17:37:50,296 : INFO : FAST [NET] : Connected to FP-CPU-2000 with firmware v02.26
2026-03-03 17:37:50,299 : INFO : FAST [NET] : Registered I/O Board 0: Model: FP-I/O-0024, Firmware: 01.10, Switches: 24, Drivers: 8
2026-03-03 17:37:50,301 : INFO : FAST [NET] : Registered I/O Board 1: Model: FP-I/O-3208, Firmware: 01.10, Switches: 32, Drivers: 8
2026-03-03 17:37:50,303 : INFO : FAST [NET] : Registered I/O Board 2: Model: FP-I/O-0804, Firmware: 01.10, Switches: 8, Drivers: 4
2026-03-03 17:37:50,306 : INFO : FAST [EXP] : Trying to connect to /dev/cu.usbmodem14103 at 921600bps
2026-03-03 17:37:50,313 : INFO : FAST [EXP] : Connected to /dev/cu.usbmodem14103 at 921600bps
2026-03-03 17:37:50,315 : INFO : FAST [EXP] : Verifying hardware for EXP "neuron" (FP-EXP-2000, @48) with ID string "EXP FP-EXP-2000  0.34", board address 48
2026-03-03 17:37:50,317 : INFO : FAST [EXP] : Verifying hardware for EXP "neuron" (FP-EXP-2000, @48) with ID string "LED FP-BRK-0001  0.8", board address 480
2026-03-03 17:37:50,319 : INFO : EventManager : Event: ======'machine_var_credits_string'====== Args={'value': 'FREE PLAY', 'prev_value': None, 'change': True}
2026-03-03 17:37:50,355 : INFO : EventManager : Event: ======'machine_var_master_volume'====== Args={'value': 0.5, 'prev_value': None, 'change': True}
2026-03-03 17:37:50,355 : INFO : EventManager : Event: ======'machine_var_player1_score'====== Args={'value': 10020, 'prev_value': None, 'change': True}
2026-03-03 17:37:50,356 : INFO : EventManager : Event: ======'machine_var_mpf_version'====== Args={'value': 'Mission Pinball Framework v0.80.0.dev13', 'prev_value': None, 'change': True}
2026-03-03 17:37:50,356 : INFO : EventManager : Event: ======'machine_var_mpf_extended_version'====== Args={'value': 'Mission Pinball Framework v0.80.0.dev13, Config version:6, Show version: 6, BCP version:1.1', 'prev_value': None, 'change': True}
2026-03-03 17:37:50,357 : INFO : EventManager : Event: ======'machine_var_python_version'====== Args={'value': '3.14.3', 'prev_value': None, 'change': True}
2026-03-03 17:37:50,390 : INFO : EventManager : Event: ======'machine_var_platform'====== Args={'value': 'macOS-14.8.4-x86_64-i386-64bit-Mach-O', 'prev_value': None, 'change': True}
2026-03-03 17:37:50,391 : INFO : EventManager : Event: ======'machine_var_platform_system'====== Args={'value': 'Darwin', 'prev_value': None, 'change': True}
2026-03-03 17:37:50,391 : INFO : EventManager : Event: ======'machine_var_platform_release'====== Args={'value': '23.6.0', 'prev_value': None, 'change': True}
2026-03-03 17:37:50,391 : INFO : EventManager : Event: ======'machine_var_platform_version'====== Args={'value': 'Darwin Kernel Version 23.6.0: Mon Jan 19 22:02:22 PST 2026; root:xnu-10063.141.1.710.3~1/RELEASE_X86_64', 'prev_value': None, 'change': True}
2026-03-03 17:37:50,391 : INFO : EventManager : Event: ======'machine_var_platform_machine'====== Args={'value': 'x86_64', 'prev_value': None, 'change': True}
2026-03-03 17:37:50,391 : INFO : EventManager : Event: ======'machine_var_log_file_path'====== Args={'value': '/Users/pinball/NapoleonDynamite/logs/2026-03-03-17-37-49-mpf-ANDREs-Mac-mini.local.log', 'prev_value': None, 'change': True}
2026-03-03 17:37:50,392 : INFO : EventManager : Event: ======'init_phase_1'====== Args={}
2026-03-03 17:37:50,582 : INFO : SwitchController : <<<<<<< 's_flipper_left_eos' active >>>>>>>
2026-03-03 17:37:50,582 : INFO : SwitchController : <<<<<<< 's_trough_1' active >>>>>>>
2026-03-03 17:37:50,583 : INFO : SwitchController : <<<<<<< 's_bumper_lower' active >>>>>>>
2026-03-03 17:37:50,583 : INFO : SwitchController : <<<<<<< 's_bumper_upper' active >>>>>>>
2026-03-03 17:37:50,614 : INFO : EventManager : Event: ======'init_phase_2'====== Args={}
2026-03-03 17:37:50,615 : INFO : SwitchController : Found active switch: (37, [FAST Platform Interface]) <switch.s_flipper_left_eos>
2026-03-03 17:37:50,615 : INFO : SwitchController : Found active switch: (24, [FAST Platform Interface]) <switch.s_trough_1>
2026-03-03 17:37:50,615 : INFO : SwitchController : Found active switch: (41, [FAST Platform Interface]) <switch.s_bumper_lower>
2026-03-03 17:37:50,615 : INFO : SwitchController : Found active switch: (42, [FAST Platform Interface]) <switch.s_bumper_upper>
2026-03-03 17:37:50,622 : INFO : EventManager : Event: ======'bcp_connection_attempt'====== Args={'name': 'local_display', 'host': 'localhost', 'port': 5050}
2026-03-03 17:37:50,624 : INFO : BCPClientSocket : Connecting BCP to 'local_display' at localhost:5050...
2026-03-03 17:38:04,719 : INFO : BCPClientSocket : Connected BCP to 'local_display' localhost:5050
2026-03-03 17:38:04,720 : INFO : EventManager : Event: ======'bcp_clients_connected'====== Args={}
2026-03-03 17:38:04,725 : INFO : ball_device.bd_trough : BCH: Initial count: 1
2026-03-03 17:38:04,726 : INFO : ball_device.bd_trough : State: idle
2026-03-03 17:38:04,727 : INFO : ball_device.bd_plunger : BCH: Initial count: 0
2026-03-03 17:38:04,727 : INFO : ball_device.bd_plunger : State: idle
2026-03-03 17:38:04,746 : INFO : EventManager : Event: ======'init_phase_3'====== Args={}
2026-03-03 17:38:04,797 : INFO : EventManager : Event: ======'init_phase_4'====== Args={}
2026-03-03 17:38:04,799 : INFO : BallController : Initial balls found: 1
2026-03-03 17:38:04,803 : INFO : EventManager : Event: ======'machine_var_audits_events_game_ended'====== Args={'value': 13, 'prev_value': None, 'change': True}
2026-03-03 17:38:04,804 : INFO : EventManager : Event: ======'machine_var_audits_events_game_started'====== Args={'value': 27, 'prev_value': None, 'change': True}
2026-03-03 17:38:04,804 : INFO : EventManager : Event: ======'machine_var_audits_missing_switches_s_bumper_lower'====== Args={'value': 27, 'prev_value': None, 'change': True}
2026-03-03 17:38:04,804 : INFO : EventManager : Event: ======'machine_var_audits_missing_switches_s_bumper_upper'====== Args={'value': 22, 'prev_value': None, 'change': True}
2026-03-03 17:38:04,804 : INFO : EventManager : Event: ======'machine_var_audits_missing_switches_s_flipper_right_lower_eos'====== Args={'value': 3, 'prev_value': None, 'change': True}
2026-03-03 17:38:04,804 : INFO : EventManager : Event: ======'machine_var_audits_missing_switches_s_inlane_right_1'====== Args={'value': 2, 'prev_value': None, 'change': True}
2026-03-03 17:38:04,804 : INFO : EventManager : Event: ======'machine_var_audits_missing_switches_s_start'====== Args={'value': 1, 'prev_value': None, 'change': True}
2026-03-03 17:38:04,804 : INFO : EventManager : Event: ======'machine_var_audits_missing_switches_s_trough_6'====== Args={'value': 1, 'prev_value': None, 'change': True}
2026-03-03 17:38:04,805 : INFO : EventManager : Event: ======'machine_var_audits_player_score'====== Args={'value': {'average': 12502, 'top': [123050, 15710, 11130, 10020, 7390, 3050, 1700, 1600, 1000, 400], 'total': 14}, 'prev_value': None, 'change': True}
2026-03-03 17:38:04,805 : INFO : EventManager : Event: ======'machine_var_audits_shots_shot_inlane_left'====== Args={'value': 31, 'prev_value': None, 'change': True}
2026-03-03 17:38:04,805 : INFO : EventManager : Event: ======'machine_var_audits_shots_shot_inlane_right_1'====== Args={'value': 964, 'prev_value': None, 'change': True}
2026-03-03 17:38:04,805 : INFO : EventManager : Event: ======'machine_var_audits_shots_shot_inlane_right_2'====== Args={'value': 19, 'prev_value': None, 'change': True}
2026-03-03 17:38:04,805 : INFO : EventManager : Event: ======'machine_var_audits_shots_shot_sling_left'====== Args={'value': 568, 'prev_value': None, 'change': True}
2026-03-03 17:38:04,806 : INFO : EventManager : Event: ======'machine_var_audits_shots_shot_sling_right'====== Args={'value': 52, 'prev_value': None, 'change': True}
2026-03-03 17:38:04,806 : INFO : EventManager : Event: ======'machine_var_audits_shots_sling_left'====== Args={'value': 21, 'prev_value': None, 'change': True}
2026-03-03 17:38:04,806 : INFO : EventManager : Event: ======'machine_var_audits_shots_sling_right'====== Args={'value': 28, 'prev_value': None, 'change': True}
2026-03-03 17:38:04,806 : INFO : EventManager : Event: ======'machine_var_audits_switches_s_bumper_lower'====== Args={'value': 0, 'prev_value': None, 'change': True}
2026-03-03 17:38:04,806 : INFO : EventManager : Event: ======'machine_var_audits_switches_s_bumper_upper'====== Args={'value': 6, 'prev_value': None, 'change': True}
2026-03-03 17:38:04,806 : INFO : EventManager : Event: ======'machine_var_audits_switches_s_flipper_left'====== Args={'value': 653, 'prev_value': None, 'change': True}
2026-03-03 17:38:04,807 : INFO : EventManager : Event: ======'machine_var_audits_switches_s_flipper_left_eos'====== Args={'value': 547, 'prev_value': None, 'change': True}
2026-03-03 17:38:04,807 : INFO : EventManager : Event: ======'machine_var_audits_switches_s_flipper_right_lower'====== Args={'value': 1366, 'prev_value': None, 'change': True}
2026-03-03 17:38:04,807 : INFO : EventManager : Event: ======'machine_var_audits_switches_s_flipper_right_lower_eos'====== Args={'value': 728, 'prev_value': None, 'change': True}
2026-03-03 17:38:04,807 : INFO : EventManager : Event: ======'machine_var_audits_switches_s_flipper_right_upper'====== Args={'value': 1228, 'prev_value': None, 'change': True}
2026-03-03 17:38:04,807 : INFO : EventManager : Event: ======'machine_var_audits_switches_s_flipper_right_upper_eos'====== Args={'value': 837, 'prev_value': None, 'change': True}
2026-03-03 17:38:04,808 : INFO : EventManager : Event: ======'machine_var_audits_switches_s_inlane_left'====== Args={'value': 31, 'prev_value': None, 'change': True}
2026-03-03 17:38:04,808 : INFO : EventManager : Event: ======'machine_var_audits_switches_s_inlane_right_1'====== Args={'value': 1296, 'prev_value': None, 'change': True}
2026-03-03 17:38:04,808 : INFO : EventManager : Event: ======'machine_var_audits_switches_s_inlane_right_2'====== Args={'value': 19, 'prev_value': None, 'change': True}
2026-03-03 17:38:04,808 : INFO : EventManager : Event: ======'machine_var_audits_switches_s_plunger'====== Args={'value': 89, 'prev_value': None, 'change': True}
2026-03-03 17:38:04,808 : INFO : EventManager : Event: ======'machine_var_audits_switches_s_sling_left'====== Args={'value': 591, 'prev_value': None, 'change': True}
2026-03-03 17:38:04,808 : INFO : EventManager : Event: ======'machine_var_audits_switches_s_sling_right'====== Args={'value': 80, 'prev_value': None, 'change': True}
2026-03-03 17:38:04,808 : INFO : EventManager : Event: ======'machine_var_audits_switches_s_start'====== Args={'value': 9, 'prev_value': None, 'change': True}
2026-03-03 17:38:04,808 : INFO : EventManager : Event: ======'machine_var_audits_switches_s_trough_1'====== Args={'value': 73, 'prev_value': None, 'change': True}
2026-03-03 17:38:04,808 : INFO : EventManager : Event: ======'machine_var_audits_switches_s_trough_2'====== Args={'value': 83, 'prev_value': None, 'change': True}
2026-03-03 17:38:04,809 : INFO : EventManager : Event: ======'machine_var_audits_switches_s_trough_3'====== Args={'value': 93, 'prev_value': None, 'change': True}
2026-03-03 17:38:04,809 : INFO : EventManager : Event: ======'machine_var_audits_switches_s_trough_4'====== Args={'value': 102, 'prev_value': None, 'change': True}
2026-03-03 17:38:04,809 : INFO : EventManager : Event: ======'machine_var_audits_switches_s_trough_5'====== Args={'value': 109, 'prev_value': None, 'change': True}
2026-03-03 17:38:04,809 : INFO : EventManager : Event: ======'machine_var_audits_switches_s_trough_6'====== Args={'value': 105, 'prev_value': None, 'change': True}
2026-03-03 17:38:04,809 : INFO : EventManager : Event: ======'machine_var_audits_switches_s_trough_7'====== Args={'value': 81, 'prev_value': None, 'change': True}
2026-03-03 17:38:04,810 : INFO : EventManager : Event: ======'init_phase_5'====== Args={}
2026-03-03 17:38:04,811 : INFO : EventManager : Event: ======'init_done'====== Args={}
2026-03-03 17:38:04,811 : INFO : EventManager : Event: ======'machine_reset_phase_1'====== Args={}
2026-03-03 17:38:04,847 : INFO : EventManager : Event: ======'machine_reset_phase_2'====== Args={}
2026-03-03 17:38:04,847 : INFO : EventManager : Event: ======'machine_reset_phase_3'====== Args={}
2026-03-03 17:38:04,848 : INFO : EventManager : Event: ======'reset_complete'====== Args={}
2026-03-03 17:38:04,848 : INFO : EventManager : Event: ======'mode_attract_will_start'====== Args={}
2026-03-03 17:38:04,849 : INFO : Timer.attract_carousel_timer : Starting Timer.
2026-03-03 17:38:04,849 : INFO : EventManager : Event: ======'timer_attract_carousel_timer_started'====== Args={'ticks': 0, 'ticks_remaining': 1}
2026-03-03 17:38:04,849 : INFO : EventManager : Event: ======'timer_attract_carousel_timer_tick'====== Args={'ticks': 0, 'ticks_remaining': 1}
2026-03-03 17:38:04,850 : INFO : EventManager : Event: ======'mode_attract_starting'====== Args={}
2026-03-03 17:38:04,850 : INFO : Mode.attract : Started. Priority: 10
2026-03-03 17:38:04,850 : INFO : EventManager : Event: ======'modes_active_modes_changed'====== Args={}
2026-03-03 17:38:04,850 : INFO : EventManager : Event: ======'mode_attract_started'====== Args={}
2026-03-03 17:38:04,851 : INFO : EventManager : Event: ======'collecting_balls_complete'====== Args={}
2026-03-03 17:38:04,852 : INFO : EventManager : Event: ======'carousel_item_highlighted'====== Args={'carousel': 'attract', 'direction': None, 'item': 'title'}
2026-03-03 17:38:04,853 : INFO : EventManager : Event: ======'timer_attract_carousel_timer_tick'====== Args={'ticks': 0, 'ticks_remaining': 1}
2026-03-03 17:38:04,853 : INFO : Machine : Starting the main run loop with active modes: [<Mode.attract>]
2026-03-03 17:38:05,123 : INFO : EventManager : Event: ======'slide_attract_created'====== Args={'_from_bcp': True}
2026-03-03 17:38:05,123 : INFO : EventManager : Event: ======'slide__removed'====== Args={'_from_bcp': True}
2026-03-03 17:38:05,123 : INFO : EventManager : Event: ======'slide_attract_active'====== Args={'original_context': 'attract', 'original_calling_context': 'mode_attract_started', 'priority': 10.0, 'cmd': 'slides_play', '_from_bcp': True}
2026-03-03 17:38:09,853 : INFO : Timer.attract_carousel_timer : Timer Complete
2026-03-03 17:38:09,853 : INFO : Timer.attract_carousel_timer : Stopping Timer
2026-03-03 17:38:09,853 : INFO : EventManager : Event: ======'timer_attract_carousel_timer_stopped'====== Args={'ticks': 1, 'ticks_remaining': 1}
2026-03-03 17:38:09,853 : INFO : EventManager : Event: ======'timer_attract_carousel_timer_complete'====== Args={'ticks': 1, 'ticks_remaining': 1}
2026-03-03 17:38:09,854 : INFO : EventManager : Event: ======'carousel_item_highlighted'====== Args={'carousel': 'attract', 'direction': 'forwards', 'item': 'credits'}
2026-03-03 17:38:09,854 : INFO : Timer.attract_carousel_timer : Starting Timer.
2026-03-03 17:38:09,854 : INFO : EventManager : Event: ======'timer_attract_carousel_timer_started'====== Args={'ticks': 0, 'ticks_remaining': 1}
2026-03-03 17:38:09,854 : INFO : EventManager : Event: ======'timer_attract_carousel_timer_tick'====== Args={'ticks': 0, 'ticks_remaining': 1}
2026-03-03 17:38:14,606 : INFO : SwitchController : <<<<<<< 's_start' active >>>>>>>
2026-03-03 17:38:14,690 : INFO : SwitchController : <<<<<<< 's_start' inactive >>>>>>>
2026-03-03 17:38:14,690 : INFO : EventManager : Event: ======'request_to_start_game'====== Args={}
2026-03-03 17:38:14,690 : INFO : EventManager : Event: ======'game_start'====== Args={'buttons': [], 'hold_time': 0.08310078199428972}
2026-03-03 17:38:14,690 : INFO : EventManager : Event: ======'mode_game_will_start'====== Args={'buttons': [], 'hold_time': 0.08310078199428972}
2026-03-03 17:38:14,691 : INFO : EventManager : Event: ======'mode_game_starting'====== Args={'buttons': [], 'hold_time': 0.08310078199428972}
2026-03-03 17:38:14,691 : INFO : EventManager : Event: ======'mode_attract_will_stop'====== Args={}
2026-03-03 17:38:14,692 : INFO : EventManager : Event: ======'mode_attract_stopping'====== Args={}
2026-03-03 17:38:14,692 : INFO : Mode.attract : Stopped.
2026-03-03 17:38:14,692 : INFO : EventManager : Event: ======'modes_active_modes_changed'====== Args={}
2026-03-03 17:38:14,692 : INFO : EventManager : Event: ======'mode_attract_stopped'====== Args={}
2026-03-03 17:38:14,692 : INFO : EventManager : Event: ======'clear'====== Args={'key': 'attract'}
2026-03-03 17:38:14,693 : INFO : Timer.attract_carousel_timer : Stopping Timer
2026-03-03 17:38:14,693 : INFO : EventManager : Event: ======'timer_attract_carousel_timer_stopped'====== Args={'ticks': 0, 'ticks_remaining': 1}
2026-03-03 17:38:14,693 : INFO : Mode.game : Started. Priority: 20
2026-03-03 17:38:14,693 : INFO : EventManager : Event: ======'modes_active_modes_changed'====== Args={}
2026-03-03 17:38:14,693 : INFO : EventManager : Event: ======'mode_game_started'====== Args={'buttons': [], 'hold_time': 0.08310078199428972}
2026-03-03 17:38:14,694 : INFO : EventManager : Event: ======'game_will_start'====== Args={}
2026-03-03 17:38:14,694 : INFO : EventManager : Event: ======'game_starting'====== Args={'game': <Mode.game>}
2026-03-03 17:38:14,695 : INFO : EventManager : Unordered handler for class <Auditor> on event game_ended with priority 1. Handlers: [RegisteredHandler(callback=<bound method Auditor.disable of <Auditor>>, priority=1, kwargs={}, key=UUID('542baad2-7cb5-41ce-a3ed-d44824612064'), condition=None, blocking_facility=None), RegisteredHandler(callback=<bound method Auditor._save_audits of <Auditor>>, priority=1, kwargs={}, key=UUID('76d7cabd-d991-40d3-8b66-b59d57fbf542'), condition=None, blocking_facility=None)]. The order of those handlers is not defined and they will be executed in random order. This might lead to race conditions and potential bugs.
2026-03-03 17:38:14,695 : INFO : EventManager : Event: ======'player_add_request'====== Args={}
2026-03-03 17:38:14,696 : INFO : EventManager : Event: ======'player_will_add'====== Args={'number': 1}
2026-03-03 17:38:14,696 : INFO : EventManager : Event: ======'player_adding'====== Args={'player': <Player 1>, 'number': 1}
2026-03-03 17:38:14,696 : INFO : EventManager : Event: ======'player_added'====== Args={'player': <Player 1>, 'num': 1}
2026-03-03 17:38:14,696 : INFO : Mode.game : Player added successfully. Total players: 1
2026-03-03 17:38:14,696 : INFO : EventManager : Event: ======'player_index'====== Args={'value': 0, 'prev_value': 0, 'change': 0, 'player_num': 1}
2026-03-03 17:38:14,697 : INFO : EventManager : Event: ======'player_number'====== Args={'value': 1, 'prev_value': 1, 'change': 0, 'player_num': 1}
2026-03-03 17:38:14,697 : INFO : EventManager : Event: ======'player_score'====== Args={'value': 0, 'prev_value': 0, 'change': 0, 'player_num': 1}
2026-03-03 17:38:14,699 : INFO : EventManager : Event: ======'game_started'====== Args={}
2026-03-03 17:38:14,699 : INFO : EventManager : Event: ======'player_turn_will_start'====== Args={'player': <Player 1>, 'number': 1}
2026-03-03 17:38:14,722 : INFO : EventManager : Event: ======'player_turn_starting'====== Args={'player': <Player 1>, 'number': 1}
2026-03-03 17:38:14,722 : INFO : EventManager : Event: ======'player_ball'====== Args={'value': 1, 'prev_value': 0, 'change': 1, 'player_num': 1}
2026-03-03 17:38:14,723 : INFO : EventManager : Event: ======'player_turn_started'====== Args={'player': <Player 1>, 'number': 1}
2026-03-03 17:38:14,723 : INFO : EventManager : Event: ======'ball_will_start'====== Args={'player': 1, 'ball': 1, 'balls_remaining': 2, 'is_extra_ball': False}
2026-03-03 17:38:14,724 : INFO : EventManager : Event: ======'ball_starting'====== Args={'player': 1, 'ball': 1, 'balls_remaining': 2, 'is_extra_ball': False}
2026-03-03 17:38:14,724 : INFO : EventManager : Event: ======'mode_base_will_start'====== Args={'queue': <QueuedEvent>, 'player': 1, 'ball': 1, 'balls_remaining': 2, 'is_extra_ball': False}
2026-03-03 17:38:14,725 : INFO : EventManager : Event: ======'mode_base_starting'====== Args={'queue': <QueuedEvent>, 'player': 1, 'ball': 1, 'balls_remaining': 2, 'is_extra_ball': False}
2026-03-03 17:38:14,725 : INFO : Mode.base : Started. Priority: 100
2026-03-03 17:38:14,725 : INFO : EventManager : Event: ======'modes_active_modes_changed'====== Args={}
2026-03-03 17:38:14,725 : INFO : EventManager : Event: ======'mode_base_started'====== Args={'queue': <QueuedEvent>, 'player': 1, 'ball': 1, 'balls_remaining': 2, 'is_extra_ball': False}
2026-03-03 17:38:14,725 : INFO : EventManager : Event: ======'start_mode_bumpers'====== Args={'priority': 0}
2026-03-03 17:38:14,727 : INFO : EventManager : Event: ======'mode_bumpers_will_start'====== Args={'priority': 0}
2026-03-03 17:38:14,727 : INFO : EventManager : Event: ======'player_shot_shot_sling_left_enabled'====== Args={'value': True, 'prev_value': 0, 'change': 1, 'player_num': 1}
2026-03-03 17:38:14,727 : INFO : EventManager : Event: ======'player_shot_shot_sling_right_enabled'====== Args={'value': True, 'prev_value': 0, 'change': 1, 'player_num': 1}
2026-03-03 17:38:14,728 : INFO : EventManager : Event: ======'player_shot_shot_bumper_lower_enabled'====== Args={'value': True, 'prev_value': 0, 'change': 1, 'player_num': 1}
2026-03-03 17:38:14,728 : INFO : EventManager : Event: ======'player_shot_shot_bumper_upper_enabled'====== Args={'value': True, 'prev_value': 0, 'change': 1, 'player_num': 1}
2026-03-03 17:38:14,729 : INFO : EventManager : Event: ======'player_shot_shot_inlane_left_enabled'====== Args={'value': True, 'prev_value': 0, 'change': 1, 'player_num': 1}
2026-03-03 17:38:14,729 : INFO : EventManager : Event: ======'player_shot_shot_inlane_right_1_enabled'====== Args={'value': True, 'prev_value': 0, 'change': 1, 'player_num': 1}
2026-03-03 17:38:14,729 : INFO : EventManager : Event: ======'player_shot_shot_inlane_right_2_enabled'====== Args={'value': True, 'prev_value': 0, 'change': 1, 'player_num': 1}
2026-03-03 17:38:14,730 : INFO : EventManager : Event: ======'slings_complete'====== Args={'state': 'unlit'}
2026-03-03 17:38:14,730 : INFO : EventManager : Event: ======'slings_unlit_complete'====== Args={}
2026-03-03 17:38:14,730 : INFO : EventManager : Event: ======'bumpers_complete'====== Args={'state': 'unlit'}
2026-03-03 17:38:14,730 : INFO : EventManager : Event: ======'bumpers_unlit_complete'====== Args={}
2026-03-03 17:38:14,731 : INFO : EventManager : Event: ======'inlanes_complete'====== Args={'state': 'unlit'}
2026-03-03 17:38:14,731 : INFO : EventManager : Event: ======'inlanes_unlit_complete'====== Args={}
2026-03-03 17:38:14,732 : INFO : EventManager : Event: ======'mode_bumpers_starting'====== Args={'priority': 0}
2026-03-03 17:38:14,732 : INFO : Mode.bumpers : Started. Priority: 200
2026-03-03 17:38:14,732 : INFO : EventManager : Event: ======'modes_active_modes_changed'====== Args={}
2026-03-03 17:38:14,732 : INFO : EventManager : Event: ======'mode_bumpers_started'====== Args={'priority': 0}
2026-03-03 17:38:14,733 : INFO : EventManager : Event: ======'balls_in_play'====== Args={'balls': 1}
2026-03-03 17:38:14,733 : INFO : EventManager : Event: ======'ball_started'====== Args={'player': 1, 'ball': 1, 'balls_remaining': 2, 'is_extra_ball': False}
2026-03-03 17:38:14,734 : INFO : EventManager : Event: ======'single_player_ball_started'====== Args={}
2026-03-03 17:38:14,743 : INFO : EventManager : Event: ======'ball_start_target'====== Args={'target': 'playfield'}
2026-03-03 17:38:14,743 : INFO : ball_device.bd_plunger : Setting up player-controlled eject. Balls: 1, Target: <playfield.playfield>, player_controlled_eject_event: None
2026-03-03 17:38:14,743 : INFO : EventManager : Event: ======'balldevice_balls_available'====== Args={}
2026-03-03 17:38:14,744 : INFO : ball_device.bd_trough : State: waiting_for_target_ready
2026-03-03 17:38:14,744 : INFO : EventManager : Event: ======'balldevice_bd_trough_ball_eject_attempt'====== Args={'balls': 1, 'target': <ball_device.bd_plunger>, 'source': <ball_device.bd_trough>, 'mechanical_eject': True, 'num_attempts': 0}
2026-03-03 17:38:14,744 : INFO : ball_device.bd_plunger : State: waiting_for_ball
2026-03-03 17:38:14,745 : INFO : ball_device.bd_trough : State: ejecting
2026-03-03 17:38:14,745 : INFO : ball_device.bd_trough : Ejecting ball to <ball_device.bd_plunger>
2026-03-03 17:38:14,745 : INFO : EventManager : Event: ======'balldevice_bd_trough_ejecting_ball'====== Args={'balls': 1, 'target': <ball_device.bd_plunger>, 'source': <ball_device.bd_trough>, 'mechanical_eject': True, 'num_attempts': 0}
2026-03-03 17:38:14,746 : INFO : ball_device.bd_trough : Wait for ball to leave device
2026-03-03 17:38:14,746 : INFO : coil.c_trough_eject : Pulsing Driver for 20ms (1.0 pulse_power)
2026-03-03 17:38:14,773 : INFO : SwitchController : <<<<<<< 's_trough_1' inactive >>>>>>>
2026-03-03 17:38:14,773 : INFO : SwitchController : <<<<<<< 's_trough_7' active >>>>>>>
2026-03-03 17:38:14,773 : INFO : EventManager : Event: ======'machine_var_audits_switches_s_trough_7'====== Args={'value': 82, 'prev_value': 81, 'change': 1}
2026-03-03 17:38:14,775 : INFO : ball_device.bd_trough : State: ball_left
2026-03-03 17:38:14,775 : INFO : ball_device.bd_trough : Ball left
2026-03-03 17:38:14,776 : INFO : ball_device.bd_trough : Wait for confirm with timeout 3.0
2026-03-03 17:38:14,795 : INFO : SwitchController : <<<<<<< 's_trough_7' inactive >>>>>>>
2026-03-03 17:38:14,795 : INFO : EventManager : Event: ======'slide_base_slide_created'====== Args={'_from_bcp': True}
2026-03-03 17:38:14,796 : INFO : EventManager : Event: ======'slide_attract_inactive'====== Args={'is_removing': True, '_from_bcp': True}
2026-03-03 17:38:14,796 : INFO : EventManager : Event: ======'slide_base_slide_active'====== Args={'original_context': 'base', 'original_calling_context': 'mode_base_started', 'priority': 100.0, 'queue': '<QueuedEvent>', 'player': 1.0, 'ball': 1.0, 'balls_remaining': 2.0, 'is_extra_ball': False, 'cmd': 'slides_play', '_from_bcp': True}
2026-03-03 17:38:14,796 : INFO : EventManager : Event: ======'slide_attract_removed'====== Args={'_from_bcp': True}
2026-03-03 17:38:14,895 : INFO : SwitchController : <<<<<<< 's_plunger' active >>>>>>>
2026-03-03 17:38:14,895 : INFO : EventManager : Event: ======'machine_var_audits_switches_s_plunger'====== Args={'value': 90, 'prev_value': 89, 'change': 1}
2026-03-03 17:38:15,396 : INFO : ball_device.bd_plunger : Received ball from <ball_device.bd_trough>
2026-03-03 17:38:15,396 : INFO : EventManager : Event: ======'balldevice_bd_plunger_ball_enter'====== Args={'new_balls': 1, 'unclaimed_balls': 0, 'new_available_balls': 0, 'device': <ball_device.bd_plunger>}
2026-03-03 17:38:15,397 : INFO : EventManager : Event: ======'balldevice_bd_plunger_ball_entered'====== Args={'new_balls': 0, 'device': <ball_device.bd_plunger>}
2026-03-03 17:38:15,397 : INFO : EventManager : Event: ======'balldevice_bd_plunger_ball_count_changed'====== Args={'balls': 1}
2026-03-03 17:38:15,397 : INFO : ball_device.bd_trough : Got eject confirm
2026-03-03 17:38:15,398 : INFO : ball_device.bd_trough : Eject successful
2026-03-03 17:38:15,398 : INFO : EventManager : Event: ======'balldevice_bd_trough_ball_eject_success'====== Args={'balls': 1, 'target': <ball_device.bd_plunger>}
2026-03-03 17:38:15,398 : INFO : ball_device.bd_plunger : State: waiting_for_target_ready
2026-03-03 17:38:15,398 : INFO : EventManager : Event: ======'balldevice_bd_plunger_ball_eject_attempt'====== Args={'balls': 1, 'target': <playfield.playfield>, 'source': <ball_device.bd_plunger>, 'mechanical_eject': True, 'num_attempts': 0}
2026-03-03 17:38:15,398 : INFO : EventManager : Event: ======'balldevice_bd_trough_ball_count_changed'====== Args={'balls': 0}
2026-03-03 17:38:15,398 : INFO : ball_device.bd_trough : State: idle
2026-03-03 17:38:15,399 : INFO : ball_device.bd_plunger : State: ejecting
2026-03-03 17:38:15,399 : INFO : ball_device.bd_plunger : Ejecting ball to <playfield.playfield>
2026-03-03 17:38:15,399 : INFO : EventManager : Event: ======'balldevice_bd_plunger_ejecting_ball'====== Args={'balls': 1, 'target': <playfield.playfield>, 'source': <ball_device.bd_plunger>, 'mechanical_eject': True, 'num_attempts': 0}
2026-03-03 17:38:15,400 : INFO : ball_device.bd_plunger : Wait for ball to leave device
2026-03-03 17:38:17,102 : INFO : SwitchController : <<<<<<< 's_plunger' inactive >>>>>>>
2026-03-03 17:38:17,103 : INFO : ball_device.bd_plunger : State: ball_left
2026-03-03 17:38:17,104 : INFO : ball_device.bd_plunger : Ball left
2026-03-03 17:38:17,104 : INFO : ball_device.bd_plunger : Wait for confirm with timeout 5.0
2026-03-03 17:38:17,852 : INFO : SwitchController : <<<<<<< 's_flipper_right_lower' active >>>>>>>
2026-03-03 17:38:17,852 : INFO : EventManager : Event: ======'machine_var_audits_switches_s_flipper_right_lower'====== Args={'value': 1367, 'prev_value': 1366, 'change': 1}
2026-03-03 17:38:17,871 : INFO : SwitchController : <<<<<<< 's_flipper_right_upper' active >>>>>>>
2026-03-03 17:38:17,872 : INFO : EventManager : Event: ======'machine_var_audits_switches_s_flipper_right_upper'====== Args={'value': 1229, 'prev_value': 1228, 'change': 1}
2026-03-03 17:38:17,952 : INFO : SwitchController : <<<<<<< 's_flipper_right_upper' inactive >>>>>>>
2026-03-03 17:38:17,960 : INFO : SwitchController : <<<<<<< 's_flipper_right_lower' inactive >>>>>>>
2026-03-03 17:38:18,059 : INFO : SwitchController : <<<<<<< 's_flipper_left' active >>>>>>>
2026-03-03 17:38:18,059 : INFO : EventManager : Event: ======'machine_var_audits_switches_s_flipper_left'====== Args={'value': 654, 'prev_value': 653, 'change': 1}
2026-03-03 17:38:18,082 : INFO : SwitchController : <<<<<<< 's_flipper_left_eos' inactive >>>>>>>
2026-03-03 17:38:18,178 : INFO : SwitchController : <<<<<<< 's_flipper_left' inactive >>>>>>>
2026-03-03 17:38:18,267 : INFO : SwitchController : <<<<<<< 's_flipper_left_eos' active >>>>>>>
2026-03-03 17:38:18,267 : INFO : EventManager : Event: ======'machine_var_audits_switches_s_flipper_left_eos'====== Args={'value': 548, 'prev_value': 547, 'change': 1}
2026-03-03 17:38:19,062 : INFO : SwitchController : <<<<<<< 's_flipper_right_lower' active >>>>>>>
2026-03-03 17:38:19,062 : INFO : EventManager : Event: ======'machine_var_audits_switches_s_flipper_right_lower'====== Args={'value': 1368, 'prev_value': 1367, 'change': 1}
2026-03-03 17:38:19,062 : INFO : SwitchController : <<<<<<< 's_flipper_right_upper' active >>>>>>>
2026-03-03 17:38:19,062 : INFO : EventManager : Event: ======'machine_var_audits_switches_s_flipper_right_upper'====== Args={'value': 1230, 'prev_value': 1229, 'change': 1}
2026-03-03 17:38:19,204 : INFO : SwitchController : <<<<<<< 's_flipper_right_upper' inactive >>>>>>>
2026-03-03 17:38:19,210 : INFO : SwitchController : <<<<<<< 's_flipper_right_lower' inactive >>>>>>>
2026-03-03 17:38:19,961 : INFO : SwitchController : <<<<<<< 's_flipper_right_lower' active >>>>>>>
2026-03-03 17:38:19,961 : INFO : EventManager : Event: ======'machine_var_audits_switches_s_flipper_right_lower'====== Args={'value': 1369, 'prev_value': 1368, 'change': 1}
2026-03-03 17:38:19,982 : INFO : SwitchController : <<<<<<< 's_flipper_right_upper' active >>>>>>>
2026-03-03 17:38:19,983 : INFO : EventManager : Event: ======'machine_var_audits_switches_s_flipper_right_upper'====== Args={'value': 1231, 'prev_value': 1230, 'change': 1}
2026-03-03 17:38:20,284 : INFO : SwitchController : <<<<<<< 's_flipper_right_upper' inactive >>>>>>>
2026-03-03 17:38:20,291 : INFO : SwitchController : <<<<<<< 's_flipper_right_lower' inactive >>>>>>>
2026-03-03 17:38:21,448 : INFO : SwitchController : <<<<<<< 's_flipper_right_lower' active >>>>>>>
2026-03-03 17:38:21,448 : INFO : EventManager : Event: ======'machine_var_audits_switches_s_flipper_right_lower'====== Args={'value': 1370, 'prev_value': 1369, 'change': 1}
2026-03-03 17:38:21,454 : INFO : SwitchController : <<<<<<< 's_flipper_right_upper' active >>>>>>>
2026-03-03 17:38:21,454 : INFO : EventManager : Event: ======'machine_var_audits_switches_s_flipper_right_upper'====== Args={'value': 1232, 'prev_value': 1231, 'change': 1}
2026-03-03 17:38:21,590 : INFO : SwitchController : <<<<<<< 's_flipper_right_upper' inactive >>>>>>>
2026-03-03 17:38:21,610 : INFO : SwitchController : <<<<<<< 's_flipper_right_lower' inactive >>>>>>>
2026-03-03 17:38:22,104 : INFO : ball_device.bd_plunger : State: failed_confirm
2026-03-03 17:38:22,104 : INFO : ball_device.bd_plunger : Got timeout (5.0s) before confirm from <playfield.playfield>
2026-03-03 17:38:22,205 : INFO : ball_device.bd_plunger : Confirming eject because target is playfield and ball did not return.
2026-03-03 17:38:22,205 : INFO : ball_device.bd_plunger : Eject successful
2026-03-03 17:38:22,205 : INFO : EventManager : Event: ======'balldevice_bd_plunger_ball_eject_success'====== Args={'balls': 1, 'target': <playfield.playfield>}
2026-03-03 17:38:22,205 : INFO : EventManager : Event: ======'balldevice_playfield_ball_enter'====== Args={'new_balls': 1, 'unclaimed_balls': 1, 'device': <playfield.playfield>}
2026-03-03 17:38:22,205 : INFO : EventManager : Event: ======'playfield_ball_count_change'====== Args={'balls': 1, 'change': 1}
2026-03-03 17:38:22,205 : INFO : EventManager : Event: ======'balldevice_bd_plunger_ball_count_changed'====== Args={'balls': 0}
2026-03-03 17:38:22,206 : INFO : ball_device.bd_plunger : State: idle
2026-03-03 17:38:22,897 : INFO : SwitchController : <<<<<<< 's_flipper_right_lower' active >>>>>>>
2026-03-03 17:38:22,897 : INFO : EventManager : Event: ======'machine_var_audits_switches_s_flipper_right_lower'====== Args={'value': 1371, 'prev_value': 1370, 'change': 1}
2026-03-03 17:38:22,900 : INFO : SwitchController : <<<<<<< 's_flipper_right_upper' active >>>>>>>
2026-03-03 17:38:22,900 : INFO : EventManager : Event: ======'machine_var_audits_switches_s_flipper_right_upper'====== Args={'value': 1233, 'prev_value': 1232, 'change': 1}
2026-03-03 17:38:23,099 : INFO : SwitchController : <<<<<<< 's_flipper_right_upper' inactive >>>>>>>
2026-03-03 17:38:23,121 : INFO : SwitchController : <<<<<<< 's_flipper_right_lower' inactive >>>>>>>
2026-03-03 17:38:23,363 : INFO : SwitchController : <<<<<<< 's_flipper_left' active >>>>>>>
2026-03-03 17:38:23,364 : INFO : EventManager : Event: ======'machine_var_audits_switches_s_flipper_left'====== Args={'value': 655, 'prev_value': 654, 'change': 1}
2026-03-03 17:38:23,387 : INFO : SwitchController : <<<<<<< 's_flipper_left_eos' inactive >>>>>>>
2026-03-03 17:38:23,518 : INFO : SwitchController : <<<<<<< 's_sling_left' active >>>>>>>
2026-03-03 17:38:23,518 : INFO : EventManager : Event: ======'s_sling_left_active'====== Args={}
2026-03-03 17:38:23,518 : INFO : EventManager : Event: ======'machine_var_audits_switches_s_sling_left'====== Args={'value': 592, 'prev_value': 591, 'change': 1}
2026-03-03 17:38:23,518 : INFO : EventManager : Event: ======'player_shot_shot_sling_left'====== Args={'value': 1, 'prev_value': 0, 'change': 1, 'player_num': 1}
2026-03-03 17:38:23,519 : INFO : EventManager : Event: ======'machine_var_audits_shots_shot_sling_left'====== Args={'value': 569, 'prev_value': 568, 'change': 1}
2026-03-03 17:38:23,519 : INFO : EventManager : Event: ======'shot_sling_left_hit'====== Args={'profile': 'default', 'state': 'unlit', 'advancing': True}
2026-03-03 17:38:23,519 : INFO : EventManager : Event: ======'shot_sling_left_default_hit'====== Args={'profile': 'default', 'state': 'unlit', 'advancing': True}
2026-03-03 17:38:23,519 : INFO : EventManager : Event: ======'shot_sling_left_default_unlit_hit'====== Args={'profile': 'default', 'state': 'unlit', 'advancing': True}
2026-03-03 17:38:23,519 : INFO : EventManager : Event: ======'shot_sling_left_unlit_hit'====== Args={'profile': 'default', 'state': 'unlit', 'advancing': True}
2026-03-03 17:38:23,519 : INFO : EventManager : Event: ======'slings_hit'====== Args={'shot': 'shot_sling_left'}
2026-03-03 17:38:23,520 : INFO : EventManager : Event: ======'slings_unlit_hit'====== Args={'shot': 'shot_sling_left'}
2026-03-03 17:38:23,520 : INFO : EventManager : Event: ======'player_initial_value'====== Args={'value': 0, 'prev_value': 0, 'change': 0, 'player_num': 1, 'source': 'bumpers'}
2026-03-03 17:38:23,520 : INFO : EventManager : Event: ======'player_score'====== Args={'value': 1000, 'prev_value': 0, 'change': 1000, 'player_num': 1, 'source': 'bumpers'}
2026-03-03 17:38:23,538 : INFO : SwitchController : <<<<<<< 's_sling_left' inactive >>>>>>>
2026-03-03 17:38:23,604 : INFO : SwitchController : <<<<<<< 's_sling_right' active >>>>>>>
2026-03-03 17:38:23,604 : INFO : EventManager : Event: ======'s_sling_right_active'====== Args={}
2026-03-03 17:38:23,604 : INFO : EventManager : Event: ======'machine_var_audits_switches_s_sling_right'====== Args={'value': 81, 'prev_value': 80, 'change': 1}
2026-03-03 17:38:23,605 : INFO : EventManager : Event: ======'player_shot_shot_sling_right'====== Args={'value': 1, 'prev_value': 0, 'change': 1, 'player_num': 1}
2026-03-03 17:38:23,605 : INFO : EventManager : Event: ======'machine_var_audits_shots_shot_sling_right'====== Args={'value': 53, 'prev_value': 52, 'change': 1}
2026-03-03 17:38:23,606 : INFO : EventManager : Event: ======'shot_sling_right_hit'====== Args={'profile': 'default', 'state': 'unlit', 'advancing': True}
2026-03-03 17:38:23,606 : INFO : EventManager : Event: ======'shot_sling_right_default_hit'====== Args={'profile': 'default', 'state': 'unlit', 'advancing': True}
2026-03-03 17:38:23,606 : INFO : EventManager : Event: ======'shot_sling_right_default_unlit_hit'====== Args={'profile': 'default', 'state': 'unlit', 'advancing': True}
2026-03-03 17:38:23,606 : INFO : EventManager : Event: ======'shot_sling_right_unlit_hit'====== Args={'profile': 'default', 'state': 'unlit', 'advancing': True}
2026-03-03 17:38:23,606 : INFO : EventManager : Event: ======'slings_complete'====== Args={'state': 'lit'}
2026-03-03 17:38:23,606 : INFO : EventManager : Event: ======'slings_lit_complete'====== Args={}
2026-03-03 17:38:23,606 : INFO : EventManager : Event: ======'slings_hit'====== Args={'shot': 'shot_sling_right'}
2026-03-03 17:38:23,606 : INFO : EventManager : Event: ======'slings_unlit_hit'====== Args={'shot': 'shot_sling_right'}
2026-03-03 17:38:23,606 : INFO : EventManager : Event: ======'player_score'====== Args={'value': 2000, 'prev_value': 1000, 'change': 1000, 'player_num': 1, 'source': 'bumpers'}
2026-03-03 17:38:23,625 : INFO : SwitchController : <<<<<<< 's_sling_right' inactive >>>>>>>
2026-03-03 17:38:23,629 : INFO : SwitchController : <<<<<<< 's_flipper_left' inactive >>>>>>>
2026-03-03 17:38:23,649 : INFO : SwitchController : <<<<<<< 's_flipper_right_lower' active >>>>>>>
2026-03-03 17:38:23,650 : INFO : EventManager : Event: ======'machine_var_audits_switches_s_flipper_right_lower'====== Args={'value': 1372, 'prev_value': 1371, 'change': 1}
2026-03-03 17:38:23,655 : INFO : SwitchController : <<<<<<< 's_flipper_right_upper' active >>>>>>>
2026-03-03 17:38:23,655 : INFO : EventManager : Event: ======'machine_var_audits_switches_s_flipper_right_upper'====== Args={'value': 1234, 'prev_value': 1233, 'change': 1}
2026-03-03 17:38:23,716 : INFO : SwitchController : <<<<<<< 's_flipper_left_eos' active >>>>>>>
2026-03-03 17:38:23,716 : INFO : EventManager : Event: ======'machine_var_audits_switches_s_flipper_left_eos'====== Args={'value': 549, 'prev_value': 548, 'change': 1}
2026-03-03 17:38:23,803 : INFO : SwitchController : <<<<<<< 's_flipper_right_upper' inactive >>>>>>>
2026-03-03 17:38:23,827 : INFO : SwitchController : <<<<<<< 's_flipper_right_lower' inactive >>>>>>>
2026-03-03 17:38:24,412 : INFO : SwitchController : <<<<<<< 's_sling_right' active >>>>>>>
2026-03-03 17:38:24,412 : INFO : EventManager : Event: ======'s_sling_right_active'====== Args={}
2026-03-03 17:38:24,413 : INFO : EventManager : Event: ======'machine_var_audits_switches_s_sling_right'====== Args={'value': 82, 'prev_value': 81, 'change': 1}
2026-03-03 17:38:24,413 : INFO : EventManager : Event: ======'machine_var_audits_shots_shot_sling_right'====== Args={'value': 54, 'prev_value': 53, 'change': 1}
2026-03-03 17:38:24,414 : INFO : EventManager : Event: ======'shot_sling_right_hit'====== Args={'profile': 'default', 'state': 'lit', 'advancing': False}
2026-03-03 17:38:24,414 : INFO : EventManager : Event: ======'shot_sling_right_default_hit'====== Args={'profile': 'default', 'state': 'lit', 'advancing': False}
2026-03-03 17:38:24,414 : INFO : EventManager : Event: ======'shot_sling_right_default_lit_hit'====== Args={'profile': 'default', 'state': 'lit', 'advancing': False}
2026-03-03 17:38:24,414 : INFO : EventManager : Event: ======'shot_sling_right_lit_hit'====== Args={'profile': 'default', 'state': 'lit', 'advancing': False}
2026-03-03 17:38:24,414 : INFO : EventManager : Event: ======'slings_hit'====== Args={'shot': 'shot_sling_right'}
2026-03-03 17:38:24,414 : INFO : EventManager : Event: ======'slings_lit_hit'====== Args={'shot': 'shot_sling_right'}
2026-03-03 17:38:24,414 : INFO : EventManager : Event: ======'player_score'====== Args={'value': 3000, 'prev_value': 2000, 'change': 1000, 'player_num': 1, 'source': 'bumpers'}
2026-03-03 17:38:24,432 : INFO : SwitchController : <<<<<<< 's_sling_right' inactive >>>>>>>
2026-03-03 17:38:25,630 : INFO : SwitchController : <<<<<<< 's_sling_right' active >>>>>>>
2026-03-03 17:38:25,630 : INFO : EventManager : Event: ======'s_sling_right_active'====== Args={}
2026-03-03 17:38:25,631 : INFO : EventManager : Event: ======'machine_var_audits_switches_s_sling_right'====== Args={'value': 83, 'prev_value': 82, 'change': 1}
2026-03-03 17:38:25,631 : INFO : EventManager : Event: ======'machine_var_audits_shots_shot_sling_right'====== Args={'value': 55, 'prev_value': 54, 'change': 1}
2026-03-03 17:38:25,632 : INFO : EventManager : Event: ======'shot_sling_right_hit'====== Args={'profile': 'default', 'state': 'lit', 'advancing': False}
2026-03-03 17:38:25,632 : INFO : EventManager : Event: ======'shot_sling_right_default_hit'====== Args={'profile': 'default', 'state': 'lit', 'advancing': False}
2026-03-03 17:38:25,632 : INFO : EventManager : Event: ======'shot_sling_right_default_lit_hit'====== Args={'profile': 'default', 'state': 'lit', 'advancing': False}
2026-03-03 17:38:25,632 : INFO : EventManager : Event: ======'shot_sling_right_lit_hit'====== Args={'profile': 'default', 'state': 'lit', 'advancing': False}
2026-03-03 17:38:25,632 : INFO : EventManager : Event: ======'slings_hit'====== Args={'shot': 'shot_sling_right'}
2026-03-03 17:38:25,632 : INFO : EventManager : Event: ======'slings_lit_hit'====== Args={'shot': 'shot_sling_right'}
2026-03-03 17:38:25,632 : INFO : EventManager : Event: ======'player_score'====== Args={'value': 4000, 'prev_value': 3000, 'change': 1000, 'player_num': 1, 'source': 'bumpers'}
2026-03-03 17:38:25,638 : INFO : SwitchController : <<<<<<< 's_sling_right' inactive >>>>>>>
2026-03-03 17:38:25,938 : INFO : SwitchController : <<<<<<< 's_sling_left' active >>>>>>>
2026-03-03 17:38:25,939 : INFO : EventManager : Event: ======'s_sling_left_active'====== Args={}
2026-03-03 17:38:25,939 : INFO : EventManager : Event: ======'machine_var_audits_switches_s_sling_left'====== Args={'value': 593, 'prev_value': 592, 'change': 1}
2026-03-03 17:38:25,939 : INFO : EventManager : Event: ======'machine_var_audits_shots_shot_sling_left'====== Args={'value': 570, 'prev_value': 569, 'change': 1}
2026-03-03 17:38:25,940 : INFO : EventManager : Event: ======'shot_sling_left_hit'====== Args={'profile': 'default', 'state': 'lit', 'advancing': False}
2026-03-03 17:38:25,940 : INFO : EventManager : Event: ======'shot_sling_left_default_hit'====== Args={'profile': 'default', 'state': 'lit', 'advancing': False}
2026-03-03 17:38:25,940 : INFO : EventManager : Event: ======'shot_sling_left_default_lit_hit'====== Args={'profile': 'default', 'state': 'lit', 'advancing': False}
2026-03-03 17:38:25,940 : INFO : EventManager : Event: ======'shot_sling_left_lit_hit'====== Args={'profile': 'default', 'state': 'lit', 'advancing': False}
2026-03-03 17:38:25,940 : INFO : EventManager : Event: ======'slings_hit'====== Args={'shot': 'shot_sling_left'}
2026-03-03 17:38:25,940 : INFO : EventManager : Event: ======'slings_lit_hit'====== Args={'shot': 'shot_sling_left'}
2026-03-03 17:38:25,940 : INFO : EventManager : Event: ======'player_score'====== Args={'value': 5000, 'prev_value': 4000, 'change': 1000, 'player_num': 1, 'source': 'bumpers'}
2026-03-03 17:38:25,948 : INFO : SwitchController : <<<<<<< 's_sling_left' inactive >>>>>>>
2026-03-03 17:38:26,913 : INFO : SwitchController : <<<<<<< 's_inlane_right_1' active >>>>>>>
2026-03-03 17:38:26,914 : INFO : EventManager : Event: ======'s_inlane_right_1_active'====== Args={}
2026-03-03 17:38:26,914 : INFO : EventManager : Event: ======'sw_playfield_active'====== Args={}
2026-03-03 17:38:26,914 : INFO : EventManager : Event: ======'machine_var_audits_switches_s_inlane_right_1'====== Args={'value': 1297, 'prev_value': 1296, 'change': 1}
2026-03-03 17:38:26,915 : INFO : EventManager : Event: ======'player_shot_shot_inlane_right_1'====== Args={'value': 1, 'prev_value': 0, 'change': 1, 'player_num': 1}
2026-03-03 17:38:26,916 : INFO : EventManager : Event: ======'machine_var_audits_shots_shot_inlane_right_1'====== Args={'value': 965, 'prev_value': 964, 'change': 1}
2026-03-03 17:38:26,916 : INFO : EventManager : Event: ======'shot_inlane_right_1_hit'====== Args={'profile': 'default', 'state': 'unlit', 'advancing': True}
2026-03-03 17:38:26,917 : INFO : EventManager : Event: ======'shot_inlane_right_1_default_hit'====== Args={'profile': 'default', 'state': 'unlit', 'advancing': True}
2026-03-03 17:38:26,917 : INFO : EventManager : Event: ======'shot_inlane_right_1_default_unlit_hit'====== Args={'profile': 'default', 'state': 'unlit', 'advancing': True}
2026-03-03 17:38:26,917 : INFO : EventManager : Event: ======'shot_inlane_right_1_unlit_hit'====== Args={'profile': 'default', 'state': 'unlit', 'advancing': True}
2026-03-03 17:38:26,917 : INFO : EventManager : Event: ======'inlanes_hit'====== Args={'shot': 'shot_inlane_right_1'}
2026-03-03 17:38:26,917 : INFO : EventManager : Event: ======'inlanes_unlit_hit'====== Args={'shot': 'shot_inlane_right_1'}
2026-03-03 17:38:26,917 : INFO : EventManager : Event: ======'player_score'====== Args={'value': 5010, 'prev_value': 5000, 'change': 10, 'player_num': 1, 'source': 'bumpers'}
2026-03-03 17:38:27,069 : INFO : SwitchController : <<<<<<< 's_inlane_right_1' inactive >>>>>>>
2026-03-03 17:38:27,893 : INFO : SwitchController : <<<<<<< 's_flipper_right_upper' active >>>>>>>
2026-03-03 17:38:27,893 : INFO : EventManager : Event: ======'machine_var_audits_switches_s_flipper_right_upper'====== Args={'value': 1235, 'prev_value': 1234, 'change': 1}
2026-03-03 17:38:27,894 : INFO : SwitchController : <<<<<<< 's_flipper_right_lower' active >>>>>>>
2026-03-03 17:38:27,894 : INFO : EventManager : Event: ======'machine_var_audits_switches_s_flipper_right_lower'====== Args={'value': 1373, 'prev_value': 1372, 'change': 1}
2026-03-03 17:38:28,061 : INFO : SwitchController : <<<<<<< 's_flipper_right_upper' inactive >>>>>>>
2026-03-03 17:38:28,066 : INFO : SwitchController : <<<<<<< 's_flipper_right_lower' inactive >>>>>>>
2026-03-03 17:38:28,338 : INFO : SwitchController : <<<<<<< 's_sling_right' active >>>>>>>
2026-03-03 17:38:28,338 : INFO : EventManager : Event: ======'s_sling_right_active'====== Args={}
2026-03-03 17:38:28,338 : INFO : EventManager : Event: ======'machine_var_audits_switches_s_sling_right'====== Args={'value': 84, 'prev_value': 83, 'change': 1}
2026-03-03 17:38:28,339 : INFO : EventManager : Event: ======'machine_var_audits_shots_shot_sling_right'====== Args={'value': 56, 'prev_value': 55, 'change': 1}
2026-03-03 17:38:28,339 : INFO : EventManager : Event: ======'shot_sling_right_hit'====== Args={'profile': 'default', 'state': 'lit', 'advancing': False}
2026-03-03 17:38:28,339 : INFO : EventManager : Event: ======'shot_sling_right_default_hit'====== Args={'profile': 'default', 'state': 'lit', 'advancing': False}
2026-03-03 17:38:28,339 : INFO : EventManager : Event: ======'shot_sling_right_default_lit_hit'====== Args={'profile': 'default', 'state': 'lit', 'advancing': False}
2026-03-03 17:38:28,340 : INFO : EventManager : Event: ======'shot_sling_right_lit_hit'====== Args={'profile': 'default', 'state': 'lit', 'advancing': False}
2026-03-03 17:38:28,340 : INFO : EventManager : Event: ======'slings_hit'====== Args={'shot': 'shot_sling_right'}
2026-03-03 17:38:28,340 : INFO : EventManager : Event: ======'slings_lit_hit'====== Args={'shot': 'shot_sling_right'}
2026-03-03 17:38:28,340 : INFO : EventManager : Event: ======'player_score'====== Args={'value': 6010, 'prev_value': 5010, 'change': 1000, 'player_num': 1, 'source': 'bumpers'}
2026-03-03 17:38:28,358 : INFO : SwitchController : <<<<<<< 's_sling_right' inactive >>>>>>>
2026-03-03 17:38:30,294 : INFO : SwitchController : <<<<<<< 's_flipper_right_upper' active >>>>>>>
2026-03-03 17:38:30,294 : INFO : EventManager : Event: ======'machine_var_audits_switches_s_flipper_right_upper'====== Args={'value': 1236, 'prev_value': 1235, 'change': 1}
2026-03-03 17:38:30,304 : INFO : SwitchController : <<<<<<< 's_flipper_right_lower' active >>>>>>>
2026-03-03 17:38:30,304 : INFO : EventManager : Event: ======'machine_var_audits_switches_s_flipper_right_lower'====== Args={'value': 1374, 'prev_value': 1373, 'change': 1}
2026-03-03 17:38:30,453 : INFO : SwitchController : <<<<<<< 's_flipper_right_upper' inactive >>>>>>>
2026-03-03 17:38:30,459 : INFO : SwitchController : <<<<<<< 's_flipper_right_lower' inactive >>>>>>>
2026-03-03 17:38:31,782 : INFO : SwitchController : <<<<<<< 's_sling_right' active >>>>>>>
2026-03-03 17:38:31,782 : INFO : EventManager : Event: ======'s_sling_right_active'====== Args={}
2026-03-03 17:38:31,783 : INFO : EventManager : Event: ======'machine_var_audits_switches_s_sling_right'====== Args={'value': 85, 'prev_value': 84, 'change': 1}
2026-03-03 17:38:31,783 : INFO : EventManager : Event: ======'machine_var_audits_shots_shot_sling_right'====== Args={'value': 57, 'prev_value': 56, 'change': 1}
2026-03-03 17:38:31,784 : INFO : EventManager : Event: ======'shot_sling_right_hit'====== Args={'profile': 'default', 'state': 'lit', 'advancing': False}
2026-03-03 17:38:31,784 : INFO : EventManager : Event: ======'shot_sling_right_default_hit'====== Args={'profile': 'default', 'state': 'lit', 'advancing': False}
2026-03-03 17:38:31,784 : INFO : EventManager : Event: ======'shot_sling_right_default_lit_hit'====== Args={'profile': 'default', 'state': 'lit', 'advancing': False}
2026-03-03 17:38:31,784 : INFO : EventManager : Event: ======'shot_sling_right_lit_hit'====== Args={'profile': 'default', 'state': 'lit', 'advancing': False}
2026-03-03 17:38:31,785 : INFO : EventManager : Event: ======'slings_hit'====== Args={'shot': 'shot_sling_right'}
2026-03-03 17:38:31,785 : INFO : EventManager : Event: ======'slings_lit_hit'====== Args={'shot': 'shot_sling_right'}
2026-03-03 17:38:31,785 : INFO : EventManager : Event: ======'player_score'====== Args={'value': 7010, 'prev_value': 6010, 'change': 1000, 'player_num': 1, 'source': 'bumpers'}
2026-03-03 17:38:31,790 : INFO : SwitchController : <<<<<<< 's_sling_right' inactive >>>>>>>
2026-03-03 17:38:33,166 : INFO : SwitchController : <<<<<<< 's_inlane_left' active >>>>>>>
2026-03-03 17:38:33,166 : INFO : EventManager : Event: ======'s_inlane_left_active'====== Args={}
2026-03-03 17:38:33,166 : INFO : EventManager : Event: ======'sw_playfield_active'====== Args={}
2026-03-03 17:38:33,166 : INFO : EventManager : Event: ======'machine_var_audits_switches_s_inlane_left'====== Args={'value': 32, 'prev_value': 31, 'change': 1}
2026-03-03 17:38:33,167 : INFO : EventManager : Event: ======'player_shot_shot_inlane_left'====== Args={'value': 1, 'prev_value': 0, 'change': 1, 'player_num': 1}
2026-03-03 17:38:33,167 : INFO : EventManager : Event: ======'machine_var_audits_shots_shot_inlane_left'====== Args={'value': 32, 'prev_value': 31, 'change': 1}
2026-03-03 17:38:33,167 : INFO : EventManager : Event: ======'shot_inlane_left_hit'====== Args={'profile': 'default', 'state': 'unlit', 'advancing': True}
2026-03-03 17:38:33,167 : INFO : EventManager : Event: ======'shot_inlane_left_default_hit'====== Args={'profile': 'default', 'state': 'unlit', 'advancing': True}
2026-03-03 17:38:33,167 : INFO : EventManager : Event: ======'shot_inlane_left_default_unlit_hit'====== Args={'profile': 'default', 'state': 'unlit', 'advancing': True}
2026-03-03 17:38:33,168 : INFO : EventManager : Event: ======'shot_inlane_left_unlit_hit'====== Args={'profile': 'default', 'state': 'unlit', 'advancing': True}
2026-03-03 17:38:33,168 : INFO : EventManager : Event: ======'inlanes_hit'====== Args={'shot': 'shot_inlane_left'}
2026-03-03 17:38:33,168 : INFO : EventManager : Event: ======'inlanes_unlit_hit'====== Args={'shot': 'shot_inlane_left'}
2026-03-03 17:38:33,168 : INFO : EventManager : Event: ======'player_score'====== Args={'value': 7020, 'prev_value': 7010, 'change': 10, 'player_num': 1, 'source': 'bumpers'}
2026-03-03 17:38:33,469 : INFO : SwitchController : <<<<<<< 's_inlane_left' inactive >>>>>>>
2026-03-03 17:38:34,117 : INFO : SwitchController : <<<<<<< 's_flipper_left' active >>>>>>>
2026-03-03 17:38:34,117 : INFO : EventManager : Event: ======'machine_var_audits_switches_s_flipper_left'====== Args={'value': 656, 'prev_value': 655, 'change': 1}
2026-03-03 17:38:34,156 : INFO : SwitchController : <<<<<<< 's_flipper_left_eos' inactive >>>>>>>
2026-03-03 17:38:34,291 : INFO : SwitchController : <<<<<<< 's_flipper_left' inactive >>>>>>>
2026-03-03 17:38:34,379 : INFO : SwitchController : <<<<<<< 's_flipper_left_eos' active >>>>>>>
2026-03-03 17:38:34,379 : INFO : EventManager : Event: ======'machine_var_audits_switches_s_flipper_left_eos'====== Args={'value': 550, 'prev_value': 549, 'change': 1}
2026-03-03 17:38:36,535 : INFO : SwitchController : <<<<<<< 's_flipper_right_upper' active >>>>>>>
2026-03-03 17:38:36,535 : INFO : EventManager : Event: ======'machine_var_audits_switches_s_flipper_right_upper'====== Args={'value': 1237, 'prev_value': 1236, 'change': 1}
2026-03-03 17:38:36,544 : INFO : SwitchController : <<<<<<< 's_flipper_right_lower' active >>>>>>>
2026-03-03 17:38:36,544 : INFO : EventManager : Event: ======'machine_var_audits_switches_s_flipper_right_lower'====== Args={'value': 1375, 'prev_value': 1374, 'change': 1}
2026-03-03 17:38:36,666 : INFO : SwitchController : <<<<<<< 's_flipper_right_upper' inactive >>>>>>>
2026-03-03 17:38:36,673 : INFO : SwitchController : <<<<<<< 's_flipper_right_lower' inactive >>>>>>>
2026-03-03 17:38:37,728 : INFO : SwitchController : <<<<<<< 's_sling_left' active >>>>>>>
2026-03-03 17:38:37,728 : INFO : EventManager : Event: ======'s_sling_left_active'====== Args={}
2026-03-03 17:38:37,729 : INFO : EventManager : Event: ======'machine_var_audits_switches_s_sling_left'====== Args={'value': 594, 'prev_value': 593, 'change': 1}
2026-03-03 17:38:37,729 : INFO : EventManager : Event: ======'machine_var_audits_shots_shot_sling_left'====== Args={'value': 571, 'prev_value': 570, 'change': 1}
2026-03-03 17:38:37,730 : INFO : EventManager : Event: ======'shot_sling_left_hit'====== Args={'profile': 'default', 'state': 'lit', 'advancing': False}
2026-03-03 17:38:37,730 : INFO : EventManager : Event: ======'shot_sling_left_default_hit'====== Args={'profile': 'default', 'state': 'lit', 'advancing': False}
2026-03-03 17:38:37,730 : INFO : EventManager : Event: ======'shot_sling_left_default_lit_hit'====== Args={'profile': 'default', 'state': 'lit', 'advancing': False}
2026-03-03 17:38:37,730 : INFO : EventManager : Event: ======'shot_sling_left_lit_hit'====== Args={'profile': 'default', 'state': 'lit', 'advancing': False}
2026-03-03 17:38:37,730 : INFO : EventManager : Event: ======'slings_hit'====== Args={'shot': 'shot_sling_left'}
2026-03-03 17:38:37,730 : INFO : EventManager : Event: ======'slings_lit_hit'====== Args={'shot': 'shot_sling_left'}
2026-03-03 17:38:37,730 : INFO : EventManager : Event: ======'player_score'====== Args={'value': 8020, 'prev_value': 7020, 'change': 1000, 'player_num': 1, 'source': 'bumpers'}
2026-03-03 17:38:37,736 : INFO : SwitchController : <<<<<<< 's_sling_left' inactive >>>>>>>
2026-03-03 17:38:38,939 : INFO : SwitchController : <<<<<<< 's_flipper_right_lower' active >>>>>>>
2026-03-03 17:38:38,939 : INFO : EventManager : Event: ======'machine_var_audits_switches_s_flipper_right_lower'====== Args={'value': 1376, 'prev_value': 1375, 'change': 1}
2026-03-03 17:38:38,940 : INFO : SwitchController : <<<<<<< 's_flipper_right_upper' active >>>>>>>
2026-03-03 17:38:38,940 : INFO : EventManager : Event: ======'machine_var_audits_switches_s_flipper_right_upper'====== Args={'value': 1238, 'prev_value': 1237, 'change': 1}
2026-03-03 17:38:39,112 : INFO : SwitchController : <<<<<<< 's_flipper_right_upper' inactive >>>>>>>
2026-03-03 17:38:39,118 : INFO : SwitchController : <<<<<<< 's_flipper_right_lower' inactive >>>>>>>
2026-03-03 17:38:40,906 : INFO : SwitchController : <<<<<<< 's_inlane_right_1' active >>>>>>>
2026-03-03 17:38:40,907 : INFO : EventManager : Event: ======'s_inlane_right_1_active'====== Args={}
2026-03-03 17:38:40,907 : INFO : EventManager : Event: ======'sw_playfield_active'====== Args={}
2026-03-03 17:38:40,907 : INFO : EventManager : Event: ======'machine_var_audits_switches_s_inlane_right_1'====== Args={'value': 1298, 'prev_value': 1297, 'change': 1}
2026-03-03 17:38:40,908 : INFO : EventManager : Event: ======'machine_var_audits_shots_shot_inlane_right_1'====== Args={'value': 966, 'prev_value': 965, 'change': 1}
2026-03-03 17:38:40,908 : INFO : EventManager : Event: ======'shot_inlane_right_1_hit'====== Args={'profile': 'default', 'state': 'lit', 'advancing': False}
2026-03-03 17:38:40,908 : INFO : EventManager : Event: ======'shot_inlane_right_1_default_hit'====== Args={'profile': 'default', 'state': 'lit', 'advancing': False}
2026-03-03 17:38:40,908 : INFO : EventManager : Event: ======'shot_inlane_right_1_default_lit_hit'====== Args={'profile': 'default', 'state': 'lit', 'advancing': False}
2026-03-03 17:38:40,908 : INFO : EventManager : Event: ======'shot_inlane_right_1_lit_hit'====== Args={'profile': 'default', 'state': 'lit', 'advancing': False}
2026-03-03 17:38:40,908 : INFO : EventManager : Event: ======'inlanes_hit'====== Args={'shot': 'shot_inlane_right_1'}
2026-03-03 17:38:40,908 : INFO : EventManager : Event: ======'inlanes_lit_hit'====== Args={'shot': 'shot_inlane_right_1'}
2026-03-03 17:38:40,908 : INFO : EventManager : Event: ======'player_score'====== Args={'value': 8030, 'prev_value': 8020, 'change': 10, 'player_num': 1, 'source': 'bumpers'}
2026-03-03 17:38:40,975 : INFO : SwitchController : <<<<<<< 's_inlane_right_1' inactive >>>>>>>
2026-03-03 17:38:41,583 : INFO : SwitchController : <<<<<<< 's_flipper_right_lower' active >>>>>>>
2026-03-03 17:38:41,583 : INFO : EventManager : Event: ======'machine_var_audits_switches_s_flipper_right_lower'====== Args={'value': 1377, 'prev_value': 1376, 'change': 1}
2026-03-03 17:38:41,584 : INFO : SwitchController : <<<<<<< 's_flipper_right_upper' active >>>>>>>
2026-03-03 17:38:41,584 : INFO : EventManager : Event: ======'machine_var_audits_switches_s_flipper_right_upper'====== Args={'value': 1239, 'prev_value': 1238, 'change': 1}
2026-03-03 17:38:41,741 : INFO : SwitchController : <<<<<<< 's_flipper_right_upper' inactive >>>>>>>
2026-03-03 17:38:41,747 : INFO : SwitchController : <<<<<<< 's_flipper_right_lower' inactive >>>>>>>
2026-03-03 17:38:49,697 : INFO : SwitchController : <<<<<<< 's_flipper_left' active >>>>>>>
2026-03-03 17:38:49,697 : INFO : EventManager : Event: ======'machine_var_audits_switches_s_flipper_left'====== Args={'value': 657, 'prev_value': 656, 'change': 1}
2026-03-03 17:38:49,724 : INFO : SwitchController : <<<<<<< 's_flipper_left_eos' inactive >>>>>>>
2026-03-03 17:38:49,807 : INFO : SwitchController : <<<<<<< 's_flipper_left' inactive >>>>>>>
2026-03-03 17:38:49,897 : INFO : SwitchController : <<<<<<< 's_flipper_left_eos' active >>>>>>>
2026-03-03 17:38:49,897 : INFO : EventManager : Event: ======'machine_var_audits_switches_s_flipper_left_eos'====== Args={'value': 551, 'prev_value': 550, 'change': 1}
2026-03-03 17:38:50,450 : INFO : SwitchController : <<<<<<< 's_flipper_left' active >>>>>>>
2026-03-03 17:38:50,450 : INFO : EventManager : Event: ======'machine_var_audits_switches_s_flipper_left'====== Args={'value': 658, 'prev_value': 657, 'change': 1}
2026-03-03 17:38:50,475 : INFO : SwitchController : <<<<<<< 's_flipper_left_eos' inactive >>>>>>>
2026-03-03 17:38:50,640 : INFO : SwitchController : <<<<<<< 's_flipper_left' inactive >>>>>>>
2026-03-03 17:38:50,730 : INFO : SwitchController : <<<<<<< 's_flipper_left_eos' active >>>>>>>
2026-03-03 17:38:50,730 : INFO : EventManager : Event: ======'machine_var_audits_switches_s_flipper_left_eos'====== Args={'value': 552, 'prev_value': 551, 'change': 1}
2026-03-03 17:38:51,192 : INFO : SwitchController : <<<<<<< 's_flipper_right_lower' active >>>>>>>
2026-03-03 17:38:51,192 : INFO : EventManager : Event: ======'machine_var_audits_switches_s_flipper_right_lower'====== Args={'value': 1378, 'prev_value': 1377, 'change': 1}
2026-03-03 17:38:51,195 : INFO : SwitchController : <<<<<<< 's_flipper_right_upper' active >>>>>>>
2026-03-03 17:38:51,195 : INFO : EventManager : Event: ======'machine_var_audits_switches_s_flipper_right_upper'====== Args={'value': 1240, 'prev_value': 1239, 'change': 1}
2026-03-03 17:38:51,958 : INFO : SwitchController : <<<<<<< 's_flipper_right_upper' inactive >>>>>>>
2026-03-03 17:38:51,967 : INFO : SwitchController : <<<<<<< 's_flipper_right_lower' inactive >>>>>>>
2026-03-03 17:38:54,278 : INFO : SwitchController : <<<<<<< 's_flipper_right_upper' active >>>>>>>
2026-03-03 17:38:54,278 : INFO : EventManager : Event: ======'machine_var_audits_switches_s_flipper_right_upper'====== Args={'value': 1241, 'prev_value': 1240, 'change': 1}
2026-03-03 17:38:54,279 : INFO : SwitchController : <<<<<<< 's_flipper_right_lower' active >>>>>>>
2026-03-03 17:38:54,279 : INFO : EventManager : Event: ======'machine_var_audits_switches_s_flipper_right_lower'====== Args={'value': 1379, 'prev_value': 1378, 'change': 1}
2026-03-03 17:38:54,289 : INFO : SwitchController : <<<<<<< 's_flipper_right_lower' inactive >>>>>>>
2026-03-03 17:38:54,289 : INFO : SwitchController : <<<<<<< 's_flipper_right_lower' active >>>>>>>
2026-03-03 17:38:54,289 : INFO : EventManager : Event: ======'machine_var_audits_switches_s_flipper_right_lower'====== Args={'value': 1380, 'prev_value': 1379, 'change': 1}
2026-03-03 17:38:54,756 : INFO : SwitchController : <<<<<<< 's_flipper_right_lower' inactive >>>>>>>
2026-03-03 17:38:54,756 : INFO : SwitchController : <<<<<<< 's_flipper_right_upper' inactive >>>>>>>
2026-03-03 17:38:55,628 : INFO : SwitchController : <<<<<<< 's_inlane_left' active >>>>>>>
2026-03-03 17:38:55,628 : INFO : EventManager : Event: ======'s_inlane_left_active'====== Args={}
2026-03-03 17:38:55,628 : INFO : EventManager : Event: ======'sw_playfield_active'====== Args={}
2026-03-03 17:38:55,628 : INFO : EventManager : Event: ======'machine_var_audits_switches_s_inlane_left'====== Args={'value': 33, 'prev_value': 32, 'change': 1}
2026-03-03 17:38:55,629 : INFO : EventManager : Event: ======'machine_var_audits_shots_shot_inlane_left'====== Args={'value': 33, 'prev_value': 32, 'change': 1}
2026-03-03 17:38:55,629 : INFO : EventManager : Event: ======'shot_inlane_left_hit'====== Args={'profile': 'default', 'state': 'lit', 'advancing': False}
2026-03-03 17:38:55,629 : INFO : EventManager : Event: ======'shot_inlane_left_default_hit'====== Args={'profile': 'default', 'state': 'lit', 'advancing': False}
2026-03-03 17:38:55,629 : INFO : EventManager : Event: ======'shot_inlane_left_default_lit_hit'====== Args={'profile': 'default', 'state': 'lit', 'advancing': False}
2026-03-03 17:38:55,630 : INFO : EventManager : Event: ======'shot_inlane_left_lit_hit'====== Args={'profile': 'default', 'state': 'lit', 'advancing': False}
2026-03-03 17:38:55,630 : INFO : EventManager : Event: ======'inlanes_hit'====== Args={'shot': 'shot_inlane_left'}
2026-03-03 17:38:55,630 : INFO : EventManager : Event: ======'inlanes_lit_hit'====== Args={'shot': 'shot_inlane_left'}
2026-03-03 17:38:55,630 : INFO : EventManager : Event: ======'player_score'====== Args={'value': 8040, 'prev_value': 8030, 'change': 10, 'player_num': 1, 'source': 'bumpers'}
2026-03-03 17:38:55,942 : INFO : SwitchController : <<<<<<< 's_inlane_left' inactive >>>>>>>
2026-03-03 17:38:56,653 : INFO : SwitchController : <<<<<<< 's_flipper_left' active >>>>>>>
2026-03-03 17:38:56,653 : INFO : EventManager : Event: ======'machine_var_audits_switches_s_flipper_left'====== Args={'value': 659, 'prev_value': 658, 'change': 1}
2026-03-03 17:38:56,692 : INFO : SwitchController : <<<<<<< 's_flipper_left_eos' inactive >>>>>>>
2026-03-03 17:38:56,801 : INFO : SwitchController : <<<<<<< 's_flipper_left' inactive >>>>>>>
2026-03-03 17:38:56,886 : INFO : SwitchController : <<<<<<< 's_flipper_left_eos' active >>>>>>>
2026-03-03 17:38:56,887 : INFO : EventManager : Event: ======'machine_var_audits_switches_s_flipper_left_eos'====== Args={'value': 553, 'prev_value': 552, 'change': 1}
2026-03-03 17:38:58,298 : INFO : SwitchController : <<<<<<< 's_flipper_left' active >>>>>>>
2026-03-03 17:38:58,298 : INFO : EventManager : Event: ======'machine_var_audits_switches_s_flipper_left'====== Args={'value': 660, 'prev_value': 659, 'change': 1}
2026-03-03 17:38:58,320 : INFO : SwitchController : <<<<<<< 's_flipper_left_eos' inactive >>>>>>>
2026-03-03 17:38:58,366 : INFO : SwitchController : <<<<<<< 's_flipper_left' inactive >>>>>>>
2026-03-03 17:38:58,453 : INFO : SwitchController : <<<<<<< 's_flipper_left_eos' active >>>>>>>
2026-03-03 17:38:58,454 : INFO : EventManager : Event: ======'machine_var_audits_switches_s_flipper_left_eos'====== Args={'value': 554, 'prev_value': 553, 'change': 1}
2026-03-03 17:39:00,161 : INFO : SwitchController : <<<<<<< 's_flipper_left' active >>>>>>>
2026-03-03 17:39:00,162 : INFO : EventManager : Event: ======'machine_var_audits_switches_s_flipper_left'====== Args={'value': 661, 'prev_value': 660, 'change': 1}
2026-03-03 17:39:00,187 : INFO : SwitchController : <<<<<<< 's_flipper_left_eos' inactive >>>>>>>
2026-03-03 17:39:00,268 : INFO : SwitchController : <<<<<<< 's_flipper_left' inactive >>>>>>>
2026-03-03 17:39:00,357 : INFO : SwitchController : <<<<<<< 's_flipper_left_eos' active >>>>>>>
2026-03-03 17:39:00,357 : INFO : EventManager : Event: ======'machine_var_audits_switches_s_flipper_left_eos'====== Args={'value': 555, 'prev_value': 554, 'change': 1}
2026-03-03 17:39:00,554 : INFO : SwitchController : <<<<<<< 's_sling_right' active >>>>>>>
2026-03-03 17:39:00,554 : INFO : EventManager : Event: ======'s_sling_right_active'====== Args={}
2026-03-03 17:39:00,554 : INFO : EventManager : Event: ======'machine_var_audits_switches_s_sling_right'====== Args={'value': 86, 'prev_value': 85, 'change': 1}
2026-03-03 17:39:00,555 : INFO : EventManager : Event: ======'machine_var_audits_shots_shot_sling_right'====== Args={'value': 58, 'prev_value': 57, 'change': 1}
2026-03-03 17:39:00,555 : INFO : EventManager : Event: ======'shot_sling_right_hit'====== Args={'profile': 'default', 'state': 'lit', 'advancing': False}
2026-03-03 17:39:00,555 : INFO : EventManager : Event: ======'shot_sling_right_default_hit'====== Args={'profile': 'default', 'state': 'lit', 'advancing': False}
2026-03-03 17:39:00,555 : INFO : EventManager : Event: ======'shot_sling_right_default_lit_hit'====== Args={'profile': 'default', 'state': 'lit', 'advancing': False}
2026-03-03 17:39:00,555 : INFO : EventManager : Event: ======'shot_sling_right_lit_hit'====== Args={'profile': 'default', 'state': 'lit', 'advancing': False}
2026-03-03 17:39:00,555 : INFO : EventManager : Event: ======'slings_hit'====== Args={'shot': 'shot_sling_right'}
2026-03-03 17:39:00,555 : INFO : EventManager : Event: ======'slings_lit_hit'====== Args={'shot': 'shot_sling_right'}
2026-03-03 17:39:00,555 : INFO : EventManager : Event: ======'player_score'====== Args={'value': 9040, 'prev_value': 8040, 'change': 1000, 'player_num': 1, 'source': 'bumpers'}
2026-03-03 17:39:00,574 : INFO : SwitchController : <<<<<<< 's_sling_right' inactive >>>>>>>
2026-03-03 17:39:00,643 : INFO : SwitchController : <<<<<<< 's_flipper_right_lower' active >>>>>>>
2026-03-03 17:39:00,644 : INFO : EventManager : Event: ======'machine_var_audits_switches_s_flipper_right_lower'====== Args={'value': 1381, 'prev_value': 1380, 'change': 1}
2026-03-03 17:39:00,647 : INFO : SwitchController : <<<<<<< 's_flipper_right_upper' active >>>>>>>
2026-03-03 17:39:00,648 : INFO : EventManager : Event: ======'machine_var_audits_switches_s_flipper_right_upper'====== Args={'value': 1242, 'prev_value': 1241, 'change': 1}
2026-03-03 17:39:00,749 : INFO : SwitchController : <<<<<<< 's_flipper_right_upper' inactive >>>>>>>
2026-03-03 17:39:00,769 : INFO : SwitchController : <<<<<<< 's_flipper_right_lower' inactive >>>>>>>
2026-03-03 17:39:01,560 : INFO : SwitchController : <<<<<<< 's_flipper_left' active >>>>>>>
2026-03-03 17:39:01,560 : INFO : EventManager : Event: ======'machine_var_audits_switches_s_flipper_left'====== Args={'value': 662, 'prev_value': 661, 'change': 1}
2026-03-03 17:39:01,583 : INFO : SwitchController : <<<<<<< 's_flipper_left_eos' inactive >>>>>>>
2026-03-03 17:39:01,698 : INFO : SwitchController : <<<<<<< 's_flipper_left' inactive >>>>>>>
2026-03-03 17:39:01,784 : INFO : SwitchController : <<<<<<< 's_flipper_left_eos' active >>>>>>>
2026-03-03 17:39:01,785 : INFO : EventManager : Event: ======'machine_var_audits_switches_s_flipper_left_eos'====== Args={'value': 556, 'prev_value': 555, 'change': 1}
2026-03-03 17:39:02,008 : INFO : SwitchController : <<<<<<< 's_flipper_right_lower' active >>>>>>>
2026-03-03 17:39:02,008 : INFO : EventManager : Event: ======'machine_var_audits_switches_s_flipper_right_lower'====== Args={'value': 1382, 'prev_value': 1381, 'change': 1}
2026-03-03 17:39:02,011 : INFO : SwitchController : <<<<<<< 's_flipper_right_upper' active >>>>>>>
2026-03-03 17:39:02,011 : INFO : EventManager : Event: ======'machine_var_audits_switches_s_flipper_right_upper'====== Args={'value': 1243, 'prev_value': 1242, 'change': 1}
2026-03-03 17:39:02,126 : INFO : SwitchController : <<<<<<< 's_flipper_left' active >>>>>>>
2026-03-03 17:39:02,126 : INFO : EventManager : Event: ======'machine_var_audits_switches_s_flipper_left'====== Args={'value': 663, 'prev_value': 662, 'change': 1}
2026-03-03 17:39:02,147 : INFO : SwitchController : <<<<<<< 's_flipper_left_eos' inactive >>>>>>>
2026-03-03 17:39:02,176 : INFO : SwitchController : <<<<<<< 's_flipper_right_upper' inactive >>>>>>>
2026-03-03 17:39:02,176 : INFO : SwitchController : <<<<<<< 's_flipper_right_lower' inactive >>>>>>>
2026-03-03 17:39:02,279 : INFO : SwitchController : <<<<<<< 's_flipper_left' inactive >>>>>>>
2026-03-03 17:39:02,365 : INFO : SwitchController : <<<<<<< 's_flipper_left_eos' active >>>>>>>
2026-03-03 17:39:02,366 : INFO : EventManager : Event: ======'machine_var_audits_switches_s_flipper_left_eos'====== Args={'value': 557, 'prev_value': 556, 'change': 1}
2026-03-03 17:39:02,507 : INFO : SwitchController : <<<<<<< 's_flipper_left' active >>>>>>>
2026-03-03 17:39:02,508 : INFO : EventManager : Event: ======'machine_var_audits_switches_s_flipper_left'====== Args={'value': 664, 'prev_value': 663, 'change': 1}
2026-03-03 17:39:02,531 : INFO : SwitchController : <<<<<<< 's_flipper_left_eos' inactive >>>>>>>
2026-03-03 17:39:02,541 : INFO : SwitchController : <<<<<<< 's_flipper_left' inactive >>>>>>>
2026-03-03 17:39:02,632 : INFO : SwitchController : <<<<<<< 's_flipper_left_eos' active >>>>>>>
2026-03-03 17:39:02,633 : INFO : EventManager : Event: ======'machine_var_audits_switches_s_flipper_left_eos'====== Args={'value': 558, 'prev_value': 557, 'change': 1}
2026-03-03 17:39:02,654 : INFO : SwitchController : <<<<<<< 's_trough_6' active >>>>>>>
2026-03-03 17:39:02,655 : INFO : EventManager : Event: ======'machine_var_audits_switches_s_trough_6'====== Args={'value': 106, 'prev_value': 105, 'change': 1}
2026-03-03 17:39:02,758 : INFO : SwitchController : <<<<<<< 's_trough_6' inactive >>>>>>>
2026-03-03 17:39:02,778 : INFO : SwitchController : <<<<<<< 's_trough_5' active >>>>>>>
2026-03-03 17:39:02,778 : INFO : EventManager : Event: ======'machine_var_audits_switches_s_trough_5'====== Args={'value': 110, 'prev_value': 109, 'change': 1}
2026-03-03 17:39:02,857 : INFO : SwitchController : <<<<<<< 's_trough_5' inactive >>>>>>>
2026-03-03 17:39:02,866 : INFO : SwitchController : <<<<<<< 's_trough_4' active >>>>>>>
2026-03-03 17:39:02,866 : INFO : EventManager : Event: ======'machine_var_audits_switches_s_trough_4'====== Args={'value': 103, 'prev_value': 102, 'change': 1}
2026-03-03 17:39:02,940 : INFO : SwitchController : <<<<<<< 's_trough_4' inactive >>>>>>>
2026-03-03 17:39:02,950 : INFO : SwitchController : <<<<<<< 's_trough_3' active >>>>>>>
2026-03-03 17:39:02,950 : INFO : EventManager : Event: ======'machine_var_audits_switches_s_trough_3'====== Args={'value': 94, 'prev_value': 93, 'change': 1}
2026-03-03 17:39:03,014 : INFO : SwitchController : <<<<<<< 's_trough_3' inactive >>>>>>>
2026-03-03 17:39:03,021 : INFO : SwitchController : <<<<<<< 's_trough_2' active >>>>>>>
2026-03-03 17:39:03,021 : INFO : EventManager : Event: ======'machine_var_audits_switches_s_trough_2'====== Args={'value': 84, 'prev_value': 83, 'change': 1}
2026-03-03 17:39:03,081 : INFO : SwitchController : <<<<<<< 's_trough_2' inactive >>>>>>>
2026-03-03 17:39:03,086 : INFO : SwitchController : <<<<<<< 's_trough_1' active >>>>>>>
2026-03-03 17:39:03,087 : INFO : EventManager : Event: ======'machine_var_audits_switches_s_trough_1'====== Args={'value': 74, 'prev_value': 73, 'change': 1}
2026-03-03 17:39:03,587 : INFO : EventManager : Event: ======'balldevice_bd_trough_ball_count_changed'====== Args={'balls': 1}
2026-03-03 17:39:03,587 : INFO : ball_device.bd_trough : Received unexpected ball
2026-03-03 17:39:03,587 : INFO : EventManager : Event: ======'balldevice_captured_from_playfield'====== Args={'balls': 1}
2026-03-03 17:39:03,588 : INFO : EventManager : Event: ======'sw_playfield_active'====== Args={'balls': 1}
2026-03-03 17:39:03,588 : INFO : EventManager : Event: ======'playfield_ball_count_change'====== Args={'balls': 0, 'change': -1}
2026-03-03 17:39:03,588 : INFO : EventManager : Event: ======'balldevice_bd_trough_ball_enter'====== Args={'new_balls': 1, 'unclaimed_balls': 1, 'new_available_balls': 1, 'device': <ball_device.bd_trough>}
2026-03-03 17:39:03,589 : INFO : EventManager : Event: ======'ball_drain'====== Args={'device': <ball_device.bd_trough>, 'balls': 1}
2026-03-03 17:39:03,589 : INFO : EventManager : Event: ======'ball_will_end'====== Args={}
2026-03-03 17:39:03,589 : INFO : EventManager : Event: ======'balldevice_balls_available'====== Args={}
2026-03-03 17:39:03,589 : INFO : EventManager : Event: ======'balldevice_bd_trough_ball_entered'====== Args={'new_balls': 1, 'device': <ball_device.bd_trough>}
2026-03-03 17:39:03,589 : INFO : EventManager : Event: ======'mode_base_will_stop'====== Args={}
2026-03-03 17:39:03,589 : INFO : EventManager : Event: ======'mode_base_stopping'====== Args={}
2026-03-03 17:39:03,590 : INFO : EventManager : Event: ======'stop_mode_bumpers'====== Args={'priority': 0}
2026-03-03 17:39:03,590 : INFO : EventManager : Event: ======'mode_bumpers_will_stop'====== Args={}
2026-03-03 17:39:03,590 : INFO : EventManager : Event: ======'mode_bumpers_stopping'====== Args={}
2026-03-03 17:39:03,590 : INFO : Mode.base : Stopped.
2026-03-03 17:39:03,590 : INFO : EventManager : Event: ======'modes_active_modes_changed'====== Args={}
2026-03-03 17:39:03,591 : INFO : EventManager : Event: ======'mode_base_stopped'====== Args={}
2026-03-03 17:39:03,591 : INFO : EventManager : Event: ======'clear'====== Args={'key': 'base'}
2026-03-03 17:39:03,591 : INFO : Mode.bumpers : Stopped.
2026-03-03 17:39:03,591 : INFO : EventManager : Event: ======'modes_active_modes_changed'====== Args={}
2026-03-03 17:39:03,592 : INFO : EventManager : Event: ======'mode_bumpers_stopped'====== Args={}
2026-03-03 17:39:03,592 : INFO : EventManager : Event: ======'clear'====== Args={'key': 'bumpers'}
2026-03-03 17:39:03,593 : INFO : EventManager : Event: ======'ball_ending'====== Args={}
2026-03-03 17:39:03,594 : INFO : EventManager : Event: ======'ball_ended'====== Args={}
2026-03-03 17:39:03,595 : INFO : EventManager : Event: ======'player_turn_will_end'====== Args={'player': <Player 1>, 'number': 1}
2026-03-03 17:39:03,596 : INFO : EventManager : Event: ======'player_turn_ending'====== Args={'player': <Player 1>, 'number': 1}
2026-03-03 17:39:03,596 : INFO : EventManager : Event: ======'player_turn_ended'====== Args={'player': <Player 1>, 'number': 1}
2026-03-03 17:39:03,596 : INFO : EventManager : Event: ======'player_turn_will_start'====== Args={'player': <Player 1>, 'number': 1}
2026-03-03 17:39:03,596 : INFO : EventManager : Event: ======'player_turn_starting'====== Args={'player': <Player 1>, 'number': 1}
2026-03-03 17:39:03,597 : INFO : EventManager : Event: ======'player_ball'====== Args={'value': 2, 'prev_value': 1, 'change': 1, 'player_num': 1}
2026-03-03 17:39:03,597 : INFO : EventManager : Event: ======'player_turn_started'====== Args={'player': <Player 1>, 'number': 1}
2026-03-03 17:39:03,598 : INFO : EventManager : Event: ======'ball_will_start'====== Args={'player': 1, 'ball': 2, 'balls_remaining': 1, 'is_extra_ball': False}
2026-03-03 17:39:03,599 : INFO : EventManager : Event: ======'ball_starting'====== Args={'player': 1, 'ball': 2, 'balls_remaining': 1, 'is_extra_ball': False}
2026-03-03 17:39:03,599 : INFO : EventManager : Event: ======'mode_base_will_start'====== Args={'queue': <QueuedEvent>, 'player': 1, 'ball': 2, 'balls_remaining': 1, 'is_extra_ball': False}
2026-03-03 17:39:03,600 : INFO : EventManager : Event: ======'mode_base_starting'====== Args={'queue': <QueuedEvent>, 'player': 1, 'ball': 2, 'balls_remaining': 1, 'is_extra_ball': False}
2026-03-03 17:39:03,600 : INFO : Mode.base : Started. Priority: 100
2026-03-03 17:39:03,600 : INFO : EventManager : Event: ======'modes_active_modes_changed'====== Args={}
2026-03-03 17:39:03,600 : INFO : EventManager : Event: ======'mode_base_started'====== Args={'queue': <QueuedEvent>, 'player': 1, 'ball': 2, 'balls_remaining': 1, 'is_extra_ball': False}
2026-03-03 17:39:03,600 : INFO : EventManager : Event: ======'start_mode_bumpers'====== Args={'priority': 0}
2026-03-03 17:39:03,601 : INFO : EventManager : Event: ======'mode_bumpers_will_start'====== Args={'priority': 0}
2026-03-03 17:39:03,604 : INFO : EventManager : Event: ======'mode_bumpers_starting'====== Args={'priority': 0}
2026-03-03 17:39:03,604 : INFO : Mode.bumpers : Started. Priority: 200
2026-03-03 17:39:03,604 : INFO : EventManager : Event: ======'modes_active_modes_changed'====== Args={}
2026-03-03 17:39:03,604 : INFO : EventManager : Event: ======'mode_bumpers_started'====== Args={'priority': 0}
2026-03-03 17:39:03,604 : INFO : EventManager : Event: ======'balls_in_play'====== Args={'balls': 1}
2026-03-03 17:39:03,604 : INFO : EventManager : Event: ======'ball_started'====== Args={'player': 1, 'ball': 2, 'balls_remaining': 1, 'is_extra_ball': False}
2026-03-03 17:39:03,614 : INFO : EventManager : Event: ======'single_player_ball_started'====== Args={}
2026-03-03 17:39:03,615 : INFO : EventManager : Event: ======'ball_start_target'====== Args={'target': 'playfield'}
2026-03-03 17:39:03,615 : INFO : ball_device.bd_plunger : Setting up player-controlled eject. Balls: 1, Target: <playfield.playfield>, player_controlled_eject_event: None
2026-03-03 17:39:03,616 : INFO : EventManager : Event: ======'balldevice_balls_available'====== Args={}
2026-03-03 17:39:03,617 : INFO : ball_device.bd_trough : State: waiting_for_target_ready
2026-03-03 17:39:03,617 : INFO : EventManager : Event: ======'balldevice_bd_trough_ball_eject_attempt'====== Args={'balls': 1, 'target': <ball_device.bd_plunger>, 'source': <ball_device.bd_trough>, 'mechanical_eject': True, 'num_attempts': 0}
2026-03-03 17:39:03,617 : INFO : ball_device.bd_plunger : State: waiting_for_ball
2026-03-03 17:39:03,617 : INFO : ball_device.bd_trough : State: ejecting
2026-03-03 17:39:03,618 : INFO : ball_device.bd_trough : Ejecting ball to <ball_device.bd_plunger>
2026-03-03 17:39:03,618 : INFO : EventManager : Event: ======'balldevice_bd_trough_ejecting_ball'====== Args={'balls': 1, 'target': <ball_device.bd_plunger>, 'source': <ball_device.bd_trough>, 'mechanical_eject': True, 'num_attempts': 0}
2026-03-03 17:39:03,619 : INFO : ball_device.bd_trough : Wait for ball to leave device
2026-03-03 17:39:03,619 : INFO : coil.c_trough_eject : Pulsing Driver for 20ms (1.0 pulse_power)
2026-03-03 17:39:03,645 : INFO : SwitchController : <<<<<<< 's_trough_1' inactive >>>>>>>
2026-03-03 17:39:03,646 : INFO : SwitchController : <<<<<<< 's_trough_7' active >>>>>>>
2026-03-03 17:39:03,646 : INFO : EventManager : Event: ======'machine_var_audits_switches_s_trough_7'====== Args={'value': 83, 'prev_value': 82, 'change': 1}
2026-03-03 17:39:03,647 : INFO : ball_device.bd_trough : State: ball_left
2026-03-03 17:39:03,647 : INFO : ball_device.bd_trough : Ball left
2026-03-03 17:39:03,647 : INFO : ball_device.bd_trough : Wait for confirm with timeout 3.0
2026-03-03 17:39:03,666 : INFO : SwitchController : <<<<<<< 's_trough_7' inactive >>>>>>>
2026-03-03 17:39:03,699 : INFO : EventManager : Event: ======'slide_base_slide_created'====== Args={'_from_bcp': True}
2026-03-03 17:39:03,699 : INFO : EventManager : Event: ======'slide_base_slide_inactive'====== Args={'is_removing': True, '_from_bcp': True}
2026-03-03 17:39:03,700 : INFO : EventManager : Event: ======'slide_base_slide_active'====== Args={'original_context': 'base', 'original_calling_context': 'mode_base_started', 'priority': 100.0, 'queue': '<QueuedEvent>', 'player': 1.0, 'ball': 2.0, 'balls_remaining': 1.0, 'is_extra_ball': False, 'cmd': 'slides_play', '_from_bcp': True}
2026-03-03 17:39:03,700 : INFO : EventManager : Event: ======'slide_base_slide_removed'====== Args={'_from_bcp': True}
2026-03-03 17:39:03,767 : INFO : SwitchController : <<<<<<< 's_plunger' active >>>>>>>
2026-03-03 17:39:03,768 : INFO : EventManager : Event: ======'machine_var_audits_switches_s_plunger'====== Args={'value': 91, 'prev_value': 90, 'change': 1}
2026-03-03 17:39:04,268 : INFO : ball_device.bd_plunger : Received ball from <ball_device.bd_trough>
2026-03-03 17:39:04,268 : INFO : EventManager : Event: ======'balldevice_bd_plunger_ball_enter'====== Args={'new_balls': 1, 'unclaimed_balls': 0, 'new_available_balls': 0, 'device': <ball_device.bd_plunger>}
2026-03-03 17:39:04,269 : INFO : EventManager : Event: ======'balldevice_bd_plunger_ball_entered'====== Args={'new_balls': 0, 'device': <ball_device.bd_plunger>}
2026-03-03 17:39:04,269 : INFO : EventManager : Event: ======'balldevice_bd_plunger_ball_count_changed'====== Args={'balls': 1}
2026-03-03 17:39:04,269 : INFO : ball_device.bd_trough : Got eject confirm
2026-03-03 17:39:04,269 : INFO : ball_device.bd_trough : Eject successful
2026-03-03 17:39:04,269 : INFO : EventManager : Event: ======'balldevice_bd_trough_ball_eject_success'====== Args={'balls': 1, 'target': <ball_device.bd_plunger>}
2026-03-03 17:39:04,269 : INFO : ball_device.bd_plunger : State: waiting_for_target_ready
2026-03-03 17:39:04,269 : INFO : EventManager : Event: ======'balldevice_bd_plunger_ball_eject_attempt'====== Args={'balls': 1, 'target': <playfield.playfield>, 'source': <ball_device.bd_plunger>, 'mechanical_eject': True, 'num_attempts': 0}
2026-03-03 17:39:04,270 : INFO : EventManager : Event: ======'balldevice_bd_trough_ball_count_changed'====== Args={'balls': 0}
2026-03-03 17:39:04,270 : INFO : ball_device.bd_trough : State: idle
2026-03-03 17:39:04,270 : INFO : ball_device.bd_plunger : State: ejecting
2026-03-03 17:39:04,270 : INFO : ball_device.bd_plunger : Ejecting ball to <playfield.playfield>
2026-03-03 17:39:04,270 : INFO : EventManager : Event: ======'balldevice_bd_plunger_ejecting_ball'====== Args={'balls': 1, 'target': <playfield.playfield>, 'source': <ball_device.bd_plunger>, 'mechanical_eject': True, 'num_attempts': 0}
2026-03-03 17:39:04,271 : INFO : ball_device.bd_plunger : Wait for ball to leave device
2026-03-03 17:39:05,335 : INFO : SwitchController : <<<<<<< 's_plunger' inactive >>>>>>>
2026-03-03 17:39:05,336 : INFO : ball_device.bd_plunger : State: ball_left
2026-03-03 17:39:05,336 : INFO : ball_device.bd_plunger : Ball left
2026-03-03 17:39:05,336 : INFO : ball_device.bd_plunger : Wait for confirm with timeout 5.0
2026-03-03 17:39:05,859 : INFO : SwitchController : <<<<<<< 's_flipper_left' active >>>>>>>
2026-03-03 17:39:05,859 : INFO : EventManager : Event: ======'machine_var_audits_switches_s_flipper_left'====== Args={'value': 665, 'prev_value': 664, 'change': 1}
2026-03-03 17:39:05,881 : INFO : SwitchController : <<<<<<< 's_flipper_left_eos' inactive >>>>>>>
2026-03-03 17:39:05,886 : INFO : SwitchController : <<<<<<< 's_flipper_left' inactive >>>>>>>
2026-03-03 17:39:05,985 : INFO : SwitchController : <<<<<<< 's_flipper_left_eos' active >>>>>>>
2026-03-03 17:39:05,985 : INFO : EventManager : Event: ======'machine_var_audits_switches_s_flipper_left_eos'====== Args={'value': 559, 'prev_value': 558, 'change': 1}
2026-03-03 17:39:06,236 : INFO : SwitchController : <<<<<<< 's_flipper_right_lower' active >>>>>>>
2026-03-03 17:39:06,237 : INFO : EventManager : Event: ======'machine_var_audits_switches_s_flipper_right_lower'====== Args={'value': 1383, 'prev_value': 1382, 'change': 1}
2026-03-03 17:39:06,317 : INFO : SwitchController : <<<<<<< 's_flipper_right_upper' active >>>>>>>
2026-03-03 17:39:06,317 : INFO : EventManager : Event: ======'machine_var_audits_switches_s_flipper_right_upper'====== Args={'value': 1244, 'prev_value': 1243, 'change': 1}
2026-03-03 17:39:06,377 : INFO : SwitchController : <<<<<<< 's_flipper_right_upper' inactive >>>>>>>
2026-03-03 17:39:06,398 : INFO : SwitchController : <<<<<<< 's_flipper_right_lower' inactive >>>>>>>
2026-03-03 17:39:07,103 : INFO : SwitchController : <<<<<<< 's_flipper_right_lower' active >>>>>>>
2026-03-03 17:39:07,104 : INFO : EventManager : Event: ======'machine_var_audits_switches_s_flipper_right_lower'====== Args={'value': 1384, 'prev_value': 1383, 'change': 1}
2026-03-03 17:39:07,104 : INFO : SwitchController : <<<<<<< 's_flipper_right_upper' active >>>>>>>
2026-03-03 17:39:07,104 : INFO : EventManager : Event: ======'machine_var_audits_switches_s_flipper_right_upper'====== Args={'value': 1245, 'prev_value': 1244, 'change': 1}
2026-03-03 17:39:07,105 : INFO : SwitchController : <<<<<<< 's_flipper_right_lower' inactive >>>>>>>
2026-03-03 17:39:07,107 : INFO : SwitchController : <<<<<<< 's_flipper_right_lower' active >>>>>>>
2026-03-03 17:39:07,107 : INFO : EventManager : Event: ======'machine_var_audits_switches_s_flipper_right_lower'====== Args={'value': 1385, 'prev_value': 1384, 'change': 1}
2026-03-03 17:39:07,273 : INFO : SwitchController : <<<<<<< 's_flipper_right_upper' inactive >>>>>>>
2026-03-03 17:39:07,281 : INFO : SwitchController : <<<<<<< 's_flipper_right_lower' inactive >>>>>>>
2026-03-03 17:39:07,704 : INFO : SwitchController : <<<<<<< 's_flipper_left' active >>>>>>>
2026-03-03 17:39:07,705 : INFO : EventManager : Event: ======'machine_var_audits_switches_s_flipper_left'====== Args={'value': 666, 'prev_value': 665, 'change': 1}
2026-03-03 17:39:07,736 : INFO : SwitchController : <<<<<<< 's_flipper_left_eos' inactive >>>>>>>
2026-03-03 17:39:07,820 : INFO : SwitchController : <<<<<<< 's_flipper_right_lower' active >>>>>>>
2026-03-03 17:39:07,820 : INFO : EventManager : Event: ======'machine_var_audits_switches_s_flipper_right_lower'====== Args={'value': 1386, 'prev_value': 1385, 'change': 1}
2026-03-03 17:39:07,828 : INFO : SwitchController : <<<<<<< 's_flipper_right_upper' active >>>>>>>
2026-03-03 17:39:07,829 : INFO : EventManager : Event: ======'machine_var_audits_switches_s_flipper_right_upper'====== Args={'value': 1246, 'prev_value': 1245, 'change': 1}
2026-03-03 17:39:07,876 : INFO : SwitchController : <<<<<<< 's_flipper_left' inactive >>>>>>>
2026-03-03 17:39:07,963 : INFO : SwitchController : <<<<<<< 's_flipper_left_eos' active >>>>>>>
2026-03-03 17:39:07,963 : INFO : EventManager : Event: ======'machine_var_audits_switches_s_flipper_left_eos'====== Args={'value': 560, 'prev_value': 559, 'change': 1}
2026-03-03 17:39:07,993 : INFO : SwitchController : <<<<<<< 's_flipper_right_upper' inactive >>>>>>>
2026-03-03 17:39:07,994 : INFO : SwitchController : <<<<<<< 's_flipper_right_lower' inactive >>>>>>>
2026-03-03 17:39:08,019 : INFO : SwitchController : <<<<<<< 's_inlane_right_1' active >>>>>>>
2026-03-03 17:39:08,019 : INFO : EventManager : Event: ======'playfield_active'====== Args={'source': 'shot_inlane_right_1'}
2026-03-03 17:39:08,019 : INFO : EventManager : Event: ======'s_inlane_right_1_active'====== Args={}
2026-03-03 17:39:08,019 : INFO : EventManager : Event: ======'sw_playfield_active'====== Args={}
2026-03-03 17:39:08,019 : INFO : EventManager : Event: ======'machine_var_audits_switches_s_inlane_right_1'====== Args={'value': 1299, 'prev_value': 1298, 'change': 1}
2026-03-03 17:39:08,020 : INFO : EventManager : Event: ======'machine_var_audits_shots_shot_inlane_right_1'====== Args={'value': 967, 'prev_value': 966, 'change': 1}
2026-03-03 17:39:08,020 : INFO : EventManager : Event: ======'shot_inlane_right_1_hit'====== Args={'profile': 'default', 'state': 'lit', 'advancing': False}
2026-03-03 17:39:08,020 : INFO : EventManager : Event: ======'shot_inlane_right_1_default_hit'====== Args={'profile': 'default', 'state': 'lit', 'advancing': False}
2026-03-03 17:39:08,020 : INFO : EventManager : Event: ======'shot_inlane_right_1_default_lit_hit'====== Args={'profile': 'default', 'state': 'lit', 'advancing': False}
2026-03-03 17:39:08,020 : INFO : EventManager : Event: ======'shot_inlane_right_1_lit_hit'====== Args={'profile': 'default', 'state': 'lit', 'advancing': False}
2026-03-03 17:39:08,020 : INFO : EventManager : Event: ======'inlanes_hit'====== Args={'shot': 'shot_inlane_right_1'}
2026-03-03 17:39:08,020 : INFO : EventManager : Event: ======'inlanes_lit_hit'====== Args={'shot': 'shot_inlane_right_1'}
2026-03-03 17:39:08,021 : INFO : EventManager : Event: ======'player_score'====== Args={'value': 9050, 'prev_value': 9040, 'change': 10, 'player_num': 1, 'source': 'bumpers'}
2026-03-03 17:39:08,022 : INFO : EventManager : Event: ======'playfield_active'====== Args={'source': None}
2026-03-03 17:39:08,022 : INFO : ball_device.bd_plunger : Got eject confirm
2026-03-03 17:39:08,022 : INFO : ball_device.bd_plunger : Eject successful
2026-03-03 17:39:08,023 : INFO : EventManager : Event: ======'balldevice_bd_plunger_ball_eject_success'====== Args={'balls': 1, 'target': <playfield.playfield>}
2026-03-03 17:39:08,023 : INFO : EventManager : Event: ======'balldevice_playfield_ball_enter'====== Args={'new_balls': 1, 'unclaimed_balls': 1, 'device': <playfield.playfield>}
2026-03-03 17:39:08,023 : INFO : EventManager : Event: ======'playfield_ball_count_change'====== Args={'balls': 1, 'change': 1}
2026-03-03 17:39:08,023 : INFO : EventManager : Event: ======'balldevice_bd_plunger_ball_count_changed'====== Args={'balls': 0}
2026-03-03 17:39:08,023 : INFO : ball_device.bd_plunger : State: idle
2026-03-03 17:39:08,066 : INFO : SwitchController : <<<<<<< 's_inlane_right_1' inactive >>>>>>>
2026-03-03 17:39:08,765 : INFO : SwitchController : <<<<<<< 's_flipper_right_lower' active >>>>>>>
2026-03-03 17:39:08,765 : INFO : EventManager : Event: ======'machine_var_audits_switches_s_flipper_right_lower'====== Args={'value': 1387, 'prev_value': 1386, 'change': 1}
2026-03-03 17:39:08,771 : INFO : SwitchController : <<<<<<< 's_flipper_right_upper' active >>>>>>>
2026-03-03 17:39:08,771 : INFO : EventManager : Event: ======'machine_var_audits_switches_s_flipper_right_upper'====== Args={'value': 1247, 'prev_value': 1246, 'change': 1}
2026-03-03 17:39:08,907 : INFO : SwitchController : <<<<<<< 's_flipper_right_upper' inactive >>>>>>>
2026-03-03 17:39:08,928 : INFO : SwitchController : <<<<<<< 's_flipper_right_lower' inactive >>>>>>>
2026-03-03 17:39:10,183 : INFO : SwitchController : <<<<<<< 's_flipper_right_lower' active >>>>>>>
2026-03-03 17:39:10,183 : INFO : EventManager : Event: ======'machine_var_audits_switches_s_flipper_right_lower'====== Args={'value': 1388, 'prev_value': 1387, 'change': 1}
2026-03-03 17:39:10,320 : INFO : SwitchController : <<<<<<< 's_flipper_right_lower' inactive >>>>>>>
2026-03-03 17:39:10,512 : INFO : SwitchController : <<<<<<< 's_flipper_right_lower' active >>>>>>>
2026-03-03 17:39:10,512 : INFO : EventManager : Event: ======'machine_var_audits_switches_s_flipper_right_lower'====== Args={'value': 1389, 'prev_value': 1388, 'change': 1}
2026-03-03 17:39:10,519 : INFO : SwitchController : <<<<<<< 's_flipper_right_upper' active >>>>>>>
2026-03-03 17:39:10,519 : INFO : EventManager : Event: ======'machine_var_audits_switches_s_flipper_right_upper'====== Args={'value': 1248, 'prev_value': 1247, 'change': 1}
2026-03-03 17:39:10,663 : INFO : SwitchController : <<<<<<< 's_flipper_right_upper' inactive >>>>>>>
2026-03-03 17:39:10,672 : INFO : SwitchController : <<<<<<< 's_flipper_right_lower' inactive >>>>>>>
2026-03-03 17:39:10,709 : INFO : SwitchController : <<<<<<< 's_flipper_left' active >>>>>>>
2026-03-03 17:39:10,710 : INFO : EventManager : Event: ======'machine_var_audits_switches_s_flipper_left'====== Args={'value': 667, 'prev_value': 666, 'change': 1}
2026-03-03 17:39:10,733 : INFO : SwitchController : <<<<<<< 's_flipper_left_eos' inactive >>>>>>>
2026-03-03 17:39:10,807 : INFO : SwitchController : <<<<<<< 's_flipper_left' inactive >>>>>>>
2026-03-03 17:39:10,895 : INFO : SwitchController : <<<<<<< 's_flipper_left_eos' active >>>>>>>
2026-03-03 17:39:10,895 : INFO : EventManager : Event: ======'machine_var_audits_switches_s_flipper_left_eos'====== Args={'value': 561, 'prev_value': 560, 'change': 1}
2026-03-03 17:39:12,114 : INFO : SwitchController : <<<<<<< 's_flipper_right_lower' active >>>>>>>
2026-03-03 17:39:12,114 : INFO : EventManager : Event: ======'machine_var_audits_switches_s_flipper_right_lower'====== Args={'value': 1390, 'prev_value': 1389, 'change': 1}
2026-03-03 17:39:12,118 : INFO : SwitchController : <<<<<<< 's_flipper_right_upper' active >>>>>>>
2026-03-03 17:39:12,118 : INFO : EventManager : Event: ======'machine_var_audits_switches_s_flipper_right_upper'====== Args={'value': 1249, 'prev_value': 1248, 'change': 1}
2026-03-03 17:39:12,207 : INFO : SwitchController : <<<<<<< 's_sling_right' active >>>>>>>
2026-03-03 17:39:12,207 : INFO : EventManager : Event: ======'s_sling_right_active'====== Args={}
2026-03-03 17:39:12,207 : INFO : EventManager : Event: ======'machine_var_audits_switches_s_sling_right'====== Args={'value': 87, 'prev_value': 86, 'change': 1}
2026-03-03 17:39:12,214 : INFO : EventManager : Event: ======'machine_var_audits_shots_shot_sling_right'====== Args={'value': 59, 'prev_value': 58, 'change': 1}
2026-03-03 17:39:12,215 : INFO : EventManager : Event: ======'shot_sling_right_hit'====== Args={'profile': 'default', 'state': 'lit', 'advancing': False}
2026-03-03 17:39:12,215 : INFO : EventManager : Event: ======'shot_sling_right_default_hit'====== Args={'profile': 'default', 'state': 'lit', 'advancing': False}
2026-03-03 17:39:12,215 : INFO : EventManager : Event: ======'shot_sling_right_default_lit_hit'====== Args={'profile': 'default', 'state': 'lit', 'advancing': False}
2026-03-03 17:39:12,216 : INFO : EventManager : Event: ======'shot_sling_right_lit_hit'====== Args={'profile': 'default', 'state': 'lit', 'advancing': False}
2026-03-03 17:39:12,216 : INFO : EventManager : Event: ======'slings_hit'====== Args={'shot': 'shot_sling_right'}
2026-03-03 17:39:12,216 : INFO : EventManager : Event: ======'slings_lit_hit'====== Args={'shot': 'shot_sling_right'}
2026-03-03 17:39:12,216 : INFO : EventManager : Event: ======'player_score'====== Args={'value': 10050, 'prev_value': 9050, 'change': 1000, 'player_num': 1, 'source': 'bumpers'}
2026-03-03 17:39:12,228 : INFO : SwitchController : <<<<<<< 's_sling_right' inactive >>>>>>>
2026-03-03 17:39:12,301 : INFO : SwitchController : <<<<<<< 's_flipper_right_upper' inactive >>>>>>>
2026-03-03 17:39:12,309 : INFO : SwitchController : <<<<<<< 's_flipper_right_lower' inactive >>>>>>>
2026-03-03 17:39:12,461 : INFO : SwitchController : <<<<<<< 's_flipper_left' active >>>>>>>
2026-03-03 17:39:12,461 : INFO : EventManager : Event: ======'machine_var_audits_switches_s_flipper_left'====== Args={'value': 668, 'prev_value': 667, 'change': 1}
2026-03-03 17:39:12,484 : INFO : SwitchController : <<<<<<< 's_flipper_left_eos' inactive >>>>>>>
2026-03-03 17:39:12,600 : INFO : SwitchController : <<<<<<< 's_flipper_left' inactive >>>>>>>
2026-03-03 17:39:12,687 : INFO : SwitchController : <<<<<<< 's_flipper_left_eos' active >>>>>>>
2026-03-03 17:39:12,687 : INFO : EventManager : Event: ======'machine_var_audits_switches_s_flipper_left_eos'====== Args={'value': 562, 'prev_value': 561, 'change': 1}
2026-03-03 17:39:14,571 : INFO : SwitchController : <<<<<<< 's_inlane_right_2' active >>>>>>>
2026-03-03 17:39:14,572 : INFO : EventManager : Event: ======'s_inlane_right_2_active'====== Args={}
2026-03-03 17:39:14,572 : INFO : EventManager : Event: ======'sw_playfield_active'====== Args={}
2026-03-03 17:39:14,572 : INFO : EventManager : Event: ======'machine_var_audits_switches_s_inlane_right_2'====== Args={'value': 20, 'prev_value': 19, 'change': 1}
2026-03-03 17:39:14,573 : INFO : EventManager : Event: ======'player_shot_shot_inlane_right_2'====== Args={'value': 1, 'prev_value': 0, 'change': 1, 'player_num': 1}
2026-03-03 17:39:14,573 : INFO : EventManager : Event: ======'machine_var_audits_shots_shot_inlane_right_2'====== Args={'value': 20, 'prev_value': 19, 'change': 1}
2026-03-03 17:39:14,574 : INFO : EventManager : Event: ======'shot_inlane_right_2_hit'====== Args={'profile': 'default', 'state': 'unlit', 'advancing': True}
2026-03-03 17:39:14,574 : INFO : EventManager : Event: ======'shot_inlane_right_2_default_hit'====== Args={'profile': 'default', 'state': 'unlit', 'advancing': True}
2026-03-03 17:39:14,574 : INFO : EventManager : Event: ======'shot_inlane_right_2_default_unlit_hit'====== Args={'profile': 'default', 'state': 'unlit', 'advancing': True}
2026-03-03 17:39:14,574 : INFO : EventManager : Event: ======'shot_inlane_right_2_unlit_hit'====== Args={'profile': 'default', 'state': 'unlit', 'advancing': True}
2026-03-03 17:39:14,574 : INFO : EventManager : Event: ======'inlanes_complete'====== Args={'state': 'lit'}
2026-03-03 17:39:14,574 : INFO : EventManager : Event: ======'inlanes_lit_complete'====== Args={}
2026-03-03 17:39:14,574 : INFO : EventManager : Event: ======'inlanes_hit'====== Args={'shot': 'shot_inlane_right_2'}
2026-03-03 17:39:14,574 : INFO : EventManager : Event: ======'inlanes_unlit_hit'====== Args={'shot': 'shot_inlane_right_2'}
2026-03-03 17:39:14,574 : INFO : EventManager : Event: ======'player_score'====== Args={'value': 10060, 'prev_value': 10050, 'change': 10, 'player_num': 1, 'source': 'bumpers'}
2026-03-03 17:39:14,611 : INFO : SwitchController : <<<<<<< 's_inlane_right_2' inactive >>>>>>>
2026-03-03 17:39:16,436 : INFO : SwitchController : <<<<<<< 's_flipper_right_lower' active >>>>>>>
2026-03-03 17:39:16,436 : INFO : EventManager : Event: ======'machine_var_audits_switches_s_flipper_right_lower'====== Args={'value': 1391, 'prev_value': 1390, 'change': 1}
2026-03-03 17:39:16,437 : INFO : SwitchController : <<<<<<< 's_flipper_right_upper' active >>>>>>>
2026-03-03 17:39:16,437 : INFO : EventManager : Event: ======'machine_var_audits_switches_s_flipper_right_upper'====== Args={'value': 1250, 'prev_value': 1249, 'change': 1}
2026-03-03 17:39:16,605 : INFO : SwitchController : <<<<<<< 's_flipper_right_upper' inactive >>>>>>>
2026-03-03 17:39:16,626 : INFO : SwitchController : <<<<<<< 's_flipper_right_lower' inactive >>>>>>>
2026-03-03 17:39:18,801 : INFO : SwitchController : <<<<<<< 's_inlane_left' active >>>>>>>
2026-03-03 17:39:18,801 : INFO : EventManager : Event: ======'s_inlane_left_active'====== Args={}
2026-03-03 17:39:18,801 : INFO : EventManager : Event: ======'sw_playfield_active'====== Args={}
2026-03-03 17:39:18,802 : INFO : EventManager : Event: ======'machine_var_audits_switches_s_inlane_left'====== Args={'value': 34, 'prev_value': 33, 'change': 1}
2026-03-03 17:39:18,802 : INFO : EventManager : Event: ======'machine_var_audits_shots_shot_inlane_left'====== Args={'value': 34, 'prev_value': 33, 'change': 1}
2026-03-03 17:39:18,809 : INFO : EventManager : Event: ======'shot_inlane_left_hit'====== Args={'profile': 'default', 'state': 'lit', 'advancing': False}
2026-03-03 17:39:18,809 : INFO : EventManager : Event: ======'shot_inlane_left_default_hit'====== Args={'profile': 'default', 'state': 'lit', 'advancing': False}
2026-03-03 17:39:18,809 : INFO : EventManager : Event: ======'shot_inlane_left_default_lit_hit'====== Args={'profile': 'default', 'state': 'lit', 'advancing': False}
2026-03-03 17:39:18,809 : INFO : EventManager : Event: ======'shot_inlane_left_lit_hit'====== Args={'profile': 'default', 'state': 'lit', 'advancing': False}
2026-03-03 17:39:18,809 : INFO : EventManager : Event: ======'inlanes_hit'====== Args={'shot': 'shot_inlane_left'}
2026-03-03 17:39:18,809 : INFO : EventManager : Event: ======'inlanes_lit_hit'====== Args={'shot': 'shot_inlane_left'}
2026-03-03 17:39:18,809 : INFO : EventManager : Event: ======'player_score'====== Args={'value': 10070, 'prev_value': 10060, 'change': 10, 'player_num': 1, 'source': 'bumpers'}
2026-03-03 17:39:19,107 : INFO : SwitchController : <<<<<<< 's_inlane_left' inactive >>>>>>>
2026-03-03 17:39:19,808 : INFO : SwitchController : <<<<<<< 's_flipper_left' active >>>>>>>
2026-03-03 17:39:19,808 : INFO : EventManager : Event: ======'machine_var_audits_switches_s_flipper_left'====== Args={'value': 669, 'prev_value': 668, 'change': 1}
2026-03-03 17:39:19,843 : INFO : SwitchController : <<<<<<< 's_flipper_left_eos' inactive >>>>>>>
2026-03-03 17:39:19,949 : INFO : SwitchController : <<<<<<< 's_flipper_left' inactive >>>>>>>
2026-03-03 17:39:20,035 : INFO : SwitchController : <<<<<<< 's_flipper_left_eos' active >>>>>>>
2026-03-03 17:39:20,035 : INFO : EventManager : Event: ======'machine_var_audits_switches_s_flipper_left_eos'====== Args={'value': 563, 'prev_value': 562, 'change': 1}
2026-03-03 17:39:21,554 : INFO : SwitchController : <<<<<<< 's_flipper_left' active >>>>>>>
2026-03-03 17:39:21,554 : INFO : EventManager : Event: ======'machine_var_audits_switches_s_flipper_left'====== Args={'value': 670, 'prev_value': 669, 'change': 1}
2026-03-03 17:39:21,584 : INFO : SwitchController : <<<<<<< 's_flipper_left_eos' inactive >>>>>>>
2026-03-03 17:39:21,690 : INFO : SwitchController : <<<<<<< 's_flipper_left' inactive >>>>>>>
2026-03-03 17:39:21,776 : INFO : SwitchController : <<<<<<< 's_flipper_left_eos' active >>>>>>>
2026-03-03 17:39:21,777 : INFO : EventManager : Event: ======'machine_var_audits_switches_s_flipper_left_eos'====== Args={'value': 564, 'prev_value': 563, 'change': 1}
2026-03-03 17:39:37,409 : INFO : SwitchController : <<<<<<< 's_trough_6' active >>>>>>>
2026-03-03 17:39:37,409 : INFO : EventManager : Event: ======'machine_var_audits_switches_s_trough_6'====== Args={'value': 107, 'prev_value': 106, 'change': 1}
2026-03-03 17:39:37,492 : INFO : SwitchController : <<<<<<< 's_trough_6' inactive >>>>>>>
2026-03-03 17:39:37,502 : INFO : SwitchController : <<<<<<< 's_trough_5' active >>>>>>>
2026-03-03 17:39:37,502 : INFO : EventManager : Event: ======'machine_var_audits_switches_s_trough_5'====== Args={'value': 111, 'prev_value': 110, 'change': 1}
2026-03-03 17:39:37,571 : INFO : SwitchController : <<<<<<< 's_trough_5' inactive >>>>>>>
2026-03-03 17:39:37,578 : INFO : SwitchController : <<<<<<< 's_trough_4' active >>>>>>>
2026-03-03 17:39:37,578 : INFO : EventManager : Event: ======'machine_var_audits_switches_s_trough_4'====== Args={'value': 104, 'prev_value': 103, 'change': 1}
2026-03-03 17:39:37,641 : INFO : SwitchController : <<<<<<< 's_trough_4' inactive >>>>>>>
2026-03-03 17:39:37,649 : INFO : SwitchController : <<<<<<< 's_trough_3' active >>>>>>>
2026-03-03 17:39:37,649 : INFO : EventManager : Event: ======'machine_var_audits_switches_s_trough_3'====== Args={'value': 95, 'prev_value': 94, 'change': 1}
2026-03-03 17:39:37,707 : INFO : SwitchController : <<<<<<< 's_trough_3' inactive >>>>>>>
2026-03-03 17:39:37,714 : INFO : SwitchController : <<<<<<< 's_trough_2' active >>>>>>>
2026-03-03 17:39:37,714 : INFO : EventManager : Event: ======'machine_var_audits_switches_s_trough_2'====== Args={'value': 85, 'prev_value': 84, 'change': 1}
2026-03-03 17:39:37,766 : INFO : SwitchController : <<<<<<< 's_trough_2' inactive >>>>>>>
2026-03-03 17:39:37,772 : INFO : SwitchController : <<<<<<< 's_trough_1' active >>>>>>>
2026-03-03 17:39:37,772 : INFO : EventManager : Event: ======'machine_var_audits_switches_s_trough_1'====== Args={'value': 75, 'prev_value': 74, 'change': 1}
2026-03-03 17:39:38,272 : INFO : EventManager : Event: ======'balldevice_bd_trough_ball_count_changed'====== Args={'balls': 1}
2026-03-03 17:39:38,272 : INFO : ball_device.bd_trough : Received unexpected ball
2026-03-03 17:39:38,273 : INFO : EventManager : Event: ======'balldevice_captured_from_playfield'====== Args={'balls': 1}
2026-03-03 17:39:38,273 : INFO : EventManager : Event: ======'sw_playfield_active'====== Args={'balls': 1}
2026-03-03 17:39:38,273 : INFO : EventManager : Event: ======'playfield_ball_count_change'====== Args={'balls': 0, 'change': -1}
2026-03-03 17:39:38,273 : INFO : EventManager : Event: ======'balldevice_bd_trough_ball_enter'====== Args={'new_balls': 1, 'unclaimed_balls': 1, 'new_available_balls': 1, 'device': <ball_device.bd_trough>}
2026-03-03 17:39:38,274 : INFO : EventManager : Event: ======'ball_drain'====== Args={'device': <ball_device.bd_trough>, 'balls': 1}
2026-03-03 17:39:38,274 : INFO : EventManager : Event: ======'ball_will_end'====== Args={}
2026-03-03 17:39:38,274 : INFO : EventManager : Event: ======'balldevice_balls_available'====== Args={}
2026-03-03 17:39:38,274 : INFO : EventManager : Event: ======'balldevice_bd_trough_ball_entered'====== Args={'new_balls': 1, 'device': <ball_device.bd_trough>}
2026-03-03 17:39:38,274 : INFO : EventManager : Event: ======'mode_base_will_stop'====== Args={}
2026-03-03 17:39:38,274 : INFO : EventManager : Event: ======'mode_base_stopping'====== Args={}
2026-03-03 17:39:38,275 : INFO : EventManager : Event: ======'stop_mode_bumpers'====== Args={'priority': 0}
2026-03-03 17:39:38,275 : INFO : EventManager : Event: ======'mode_bumpers_will_stop'====== Args={}
2026-03-03 17:39:38,275 : INFO : EventManager : Event: ======'mode_bumpers_stopping'====== Args={}
2026-03-03 17:39:38,275 : INFO : Mode.base : Stopped.
2026-03-03 17:39:38,275 : INFO : EventManager : Event: ======'modes_active_modes_changed'====== Args={}
2026-03-03 17:39:38,276 : INFO : EventManager : Event: ======'mode_base_stopped'====== Args={}
2026-03-03 17:39:38,276 : INFO : EventManager : Event: ======'clear'====== Args={'key': 'base'}
2026-03-03 17:39:38,276 : INFO : Mode.bumpers : Stopped.
2026-03-03 17:39:38,276 : INFO : EventManager : Event: ======'modes_active_modes_changed'====== Args={}
2026-03-03 17:39:38,276 : INFO : EventManager : Event: ======'mode_bumpers_stopped'====== Args={}
2026-03-03 17:39:38,277 : INFO : EventManager : Event: ======'clear'====== Args={'key': 'bumpers'}
2026-03-03 17:39:38,278 : INFO : EventManager : Event: ======'ball_ending'====== Args={}
2026-03-03 17:39:38,278 : INFO : EventManager : Event: ======'ball_ended'====== Args={}
2026-03-03 17:39:38,280 : INFO : EventManager : Event: ======'player_turn_will_end'====== Args={'player': <Player 1>, 'number': 1}
2026-03-03 17:39:38,281 : INFO : EventManager : Event: ======'player_turn_ending'====== Args={'player': <Player 1>, 'number': 1}
2026-03-03 17:39:38,281 : INFO : EventManager : Event: ======'player_turn_ended'====== Args={'player': <Player 1>, 'number': 1}
2026-03-03 17:39:38,281 : INFO : EventManager : Event: ======'player_turn_will_start'====== Args={'player': <Player 1>, 'number': 1}
2026-03-03 17:39:38,281 : INFO : EventManager : Event: ======'player_turn_starting'====== Args={'player': <Player 1>, 'number': 1}
2026-03-03 17:39:38,281 : INFO : EventManager : Event: ======'player_ball'====== Args={'value': 3, 'prev_value': 2, 'change': 1, 'player_num': 1}
2026-03-03 17:39:38,282 : INFO : EventManager : Event: ======'player_turn_started'====== Args={'player': <Player 1>, 'number': 1}
2026-03-03 17:39:38,283 : INFO : EventManager : Event: ======'ball_will_start'====== Args={'player': 1, 'ball': 3, 'balls_remaining': 0, 'is_extra_ball': False}
2026-03-03 17:39:38,283 : INFO : EventManager : Event: ======'ball_starting'====== Args={'player': 1, 'ball': 3, 'balls_remaining': 0, 'is_extra_ball': False}
2026-03-03 17:39:38,284 : INFO : EventManager : Event: ======'mode_base_will_start'====== Args={'queue': <QueuedEvent>, 'player': 1, 'ball': 3, 'balls_remaining': 0, 'is_extra_ball': False}
2026-03-03 17:39:38,284 : INFO : EventManager : Event: ======'mode_base_starting'====== Args={'queue': <QueuedEvent>, 'player': 1, 'ball': 3, 'balls_remaining': 0, 'is_extra_ball': False}
2026-03-03 17:39:38,285 : INFO : Mode.base : Started. Priority: 100
2026-03-03 17:39:38,285 : INFO : EventManager : Event: ======'modes_active_modes_changed'====== Args={}
2026-03-03 17:39:38,285 : INFO : EventManager : Event: ======'mode_base_started'====== Args={'queue': <QueuedEvent>, 'player': 1, 'ball': 3, 'balls_remaining': 0, 'is_extra_ball': False}
2026-03-03 17:39:38,285 : INFO : EventManager : Event: ======'start_mode_bumpers'====== Args={'priority': 0}
2026-03-03 17:39:38,286 : INFO : EventManager : Event: ======'mode_bumpers_will_start'====== Args={'priority': 0}
2026-03-03 17:39:38,289 : INFO : EventManager : Event: ======'mode_bumpers_starting'====== Args={'priority': 0}
2026-03-03 17:39:38,289 : INFO : Mode.bumpers : Started. Priority: 200
2026-03-03 17:39:38,289 : INFO : EventManager : Event: ======'modes_active_modes_changed'====== Args={}
2026-03-03 17:39:38,289 : INFO : EventManager : Event: ======'mode_bumpers_started'====== Args={'priority': 0}
2026-03-03 17:39:38,289 : INFO : EventManager : Event: ======'balls_in_play'====== Args={'balls': 1}
2026-03-03 17:39:38,289 : INFO : EventManager : Event: ======'ball_started'====== Args={'player': 1, 'ball': 3, 'balls_remaining': 0, 'is_extra_ball': False}
2026-03-03 17:39:38,300 : INFO : EventManager : Event: ======'single_player_ball_started'====== Args={}
2026-03-03 17:39:38,301 : INFO : EventManager : Event: ======'ball_start_target'====== Args={'target': 'playfield'}
2026-03-03 17:39:38,301 : INFO : ball_device.bd_plunger : Setting up player-controlled eject. Balls: 1, Target: <playfield.playfield>, player_controlled_eject_event: None
2026-03-03 17:39:38,301 : INFO : EventManager : Event: ======'balldevice_balls_available'====== Args={}
2026-03-03 17:39:38,302 : INFO : ball_device.bd_trough : State: waiting_for_target_ready
2026-03-03 17:39:38,302 : INFO : EventManager : Event: ======'balldevice_bd_trough_ball_eject_attempt'====== Args={'balls': 1, 'target': <ball_device.bd_plunger>, 'source': <ball_device.bd_trough>, 'mechanical_eject': True, 'num_attempts': 0}
2026-03-03 17:39:38,302 : INFO : ball_device.bd_plunger : State: waiting_for_ball
2026-03-03 17:39:38,303 : INFO : ball_device.bd_trough : State: ejecting
2026-03-03 17:39:38,303 : INFO : ball_device.bd_trough : Ejecting ball to <ball_device.bd_plunger>
2026-03-03 17:39:38,303 : INFO : EventManager : Event: ======'balldevice_bd_trough_ejecting_ball'====== Args={'balls': 1, 'target': <ball_device.bd_plunger>, 'source': <ball_device.bd_trough>, 'mechanical_eject': True, 'num_attempts': 0}
2026-03-03 17:39:38,303 : INFO : ball_device.bd_trough : Wait for ball to leave device
2026-03-03 17:39:38,304 : INFO : coil.c_trough_eject : Pulsing Driver for 20ms (1.0 pulse_power)
2026-03-03 17:39:38,330 : INFO : SwitchController : <<<<<<< 's_trough_1' inactive >>>>>>>
2026-03-03 17:39:38,331 : INFO : SwitchController : <<<<<<< 's_trough_7' active >>>>>>>
2026-03-03 17:39:38,331 : INFO : EventManager : Event: ======'machine_var_audits_switches_s_trough_7'====== Args={'value': 84, 'prev_value': 83, 'change': 1}
2026-03-03 17:39:38,332 : INFO : ball_device.bd_trough : State: ball_left
2026-03-03 17:39:38,332 : INFO : ball_device.bd_trough : Ball left
2026-03-03 17:39:38,332 : INFO : ball_device.bd_trough : Wait for confirm with timeout 3.0
2026-03-03 17:39:38,351 : INFO : SwitchController : <<<<<<< 's_trough_7' inactive >>>>>>>
2026-03-03 17:39:38,399 : INFO : EventManager : Event: ======'slide_base_slide_created'====== Args={'_from_bcp': True}
2026-03-03 17:39:38,399 : INFO : EventManager : Event: ======'slide_base_slide_inactive'====== Args={'is_removing': True, '_from_bcp': True}
2026-03-03 17:39:38,400 : INFO : EventManager : Event: ======'slide_base_slide_active'====== Args={'original_context': 'base', 'original_calling_context': 'mode_base_started', 'priority': 100.0, 'queue': '<QueuedEvent>', 'player': 1.0, 'ball': 3.0, 'balls_remaining': 0.0, 'is_extra_ball': False, 'cmd': 'slides_play', '_from_bcp': True}
2026-03-03 17:39:38,400 : INFO : EventManager : Event: ======'slide_base_slide_removed'====== Args={'_from_bcp': True}
2026-03-03 17:39:38,452 : INFO : SwitchController : <<<<<<< 's_plunger' active >>>>>>>
2026-03-03 17:39:38,453 : INFO : EventManager : Event: ======'machine_var_audits_switches_s_plunger'====== Args={'value': 92, 'prev_value': 91, 'change': 1}
2026-03-03 17:39:38,953 : INFO : ball_device.bd_plunger : Received ball from <ball_device.bd_trough>
2026-03-03 17:39:38,953 : INFO : EventManager : Event: ======'balldevice_bd_plunger_ball_enter'====== Args={'new_balls': 1, 'unclaimed_balls': 0, 'new_available_balls': 0, 'device': <ball_device.bd_plunger>}
2026-03-03 17:39:38,954 : INFO : EventManager : Event: ======'balldevice_bd_plunger_ball_entered'====== Args={'new_balls': 0, 'device': <ball_device.bd_plunger>}
2026-03-03 17:39:38,954 : INFO : EventManager : Event: ======'balldevice_bd_plunger_ball_count_changed'====== Args={'balls': 1}
2026-03-03 17:39:38,954 : INFO : ball_device.bd_trough : Got eject confirm
2026-03-03 17:39:38,954 : INFO : ball_device.bd_trough : Eject successful
2026-03-03 17:39:38,954 : INFO : EventManager : Event: ======'balldevice_bd_trough_ball_eject_success'====== Args={'balls': 1, 'target': <ball_device.bd_plunger>}
2026-03-03 17:39:38,955 : INFO : ball_device.bd_plunger : State: waiting_for_target_ready
2026-03-03 17:39:38,955 : INFO : EventManager : Event: ======'balldevice_bd_plunger_ball_eject_attempt'====== Args={'balls': 1, 'target': <playfield.playfield>, 'source': <ball_device.bd_plunger>, 'mechanical_eject': True, 'num_attempts': 0}
2026-03-03 17:39:38,955 : INFO : EventManager : Event: ======'balldevice_bd_trough_ball_count_changed'====== Args={'balls': 0}
2026-03-03 17:39:38,955 : INFO : ball_device.bd_trough : State: idle
2026-03-03 17:39:38,955 : INFO : ball_device.bd_plunger : State: ejecting
2026-03-03 17:39:38,956 : INFO : ball_device.bd_plunger : Ejecting ball to <playfield.playfield>
2026-03-03 17:39:38,956 : INFO : EventManager : Event: ======'balldevice_bd_plunger_ejecting_ball'====== Args={'balls': 1, 'target': <playfield.playfield>, 'source': <ball_device.bd_plunger>, 'mechanical_eject': True, 'num_attempts': 0}
2026-03-03 17:39:38,956 : INFO : ball_device.bd_plunger : Wait for ball to leave device
2026-03-03 17:39:40,804 : INFO : SwitchController : <<<<<<< 's_plunger' inactive >>>>>>>
2026-03-03 17:39:40,805 : INFO : ball_device.bd_plunger : State: ball_left
2026-03-03 17:39:40,805 : INFO : ball_device.bd_plunger : Ball left
2026-03-03 17:39:40,805 : INFO : ball_device.bd_plunger : Wait for confirm with timeout 5.0
2026-03-03 17:39:44,399 : INFO : SwitchController : <<<<<<< 's_trough_6' active >>>>>>>
2026-03-03 17:39:44,400 : INFO : EventManager : Event: ======'machine_var_audits_switches_s_trough_6'====== Args={'value': 108, 'prev_value': 107, 'change': 1}
2026-03-03 17:39:44,519 : INFO : SwitchController : <<<<<<< 's_trough_6' inactive >>>>>>>
2026-03-03 17:39:44,539 : INFO : SwitchController : <<<<<<< 's_trough_5' active >>>>>>>
2026-03-03 17:39:44,539 : INFO : EventManager : Event: ======'machine_var_audits_switches_s_trough_5'====== Args={'value': 112, 'prev_value': 111, 'change': 1}
2026-03-03 17:39:44,633 : INFO : SwitchController : <<<<<<< 's_trough_5' inactive >>>>>>>
2026-03-03 17:39:44,642 : INFO : SwitchController : <<<<<<< 's_trough_4' active >>>>>>>
2026-03-03 17:39:44,642 : INFO : EventManager : Event: ======'machine_var_audits_switches_s_trough_4'====== Args={'value': 105, 'prev_value': 104, 'change': 1}
2026-03-03 17:39:44,723 : INFO : SwitchController : <<<<<<< 's_trough_4' inactive >>>>>>>
2026-03-03 17:39:44,732 : INFO : SwitchController : <<<<<<< 's_trough_3' active >>>>>>>
2026-03-03 17:39:44,732 : INFO : EventManager : Event: ======'machine_var_audits_switches_s_trough_3'====== Args={'value': 96, 'prev_value': 95, 'change': 1}
2026-03-03 17:39:44,801 : INFO : SwitchController : <<<<<<< 's_trough_3' inactive >>>>>>>
2026-03-03 17:39:44,808 : INFO : SwitchController : <<<<<<< 's_trough_2' active >>>>>>>
2026-03-03 17:39:44,809 : INFO : EventManager : Event: ======'machine_var_audits_switches_s_trough_2'====== Args={'value': 86, 'prev_value': 85, 'change': 1}
2026-03-03 17:39:44,872 : INFO : SwitchController : <<<<<<< 's_trough_2' inactive >>>>>>>
2026-03-03 17:39:44,877 : INFO : SwitchController : <<<<<<< 's_trough_1' active >>>>>>>
2026-03-03 17:39:44,877 : INFO : EventManager : Event: ======'machine_var_audits_switches_s_trough_1'====== Args={'value': 76, 'prev_value': 75, 'change': 1}
2026-03-03 17:39:45,377 : INFO : EventManager : Event: ======'balldevice_bd_trough_ball_count_changed'====== Args={'balls': 1}
2026-03-03 17:39:45,378 : INFO : ball_device.bd_trough : Received unexpected ball
2026-03-03 17:39:45,378 : INFO : EventManager : Event: ======'balldevice_captured_from_playfield'====== Args={'balls': 1}
2026-03-03 17:39:45,378 : INFO : EventManager : Event: ======'sw_playfield_active'====== Args={'balls': 1}
2026-03-03 17:39:45,378 : INFO : EventManager : Event: ======'playfield_active'====== Args={'source': None}
2026-03-03 17:39:45,378 : INFO : EventManager : Event: ======'playfield_ball_count_change'====== Args={'balls': -1, 'change': -1}
2026-03-03 17:39:45,378 : INFO : EventManager : Event: ======'balldevice_bd_trough_ball_enter'====== Args={'new_balls': 1, 'unclaimed_balls': 1, 'new_available_balls': 1, 'device': <ball_device.bd_trough>}
2026-03-03 17:39:45,379 : INFO : EventManager : Event: ======'ball_drain'====== Args={'device': <ball_device.bd_trough>, 'balls': 1}
2026-03-03 17:39:45,379 : INFO : ball_device.bd_plunger : Got eject confirm
2026-03-03 17:39:45,379 : INFO : ball_device.bd_plunger : Eject successful
2026-03-03 17:39:45,379 : INFO : EventManager : Event: ======'balldevice_bd_plunger_ball_eject_success'====== Args={'balls': 1, 'target': <playfield.playfield>}
2026-03-03 17:39:45,379 : INFO : EventManager : Event: ======'balldevice_playfield_ball_enter'====== Args={'new_balls': 1, 'unclaimed_balls': 1, 'device': <playfield.playfield>}
2026-03-03 17:39:45,379 : INFO : EventManager : Event: ======'playfield_ball_count_change'====== Args={'balls': 0, 'change': 1}
2026-03-03 17:39:45,379 : INFO : EventManager : Event: ======'ball_will_end'====== Args={}
2026-03-03 17:39:45,380 : INFO : EventManager : Event: ======'balldevice_balls_available'====== Args={}
2026-03-03 17:39:45,380 : INFO : EventManager : Event: ======'balldevice_bd_trough_ball_entered'====== Args={'new_balls': 1, 'device': <ball_device.bd_trough>}
2026-03-03 17:39:45,380 : INFO : EventManager : Event: ======'mode_base_will_stop'====== Args={}
2026-03-03 17:39:45,380 : INFO : EventManager : Event: ======'mode_base_stopping'====== Args={}
2026-03-03 17:39:45,380 : INFO : EventManager : Event: ======'stop_mode_bumpers'====== Args={'priority': 0}
2026-03-03 17:39:45,380 : INFO : EventManager : Event: ======'mode_bumpers_will_stop'====== Args={}
2026-03-03 17:39:45,380 : INFO : EventManager : Event: ======'mode_bumpers_stopping'====== Args={}
2026-03-03 17:39:45,380 : INFO : Mode.base : Stopped.
2026-03-03 17:39:45,381 : INFO : EventManager : Event: ======'modes_active_modes_changed'====== Args={}
2026-03-03 17:39:45,381 : INFO : EventManager : Event: ======'mode_base_stopped'====== Args={}
2026-03-03 17:39:45,381 : INFO : EventManager : Event: ======'clear'====== Args={'key': 'base'}
2026-03-03 17:39:45,382 : INFO : Mode.bumpers : Stopped.
2026-03-03 17:39:45,382 : INFO : EventManager : Event: ======'modes_active_modes_changed'====== Args={}
2026-03-03 17:39:45,382 : INFO : EventManager : Event: ======'mode_bumpers_stopped'====== Args={}
2026-03-03 17:39:45,382 : INFO : EventManager : Event: ======'clear'====== Args={'key': 'bumpers'}
2026-03-03 17:39:45,383 : INFO : EventManager : Event: ======'balldevice_bd_plunger_ball_count_changed'====== Args={'balls': 0}
2026-03-03 17:39:45,383 : INFO : ball_device.bd_plunger : State: idle
2026-03-03 17:39:45,384 : INFO : EventManager : Event: ======'ball_ending'====== Args={}
2026-03-03 17:39:45,384 : INFO : EventManager : Event: ======'ball_ended'====== Args={}
2026-03-03 17:39:45,387 : INFO : EventManager : Event: ======'player_turn_will_end'====== Args={'player': <Player 1>, 'number': 1}
2026-03-03 17:39:45,387 : INFO : EventManager : Event: ======'player_turn_ending'====== Args={'player': <Player 1>, 'number': 1}
2026-03-03 17:39:45,387 : INFO : EventManager : Event: ======'player_turn_ended'====== Args={'player': <Player 1>, 'number': 1}
2026-03-03 17:39:45,388 : INFO : EventManager : Event: ======'game_will_end'====== Args={}
2026-03-03 17:39:45,388 : INFO : EventManager : Event: ======'game_ending'====== Args={}
2026-03-03 17:39:45,389 : INFO : EventManager : Event: ======'machine_var_player1_score'====== Args={'value': 10070, 'prev_value': 10020, 'change': 50}
2026-03-03 17:39:45,389 : INFO : EventManager : Event: ======'game_ended'====== Args={}
2026-03-03 17:39:45,391 : INFO : EventManager : Event: ======'mode_game_will_stop'====== Args={}
2026-03-03 17:39:45,391 : INFO : EventManager : Event: ======'mode_game_stopping'====== Args={}
2026-03-03 17:39:45,391 : INFO : EventManager : Event: ======'mode_attract_will_start'====== Args={}
2026-03-03 17:39:45,392 : INFO : Timer.attract_carousel_timer : Starting Timer.
2026-03-03 17:39:45,392 : INFO : EventManager : Event: ======'timer_attract_carousel_timer_started'====== Args={'ticks': 0, 'ticks_remaining': 1}
2026-03-03 17:39:45,392 : INFO : EventManager : Event: ======'timer_attract_carousel_timer_tick'====== Args={'ticks': 0, 'ticks_remaining': 1}
2026-03-03 17:39:45,393 : INFO : EventManager : Event: ======'mode_attract_starting'====== Args={}
2026-03-03 17:39:45,393 : INFO : Mode.attract : Started. Priority: 10
2026-03-03 17:39:45,393 : INFO : EventManager : Event: ======'modes_active_modes_changed'====== Args={}
2026-03-03 17:39:45,393 : INFO : EventManager : Event: ======'mode_attract_started'====== Args={}
2026-03-03 17:39:45,394 : INFO : EventManager : Event: ======'collecting_balls_complete'====== Args={}
2026-03-03 17:39:45,395 : INFO : EventManager : Event: ======'carousel_item_highlighted'====== Args={'carousel': 'attract', 'direction': None, 'item': 'title'}
2026-03-03 17:39:45,395 : INFO : EventManager : Event: ======'timer_attract_carousel_timer_tick'====== Args={'ticks': 0, 'ticks_remaining': 1}
2026-03-03 17:39:45,395 : INFO : Mode.game : Stopped.
2026-03-03 17:39:45,395 : INFO : EventManager : Event: ======'modes_active_modes_changed'====== Args={}
2026-03-03 17:39:45,396 : INFO : EventManager : Event: ======'mode_game_stopped'====== Args={}
2026-03-03 17:39:45,396 : INFO : EventManager : Event: ======'clear'====== Args={'key': 'game'}
2026-03-03 17:39:45,441 : INFO : EventManager : Event: ======'slide_attract_created'====== Args={'_from_bcp': True}
2026-03-03 17:39:45,441 : INFO : EventManager : Event: ======'slide_base_slide_inactive'====== Args={'is_removing': True, '_from_bcp': True}
2026-03-03 17:39:45,442 : INFO : EventManager : Event: ======'slide_attract_active'====== Args={'original_context': 'attract', 'original_calling_context': 'mode_attract_started', 'priority': 10.0, 'cmd': 'slides_play', '_from_bcp': True}
2026-03-03 17:39:45,442 : INFO : EventManager : Event: ======'slide_base_slide_removed'====== Args={'_from_bcp': True}
2026-03-03 17:39:50,395 : INFO : Timer.attract_carousel_timer : Timer Complete
2026-03-03 17:39:50,395 : INFO : Timer.attract_carousel_timer : Stopping Timer
2026-03-03 17:39:50,396 : INFO : EventManager : Event: ======'timer_attract_carousel_timer_stopped'====== Args={'ticks': 1, 'ticks_remaining': 1}
2026-03-03 17:39:50,396 : INFO : EventManager : Event: ======'timer_attract_carousel_timer_complete'====== Args={'ticks': 1, 'ticks_remaining': 1}
2026-03-03 17:39:50,396 : INFO : EventManager : Event: ======'carousel_item_highlighted'====== Args={'carousel': 'attract', 'direction': 'forwards', 'item': 'credits'}
2026-03-03 17:39:50,396 : INFO : Timer.attract_carousel_timer : Starting Timer.
2026-03-03 17:39:50,397 : INFO : EventManager : Event: ======'timer_attract_carousel_timer_started'====== Args={'ticks': 0, 'ticks_remaining': 1}
2026-03-03 17:39:50,397 : INFO : EventManager : Event: ======'timer_attract_carousel_timer_tick'====== Args={'ticks': 0, 'ticks_remaining': 1}
2026-03-03 17:39:55,397 : INFO : Timer.attract_carousel_timer : Timer Complete
2026-03-03 17:39:55,397 : INFO : Timer.attract_carousel_timer : Stopping Timer
2026-03-03 17:39:55,397 : INFO : EventManager : Event: ======'timer_attract_carousel_timer_stopped'====== Args={'ticks': 1, 'ticks_remaining': 1}
2026-03-03 17:39:55,397 : INFO : EventManager : Event: ======'timer_attract_carousel_timer_complete'====== Args={'ticks': 1, 'ticks_remaining': 1}
2026-03-03 17:39:55,397 : INFO : EventManager : Event: ======'carousel_item_highlighted'====== Args={'carousel': 'attract', 'direction': 'forwards', 'item': 'last_scores_1p'}
2026-03-03 17:39:55,398 : INFO : Timer.attract_carousel_timer : Starting Timer.
2026-03-03 17:39:55,398 : INFO : EventManager : Event: ======'timer_attract_carousel_timer_started'====== Args={'ticks': 0, 'ticks_remaining': 1}
2026-03-03 17:39:55,398 : INFO : EventManager : Event: ======'timer_attract_carousel_timer_tick'====== Args={'ticks': 0, 'ticks_remaining': 1}
2026-03-03 17:40:00,398 : INFO : Timer.attract_carousel_timer : Timer Complete
2026-03-03 17:40:00,398 : INFO : Timer.attract_carousel_timer : Stopping Timer
2026-03-03 17:40:00,399 : INFO : EventManager : Event: ======'timer_attract_carousel_timer_stopped'====== Args={'ticks': 1, 'ticks_remaining': 1}
2026-03-03 17:40:00,399 : INFO : EventManager : Event: ======'timer_attract_carousel_timer_complete'====== Args={'ticks': 1, 'ticks_remaining': 1}
2026-03-03 17:40:00,399 : INFO : EventManager : Event: ======'carousel_item_highlighted'====== Args={'carousel': 'attract', 'direction': 'forwards', 'item': 'logo'}
2026-03-03 17:40:00,399 : INFO : Timer.attract_carousel_timer : Starting Timer.
2026-03-03 17:40:00,400 : INFO : EventManager : Event: ======'timer_attract_carousel_timer_started'====== Args={'ticks': 0, 'ticks_remaining': 1}
2026-03-03 17:40:00,400 : INFO : EventManager : Event: ======'timer_attract_carousel_timer_tick'====== Args={'ticks': 0, 'ticks_remaining': 1}
2026-03-03 17:40:05,400 : INFO : Timer.attract_carousel_timer : Timer Complete
2026-03-03 17:40:05,400 : INFO : Timer.attract_carousel_timer : Stopping Timer
2026-03-03 17:40:05,400 : INFO : EventManager : Event: ======'timer_attract_carousel_timer_stopped'====== Args={'ticks': 1, 'ticks_remaining': 1}
2026-03-03 17:40:05,400 : INFO : EventManager : Event: ======'timer_attract_carousel_timer_complete'====== Args={'ticks': 1, 'ticks_remaining': 1}
2026-03-03 17:40:05,401 : INFO : EventManager : Event: ======'carousel_item_highlighted'====== Args={'carousel': 'attract', 'direction': 'forwards', 'item': 'title'}
2026-03-03 17:40:05,401 : INFO : Timer.attract_carousel_timer : Starting Timer.
2026-03-03 17:40:05,401 : INFO : EventManager : Event: ======'timer_attract_carousel_timer_started'====== Args={'ticks': 0, 'ticks_remaining': 1}
2026-03-03 17:40:05,401 : INFO : EventManager : Event: ======'timer_attract_carousel_timer_tick'====== Args={'ticks': 0, 'ticks_remaining': 1}
2026-03-03 17:40:10,402 : INFO : Timer.attract_carousel_timer : Timer Complete
2026-03-03 17:40:10,402 : INFO : Timer.attract_carousel_timer : Stopping Timer
2026-03-03 17:40:10,402 : INFO : EventManager : Event: ======'timer_attract_carousel_timer_stopped'====== Args={'ticks': 1, 'ticks_remaining': 1}
2026-03-03 17:40:10,403 : INFO : EventManager : Event: ======'timer_attract_carousel_timer_complete'====== Args={'ticks': 1, 'ticks_remaining': 1}
2026-03-03 17:40:10,403 : INFO : EventManager : Event: ======'carousel_item_highlighted'====== Args={'carousel': 'attract', 'direction': 'forwards', 'item': 'credits'}
2026-03-03 17:40:10,403 : INFO : Timer.attract_carousel_timer : Starting Timer.
2026-03-03 17:40:10,403 : INFO : EventManager : Event: ======'timer_attract_carousel_timer_started'====== Args={'ticks': 0, 'ticks_remaining': 1}
2026-03-03 17:40:10,404 : INFO : EventManager : Event: ======'timer_attract_carousel_timer_tick'====== Args={'ticks': 0, 'ticks_remaining': 1}
2026-03-03 17:40:15,405 : INFO : Timer.attract_carousel_timer : Timer Complete
2026-03-03 17:40:15,405 : INFO : Timer.attract_carousel_timer : Stopping Timer
2026-03-03 17:40:15,405 : INFO : EventManager : Event: ======'timer_attract_carousel_timer_stopped'====== Args={'ticks': 1, 'ticks_remaining': 1}
2026-03-03 17:40:15,405 : INFO : EventManager : Event: ======'timer_attract_carousel_timer_complete'====== Args={'ticks': 1, 'ticks_remaining': 1}
2026-03-03 17:40:15,406 : INFO : EventManager : Event: ======'carousel_item_highlighted'====== Args={'carousel': 'attract', 'direction': 'forwards', 'item': 'last_scores_1p'}
2026-03-03 17:40:15,407 : INFO : Timer.attract_carousel_timer : Starting Timer.
2026-03-03 17:40:15,407 : INFO : EventManager : Event: ======'timer_attract_carousel_timer_started'====== Args={'ticks': 0, 'ticks_remaining': 1}
2026-03-03 17:40:15,407 : INFO : EventManager : Event: ======'timer_attract_carousel_timer_tick'====== Args={'ticks': 0, 'ticks_remaining': 1}
2026-03-03 17:40:20,408 : INFO : Timer.attract_carousel_timer : Timer Complete
2026-03-03 17:40:20,408 : INFO : Timer.attract_carousel_timer : Stopping Timer
2026-03-03 17:40:20,408 : INFO : EventManager : Event: ======'timer_attract_carousel_timer_stopped'====== Args={'ticks': 1, 'ticks_remaining': 1}
2026-03-03 17:40:20,408 : INFO : EventManager : Event: ======'timer_attract_carousel_timer_complete'====== Args={'ticks': 1, 'ticks_remaining': 1}
2026-03-03 17:40:20,409 : INFO : EventManager : Event: ======'carousel_item_highlighted'====== Args={'carousel': 'attract', 'direction': 'forwards', 'item': 'logo'}
2026-03-03 17:40:20,409 : INFO : Timer.attract_carousel_timer : Starting Timer.
2026-03-03 17:40:20,410 : INFO : EventManager : Event: ======'timer_attract_carousel_timer_started'====== Args={'ticks': 0, 'ticks_remaining': 1}
2026-03-03 17:40:20,410 : INFO : EventManager : Event: ======'timer_attract_carousel_timer_tick'====== Args={'ticks': 0, 'ticks_remaining': 1}
2026-03-03 17:40:25,410 : INFO : Timer.attract_carousel_timer : Timer Complete
2026-03-03 17:40:25,411 : INFO : Timer.attract_carousel_timer : Stopping Timer
2026-03-03 17:40:25,411 : INFO : EventManager : Event: ======'timer_attract_carousel_timer_stopped'====== Args={'ticks': 1, 'ticks_remaining': 1}
2026-03-03 17:40:25,411 : INFO : EventManager : Event: ======'timer_attract_carousel_timer_complete'====== Args={'ticks': 1, 'ticks_remaining': 1}
2026-03-03 17:40:25,411 : INFO : EventManager : Event: ======'carousel_item_highlighted'====== Args={'carousel': 'attract', 'direction': 'forwards', 'item': 'title'}
2026-03-03 17:40:25,411 : INFO : Timer.attract_carousel_timer : Starting Timer.
2026-03-03 17:40:25,412 : INFO : EventManager : Event: ======'timer_attract_carousel_timer_started'====== Args={'ticks': 0, 'ticks_remaining': 1}
2026-03-03 17:40:25,412 : INFO : EventManager : Event: ======'timer_attract_carousel_timer_tick'====== Args={'ticks': 0, 'ticks_remaining': 1}
2026-03-03 17:40:30,413 : INFO : Timer.attract_carousel_timer : Timer Complete
2026-03-03 17:40:30,413 : INFO : Timer.attract_carousel_timer : Stopping Timer
2026-03-03 17:40:30,413 : INFO : EventManager : Event: ======'timer_attract_carousel_timer_stopped'====== Args={'ticks': 1, 'ticks_remaining': 1}
2026-03-03 17:40:30,413 : INFO : EventManager : Event: ======'timer_attract_carousel_timer_complete'====== Args={'ticks': 1, 'ticks_remaining': 1}
2026-03-03 17:40:30,413 : INFO : EventManager : Event: ======'carousel_item_highlighted'====== Args={'carousel': 'attract', 'direction': 'forwards', 'item': 'credits'}
2026-03-03 17:40:30,414 : INFO : Timer.attract_carousel_timer : Starting Timer.
2026-03-03 17:40:30,414 : INFO : EventManager : Event: ======'timer_attract_carousel_timer_started'====== Args={'ticks': 0, 'ticks_remaining': 1}
2026-03-03 17:40:30,414 : INFO : EventManager : Event: ======'timer_attract_carousel_timer_tick'====== Args={'ticks': 0, 'ticks_remaining': 1}
2026-03-03 17:40:35,415 : INFO : Timer.attract_carousel_timer : Timer Complete
2026-03-03 17:40:35,415 : INFO : Timer.attract_carousel_timer : Stopping Timer
2026-03-03 17:40:35,415 : INFO : EventManager : Event: ======'timer_attract_carousel_timer_stopped'====== Args={'ticks': 1, 'ticks_remaining': 1}
2026-03-03 17:40:35,415 : INFO : EventManager : Event: ======'timer_attract_carousel_timer_complete'====== Args={'ticks': 1, 'ticks_remaining': 1}
2026-03-03 17:40:35,416 : INFO : EventManager : Event: ======'carousel_item_highlighted'====== Args={'carousel': 'attract', 'direction': 'forwards', 'item': 'last_scores_1p'}
2026-03-03 17:40:35,417 : INFO : Timer.attract_carousel_timer : Starting Timer.
2026-03-03 17:40:35,417 : INFO : EventManager : Event: ======'timer_attract_carousel_timer_started'====== Args={'ticks': 0, 'ticks_remaining': 1}
2026-03-03 17:40:35,417 : INFO : EventManager : Event: ======'timer_attract_carousel_timer_tick'====== Args={'ticks': 0, 'ticks_remaining': 1}
2026-03-03 17:40:40,417 : INFO : Timer.attract_carousel_timer : Timer Complete
2026-03-03 17:40:40,417 : INFO : Timer.attract_carousel_timer : Stopping Timer
2026-03-03 17:40:40,417 : INFO : EventManager : Event: ======'timer_attract_carousel_timer_stopped'====== Args={'ticks': 1, 'ticks_remaining': 1}
2026-03-03 17:40:40,417 : INFO : EventManager : Event: ======'timer_attract_carousel_timer_complete'====== Args={'ticks': 1, 'ticks_remaining': 1}
2026-03-03 17:40:40,418 : INFO : EventManager : Event: ======'carousel_item_highlighted'====== Args={'carousel': 'attract', 'direction': 'forwards', 'item': 'logo'}
2026-03-03 17:40:40,418 : INFO : Timer.attract_carousel_timer : Starting Timer.
2026-03-03 17:40:40,418 : INFO : EventManager : Event: ======'timer_attract_carousel_timer_started'====== Args={'ticks': 0, 'ticks_remaining': 1}
2026-03-03 17:40:40,418 : INFO : EventManager : Event: ======'timer_attract_carousel_timer_tick'====== Args={'ticks': 0, 'ticks_remaining': 1}
2026-03-03 17:40:45,418 : INFO : Timer.attract_carousel_timer : Timer Complete
2026-03-03 17:40:45,418 : INFO : Timer.attract_carousel_timer : Stopping Timer
2026-03-03 17:40:45,419 : INFO : EventManager : Event: ======'timer_attract_carousel_timer_stopped'====== Args={'ticks': 1, 'ticks_remaining': 1}
2026-03-03 17:40:45,419 : INFO : EventManager : Event: ======'timer_attract_carousel_timer_complete'====== Args={'ticks': 1, 'ticks_remaining': 1}
2026-03-03 17:40:45,419 : INFO : EventManager : Event: ======'carousel_item_highlighted'====== Args={'carousel': 'attract', 'direction': 'forwards', 'item': 'title'}
2026-03-03 17:40:45,419 : INFO : Timer.attract_carousel_timer : Starting Timer.
2026-03-03 17:40:45,420 : INFO : EventManager : Event: ======'timer_attract_carousel_timer_started'====== Args={'ticks': 0, 'ticks_remaining': 1}
2026-03-03 17:40:45,420 : INFO : EventManager : Event: ======'timer_attract_carousel_timer_tick'====== Args={'ticks': 0, 'ticks_remaining': 1}
2026-03-03 17:40:50,420 : INFO : Timer.attract_carousel_timer : Timer Complete
2026-03-03 17:40:50,421 : INFO : Timer.attract_carousel_timer : Stopping Timer
2026-03-03 17:40:50,421 : INFO : EventManager : Event: ======'timer_attract_carousel_timer_stopped'====== Args={'ticks': 1, 'ticks_remaining': 1}
2026-03-03 17:40:50,421 : INFO : EventManager : Event: ======'timer_attract_carousel_timer_complete'====== Args={'ticks': 1, 'ticks_remaining': 1}
2026-03-03 17:40:50,421 : INFO : EventManager : Event: ======'carousel_item_highlighted'====== Args={'carousel': 'attract', 'direction': 'forwards', 'item': 'credits'}
2026-03-03 17:40:50,422 : INFO : Timer.attract_carousel_timer : Starting Timer.
2026-03-03 17:40:50,422 : INFO : EventManager : Event: ======'timer_attract_carousel_timer_started'====== Args={'ticks': 0, 'ticks_remaining': 1}
2026-03-03 17:40:50,422 : INFO : EventManager : Event: ======'timer_attract_carousel_timer_tick'====== Args={'ticks': 0, 'ticks_remaining': 1}
2026-03-03 17:40:55,422 : INFO : Timer.attract_carousel_timer : Timer Complete
2026-03-03 17:40:55,423 : INFO : Timer.attract_carousel_timer : Stopping Timer
2026-03-03 17:40:55,423 : INFO : EventManager : Event: ======'timer_attract_carousel_timer_stopped'====== Args={'ticks': 1, 'ticks_remaining': 1}
2026-03-03 17:40:55,423 : INFO : EventManager : Event: ======'timer_attract_carousel_timer_complete'====== Args={'ticks': 1, 'ticks_remaining': 1}
2026-03-03 17:40:55,423 : INFO : EventManager : Event: ======'carousel_item_highlighted'====== Args={'carousel': 'attract', 'direction': 'forwards', 'item': 'last_scores_1p'}
2026-03-03 17:40:55,423 : INFO : Timer.attract_carousel_timer : Starting Timer.
2026-03-03 17:40:55,424 : INFO : EventManager : Event: ======'timer_attract_carousel_timer_started'====== Args={'ticks': 0, 'ticks_remaining': 1}
2026-03-03 17:40:55,424 : INFO : EventManager : Event: ======'timer_attract_carousel_timer_tick'====== Args={'ticks': 0, 'ticks_remaining': 1}
2026-03-03 17:41:00,424 : INFO : Timer.attract_carousel_timer : Timer Complete
2026-03-03 17:41:00,425 : INFO : Timer.attract_carousel_timer : Stopping Timer
2026-03-03 17:41:00,425 : INFO : EventManager : Event: ======'timer_attract_carousel_timer_stopped'====== Args={'ticks': 1, 'ticks_remaining': 1}
2026-03-03 17:41:00,425 : INFO : EventManager : Event: ======'timer_attract_carousel_timer_complete'====== Args={'ticks': 1, 'ticks_remaining': 1}
2026-03-03 17:41:00,425 : INFO : EventManager : Event: ======'carousel_item_highlighted'====== Args={'carousel': 'attract', 'direction': 'forwards', 'item': 'logo'}
2026-03-03 17:41:00,426 : INFO : Timer.attract_carousel_timer : Starting Timer.
2026-03-03 17:41:00,426 : INFO : EventManager : Event: ======'timer_attract_carousel_timer_started'====== Args={'ticks': 0, 'ticks_remaining': 1}
2026-03-03 17:41:00,426 : INFO : EventManager : Event: ======'timer_attract_carousel_timer_tick'====== Args={'ticks': 0, 'ticks_remaining': 1}
2026-03-03 17:41:05,426 : INFO : Timer.attract_carousel_timer : Timer Complete
2026-03-03 17:41:05,426 : INFO : Timer.attract_carousel_timer : Stopping Timer
2026-03-03 17:41:05,426 : INFO : EventManager : Event: ======'timer_attract_carousel_timer_stopped'====== Args={'ticks': 1, 'ticks_remaining': 1}
2026-03-03 17:41:05,426 : INFO : EventManager : Event: ======'timer_attract_carousel_timer_complete'====== Args={'ticks': 1, 'ticks_remaining': 1}
2026-03-03 17:41:05,426 : INFO : EventManager : Event: ======'carousel_item_highlighted'====== Args={'carousel': 'attract', 'direction': 'forwards', 'item': 'title'}
2026-03-03 17:41:05,427 : INFO : Timer.attract_carousel_timer : Starting Timer.
2026-03-03 17:41:05,427 : INFO : EventManager : Event: ======'timer_attract_carousel_timer_started'====== Args={'ticks': 0, 'ticks_remaining': 1}
2026-03-03 17:41:05,427 : INFO : EventManager : Event: ======'timer_attract_carousel_timer_tick'====== Args={'ticks': 0, 'ticks_remaining': 1}
2026-03-03 17:41:10,427 : INFO : Timer.attract_carousel_timer : Timer Complete
2026-03-03 17:41:10,427 : INFO : Timer.attract_carousel_timer : Stopping Timer
2026-03-03 17:41:10,427 : INFO : EventManager : Event: ======'timer_attract_carousel_timer_stopped'====== Args={'ticks': 1, 'ticks_remaining': 1}
2026-03-03 17:41:10,427 : INFO : EventManager : Event: ======'timer_attract_carousel_timer_complete'====== Args={'ticks': 1, 'ticks_remaining': 1}
2026-03-03 17:41:10,428 : INFO : EventManager : Event: ======'carousel_item_highlighted'====== Args={'carousel': 'attract', 'direction': 'forwards', 'item': 'credits'}
2026-03-03 17:41:10,428 : INFO : Timer.attract_carousel_timer : Starting Timer.
2026-03-03 17:41:10,428 : INFO : EventManager : Event: ======'timer_attract_carousel_timer_started'====== Args={'ticks': 0, 'ticks_remaining': 1}
2026-03-03 17:41:10,428 : INFO : EventManager : Event: ======'timer_attract_carousel_timer_tick'====== Args={'ticks': 0, 'ticks_remaining': 1}
2026-03-03 17:41:15,428 : INFO : Timer.attract_carousel_timer : Timer Complete
2026-03-03 17:41:15,429 : INFO : Timer.attract_carousel_timer : Stopping Timer
2026-03-03 17:41:15,429 : INFO : EventManager : Event: ======'timer_attract_carousel_timer_stopped'====== Args={'ticks': 1, 'ticks_remaining': 1}
2026-03-03 17:41:15,429 : INFO : EventManager : Event: ======'timer_attract_carousel_timer_complete'====== Args={'ticks': 1, 'ticks_remaining': 1}
2026-03-03 17:41:15,429 : INFO : EventManager : Event: ======'carousel_item_highlighted'====== Args={'carousel': 'attract', 'direction': 'forwards', 'item': 'last_scores_1p'}
2026-03-03 17:41:15,430 : INFO : Timer.attract_carousel_timer : Starting Timer.
2026-03-03 17:41:15,430 : INFO : EventManager : Event: ======'timer_attract_carousel_timer_started'====== Args={'ticks': 0, 'ticks_remaining': 1}
2026-03-03 17:41:15,430 : INFO : EventManager : Event: ======'timer_attract_carousel_timer_tick'====== Args={'ticks': 0, 'ticks_remaining': 1}
2026-03-03 17:41:20,430 : INFO : Timer.attract_carousel_timer : Timer Complete
2026-03-03 17:41:20,430 : INFO : Timer.attract_carousel_timer : Stopping Timer
2026-03-03 17:41:20,431 : INFO : EventManager : Event: ======'timer_attract_carousel_timer_stopped'====== Args={'ticks': 1, 'ticks_remaining': 1}
2026-03-03 17:41:20,431 : INFO : EventManager : Event: ======'timer_attract_carousel_timer_complete'====== Args={'ticks': 1, 'ticks_remaining': 1}
2026-03-03 17:41:20,431 : INFO : EventManager : Event: ======'carousel_item_highlighted'====== Args={'carousel': 'attract', 'direction': 'forwards', 'item': 'logo'}
2026-03-03 17:41:20,431 : INFO : Timer.attract_carousel_timer : Starting Timer.
2026-03-03 17:41:20,432 : INFO : EventManager : Event: ======'timer_attract_carousel_timer_started'====== Args={'ticks': 0, 'ticks_remaining': 1}
2026-03-03 17:41:20,432 : INFO : EventManager : Event: ======'timer_attract_carousel_timer_tick'====== Args={'ticks': 0, 'ticks_remaining': 1}
2026-03-03 17:41:25,432 : INFO : Timer.attract_carousel_timer : Timer Complete
2026-03-03 17:41:25,433 : INFO : Timer.attract_carousel_timer : Stopping Timer
2026-03-03 17:41:25,433 : INFO : EventManager : Event: ======'timer_attract_carousel_timer_stopped'====== Args={'ticks': 1, 'ticks_remaining': 1}
2026-03-03 17:41:25,433 : INFO : EventManager : Event: ======'timer_attract_carousel_timer_complete'====== Args={'ticks': 1, 'ticks_remaining': 1}
2026-03-03 17:41:25,433 : INFO : EventManager : Event: ======'carousel_item_highlighted'====== Args={'carousel': 'attract', 'direction': 'forwards', 'item': 'title'}
2026-03-03 17:41:25,434 : INFO : Timer.attract_carousel_timer : Starting Timer.
2026-03-03 17:41:25,434 : INFO : EventManager : Event: ======'timer_attract_carousel_timer_started'====== Args={'ticks': 0, 'ticks_remaining': 1}
2026-03-03 17:41:25,434 : INFO : EventManager : Event: ======'timer_attract_carousel_timer_tick'====== Args={'ticks': 0, 'ticks_remaining': 1}
2026-03-03 17:41:30,435 : INFO : Timer.attract_carousel_timer : Timer Complete
2026-03-03 17:41:30,435 : INFO : Timer.attract_carousel_timer : Stopping Timer
2026-03-03 17:41:30,435 : INFO : EventManager : Event: ======'timer_attract_carousel_timer_stopped'====== Args={'ticks': 1, 'ticks_remaining': 1}
2026-03-03 17:41:30,435 : INFO : EventManager : Event: ======'timer_attract_carousel_timer_complete'====== Args={'ticks': 1, 'ticks_remaining': 1}
2026-03-03 17:41:30,435 : INFO : EventManager : Event: ======'carousel_item_highlighted'====== Args={'carousel': 'attract', 'direction': 'forwards', 'item': 'credits'}
2026-03-03 17:41:30,436 : INFO : Timer.attract_carousel_timer : Starting Timer.
2026-03-03 17:41:30,436 : INFO : EventManager : Event: ======'timer_attract_carousel_timer_started'====== Args={'ticks': 0, 'ticks_remaining': 1}
2026-03-03 17:41:30,436 : INFO : EventManager : Event: ======'timer_attract_carousel_timer_tick'====== Args={'ticks': 0, 'ticks_remaining': 1}
2026-03-03 17:41:35,437 : INFO : Timer.attract_carousel_timer : Timer Complete
2026-03-03 17:41:35,437 : INFO : Timer.attract_carousel_timer : Stopping Timer
2026-03-03 17:41:35,437 : INFO : EventManager : Event: ======'timer_attract_carousel_timer_stopped'====== Args={'ticks': 1, 'ticks_remaining': 1}
2026-03-03 17:41:35,437 : INFO : EventManager : Event: ======'timer_attract_carousel_timer_complete'====== Args={'ticks': 1, 'ticks_remaining': 1}
2026-03-03 17:41:35,437 : INFO : EventManager : Event: ======'carousel_item_highlighted'====== Args={'carousel': 'attract', 'direction': 'forwards', 'item': 'last_scores_1p'}
2026-03-03 17:41:35,438 : INFO : Timer.attract_carousel_timer : Starting Timer.
2026-03-03 17:41:35,438 : INFO : EventManager : Event: ======'timer_attract_carousel_timer_started'====== Args={'ticks': 0, 'ticks_remaining': 1}
2026-03-03 17:41:35,438 : INFO : EventManager : Event: ======'timer_attract_carousel_timer_tick'====== Args={'ticks': 0, 'ticks_remaining': 1}
2026-03-03 17:41:40,439 : INFO : Timer.attract_carousel_timer : Timer Complete
2026-03-03 17:41:40,439 : INFO : Timer.attract_carousel_timer : Stopping Timer
2026-03-03 17:41:40,439 : INFO : EventManager : Event: ======'timer_attract_carousel_timer_stopped'====== Args={'ticks': 1, 'ticks_remaining': 1}
2026-03-03 17:41:40,439 : INFO : EventManager : Event: ======'timer_attract_carousel_timer_complete'====== Args={'ticks': 1, 'ticks_remaining': 1}
2026-03-03 17:41:40,440 : INFO : EventManager : Event: ======'carousel_item_highlighted'====== Args={'carousel': 'attract', 'direction': 'forwards', 'item': 'logo'}
2026-03-03 17:41:40,440 : INFO : Timer.attract_carousel_timer : Starting Timer.
2026-03-03 17:41:40,440 : INFO : EventManager : Event: ======'timer_attract_carousel_timer_started'====== Args={'ticks': 0, 'ticks_remaining': 1}
2026-03-03 17:41:40,440 : INFO : EventManager : Event: ======'timer_attract_carousel_timer_tick'====== Args={'ticks': 0, 'ticks_remaining': 1}
2026-03-03 17:41:45,440 : INFO : Timer.attract_carousel_timer : Timer Complete
2026-03-03 17:41:45,441 : INFO : Timer.attract_carousel_timer : Stopping Timer
2026-03-03 17:41:45,441 : INFO : EventManager : Event: ======'timer_attract_carousel_timer_stopped'====== Args={'ticks': 1, 'ticks_remaining': 1}
2026-03-03 17:41:45,441 : INFO : EventManager : Event: ======'timer_attract_carousel_timer_complete'====== Args={'ticks': 1, 'ticks_remaining': 1}
2026-03-03 17:41:45,442 : INFO : EventManager : Event: ======'carousel_item_highlighted'====== Args={'carousel': 'attract', 'direction': 'forwards', 'item': 'title'}
2026-03-03 17:41:45,442 : INFO : Timer.attract_carousel_timer : Starting Timer.
2026-03-03 17:41:45,442 : INFO : EventManager : Event: ======'timer_attract_carousel_timer_started'====== Args={'ticks': 0, 'ticks_remaining': 1}
2026-03-03 17:41:45,443 : INFO : EventManager : Event: ======'timer_attract_carousel_timer_tick'====== Args={'ticks': 0, 'ticks_remaining': 1}
2026-03-03 17:41:50,443 : INFO : Timer.attract_carousel_timer : Timer Complete
2026-03-03 17:41:50,443 : INFO : Timer.attract_carousel_timer : Stopping Timer
2026-03-03 17:41:50,443 : INFO : EventManager : Event: ======'timer_attract_carousel_timer_stopped'====== Args={'ticks': 1, 'ticks_remaining': 1}
2026-03-03 17:41:50,444 : INFO : EventManager : Event: ======'timer_attract_carousel_timer_complete'====== Args={'ticks': 1, 'ticks_remaining': 1}
2026-03-03 17:41:50,444 : INFO : EventManager : Event: ======'carousel_item_highlighted'====== Args={'carousel': 'attract', 'direction': 'forwards', 'item': 'credits'}
2026-03-03 17:41:50,444 : INFO : Timer.attract_carousel_timer : Starting Timer.
2026-03-03 17:41:50,444 : INFO : EventManager : Event: ======'timer_attract_carousel_timer_started'====== Args={'ticks': 0, 'ticks_remaining': 1}
2026-03-03 17:41:50,444 : INFO : EventManager : Event: ======'timer_attract_carousel_timer_tick'====== Args={'ticks': 0, 'ticks_remaining': 1}
2026-03-03 17:41:55,445 : INFO : Timer.attract_carousel_timer : Timer Complete
2026-03-03 17:41:55,445 : INFO : Timer.attract_carousel_timer : Stopping Timer
2026-03-03 17:41:55,446 : INFO : EventManager : Event: ======'timer_attract_carousel_timer_stopped'====== Args={'ticks': 1, 'ticks_remaining': 1}
2026-03-03 17:41:55,446 : INFO : EventManager : Event: ======'timer_attract_carousel_timer_complete'====== Args={'ticks': 1, 'ticks_remaining': 1}
2026-03-03 17:41:55,446 : INFO : EventManager : Event: ======'carousel_item_highlighted'====== Args={'carousel': 'attract', 'direction': 'forwards', 'item': 'last_scores_1p'}
2026-03-03 17:41:55,446 : INFO : Timer.attract_carousel_timer : Starting Timer.
2026-03-03 17:41:55,447 : INFO : EventManager : Event: ======'timer_attract_carousel_timer_started'====== Args={'ticks': 0, 'ticks_remaining': 1}
2026-03-03 17:41:55,447 : INFO : EventManager : Event: ======'timer_attract_carousel_timer_tick'====== Args={'ticks': 0, 'ticks_remaining': 1}
2026-03-03 17:42:00,447 : INFO : Timer.attract_carousel_timer : Timer Complete
2026-03-03 17:42:00,448 : INFO : Timer.attract_carousel_timer : Stopping Timer
2026-03-03 17:42:00,448 : INFO : EventManager : Event: ======'timer_attract_carousel_timer_stopped'====== Args={'ticks': 1, 'ticks_remaining': 1}
2026-03-03 17:42:00,448 : INFO : EventManager : Event: ======'timer_attract_carousel_timer_complete'====== Args={'ticks': 1, 'ticks_remaining': 1}
2026-03-03 17:42:00,448 : INFO : EventManager : Event: ======'carousel_item_highlighted'====== Args={'carousel': 'attract', 'direction': 'forwards', 'item': 'logo'}
2026-03-03 17:42:00,449 : INFO : Timer.attract_carousel_timer : Starting Timer.
2026-03-03 17:42:00,449 : INFO : EventManager : Event: ======'timer_attract_carousel_timer_started'====== Args={'ticks': 0, 'ticks_remaining': 1}
2026-03-03 17:42:00,449 : INFO : EventManager : Event: ======'timer_attract_carousel_timer_tick'====== Args={'ticks': 0, 'ticks_remaining': 1}
2026-03-03 17:42:05,449 : INFO : Timer.attract_carousel_timer : Timer Complete
2026-03-03 17:42:05,449 : INFO : Timer.attract_carousel_timer : Stopping Timer
2026-03-03 17:42:05,450 : INFO : EventManager : Event: ======'timer_attract_carousel_timer_stopped'====== Args={'ticks': 1, 'ticks_remaining': 1}
2026-03-03 17:42:05,450 : INFO : EventManager : Event: ======'timer_attract_carousel_timer_complete'====== Args={'ticks': 1, 'ticks_remaining': 1}
2026-03-03 17:42:05,450 : INFO : EventManager : Event: ======'carousel_item_highlighted'====== Args={'carousel': 'attract', 'direction': 'forwards', 'item': 'title'}
2026-03-03 17:42:05,451 : INFO : Timer.attract_carousel_timer : Starting Timer.
2026-03-03 17:42:05,451 : INFO : EventManager : Event: ======'timer_attract_carousel_timer_started'====== Args={'ticks': 0, 'ticks_remaining': 1}
2026-03-03 17:42:05,451 : INFO : EventManager : Event: ======'timer_attract_carousel_timer_tick'====== Args={'ticks': 0, 'ticks_remaining': 1}
2026-03-03 17:42:10,452 : INFO : Timer.attract_carousel_timer : Timer Complete
2026-03-03 17:42:10,452 : INFO : Timer.attract_carousel_timer : Stopping Timer
2026-03-03 17:42:10,452 : INFO : EventManager : Event: ======'timer_attract_carousel_timer_stopped'====== Args={'ticks': 1, 'ticks_remaining': 1}
2026-03-03 17:42:10,452 : INFO : EventManager : Event: ======'timer_attract_carousel_timer_complete'====== Args={'ticks': 1, 'ticks_remaining': 1}
2026-03-03 17:42:10,453 : INFO : EventManager : Event: ======'carousel_item_highlighted'====== Args={'carousel': 'attract', 'direction': 'forwards', 'item': 'credits'}
2026-03-03 17:42:10,453 : INFO : Timer.attract_carousel_timer : Starting Timer.
2026-03-03 17:42:10,453 : INFO : EventManager : Event: ======'timer_attract_carousel_timer_started'====== Args={'ticks': 0, 'ticks_remaining': 1}
2026-03-03 17:42:10,453 : INFO : EventManager : Event: ======'timer_attract_carousel_timer_tick'====== Args={'ticks': 0, 'ticks_remaining': 1}
2026-03-03 17:42:15,454 : INFO : Timer.attract_carousel_timer : Timer Complete
2026-03-03 17:42:15,454 : INFO : Timer.attract_carousel_timer : Stopping Timer
2026-03-03 17:42:15,454 : INFO : EventManager : Event: ======'timer_attract_carousel_timer_stopped'====== Args={'ticks': 1, 'ticks_remaining': 1}
2026-03-03 17:42:15,454 : INFO : EventManager : Event: ======'timer_attract_carousel_timer_complete'====== Args={'ticks': 1, 'ticks_remaining': 1}
2026-03-03 17:42:15,455 : INFO : EventManager : Event: ======'carousel_item_highlighted'====== Args={'carousel': 'attract', 'direction': 'forwards', 'item': 'last_scores_1p'}
2026-03-03 17:42:15,455 : INFO : Timer.attract_carousel_timer : Starting Timer.
2026-03-03 17:42:15,455 : INFO : EventManager : Event: ======'timer_attract_carousel_timer_started'====== Args={'ticks': 0, 'ticks_remaining': 1}
2026-03-03 17:42:15,455 : INFO : EventManager : Event: ======'timer_attract_carousel_timer_tick'====== Args={'ticks': 0, 'ticks_remaining': 1}
2026-03-03 17:42:20,455 : INFO : Timer.attract_carousel_timer : Timer Complete
2026-03-03 17:42:20,456 : INFO : Timer.attract_carousel_timer : Stopping Timer
2026-03-03 17:42:20,456 : INFO : EventManager : Event: ======'timer_attract_carousel_timer_stopped'====== Args={'ticks': 1, 'ticks_remaining': 1}
2026-03-03 17:42:20,456 : INFO : EventManager : Event: ======'timer_attract_carousel_timer_complete'====== Args={'ticks': 1, 'ticks_remaining': 1}
2026-03-03 17:42:20,456 : INFO : EventManager : Event: ======'carousel_item_highlighted'====== Args={'carousel': 'attract', 'direction': 'forwards', 'item': 'logo'}
2026-03-03 17:42:20,456 : INFO : Timer.attract_carousel_timer : Starting Timer.
2026-03-03 17:42:20,457 : INFO : EventManager : Event: ======'timer_attract_carousel_timer_started'====== Args={'ticks': 0, 'ticks_remaining': 1}
2026-03-03 17:42:20,457 : INFO : EventManager : Event: ======'timer_attract_carousel_timer_tick'====== Args={'ticks': 0, 'ticks_remaining': 1}
2026-03-03 17:42:25,457 : INFO : Timer.attract_carousel_timer : Timer Complete
2026-03-03 17:42:25,457 : INFO : Timer.attract_carousel_timer : Stopping Timer
2026-03-03 17:42:25,457 : INFO : EventManager : Event: ======'timer_attract_carousel_timer_stopped'====== Args={'ticks': 1, 'ticks_remaining': 1}
2026-03-03 17:42:25,457 : INFO : EventManager : Event: ======'timer_attract_carousel_timer_complete'====== Args={'ticks': 1, 'ticks_remaining': 1}
2026-03-03 17:42:25,457 : INFO : EventManager : Event: ======'carousel_item_highlighted'====== Args={'carousel': 'attract', 'direction': 'forwards', 'item': 'title'}
2026-03-03 17:42:25,458 : INFO : Timer.attract_carousel_timer : Starting Timer.
2026-03-03 17:42:25,458 : INFO : EventManager : Event: ======'timer_attract_carousel_timer_started'====== Args={'ticks': 0, 'ticks_remaining': 1}
2026-03-03 17:42:25,458 : INFO : EventManager : Event: ======'timer_attract_carousel_timer_tick'====== Args={'ticks': 0, 'ticks_remaining': 1}
2026-03-03 17:42:30,458 : INFO : Timer.attract_carousel_timer : Timer Complete
2026-03-03 17:42:30,458 : INFO : Timer.attract_carousel_timer : Stopping Timer
2026-03-03 17:42:30,458 : INFO : EventManager : Event: ======'timer_attract_carousel_timer_stopped'====== Args={'ticks': 1, 'ticks_remaining': 1}
2026-03-03 17:42:30,458 : INFO : EventManager : Event: ======'timer_attract_carousel_timer_complete'====== Args={'ticks': 1, 'ticks_remaining': 1}
2026-03-03 17:42:30,458 : INFO : EventManager : Event: ======'carousel_item_highlighted'====== Args={'carousel': 'attract', 'direction': 'forwards', 'item': 'credits'}
2026-03-03 17:42:30,459 : INFO : Timer.attract_carousel_timer : Starting Timer.
2026-03-03 17:42:30,459 : INFO : EventManager : Event: ======'timer_attract_carousel_timer_started'====== Args={'ticks': 0, 'ticks_remaining': 1}
2026-03-03 17:42:30,459 : INFO : EventManager : Event: ======'timer_attract_carousel_timer_tick'====== Args={'ticks': 0, 'ticks_remaining': 1}
2026-03-03 17:42:35,459 : INFO : Timer.attract_carousel_timer : Timer Complete
2026-03-03 17:42:35,459 : INFO : Timer.attract_carousel_timer : Stopping Timer
2026-03-03 17:42:35,459 : INFO : EventManager : Event: ======'timer_attract_carousel_timer_stopped'====== Args={'ticks': 1, 'ticks_remaining': 1}
2026-03-03 17:42:35,459 : INFO : EventManager : Event: ======'timer_attract_carousel_timer_complete'====== Args={'ticks': 1, 'ticks_remaining': 1}
2026-03-03 17:42:35,460 : INFO : EventManager : Event: ======'carousel_item_highlighted'====== Args={'carousel': 'attract', 'direction': 'forwards', 'item': 'last_scores_1p'}
2026-03-03 17:42:35,460 : INFO : Timer.attract_carousel_timer : Starting Timer.
2026-03-03 17:42:35,460 : INFO : EventManager : Event: ======'timer_attract_carousel_timer_started'====== Args={'ticks': 0, 'ticks_remaining': 1}
2026-03-03 17:42:35,460 : INFO : EventManager : Event: ======'timer_attract_carousel_timer_tick'====== Args={'ticks': 0, 'ticks_remaining': 1}
2026-03-03 17:42:40,461 : INFO : Timer.attract_carousel_timer : Timer Complete
2026-03-03 17:42:40,461 : INFO : Timer.attract_carousel_timer : Stopping Timer
2026-03-03 17:42:40,461 : INFO : EventManager : Event: ======'timer_attract_carousel_timer_stopped'====== Args={'ticks': 1, 'ticks_remaining': 1}
2026-03-03 17:42:40,461 : INFO : EventManager : Event: ======'timer_attract_carousel_timer_complete'====== Args={'ticks': 1, 'ticks_remaining': 1}
2026-03-03 17:42:40,461 : INFO : EventManager : Event: ======'carousel_item_highlighted'====== Args={'carousel': 'attract', 'direction': 'forwards', 'item': 'logo'}
2026-03-03 17:42:40,462 : INFO : Timer.attract_carousel_timer : Starting Timer.
2026-03-03 17:42:40,462 : INFO : EventManager : Event: ======'timer_attract_carousel_timer_started'====== Args={'ticks': 0, 'ticks_remaining': 1}
2026-03-03 17:42:40,462 : INFO : EventManager : Event: ======'timer_attract_carousel_timer_tick'====== Args={'ticks': 0, 'ticks_remaining': 1}
2026-03-03 17:42:45,463 : INFO : Timer.attract_carousel_timer : Timer Complete
2026-03-03 17:42:45,463 : INFO : Timer.attract_carousel_timer : Stopping Timer
2026-03-03 17:42:45,463 : INFO : EventManager : Event: ======'timer_attract_carousel_timer_stopped'====== Args={'ticks': 1, 'ticks_remaining': 1}
2026-03-03 17:42:45,463 : INFO : EventManager : Event: ======'timer_attract_carousel_timer_complete'====== Args={'ticks': 1, 'ticks_remaining': 1}
2026-03-03 17:42:45,463 : INFO : EventManager : Event: ======'carousel_item_highlighted'====== Args={'carousel': 'attract', 'direction': 'forwards', 'item': 'title'}
2026-03-03 17:42:45,464 : INFO : Timer.attract_carousel_timer : Starting Timer.
2026-03-03 17:42:45,464 : INFO : EventManager : Event: ======'timer_attract_carousel_timer_started'====== Args={'ticks': 0, 'ticks_remaining': 1}
2026-03-03 17:42:45,464 : INFO : EventManager : Event: ======'timer_attract_carousel_timer_tick'====== Args={'ticks': 0, 'ticks_remaining': 1}
2026-03-03 17:42:50,464 : INFO : Timer.attract_carousel_timer : Timer Complete
2026-03-03 17:42:50,465 : INFO : Timer.attract_carousel_timer : Stopping Timer
2026-03-03 17:42:50,465 : INFO : EventManager : Event: ======'timer_attract_carousel_timer_stopped'====== Args={'ticks': 1, 'ticks_remaining': 1}
2026-03-03 17:42:50,465 : INFO : EventManager : Event: ======'timer_attract_carousel_timer_complete'====== Args={'ticks': 1, 'ticks_remaining': 1}
2026-03-03 17:42:50,465 : INFO : EventManager : Event: ======'carousel_item_highlighted'====== Args={'carousel': 'attract', 'direction': 'forwards', 'item': 'credits'}
2026-03-03 17:42:50,466 : INFO : Timer.attract_carousel_timer : Starting Timer.
2026-03-03 17:42:50,466 : INFO : EventManager : Event: ======'timer_attract_carousel_timer_started'====== Args={'ticks': 0, 'ticks_remaining': 1}
2026-03-03 17:42:50,466 : INFO : EventManager : Event: ======'timer_attract_carousel_timer_tick'====== Args={'ticks': 0, 'ticks_remaining': 1}
2026-03-03 17:42:55,466 : INFO : Timer.attract_carousel_timer : Timer Complete
2026-03-03 17:42:55,467 : INFO : Timer.attract_carousel_timer : Stopping Timer
2026-03-03 17:42:55,467 : INFO : EventManager : Event: ======'timer_attract_carousel_timer_stopped'====== Args={'ticks': 1, 'ticks_remaining': 1}
2026-03-03 17:42:55,467 : INFO : EventManager : Event: ======'timer_attract_carousel_timer_complete'====== Args={'ticks': 1, 'ticks_remaining': 1}
2026-03-03 17:42:55,467 : INFO : EventManager : Event: ======'carousel_item_highlighted'====== Args={'carousel': 'attract', 'direction': 'forwards', 'item': 'last_scores_1p'}
2026-03-03 17:42:55,468 : INFO : Timer.attract_carousel_timer : Starting Timer.
2026-03-03 17:42:55,468 : INFO : EventManager : Event: ======'timer_attract_carousel_timer_started'====== Args={'ticks': 0, 'ticks_remaining': 1}
2026-03-03 17:42:55,468 : INFO : EventManager : Event: ======'timer_attract_carousel_timer_tick'====== Args={'ticks': 0, 'ticks_remaining': 1}
2026-03-03 17:43:00,469 : INFO : Timer.attract_carousel_timer : Timer Complete
2026-03-03 17:43:00,469 : INFO : Timer.attract_carousel_timer : Stopping Timer
2026-03-03 17:43:00,469 : INFO : EventManager : Event: ======'timer_attract_carousel_timer_stopped'====== Args={'ticks': 1, 'ticks_remaining': 1}
2026-03-03 17:43:00,469 : INFO : EventManager : Event: ======'timer_attract_carousel_timer_complete'====== Args={'ticks': 1, 'ticks_remaining': 1}
2026-03-03 17:43:00,469 : INFO : EventManager : Event: ======'carousel_item_highlighted'====== Args={'carousel': 'attract', 'direction': 'forwards', 'item': 'logo'}
2026-03-03 17:43:00,470 : INFO : Timer.attract_carousel_timer : Starting Timer.
2026-03-03 17:43:00,470 : INFO : EventManager : Event: ======'timer_attract_carousel_timer_started'====== Args={'ticks': 0, 'ticks_remaining': 1}
2026-03-03 17:43:00,470 : INFO : EventManager : Event: ======'timer_attract_carousel_timer_tick'====== Args={'ticks': 0, 'ticks_remaining': 1}
2026-03-03 17:43:05,472 : INFO : Timer.attract_carousel_timer : Timer Complete
2026-03-03 17:43:05,472 : INFO : Timer.attract_carousel_timer : Stopping Timer
2026-03-03 17:43:05,472 : INFO : EventManager : Event: ======'timer_attract_carousel_timer_stopped'====== Args={'ticks': 1, 'ticks_remaining': 1}
2026-03-03 17:43:05,472 : INFO : EventManager : Event: ======'timer_attract_carousel_timer_complete'====== Args={'ticks': 1, 'ticks_remaining': 1}
2026-03-03 17:43:05,472 : INFO : EventManager : Event: ======'carousel_item_highlighted'====== Args={'carousel': 'attract', 'direction': 'forwards', 'item': 'title'}
2026-03-03 17:43:05,473 : INFO : Timer.attract_carousel_timer : Starting Timer.
2026-03-03 17:43:05,473 : INFO : EventManager : Event: ======'timer_attract_carousel_timer_started'====== Args={'ticks': 0, 'ticks_remaining': 1}
2026-03-03 17:43:05,473 : INFO : EventManager : Event: ======'timer_attract_carousel_timer_tick'====== Args={'ticks': 0, 'ticks_remaining': 1}
2026-03-03 17:43:10,475 : INFO : Timer.attract_carousel_timer : Timer Complete
2026-03-03 17:43:10,475 : INFO : Timer.attract_carousel_timer : Stopping Timer
2026-03-03 17:43:10,475 : INFO : EventManager : Event: ======'timer_attract_carousel_timer_stopped'====== Args={'ticks': 1, 'ticks_remaining': 1}
2026-03-03 17:43:10,475 : INFO : EventManager : Event: ======'timer_attract_carousel_timer_complete'====== Args={'ticks': 1, 'ticks_remaining': 1}
2026-03-03 17:43:10,476 : INFO : EventManager : Event: ======'carousel_item_highlighted'====== Args={'carousel': 'attract', 'direction': 'forwards', 'item': 'credits'}
2026-03-03 17:43:10,476 : INFO : Timer.attract_carousel_timer : Starting Timer.
2026-03-03 17:43:10,476 : INFO : EventManager : Event: ======'timer_attract_carousel_timer_started'====== Args={'ticks': 0, 'ticks_remaining': 1}
2026-03-03 17:43:10,476 : INFO : EventManager : Event: ======'timer_attract_carousel_timer_tick'====== Args={'ticks': 0, 'ticks_remaining': 1}
2026-03-03 17:43:15,478 : INFO : Timer.attract_carousel_timer : Timer Complete
2026-03-03 17:43:15,478 : INFO : Timer.attract_carousel_timer : Stopping Timer
2026-03-03 17:43:15,479 : INFO : EventManager : Event: ======'timer_attract_carousel_timer_stopped'====== Args={'ticks': 1, 'ticks_remaining': 1}
2026-03-03 17:43:15,479 : INFO : EventManager : Event: ======'timer_attract_carousel_timer_complete'====== Args={'ticks': 1, 'ticks_remaining': 1}
2026-03-03 17:43:15,479 : INFO : EventManager : Event: ======'carousel_item_highlighted'====== Args={'carousel': 'attract', 'direction': 'forwards', 'item': 'last_scores_1p'}
2026-03-03 17:43:15,480 : INFO : Timer.attract_carousel_timer : Starting Timer.
2026-03-03 17:43:15,480 : INFO : EventManager : Event: ======'timer_attract_carousel_timer_started'====== Args={'ticks': 0, 'ticks_remaining': 1}
2026-03-03 17:43:15,480 : INFO : EventManager : Event: ======'timer_attract_carousel_timer_tick'====== Args={'ticks': 0, 'ticks_remaining': 1}
2026-03-03 17:43:20,480 : INFO : Timer.attract_carousel_timer : Timer Complete
2026-03-03 17:43:20,480 : INFO : Timer.attract_carousel_timer : Stopping Timer
2026-03-03 17:43:20,480 : INFO : EventManager : Event: ======'timer_attract_carousel_timer_stopped'====== Args={'ticks': 1, 'ticks_remaining': 1}
2026-03-03 17:43:20,480 : INFO : EventManager : Event: ======'timer_attract_carousel_timer_complete'====== Args={'ticks': 1, 'ticks_remaining': 1}
2026-03-03 17:43:20,481 : INFO : EventManager : Event: ======'carousel_item_highlighted'====== Args={'carousel': 'attract', 'direction': 'forwards', 'item': 'logo'}
2026-03-03 17:43:20,481 : INFO : Timer.attract_carousel_timer : Starting Timer.
2026-03-03 17:43:20,481 : INFO : EventManager : Event: ======'timer_attract_carousel_timer_started'====== Args={'ticks': 0, 'ticks_remaining': 1}
2026-03-03 17:43:20,481 : INFO : EventManager : Event: ======'timer_attract_carousel_timer_tick'====== Args={'ticks': 0, 'ticks_remaining': 1}
2026-03-03 17:43:25,483 : INFO : Timer.attract_carousel_timer : Timer Complete
2026-03-03 17:43:25,483 : INFO : Timer.attract_carousel_timer : Stopping Timer
2026-03-03 17:43:25,483 : INFO : EventManager : Event: ======'timer_attract_carousel_timer_stopped'====== Args={'ticks': 1, 'ticks_remaining': 1}
2026-03-03 17:43:25,483 : INFO : EventManager : Event: ======'timer_attract_carousel_timer_complete'====== Args={'ticks': 1, 'ticks_remaining': 1}
2026-03-03 17:43:25,484 : INFO : EventManager : Event: ======'carousel_item_highlighted'====== Args={'carousel': 'attract', 'direction': 'forwards', 'item': 'title'}
2026-03-03 17:43:25,484 : INFO : Timer.attract_carousel_timer : Starting Timer.
2026-03-03 17:43:25,484 : INFO : EventManager : Event: ======'timer_attract_carousel_timer_started'====== Args={'ticks': 0, 'ticks_remaining': 1}
2026-03-03 17:43:25,484 : INFO : EventManager : Event: ======'timer_attract_carousel_timer_tick'====== Args={'ticks': 0, 'ticks_remaining': 1}
2026-03-03 17:43:30,485 : INFO : Timer.attract_carousel_timer : Timer Complete
2026-03-03 17:43:30,485 : INFO : Timer.attract_carousel_timer : Stopping Timer
2026-03-03 17:43:30,485 : INFO : EventManager : Event: ======'timer_attract_carousel_timer_stopped'====== Args={'ticks': 1, 'ticks_remaining': 1}
2026-03-03 17:43:30,485 : INFO : EventManager : Event: ======'timer_attract_carousel_timer_complete'====== Args={'ticks': 1, 'ticks_remaining': 1}
2026-03-03 17:43:30,486 : INFO : EventManager : Event: ======'carousel_item_highlighted'====== Args={'carousel': 'attract', 'direction': 'forwards', 'item': 'credits'}
2026-03-03 17:43:30,486 : INFO : Timer.attract_carousel_timer : Starting Timer.
2026-03-03 17:43:30,486 : INFO : EventManager : Event: ======'timer_attract_carousel_timer_started'====== Args={'ticks': 0, 'ticks_remaining': 1}
2026-03-03 17:43:30,486 : INFO : EventManager : Event: ======'timer_attract_carousel_timer_tick'====== Args={'ticks': 0, 'ticks_remaining': 1}
2026-03-03 17:43:35,487 : INFO : Timer.attract_carousel_timer : Timer Complete
2026-03-03 17:43:35,487 : INFO : Timer.attract_carousel_timer : Stopping Timer
2026-03-03 17:43:35,488 : INFO : EventManager : Event: ======'timer_attract_carousel_timer_stopped'====== Args={'ticks': 1, 'ticks_remaining': 1}
2026-03-03 17:43:35,488 : INFO : EventManager : Event: ======'timer_attract_carousel_timer_complete'====== Args={'ticks': 1, 'ticks_remaining': 1}
2026-03-03 17:43:35,488 : INFO : EventManager : Event: ======'carousel_item_highlighted'====== Args={'carousel': 'attract', 'direction': 'forwards', 'item': 'last_scores_1p'}
2026-03-03 17:43:35,489 : INFO : Timer.attract_carousel_timer : Starting Timer.
2026-03-03 17:43:35,489 : INFO : EventManager : Event: ======'timer_attract_carousel_timer_started'====== Args={'ticks': 0, 'ticks_remaining': 1}
2026-03-03 17:43:35,489 : INFO : EventManager : Event: ======'timer_attract_carousel_timer_tick'====== Args={'ticks': 0, 'ticks_remaining': 1}
2026-03-03 17:43:40,490 : INFO : Timer.attract_carousel_timer : Timer Complete
2026-03-03 17:43:40,490 : INFO : Timer.attract_carousel_timer : Stopping Timer
2026-03-03 17:43:40,490 : INFO : EventManager : Event: ======'timer_attract_carousel_timer_stopped'====== Args={'ticks': 1, 'ticks_remaining': 1}
2026-03-03 17:43:40,490 : INFO : EventManager : Event: ======'timer_attract_carousel_timer_complete'====== Args={'ticks': 1, 'ticks_remaining': 1}
2026-03-03 17:43:40,490 : INFO : EventManager : Event: ======'carousel_item_highlighted'====== Args={'carousel': 'attract', 'direction': 'forwards', 'item': 'logo'}
2026-03-03 17:43:40,491 : INFO : Timer.attract_carousel_timer : Starting Timer.
2026-03-03 17:43:40,491 : INFO : EventManager : Event: ======'timer_attract_carousel_timer_started'====== Args={'ticks': 0, 'ticks_remaining': 1}
2026-03-03 17:43:40,491 : INFO : EventManager : Event: ======'timer_attract_carousel_timer_tick'====== Args={'ticks': 0, 'ticks_remaining': 1}
2026-03-03 17:43:45,492 : INFO : Timer.attract_carousel_timer : Timer Complete
2026-03-03 17:43:45,492 : INFO : Timer.attract_carousel_timer : Stopping Timer
2026-03-03 17:43:45,492 : INFO : EventManager : Event: ======'timer_attract_carousel_timer_stopped'====== Args={'ticks': 1, 'ticks_remaining': 1}
2026-03-03 17:43:45,492 : INFO : EventManager : Event: ======'timer_attract_carousel_timer_complete'====== Args={'ticks': 1, 'ticks_remaining': 1}
2026-03-03 17:43:45,492 : INFO : EventManager : Event: ======'carousel_item_highlighted'====== Args={'carousel': 'attract', 'direction': 'forwards', 'item': 'title'}
2026-03-03 17:43:45,493 : INFO : Timer.attract_carousel_timer : Starting Timer.
2026-03-03 17:43:45,493 : INFO : EventManager : Event: ======'timer_attract_carousel_timer_started'====== Args={'ticks': 0, 'ticks_remaining': 1}
2026-03-03 17:43:45,493 : INFO : EventManager : Event: ======'timer_attract_carousel_timer_tick'====== Args={'ticks': 0, 'ticks_remaining': 1}
2026-03-03 17:43:50,494 : INFO : Timer.attract_carousel_timer : Timer Complete
2026-03-03 17:43:50,494 : INFO : Timer.attract_carousel_timer : Stopping Timer
2026-03-03 17:43:50,494 : INFO : EventManager : Event: ======'timer_attract_carousel_timer_stopped'====== Args={'ticks': 1, 'ticks_remaining': 1}
2026-03-03 17:43:50,494 : INFO : EventManager : Event: ======'timer_attract_carousel_timer_complete'====== Args={'ticks': 1, 'ticks_remaining': 1}
2026-03-03 17:43:50,494 : INFO : EventManager : Event: ======'carousel_item_highlighted'====== Args={'carousel': 'attract', 'direction': 'forwards', 'item': 'credits'}
2026-03-03 17:43:50,495 : INFO : Timer.attract_carousel_timer : Starting Timer.
2026-03-03 17:43:50,495 : INFO : EventManager : Event: ======'timer_attract_carousel_timer_started'====== Args={'ticks': 0, 'ticks_remaining': 1}
2026-03-03 17:43:50,495 : INFO : EventManager : Event: ======'timer_attract_carousel_timer_tick'====== Args={'ticks': 0, 'ticks_remaining': 1}
2026-03-03 17:43:55,495 : INFO : Timer.attract_carousel_timer : Timer Complete
2026-03-03 17:43:55,495 : INFO : Timer.attract_carousel_timer : Stopping Timer
2026-03-03 17:43:55,496 : INFO : EventManager : Event: ======'timer_attract_carousel_timer_stopped'====== Args={'ticks': 1, 'ticks_remaining': 1}
2026-03-03 17:43:55,496 : INFO : EventManager : Event: ======'timer_attract_carousel_timer_complete'====== Args={'ticks': 1, 'ticks_remaining': 1}
2026-03-03 17:43:55,496 : INFO : EventManager : Event: ======'carousel_item_highlighted'====== Args={'carousel': 'attract', 'direction': 'forwards', 'item': 'last_scores_1p'}
2026-03-03 17:43:55,496 : INFO : Timer.attract_carousel_timer : Starting Timer.
2026-03-03 17:43:55,496 : INFO : EventManager : Event: ======'timer_attract_carousel_timer_started'====== Args={'ticks': 0, 'ticks_remaining': 1}
2026-03-03 17:43:55,496 : INFO : EventManager : Event: ======'timer_attract_carousel_timer_tick'====== Args={'ticks': 0, 'ticks_remaining': 1}
2026-03-03 17:44:00,497 : INFO : Timer.attract_carousel_timer : Timer Complete
2026-03-03 17:44:00,497 : INFO : Timer.attract_carousel_timer : Stopping Timer
2026-03-03 17:44:00,498 : INFO : EventManager : Event: ======'timer_attract_carousel_timer_stopped'====== Args={'ticks': 1, 'ticks_remaining': 1}
2026-03-03 17:44:00,498 : INFO : EventManager : Event: ======'timer_attract_carousel_timer_complete'====== Args={'ticks': 1, 'ticks_remaining': 1}
2026-03-03 17:44:00,498 : INFO : EventManager : Event: ======'carousel_item_highlighted'====== Args={'carousel': 'attract', 'direction': 'forwards', 'item': 'logo'}
2026-03-03 17:44:00,498 : INFO : Timer.attract_carousel_timer : Starting Timer.
2026-03-03 17:44:00,498 : INFO : EventManager : Event: ======'timer_attract_carousel_timer_started'====== Args={'ticks': 0, 'ticks_remaining': 1}
2026-03-03 17:44:00,498 : INFO : EventManager : Event: ======'timer_attract_carousel_timer_tick'====== Args={'ticks': 0, 'ticks_remaining': 1}
2026-03-03 17:44:05,499 : INFO : Timer.attract_carousel_timer : Timer Complete
2026-03-03 17:44:05,500 : INFO : Timer.attract_carousel_timer : Stopping Timer
2026-03-03 17:44:05,500 : INFO : EventManager : Event: ======'timer_attract_carousel_timer_stopped'====== Args={'ticks': 1, 'ticks_remaining': 1}
2026-03-03 17:44:05,500 : INFO : EventManager : Event: ======'timer_attract_carousel_timer_complete'====== Args={'ticks': 1, 'ticks_remaining': 1}
2026-03-03 17:44:05,500 : INFO : EventManager : Event: ======'carousel_item_highlighted'====== Args={'carousel': 'attract', 'direction': 'forwards', 'item': 'title'}
2026-03-03 17:44:05,500 : INFO : Timer.attract_carousel_timer : Starting Timer.
2026-03-03 17:44:05,501 : INFO : EventManager : Event: ======'timer_attract_carousel_timer_started'====== Args={'ticks': 0, 'ticks_remaining': 1}
2026-03-03 17:44:05,501 : INFO : EventManager : Event: ======'timer_attract_carousel_timer_tick'====== Args={'ticks': 0, 'ticks_remaining': 1}
2026-03-03 17:44:10,502 : INFO : Timer.attract_carousel_timer : Timer Complete
2026-03-03 17:44:10,502 : INFO : Timer.attract_carousel_timer : Stopping Timer
2026-03-03 17:44:10,502 : INFO : EventManager : Event: ======'timer_attract_carousel_timer_stopped'====== Args={'ticks': 1, 'ticks_remaining': 1}
2026-03-03 17:44:10,502 : INFO : EventManager : Event: ======'timer_attract_carousel_timer_complete'====== Args={'ticks': 1, 'ticks_remaining': 1}
2026-03-03 17:44:10,502 : INFO : EventManager : Event: ======'carousel_item_highlighted'====== Args={'carousel': 'attract', 'direction': 'forwards', 'item': 'credits'}
2026-03-03 17:44:10,503 : INFO : Timer.attract_carousel_timer : Starting Timer.
2026-03-03 17:44:10,503 : INFO : EventManager : Event: ======'timer_attract_carousel_timer_started'====== Args={'ticks': 0, 'ticks_remaining': 1}
2026-03-03 17:44:10,503 : INFO : EventManager : Event: ======'timer_attract_carousel_timer_tick'====== Args={'ticks': 0, 'ticks_remaining': 1}
2026-03-03 17:44:15,503 : INFO : Timer.attract_carousel_timer : Timer Complete
2026-03-03 17:44:15,503 : INFO : Timer.attract_carousel_timer : Stopping Timer
2026-03-03 17:44:15,504 : INFO : EventManager : Event: ======'timer_attract_carousel_timer_stopped'====== Args={'ticks': 1, 'ticks_remaining': 1}
2026-03-03 17:44:15,504 : INFO : EventManager : Event: ======'timer_attract_carousel_timer_complete'====== Args={'ticks': 1, 'ticks_remaining': 1}
2026-03-03 17:44:15,504 : INFO : EventManager : Event: ======'carousel_item_highlighted'====== Args={'carousel': 'attract', 'direction': 'forwards', 'item': 'last_scores_1p'}
2026-03-03 17:44:15,505 : INFO : Timer.attract_carousel_timer : Starting Timer.
2026-03-03 17:44:15,505 : INFO : EventManager : Event: ======'timer_attract_carousel_timer_started'====== Args={'ticks': 0, 'ticks_remaining': 1}
2026-03-03 17:44:15,505 : INFO : EventManager : Event: ======'timer_attract_carousel_timer_tick'====== Args={'ticks': 0, 'ticks_remaining': 1}
2026-03-03 17:44:20,505 : INFO : Timer.attract_carousel_timer : Timer Complete
2026-03-03 17:44:20,505 : INFO : Timer.attract_carousel_timer : Stopping Timer
2026-03-03 17:44:20,505 : INFO : EventManager : Event: ======'timer_attract_carousel_timer_stopped'====== Args={'ticks': 1, 'ticks_remaining': 1}
2026-03-03 17:44:20,506 : INFO : EventManager : Event: ======'timer_attract_carousel_timer_complete'====== Args={'ticks': 1, 'ticks_remaining': 1}
2026-03-03 17:44:20,506 : INFO : EventManager : Event: ======'carousel_item_highlighted'====== Args={'carousel': 'attract', 'direction': 'forwards', 'item': 'logo'}
2026-03-03 17:44:20,506 : INFO : Timer.attract_carousel_timer : Starting Timer.
2026-03-03 17:44:20,506 : INFO : EventManager : Event: ======'timer_attract_carousel_timer_started'====== Args={'ticks': 0, 'ticks_remaining': 1}
2026-03-03 17:44:20,506 : INFO : EventManager : Event: ======'timer_attract_carousel_timer_tick'====== Args={'ticks': 0, 'ticks_remaining': 1}
2026-03-03 17:44:25,508 : INFO : Timer.attract_carousel_timer : Timer Complete
2026-03-03 17:44:25,508 : INFO : Timer.attract_carousel_timer : Stopping Timer
2026-03-03 17:44:25,509 : INFO : EventManager : Event: ======'timer_attract_carousel_timer_stopped'====== Args={'ticks': 1, 'ticks_remaining': 1}
2026-03-03 17:44:25,509 : INFO : EventManager : Event: ======'timer_attract_carousel_timer_complete'====== Args={'ticks': 1, 'ticks_remaining': 1}
2026-03-03 17:44:25,509 : INFO : EventManager : Event: ======'carousel_item_highlighted'====== Args={'carousel': 'attract', 'direction': 'forwards', 'item': 'title'}
2026-03-03 17:44:25,509 : INFO : Timer.attract_carousel_timer : Starting Timer.
2026-03-03 17:44:25,510 : INFO : EventManager : Event: ======'timer_attract_carousel_timer_started'====== Args={'ticks': 0, 'ticks_remaining': 1}
2026-03-03 17:44:25,510 : INFO : EventManager : Event: ======'timer_attract_carousel_timer_tick'====== Args={'ticks': 0, 'ticks_remaining': 1}
2026-03-03 17:44:30,510 : INFO : Timer.attract_carousel_timer : Timer Complete
2026-03-03 17:44:30,510 : INFO : Timer.attract_carousel_timer : Stopping Timer
2026-03-03 17:44:30,510 : INFO : EventManager : Event: ======'timer_attract_carousel_timer_stopped'====== Args={'ticks': 1, 'ticks_remaining': 1}
2026-03-03 17:44:30,510 : INFO : EventManager : Event: ======'timer_attract_carousel_timer_complete'====== Args={'ticks': 1, 'ticks_remaining': 1}
2026-03-03 17:44:30,510 : INFO : EventManager : Event: ======'carousel_item_highlighted'====== Args={'carousel': 'attract', 'direction': 'forwards', 'item': 'credits'}
2026-03-03 17:44:30,511 : INFO : Timer.attract_carousel_timer : Starting Timer.
2026-03-03 17:44:30,511 : INFO : EventManager : Event: ======'timer_attract_carousel_timer_started'====== Args={'ticks': 0, 'ticks_remaining': 1}
2026-03-03 17:44:30,511 : INFO : EventManager : Event: ======'timer_attract_carousel_timer_tick'====== Args={'ticks': 0, 'ticks_remaining': 1}
2026-03-03 17:44:35,512 : INFO : Timer.attract_carousel_timer : Timer Complete
2026-03-03 17:44:35,512 : INFO : Timer.attract_carousel_timer : Stopping Timer
2026-03-03 17:44:35,512 : INFO : EventManager : Event: ======'timer_attract_carousel_timer_stopped'====== Args={'ticks': 1, 'ticks_remaining': 1}
2026-03-03 17:44:35,512 : INFO : EventManager : Event: ======'timer_attract_carousel_timer_complete'====== Args={'ticks': 1, 'ticks_remaining': 1}
2026-03-03 17:44:35,512 : INFO : EventManager : Event: ======'carousel_item_highlighted'====== Args={'carousel': 'attract', 'direction': 'forwards', 'item': 'last_scores_1p'}
2026-03-03 17:44:35,513 : INFO : Timer.attract_carousel_timer : Starting Timer.
2026-03-03 17:44:35,513 : INFO : EventManager : Event: ======'timer_attract_carousel_timer_started'====== Args={'ticks': 0, 'ticks_remaining': 1}
2026-03-03 17:44:35,513 : INFO : EventManager : Event: ======'timer_attract_carousel_timer_tick'====== Args={'ticks': 0, 'ticks_remaining': 1}
2026-03-03 17:44:40,515 : INFO : Timer.attract_carousel_timer : Timer Complete
2026-03-03 17:44:40,515 : INFO : Timer.attract_carousel_timer : Stopping Timer
2026-03-03 17:44:40,515 : INFO : EventManager : Event: ======'timer_attract_carousel_timer_stopped'====== Args={'ticks': 1, 'ticks_remaining': 1}
2026-03-03 17:44:40,515 : INFO : EventManager : Event: ======'timer_attract_carousel_timer_complete'====== Args={'ticks': 1, 'ticks_remaining': 1}
2026-03-03 17:44:40,516 : INFO : EventManager : Event: ======'carousel_item_highlighted'====== Args={'carousel': 'attract', 'direction': 'forwards', 'item': 'logo'}
2026-03-03 17:44:40,517 : INFO : Timer.attract_carousel_timer : Starting Timer.
2026-03-03 17:44:40,517 : INFO : EventManager : Event: ======'timer_attract_carousel_timer_started'====== Args={'ticks': 0, 'ticks_remaining': 1}
2026-03-03 17:44:40,517 : INFO : EventManager : Event: ======'timer_attract_carousel_timer_tick'====== Args={'ticks': 0, 'ticks_remaining': 1}
2026-03-03 17:44:45,518 : INFO : Timer.attract_carousel_timer : Timer Complete
2026-03-03 17:44:45,518 : INFO : Timer.attract_carousel_timer : Stopping Timer
2026-03-03 17:44:45,518 : INFO : EventManager : Event: ======'timer_attract_carousel_timer_stopped'====== Args={'ticks': 1, 'ticks_remaining': 1}
2026-03-03 17:44:45,518 : INFO : EventManager : Event: ======'timer_attract_carousel_timer_complete'====== Args={'ticks': 1, 'ticks_remaining': 1}
2026-03-03 17:44:45,518 : INFO : EventManager : Event: ======'carousel_item_highlighted'====== Args={'carousel': 'attract', 'direction': 'forwards', 'item': 'title'}
2026-03-03 17:44:45,519 : INFO : Timer.attract_carousel_timer : Starting Timer.
2026-03-03 17:44:45,519 : INFO : EventManager : Event: ======'timer_attract_carousel_timer_started'====== Args={'ticks': 0, 'ticks_remaining': 1}
2026-03-03 17:44:45,519 : INFO : EventManager : Event: ======'timer_attract_carousel_timer_tick'====== Args={'ticks': 0, 'ticks_remaining': 1}
2026-03-03 17:44:50,519 : INFO : Timer.attract_carousel_timer : Timer Complete
2026-03-03 17:44:50,519 : INFO : Timer.attract_carousel_timer : Stopping Timer
2026-03-03 17:44:50,520 : INFO : EventManager : Event: ======'timer_attract_carousel_timer_stopped'====== Args={'ticks': 1, 'ticks_remaining': 1}
2026-03-03 17:44:50,520 : INFO : EventManager : Event: ======'timer_attract_carousel_timer_complete'====== Args={'ticks': 1, 'ticks_remaining': 1}
2026-03-03 17:44:50,520 : INFO : EventManager : Event: ======'carousel_item_highlighted'====== Args={'carousel': 'attract', 'direction': 'forwards', 'item': 'credits'}
2026-03-03 17:44:50,520 : INFO : Timer.attract_carousel_timer : Starting Timer.
2026-03-03 17:44:50,520 : INFO : EventManager : Event: ======'timer_attract_carousel_timer_started'====== Args={'ticks': 0, 'ticks_remaining': 1}
2026-03-03 17:44:50,521 : INFO : EventManager : Event: ======'timer_attract_carousel_timer_tick'====== Args={'ticks': 0, 'ticks_remaining': 1}
2026-03-03 17:44:55,521 : INFO : Timer.attract_carousel_timer : Timer Complete
2026-03-03 17:44:55,521 : INFO : Timer.attract_carousel_timer : Stopping Timer
2026-03-03 17:44:55,521 : INFO : EventManager : Event: ======'timer_attract_carousel_timer_stopped'====== Args={'ticks': 1, 'ticks_remaining': 1}
2026-03-03 17:44:55,522 : INFO : EventManager : Event: ======'timer_attract_carousel_timer_complete'====== Args={'ticks': 1, 'ticks_remaining': 1}
2026-03-03 17:44:55,522 : INFO : EventManager : Event: ======'carousel_item_highlighted'====== Args={'carousel': 'attract', 'direction': 'forwards', 'item': 'last_scores_1p'}
2026-03-03 17:44:55,522 : INFO : Timer.attract_carousel_timer : Starting Timer.
2026-03-03 17:44:55,522 : INFO : EventManager : Event: ======'timer_attract_carousel_timer_started'====== Args={'ticks': 0, 'ticks_remaining': 1}
2026-03-03 17:44:55,522 : INFO : EventManager : Event: ======'timer_attract_carousel_timer_tick'====== Args={'ticks': 0, 'ticks_remaining': 1}
2026-03-03 17:45:00,523 : INFO : Timer.attract_carousel_timer : Timer Complete
2026-03-03 17:45:00,524 : INFO : Timer.attract_carousel_timer : Stopping Timer
2026-03-03 17:45:00,524 : INFO : EventManager : Event: ======'timer_attract_carousel_timer_stopped'====== Args={'ticks': 1, 'ticks_remaining': 1}
2026-03-03 17:45:00,524 : INFO : EventManager : Event: ======'timer_attract_carousel_timer_complete'====== Args={'ticks': 1, 'ticks_remaining': 1}
2026-03-03 17:45:00,524 : INFO : EventManager : Event: ======'carousel_item_highlighted'====== Args={'carousel': 'attract', 'direction': 'forwards', 'item': 'logo'}
2026-03-03 17:45:00,525 : INFO : Timer.attract_carousel_timer : Starting Timer.
2026-03-03 17:45:00,525 : INFO : EventManager : Event: ======'timer_attract_carousel_timer_started'====== Args={'ticks': 0, 'ticks_remaining': 1}
2026-03-03 17:45:00,525 : INFO : EventManager : Event: ======'timer_attract_carousel_timer_tick'====== Args={'ticks': 0, 'ticks_remaining': 1}
2026-03-03 17:45:05,525 : INFO : Timer.attract_carousel_timer : Timer Complete
2026-03-03 17:45:05,526 : INFO : Timer.attract_carousel_timer : Stopping Timer
2026-03-03 17:45:05,526 : INFO : EventManager : Event: ======'timer_attract_carousel_timer_stopped'====== Args={'ticks': 1, 'ticks_remaining': 1}
2026-03-03 17:45:05,526 : INFO : EventManager : Event: ======'timer_attract_carousel_timer_complete'====== Args={'ticks': 1, 'ticks_remaining': 1}
2026-03-03 17:45:05,526 : INFO : EventManager : Event: ======'carousel_item_highlighted'====== Args={'carousel': 'attract', 'direction': 'forwards', 'item': 'title'}
2026-03-03 17:45:05,527 : INFO : Timer.attract_carousel_timer : Starting Timer.
2026-03-03 17:45:05,527 : INFO : EventManager : Event: ======'timer_attract_carousel_timer_started'====== Args={'ticks': 0, 'ticks_remaining': 1}
2026-03-03 17:45:05,527 : INFO : EventManager : Event: ======'timer_attract_carousel_timer_tick'====== Args={'ticks': 0, 'ticks_remaining': 1}
2026-03-03 17:45:10,529 : INFO : Timer.attract_carousel_timer : Timer Complete
2026-03-03 17:45:10,529 : INFO : Timer.attract_carousel_timer : Stopping Timer
2026-03-03 17:45:10,529 : INFO : EventManager : Event: ======'timer_attract_carousel_timer_stopped'====== Args={'ticks': 1, 'ticks_remaining': 1}
2026-03-03 17:45:10,529 : INFO : EventManager : Event: ======'timer_attract_carousel_timer_complete'====== Args={'ticks': 1, 'ticks_remaining': 1}
2026-03-03 17:45:10,529 : INFO : EventManager : Event: ======'carousel_item_highlighted'====== Args={'carousel': 'attract', 'direction': 'forwards', 'item': 'credits'}
2026-03-03 17:45:10,530 : INFO : Timer.attract_carousel_timer : Starting Timer.
2026-03-03 17:45:10,530 : INFO : EventManager : Event: ======'timer_attract_carousel_timer_started'====== Args={'ticks': 0, 'ticks_remaining': 1}
2026-03-03 17:45:10,530 : INFO : EventManager : Event: ======'timer_attract_carousel_timer_tick'====== Args={'ticks': 0, 'ticks_remaining': 1}
2026-03-03 17:45:15,530 : INFO : Timer.attract_carousel_timer : Timer Complete
2026-03-03 17:45:15,530 : INFO : Timer.attract_carousel_timer : Stopping Timer
2026-03-03 17:45:15,530 : INFO : EventManager : Event: ======'timer_attract_carousel_timer_stopped'====== Args={'ticks': 1, 'ticks_remaining': 1}
2026-03-03 17:45:15,531 : INFO : EventManager : Event: ======'timer_attract_carousel_timer_complete'====== Args={'ticks': 1, 'ticks_remaining': 1}
2026-03-03 17:45:15,531 : INFO : EventManager : Event: ======'carousel_item_highlighted'====== Args={'carousel': 'attract', 'direction': 'forwards', 'item': 'last_scores_1p'}
2026-03-03 17:45:15,532 : INFO : Timer.attract_carousel_timer : Starting Timer.
2026-03-03 17:45:15,532 : INFO : EventManager : Event: ======'timer_attract_carousel_timer_started'====== Args={'ticks': 0, 'ticks_remaining': 1}
2026-03-03 17:45:15,532 : INFO : EventManager : Event: ======'timer_attract_carousel_timer_tick'====== Args={'ticks': 0, 'ticks_remaining': 1}
2026-03-03 17:45:20,534 : INFO : Timer.attract_carousel_timer : Timer Complete
2026-03-03 17:45:20,534 : INFO : Timer.attract_carousel_timer : Stopping Timer
2026-03-03 17:45:20,534 : INFO : EventManager : Event: ======'timer_attract_carousel_timer_stopped'====== Args={'ticks': 1, 'ticks_remaining': 1}
2026-03-03 17:45:20,534 : INFO : EventManager : Event: ======'timer_attract_carousel_timer_complete'====== Args={'ticks': 1, 'ticks_remaining': 1}
2026-03-03 17:45:20,534 : INFO : EventManager : Event: ======'carousel_item_highlighted'====== Args={'carousel': 'attract', 'direction': 'forwards', 'item': 'logo'}
2026-03-03 17:45:20,535 : INFO : Timer.attract_carousel_timer : Starting Timer.
2026-03-03 17:45:20,535 : INFO : EventManager : Event: ======'timer_attract_carousel_timer_started'====== Args={'ticks': 0, 'ticks_remaining': 1}
2026-03-03 17:45:20,535 : INFO : EventManager : Event: ======'timer_attract_carousel_timer_tick'====== Args={'ticks': 0, 'ticks_remaining': 1}
2026-03-03 17:45:25,536 : INFO : Timer.attract_carousel_timer : Timer Complete
2026-03-03 17:45:25,536 : INFO : Timer.attract_carousel_timer : Stopping Timer
2026-03-03 17:45:25,536 : INFO : EventManager : Event: ======'timer_attract_carousel_timer_stopped'====== Args={'ticks': 1, 'ticks_remaining': 1}
2026-03-03 17:45:25,536 : INFO : EventManager : Event: ======'timer_attract_carousel_timer_complete'====== Args={'ticks': 1, 'ticks_remaining': 1}
2026-03-03 17:45:25,536 : INFO : EventManager : Event: ======'carousel_item_highlighted'====== Args={'carousel': 'attract', 'direction': 'forwards', 'item': 'title'}
2026-03-03 17:45:25,537 : INFO : Timer.attract_carousel_timer : Starting Timer.
2026-03-03 17:45:25,537 : INFO : EventManager : Event: ======'timer_attract_carousel_timer_started'====== Args={'ticks': 0, 'ticks_remaining': 1}
2026-03-03 17:45:25,537 : INFO : EventManager : Event: ======'timer_attract_carousel_timer_tick'====== Args={'ticks': 0, 'ticks_remaining': 1}
2026-03-03 17:45:30,538 : INFO : Timer.attract_carousel_timer : Timer Complete
2026-03-03 17:45:30,538 : INFO : Timer.attract_carousel_timer : Stopping Timer
2026-03-03 17:45:30,538 : INFO : EventManager : Event: ======'timer_attract_carousel_timer_stopped'====== Args={'ticks': 1, 'ticks_remaining': 1}
2026-03-03 17:45:30,538 : INFO : EventManager : Event: ======'timer_attract_carousel_timer_complete'====== Args={'ticks': 1, 'ticks_remaining': 1}
2026-03-03 17:45:30,539 : INFO : EventManager : Event: ======'carousel_item_highlighted'====== Args={'carousel': 'attract', 'direction': 'forwards', 'item': 'credits'}
2026-03-03 17:45:30,539 : INFO : Timer.attract_carousel_timer : Starting Timer.
2026-03-03 17:45:30,539 : INFO : EventManager : Event: ======'timer_attract_carousel_timer_started'====== Args={'ticks': 0, 'ticks_remaining': 1}
2026-03-03 17:45:30,539 : INFO : EventManager : Event: ======'timer_attract_carousel_timer_tick'====== Args={'ticks': 0, 'ticks_remaining': 1}
2026-03-03 17:45:35,539 : INFO : Timer.attract_carousel_timer : Timer Complete
2026-03-03 17:45:35,539 : INFO : Timer.attract_carousel_timer : Stopping Timer
2026-03-03 17:45:35,540 : INFO : EventManager : Event: ======'timer_attract_carousel_timer_stopped'====== Args={'ticks': 1, 'ticks_remaining': 1}
2026-03-03 17:45:35,540 : INFO : EventManager : Event: ======'timer_attract_carousel_timer_complete'====== Args={'ticks': 1, 'ticks_remaining': 1}
2026-03-03 17:45:35,540 : INFO : EventManager : Event: ======'carousel_item_highlighted'====== Args={'carousel': 'attract', 'direction': 'forwards', 'item': 'last_scores_1p'}
2026-03-03 17:45:35,540 : INFO : Timer.attract_carousel_timer : Starting Timer.
2026-03-03 17:45:35,540 : INFO : EventManager : Event: ======'timer_attract_carousel_timer_started'====== Args={'ticks': 0, 'ticks_remaining': 1}
2026-03-03 17:45:35,540 : INFO : EventManager : Event: ======'timer_attract_carousel_timer_tick'====== Args={'ticks': 0, 'ticks_remaining': 1}
2026-03-03 17:45:40,541 : INFO : Timer.attract_carousel_timer : Timer Complete
2026-03-03 17:45:40,542 : INFO : Timer.attract_carousel_timer : Stopping Timer
2026-03-03 17:45:40,542 : INFO : EventManager : Event: ======'timer_attract_carousel_timer_stopped'====== Args={'ticks': 1, 'ticks_remaining': 1}
2026-03-03 17:45:40,542 : INFO : EventManager : Event: ======'timer_attract_carousel_timer_complete'====== Args={'ticks': 1, 'ticks_remaining': 1}
2026-03-03 17:45:40,542 : INFO : EventManager : Event: ======'carousel_item_highlighted'====== Args={'carousel': 'attract', 'direction': 'forwards', 'item': 'logo'}
2026-03-03 17:45:40,542 : INFO : Timer.attract_carousel_timer : Starting Timer.
2026-03-03 17:45:40,543 : INFO : EventManager : Event: ======'timer_attract_carousel_timer_started'====== Args={'ticks': 0, 'ticks_remaining': 1}
2026-03-03 17:45:40,543 : INFO : EventManager : Event: ======'timer_attract_carousel_timer_tick'====== Args={'ticks': 0, 'ticks_remaining': 1}
2026-03-03 17:45:45,543 : INFO : Timer.attract_carousel_timer : Timer Complete
2026-03-03 17:45:45,543 : INFO : Timer.attract_carousel_timer : Stopping Timer
2026-03-03 17:45:45,543 : INFO : EventManager : Event: ======'timer_attract_carousel_timer_stopped'====== Args={'ticks': 1, 'ticks_remaining': 1}
2026-03-03 17:45:45,543 : INFO : EventManager : Event: ======'timer_attract_carousel_timer_complete'====== Args={'ticks': 1, 'ticks_remaining': 1}
2026-03-03 17:45:45,543 : INFO : EventManager : Event: ======'carousel_item_highlighted'====== Args={'carousel': 'attract', 'direction': 'forwards', 'item': 'title'}
2026-03-03 17:45:45,544 : INFO : Timer.attract_carousel_timer : Starting Timer.
2026-03-03 17:45:45,544 : INFO : EventManager : Event: ======'timer_attract_carousel_timer_started'====== Args={'ticks': 0, 'ticks_remaining': 1}
2026-03-03 17:45:45,544 : INFO : EventManager : Event: ======'timer_attract_carousel_timer_tick'====== Args={'ticks': 0, 'ticks_remaining': 1}
2026-03-03 17:45:50,544 : INFO : Timer.attract_carousel_timer : Timer Complete
2026-03-03 17:45:50,544 : INFO : Timer.attract_carousel_timer : Stopping Timer
2026-03-03 17:45:50,545 : INFO : EventManager : Event: ======'timer_attract_carousel_timer_stopped'====== Args={'ticks': 1, 'ticks_remaining': 1}
2026-03-03 17:45:50,545 : INFO : EventManager : Event: ======'timer_attract_carousel_timer_complete'====== Args={'ticks': 1, 'ticks_remaining': 1}
2026-03-03 17:45:50,545 : INFO : EventManager : Event: ======'carousel_item_highlighted'====== Args={'carousel': 'attract', 'direction': 'forwards', 'item': 'credits'}
2026-03-03 17:45:50,545 : INFO : Timer.attract_carousel_timer : Starting Timer.
2026-03-03 17:45:50,546 : INFO : EventManager : Event: ======'timer_attract_carousel_timer_started'====== Args={'ticks': 0, 'ticks_remaining': 1}
2026-03-03 17:45:50,546 : INFO : EventManager : Event: ======'timer_attract_carousel_timer_tick'====== Args={'ticks': 0, 'ticks_remaining': 1}
2026-03-03 17:45:55,547 : INFO : Timer.attract_carousel_timer : Timer Complete
2026-03-03 17:45:55,547 : INFO : Timer.attract_carousel_timer : Stopping Timer
2026-03-03 17:45:55,548 : INFO : EventManager : Event: ======'timer_attract_carousel_timer_stopped'====== Args={'ticks': 1, 'ticks_remaining': 1}
2026-03-03 17:45:55,548 : INFO : EventManager : Event: ======'timer_attract_carousel_timer_complete'====== Args={'ticks': 1, 'ticks_remaining': 1}
2026-03-03 17:45:55,549 : INFO : EventManager : Event: ======'carousel_item_highlighted'====== Args={'carousel': 'attract', 'direction': 'forwards', 'item': 'last_scores_1p'}
2026-03-03 17:45:55,550 : INFO : Timer.attract_carousel_timer : Starting Timer.
2026-03-03 17:45:55,550 : INFO : EventManager : Event: ======'timer_attract_carousel_timer_started'====== Args={'ticks': 0, 'ticks_remaining': 1}
2026-03-03 17:45:55,550 : INFO : EventManager : Event: ======'timer_attract_carousel_timer_tick'====== Args={'ticks': 0, 'ticks_remaining': 1}
2026-03-03 17:46:00,550 : INFO : Timer.attract_carousel_timer : Timer Complete
2026-03-03 17:46:00,550 : INFO : Timer.attract_carousel_timer : Stopping Timer
2026-03-03 17:46:00,550 : INFO : EventManager : Event: ======'timer_attract_carousel_timer_stopped'====== Args={'ticks': 1, 'ticks_remaining': 1}
2026-03-03 17:46:00,550 : INFO : EventManager : Event: ======'timer_attract_carousel_timer_complete'====== Args={'ticks': 1, 'ticks_remaining': 1}
2026-03-03 17:46:00,551 : INFO : EventManager : Event: ======'carousel_item_highlighted'====== Args={'carousel': 'attract', 'direction': 'forwards', 'item': 'logo'}
2026-03-03 17:46:00,551 : INFO : Timer.attract_carousel_timer : Starting Timer.
2026-03-03 17:46:00,551 : INFO : EventManager : Event: ======'timer_attract_carousel_timer_started'====== Args={'ticks': 0, 'ticks_remaining': 1}
2026-03-03 17:46:00,551 : INFO : EventManager : Event: ======'timer_attract_carousel_timer_tick'====== Args={'ticks': 0, 'ticks_remaining': 1}
2026-03-03 17:46:05,552 : INFO : Timer.attract_carousel_timer : Timer Complete
2026-03-03 17:46:05,552 : INFO : Timer.attract_carousel_timer : Stopping Timer
2026-03-03 17:46:05,552 : INFO : EventManager : Event: ======'timer_attract_carousel_timer_stopped'====== Args={'ticks': 1, 'ticks_remaining': 1}
2026-03-03 17:46:05,552 : INFO : EventManager : Event: ======'timer_attract_carousel_timer_complete'====== Args={'ticks': 1, 'ticks_remaining': 1}
2026-03-03 17:46:05,553 : INFO : EventManager : Event: ======'carousel_item_highlighted'====== Args={'carousel': 'attract', 'direction': 'forwards', 'item': 'title'}
2026-03-03 17:46:05,553 : INFO : Timer.attract_carousel_timer : Starting Timer.
2026-03-03 17:46:05,553 : INFO : EventManager : Event: ======'timer_attract_carousel_timer_started'====== Args={'ticks': 0, 'ticks_remaining': 1}
2026-03-03 17:46:05,553 : INFO : EventManager : Event: ======'timer_attract_carousel_timer_tick'====== Args={'ticks': 0, 'ticks_remaining': 1}
2026-03-03 17:46:10,553 : INFO : Timer.attract_carousel_timer : Timer Complete
2026-03-03 17:46:10,553 : INFO : Timer.attract_carousel_timer : Stopping Timer
2026-03-03 17:46:10,553 : INFO : EventManager : Event: ======'timer_attract_carousel_timer_stopped'====== Args={'ticks': 1, 'ticks_remaining': 1}
2026-03-03 17:46:10,553 : INFO : EventManager : Event: ======'timer_attract_carousel_timer_complete'====== Args={'ticks': 1, 'ticks_remaining': 1}
2026-03-03 17:46:10,554 : INFO : EventManager : Event: ======'carousel_item_highlighted'====== Args={'carousel': 'attract', 'direction': 'forwards', 'item': 'credits'}
2026-03-03 17:46:10,554 : INFO : Timer.attract_carousel_timer : Starting Timer.
2026-03-03 17:46:10,554 : INFO : EventManager : Event: ======'timer_attract_carousel_timer_started'====== Args={'ticks': 0, 'ticks_remaining': 1}
2026-03-03 17:46:10,554 : INFO : EventManager : Event: ======'timer_attract_carousel_timer_tick'====== Args={'ticks': 0, 'ticks_remaining': 1}
2026-03-03 17:46:15,555 : INFO : Timer.attract_carousel_timer : Timer Complete
2026-03-03 17:46:15,555 : INFO : Timer.attract_carousel_timer : Stopping Timer
2026-03-03 17:46:15,555 : INFO : EventManager : Event: ======'timer_attract_carousel_timer_stopped'====== Args={'ticks': 1, 'ticks_remaining': 1}
2026-03-03 17:46:15,555 : INFO : EventManager : Event: ======'timer_attract_carousel_timer_complete'====== Args={'ticks': 1, 'ticks_remaining': 1}
2026-03-03 17:46:15,556 : INFO : EventManager : Event: ======'carousel_item_highlighted'====== Args={'carousel': 'attract', 'direction': 'forwards', 'item': 'last_scores_1p'}
2026-03-03 17:46:15,556 : INFO : Timer.attract_carousel_timer : Starting Timer.
2026-03-03 17:46:15,556 : INFO : EventManager : Event: ======'timer_attract_carousel_timer_started'====== Args={'ticks': 0, 'ticks_remaining': 1}
2026-03-03 17:46:15,556 : INFO : EventManager : Event: ======'timer_attract_carousel_timer_tick'====== Args={'ticks': 0, 'ticks_remaining': 1}
2026-03-03 17:46:20,558 : INFO : Timer.attract_carousel_timer : Timer Complete
2026-03-03 17:46:20,558 : INFO : Timer.attract_carousel_timer : Stopping Timer
2026-03-03 17:46:20,558 : INFO : EventManager : Event: ======'timer_attract_carousel_timer_stopped'====== Args={'ticks': 1, 'ticks_remaining': 1}
2026-03-03 17:46:20,558 : INFO : EventManager : Event: ======'timer_attract_carousel_timer_complete'====== Args={'ticks': 1, 'ticks_remaining': 1}
2026-03-03 17:46:20,558 : INFO : EventManager : Event: ======'carousel_item_highlighted'====== Args={'carousel': 'attract', 'direction': 'forwards', 'item': 'logo'}
2026-03-03 17:46:20,559 : INFO : Timer.attract_carousel_timer : Starting Timer.
2026-03-03 17:46:20,559 : INFO : EventManager : Event: ======'timer_attract_carousel_timer_started'====== Args={'ticks': 0, 'ticks_remaining': 1}
2026-03-03 17:46:20,559 : INFO : EventManager : Event: ======'timer_attract_carousel_timer_tick'====== Args={'ticks': 0, 'ticks_remaining': 1}
2026-03-03 17:46:25,559 : INFO : Timer.attract_carousel_timer : Timer Complete
2026-03-03 17:46:25,559 : INFO : Timer.attract_carousel_timer : Stopping Timer
2026-03-03 17:46:25,559 : INFO : EventManager : Event: ======'timer_attract_carousel_timer_stopped'====== Args={'ticks': 1, 'ticks_remaining': 1}
2026-03-03 17:46:25,559 : INFO : EventManager : Event: ======'timer_attract_carousel_timer_complete'====== Args={'ticks': 1, 'ticks_remaining': 1}
2026-03-03 17:46:25,559 : INFO : EventManager : Event: ======'carousel_item_highlighted'====== Args={'carousel': 'attract', 'direction': 'forwards', 'item': 'title'}
2026-03-03 17:46:25,560 : INFO : Timer.attract_carousel_timer : Starting Timer.
2026-03-03 17:46:25,560 : INFO : EventManager : Event: ======'timer_attract_carousel_timer_started'====== Args={'ticks': 0, 'ticks_remaining': 1}
2026-03-03 17:46:25,560 : INFO : EventManager : Event: ======'timer_attract_carousel_timer_tick'====== Args={'ticks': 0, 'ticks_remaining': 1}
2026-03-03 17:46:30,561 : INFO : Timer.attract_carousel_timer : Timer Complete
2026-03-03 17:46:30,561 : INFO : Timer.attract_carousel_timer : Stopping Timer
2026-03-03 17:46:30,561 : INFO : EventManager : Event: ======'timer_attract_carousel_timer_stopped'====== Args={'ticks': 1, 'ticks_remaining': 1}
2026-03-03 17:46:30,561 : INFO : EventManager : Event: ======'timer_attract_carousel_timer_complete'====== Args={'ticks': 1, 'ticks_remaining': 1}
2026-03-03 17:46:30,562 : INFO : EventManager : Event: ======'carousel_item_highlighted'====== Args={'carousel': 'attract', 'direction': 'forwards', 'item': 'credits'}
2026-03-03 17:46:30,562 : INFO : Timer.attract_carousel_timer : Starting Timer.
2026-03-03 17:46:30,562 : INFO : EventManager : Event: ======'timer_attract_carousel_timer_started'====== Args={'ticks': 0, 'ticks_remaining': 1}
2026-03-03 17:46:30,562 : INFO : EventManager : Event: ======'timer_attract_carousel_timer_tick'====== Args={'ticks': 0, 'ticks_remaining': 1}
2026-03-03 17:46:35,510 : INFO : Timer.attract_carousel_timer : Timer Complete
2026-03-03 17:46:35,510 : INFO : Timer.attract_carousel_timer : Stopping Timer
2026-03-03 17:46:35,510 : INFO : EventManager : Event: ======'timer_attract_carousel_timer_stopped'====== Args={'ticks': 1, 'ticks_remaining': 1}
2026-03-03 17:46:35,510 : INFO : EventManager : Event: ======'timer_attract_carousel_timer_complete'====== Args={'ticks': 1, 'ticks_remaining': 1}
2026-03-03 17:46:35,510 : INFO : EventManager : Event: ======'carousel_item_highlighted'====== Args={'carousel': 'attract', 'direction': 'forwards', 'item': 'last_scores_1p'}
2026-03-03 17:46:35,511 : INFO : Timer.attract_carousel_timer : Starting Timer.
2026-03-03 17:46:35,511 : INFO : EventManager : Event: ======'timer_attract_carousel_timer_started'====== Args={'ticks': 0, 'ticks_remaining': 1}
2026-03-03 17:46:35,511 : INFO : EventManager : Event: ======'timer_attract_carousel_timer_tick'====== Args={'ticks': 0, 'ticks_remaining': 1}
2026-03-03 17:46:40,513 : INFO : Timer.attract_carousel_timer : Timer Complete
2026-03-03 17:46:40,513 : INFO : Timer.attract_carousel_timer : Stopping Timer
2026-03-03 17:46:40,513 : INFO : EventManager : Event: ======'timer_attract_carousel_timer_stopped'====== Args={'ticks': 1, 'ticks_remaining': 1}
2026-03-03 17:46:40,513 : INFO : EventManager : Event: ======'timer_attract_carousel_timer_complete'====== Args={'ticks': 1, 'ticks_remaining': 1}
2026-03-03 17:46:40,513 : INFO : EventManager : Event: ======'carousel_item_highlighted'====== Args={'carousel': 'attract', 'direction': 'forwards', 'item': 'logo'}
2026-03-03 17:46:40,514 : INFO : Timer.attract_carousel_timer : Starting Timer.
2026-03-03 17:46:40,514 : INFO : EventManager : Event: ======'timer_attract_carousel_timer_started'====== Args={'ticks': 0, 'ticks_remaining': 1}
2026-03-03 17:46:40,514 : INFO : EventManager : Event: ======'timer_attract_carousel_timer_tick'====== Args={'ticks': 0, 'ticks_remaining': 1}
2026-03-03 17:46:45,514 : INFO : Timer.attract_carousel_timer : Timer Complete
2026-03-03 17:46:45,514 : INFO : Timer.attract_carousel_timer : Stopping Timer
2026-03-03 17:46:45,514 : INFO : EventManager : Event: ======'timer_attract_carousel_timer_stopped'====== Args={'ticks': 1, 'ticks_remaining': 1}
2026-03-03 17:46:45,514 : INFO : EventManager : Event: ======'timer_attract_carousel_timer_complete'====== Args={'ticks': 1, 'ticks_remaining': 1}
2026-03-03 17:46:45,515 : INFO : EventManager : Event: ======'carousel_item_highlighted'====== Args={'carousel': 'attract', 'direction': 'forwards', 'item': 'title'}
2026-03-03 17:46:45,515 : INFO : Timer.attract_carousel_timer : Starting Timer.
2026-03-03 17:46:45,515 : INFO : EventManager : Event: ======'timer_attract_carousel_timer_started'====== Args={'ticks': 0, 'ticks_remaining': 1}
2026-03-03 17:46:45,515 : INFO : EventManager : Event: ======'timer_attract_carousel_timer_tick'====== Args={'ticks': 0, 'ticks_remaining': 1}
2026-03-03 17:46:50,517 : INFO : Timer.attract_carousel_timer : Timer Complete
2026-03-03 17:46:50,517 : INFO : Timer.attract_carousel_timer : Stopping Timer
2026-03-03 17:46:50,517 : INFO : EventManager : Event: ======'timer_attract_carousel_timer_stopped'====== Args={'ticks': 1, 'ticks_remaining': 1}
2026-03-03 17:46:50,517 : INFO : EventManager : Event: ======'timer_attract_carousel_timer_complete'====== Args={'ticks': 1, 'ticks_remaining': 1}
2026-03-03 17:46:50,518 : INFO : EventManager : Event: ======'carousel_item_highlighted'====== Args={'carousel': 'attract', 'direction': 'forwards', 'item': 'credits'}
2026-03-03 17:46:50,518 : INFO : Timer.attract_carousel_timer : Starting Timer.
2026-03-03 17:46:50,518 : INFO : EventManager : Event: ======'timer_attract_carousel_timer_started'====== Args={'ticks': 0, 'ticks_remaining': 1}
2026-03-03 17:46:50,518 : INFO : EventManager : Event: ======'timer_attract_carousel_timer_tick'====== Args={'ticks': 0, 'ticks_remaining': 1}
2026-03-03 17:46:55,519 : INFO : Timer.attract_carousel_timer : Timer Complete
2026-03-03 17:46:55,520 : INFO : Timer.attract_carousel_timer : Stopping Timer
2026-03-03 17:46:55,520 : INFO : EventManager : Event: ======'timer_attract_carousel_timer_stopped'====== Args={'ticks': 1, 'ticks_remaining': 1}
2026-03-03 17:46:55,520 : INFO : EventManager : Event: ======'timer_attract_carousel_timer_complete'====== Args={'ticks': 1, 'ticks_remaining': 1}
2026-03-03 17:46:55,520 : INFO : EventManager : Event: ======'carousel_item_highlighted'====== Args={'carousel': 'attract', 'direction': 'forwards', 'item': 'last_scores_1p'}
2026-03-03 17:46:55,521 : INFO : Timer.attract_carousel_timer : Starting Timer.
2026-03-03 17:46:55,521 : INFO : EventManager : Event: ======'timer_attract_carousel_timer_started'====== Args={'ticks': 0, 'ticks_remaining': 1}
2026-03-03 17:46:55,521 : INFO : EventManager : Event: ======'timer_attract_carousel_timer_tick'====== Args={'ticks': 0, 'ticks_remaining': 1}
2026-03-03 17:47:00,521 : INFO : Timer.attract_carousel_timer : Timer Complete
2026-03-03 17:47:00,521 : INFO : Timer.attract_carousel_timer : Stopping Timer
2026-03-03 17:47:00,522 : INFO : EventManager : Event: ======'timer_attract_carousel_timer_stopped'====== Args={'ticks': 1, 'ticks_remaining': 1}
2026-03-03 17:47:00,522 : INFO : EventManager : Event: ======'timer_attract_carousel_timer_complete'====== Args={'ticks': 1, 'ticks_remaining': 1}
2026-03-03 17:47:00,522 : INFO : EventManager : Event: ======'carousel_item_highlighted'====== Args={'carousel': 'attract', 'direction': 'forwards', 'item': 'logo'}
2026-03-03 17:47:00,523 : INFO : Timer.attract_carousel_timer : Starting Timer.
2026-03-03 17:47:00,523 : INFO : EventManager : Event: ======'timer_attract_carousel_timer_started'====== Args={'ticks': 0, 'ticks_remaining': 1}
2026-03-03 17:47:00,523 : INFO : EventManager : Event: ======'timer_attract_carousel_timer_tick'====== Args={'ticks': 0, 'ticks_remaining': 1}
2026-03-03 17:47:05,523 : INFO : Timer.attract_carousel_timer : Timer Complete
2026-03-03 17:47:05,524 : INFO : Timer.attract_carousel_timer : Stopping Timer
2026-03-03 17:47:05,524 : INFO : EventManager : Event: ======'timer_attract_carousel_timer_stopped'====== Args={'ticks': 1, 'ticks_remaining': 1}
2026-03-03 17:47:05,524 : INFO : EventManager : Event: ======'timer_attract_carousel_timer_complete'====== Args={'ticks': 1, 'ticks_remaining': 1}
2026-03-03 17:47:05,524 : INFO : EventManager : Event: ======'carousel_item_highlighted'====== Args={'carousel': 'attract', 'direction': 'forwards', 'item': 'title'}
2026-03-03 17:47:05,525 : INFO : Timer.attract_carousel_timer : Starting Timer.
2026-03-03 17:47:05,525 : INFO : EventManager : Event: ======'timer_attract_carousel_timer_started'====== Args={'ticks': 0, 'ticks_remaining': 1}
2026-03-03 17:47:05,525 : INFO : EventManager : Event: ======'timer_attract_carousel_timer_tick'====== Args={'ticks': 0, 'ticks_remaining': 1}
2026-03-03 17:47:10,525 : INFO : Timer.attract_carousel_timer : Timer Complete
2026-03-03 17:47:10,525 : INFO : Timer.attract_carousel_timer : Stopping Timer
2026-03-03 17:47:10,525 : INFO : EventManager : Event: ======'timer_attract_carousel_timer_stopped'====== Args={'ticks': 1, 'ticks_remaining': 1}
2026-03-03 17:47:10,525 : INFO : EventManager : Event: ======'timer_attract_carousel_timer_complete'====== Args={'ticks': 1, 'ticks_remaining': 1}
2026-03-03 17:47:10,525 : INFO : EventManager : Event: ======'carousel_item_highlighted'====== Args={'carousel': 'attract', 'direction': 'forwards', 'item': 'credits'}
2026-03-03 17:47:10,526 : INFO : Timer.attract_carousel_timer : Starting Timer.
2026-03-03 17:47:10,526 : INFO : EventManager : Event: ======'timer_attract_carousel_timer_started'====== Args={'ticks': 0, 'ticks_remaining': 1}
2026-03-03 17:47:10,526 : INFO : EventManager : Event: ======'timer_attract_carousel_timer_tick'====== Args={'ticks': 0, 'ticks_remaining': 1}
2026-03-03 17:47:15,526 : INFO : Timer.attract_carousel_timer : Timer Complete
2026-03-03 17:47:15,526 : INFO : Timer.attract_carousel_timer : Stopping Timer
2026-03-03 17:47:15,526 : INFO : EventManager : Event: ======'timer_attract_carousel_timer_stopped'====== Args={'ticks': 1, 'ticks_remaining': 1}
2026-03-03 17:47:15,526 : INFO : EventManager : Event: ======'timer_attract_carousel_timer_complete'====== Args={'ticks': 1, 'ticks_remaining': 1}
2026-03-03 17:47:15,527 : INFO : EventManager : Event: ======'carousel_item_highlighted'====== Args={'carousel': 'attract', 'direction': 'forwards', 'item': 'last_scores_1p'}
2026-03-03 17:47:15,527 : INFO : Timer.attract_carousel_timer : Starting Timer.
2026-03-03 17:47:15,527 : INFO : EventManager : Event: ======'timer_attract_carousel_timer_started'====== Args={'ticks': 0, 'ticks_remaining': 1}
2026-03-03 17:47:15,527 : INFO : EventManager : Event: ======'timer_attract_carousel_timer_tick'====== Args={'ticks': 0, 'ticks_remaining': 1}
2026-03-03 17:47:20,528 : INFO : Timer.attract_carousel_timer : Timer Complete
2026-03-03 17:47:20,528 : INFO : Timer.attract_carousel_timer : Stopping Timer
2026-03-03 17:47:20,528 : INFO : EventManager : Event: ======'timer_attract_carousel_timer_stopped'====== Args={'ticks': 1, 'ticks_remaining': 1}
2026-03-03 17:47:20,528 : INFO : EventManager : Event: ======'timer_attract_carousel_timer_complete'====== Args={'ticks': 1, 'ticks_remaining': 1}
2026-03-03 17:47:20,529 : INFO : EventManager : Event: ======'carousel_item_highlighted'====== Args={'carousel': 'attract', 'direction': 'forwards', 'item': 'logo'}
2026-03-03 17:47:20,530 : INFO : Timer.attract_carousel_timer : Starting Timer.
2026-03-03 17:47:20,530 : INFO : EventManager : Event: ======'timer_attract_carousel_timer_started'====== Args={'ticks': 0, 'ticks_remaining': 1}
2026-03-03 17:47:20,530 : INFO : EventManager : Event: ======'timer_attract_carousel_timer_tick'====== Args={'ticks': 0, 'ticks_remaining': 1}
2026-03-03 17:47:25,531 : INFO : Timer.attract_carousel_timer : Timer Complete
2026-03-03 17:47:25,531 : INFO : Timer.attract_carousel_timer : Stopping Timer
2026-03-03 17:47:25,531 : INFO : EventManager : Event: ======'timer_attract_carousel_timer_stopped'====== Args={'ticks': 1, 'ticks_remaining': 1}
2026-03-03 17:47:25,531 : INFO : EventManager : Event: ======'timer_attract_carousel_timer_complete'====== Args={'ticks': 1, 'ticks_remaining': 1}
2026-03-03 17:47:25,531 : INFO : EventManager : Event: ======'carousel_item_highlighted'====== Args={'carousel': 'attract', 'direction': 'forwards', 'item': 'title'}
2026-03-03 17:47:25,532 : INFO : Timer.attract_carousel_timer : Starting Timer.
2026-03-03 17:47:25,532 : INFO : EventManager : Event: ======'timer_attract_carousel_timer_started'====== Args={'ticks': 0, 'ticks_remaining': 1}
2026-03-03 17:47:25,532 : INFO : EventManager : Event: ======'timer_attract_carousel_timer_tick'====== Args={'ticks': 0, 'ticks_remaining': 1}
2026-03-03 17:47:30,532 : INFO : Timer.attract_carousel_timer : Timer Complete
2026-03-03 17:47:30,532 : INFO : Timer.attract_carousel_timer : Stopping Timer
2026-03-03 17:47:30,532 : INFO : EventManager : Event: ======'timer_attract_carousel_timer_stopped'====== Args={'ticks': 1, 'ticks_remaining': 1}
2026-03-03 17:47:30,532 : INFO : EventManager : Event: ======'timer_attract_carousel_timer_complete'====== Args={'ticks': 1, 'ticks_remaining': 1}
2026-03-03 17:47:30,534 : INFO : EventManager : Event: ======'carousel_item_highlighted'====== Args={'carousel': 'attract', 'direction': 'forwards', 'item': 'credits'}
2026-03-03 17:47:30,535 : INFO : Timer.attract_carousel_timer : Starting Timer.
2026-03-03 17:47:30,535 : INFO : EventManager : Event: ======'timer_attract_carousel_timer_started'====== Args={'ticks': 0, 'ticks_remaining': 1}
2026-03-03 17:47:30,536 : INFO : EventManager : Event: ======'timer_attract_carousel_timer_tick'====== Args={'ticks': 0, 'ticks_remaining': 1}
2026-03-03 17:47:35,535 : INFO : Timer.attract_carousel_timer : Timer Complete
2026-03-03 17:47:35,535 : INFO : Timer.attract_carousel_timer : Stopping Timer
2026-03-03 17:47:35,535 : INFO : EventManager : Event: ======'timer_attract_carousel_timer_stopped'====== Args={'ticks': 1, 'ticks_remaining': 1}
2026-03-03 17:47:35,536 : INFO : EventManager : Event: ======'timer_attract_carousel_timer_complete'====== Args={'ticks': 1, 'ticks_remaining': 1}
2026-03-03 17:47:35,536 : INFO : EventManager : Event: ======'carousel_item_highlighted'====== Args={'carousel': 'attract', 'direction': 'forwards', 'item': 'last_scores_1p'}
2026-03-03 17:47:35,536 : INFO : Timer.attract_carousel_timer : Starting Timer.
2026-03-03 17:47:35,536 : INFO : EventManager : Event: ======'timer_attract_carousel_timer_started'====== Args={'ticks': 0, 'ticks_remaining': 1}
2026-03-03 17:47:35,536 : INFO : EventManager : Event: ======'timer_attract_carousel_timer_tick'====== Args={'ticks': 0, 'ticks_remaining': 1}
2026-03-03 17:47:40,536 : INFO : Timer.attract_carousel_timer : Timer Complete
2026-03-03 17:47:40,537 : INFO : Timer.attract_carousel_timer : Stopping Timer
2026-03-03 17:47:40,537 : INFO : EventManager : Event: ======'timer_attract_carousel_timer_stopped'====== Args={'ticks': 1, 'ticks_remaining': 1}
2026-03-03 17:47:40,537 : INFO : EventManager : Event: ======'timer_attract_carousel_timer_complete'====== Args={'ticks': 1, 'ticks_remaining': 1}
2026-03-03 17:47:40,537 : INFO : EventManager : Event: ======'carousel_item_highlighted'====== Args={'carousel': 'attract', 'direction': 'forwards', 'item': 'logo'}
2026-03-03 17:47:40,537 : INFO : Timer.attract_carousel_timer : Starting Timer.
2026-03-03 17:47:40,537 : INFO : EventManager : Event: ======'timer_attract_carousel_timer_started'====== Args={'ticks': 0, 'ticks_remaining': 1}
2026-03-03 17:47:40,538 : INFO : EventManager : Event: ======'timer_attract_carousel_timer_tick'====== Args={'ticks': 0, 'ticks_remaining': 1}
2026-03-03 17:47:45,538 : INFO : Timer.attract_carousel_timer : Timer Complete
2026-03-03 17:47:45,539 : INFO : Timer.attract_carousel_timer : Stopping Timer
2026-03-03 17:47:45,539 : INFO : EventManager : Event: ======'timer_attract_carousel_timer_stopped'====== Args={'ticks': 1, 'ticks_remaining': 1}
2026-03-03 17:47:45,539 : INFO : EventManager : Event: ======'timer_attract_carousel_timer_complete'====== Args={'ticks': 1, 'ticks_remaining': 1}
2026-03-03 17:47:45,539 : INFO : EventManager : Event: ======'carousel_item_highlighted'====== Args={'carousel': 'attract', 'direction': 'forwards', 'item': 'title'}
2026-03-03 17:47:45,539 : INFO : Timer.attract_carousel_timer : Starting Timer.
2026-03-03 17:47:45,540 : INFO : EventManager : Event: ======'timer_attract_carousel_timer_started'====== Args={'ticks': 0, 'ticks_remaining': 1}
2026-03-03 17:47:45,540 : INFO : EventManager : Event: ======'timer_attract_carousel_timer_tick'====== Args={'ticks': 0, 'ticks_remaining': 1}
2026-03-03 17:47:50,541 : INFO : Timer.attract_carousel_timer : Timer Complete
2026-03-03 17:47:50,542 : INFO : Timer.attract_carousel_timer : Stopping Timer
2026-03-03 17:47:50,542 : INFO : EventManager : Event: ======'timer_attract_carousel_timer_stopped'====== Args={'ticks': 1, 'ticks_remaining': 1}
2026-03-03 17:47:50,542 : INFO : EventManager : Event: ======'timer_attract_carousel_timer_complete'====== Args={'ticks': 1, 'ticks_remaining': 1}
2026-03-03 17:47:50,542 : INFO : EventManager : Event: ======'carousel_item_highlighted'====== Args={'carousel': 'attract', 'direction': 'forwards', 'item': 'credits'}
2026-03-03 17:47:50,543 : INFO : Timer.attract_carousel_timer : Starting Timer.
2026-03-03 17:47:50,543 : INFO : EventManager : Event: ======'timer_attract_carousel_timer_started'====== Args={'ticks': 0, 'ticks_remaining': 1}
2026-03-03 17:47:50,543 : INFO : EventManager : Event: ======'timer_attract_carousel_timer_tick'====== Args={'ticks': 0, 'ticks_remaining': 1}
2026-03-03 17:47:55,544 : INFO : Timer.attract_carousel_timer : Timer Complete
2026-03-03 17:47:55,544 : INFO : Timer.attract_carousel_timer : Stopping Timer
2026-03-03 17:47:55,545 : INFO : EventManager : Event: ======'timer_attract_carousel_timer_stopped'====== Args={'ticks': 1, 'ticks_remaining': 1}
2026-03-03 17:47:55,545 : INFO : EventManager : Event: ======'timer_attract_carousel_timer_complete'====== Args={'ticks': 1, 'ticks_remaining': 1}
2026-03-03 17:47:55,545 : INFO : EventManager : Event: ======'carousel_item_highlighted'====== Args={'carousel': 'attract', 'direction': 'forwards', 'item': 'last_scores_1p'}
2026-03-03 17:47:55,546 : INFO : Timer.attract_carousel_timer : Starting Timer.
2026-03-03 17:47:55,546 : INFO : EventManager : Event: ======'timer_attract_carousel_timer_started'====== Args={'ticks': 0, 'ticks_remaining': 1}
2026-03-03 17:47:55,546 : INFO : EventManager : Event: ======'timer_attract_carousel_timer_tick'====== Args={'ticks': 0, 'ticks_remaining': 1}
2026-03-03 17:48:00,547 : INFO : Timer.attract_carousel_timer : Timer Complete
2026-03-03 17:48:00,547 : INFO : Timer.attract_carousel_timer : Stopping Timer
2026-03-03 17:48:00,547 : INFO : EventManager : Event: ======'timer_attract_carousel_timer_stopped'====== Args={'ticks': 1, 'ticks_remaining': 1}
2026-03-03 17:48:00,547 : INFO : EventManager : Event: ======'timer_attract_carousel_timer_complete'====== Args={'ticks': 1, 'ticks_remaining': 1}
2026-03-03 17:48:00,547 : INFO : EventManager : Event: ======'carousel_item_highlighted'====== Args={'carousel': 'attract', 'direction': 'forwards', 'item': 'logo'}
2026-03-03 17:48:00,548 : INFO : Timer.attract_carousel_timer : Starting Timer.
2026-03-03 17:48:00,548 : INFO : EventManager : Event: ======'timer_attract_carousel_timer_started'====== Args={'ticks': 0, 'ticks_remaining': 1}
2026-03-03 17:48:00,548 : INFO : EventManager : Event: ======'timer_attract_carousel_timer_tick'====== Args={'ticks': 0, 'ticks_remaining': 1}
2026-03-03 17:48:05,549 : INFO : Timer.attract_carousel_timer : Timer Complete
2026-03-03 17:48:05,549 : INFO : Timer.attract_carousel_timer : Stopping Timer
2026-03-03 17:48:05,549 : INFO : EventManager : Event: ======'timer_attract_carousel_timer_stopped'====== Args={'ticks': 1, 'ticks_remaining': 1}
2026-03-03 17:48:05,550 : INFO : EventManager : Event: ======'timer_attract_carousel_timer_complete'====== Args={'ticks': 1, 'ticks_remaining': 1}
2026-03-03 17:48:05,550 : INFO : EventManager : Event: ======'carousel_item_highlighted'====== Args={'carousel': 'attract', 'direction': 'forwards', 'item': 'title'}
2026-03-03 17:48:05,550 : INFO : Timer.attract_carousel_timer : Starting Timer.
2026-03-03 17:48:05,551 : INFO : EventManager : Event: ======'timer_attract_carousel_timer_started'====== Args={'ticks': 0, 'ticks_remaining': 1}
2026-03-03 17:48:05,551 : INFO : EventManager : Event: ======'timer_attract_carousel_timer_tick'====== Args={'ticks': 0, 'ticks_remaining': 1}
2026-03-03 17:48:10,553 : INFO : Timer.attract_carousel_timer : Timer Complete
2026-03-03 17:48:10,553 : INFO : Timer.attract_carousel_timer : Stopping Timer
2026-03-03 17:48:10,553 : INFO : EventManager : Event: ======'timer_attract_carousel_timer_stopped'====== Args={'ticks': 1, 'ticks_remaining': 1}
2026-03-03 17:48:10,554 : INFO : EventManager : Event: ======'timer_attract_carousel_timer_complete'====== Args={'ticks': 1, 'ticks_remaining': 1}
2026-03-03 17:48:10,554 : INFO : EventManager : Event: ======'carousel_item_highlighted'====== Args={'carousel': 'attract', 'direction': 'forwards', 'item': 'credits'}
2026-03-03 17:48:10,555 : INFO : Timer.attract_carousel_timer : Starting Timer.
2026-03-03 17:48:10,555 : INFO : EventManager : Event: ======'timer_attract_carousel_timer_started'====== Args={'ticks': 0, 'ticks_remaining': 1}
2026-03-03 17:48:10,555 : INFO : EventManager : Event: ======'timer_attract_carousel_timer_tick'====== Args={'ticks': 0, 'ticks_remaining': 1}
2026-03-03 17:48:15,555 : INFO : Timer.attract_carousel_timer : Timer Complete
2026-03-03 17:48:15,555 : INFO : Timer.attract_carousel_timer : Stopping Timer
2026-03-03 17:48:15,555 : INFO : EventManager : Event: ======'timer_attract_carousel_timer_stopped'====== Args={'ticks': 1, 'ticks_remaining': 1}
2026-03-03 17:48:15,555 : INFO : EventManager : Event: ======'timer_attract_carousel_timer_complete'====== Args={'ticks': 1, 'ticks_remaining': 1}
2026-03-03 17:48:15,556 : INFO : EventManager : Event: ======'carousel_item_highlighted'====== Args={'carousel': 'attract', 'direction': 'forwards', 'item': 'last_scores_1p'}
2026-03-03 17:48:15,556 : INFO : Timer.attract_carousel_timer : Starting Timer.
2026-03-03 17:48:15,556 : INFO : EventManager : Event: ======'timer_attract_carousel_timer_started'====== Args={'ticks': 0, 'ticks_remaining': 1}
2026-03-03 17:48:15,556 : INFO : EventManager : Event: ======'timer_attract_carousel_timer_tick'====== Args={'ticks': 0, 'ticks_remaining': 1}
2026-03-03 17:48:20,557 : INFO : Timer.attract_carousel_timer : Timer Complete
2026-03-03 17:48:20,557 : INFO : Timer.attract_carousel_timer : Stopping Timer
2026-03-03 17:48:20,557 : INFO : EventManager : Event: ======'timer_attract_carousel_timer_stopped'====== Args={'ticks': 1, 'ticks_remaining': 1}
2026-03-03 17:48:20,557 : INFO : EventManager : Event: ======'timer_attract_carousel_timer_complete'====== Args={'ticks': 1, 'ticks_remaining': 1}
2026-03-03 17:48:20,557 : INFO : EventManager : Event: ======'carousel_item_highlighted'====== Args={'carousel': 'attract', 'direction': 'forwards', 'item': 'logo'}
2026-03-03 17:48:20,558 : INFO : Timer.attract_carousel_timer : Starting Timer.
2026-03-03 17:48:20,558 : INFO : EventManager : Event: ======'timer_attract_carousel_timer_started'====== Args={'ticks': 0, 'ticks_remaining': 1}
2026-03-03 17:48:20,558 : INFO : EventManager : Event: ======'timer_attract_carousel_timer_tick'====== Args={'ticks': 0, 'ticks_remaining': 1}
2026-03-03 17:48:25,559 : INFO : Timer.attract_carousel_timer : Timer Complete
2026-03-03 17:48:25,559 : INFO : Timer.attract_carousel_timer : Stopping Timer
2026-03-03 17:48:25,559 : INFO : EventManager : Event: ======'timer_attract_carousel_timer_stopped'====== Args={'ticks': 1, 'ticks_remaining': 1}
2026-03-03 17:48:25,559 : INFO : EventManager : Event: ======'timer_attract_carousel_timer_complete'====== Args={'ticks': 1, 'ticks_remaining': 1}
2026-03-03 17:48:25,560 : INFO : EventManager : Event: ======'carousel_item_highlighted'====== Args={'carousel': 'attract', 'direction': 'forwards', 'item': 'title'}
2026-03-03 17:48:25,560 : INFO : Timer.attract_carousel_timer : Starting Timer.
2026-03-03 17:48:25,560 : INFO : EventManager : Event: ======'timer_attract_carousel_timer_started'====== Args={'ticks': 0, 'ticks_remaining': 1}
2026-03-03 17:48:25,560 : INFO : EventManager : Event: ======'timer_attract_carousel_timer_tick'====== Args={'ticks': 0, 'ticks_remaining': 1}
2026-03-03 17:48:30,561 : INFO : Timer.attract_carousel_timer : Timer Complete
2026-03-03 17:48:30,561 : INFO : Timer.attract_carousel_timer : Stopping Timer
2026-03-03 17:48:30,561 : INFO : EventManager : Event: ======'timer_attract_carousel_timer_stopped'====== Args={'ticks': 1, 'ticks_remaining': 1}
2026-03-03 17:48:30,562 : INFO : EventManager : Event: ======'timer_attract_carousel_timer_complete'====== Args={'ticks': 1, 'ticks_remaining': 1}
2026-03-03 17:48:30,562 : INFO : EventManager : Event: ======'carousel_item_highlighted'====== Args={'carousel': 'attract', 'direction': 'forwards', 'item': 'credits'}
2026-03-03 17:48:30,562 : INFO : Timer.attract_carousel_timer : Starting Timer.
2026-03-03 17:48:30,562 : INFO : EventManager : Event: ======'timer_attract_carousel_timer_started'====== Args={'ticks': 0, 'ticks_remaining': 1}
2026-03-03 17:48:30,562 : INFO : EventManager : Event: ======'timer_attract_carousel_timer_tick'====== Args={'ticks': 0, 'ticks_remaining': 1}
2026-03-03 17:48:35,563 : INFO : Timer.attract_carousel_timer : Timer Complete
2026-03-03 17:48:35,563 : INFO : Timer.attract_carousel_timer : Stopping Timer
2026-03-03 17:48:35,563 : INFO : EventManager : Event: ======'timer_attract_carousel_timer_stopped'====== Args={'ticks': 1, 'ticks_remaining': 1}
2026-03-03 17:48:35,563 : INFO : EventManager : Event: ======'timer_attract_carousel_timer_complete'====== Args={'ticks': 1, 'ticks_remaining': 1}
2026-03-03 17:48:35,564 : INFO : EventManager : Event: ======'carousel_item_highlighted'====== Args={'carousel': 'attract', 'direction': 'forwards', 'item': 'last_scores_1p'}
2026-03-03 17:48:35,564 : INFO : Timer.attract_carousel_timer : Starting Timer.
2026-03-03 17:48:35,564 : INFO : EventManager : Event: ======'timer_attract_carousel_timer_started'====== Args={'ticks': 0, 'ticks_remaining': 1}
2026-03-03 17:48:35,564 : INFO : EventManager : Event: ======'timer_attract_carousel_timer_tick'====== Args={'ticks': 0, 'ticks_remaining': 1}
2026-03-03 17:48:40,565 : INFO : Timer.attract_carousel_timer : Timer Complete
2026-03-03 17:48:40,565 : INFO : Timer.attract_carousel_timer : Stopping Timer
2026-03-03 17:48:40,565 : INFO : EventManager : Event: ======'timer_attract_carousel_timer_stopped'====== Args={'ticks': 1, 'ticks_remaining': 1}
2026-03-03 17:48:40,565 : INFO : EventManager : Event: ======'timer_attract_carousel_timer_complete'====== Args={'ticks': 1, 'ticks_remaining': 1}
2026-03-03 17:48:40,566 : INFO : EventManager : Event: ======'carousel_item_highlighted'====== Args={'carousel': 'attract', 'direction': 'forwards', 'item': 'logo'}
2026-03-03 17:48:40,566 : INFO : Timer.attract_carousel_timer : Starting Timer.
2026-03-03 17:48:40,566 : INFO : EventManager : Event: ======'timer_attract_carousel_timer_started'====== Args={'ticks': 0, 'ticks_remaining': 1}
2026-03-03 17:48:40,566 : INFO : EventManager : Event: ======'timer_attract_carousel_timer_tick'====== Args={'ticks': 0, 'ticks_remaining': 1}
2026-03-03 17:48:45,568 : INFO : Timer.attract_carousel_timer : Timer Complete
2026-03-03 17:48:45,568 : INFO : Timer.attract_carousel_timer : Stopping Timer
2026-03-03 17:48:45,568 : INFO : EventManager : Event: ======'timer_attract_carousel_timer_stopped'====== Args={'ticks': 1, 'ticks_remaining': 1}
2026-03-03 17:48:45,568 : INFO : EventManager : Event: ======'timer_attract_carousel_timer_complete'====== Args={'ticks': 1, 'ticks_remaining': 1}
2026-03-03 17:48:45,569 : INFO : EventManager : Event: ======'carousel_item_highlighted'====== Args={'carousel': 'attract', 'direction': 'forwards', 'item': 'title'}
2026-03-03 17:48:45,569 : INFO : Timer.attract_carousel_timer : Starting Timer.
2026-03-03 17:48:45,569 : INFO : EventManager : Event: ======'timer_attract_carousel_timer_started'====== Args={'ticks': 0, 'ticks_remaining': 1}
2026-03-03 17:48:45,569 : INFO : EventManager : Event: ======'timer_attract_carousel_timer_tick'====== Args={'ticks': 0, 'ticks_remaining': 1}
2026-03-03 17:48:50,569 : INFO : Timer.attract_carousel_timer : Timer Complete
2026-03-03 17:48:50,569 : INFO : Timer.attract_carousel_timer : Stopping Timer
2026-03-03 17:48:50,570 : INFO : EventManager : Event: ======'timer_attract_carousel_timer_stopped'====== Args={'ticks': 1, 'ticks_remaining': 1}
2026-03-03 17:48:50,570 : INFO : EventManager : Event: ======'timer_attract_carousel_timer_complete'====== Args={'ticks': 1, 'ticks_remaining': 1}
2026-03-03 17:48:50,570 : INFO : EventManager : Event: ======'carousel_item_highlighted'====== Args={'carousel': 'attract', 'direction': 'forwards', 'item': 'credits'}
2026-03-03 17:48:50,570 : INFO : Timer.attract_carousel_timer : Starting Timer.
2026-03-03 17:48:50,570 : INFO : EventManager : Event: ======'timer_attract_carousel_timer_started'====== Args={'ticks': 0, 'ticks_remaining': 1}
2026-03-03 17:48:50,571 : INFO : EventManager : Event: ======'timer_attract_carousel_timer_tick'====== Args={'ticks': 0, 'ticks_remaining': 1}
2026-03-03 17:48:55,572 : INFO : Timer.attract_carousel_timer : Timer Complete
2026-03-03 17:48:55,572 : INFO : Timer.attract_carousel_timer : Stopping Timer
2026-03-03 17:48:55,572 : INFO : EventManager : Event: ======'timer_attract_carousel_timer_stopped'====== Args={'ticks': 1, 'ticks_remaining': 1}
2026-03-03 17:48:55,572 : INFO : EventManager : Event: ======'timer_attract_carousel_timer_complete'====== Args={'ticks': 1, 'ticks_remaining': 1}
2026-03-03 17:48:55,572 : INFO : EventManager : Event: ======'carousel_item_highlighted'====== Args={'carousel': 'attract', 'direction': 'forwards', 'item': 'last_scores_1p'}
2026-03-03 17:48:55,573 : INFO : Timer.attract_carousel_timer : Starting Timer.
2026-03-03 17:48:55,573 : INFO : EventManager : Event: ======'timer_attract_carousel_timer_started'====== Args={'ticks': 0, 'ticks_remaining': 1}
2026-03-03 17:48:55,573 : INFO : EventManager : Event: ======'timer_attract_carousel_timer_tick'====== Args={'ticks': 0, 'ticks_remaining': 1}
2026-03-03 17:49:00,575 : INFO : Timer.attract_carousel_timer : Timer Complete
2026-03-03 17:49:00,575 : INFO : Timer.attract_carousel_timer : Stopping Timer
2026-03-03 17:49:00,575 : INFO : EventManager : Event: ======'timer_attract_carousel_timer_stopped'====== Args={'ticks': 1, 'ticks_remaining': 1}
2026-03-03 17:49:00,575 : INFO : EventManager : Event: ======'timer_attract_carousel_timer_complete'====== Args={'ticks': 1, 'ticks_remaining': 1}
2026-03-03 17:49:00,575 : INFO : EventManager : Event: ======'carousel_item_highlighted'====== Args={'carousel': 'attract', 'direction': 'forwards', 'item': 'logo'}
2026-03-03 17:49:00,576 : INFO : Timer.attract_carousel_timer : Starting Timer.
2026-03-03 17:49:00,576 : INFO : EventManager : Event: ======'timer_attract_carousel_timer_started'====== Args={'ticks': 0, 'ticks_remaining': 1}
2026-03-03 17:49:00,576 : INFO : EventManager : Event: ======'timer_attract_carousel_timer_tick'====== Args={'ticks': 0, 'ticks_remaining': 1}
2026-03-03 17:49:05,576 : INFO : Timer.attract_carousel_timer : Timer Complete
2026-03-03 17:49:05,576 : INFO : Timer.attract_carousel_timer : Stopping Timer
2026-03-03 17:49:05,576 : INFO : EventManager : Event: ======'timer_attract_carousel_timer_stopped'====== Args={'ticks': 1, 'ticks_remaining': 1}
2026-03-03 17:49:05,576 : INFO : EventManager : Event: ======'timer_attract_carousel_timer_complete'====== Args={'ticks': 1, 'ticks_remaining': 1}
2026-03-03 17:49:05,576 : INFO : EventManager : Event: ======'carousel_item_highlighted'====== Args={'carousel': 'attract', 'direction': 'forwards', 'item': 'title'}
2026-03-03 17:49:05,577 : INFO : Timer.attract_carousel_timer : Starting Timer.
2026-03-03 17:49:05,577 : INFO : EventManager : Event: ======'timer_attract_carousel_timer_started'====== Args={'ticks': 0, 'ticks_remaining': 1}
2026-03-03 17:49:05,577 : INFO : EventManager : Event: ======'timer_attract_carousel_timer_tick'====== Args={'ticks': 0, 'ticks_remaining': 1}
2026-03-03 17:49:10,578 : INFO : Timer.attract_carousel_timer : Timer Complete
2026-03-03 17:49:10,579 : INFO : Timer.attract_carousel_timer : Stopping Timer
2026-03-03 17:49:10,579 : INFO : EventManager : Event: ======'timer_attract_carousel_timer_stopped'====== Args={'ticks': 1, 'ticks_remaining': 1}
2026-03-03 17:49:10,579 : INFO : EventManager : Event: ======'timer_attract_carousel_timer_complete'====== Args={'ticks': 1, 'ticks_remaining': 1}
2026-03-03 17:49:10,580 : INFO : EventManager : Event: ======'carousel_item_highlighted'====== Args={'carousel': 'attract', 'direction': 'forwards', 'item': 'credits'}
2026-03-03 17:49:10,580 : INFO : Timer.attract_carousel_timer : Starting Timer.
2026-03-03 17:49:10,580 : INFO : EventManager : Event: ======'timer_attract_carousel_timer_started'====== Args={'ticks': 0, 'ticks_remaining': 1}
2026-03-03 17:49:10,580 : INFO : EventManager : Event: ======'timer_attract_carousel_timer_tick'====== Args={'ticks': 0, 'ticks_remaining': 1}
2026-03-03 17:49:15,582 : INFO : Timer.attract_carousel_timer : Timer Complete
2026-03-03 17:49:15,582 : INFO : Timer.attract_carousel_timer : Stopping Timer
2026-03-03 17:49:15,582 : INFO : EventManager : Event: ======'timer_attract_carousel_timer_stopped'====== Args={'ticks': 1, 'ticks_remaining': 1}
2026-03-03 17:49:15,582 : INFO : EventManager : Event: ======'timer_attract_carousel_timer_complete'====== Args={'ticks': 1, 'ticks_remaining': 1}
2026-03-03 17:49:15,583 : INFO : EventManager : Event: ======'carousel_item_highlighted'====== Args={'carousel': 'attract', 'direction': 'forwards', 'item': 'last_scores_1p'}
2026-03-03 17:49:15,583 : INFO : Timer.attract_carousel_timer : Starting Timer.
2026-03-03 17:49:15,583 : INFO : EventManager : Event: ======'timer_attract_carousel_timer_started'====== Args={'ticks': 0, 'ticks_remaining': 1}
2026-03-03 17:49:15,583 : INFO : EventManager : Event: ======'timer_attract_carousel_timer_tick'====== Args={'ticks': 0, 'ticks_remaining': 1}
2026-03-03 17:49:20,584 : INFO : Timer.attract_carousel_timer : Timer Complete
2026-03-03 17:49:20,584 : INFO : Timer.attract_carousel_timer : Stopping Timer
2026-03-03 17:49:20,584 : INFO : EventManager : Event: ======'timer_attract_carousel_timer_stopped'====== Args={'ticks': 1, 'ticks_remaining': 1}
2026-03-03 17:49:20,585 : INFO : EventManager : Event: ======'timer_attract_carousel_timer_complete'====== Args={'ticks': 1, 'ticks_remaining': 1}
2026-03-03 17:49:20,585 : INFO : EventManager : Event: ======'carousel_item_highlighted'====== Args={'carousel': 'attract', 'direction': 'forwards', 'item': 'logo'}
2026-03-03 17:49:20,586 : INFO : Timer.attract_carousel_timer : Starting Timer.
2026-03-03 17:49:20,586 : INFO : EventManager : Event: ======'timer_attract_carousel_timer_started'====== Args={'ticks': 0, 'ticks_remaining': 1}
2026-03-03 17:49:20,586 : INFO : EventManager : Event: ======'timer_attract_carousel_timer_tick'====== Args={'ticks': 0, 'ticks_remaining': 1}
2026-03-03 17:49:25,586 : INFO : Timer.attract_carousel_timer : Timer Complete
2026-03-03 17:49:25,586 : INFO : Timer.attract_carousel_timer : Stopping Timer
2026-03-03 17:49:25,586 : INFO : EventManager : Event: ======'timer_attract_carousel_timer_stopped'====== Args={'ticks': 1, 'ticks_remaining': 1}
2026-03-03 17:49:25,586 : INFO : EventManager : Event: ======'timer_attract_carousel_timer_complete'====== Args={'ticks': 1, 'ticks_remaining': 1}
2026-03-03 17:49:25,587 : INFO : EventManager : Event: ======'carousel_item_highlighted'====== Args={'carousel': 'attract', 'direction': 'forwards', 'item': 'title'}
2026-03-03 17:49:25,587 : INFO : Timer.attract_carousel_timer : Starting Timer.
2026-03-03 17:49:25,587 : INFO : EventManager : Event: ======'timer_attract_carousel_timer_started'====== Args={'ticks': 0, 'ticks_remaining': 1}
2026-03-03 17:49:25,587 : INFO : EventManager : Event: ======'timer_attract_carousel_timer_tick'====== Args={'ticks': 0, 'ticks_remaining': 1}
2026-03-03 17:49:30,588 : INFO : Timer.attract_carousel_timer : Timer Complete
2026-03-03 17:49:30,588 : INFO : Timer.attract_carousel_timer : Stopping Timer
2026-03-03 17:49:30,588 : INFO : EventManager : Event: ======'timer_attract_carousel_timer_stopped'====== Args={'ticks': 1, 'ticks_remaining': 1}
2026-03-03 17:49:30,588 : INFO : EventManager : Event: ======'timer_attract_carousel_timer_complete'====== Args={'ticks': 1, 'ticks_remaining': 1}
2026-03-03 17:49:30,588 : INFO : EventManager : Event: ======'carousel_item_highlighted'====== Args={'carousel': 'attract', 'direction': 'forwards', 'item': 'credits'}
2026-03-03 17:49:30,589 : INFO : Timer.attract_carousel_timer : Starting Timer.
2026-03-03 17:49:30,589 : INFO : EventManager : Event: ======'timer_attract_carousel_timer_started'====== Args={'ticks': 0, 'ticks_remaining': 1}
2026-03-03 17:49:30,589 : INFO : EventManager : Event: ======'timer_attract_carousel_timer_tick'====== Args={'ticks': 0, 'ticks_remaining': 1}
2026-03-03 17:49:35,590 : INFO : Timer.attract_carousel_timer : Timer Complete
2026-03-03 17:49:35,590 : INFO : Timer.attract_carousel_timer : Stopping Timer
2026-03-03 17:49:35,590 : INFO : EventManager : Event: ======'timer_attract_carousel_timer_stopped'====== Args={'ticks': 1, 'ticks_remaining': 1}
2026-03-03 17:49:35,590 : INFO : EventManager : Event: ======'timer_attract_carousel_timer_complete'====== Args={'ticks': 1, 'ticks_remaining': 1}
2026-03-03 17:49:35,591 : INFO : EventManager : Event: ======'carousel_item_highlighted'====== Args={'carousel': 'attract', 'direction': 'forwards', 'item': 'last_scores_1p'}
2026-03-03 17:49:35,591 : INFO : Timer.attract_carousel_timer : Starting Timer.
2026-03-03 17:49:35,591 : INFO : EventManager : Event: ======'timer_attract_carousel_timer_started'====== Args={'ticks': 0, 'ticks_remaining': 1}
2026-03-03 17:49:35,591 : INFO : EventManager : Event: ======'timer_attract_carousel_timer_tick'====== Args={'ticks': 0, 'ticks_remaining': 1}
2026-03-03 17:49:40,592 : INFO : Timer.attract_carousel_timer : Timer Complete
2026-03-03 17:49:40,592 : INFO : Timer.attract_carousel_timer : Stopping Timer
2026-03-03 17:49:40,592 : INFO : EventManager : Event: ======'timer_attract_carousel_timer_stopped'====== Args={'ticks': 1, 'ticks_remaining': 1}
2026-03-03 17:49:40,593 : INFO : EventManager : Event: ======'timer_attract_carousel_timer_complete'====== Args={'ticks': 1, 'ticks_remaining': 1}
2026-03-03 17:49:40,593 : INFO : EventManager : Event: ======'carousel_item_highlighted'====== Args={'carousel': 'attract', 'direction': 'forwards', 'item': 'logo'}
2026-03-03 17:49:40,593 : INFO : Timer.attract_carousel_timer : Starting Timer.
2026-03-03 17:49:40,593 : INFO : EventManager : Event: ======'timer_attract_carousel_timer_started'====== Args={'ticks': 0, 'ticks_remaining': 1}
2026-03-03 17:49:40,593 : INFO : EventManager : Event: ======'timer_attract_carousel_timer_tick'====== Args={'ticks': 0, 'ticks_remaining': 1}
2026-03-03 17:49:45,595 : INFO : Timer.attract_carousel_timer : Timer Complete
2026-03-03 17:49:45,595 : INFO : Timer.attract_carousel_timer : Stopping Timer
2026-03-03 17:49:45,595 : INFO : EventManager : Event: ======'timer_attract_carousel_timer_stopped'====== Args={'ticks': 1, 'ticks_remaining': 1}
2026-03-03 17:49:45,595 : INFO : EventManager : Event: ======'timer_attract_carousel_timer_complete'====== Args={'ticks': 1, 'ticks_remaining': 1}
2026-03-03 17:49:45,596 : INFO : EventManager : Event: ======'carousel_item_highlighted'====== Args={'carousel': 'attract', 'direction': 'forwards', 'item': 'title'}
2026-03-03 17:49:45,596 : INFO : Timer.attract_carousel_timer : Starting Timer.
2026-03-03 17:49:45,596 : INFO : EventManager : Event: ======'timer_attract_carousel_timer_started'====== Args={'ticks': 0, 'ticks_remaining': 1}
2026-03-03 17:49:45,596 : INFO : EventManager : Event: ======'timer_attract_carousel_timer_tick'====== Args={'ticks': 0, 'ticks_remaining': 1}
2026-03-03 17:49:50,596 : INFO : Timer.attract_carousel_timer : Timer Complete
2026-03-03 17:49:50,597 : INFO : Timer.attract_carousel_timer : Stopping Timer
2026-03-03 17:49:50,597 : INFO : EventManager : Event: ======'timer_attract_carousel_timer_stopped'====== Args={'ticks': 1, 'ticks_remaining': 1}
2026-03-03 17:49:50,597 : INFO : EventManager : Event: ======'timer_attract_carousel_timer_complete'====== Args={'ticks': 1, 'ticks_remaining': 1}
2026-03-03 17:49:50,597 : INFO : EventManager : Event: ======'carousel_item_highlighted'====== Args={'carousel': 'attract', 'direction': 'forwards', 'item': 'credits'}
2026-03-03 17:49:50,598 : INFO : Timer.attract_carousel_timer : Starting Timer.
2026-03-03 17:49:50,598 : INFO : EventManager : Event: ======'timer_attract_carousel_timer_started'====== Args={'ticks': 0, 'ticks_remaining': 1}
2026-03-03 17:49:50,598 : INFO : EventManager : Event: ======'timer_attract_carousel_timer_tick'====== Args={'ticks': 0, 'ticks_remaining': 1}
2026-03-03 17:49:55,599 : INFO : Timer.attract_carousel_timer : Timer Complete
2026-03-03 17:49:55,599 : INFO : Timer.attract_carousel_timer : Stopping Timer
2026-03-03 17:49:55,600 : INFO : EventManager : Event: ======'timer_attract_carousel_timer_stopped'====== Args={'ticks': 1, 'ticks_remaining': 1}
2026-03-03 17:49:55,600 : INFO : EventManager : Event: ======'timer_attract_carousel_timer_complete'====== Args={'ticks': 1, 'ticks_remaining': 1}
2026-03-03 17:49:55,600 : INFO : EventManager : Event: ======'carousel_item_highlighted'====== Args={'carousel': 'attract', 'direction': 'forwards', 'item': 'last_scores_1p'}
2026-03-03 17:49:55,600 : INFO : Timer.attract_carousel_timer : Starting Timer.
2026-03-03 17:49:55,601 : INFO : EventManager : Event: ======'timer_attract_carousel_timer_started'====== Args={'ticks': 0, 'ticks_remaining': 1}
2026-03-03 17:49:55,601 : INFO : EventManager : Event: ======'timer_attract_carousel_timer_tick'====== Args={'ticks': 0, 'ticks_remaining': 1}
2026-03-03 17:50:00,601 : INFO : Timer.attract_carousel_timer : Timer Complete
2026-03-03 17:50:00,601 : INFO : Timer.attract_carousel_timer : Stopping Timer
2026-03-03 17:50:00,602 : INFO : EventManager : Event: ======'timer_attract_carousel_timer_stopped'====== Args={'ticks': 1, 'ticks_remaining': 1}
2026-03-03 17:50:00,602 : INFO : EventManager : Event: ======'timer_attract_carousel_timer_complete'====== Args={'ticks': 1, 'ticks_remaining': 1}
2026-03-03 17:50:00,602 : INFO : EventManager : Event: ======'carousel_item_highlighted'====== Args={'carousel': 'attract', 'direction': 'forwards', 'item': 'logo'}
2026-03-03 17:50:00,602 : INFO : Timer.attract_carousel_timer : Starting Timer.
2026-03-03 17:50:00,602 : INFO : EventManager : Event: ======'timer_attract_carousel_timer_started'====== Args={'ticks': 0, 'ticks_remaining': 1}
2026-03-03 17:50:00,603 : INFO : EventManager : Event: ======'timer_attract_carousel_timer_tick'====== Args={'ticks': 0, 'ticks_remaining': 1}
2026-03-03 17:50:05,199 : INFO : Machine : Shutting down...
2026-03-03 17:50:05,199 : INFO : EventManager : Event: ======'shutdown'====== Args={}
2026-03-03 17:50:05,308 : INFO : root : MPF run loop ended.
