2026-03-01 14:59:05,363 : INFO : root : Loading config.
2026-03-01 14:59:05,702 : INFO : ConfigProcessor : Config spec file cache created: /var/folders/1s/015t8n3n70gcr2ch4xflj4yr0000gn/T/config_spec.mpf_cache
2026-03-01 14:59:05,702 : INFO : YamlMultifileConfigLoader : Machine config file #1: config.yaml
2026-03-01 14:59:05,703 : INFO : ConfigProcessor : Loading config from cache: /var/folders/1s/015t8n3n70gcr2ch4xflj4yr0000gn/T/954ddabc670342668a09b03520c7eb79.mpf_cache
2026-03-01 14:59:05,791 : INFO : ConfigProcessor : Loading config from cache: /var/folders/1s/015t8n3n70gcr2ch4xflj4yr0000gn/T/64218df07edc412f774c53ffb33c812d.mpf_cache
2026-03-01 14:59:05,792 : INFO : ConfigProcessor : Loading config from cache: /var/folders/1s/015t8n3n70gcr2ch4xflj4yr0000gn/T/767518d75df2d86a4d35c1fb94c70abd.mpf_cache
2026-03-01 14:59:05,792 : INFO : ConfigProcessor : Loading config from cache: /var/folders/1s/015t8n3n70gcr2ch4xflj4yr0000gn/T/64218df07edc412f774c53ffb33c812d.mpf_cache
2026-03-01 14:59:05,793 : INFO : ConfigProcessor : Loading config from cache: /var/folders/1s/015t8n3n70gcr2ch4xflj4yr0000gn/T/73548cb541cc3751ae5711fe0817282a.mpf_cache
2026-03-01 14:59:05,793 : INFO : ConfigProcessor : Loading config from cache: /var/folders/1s/015t8n3n70gcr2ch4xflj4yr0000gn/T/57f006170cd447d443f971cd8b826597.mpf_cache
2026-03-01 14:59:05,794 : INFO : ConfigProcessor : Loading config from cache: /var/folders/1s/015t8n3n70gcr2ch4xflj4yr0000gn/T/adb0ea3e4ccf2dafa758999a39c1d676.mpf_cache
2026-03-01 14:59:05,794 : INFO : Machine : Mission Pinball Framework Core Engine v0.80.0.dev13
2026-03-01 14:59:05,794 : INFO : Machine : Command line arguments: {'no_load_cache': False, 'create_config_cache': True, 'bcp': False, 'configfile': ['config.yaml'], 'force_assets_load': False, 'platform_integration_test': False, 'jsonlogging': False, 'logfile': 'logs/2026-03-01-14-59-05-mpf-ANDREs-Mac-mini.local.log', 'pause': False, 'production': False, 'text_ui': True, 'loglevel': 15, 'consoleloglevel': 20, 'force_platform': None, 'syslog_address': None, 'full_logfile_path': '/Users/pinball/NapoleonDynamite/logs/2026-03-01-14-59-05-mpf-ANDREs-Mac-mini.local.log'}
2026-03-01 14:59:05,795 : INFO : Machine : MPF path: /Users/pinball/mpf/lib/python3.14/site-packages/mpf
2026-03-01 14:59:05,795 : INFO : Machine : Machine path: /Users/pinball/NapoleonDynamite
2026-03-01 14:59:05,795 : INFO : Machine : Platform: darwin
2026-03-01 14:59:05,795 : INFO : Machine : Python executable location: /Users/pinball/mpf/bin/python3.14
2026-03-01 14:59:05,795 : INFO : Machine : Python version: 3.14.3 (64-bit)
2026-03-01 14:59:05,796 : INFO : Machine : Initializing MPF...
2026-03-01 14:59:05,932 : INFO : FAST : Auto-detecting ports for the following connections: ['net', 'exp']
2026-03-01 14:59:05,957 : INFO : FAST : Detected NET on port /dev/cu.usbmodem14101
2026-03-01 14:59:05,965 : INFO : FAST : Detected EXP on port /dev/cu.usbmodem14103
2026-03-01 14:59:06,074 : INFO : FAST [NET] : Trying to connect to /dev/cu.usbmodem14101 at 921600bps
2026-03-01 14:59:06,080 : INFO : FAST [NET] : Connected to /dev/cu.usbmodem14101 at 921600bps
2026-03-01 14:59:06,083 : INFO : FAST [NET] : Connected to FP-CPU-2000 with firmware v02.26
2026-03-01 14:59:06,085 : INFO : FAST [NET] : Registered I/O Board 0: Model: FP-I/O-0024, Firmware: 01.10, Switches: 24, Drivers: 8
2026-03-01 14:59:06,087 : INFO : FAST [NET] : Registered I/O Board 1: Model: FP-I/O-3208, Firmware: 01.10, Switches: 32, Drivers: 8
2026-03-01 14:59:06,088 : INFO : FAST [NET] : Registered I/O Board 2: Model: FP-I/O-0804, Firmware: 01.10, Switches: 8, Drivers: 4
2026-03-01 14:59:06,094 : INFO : FAST [EXP] : Trying to connect to /dev/cu.usbmodem14103 at 921600bps
2026-03-01 14:59:06,100 : INFO : FAST [EXP] : Connected to /dev/cu.usbmodem14103 at 921600bps
2026-03-01 14:59:06,101 : INFO : FAST [EXP] : Verifying hardware for EXP "neuron" (FP-EXP-2000, @48) with ID string "EXP FP-EXP-2000  0.34", board address 48
2026-03-01 14:59:06,102 : INFO : FAST [EXP] : Verifying hardware for EXP "neuron" (FP-EXP-2000, @48) with ID string "LED FP-BRK-0001  0.8", board address 480
2026-03-01 14:59:06,103 : INFO : EventManager : Event: ======'machine_var_credits_string'====== Args={'value': 'FREE PLAY', 'prev_value': None, 'change': True}
2026-03-01 14:59:06,127 : INFO : EventManager : Event: ======'machine_var_master_volume'====== Args={'value': 0.5, 'prev_value': None, 'change': True}
2026-03-01 14:59:06,127 : INFO : EventManager : Event: ======'machine_var_mpf_version'====== Args={'value': 'Mission Pinball Framework v0.80.0.dev13', 'prev_value': None, 'change': True}
2026-03-01 14:59:06,127 : INFO : EventManager : Event: ======'machine_var_mpf_extended_version'====== Args={'value': 'Mission Pinball Framework v0.80.0.dev13, Config version:6, Show version: 6, BCP version:1.1', 'prev_value': None, 'change': True}
2026-03-01 14:59:06,128 : INFO : EventManager : Event: ======'machine_var_python_version'====== Args={'value': '3.14.3', 'prev_value': None, 'change': True}
2026-03-01 14:59:06,147 : INFO : EventManager : Event: ======'machine_var_platform'====== Args={'value': 'macOS-14.8.4-x86_64-i386-64bit-Mach-O', 'prev_value': None, 'change': True}
2026-03-01 14:59:06,147 : INFO : EventManager : Event: ======'machine_var_platform_system'====== Args={'value': 'Darwin', 'prev_value': None, 'change': True}
2026-03-01 14:59:06,147 : INFO : EventManager : Event: ======'machine_var_platform_release'====== Args={'value': '23.6.0', 'prev_value': None, 'change': True}
2026-03-01 14:59:06,147 : INFO : EventManager : Event: ======'machine_var_platform_version'====== Args={'value': 'Darwin Kernel Version 23.6.0: Mon Jan 19 22:02:22 PST 2026; root:xnu-10063.141.1.710.3~1/RELEASE_X86_64', 'prev_value': None, 'change': True}
2026-03-01 14:59:06,147 : INFO : EventManager : Event: ======'machine_var_platform_machine'====== Args={'value': 'x86_64', 'prev_value': None, 'change': True}
2026-03-01 14:59:06,148 : INFO : EventManager : Event: ======'machine_var_log_file_path'====== Args={'value': '/Users/pinball/NapoleonDynamite/logs/2026-03-01-14-59-05-mpf-ANDREs-Mac-mini.local.log', 'prev_value': None, 'change': True}
2026-03-01 14:59:06,148 : INFO : EventManager : Event: ======'init_phase_1'====== Args={}
2026-03-01 14:59:06,318 : INFO : SwitchController : <<<<<<< 's_flipper_left_eos' active >>>>>>>
2026-03-01 14:59:06,318 : INFO : SwitchController : <<<<<<< 's_flipper_right_lower_eos' active >>>>>>>
2026-03-01 14:59:06,318 : INFO : SwitchController : <<<<<<< 's_trough_7' active >>>>>>>
2026-03-01 14:59:06,318 : INFO : SwitchController : <<<<<<< 's_bumper_lower' active >>>>>>>
2026-03-01 14:59:06,318 : INFO : SwitchController : <<<<<<< 's_bumper_upper' active >>>>>>>
2026-03-01 14:59:06,318 : INFO : SwitchController : <<<<<<< 's_inlane_right_2' active >>>>>>>
2026-03-01 14:59:06,319 : INFO : SwitchController : <<<<<<< 's_inlane_left' active >>>>>>>
2026-03-01 14:59:06,349 : INFO : EventManager : Event: ======'init_phase_2'====== Args={}
2026-03-01 14:59:06,350 : INFO : SwitchController : Found active switch: (37, [FAST Platform Interface]) <switch.s_flipper_left_eos>
2026-03-01 14:59:06,350 : INFO : SwitchController : Found active switch: (32, [FAST Platform Interface]) <switch.s_flipper_right_lower_eos>
2026-03-01 14:59:06,350 : INFO : SwitchController : Found active switch: (30, [FAST Platform Interface]) <switch.s_trough_7>
2026-03-01 14:59:06,350 : INFO : SwitchController : Found active switch: (41, [FAST Platform Interface]) <switch.s_bumper_lower>
2026-03-01 14:59:06,350 : INFO : SwitchController : Found active switch: (42, [FAST Platform Interface]) <switch.s_bumper_upper>
2026-03-01 14:59:06,350 : INFO : SwitchController : Found active switch: (36, [FAST Platform Interface]) <switch.s_inlane_right_2>
2026-03-01 14:59:06,350 : INFO : SwitchController : Found active switch: (39, [FAST Platform Interface]) <switch.s_inlane_left>
2026-03-01 14:59:06,819 : INFO : ball_device.bd_trough : BCH: Initial count: 1
2026-03-01 14:59:06,819 : INFO : ball_device.bd_trough : State: idle
2026-03-01 14:59:06,820 : INFO : ball_device.bd_plunger : BCH: Initial count: 0
2026-03-01 14:59:06,820 : INFO : ball_device.bd_plunger : State: idle
2026-03-01 14:59:06,846 : INFO : EventManager : Event: ======'init_phase_3'====== Args={}
2026-03-01 14:59:06,848 : INFO : EventManager : Event: ======'init_phase_4'====== Args={}
2026-03-01 14:59:06,848 : INFO : BallController : Initial balls found: 1
2026-03-01 14:59:06,850 : INFO : EventManager : Event: ======'machine_var_audits_events_game_ended'====== Args={'value': 0, 'prev_value': None, 'change': True}
2026-03-01 14:59:06,850 : INFO : EventManager : Event: ======'machine_var_audits_events_game_started'====== Args={'value': 29, 'prev_value': None, 'change': True}
2026-03-01 14:59:06,850 : INFO : EventManager : Event: ======'machine_var_audits_missing_switches_s_bumper_lower'====== Args={'value': 20, 'prev_value': None, 'change': True}
2026-03-01 14:59:06,850 : INFO : EventManager : Event: ======'machine_var_audits_missing_switches_s_bumper_upper'====== Args={'value': 21, 'prev_value': None, 'change': True}
2026-03-01 14:59:06,850 : INFO : EventManager : Event: ======'machine_var_audits_missing_switches_s_flipper_left'====== Args={'value': 1, 'prev_value': None, 'change': True}
2026-03-01 14:59:06,850 : INFO : EventManager : Event: ======'machine_var_audits_missing_switches_s_flipper_left_eos'====== Args={'value': 3, 'prev_value': None, 'change': True}
2026-03-01 14:59:06,850 : INFO : EventManager : Event: ======'machine_var_audits_missing_switches_s_flipper_right_lower_eos'====== Args={'value': 11, 'prev_value': None, 'change': True}
2026-03-01 14:59:06,850 : INFO : EventManager : Event: ======'machine_var_audits_missing_switches_s_flipper_right_upper_eos'====== Args={'value': 15, 'prev_value': None, 'change': True}
2026-03-01 14:59:06,850 : INFO : EventManager : Event: ======'machine_var_audits_missing_switches_s_inlane_left'====== Args={'value': 20, 'prev_value': None, 'change': True}
2026-03-01 14:59:06,850 : INFO : EventManager : Event: ======'machine_var_audits_missing_switches_s_inlane_right_1'====== Args={'value': 2, 'prev_value': None, 'change': True}
2026-03-01 14:59:06,851 : INFO : EventManager : Event: ======'machine_var_audits_missing_switches_s_inlane_right_2'====== Args={'value': 20, 'prev_value': None, 'change': True}
2026-03-01 14:59:06,851 : INFO : EventManager : Event: ======'machine_var_audits_missing_switches_s_scoop_tina'====== Args={'value': 2, 'prev_value': None, 'change': True}
2026-03-01 14:59:06,851 : INFO : EventManager : Event: ======'machine_var_audits_missing_switches_s_sling_left'====== Args={'value': 2, 'prev_value': None, 'change': True}
2026-03-01 14:59:06,851 : INFO : EventManager : Event: ======'machine_var_audits_missing_switches_s_sling_right'====== Args={'value': 2, 'prev_value': None, 'change': True}
2026-03-01 14:59:06,851 : INFO : EventManager : Event: ======'machine_var_audits_missing_switches_s_start'====== Args={'value': 1, 'prev_value': None, 'change': True}
2026-03-01 14:59:06,851 : INFO : EventManager : Event: ======'machine_var_audits_player_score'====== Args={'value': {'average': 0, 'top': [], 'total': 0}, 'prev_value': None, 'change': True}
2026-03-01 14:59:06,851 : INFO : EventManager : Event: ======'machine_var_audits_shots_bumper_lower'====== Args={'value': 76, 'prev_value': None, 'change': True}
2026-03-01 14:59:06,852 : INFO : EventManager : Event: ======'machine_var_audits_shots_bumper_upper'====== Args={'value': 81, 'prev_value': None, 'change': True}
2026-03-01 14:59:06,852 : INFO : EventManager : Event: ======'machine_var_audits_shots_hurryup'====== Args={'value': 3, 'prev_value': None, 'change': True}
2026-03-01 14:59:06,852 : INFO : EventManager : Event: ======'machine_var_audits_shots_inlane_left'====== Args={'value': 17, 'prev_value': None, 'change': True}
2026-03-01 14:59:06,852 : INFO : EventManager : Event: ======'machine_var_audits_shots_left_lane'====== Args={'value': 8, 'prev_value': None, 'change': True}
2026-03-01 14:59:06,852 : INFO : EventManager : Event: ======'machine_var_audits_switches_s_bumper_lower'====== Args={'value': 76, 'prev_value': None, 'change': True}
2026-03-01 14:59:06,852 : INFO : EventManager : Event: ======'machine_var_audits_switches_s_bumper_upper'====== Args={'value': 81, 'prev_value': None, 'change': True}
2026-03-01 14:59:06,852 : INFO : EventManager : Event: ======'machine_var_audits_switches_s_flipper_left'====== Args={'value': 423, 'prev_value': None, 'change': True}
2026-03-01 14:59:06,852 : INFO : EventManager : Event: ======'machine_var_audits_switches_s_flipper_left_eos'====== Args={'value': 181, 'prev_value': None, 'change': True}
2026-03-01 14:59:06,852 : INFO : EventManager : Event: ======'machine_var_audits_switches_s_flipper_right_lower'====== Args={'value': 433, 'prev_value': None, 'change': True}
2026-03-01 14:59:06,852 : INFO : EventManager : Event: ======'machine_var_audits_switches_s_flipper_right_lower_eos'====== Args={'value': 161, 'prev_value': None, 'change': True}
2026-03-01 14:59:06,853 : INFO : EventManager : Event: ======'machine_var_audits_switches_s_flipper_right_upper'====== Args={'value': 449, 'prev_value': None, 'change': True}
2026-03-01 14:59:06,853 : INFO : EventManager : Event: ======'machine_var_audits_switches_s_flipper_right_upper_eos'====== Args={'value': 43, 'prev_value': None, 'change': True}
2026-03-01 14:59:06,853 : INFO : EventManager : Event: ======'machine_var_audits_switches_s_inlane_left'====== Args={'value': 27, 'prev_value': None, 'change': True}
2026-03-01 14:59:06,853 : INFO : EventManager : Event: ======'machine_var_audits_switches_s_inlane_right_1'====== Args={'value': 18, 'prev_value': None, 'change': True}
2026-03-01 14:59:06,853 : INFO : EventManager : Event: ======'machine_var_audits_switches_s_inlane_right_2'====== Args={'value': 3, 'prev_value': None, 'change': True}
2026-03-01 14:59:06,853 : INFO : EventManager : Event: ======'machine_var_audits_switches_s_plunger'====== Args={'value': 11, 'prev_value': None, 'change': True}
2026-03-01 14:59:06,853 : INFO : EventManager : Event: ======'machine_var_audits_switches_s_plunger_lane'====== Args={'value': 29, 'prev_value': None, 'change': True}
2026-03-01 14:59:06,853 : INFO : EventManager : Event: ======'machine_var_audits_switches_s_scoop_tina'====== Args={'value': 11, 'prev_value': None, 'change': True}
2026-03-01 14:59:06,853 : INFO : EventManager : Event: ======'machine_var_audits_switches_s_sling_left'====== Args={'value': 193, 'prev_value': None, 'change': True}
2026-03-01 14:59:06,853 : INFO : EventManager : Event: ======'machine_var_audits_switches_s_sling_right'====== Args={'value': 30, 'prev_value': None, 'change': True}
2026-03-01 14:59:06,853 : INFO : EventManager : Event: ======'machine_var_audits_switches_s_start'====== Args={'value': 31, 'prev_value': None, 'change': True}
2026-03-01 14:59:06,853 : INFO : EventManager : Event: ======'machine_var_audits_switches_s_trough_1'====== Args={'value': 126, 'prev_value': None, 'change': True}
2026-03-01 14:59:06,853 : INFO : EventManager : Event: ======'machine_var_audits_switches_s_trough_2'====== Args={'value': 114, 'prev_value': None, 'change': True}
2026-03-01 14:59:06,854 : INFO : EventManager : Event: ======'machine_var_audits_switches_s_trough_3'====== Args={'value': 140, 'prev_value': None, 'change': True}
2026-03-01 14:59:06,854 : INFO : EventManager : Event: ======'machine_var_audits_switches_s_trough_4'====== Args={'value': 195, 'prev_value': None, 'change': True}
2026-03-01 14:59:06,854 : INFO : EventManager : Event: ======'machine_var_audits_switches_s_trough_5'====== Args={'value': 213, 'prev_value': None, 'change': True}
2026-03-01 14:59:06,854 : INFO : EventManager : Event: ======'machine_var_audits_switches_s_trough_6'====== Args={'value': 209, 'prev_value': None, 'change': True}
2026-03-01 14:59:06,854 : INFO : EventManager : Event: ======'machine_var_audits_switches_s_trough_7'====== Args={'value': 173, 'prev_value': None, 'change': True}
2026-03-01 14:59:06,855 : INFO : EventManager : Event: ======'init_phase_5'====== Args={}
2026-03-01 14:59:06,855 : INFO : ball_device.bd_trough : BCH: Count is unstable. Trying to reorder balls.
2026-03-01 14:59:06,855 : WARNING : ball_device.bd_trough : Cannot reorder device because eject_coil_reorder_pulse is not configured
2026-03-01 14:59:06,855 : INFO : ball_device.bd_trough : BCH: Repulse done. Waiting for balls to settle.
2026-03-01 14:59:06,855 : INFO : ball_device.bd_trough : BCH: Reordered count: 1
2026-03-01 14:59:06,856 : INFO : EventManager : Event: ======'init_done'====== Args={}
2026-03-01 14:59:06,856 : INFO : EventManager : Event: ======'machine_reset_phase_1'====== Args={}
2026-03-01 14:59:06,856 : INFO : EventManager : Event: ======'machine_reset_phase_2'====== Args={}
2026-03-01 14:59:06,857 : INFO : EventManager : Event: ======'machine_reset_phase_3'====== Args={}
2026-03-01 14:59:06,858 : INFO : EventManager : Event: ======'reset_complete'====== Args={}
2026-03-01 14:59:06,859 : INFO : EventManager : Event: ======'mode_attract_will_start'====== Args={}
2026-03-01 14:59:06,859 : INFO : Timer.attract_carousel_timer : Starting Timer.
2026-03-01 14:59:06,859 : INFO : EventManager : Event: ======'timer_attract_carousel_timer_started'====== Args={'ticks': 0, 'ticks_remaining': 1}
2026-03-01 14:59:06,859 : INFO : EventManager : Event: ======'timer_attract_carousel_timer_tick'====== Args={'ticks': 0, 'ticks_remaining': 1}
2026-03-01 14:59:06,860 : INFO : EventManager : Event: ======'mode_attract_starting'====== Args={}
2026-03-01 14:59:06,860 : INFO : Mode.attract : Started. Priority: 10
2026-03-01 14:59:06,860 : INFO : EventManager : Event: ======'modes_active_modes_changed'====== Args={}
2026-03-01 14:59:06,860 : INFO : EventManager : Event: ======'mode_attract_started'====== Args={}
2026-03-01 14:59:06,861 : INFO : EventManager : Event: ======'collecting_balls_complete'====== Args={}
2026-03-01 14:59:06,861 : INFO : EventManager : Event: ======'carousel_item_highlighted'====== Args={'carousel': 'attract', 'direction': None, 'item': 'title'}
2026-03-01 14:59:06,861 : INFO : EventManager : Event: ======'timer_attract_carousel_timer_tick'====== Args={'ticks': 0, 'ticks_remaining': 1}
2026-03-01 14:59:06,867 : INFO : Machine : Starting the main run loop with active modes: [<Mode.attract>]
2026-03-01 14:59:11,861 : INFO : Timer.attract_carousel_timer : Timer Complete
2026-03-01 14:59:11,861 : INFO : Timer.attract_carousel_timer : Stopping Timer
2026-03-01 14:59:11,862 : INFO : EventManager : Event: ======'timer_attract_carousel_timer_stopped'====== Args={'ticks': 1, 'ticks_remaining': 1}
2026-03-01 14:59:11,862 : INFO : EventManager : Event: ======'timer_attract_carousel_timer_complete'====== Args={'ticks': 1, 'ticks_remaining': 1}
2026-03-01 14:59:11,862 : INFO : EventManager : Event: ======'carousel_item_highlighted'====== Args={'carousel': 'attract', 'direction': 'forwards', 'item': 'credits'}
2026-03-01 14:59:11,862 : INFO : Timer.attract_carousel_timer : Starting Timer.
2026-03-01 14:59:11,862 : INFO : EventManager : Event: ======'timer_attract_carousel_timer_started'====== Args={'ticks': 0, 'ticks_remaining': 1}
2026-03-01 14:59:11,862 : INFO : EventManager : Event: ======'timer_attract_carousel_timer_tick'====== Args={'ticks': 0, 'ticks_remaining': 1}
2026-03-01 14:59:16,863 : INFO : Timer.attract_carousel_timer : Timer Complete
2026-03-01 14:59:16,863 : INFO : Timer.attract_carousel_timer : Stopping Timer
2026-03-01 14:59:16,864 : INFO : EventManager : Event: ======'timer_attract_carousel_timer_stopped'====== Args={'ticks': 1, 'ticks_remaining': 1}
2026-03-01 14:59:16,864 : INFO : EventManager : Event: ======'timer_attract_carousel_timer_complete'====== Args={'ticks': 1, 'ticks_remaining': 1}
2026-03-01 14:59:16,864 : INFO : EventManager : Event: ======'carousel_item_highlighted'====== Args={'carousel': 'attract', 'direction': 'forwards', 'item': 'logo'}
2026-03-01 14:59:16,864 : INFO : Timer.attract_carousel_timer : Starting Timer.
2026-03-01 14:59:16,864 : INFO : EventManager : Event: ======'timer_attract_carousel_timer_started'====== Args={'ticks': 0, 'ticks_remaining': 1}
2026-03-01 14:59:16,864 : INFO : EventManager : Event: ======'timer_attract_carousel_timer_tick'====== Args={'ticks': 0, 'ticks_remaining': 1}
2026-03-01 14:59:21,865 : INFO : Timer.attract_carousel_timer : Timer Complete
2026-03-01 14:59:21,865 : INFO : Timer.attract_carousel_timer : Stopping Timer
2026-03-01 14:59:21,866 : INFO : EventManager : Event: ======'timer_attract_carousel_timer_stopped'====== Args={'ticks': 1, 'ticks_remaining': 1}
2026-03-01 14:59:21,866 : INFO : EventManager : Event: ======'timer_attract_carousel_timer_complete'====== Args={'ticks': 1, 'ticks_remaining': 1}
2026-03-01 14:59:21,866 : INFO : EventManager : Event: ======'carousel_item_highlighted'====== Args={'carousel': 'attract', 'direction': 'forwards', 'item': 'title'}
2026-03-01 14:59:21,866 : INFO : Timer.attract_carousel_timer : Starting Timer.
2026-03-01 14:59:21,866 : INFO : EventManager : Event: ======'timer_attract_carousel_timer_started'====== Args={'ticks': 0, 'ticks_remaining': 1}
2026-03-01 14:59:21,866 : INFO : EventManager : Event: ======'timer_attract_carousel_timer_tick'====== Args={'ticks': 0, 'ticks_remaining': 1}
2026-03-01 14:59:26,867 : INFO : Timer.attract_carousel_timer : Timer Complete
2026-03-01 14:59:26,868 : INFO : Timer.attract_carousel_timer : Stopping Timer
2026-03-01 14:59:26,868 : INFO : EventManager : Event: ======'timer_attract_carousel_timer_stopped'====== Args={'ticks': 1, 'ticks_remaining': 1}
2026-03-01 14:59:26,868 : INFO : EventManager : Event: ======'timer_attract_carousel_timer_complete'====== Args={'ticks': 1, 'ticks_remaining': 1}
2026-03-01 14:59:26,868 : INFO : EventManager : Event: ======'carousel_item_highlighted'====== Args={'carousel': 'attract', 'direction': 'forwards', 'item': 'credits'}
2026-03-01 14:59:26,868 : INFO : Timer.attract_carousel_timer : Starting Timer.
2026-03-01 14:59:26,869 : INFO : EventManager : Event: ======'timer_attract_carousel_timer_started'====== Args={'ticks': 0, 'ticks_remaining': 1}
2026-03-01 14:59:26,869 : INFO : EventManager : Event: ======'timer_attract_carousel_timer_tick'====== Args={'ticks': 0, 'ticks_remaining': 1}
2026-03-01 14:59:31,869 : INFO : Timer.attract_carousel_timer : Timer Complete
2026-03-01 14:59:31,870 : INFO : Timer.attract_carousel_timer : Stopping Timer
2026-03-01 14:59:31,870 : INFO : EventManager : Event: ======'timer_attract_carousel_timer_stopped'====== Args={'ticks': 1, 'ticks_remaining': 1}
2026-03-01 14:59:31,870 : INFO : EventManager : Event: ======'timer_attract_carousel_timer_complete'====== Args={'ticks': 1, 'ticks_remaining': 1}
2026-03-01 14:59:31,870 : INFO : EventManager : Event: ======'carousel_item_highlighted'====== Args={'carousel': 'attract', 'direction': 'forwards', 'item': 'logo'}
2026-03-01 14:59:31,871 : INFO : Timer.attract_carousel_timer : Starting Timer.
2026-03-01 14:59:31,871 : INFO : EventManager : Event: ======'timer_attract_carousel_timer_started'====== Args={'ticks': 0, 'ticks_remaining': 1}
2026-03-01 14:59:31,871 : INFO : EventManager : Event: ======'timer_attract_carousel_timer_tick'====== Args={'ticks': 0, 'ticks_remaining': 1}
2026-03-01 14:59:36,871 : INFO : Timer.attract_carousel_timer : Timer Complete
2026-03-01 14:59:36,871 : INFO : Timer.attract_carousel_timer : Stopping Timer
2026-03-01 14:59:36,871 : INFO : EventManager : Event: ======'timer_attract_carousel_timer_stopped'====== Args={'ticks': 1, 'ticks_remaining': 1}
2026-03-01 14:59:36,871 : INFO : EventManager : Event: ======'timer_attract_carousel_timer_complete'====== Args={'ticks': 1, 'ticks_remaining': 1}
2026-03-01 14:59:36,871 : INFO : EventManager : Event: ======'carousel_item_highlighted'====== Args={'carousel': 'attract', 'direction': 'forwards', 'item': 'title'}
2026-03-01 14:59:36,872 : INFO : Timer.attract_carousel_timer : Starting Timer.
2026-03-01 14:59:36,872 : INFO : EventManager : Event: ======'timer_attract_carousel_timer_started'====== Args={'ticks': 0, 'ticks_remaining': 1}
2026-03-01 14:59:36,872 : INFO : EventManager : Event: ======'timer_attract_carousel_timer_tick'====== Args={'ticks': 0, 'ticks_remaining': 1}
2026-03-01 14:59:41,872 : INFO : Timer.attract_carousel_timer : Timer Complete
2026-03-01 14:59:41,872 : INFO : Timer.attract_carousel_timer : Stopping Timer
2026-03-01 14:59:41,873 : INFO : EventManager : Event: ======'timer_attract_carousel_timer_stopped'====== Args={'ticks': 1, 'ticks_remaining': 1}
2026-03-01 14:59:41,873 : INFO : EventManager : Event: ======'timer_attract_carousel_timer_complete'====== Args={'ticks': 1, 'ticks_remaining': 1}
2026-03-01 14:59:41,873 : INFO : EventManager : Event: ======'carousel_item_highlighted'====== Args={'carousel': 'attract', 'direction': 'forwards', 'item': 'credits'}
2026-03-01 14:59:41,873 : INFO : Timer.attract_carousel_timer : Starting Timer.
2026-03-01 14:59:41,873 : INFO : EventManager : Event: ======'timer_attract_carousel_timer_started'====== Args={'ticks': 0, 'ticks_remaining': 1}
2026-03-01 14:59:41,873 : INFO : EventManager : Event: ======'timer_attract_carousel_timer_tick'====== Args={'ticks': 0, 'ticks_remaining': 1}
2026-03-01 14:59:46,874 : INFO : Timer.attract_carousel_timer : Timer Complete
2026-03-01 14:59:46,874 : INFO : Timer.attract_carousel_timer : Stopping Timer
2026-03-01 14:59:46,874 : INFO : EventManager : Event: ======'timer_attract_carousel_timer_stopped'====== Args={'ticks': 1, 'ticks_remaining': 1}
2026-03-01 14:59:46,874 : INFO : EventManager : Event: ======'timer_attract_carousel_timer_complete'====== Args={'ticks': 1, 'ticks_remaining': 1}
2026-03-01 14:59:46,875 : INFO : EventManager : Event: ======'carousel_item_highlighted'====== Args={'carousel': 'attract', 'direction': 'forwards', 'item': 'logo'}
2026-03-01 14:59:46,875 : INFO : Timer.attract_carousel_timer : Starting Timer.
2026-03-01 14:59:46,875 : INFO : EventManager : Event: ======'timer_attract_carousel_timer_started'====== Args={'ticks': 0, 'ticks_remaining': 1}
2026-03-01 14:59:46,875 : INFO : EventManager : Event: ======'timer_attract_carousel_timer_tick'====== Args={'ticks': 0, 'ticks_remaining': 1}
2026-03-01 14:59:51,876 : INFO : Timer.attract_carousel_timer : Timer Complete
2026-03-01 14:59:51,876 : INFO : Timer.attract_carousel_timer : Stopping Timer
2026-03-01 14:59:51,876 : INFO : EventManager : Event: ======'timer_attract_carousel_timer_stopped'====== Args={'ticks': 1, 'ticks_remaining': 1}
2026-03-01 14:59:51,876 : INFO : EventManager : Event: ======'timer_attract_carousel_timer_complete'====== Args={'ticks': 1, 'ticks_remaining': 1}
2026-03-01 14:59:51,876 : INFO : EventManager : Event: ======'carousel_item_highlighted'====== Args={'carousel': 'attract', 'direction': 'forwards', 'item': 'title'}
2026-03-01 14:59:51,877 : INFO : Timer.attract_carousel_timer : Starting Timer.
2026-03-01 14:59:51,877 : INFO : EventManager : Event: ======'timer_attract_carousel_timer_started'====== Args={'ticks': 0, 'ticks_remaining': 1}
2026-03-01 14:59:51,877 : INFO : EventManager : Event: ======'timer_attract_carousel_timer_tick'====== Args={'ticks': 0, 'ticks_remaining': 1}
2026-03-01 14:59:56,877 : INFO : Timer.attract_carousel_timer : Timer Complete
2026-03-01 14:59:56,877 : INFO : Timer.attract_carousel_timer : Stopping Timer
2026-03-01 14:59:56,877 : INFO : EventManager : Event: ======'timer_attract_carousel_timer_stopped'====== Args={'ticks': 1, 'ticks_remaining': 1}
2026-03-01 14:59:56,877 : INFO : EventManager : Event: ======'timer_attract_carousel_timer_complete'====== Args={'ticks': 1, 'ticks_remaining': 1}
2026-03-01 14:59:56,877 : INFO : EventManager : Event: ======'carousel_item_highlighted'====== Args={'carousel': 'attract', 'direction': 'forwards', 'item': 'credits'}
2026-03-01 14:59:56,877 : INFO : Timer.attract_carousel_timer : Starting Timer.
2026-03-01 14:59:56,878 : INFO : EventManager : Event: ======'timer_attract_carousel_timer_started'====== Args={'ticks': 0, 'ticks_remaining': 1}
2026-03-01 14:59:56,878 : INFO : EventManager : Event: ======'timer_attract_carousel_timer_tick'====== Args={'ticks': 0, 'ticks_remaining': 1}
2026-03-01 15:00:01,878 : INFO : Timer.attract_carousel_timer : Timer Complete
2026-03-01 15:00:01,878 : INFO : Timer.attract_carousel_timer : Stopping Timer
2026-03-01 15:00:01,878 : INFO : EventManager : Event: ======'timer_attract_carousel_timer_stopped'====== Args={'ticks': 1, 'ticks_remaining': 1}
2026-03-01 15:00:01,878 : INFO : EventManager : Event: ======'timer_attract_carousel_timer_complete'====== Args={'ticks': 1, 'ticks_remaining': 1}
2026-03-01 15:00:01,879 : INFO : EventManager : Event: ======'carousel_item_highlighted'====== Args={'carousel': 'attract', 'direction': 'forwards', 'item': 'logo'}
2026-03-01 15:00:01,879 : INFO : Timer.attract_carousel_timer : Starting Timer.
2026-03-01 15:00:01,879 : INFO : EventManager : Event: ======'timer_attract_carousel_timer_started'====== Args={'ticks': 0, 'ticks_remaining': 1}
2026-03-01 15:00:01,879 : INFO : EventManager : Event: ======'timer_attract_carousel_timer_tick'====== Args={'ticks': 0, 'ticks_remaining': 1}
2026-03-01 15:00:06,880 : INFO : Timer.attract_carousel_timer : Timer Complete
2026-03-01 15:00:06,880 : INFO : Timer.attract_carousel_timer : Stopping Timer
2026-03-01 15:00:06,881 : INFO : EventManager : Event: ======'timer_attract_carousel_timer_stopped'====== Args={'ticks': 1, 'ticks_remaining': 1}
2026-03-01 15:00:06,881 : INFO : EventManager : Event: ======'timer_attract_carousel_timer_complete'====== Args={'ticks': 1, 'ticks_remaining': 1}
2026-03-01 15:00:06,881 : INFO : EventManager : Event: ======'carousel_item_highlighted'====== Args={'carousel': 'attract', 'direction': 'forwards', 'item': 'title'}
2026-03-01 15:00:06,882 : INFO : Timer.attract_carousel_timer : Starting Timer.
2026-03-01 15:00:06,882 : INFO : EventManager : Event: ======'timer_attract_carousel_timer_started'====== Args={'ticks': 0, 'ticks_remaining': 1}
2026-03-01 15:00:06,882 : INFO : EventManager : Event: ======'timer_attract_carousel_timer_tick'====== Args={'ticks': 0, 'ticks_remaining': 1}
2026-03-01 15:00:11,882 : INFO : Timer.attract_carousel_timer : Timer Complete
2026-03-01 15:00:11,882 : INFO : Timer.attract_carousel_timer : Stopping Timer
2026-03-01 15:00:11,882 : INFO : EventManager : Event: ======'timer_attract_carousel_timer_stopped'====== Args={'ticks': 1, 'ticks_remaining': 1}
2026-03-01 15:00:11,882 : INFO : EventManager : Event: ======'timer_attract_carousel_timer_complete'====== Args={'ticks': 1, 'ticks_remaining': 1}
2026-03-01 15:00:11,882 : INFO : EventManager : Event: ======'carousel_item_highlighted'====== Args={'carousel': 'attract', 'direction': 'forwards', 'item': 'credits'}
2026-03-01 15:00:11,882 : INFO : Timer.attract_carousel_timer : Starting Timer.
2026-03-01 15:00:11,883 : INFO : EventManager : Event: ======'timer_attract_carousel_timer_started'====== Args={'ticks': 0, 'ticks_remaining': 1}
2026-03-01 15:00:11,883 : INFO : EventManager : Event: ======'timer_attract_carousel_timer_tick'====== Args={'ticks': 0, 'ticks_remaining': 1}
2026-03-01 15:00:16,883 : INFO : Timer.attract_carousel_timer : Timer Complete
2026-03-01 15:00:16,883 : INFO : Timer.attract_carousel_timer : Stopping Timer
2026-03-01 15:00:16,883 : INFO : EventManager : Event: ======'timer_attract_carousel_timer_stopped'====== Args={'ticks': 1, 'ticks_remaining': 1}
2026-03-01 15:00:16,883 : INFO : EventManager : Event: ======'timer_attract_carousel_timer_complete'====== Args={'ticks': 1, 'ticks_remaining': 1}
2026-03-01 15:00:16,884 : INFO : EventManager : Event: ======'carousel_item_highlighted'====== Args={'carousel': 'attract', 'direction': 'forwards', 'item': 'logo'}
2026-03-01 15:00:16,884 : INFO : Timer.attract_carousel_timer : Starting Timer.
2026-03-01 15:00:16,884 : INFO : EventManager : Event: ======'timer_attract_carousel_timer_started'====== Args={'ticks': 0, 'ticks_remaining': 1}
2026-03-01 15:00:16,884 : INFO : EventManager : Event: ======'timer_attract_carousel_timer_tick'====== Args={'ticks': 0, 'ticks_remaining': 1}
2026-03-01 15:00:21,884 : INFO : Timer.attract_carousel_timer : Timer Complete
2026-03-01 15:00:21,884 : INFO : Timer.attract_carousel_timer : Stopping Timer
2026-03-01 15:00:21,884 : INFO : EventManager : Event: ======'timer_attract_carousel_timer_stopped'====== Args={'ticks': 1, 'ticks_remaining': 1}
2026-03-01 15:00:21,884 : INFO : EventManager : Event: ======'timer_attract_carousel_timer_complete'====== Args={'ticks': 1, 'ticks_remaining': 1}
2026-03-01 15:00:21,885 : INFO : EventManager : Event: ======'carousel_item_highlighted'====== Args={'carousel': 'attract', 'direction': 'forwards', 'item': 'title'}
2026-03-01 15:00:21,885 : INFO : Timer.attract_carousel_timer : Starting Timer.
2026-03-01 15:00:21,885 : INFO : EventManager : Event: ======'timer_attract_carousel_timer_started'====== Args={'ticks': 0, 'ticks_remaining': 1}
2026-03-01 15:00:21,885 : INFO : EventManager : Event: ======'timer_attract_carousel_timer_tick'====== Args={'ticks': 0, 'ticks_remaining': 1}
2026-03-01 15:00:26,885 : INFO : Timer.attract_carousel_timer : Timer Complete
2026-03-01 15:00:26,886 : INFO : Timer.attract_carousel_timer : Stopping Timer
2026-03-01 15:00:26,886 : INFO : EventManager : Event: ======'timer_attract_carousel_timer_stopped'====== Args={'ticks': 1, 'ticks_remaining': 1}
2026-03-01 15:00:26,886 : INFO : EventManager : Event: ======'timer_attract_carousel_timer_complete'====== Args={'ticks': 1, 'ticks_remaining': 1}
2026-03-01 15:00:26,886 : INFO : EventManager : Event: ======'carousel_item_highlighted'====== Args={'carousel': 'attract', 'direction': 'forwards', 'item': 'credits'}
2026-03-01 15:00:26,886 : INFO : Timer.attract_carousel_timer : Starting Timer.
2026-03-01 15:00:26,886 : INFO : EventManager : Event: ======'timer_attract_carousel_timer_started'====== Args={'ticks': 0, 'ticks_remaining': 1}
2026-03-01 15:00:26,886 : INFO : EventManager : Event: ======'timer_attract_carousel_timer_tick'====== Args={'ticks': 0, 'ticks_remaining': 1}
2026-03-01 15:00:31,887 : INFO : Timer.attract_carousel_timer : Timer Complete
2026-03-01 15:00:31,887 : INFO : Timer.attract_carousel_timer : Stopping Timer
2026-03-01 15:00:31,887 : INFO : EventManager : Event: ======'timer_attract_carousel_timer_stopped'====== Args={'ticks': 1, 'ticks_remaining': 1}
2026-03-01 15:00:31,887 : INFO : EventManager : Event: ======'timer_attract_carousel_timer_complete'====== Args={'ticks': 1, 'ticks_remaining': 1}
2026-03-01 15:00:31,888 : INFO : EventManager : Event: ======'carousel_item_highlighted'====== Args={'carousel': 'attract', 'direction': 'forwards', 'item': 'logo'}
2026-03-01 15:00:31,888 : INFO : Timer.attract_carousel_timer : Starting Timer.
2026-03-01 15:00:31,888 : INFO : EventManager : Event: ======'timer_attract_carousel_timer_started'====== Args={'ticks': 0, 'ticks_remaining': 1}
2026-03-01 15:00:31,888 : INFO : EventManager : Event: ======'timer_attract_carousel_timer_tick'====== Args={'ticks': 0, 'ticks_remaining': 1}
2026-03-01 15:00:36,889 : INFO : Timer.attract_carousel_timer : Timer Complete
2026-03-01 15:00:36,889 : INFO : Timer.attract_carousel_timer : Stopping Timer
2026-03-01 15:00:36,890 : INFO : EventManager : Event: ======'timer_attract_carousel_timer_stopped'====== Args={'ticks': 1, 'ticks_remaining': 1}
2026-03-01 15:00:36,890 : INFO : EventManager : Event: ======'timer_attract_carousel_timer_complete'====== Args={'ticks': 1, 'ticks_remaining': 1}
2026-03-01 15:00:36,890 : INFO : EventManager : Event: ======'carousel_item_highlighted'====== Args={'carousel': 'attract', 'direction': 'forwards', 'item': 'title'}
2026-03-01 15:00:36,890 : INFO : Timer.attract_carousel_timer : Starting Timer.
2026-03-01 15:00:36,891 : INFO : EventManager : Event: ======'timer_attract_carousel_timer_started'====== Args={'ticks': 0, 'ticks_remaining': 1}
2026-03-01 15:00:36,891 : INFO : EventManager : Event: ======'timer_attract_carousel_timer_tick'====== Args={'ticks': 0, 'ticks_remaining': 1}
2026-03-01 15:00:41,891 : INFO : Timer.attract_carousel_timer : Timer Complete
2026-03-01 15:00:41,891 : INFO : Timer.attract_carousel_timer : Stopping Timer
2026-03-01 15:00:41,891 : INFO : EventManager : Event: ======'timer_attract_carousel_timer_stopped'====== Args={'ticks': 1, 'ticks_remaining': 1}
2026-03-01 15:00:41,891 : INFO : EventManager : Event: ======'timer_attract_carousel_timer_complete'====== Args={'ticks': 1, 'ticks_remaining': 1}
2026-03-01 15:00:41,891 : INFO : EventManager : Event: ======'carousel_item_highlighted'====== Args={'carousel': 'attract', 'direction': 'forwards', 'item': 'credits'}
2026-03-01 15:00:41,891 : INFO : Timer.attract_carousel_timer : Starting Timer.
2026-03-01 15:00:41,891 : INFO : EventManager : Event: ======'timer_attract_carousel_timer_started'====== Args={'ticks': 0, 'ticks_remaining': 1}
2026-03-01 15:00:41,892 : INFO : EventManager : Event: ======'timer_attract_carousel_timer_tick'====== Args={'ticks': 0, 'ticks_remaining': 1}
2026-03-01 15:00:46,892 : INFO : Timer.attract_carousel_timer : Timer Complete
2026-03-01 15:00:46,892 : INFO : Timer.attract_carousel_timer : Stopping Timer
2026-03-01 15:00:46,892 : INFO : EventManager : Event: ======'timer_attract_carousel_timer_stopped'====== Args={'ticks': 1, 'ticks_remaining': 1}
2026-03-01 15:00:46,892 : INFO : EventManager : Event: ======'timer_attract_carousel_timer_complete'====== Args={'ticks': 1, 'ticks_remaining': 1}
2026-03-01 15:00:46,893 : INFO : EventManager : Event: ======'carousel_item_highlighted'====== Args={'carousel': 'attract', 'direction': 'forwards', 'item': 'logo'}
2026-03-01 15:00:46,893 : INFO : Timer.attract_carousel_timer : Starting Timer.
2026-03-01 15:00:46,893 : INFO : EventManager : Event: ======'timer_attract_carousel_timer_started'====== Args={'ticks': 0, 'ticks_remaining': 1}
2026-03-01 15:00:46,893 : INFO : EventManager : Event: ======'timer_attract_carousel_timer_tick'====== Args={'ticks': 0, 'ticks_remaining': 1}
2026-03-01 15:00:51,893 : INFO : Timer.attract_carousel_timer : Timer Complete
2026-03-01 15:00:51,893 : INFO : Timer.attract_carousel_timer : Stopping Timer
2026-03-01 15:00:51,894 : INFO : EventManager : Event: ======'timer_attract_carousel_timer_stopped'====== Args={'ticks': 1, 'ticks_remaining': 1}
2026-03-01 15:00:51,894 : INFO : EventManager : Event: ======'timer_attract_carousel_timer_complete'====== Args={'ticks': 1, 'ticks_remaining': 1}
2026-03-01 15:00:51,894 : INFO : EventManager : Event: ======'carousel_item_highlighted'====== Args={'carousel': 'attract', 'direction': 'forwards', 'item': 'title'}
2026-03-01 15:00:51,894 : INFO : Timer.attract_carousel_timer : Starting Timer.
2026-03-01 15:00:51,894 : INFO : EventManager : Event: ======'timer_attract_carousel_timer_started'====== Args={'ticks': 0, 'ticks_remaining': 1}
2026-03-01 15:00:51,895 : INFO : EventManager : Event: ======'timer_attract_carousel_timer_tick'====== Args={'ticks': 0, 'ticks_remaining': 1}
2026-03-01 15:00:56,895 : INFO : Timer.attract_carousel_timer : Timer Complete
2026-03-01 15:00:56,895 : INFO : Timer.attract_carousel_timer : Stopping Timer
2026-03-01 15:00:56,896 : INFO : EventManager : Event: ======'timer_attract_carousel_timer_stopped'====== Args={'ticks': 1, 'ticks_remaining': 1}
2026-03-01 15:00:56,896 : INFO : EventManager : Event: ======'timer_attract_carousel_timer_complete'====== Args={'ticks': 1, 'ticks_remaining': 1}
2026-03-01 15:00:56,896 : INFO : EventManager : Event: ======'carousel_item_highlighted'====== Args={'carousel': 'attract', 'direction': 'forwards', 'item': 'credits'}
2026-03-01 15:00:56,896 : INFO : Timer.attract_carousel_timer : Starting Timer.
2026-03-01 15:00:56,896 : INFO : EventManager : Event: ======'timer_attract_carousel_timer_started'====== Args={'ticks': 0, 'ticks_remaining': 1}
2026-03-01 15:00:56,896 : INFO : EventManager : Event: ======'timer_attract_carousel_timer_tick'====== Args={'ticks': 0, 'ticks_remaining': 1}
2026-03-01 15:01:01,896 : INFO : Timer.attract_carousel_timer : Timer Complete
2026-03-01 15:01:01,896 : INFO : Timer.attract_carousel_timer : Stopping Timer
2026-03-01 15:01:01,896 : INFO : EventManager : Event: ======'timer_attract_carousel_timer_stopped'====== Args={'ticks': 1, 'ticks_remaining': 1}
2026-03-01 15:01:01,897 : INFO : EventManager : Event: ======'timer_attract_carousel_timer_complete'====== Args={'ticks': 1, 'ticks_remaining': 1}
2026-03-01 15:01:01,897 : INFO : EventManager : Event: ======'carousel_item_highlighted'====== Args={'carousel': 'attract', 'direction': 'forwards', 'item': 'logo'}
2026-03-01 15:01:01,897 : INFO : Timer.attract_carousel_timer : Starting Timer.
2026-03-01 15:01:01,897 : INFO : EventManager : Event: ======'timer_attract_carousel_timer_started'====== Args={'ticks': 0, 'ticks_remaining': 1}
2026-03-01 15:01:01,897 : INFO : EventManager : Event: ======'timer_attract_carousel_timer_tick'====== Args={'ticks': 0, 'ticks_remaining': 1}
2026-03-01 15:01:06,898 : INFO : Timer.attract_carousel_timer : Timer Complete
2026-03-01 15:01:06,898 : INFO : Timer.attract_carousel_timer : Stopping Timer
2026-03-01 15:01:06,898 : INFO : EventManager : Event: ======'timer_attract_carousel_timer_stopped'====== Args={'ticks': 1, 'ticks_remaining': 1}
2026-03-01 15:01:06,898 : INFO : EventManager : Event: ======'timer_attract_carousel_timer_complete'====== Args={'ticks': 1, 'ticks_remaining': 1}
2026-03-01 15:01:06,899 : INFO : EventManager : Event: ======'carousel_item_highlighted'====== Args={'carousel': 'attract', 'direction': 'forwards', 'item': 'title'}
2026-03-01 15:01:06,899 : INFO : Timer.attract_carousel_timer : Starting Timer.
2026-03-01 15:01:06,899 : INFO : EventManager : Event: ======'timer_attract_carousel_timer_started'====== Args={'ticks': 0, 'ticks_remaining': 1}
2026-03-01 15:01:06,899 : INFO : EventManager : Event: ======'timer_attract_carousel_timer_tick'====== Args={'ticks': 0, 'ticks_remaining': 1}
2026-03-01 15:01:11,899 : INFO : Timer.attract_carousel_timer : Timer Complete
2026-03-01 15:01:11,899 : INFO : Timer.attract_carousel_timer : Stopping Timer
2026-03-01 15:01:11,900 : INFO : EventManager : Event: ======'timer_attract_carousel_timer_stopped'====== Args={'ticks': 1, 'ticks_remaining': 1}
2026-03-01 15:01:11,900 : INFO : EventManager : Event: ======'timer_attract_carousel_timer_complete'====== Args={'ticks': 1, 'ticks_remaining': 1}
2026-03-01 15:01:11,900 : INFO : EventManager : Event: ======'carousel_item_highlighted'====== Args={'carousel': 'attract', 'direction': 'forwards', 'item': 'credits'}
2026-03-01 15:01:11,900 : INFO : Timer.attract_carousel_timer : Starting Timer.
2026-03-01 15:01:11,900 : INFO : EventManager : Event: ======'timer_attract_carousel_timer_started'====== Args={'ticks': 0, 'ticks_remaining': 1}
2026-03-01 15:01:11,900 : INFO : EventManager : Event: ======'timer_attract_carousel_timer_tick'====== Args={'ticks': 0, 'ticks_remaining': 1}
2026-03-01 15:01:16,900 : INFO : Timer.attract_carousel_timer : Timer Complete
2026-03-01 15:01:16,901 : INFO : Timer.attract_carousel_timer : Stopping Timer
2026-03-01 15:01:16,901 : INFO : EventManager : Event: ======'timer_attract_carousel_timer_stopped'====== Args={'ticks': 1, 'ticks_remaining': 1}
2026-03-01 15:01:16,901 : INFO : EventManager : Event: ======'timer_attract_carousel_timer_complete'====== Args={'ticks': 1, 'ticks_remaining': 1}
2026-03-01 15:01:16,901 : INFO : EventManager : Event: ======'carousel_item_highlighted'====== Args={'carousel': 'attract', 'direction': 'forwards', 'item': 'logo'}
2026-03-01 15:01:16,901 : INFO : Timer.attract_carousel_timer : Starting Timer.
2026-03-01 15:01:16,901 : INFO : EventManager : Event: ======'timer_attract_carousel_timer_started'====== Args={'ticks': 0, 'ticks_remaining': 1}
2026-03-01 15:01:16,901 : INFO : EventManager : Event: ======'timer_attract_carousel_timer_tick'====== Args={'ticks': 0, 'ticks_remaining': 1}
2026-03-01 15:01:21,901 : INFO : Timer.attract_carousel_timer : Timer Complete
2026-03-01 15:01:21,902 : INFO : Timer.attract_carousel_timer : Stopping Timer
2026-03-01 15:01:21,902 : INFO : EventManager : Event: ======'timer_attract_carousel_timer_stopped'====== Args={'ticks': 1, 'ticks_remaining': 1}
2026-03-01 15:01:21,902 : INFO : EventManager : Event: ======'timer_attract_carousel_timer_complete'====== Args={'ticks': 1, 'ticks_remaining': 1}
2026-03-01 15:01:21,902 : INFO : EventManager : Event: ======'carousel_item_highlighted'====== Args={'carousel': 'attract', 'direction': 'forwards', 'item': 'title'}
2026-03-01 15:01:21,902 : INFO : Timer.attract_carousel_timer : Starting Timer.
2026-03-01 15:01:21,902 : INFO : EventManager : Event: ======'timer_attract_carousel_timer_started'====== Args={'ticks': 0, 'ticks_remaining': 1}
2026-03-01 15:01:21,902 : INFO : EventManager : Event: ======'timer_attract_carousel_timer_tick'====== Args={'ticks': 0, 'ticks_remaining': 1}
2026-03-01 15:01:26,903 : INFO : Timer.attract_carousel_timer : Timer Complete
2026-03-01 15:01:26,903 : INFO : Timer.attract_carousel_timer : Stopping Timer
2026-03-01 15:01:26,903 : INFO : EventManager : Event: ======'timer_attract_carousel_timer_stopped'====== Args={'ticks': 1, 'ticks_remaining': 1}
2026-03-01 15:01:26,903 : INFO : EventManager : Event: ======'timer_attract_carousel_timer_complete'====== Args={'ticks': 1, 'ticks_remaining': 1}
2026-03-01 15:01:26,904 : INFO : EventManager : Event: ======'carousel_item_highlighted'====== Args={'carousel': 'attract', 'direction': 'forwards', 'item': 'credits'}
2026-03-01 15:01:26,904 : INFO : Timer.attract_carousel_timer : Starting Timer.
2026-03-01 15:01:26,904 : INFO : EventManager : Event: ======'timer_attract_carousel_timer_started'====== Args={'ticks': 0, 'ticks_remaining': 1}
2026-03-01 15:01:26,904 : INFO : EventManager : Event: ======'timer_attract_carousel_timer_tick'====== Args={'ticks': 0, 'ticks_remaining': 1}
2026-03-01 15:01:31,904 : INFO : Timer.attract_carousel_timer : Timer Complete
2026-03-01 15:01:31,904 : INFO : Timer.attract_carousel_timer : Stopping Timer
2026-03-01 15:01:31,905 : INFO : EventManager : Event: ======'timer_attract_carousel_timer_stopped'====== Args={'ticks': 1, 'ticks_remaining': 1}
2026-03-01 15:01:31,905 : INFO : EventManager : Event: ======'timer_attract_carousel_timer_complete'====== Args={'ticks': 1, 'ticks_remaining': 1}
2026-03-01 15:01:31,905 : INFO : EventManager : Event: ======'carousel_item_highlighted'====== Args={'carousel': 'attract', 'direction': 'forwards', 'item': 'logo'}
2026-03-01 15:01:31,905 : INFO : Timer.attract_carousel_timer : Starting Timer.
2026-03-01 15:01:31,906 : INFO : EventManager : Event: ======'timer_attract_carousel_timer_started'====== Args={'ticks': 0, 'ticks_remaining': 1}
2026-03-01 15:01:31,906 : INFO : EventManager : Event: ======'timer_attract_carousel_timer_tick'====== Args={'ticks': 0, 'ticks_remaining': 1}
2026-03-01 15:01:36,906 : INFO : Timer.attract_carousel_timer : Timer Complete
2026-03-01 15:01:36,906 : INFO : Timer.attract_carousel_timer : Stopping Timer
2026-03-01 15:01:36,906 : INFO : EventManager : Event: ======'timer_attract_carousel_timer_stopped'====== Args={'ticks': 1, 'ticks_remaining': 1}
2026-03-01 15:01:36,906 : INFO : EventManager : Event: ======'timer_attract_carousel_timer_complete'====== Args={'ticks': 1, 'ticks_remaining': 1}
2026-03-01 15:01:36,906 : INFO : EventManager : Event: ======'carousel_item_highlighted'====== Args={'carousel': 'attract', 'direction': 'forwards', 'item': 'title'}
2026-03-01 15:01:36,906 : INFO : Timer.attract_carousel_timer : Starting Timer.
2026-03-01 15:01:36,906 : INFO : EventManager : Event: ======'timer_attract_carousel_timer_started'====== Args={'ticks': 0, 'ticks_remaining': 1}
2026-03-01 15:01:36,907 : INFO : EventManager : Event: ======'timer_attract_carousel_timer_tick'====== Args={'ticks': 0, 'ticks_remaining': 1}
2026-03-01 15:01:41,912 : INFO : Timer.attract_carousel_timer : Timer Complete
2026-03-01 15:01:41,912 : INFO : Timer.attract_carousel_timer : Stopping Timer
2026-03-01 15:01:41,912 : INFO : EventManager : Event: ======'timer_attract_carousel_timer_stopped'====== Args={'ticks': 1, 'ticks_remaining': 1}
2026-03-01 15:01:41,912 : INFO : EventManager : Event: ======'timer_attract_carousel_timer_complete'====== Args={'ticks': 1, 'ticks_remaining': 1}
2026-03-01 15:01:41,912 : INFO : EventManager : Event: ======'carousel_item_highlighted'====== Args={'carousel': 'attract', 'direction': 'forwards', 'item': 'credits'}
2026-03-01 15:01:41,912 : INFO : Timer.attract_carousel_timer : Starting Timer.
2026-03-01 15:01:41,912 : INFO : EventManager : Event: ======'timer_attract_carousel_timer_started'====== Args={'ticks': 0, 'ticks_remaining': 1}
2026-03-01 15:01:41,913 : INFO : EventManager : Event: ======'timer_attract_carousel_timer_tick'====== Args={'ticks': 0, 'ticks_remaining': 1}
2026-03-01 15:01:46,912 : INFO : Timer.attract_carousel_timer : Timer Complete
2026-03-01 15:01:46,913 : INFO : Timer.attract_carousel_timer : Stopping Timer
2026-03-01 15:01:46,913 : INFO : EventManager : Event: ======'timer_attract_carousel_timer_stopped'====== Args={'ticks': 1, 'ticks_remaining': 1}
2026-03-01 15:01:46,913 : INFO : EventManager : Event: ======'timer_attract_carousel_timer_complete'====== Args={'ticks': 1, 'ticks_remaining': 1}
2026-03-01 15:01:46,913 : INFO : EventManager : Event: ======'carousel_item_highlighted'====== Args={'carousel': 'attract', 'direction': 'forwards', 'item': 'logo'}
2026-03-01 15:01:46,913 : INFO : Timer.attract_carousel_timer : Starting Timer.
2026-03-01 15:01:46,913 : INFO : EventManager : Event: ======'timer_attract_carousel_timer_started'====== Args={'ticks': 0, 'ticks_remaining': 1}
2026-03-01 15:01:46,913 : INFO : EventManager : Event: ======'timer_attract_carousel_timer_tick'====== Args={'ticks': 0, 'ticks_remaining': 1}
2026-03-01 15:01:51,913 : INFO : Timer.attract_carousel_timer : Timer Complete
2026-03-01 15:01:51,913 : INFO : Timer.attract_carousel_timer : Stopping Timer
2026-03-01 15:01:51,913 : INFO : EventManager : Event: ======'timer_attract_carousel_timer_stopped'====== Args={'ticks': 1, 'ticks_remaining': 1}
2026-03-01 15:01:51,913 : INFO : EventManager : Event: ======'timer_attract_carousel_timer_complete'====== Args={'ticks': 1, 'ticks_remaining': 1}
2026-03-01 15:01:51,914 : INFO : EventManager : Event: ======'carousel_item_highlighted'====== Args={'carousel': 'attract', 'direction': 'forwards', 'item': 'title'}
2026-03-01 15:01:51,914 : INFO : Timer.attract_carousel_timer : Starting Timer.
2026-03-01 15:01:51,914 : INFO : EventManager : Event: ======'timer_attract_carousel_timer_started'====== Args={'ticks': 0, 'ticks_remaining': 1}
2026-03-01 15:01:51,914 : INFO : EventManager : Event: ======'timer_attract_carousel_timer_tick'====== Args={'ticks': 0, 'ticks_remaining': 1}
2026-03-01 15:01:56,914 : INFO : Timer.attract_carousel_timer : Timer Complete
2026-03-01 15:01:56,915 : INFO : Timer.attract_carousel_timer : Stopping Timer
2026-03-01 15:01:56,915 : INFO : EventManager : Event: ======'timer_attract_carousel_timer_stopped'====== Args={'ticks': 1, 'ticks_remaining': 1}
2026-03-01 15:01:56,915 : INFO : EventManager : Event: ======'timer_attract_carousel_timer_complete'====== Args={'ticks': 1, 'ticks_remaining': 1}
2026-03-01 15:01:56,915 : INFO : EventManager : Event: ======'carousel_item_highlighted'====== Args={'carousel': 'attract', 'direction': 'forwards', 'item': 'credits'}
2026-03-01 15:01:56,916 : INFO : Timer.attract_carousel_timer : Starting Timer.
2026-03-01 15:01:56,916 : INFO : EventManager : Event: ======'timer_attract_carousel_timer_started'====== Args={'ticks': 0, 'ticks_remaining': 1}
2026-03-01 15:01:56,916 : INFO : EventManager : Event: ======'timer_attract_carousel_timer_tick'====== Args={'ticks': 0, 'ticks_remaining': 1}
2026-03-01 15:02:01,916 : INFO : Timer.attract_carousel_timer : Timer Complete
2026-03-01 15:02:01,916 : INFO : Timer.attract_carousel_timer : Stopping Timer
2026-03-01 15:02:01,916 : INFO : EventManager : Event: ======'timer_attract_carousel_timer_stopped'====== Args={'ticks': 1, 'ticks_remaining': 1}
2026-03-01 15:02:01,916 : INFO : EventManager : Event: ======'timer_attract_carousel_timer_complete'====== Args={'ticks': 1, 'ticks_remaining': 1}
2026-03-01 15:02:01,916 : INFO : EventManager : Event: ======'carousel_item_highlighted'====== Args={'carousel': 'attract', 'direction': 'forwards', 'item': 'logo'}
2026-03-01 15:02:01,916 : INFO : Timer.attract_carousel_timer : Starting Timer.
2026-03-01 15:02:01,917 : INFO : EventManager : Event: ======'timer_attract_carousel_timer_started'====== Args={'ticks': 0, 'ticks_remaining': 1}
2026-03-01 15:02:01,917 : INFO : EventManager : Event: ======'timer_attract_carousel_timer_tick'====== Args={'ticks': 0, 'ticks_remaining': 1}
2026-03-01 15:02:06,917 : INFO : Timer.attract_carousel_timer : Timer Complete
2026-03-01 15:02:06,917 : INFO : Timer.attract_carousel_timer : Stopping Timer
2026-03-01 15:02:06,917 : INFO : EventManager : Event: ======'timer_attract_carousel_timer_stopped'====== Args={'ticks': 1, 'ticks_remaining': 1}
2026-03-01 15:02:06,917 : INFO : EventManager : Event: ======'timer_attract_carousel_timer_complete'====== Args={'ticks': 1, 'ticks_remaining': 1}
2026-03-01 15:02:06,917 : INFO : EventManager : Event: ======'carousel_item_highlighted'====== Args={'carousel': 'attract', 'direction': 'forwards', 'item': 'title'}
2026-03-01 15:02:06,918 : INFO : Timer.attract_carousel_timer : Starting Timer.
2026-03-01 15:02:06,918 : INFO : EventManager : Event: ======'timer_attract_carousel_timer_started'====== Args={'ticks': 0, 'ticks_remaining': 1}
2026-03-01 15:02:06,918 : INFO : EventManager : Event: ======'timer_attract_carousel_timer_tick'====== Args={'ticks': 0, 'ticks_remaining': 1}
2026-03-01 15:02:11,918 : INFO : Timer.attract_carousel_timer : Timer Complete
2026-03-01 15:02:11,918 : INFO : Timer.attract_carousel_timer : Stopping Timer
2026-03-01 15:02:11,918 : INFO : EventManager : Event: ======'timer_attract_carousel_timer_stopped'====== Args={'ticks': 1, 'ticks_remaining': 1}
2026-03-01 15:02:11,919 : INFO : EventManager : Event: ======'timer_attract_carousel_timer_complete'====== Args={'ticks': 1, 'ticks_remaining': 1}
2026-03-01 15:02:11,919 : INFO : EventManager : Event: ======'carousel_item_highlighted'====== Args={'carousel': 'attract', 'direction': 'forwards', 'item': 'credits'}
2026-03-01 15:02:11,919 : INFO : Timer.attract_carousel_timer : Starting Timer.
2026-03-01 15:02:11,919 : INFO : EventManager : Event: ======'timer_attract_carousel_timer_started'====== Args={'ticks': 0, 'ticks_remaining': 1}
2026-03-01 15:02:11,919 : INFO : EventManager : Event: ======'timer_attract_carousel_timer_tick'====== Args={'ticks': 0, 'ticks_remaining': 1}
2026-03-01 15:02:16,919 : INFO : Timer.attract_carousel_timer : Timer Complete
2026-03-01 15:02:16,920 : INFO : Timer.attract_carousel_timer : Stopping Timer
2026-03-01 15:02:16,920 : INFO : EventManager : Event: ======'timer_attract_carousel_timer_stopped'====== Args={'ticks': 1, 'ticks_remaining': 1}
2026-03-01 15:02:16,920 : INFO : EventManager : Event: ======'timer_attract_carousel_timer_complete'====== Args={'ticks': 1, 'ticks_remaining': 1}
2026-03-01 15:02:16,920 : INFO : EventManager : Event: ======'carousel_item_highlighted'====== Args={'carousel': 'attract', 'direction': 'forwards', 'item': 'logo'}
2026-03-01 15:02:16,920 : INFO : Timer.attract_carousel_timer : Starting Timer.
2026-03-01 15:02:16,920 : INFO : EventManager : Event: ======'timer_attract_carousel_timer_started'====== Args={'ticks': 0, 'ticks_remaining': 1}
2026-03-01 15:02:16,920 : INFO : EventManager : Event: ======'timer_attract_carousel_timer_tick'====== Args={'ticks': 0, 'ticks_remaining': 1}
2026-03-01 15:02:21,921 : INFO : Timer.attract_carousel_timer : Timer Complete
2026-03-01 15:02:21,921 : INFO : Timer.attract_carousel_timer : Stopping Timer
2026-03-01 15:02:21,921 : INFO : EventManager : Event: ======'timer_attract_carousel_timer_stopped'====== Args={'ticks': 1, 'ticks_remaining': 1}
2026-03-01 15:02:21,921 : INFO : EventManager : Event: ======'timer_attract_carousel_timer_complete'====== Args={'ticks': 1, 'ticks_remaining': 1}
2026-03-01 15:02:21,922 : INFO : EventManager : Event: ======'carousel_item_highlighted'====== Args={'carousel': 'attract', 'direction': 'forwards', 'item': 'title'}
2026-03-01 15:02:21,922 : INFO : Timer.attract_carousel_timer : Starting Timer.
2026-03-01 15:02:21,922 : INFO : EventManager : Event: ======'timer_attract_carousel_timer_started'====== Args={'ticks': 0, 'ticks_remaining': 1}
2026-03-01 15:02:21,922 : INFO : EventManager : Event: ======'timer_attract_carousel_timer_tick'====== Args={'ticks': 0, 'ticks_remaining': 1}
2026-03-01 15:02:26,922 : INFO : Timer.attract_carousel_timer : Timer Complete
2026-03-01 15:02:26,922 : INFO : Timer.attract_carousel_timer : Stopping Timer
2026-03-01 15:02:26,923 : INFO : EventManager : Event: ======'timer_attract_carousel_timer_stopped'====== Args={'ticks': 1, 'ticks_remaining': 1}
2026-03-01 15:02:26,923 : INFO : EventManager : Event: ======'timer_attract_carousel_timer_complete'====== Args={'ticks': 1, 'ticks_remaining': 1}
2026-03-01 15:02:26,923 : INFO : EventManager : Event: ======'carousel_item_highlighted'====== Args={'carousel': 'attract', 'direction': 'forwards', 'item': 'credits'}
2026-03-01 15:02:26,924 : INFO : Timer.attract_carousel_timer : Starting Timer.
2026-03-01 15:02:26,924 : INFO : EventManager : Event: ======'timer_attract_carousel_timer_started'====== Args={'ticks': 0, 'ticks_remaining': 1}
2026-03-01 15:02:26,924 : INFO : EventManager : Event: ======'timer_attract_carousel_timer_tick'====== Args={'ticks': 0, 'ticks_remaining': 1}
2026-03-01 15:02:31,924 : INFO : Timer.attract_carousel_timer : Timer Complete
2026-03-01 15:02:31,925 : INFO : Timer.attract_carousel_timer : Stopping Timer
2026-03-01 15:02:31,925 : INFO : EventManager : Event: ======'timer_attract_carousel_timer_stopped'====== Args={'ticks': 1, 'ticks_remaining': 1}
2026-03-01 15:02:31,925 : INFO : EventManager : Event: ======'timer_attract_carousel_timer_complete'====== Args={'ticks': 1, 'ticks_remaining': 1}
2026-03-01 15:02:31,925 : INFO : EventManager : Event: ======'carousel_item_highlighted'====== Args={'carousel': 'attract', 'direction': 'forwards', 'item': 'logo'}
2026-03-01 15:02:31,925 : INFO : Timer.attract_carousel_timer : Starting Timer.
2026-03-01 15:02:31,926 : INFO : EventManager : Event: ======'timer_attract_carousel_timer_started'====== Args={'ticks': 0, 'ticks_remaining': 1}
2026-03-01 15:02:31,926 : INFO : EventManager : Event: ======'timer_attract_carousel_timer_tick'====== Args={'ticks': 0, 'ticks_remaining': 1}
2026-03-01 15:02:36,925 : INFO : Timer.attract_carousel_timer : Timer Complete
2026-03-01 15:02:36,926 : INFO : Timer.attract_carousel_timer : Stopping Timer
2026-03-01 15:02:36,926 : INFO : EventManager : Event: ======'timer_attract_carousel_timer_stopped'====== Args={'ticks': 1, 'ticks_remaining': 1}
2026-03-01 15:02:36,926 : INFO : EventManager : Event: ======'timer_attract_carousel_timer_complete'====== Args={'ticks': 1, 'ticks_remaining': 1}
2026-03-01 15:02:36,926 : INFO : EventManager : Event: ======'carousel_item_highlighted'====== Args={'carousel': 'attract', 'direction': 'forwards', 'item': 'title'}
2026-03-01 15:02:36,926 : INFO : Timer.attract_carousel_timer : Starting Timer.
2026-03-01 15:02:36,926 : INFO : EventManager : Event: ======'timer_attract_carousel_timer_started'====== Args={'ticks': 0, 'ticks_remaining': 1}
2026-03-01 15:02:36,926 : INFO : EventManager : Event: ======'timer_attract_carousel_timer_tick'====== Args={'ticks': 0, 'ticks_remaining': 1}
2026-03-01 15:02:41,927 : INFO : Timer.attract_carousel_timer : Timer Complete
2026-03-01 15:02:41,928 : INFO : Timer.attract_carousel_timer : Stopping Timer
2026-03-01 15:02:41,928 : INFO : EventManager : Event: ======'timer_attract_carousel_timer_stopped'====== Args={'ticks': 1, 'ticks_remaining': 1}
2026-03-01 15:02:41,928 : INFO : EventManager : Event: ======'timer_attract_carousel_timer_complete'====== Args={'ticks': 1, 'ticks_remaining': 1}
2026-03-01 15:02:41,928 : INFO : EventManager : Event: ======'carousel_item_highlighted'====== Args={'carousel': 'attract', 'direction': 'forwards', 'item': 'credits'}
2026-03-01 15:02:41,929 : INFO : Timer.attract_carousel_timer : Starting Timer.
2026-03-01 15:02:41,929 : INFO : EventManager : Event: ======'timer_attract_carousel_timer_started'====== Args={'ticks': 0, 'ticks_remaining': 1}
2026-03-01 15:02:41,929 : INFO : EventManager : Event: ======'timer_attract_carousel_timer_tick'====== Args={'ticks': 0, 'ticks_remaining': 1}
2026-03-01 15:02:46,929 : INFO : Timer.attract_carousel_timer : Timer Complete
2026-03-01 15:02:46,930 : INFO : Timer.attract_carousel_timer : Stopping Timer
2026-03-01 15:02:46,930 : INFO : EventManager : Event: ======'timer_attract_carousel_timer_stopped'====== Args={'ticks': 1, 'ticks_remaining': 1}
2026-03-01 15:02:46,930 : INFO : EventManager : Event: ======'timer_attract_carousel_timer_complete'====== Args={'ticks': 1, 'ticks_remaining': 1}
2026-03-01 15:02:46,930 : INFO : EventManager : Event: ======'carousel_item_highlighted'====== Args={'carousel': 'attract', 'direction': 'forwards', 'item': 'logo'}
2026-03-01 15:02:46,930 : INFO : Timer.attract_carousel_timer : Starting Timer.
2026-03-01 15:02:46,930 : INFO : EventManager : Event: ======'timer_attract_carousel_timer_started'====== Args={'ticks': 0, 'ticks_remaining': 1}
2026-03-01 15:02:46,931 : INFO : EventManager : Event: ======'timer_attract_carousel_timer_tick'====== Args={'ticks': 0, 'ticks_remaining': 1}
2026-03-01 15:02:51,931 : INFO : Timer.attract_carousel_timer : Timer Complete
2026-03-01 15:02:51,931 : INFO : Timer.attract_carousel_timer : Stopping Timer
2026-03-01 15:02:51,931 : INFO : EventManager : Event: ======'timer_attract_carousel_timer_stopped'====== Args={'ticks': 1, 'ticks_remaining': 1}
2026-03-01 15:02:51,932 : INFO : EventManager : Event: ======'timer_attract_carousel_timer_complete'====== Args={'ticks': 1, 'ticks_remaining': 1}
2026-03-01 15:02:51,932 : INFO : EventManager : Event: ======'carousel_item_highlighted'====== Args={'carousel': 'attract', 'direction': 'forwards', 'item': 'title'}
2026-03-01 15:02:51,932 : INFO : Timer.attract_carousel_timer : Starting Timer.
2026-03-01 15:02:51,932 : INFO : EventManager : Event: ======'timer_attract_carousel_timer_started'====== Args={'ticks': 0, 'ticks_remaining': 1}
2026-03-01 15:02:51,932 : INFO : EventManager : Event: ======'timer_attract_carousel_timer_tick'====== Args={'ticks': 0, 'ticks_remaining': 1}
2026-03-01 15:02:56,933 : INFO : Timer.attract_carousel_timer : Timer Complete
2026-03-01 15:02:56,933 : INFO : Timer.attract_carousel_timer : Stopping Timer
2026-03-01 15:02:56,933 : INFO : EventManager : Event: ======'timer_attract_carousel_timer_stopped'====== Args={'ticks': 1, 'ticks_remaining': 1}
2026-03-01 15:02:56,933 : INFO : EventManager : Event: ======'timer_attract_carousel_timer_complete'====== Args={'ticks': 1, 'ticks_remaining': 1}
2026-03-01 15:02:56,934 : INFO : EventManager : Event: ======'carousel_item_highlighted'====== Args={'carousel': 'attract', 'direction': 'forwards', 'item': 'credits'}
2026-03-01 15:02:56,934 : INFO : Timer.attract_carousel_timer : Starting Timer.
2026-03-01 15:02:56,935 : INFO : EventManager : Event: ======'timer_attract_carousel_timer_started'====== Args={'ticks': 0, 'ticks_remaining': 1}
2026-03-01 15:02:56,935 : INFO : EventManager : Event: ======'timer_attract_carousel_timer_tick'====== Args={'ticks': 0, 'ticks_remaining': 1}
2026-03-01 15:03:01,935 : INFO : Timer.attract_carousel_timer : Timer Complete
2026-03-01 15:03:01,935 : INFO : Timer.attract_carousel_timer : Stopping Timer
2026-03-01 15:03:01,936 : INFO : EventManager : Event: ======'timer_attract_carousel_timer_stopped'====== Args={'ticks': 1, 'ticks_remaining': 1}
2026-03-01 15:03:01,936 : INFO : EventManager : Event: ======'timer_attract_carousel_timer_complete'====== Args={'ticks': 1, 'ticks_remaining': 1}
2026-03-01 15:03:01,936 : INFO : EventManager : Event: ======'carousel_item_highlighted'====== Args={'carousel': 'attract', 'direction': 'forwards', 'item': 'logo'}
2026-03-01 15:03:01,936 : INFO : Timer.attract_carousel_timer : Starting Timer.
2026-03-01 15:03:01,936 : INFO : EventManager : Event: ======'timer_attract_carousel_timer_started'====== Args={'ticks': 0, 'ticks_remaining': 1}
2026-03-01 15:03:01,936 : INFO : EventManager : Event: ======'timer_attract_carousel_timer_tick'====== Args={'ticks': 0, 'ticks_remaining': 1}
2026-03-01 15:03:06,937 : INFO : Timer.attract_carousel_timer : Timer Complete
2026-03-01 15:03:06,937 : INFO : Timer.attract_carousel_timer : Stopping Timer
2026-03-01 15:03:06,937 : INFO : EventManager : Event: ======'timer_attract_carousel_timer_stopped'====== Args={'ticks': 1, 'ticks_remaining': 1}
2026-03-01 15:03:06,937 : INFO : EventManager : Event: ======'timer_attract_carousel_timer_complete'====== Args={'ticks': 1, 'ticks_remaining': 1}
2026-03-01 15:03:06,937 : INFO : EventManager : Event: ======'carousel_item_highlighted'====== Args={'carousel': 'attract', 'direction': 'forwards', 'item': 'title'}
2026-03-01 15:03:06,938 : INFO : Timer.attract_carousel_timer : Starting Timer.
2026-03-01 15:03:06,938 : INFO : EventManager : Event: ======'timer_attract_carousel_timer_started'====== Args={'ticks': 0, 'ticks_remaining': 1}
2026-03-01 15:03:06,938 : INFO : EventManager : Event: ======'timer_attract_carousel_timer_tick'====== Args={'ticks': 0, 'ticks_remaining': 1}
2026-03-01 15:03:11,938 : INFO : Timer.attract_carousel_timer : Timer Complete
2026-03-01 15:03:11,938 : INFO : Timer.attract_carousel_timer : Stopping Timer
2026-03-01 15:03:11,938 : INFO : EventManager : Event: ======'timer_attract_carousel_timer_stopped'====== Args={'ticks': 1, 'ticks_remaining': 1}
2026-03-01 15:03:11,938 : INFO : EventManager : Event: ======'timer_attract_carousel_timer_complete'====== Args={'ticks': 1, 'ticks_remaining': 1}
2026-03-01 15:03:11,939 : INFO : EventManager : Event: ======'carousel_item_highlighted'====== Args={'carousel': 'attract', 'direction': 'forwards', 'item': 'credits'}
2026-03-01 15:03:11,939 : INFO : Timer.attract_carousel_timer : Starting Timer.
2026-03-01 15:03:11,939 : INFO : EventManager : Event: ======'timer_attract_carousel_timer_started'====== Args={'ticks': 0, 'ticks_remaining': 1}
2026-03-01 15:03:11,939 : INFO : EventManager : Event: ======'timer_attract_carousel_timer_tick'====== Args={'ticks': 0, 'ticks_remaining': 1}
2026-03-01 15:03:16,940 : INFO : Timer.attract_carousel_timer : Timer Complete
2026-03-01 15:03:16,940 : INFO : Timer.attract_carousel_timer : Stopping Timer
2026-03-01 15:03:16,940 : INFO : EventManager : Event: ======'timer_attract_carousel_timer_stopped'====== Args={'ticks': 1, 'ticks_remaining': 1}
2026-03-01 15:03:16,940 : INFO : EventManager : Event: ======'timer_attract_carousel_timer_complete'====== Args={'ticks': 1, 'ticks_remaining': 1}
2026-03-01 15:03:16,940 : INFO : EventManager : Event: ======'carousel_item_highlighted'====== Args={'carousel': 'attract', 'direction': 'forwards', 'item': 'logo'}
2026-03-01 15:03:16,941 : INFO : Timer.attract_carousel_timer : Starting Timer.
2026-03-01 15:03:16,941 : INFO : EventManager : Event: ======'timer_attract_carousel_timer_started'====== Args={'ticks': 0, 'ticks_remaining': 1}
2026-03-01 15:03:16,941 : INFO : EventManager : Event: ======'timer_attract_carousel_timer_tick'====== Args={'ticks': 0, 'ticks_remaining': 1}
2026-03-01 15:03:21,941 : INFO : Timer.attract_carousel_timer : Timer Complete
2026-03-01 15:03:21,941 : INFO : Timer.attract_carousel_timer : Stopping Timer
2026-03-01 15:03:21,941 : INFO : EventManager : Event: ======'timer_attract_carousel_timer_stopped'====== Args={'ticks': 1, 'ticks_remaining': 1}
2026-03-01 15:03:21,941 : INFO : EventManager : Event: ======'timer_attract_carousel_timer_complete'====== Args={'ticks': 1, 'ticks_remaining': 1}
2026-03-01 15:03:21,941 : INFO : EventManager : Event: ======'carousel_item_highlighted'====== Args={'carousel': 'attract', 'direction': 'forwards', 'item': 'title'}
2026-03-01 15:03:21,941 : INFO : Timer.attract_carousel_timer : Starting Timer.
2026-03-01 15:03:21,941 : INFO : EventManager : Event: ======'timer_attract_carousel_timer_started'====== Args={'ticks': 0, 'ticks_remaining': 1}
2026-03-01 15:03:21,941 : INFO : EventManager : Event: ======'timer_attract_carousel_timer_tick'====== Args={'ticks': 0, 'ticks_remaining': 1}
2026-03-01 15:03:26,941 : INFO : Timer.attract_carousel_timer : Timer Complete
2026-03-01 15:03:26,942 : INFO : Timer.attract_carousel_timer : Stopping Timer
2026-03-01 15:03:26,942 : INFO : EventManager : Event: ======'timer_attract_carousel_timer_stopped'====== Args={'ticks': 1, 'ticks_remaining': 1}
2026-03-01 15:03:26,942 : INFO : EventManager : Event: ======'timer_attract_carousel_timer_complete'====== Args={'ticks': 1, 'ticks_remaining': 1}
2026-03-01 15:03:26,943 : INFO : EventManager : Event: ======'carousel_item_highlighted'====== Args={'carousel': 'attract', 'direction': 'forwards', 'item': 'credits'}
2026-03-01 15:03:26,943 : INFO : Timer.attract_carousel_timer : Starting Timer.
2026-03-01 15:03:26,943 : INFO : EventManager : Event: ======'timer_attract_carousel_timer_started'====== Args={'ticks': 0, 'ticks_remaining': 1}
2026-03-01 15:03:26,943 : INFO : EventManager : Event: ======'timer_attract_carousel_timer_tick'====== Args={'ticks': 0, 'ticks_remaining': 1}
2026-03-01 15:03:31,943 : INFO : Timer.attract_carousel_timer : Timer Complete
2026-03-01 15:03:31,943 : INFO : Timer.attract_carousel_timer : Stopping Timer
2026-03-01 15:03:31,943 : INFO : EventManager : Event: ======'timer_attract_carousel_timer_stopped'====== Args={'ticks': 1, 'ticks_remaining': 1}
2026-03-01 15:03:31,943 : INFO : EventManager : Event: ======'timer_attract_carousel_timer_complete'====== Args={'ticks': 1, 'ticks_remaining': 1}
2026-03-01 15:03:31,944 : INFO : EventManager : Event: ======'carousel_item_highlighted'====== Args={'carousel': 'attract', 'direction': 'forwards', 'item': 'logo'}
2026-03-01 15:03:31,944 : INFO : Timer.attract_carousel_timer : Starting Timer.
2026-03-01 15:03:31,944 : INFO : EventManager : Event: ======'timer_attract_carousel_timer_started'====== Args={'ticks': 0, 'ticks_remaining': 1}
2026-03-01 15:03:31,944 : INFO : EventManager : Event: ======'timer_attract_carousel_timer_tick'====== Args={'ticks': 0, 'ticks_remaining': 1}
2026-03-01 15:03:36,944 : INFO : Timer.attract_carousel_timer : Timer Complete
2026-03-01 15:03:36,944 : INFO : Timer.attract_carousel_timer : Stopping Timer
2026-03-01 15:03:36,945 : INFO : EventManager : Event: ======'timer_attract_carousel_timer_stopped'====== Args={'ticks': 1, 'ticks_remaining': 1}
2026-03-01 15:03:36,945 : INFO : EventManager : Event: ======'timer_attract_carousel_timer_complete'====== Args={'ticks': 1, 'ticks_remaining': 1}
2026-03-01 15:03:36,945 : INFO : EventManager : Event: ======'carousel_item_highlighted'====== Args={'carousel': 'attract', 'direction': 'forwards', 'item': 'title'}
2026-03-01 15:03:36,945 : INFO : Timer.attract_carousel_timer : Starting Timer.
2026-03-01 15:03:36,945 : INFO : EventManager : Event: ======'timer_attract_carousel_timer_started'====== Args={'ticks': 0, 'ticks_remaining': 1}
2026-03-01 15:03:36,945 : INFO : EventManager : Event: ======'timer_attract_carousel_timer_tick'====== Args={'ticks': 0, 'ticks_remaining': 1}
2026-03-01 15:03:41,946 : INFO : Timer.attract_carousel_timer : Timer Complete
2026-03-01 15:03:41,946 : INFO : Timer.attract_carousel_timer : Stopping Timer
2026-03-01 15:03:41,947 : INFO : EventManager : Event: ======'timer_attract_carousel_timer_stopped'====== Args={'ticks': 1, 'ticks_remaining': 1}
2026-03-01 15:03:41,947 : INFO : EventManager : Event: ======'timer_attract_carousel_timer_complete'====== Args={'ticks': 1, 'ticks_remaining': 1}
2026-03-01 15:03:41,947 : INFO : EventManager : Event: ======'carousel_item_highlighted'====== Args={'carousel': 'attract', 'direction': 'forwards', 'item': 'credits'}
2026-03-01 15:03:41,948 : INFO : Timer.attract_carousel_timer : Starting Timer.
2026-03-01 15:03:41,948 : INFO : EventManager : Event: ======'timer_attract_carousel_timer_started'====== Args={'ticks': 0, 'ticks_remaining': 1}
2026-03-01 15:03:41,948 : INFO : EventManager : Event: ======'timer_attract_carousel_timer_tick'====== Args={'ticks': 0, 'ticks_remaining': 1}
2026-03-01 15:03:46,948 : INFO : Timer.attract_carousel_timer : Timer Complete
2026-03-01 15:03:46,948 : INFO : Timer.attract_carousel_timer : Stopping Timer
2026-03-01 15:03:46,948 : INFO : EventManager : Event: ======'timer_attract_carousel_timer_stopped'====== Args={'ticks': 1, 'ticks_remaining': 1}
2026-03-01 15:03:46,948 : INFO : EventManager : Event: ======'timer_attract_carousel_timer_complete'====== Args={'ticks': 1, 'ticks_remaining': 1}
2026-03-01 15:03:46,949 : INFO : EventManager : Event: ======'carousel_item_highlighted'====== Args={'carousel': 'attract', 'direction': 'forwards', 'item': 'logo'}
2026-03-01 15:03:46,949 : INFO : Timer.attract_carousel_timer : Starting Timer.
2026-03-01 15:03:46,949 : INFO : EventManager : Event: ======'timer_attract_carousel_timer_started'====== Args={'ticks': 0, 'ticks_remaining': 1}
2026-03-01 15:03:46,949 : INFO : EventManager : Event: ======'timer_attract_carousel_timer_tick'====== Args={'ticks': 0, 'ticks_remaining': 1}
2026-03-01 15:03:51,950 : INFO : Timer.attract_carousel_timer : Timer Complete
2026-03-01 15:03:51,950 : INFO : Timer.attract_carousel_timer : Stopping Timer
2026-03-01 15:03:51,950 : INFO : EventManager : Event: ======'timer_attract_carousel_timer_stopped'====== Args={'ticks': 1, 'ticks_remaining': 1}
2026-03-01 15:03:51,950 : INFO : EventManager : Event: ======'timer_attract_carousel_timer_complete'====== Args={'ticks': 1, 'ticks_remaining': 1}
2026-03-01 15:03:51,951 : INFO : EventManager : Event: ======'carousel_item_highlighted'====== Args={'carousel': 'attract', 'direction': 'forwards', 'item': 'title'}
2026-03-01 15:03:51,951 : INFO : Timer.attract_carousel_timer : Starting Timer.
2026-03-01 15:03:51,951 : INFO : EventManager : Event: ======'timer_attract_carousel_timer_started'====== Args={'ticks': 0, 'ticks_remaining': 1}
2026-03-01 15:03:51,951 : INFO : EventManager : Event: ======'timer_attract_carousel_timer_tick'====== Args={'ticks': 0, 'ticks_remaining': 1}
2026-03-01 15:03:56,952 : INFO : Timer.attract_carousel_timer : Timer Complete
2026-03-01 15:03:56,952 : INFO : Timer.attract_carousel_timer : Stopping Timer
2026-03-01 15:03:56,952 : INFO : EventManager : Event: ======'timer_attract_carousel_timer_stopped'====== Args={'ticks': 1, 'ticks_remaining': 1}
2026-03-01 15:03:56,952 : INFO : EventManager : Event: ======'timer_attract_carousel_timer_complete'====== Args={'ticks': 1, 'ticks_remaining': 1}
2026-03-01 15:03:56,953 : INFO : EventManager : Event: ======'carousel_item_highlighted'====== Args={'carousel': 'attract', 'direction': 'forwards', 'item': 'credits'}
2026-03-01 15:03:56,953 : INFO : Timer.attract_carousel_timer : Starting Timer.
2026-03-01 15:03:56,953 : INFO : EventManager : Event: ======'timer_attract_carousel_timer_started'====== Args={'ticks': 0, 'ticks_remaining': 1}
2026-03-01 15:03:56,953 : INFO : EventManager : Event: ======'timer_attract_carousel_timer_tick'====== Args={'ticks': 0, 'ticks_remaining': 1}
2026-03-01 15:04:01,954 : INFO : Timer.attract_carousel_timer : Timer Complete
2026-03-01 15:04:01,954 : INFO : Timer.attract_carousel_timer : Stopping Timer
2026-03-01 15:04:01,955 : INFO : EventManager : Event: ======'timer_attract_carousel_timer_stopped'====== Args={'ticks': 1, 'ticks_remaining': 1}
2026-03-01 15:04:01,955 : INFO : EventManager : Event: ======'timer_attract_carousel_timer_complete'====== Args={'ticks': 1, 'ticks_remaining': 1}
2026-03-01 15:04:01,956 : INFO : EventManager : Event: ======'carousel_item_highlighted'====== Args={'carousel': 'attract', 'direction': 'forwards', 'item': 'logo'}
2026-03-01 15:04:01,957 : INFO : Timer.attract_carousel_timer : Starting Timer.
2026-03-01 15:04:01,957 : INFO : EventManager : Event: ======'timer_attract_carousel_timer_started'====== Args={'ticks': 0, 'ticks_remaining': 1}
2026-03-01 15:04:01,957 : INFO : EventManager : Event: ======'timer_attract_carousel_timer_tick'====== Args={'ticks': 0, 'ticks_remaining': 1}
2026-03-01 15:04:06,957 : INFO : Timer.attract_carousel_timer : Timer Complete
2026-03-01 15:04:06,958 : INFO : Timer.attract_carousel_timer : Stopping Timer
2026-03-01 15:04:06,958 : INFO : EventManager : Event: ======'timer_attract_carousel_timer_stopped'====== Args={'ticks': 1, 'ticks_remaining': 1}
2026-03-01 15:04:06,958 : INFO : EventManager : Event: ======'timer_attract_carousel_timer_complete'====== Args={'ticks': 1, 'ticks_remaining': 1}
2026-03-01 15:04:06,958 : INFO : EventManager : Event: ======'carousel_item_highlighted'====== Args={'carousel': 'attract', 'direction': 'forwards', 'item': 'title'}
2026-03-01 15:04:06,958 : INFO : Timer.attract_carousel_timer : Starting Timer.
2026-03-01 15:04:06,958 : INFO : EventManager : Event: ======'timer_attract_carousel_timer_started'====== Args={'ticks': 0, 'ticks_remaining': 1}
2026-03-01 15:04:06,958 : INFO : EventManager : Event: ======'timer_attract_carousel_timer_tick'====== Args={'ticks': 0, 'ticks_remaining': 1}
2026-03-01 15:04:11,958 : INFO : Timer.attract_carousel_timer : Timer Complete
2026-03-01 15:04:11,959 : INFO : Timer.attract_carousel_timer : Stopping Timer
2026-03-01 15:04:11,959 : INFO : EventManager : Event: ======'timer_attract_carousel_timer_stopped'====== Args={'ticks': 1, 'ticks_remaining': 1}
2026-03-01 15:04:11,959 : INFO : EventManager : Event: ======'timer_attract_carousel_timer_complete'====== Args={'ticks': 1, 'ticks_remaining': 1}
2026-03-01 15:04:11,959 : INFO : EventManager : Event: ======'carousel_item_highlighted'====== Args={'carousel': 'attract', 'direction': 'forwards', 'item': 'credits'}
2026-03-01 15:04:11,959 : INFO : Timer.attract_carousel_timer : Starting Timer.
2026-03-01 15:04:11,959 : INFO : EventManager : Event: ======'timer_attract_carousel_timer_started'====== Args={'ticks': 0, 'ticks_remaining': 1}
2026-03-01 15:04:11,959 : INFO : EventManager : Event: ======'timer_attract_carousel_timer_tick'====== Args={'ticks': 0, 'ticks_remaining': 1}
2026-03-01 15:04:16,960 : INFO : Timer.attract_carousel_timer : Timer Complete
2026-03-01 15:04:16,961 : INFO : Timer.attract_carousel_timer : Stopping Timer
2026-03-01 15:04:16,961 : INFO : EventManager : Event: ======'timer_attract_carousel_timer_stopped'====== Args={'ticks': 1, 'ticks_remaining': 1}
2026-03-01 15:04:16,961 : INFO : EventManager : Event: ======'timer_attract_carousel_timer_complete'====== Args={'ticks': 1, 'ticks_remaining': 1}
2026-03-01 15:04:16,961 : INFO : EventManager : Event: ======'carousel_item_highlighted'====== Args={'carousel': 'attract', 'direction': 'forwards', 'item': 'logo'}
2026-03-01 15:04:16,961 : INFO : Timer.attract_carousel_timer : Starting Timer.
2026-03-01 15:04:16,962 : INFO : EventManager : Event: ======'timer_attract_carousel_timer_started'====== Args={'ticks': 0, 'ticks_remaining': 1}
2026-03-01 15:04:16,962 : INFO : EventManager : Event: ======'timer_attract_carousel_timer_tick'====== Args={'ticks': 0, 'ticks_remaining': 1}
2026-03-01 15:04:21,962 : INFO : Timer.attract_carousel_timer : Timer Complete
2026-03-01 15:04:21,963 : INFO : Timer.attract_carousel_timer : Stopping Timer
2026-03-01 15:04:21,963 : INFO : EventManager : Event: ======'timer_attract_carousel_timer_stopped'====== Args={'ticks': 1, 'ticks_remaining': 1}
2026-03-01 15:04:21,963 : INFO : EventManager : Event: ======'timer_attract_carousel_timer_complete'====== Args={'ticks': 1, 'ticks_remaining': 1}
2026-03-01 15:04:21,963 : INFO : EventManager : Event: ======'carousel_item_highlighted'====== Args={'carousel': 'attract', 'direction': 'forwards', 'item': 'title'}
2026-03-01 15:04:21,963 : INFO : Timer.attract_carousel_timer : Starting Timer.
2026-03-01 15:04:21,963 : INFO : EventManager : Event: ======'timer_attract_carousel_timer_started'====== Args={'ticks': 0, 'ticks_remaining': 1}
2026-03-01 15:04:21,963 : INFO : EventManager : Event: ======'timer_attract_carousel_timer_tick'====== Args={'ticks': 0, 'ticks_remaining': 1}
2026-03-01 15:04:27,001 : INFO : Timer.attract_carousel_timer : Timer Complete
2026-03-01 15:04:27,002 : INFO : Timer.attract_carousel_timer : Stopping Timer
2026-03-01 15:04:27,003 : INFO : EventManager : Event: ======'timer_attract_carousel_timer_stopped'====== Args={'ticks': 1, 'ticks_remaining': 1}
2026-03-01 15:04:27,003 : INFO : EventManager : Event: ======'timer_attract_carousel_timer_complete'====== Args={'ticks': 1, 'ticks_remaining': 1}
2026-03-01 15:04:27,006 : INFO : EventManager : Event: ======'carousel_item_highlighted'====== Args={'carousel': 'attract', 'direction': 'forwards', 'item': 'credits'}
2026-03-01 15:04:27,006 : INFO : Timer.attract_carousel_timer : Starting Timer.
2026-03-01 15:04:27,006 : INFO : EventManager : Event: ======'timer_attract_carousel_timer_started'====== Args={'ticks': 0, 'ticks_remaining': 1}
2026-03-01 15:04:27,007 : INFO : EventManager : Event: ======'timer_attract_carousel_timer_tick'====== Args={'ticks': 0, 'ticks_remaining': 1}
2026-03-01 15:04:32,006 : INFO : Timer.attract_carousel_timer : Timer Complete
2026-03-01 15:04:32,007 : INFO : Timer.attract_carousel_timer : Stopping Timer
2026-03-01 15:04:32,007 : INFO : EventManager : Event: ======'timer_attract_carousel_timer_stopped'====== Args={'ticks': 1, 'ticks_remaining': 1}
2026-03-01 15:04:32,007 : INFO : EventManager : Event: ======'timer_attract_carousel_timer_complete'====== Args={'ticks': 1, 'ticks_remaining': 1}
2026-03-01 15:04:32,007 : INFO : EventManager : Event: ======'carousel_item_highlighted'====== Args={'carousel': 'attract', 'direction': 'forwards', 'item': 'logo'}
2026-03-01 15:04:32,007 : INFO : Timer.attract_carousel_timer : Starting Timer.
2026-03-01 15:04:32,007 : INFO : EventManager : Event: ======'timer_attract_carousel_timer_started'====== Args={'ticks': 0, 'ticks_remaining': 1}
2026-03-01 15:04:32,007 : INFO : EventManager : Event: ======'timer_attract_carousel_timer_tick'====== Args={'ticks': 0, 'ticks_remaining': 1}
2026-03-01 15:04:37,008 : INFO : Timer.attract_carousel_timer : Timer Complete
2026-03-01 15:04:37,008 : INFO : Timer.attract_carousel_timer : Stopping Timer
2026-03-01 15:04:37,008 : INFO : EventManager : Event: ======'timer_attract_carousel_timer_stopped'====== Args={'ticks': 1, 'ticks_remaining': 1}
2026-03-01 15:04:37,008 : INFO : EventManager : Event: ======'timer_attract_carousel_timer_complete'====== Args={'ticks': 1, 'ticks_remaining': 1}
2026-03-01 15:04:37,008 : INFO : EventManager : Event: ======'carousel_item_highlighted'====== Args={'carousel': 'attract', 'direction': 'forwards', 'item': 'title'}
2026-03-01 15:04:37,008 : INFO : Timer.attract_carousel_timer : Starting Timer.
2026-03-01 15:04:37,008 : INFO : EventManager : Event: ======'timer_attract_carousel_timer_started'====== Args={'ticks': 0, 'ticks_remaining': 1}
2026-03-01 15:04:37,008 : INFO : EventManager : Event: ======'timer_attract_carousel_timer_tick'====== Args={'ticks': 0, 'ticks_remaining': 1}
2026-03-01 15:04:42,009 : INFO : Timer.attract_carousel_timer : Timer Complete
2026-03-01 15:04:42,009 : INFO : Timer.attract_carousel_timer : Stopping Timer
2026-03-01 15:04:42,009 : INFO : EventManager : Event: ======'timer_attract_carousel_timer_stopped'====== Args={'ticks': 1, 'ticks_remaining': 1}
2026-03-01 15:04:42,009 : INFO : EventManager : Event: ======'timer_attract_carousel_timer_complete'====== Args={'ticks': 1, 'ticks_remaining': 1}
2026-03-01 15:04:42,010 : INFO : EventManager : Event: ======'carousel_item_highlighted'====== Args={'carousel': 'attract', 'direction': 'forwards', 'item': 'credits'}
2026-03-01 15:04:42,010 : INFO : Timer.attract_carousel_timer : Starting Timer.
2026-03-01 15:04:42,010 : INFO : EventManager : Event: ======'timer_attract_carousel_timer_started'====== Args={'ticks': 0, 'ticks_remaining': 1}
2026-03-01 15:04:42,010 : INFO : EventManager : Event: ======'timer_attract_carousel_timer_tick'====== Args={'ticks': 0, 'ticks_remaining': 1}
2026-03-01 15:04:47,011 : INFO : Timer.attract_carousel_timer : Timer Complete
2026-03-01 15:04:47,011 : INFO : Timer.attract_carousel_timer : Stopping Timer
2026-03-01 15:04:47,011 : INFO : EventManager : Event: ======'timer_attract_carousel_timer_stopped'====== Args={'ticks': 1, 'ticks_remaining': 1}
2026-03-01 15:04:47,011 : INFO : EventManager : Event: ======'timer_attract_carousel_timer_complete'====== Args={'ticks': 1, 'ticks_remaining': 1}
2026-03-01 15:04:47,011 : INFO : EventManager : Event: ======'carousel_item_highlighted'====== Args={'carousel': 'attract', 'direction': 'forwards', 'item': 'logo'}
2026-03-01 15:04:47,011 : INFO : Timer.attract_carousel_timer : Starting Timer.
2026-03-01 15:04:47,012 : INFO : EventManager : Event: ======'timer_attract_carousel_timer_started'====== Args={'ticks': 0, 'ticks_remaining': 1}
2026-03-01 15:04:47,012 : INFO : EventManager : Event: ======'timer_attract_carousel_timer_tick'====== Args={'ticks': 0, 'ticks_remaining': 1}
2026-03-01 15:04:52,013 : INFO : Timer.attract_carousel_timer : Timer Complete
2026-03-01 15:04:52,013 : INFO : Timer.attract_carousel_timer : Stopping Timer
2026-03-01 15:04:52,013 : INFO : EventManager : Event: ======'timer_attract_carousel_timer_stopped'====== Args={'ticks': 1, 'ticks_remaining': 1}
2026-03-01 15:04:52,013 : INFO : EventManager : Event: ======'timer_attract_carousel_timer_complete'====== Args={'ticks': 1, 'ticks_remaining': 1}
2026-03-01 15:04:52,014 : INFO : EventManager : Event: ======'carousel_item_highlighted'====== Args={'carousel': 'attract', 'direction': 'forwards', 'item': 'title'}
2026-03-01 15:04:52,014 : INFO : Timer.attract_carousel_timer : Starting Timer.
2026-03-01 15:04:52,014 : INFO : EventManager : Event: ======'timer_attract_carousel_timer_started'====== Args={'ticks': 0, 'ticks_remaining': 1}
2026-03-01 15:04:52,014 : INFO : EventManager : Event: ======'timer_attract_carousel_timer_tick'====== Args={'ticks': 0, 'ticks_remaining': 1}
2026-03-01 15:04:57,015 : INFO : Timer.attract_carousel_timer : Timer Complete
2026-03-01 15:04:57,015 : INFO : Timer.attract_carousel_timer : Stopping Timer
2026-03-01 15:04:57,015 : INFO : EventManager : Event: ======'timer_attract_carousel_timer_stopped'====== Args={'ticks': 1, 'ticks_remaining': 1}
2026-03-01 15:04:57,015 : INFO : EventManager : Event: ======'timer_attract_carousel_timer_complete'====== Args={'ticks': 1, 'ticks_remaining': 1}
2026-03-01 15:04:57,016 : INFO : EventManager : Event: ======'carousel_item_highlighted'====== Args={'carousel': 'attract', 'direction': 'forwards', 'item': 'credits'}
2026-03-01 15:04:57,016 : INFO : Timer.attract_carousel_timer : Starting Timer.
2026-03-01 15:04:57,016 : INFO : EventManager : Event: ======'timer_attract_carousel_timer_started'====== Args={'ticks': 0, 'ticks_remaining': 1}
2026-03-01 15:04:57,016 : INFO : EventManager : Event: ======'timer_attract_carousel_timer_tick'====== Args={'ticks': 0, 'ticks_remaining': 1}
2026-03-01 15:05:02,016 : INFO : Timer.attract_carousel_timer : Timer Complete
2026-03-01 15:05:02,016 : INFO : Timer.attract_carousel_timer : Stopping Timer
2026-03-01 15:05:02,016 : INFO : EventManager : Event: ======'timer_attract_carousel_timer_stopped'====== Args={'ticks': 1, 'ticks_remaining': 1}
2026-03-01 15:05:02,017 : INFO : EventManager : Event: ======'timer_attract_carousel_timer_complete'====== Args={'ticks': 1, 'ticks_remaining': 1}
2026-03-01 15:05:02,017 : INFO : EventManager : Event: ======'carousel_item_highlighted'====== Args={'carousel': 'attract', 'direction': 'forwards', 'item': 'logo'}
2026-03-01 15:05:02,017 : INFO : Timer.attract_carousel_timer : Starting Timer.
2026-03-01 15:05:02,017 : INFO : EventManager : Event: ======'timer_attract_carousel_timer_started'====== Args={'ticks': 0, 'ticks_remaining': 1}
2026-03-01 15:05:02,017 : INFO : EventManager : Event: ======'timer_attract_carousel_timer_tick'====== Args={'ticks': 0, 'ticks_remaining': 1}
2026-03-01 15:05:07,018 : INFO : Timer.attract_carousel_timer : Timer Complete
2026-03-01 15:05:07,018 : INFO : Timer.attract_carousel_timer : Stopping Timer
2026-03-01 15:05:07,018 : INFO : EventManager : Event: ======'timer_attract_carousel_timer_stopped'====== Args={'ticks': 1, 'ticks_remaining': 1}
2026-03-01 15:05:07,018 : INFO : EventManager : Event: ======'timer_attract_carousel_timer_complete'====== Args={'ticks': 1, 'ticks_remaining': 1}
2026-03-01 15:05:07,019 : INFO : EventManager : Event: ======'carousel_item_highlighted'====== Args={'carousel': 'attract', 'direction': 'forwards', 'item': 'title'}
2026-03-01 15:05:07,019 : INFO : Timer.attract_carousel_timer : Starting Timer.
2026-03-01 15:05:07,019 : INFO : EventManager : Event: ======'timer_attract_carousel_timer_started'====== Args={'ticks': 0, 'ticks_remaining': 1}
2026-03-01 15:05:07,019 : INFO : EventManager : Event: ======'timer_attract_carousel_timer_tick'====== Args={'ticks': 0, 'ticks_remaining': 1}
2026-03-01 15:05:12,019 : INFO : Timer.attract_carousel_timer : Timer Complete
2026-03-01 15:05:12,019 : INFO : Timer.attract_carousel_timer : Stopping Timer
2026-03-01 15:05:12,020 : INFO : EventManager : Event: ======'timer_attract_carousel_timer_stopped'====== Args={'ticks': 1, 'ticks_remaining': 1}
2026-03-01 15:05:12,020 : INFO : EventManager : Event: ======'timer_attract_carousel_timer_complete'====== Args={'ticks': 1, 'ticks_remaining': 1}
2026-03-01 15:05:12,020 : INFO : EventManager : Event: ======'carousel_item_highlighted'====== Args={'carousel': 'attract', 'direction': 'forwards', 'item': 'credits'}
2026-03-01 15:05:12,021 : INFO : Timer.attract_carousel_timer : Starting Timer.
2026-03-01 15:05:12,021 : INFO : EventManager : Event: ======'timer_attract_carousel_timer_started'====== Args={'ticks': 0, 'ticks_remaining': 1}
2026-03-01 15:05:12,021 : INFO : EventManager : Event: ======'timer_attract_carousel_timer_tick'====== Args={'ticks': 0, 'ticks_remaining': 1}
2026-03-01 15:05:17,021 : INFO : Timer.attract_carousel_timer : Timer Complete
2026-03-01 15:05:17,022 : INFO : Timer.attract_carousel_timer : Stopping Timer
2026-03-01 15:05:17,022 : INFO : EventManager : Event: ======'timer_attract_carousel_timer_stopped'====== Args={'ticks': 1, 'ticks_remaining': 1}
2026-03-01 15:05:17,022 : INFO : EventManager : Event: ======'timer_attract_carousel_timer_complete'====== Args={'ticks': 1, 'ticks_remaining': 1}
2026-03-01 15:05:17,022 : INFO : EventManager : Event: ======'carousel_item_highlighted'====== Args={'carousel': 'attract', 'direction': 'forwards', 'item': 'logo'}
2026-03-01 15:05:17,023 : INFO : Timer.attract_carousel_timer : Starting Timer.
2026-03-01 15:05:17,023 : INFO : EventManager : Event: ======'timer_attract_carousel_timer_started'====== Args={'ticks': 0, 'ticks_remaining': 1}
2026-03-01 15:05:17,023 : INFO : EventManager : Event: ======'timer_attract_carousel_timer_tick'====== Args={'ticks': 0, 'ticks_remaining': 1}
2026-03-01 15:05:22,024 : INFO : Timer.attract_carousel_timer : Timer Complete
2026-03-01 15:05:22,024 : INFO : Timer.attract_carousel_timer : Stopping Timer
2026-03-01 15:05:22,024 : INFO : EventManager : Event: ======'timer_attract_carousel_timer_stopped'====== Args={'ticks': 1, 'ticks_remaining': 1}
2026-03-01 15:05:22,024 : INFO : EventManager : Event: ======'timer_attract_carousel_timer_complete'====== Args={'ticks': 1, 'ticks_remaining': 1}
2026-03-01 15:05:22,024 : INFO : EventManager : Event: ======'carousel_item_highlighted'====== Args={'carousel': 'attract', 'direction': 'forwards', 'item': 'title'}
2026-03-01 15:05:22,024 : INFO : Timer.attract_carousel_timer : Starting Timer.
2026-03-01 15:05:22,025 : INFO : EventManager : Event: ======'timer_attract_carousel_timer_started'====== Args={'ticks': 0, 'ticks_remaining': 1}
2026-03-01 15:05:22,025 : INFO : EventManager : Event: ======'timer_attract_carousel_timer_tick'====== Args={'ticks': 0, 'ticks_remaining': 1}
2026-03-01 15:05:27,024 : INFO : Timer.attract_carousel_timer : Timer Complete
2026-03-01 15:05:27,025 : INFO : Timer.attract_carousel_timer : Stopping Timer
2026-03-01 15:05:27,025 : INFO : EventManager : Event: ======'timer_attract_carousel_timer_stopped'====== Args={'ticks': 1, 'ticks_remaining': 1}
2026-03-01 15:05:27,025 : INFO : EventManager : Event: ======'timer_attract_carousel_timer_complete'====== Args={'ticks': 1, 'ticks_remaining': 1}
2026-03-01 15:05:27,025 : INFO : EventManager : Event: ======'carousel_item_highlighted'====== Args={'carousel': 'attract', 'direction': 'forwards', 'item': 'credits'}
2026-03-01 15:05:27,025 : INFO : Timer.attract_carousel_timer : Starting Timer.
2026-03-01 15:05:27,025 : INFO : EventManager : Event: ======'timer_attract_carousel_timer_started'====== Args={'ticks': 0, 'ticks_remaining': 1}
2026-03-01 15:05:27,026 : INFO : EventManager : Event: ======'timer_attract_carousel_timer_tick'====== Args={'ticks': 0, 'ticks_remaining': 1}
2026-03-01 15:05:32,026 : INFO : Timer.attract_carousel_timer : Timer Complete
2026-03-01 15:05:32,027 : INFO : Timer.attract_carousel_timer : Stopping Timer
2026-03-01 15:05:32,027 : INFO : EventManager : Event: ======'timer_attract_carousel_timer_stopped'====== Args={'ticks': 1, 'ticks_remaining': 1}
2026-03-01 15:05:32,027 : INFO : EventManager : Event: ======'timer_attract_carousel_timer_complete'====== Args={'ticks': 1, 'ticks_remaining': 1}
2026-03-01 15:05:32,027 : INFO : EventManager : Event: ======'carousel_item_highlighted'====== Args={'carousel': 'attract', 'direction': 'forwards', 'item': 'logo'}
2026-03-01 15:05:32,027 : INFO : Timer.attract_carousel_timer : Starting Timer.
2026-03-01 15:05:32,027 : INFO : EventManager : Event: ======'timer_attract_carousel_timer_started'====== Args={'ticks': 0, 'ticks_remaining': 1}
2026-03-01 15:05:32,027 : INFO : EventManager : Event: ======'timer_attract_carousel_timer_tick'====== Args={'ticks': 0, 'ticks_remaining': 1}
2026-03-01 15:05:37,028 : INFO : Timer.attract_carousel_timer : Timer Complete
2026-03-01 15:05:37,029 : INFO : Timer.attract_carousel_timer : Stopping Timer
2026-03-01 15:05:37,029 : INFO : EventManager : Event: ======'timer_attract_carousel_timer_stopped'====== Args={'ticks': 1, 'ticks_remaining': 1}
2026-03-01 15:05:37,029 : INFO : EventManager : Event: ======'timer_attract_carousel_timer_complete'====== Args={'ticks': 1, 'ticks_remaining': 1}
2026-03-01 15:05:37,029 : INFO : EventManager : Event: ======'carousel_item_highlighted'====== Args={'carousel': 'attract', 'direction': 'forwards', 'item': 'title'}
2026-03-01 15:05:37,030 : INFO : Timer.attract_carousel_timer : Starting Timer.
2026-03-01 15:05:37,030 : INFO : EventManager : Event: ======'timer_attract_carousel_timer_started'====== Args={'ticks': 0, 'ticks_remaining': 1}
2026-03-01 15:05:37,030 : INFO : EventManager : Event: ======'timer_attract_carousel_timer_tick'====== Args={'ticks': 0, 'ticks_remaining': 1}
2026-03-01 15:05:42,030 : INFO : Timer.attract_carousel_timer : Timer Complete
2026-03-01 15:05:42,030 : INFO : Timer.attract_carousel_timer : Stopping Timer
2026-03-01 15:05:42,030 : INFO : EventManager : Event: ======'timer_attract_carousel_timer_stopped'====== Args={'ticks': 1, 'ticks_remaining': 1}
2026-03-01 15:05:42,030 : INFO : EventManager : Event: ======'timer_attract_carousel_timer_complete'====== Args={'ticks': 1, 'ticks_remaining': 1}
2026-03-01 15:05:42,030 : INFO : EventManager : Event: ======'carousel_item_highlighted'====== Args={'carousel': 'attract', 'direction': 'forwards', 'item': 'credits'}
2026-03-01 15:05:42,031 : INFO : Timer.attract_carousel_timer : Starting Timer.
2026-03-01 15:05:42,031 : INFO : EventManager : Event: ======'timer_attract_carousel_timer_started'====== Args={'ticks': 0, 'ticks_remaining': 1}
2026-03-01 15:05:42,031 : INFO : EventManager : Event: ======'timer_attract_carousel_timer_tick'====== Args={'ticks': 0, 'ticks_remaining': 1}
2026-03-01 15:05:47,032 : INFO : Timer.attract_carousel_timer : Timer Complete
2026-03-01 15:05:47,032 : INFO : Timer.attract_carousel_timer : Stopping Timer
2026-03-01 15:05:47,032 : INFO : EventManager : Event: ======'timer_attract_carousel_timer_stopped'====== Args={'ticks': 1, 'ticks_remaining': 1}
2026-03-01 15:05:47,032 : INFO : EventManager : Event: ======'timer_attract_carousel_timer_complete'====== Args={'ticks': 1, 'ticks_remaining': 1}
2026-03-01 15:05:47,032 : INFO : EventManager : Event: ======'carousel_item_highlighted'====== Args={'carousel': 'attract', 'direction': 'forwards', 'item': 'logo'}
2026-03-01 15:05:47,032 : INFO : Timer.attract_carousel_timer : Starting Timer.
2026-03-01 15:05:47,032 : INFO : EventManager : Event: ======'timer_attract_carousel_timer_started'====== Args={'ticks': 0, 'ticks_remaining': 1}
2026-03-01 15:05:47,033 : INFO : EventManager : Event: ======'timer_attract_carousel_timer_tick'====== Args={'ticks': 0, 'ticks_remaining': 1}
2026-03-01 15:05:52,032 : INFO : Timer.attract_carousel_timer : Timer Complete
2026-03-01 15:05:52,033 : INFO : Timer.attract_carousel_timer : Stopping Timer
2026-03-01 15:05:52,033 : INFO : EventManager : Event: ======'timer_attract_carousel_timer_stopped'====== Args={'ticks': 1, 'ticks_remaining': 1}
2026-03-01 15:05:52,033 : INFO : EventManager : Event: ======'timer_attract_carousel_timer_complete'====== Args={'ticks': 1, 'ticks_remaining': 1}
2026-03-01 15:05:52,033 : INFO : EventManager : Event: ======'carousel_item_highlighted'====== Args={'carousel': 'attract', 'direction': 'forwards', 'item': 'title'}
2026-03-01 15:05:52,033 : INFO : Timer.attract_carousel_timer : Starting Timer.
2026-03-01 15:05:52,033 : INFO : EventManager : Event: ======'timer_attract_carousel_timer_started'====== Args={'ticks': 0, 'ticks_remaining': 1}
2026-03-01 15:05:52,033 : INFO : EventManager : Event: ======'timer_attract_carousel_timer_tick'====== Args={'ticks': 0, 'ticks_remaining': 1}
2026-03-01 15:05:57,034 : INFO : Timer.attract_carousel_timer : Timer Complete
2026-03-01 15:05:57,034 : INFO : Timer.attract_carousel_timer : Stopping Timer
2026-03-01 15:05:57,034 : INFO : EventManager : Event: ======'timer_attract_carousel_timer_stopped'====== Args={'ticks': 1, 'ticks_remaining': 1}
2026-03-01 15:05:57,034 : INFO : EventManager : Event: ======'timer_attract_carousel_timer_complete'====== Args={'ticks': 1, 'ticks_remaining': 1}
2026-03-01 15:05:57,035 : INFO : EventManager : Event: ======'carousel_item_highlighted'====== Args={'carousel': 'attract', 'direction': 'forwards', 'item': 'credits'}
2026-03-01 15:05:57,035 : INFO : Timer.attract_carousel_timer : Starting Timer.
2026-03-01 15:05:57,035 : INFO : EventManager : Event: ======'timer_attract_carousel_timer_started'====== Args={'ticks': 0, 'ticks_remaining': 1}
2026-03-01 15:05:57,035 : INFO : EventManager : Event: ======'timer_attract_carousel_timer_tick'====== Args={'ticks': 0, 'ticks_remaining': 1}
2026-03-01 15:06:02,035 : INFO : Timer.attract_carousel_timer : Timer Complete
2026-03-01 15:06:02,035 : INFO : Timer.attract_carousel_timer : Stopping Timer
2026-03-01 15:06:02,035 : INFO : EventManager : Event: ======'timer_attract_carousel_timer_stopped'====== Args={'ticks': 1, 'ticks_remaining': 1}
2026-03-01 15:06:02,036 : INFO : EventManager : Event: ======'timer_attract_carousel_timer_complete'====== Args={'ticks': 1, 'ticks_remaining': 1}
2026-03-01 15:06:02,036 : INFO : EventManager : Event: ======'carousel_item_highlighted'====== Args={'carousel': 'attract', 'direction': 'forwards', 'item': 'logo'}
2026-03-01 15:06:02,036 : INFO : Timer.attract_carousel_timer : Starting Timer.
2026-03-01 15:06:02,036 : INFO : EventManager : Event: ======'timer_attract_carousel_timer_started'====== Args={'ticks': 0, 'ticks_remaining': 1}
2026-03-01 15:06:02,036 : INFO : EventManager : Event: ======'timer_attract_carousel_timer_tick'====== Args={'ticks': 0, 'ticks_remaining': 1}
2026-03-01 15:06:07,036 : INFO : Timer.attract_carousel_timer : Timer Complete
2026-03-01 15:06:07,037 : INFO : Timer.attract_carousel_timer : Stopping Timer
2026-03-01 15:06:07,037 : INFO : EventManager : Event: ======'timer_attract_carousel_timer_stopped'====== Args={'ticks': 1, 'ticks_remaining': 1}
2026-03-01 15:06:07,037 : INFO : EventManager : Event: ======'timer_attract_carousel_timer_complete'====== Args={'ticks': 1, 'ticks_remaining': 1}
2026-03-01 15:06:07,037 : INFO : EventManager : Event: ======'carousel_item_highlighted'====== Args={'carousel': 'attract', 'direction': 'forwards', 'item': 'title'}
2026-03-01 15:06:07,038 : INFO : Timer.attract_carousel_timer : Starting Timer.
2026-03-01 15:06:07,038 : INFO : EventManager : Event: ======'timer_attract_carousel_timer_started'====== Args={'ticks': 0, 'ticks_remaining': 1}
2026-03-01 15:06:07,038 : INFO : EventManager : Event: ======'timer_attract_carousel_timer_tick'====== Args={'ticks': 0, 'ticks_remaining': 1}
2026-03-01 15:06:12,038 : INFO : Timer.attract_carousel_timer : Timer Complete
2026-03-01 15:06:12,038 : INFO : Timer.attract_carousel_timer : Stopping Timer
2026-03-01 15:06:12,038 : INFO : EventManager : Event: ======'timer_attract_carousel_timer_stopped'====== Args={'ticks': 1, 'ticks_remaining': 1}
2026-03-01 15:06:12,038 : INFO : EventManager : Event: ======'timer_attract_carousel_timer_complete'====== Args={'ticks': 1, 'ticks_remaining': 1}
2026-03-01 15:06:12,038 : INFO : EventManager : Event: ======'carousel_item_highlighted'====== Args={'carousel': 'attract', 'direction': 'forwards', 'item': 'credits'}
2026-03-01 15:06:12,039 : INFO : Timer.attract_carousel_timer : Starting Timer.
2026-03-01 15:06:12,039 : INFO : EventManager : Event: ======'timer_attract_carousel_timer_started'====== Args={'ticks': 0, 'ticks_remaining': 1}
2026-03-01 15:06:12,039 : INFO : EventManager : Event: ======'timer_attract_carousel_timer_tick'====== Args={'ticks': 0, 'ticks_remaining': 1}
2026-03-01 15:06:17,039 : INFO : Timer.attract_carousel_timer : Timer Complete
2026-03-01 15:06:17,040 : INFO : Timer.attract_carousel_timer : Stopping Timer
2026-03-01 15:06:17,040 : INFO : EventManager : Event: ======'timer_attract_carousel_timer_stopped'====== Args={'ticks': 1, 'ticks_remaining': 1}
2026-03-01 15:06:17,040 : INFO : EventManager : Event: ======'timer_attract_carousel_timer_complete'====== Args={'ticks': 1, 'ticks_remaining': 1}
2026-03-01 15:06:17,040 : INFO : EventManager : Event: ======'carousel_item_highlighted'====== Args={'carousel': 'attract', 'direction': 'forwards', 'item': 'logo'}
2026-03-01 15:06:17,041 : INFO : Timer.attract_carousel_timer : Starting Timer.
2026-03-01 15:06:17,041 : INFO : EventManager : Event: ======'timer_attract_carousel_timer_started'====== Args={'ticks': 0, 'ticks_remaining': 1}
2026-03-01 15:06:17,041 : INFO : EventManager : Event: ======'timer_attract_carousel_timer_tick'====== Args={'ticks': 0, 'ticks_remaining': 1}
2026-03-01 15:06:22,042 : INFO : Timer.attract_carousel_timer : Timer Complete
2026-03-01 15:06:22,042 : INFO : Timer.attract_carousel_timer : Stopping Timer
2026-03-01 15:06:22,042 : INFO : EventManager : Event: ======'timer_attract_carousel_timer_stopped'====== Args={'ticks': 1, 'ticks_remaining': 1}
2026-03-01 15:06:22,042 : INFO : EventManager : Event: ======'timer_attract_carousel_timer_complete'====== Args={'ticks': 1, 'ticks_remaining': 1}
2026-03-01 15:06:22,043 : INFO : EventManager : Event: ======'carousel_item_highlighted'====== Args={'carousel': 'attract', 'direction': 'forwards', 'item': 'title'}
2026-03-01 15:06:22,043 : INFO : Timer.attract_carousel_timer : Starting Timer.
2026-03-01 15:06:22,043 : INFO : EventManager : Event: ======'timer_attract_carousel_timer_started'====== Args={'ticks': 0, 'ticks_remaining': 1}
2026-03-01 15:06:22,043 : INFO : EventManager : Event: ======'timer_attract_carousel_timer_tick'====== Args={'ticks': 0, 'ticks_remaining': 1}
2026-03-01 15:06:27,044 : INFO : Timer.attract_carousel_timer : Timer Complete
2026-03-01 15:06:27,044 : INFO : Timer.attract_carousel_timer : Stopping Timer
2026-03-01 15:06:27,044 : INFO : EventManager : Event: ======'timer_attract_carousel_timer_stopped'====== Args={'ticks': 1, 'ticks_remaining': 1}
2026-03-01 15:06:27,044 : INFO : EventManager : Event: ======'timer_attract_carousel_timer_complete'====== Args={'ticks': 1, 'ticks_remaining': 1}
2026-03-01 15:06:27,045 : INFO : EventManager : Event: ======'carousel_item_highlighted'====== Args={'carousel': 'attract', 'direction': 'forwards', 'item': 'credits'}
2026-03-01 15:06:27,045 : INFO : Timer.attract_carousel_timer : Starting Timer.
2026-03-01 15:06:27,045 : INFO : EventManager : Event: ======'timer_attract_carousel_timer_started'====== Args={'ticks': 0, 'ticks_remaining': 1}
2026-03-01 15:06:27,045 : INFO : EventManager : Event: ======'timer_attract_carousel_timer_tick'====== Args={'ticks': 0, 'ticks_remaining': 1}
2026-03-01 15:06:32,045 : INFO : Timer.attract_carousel_timer : Timer Complete
2026-03-01 15:06:32,045 : INFO : Timer.attract_carousel_timer : Stopping Timer
2026-03-01 15:06:32,045 : INFO : EventManager : Event: ======'timer_attract_carousel_timer_stopped'====== Args={'ticks': 1, 'ticks_remaining': 1}
2026-03-01 15:06:32,045 : INFO : EventManager : Event: ======'timer_attract_carousel_timer_complete'====== Args={'ticks': 1, 'ticks_remaining': 1}
2026-03-01 15:06:32,046 : INFO : EventManager : Event: ======'carousel_item_highlighted'====== Args={'carousel': 'attract', 'direction': 'forwards', 'item': 'logo'}
2026-03-01 15:06:32,046 : INFO : Timer.attract_carousel_timer : Starting Timer.
2026-03-01 15:06:32,046 : INFO : EventManager : Event: ======'timer_attract_carousel_timer_started'====== Args={'ticks': 0, 'ticks_remaining': 1}
2026-03-01 15:06:32,046 : INFO : EventManager : Event: ======'timer_attract_carousel_timer_tick'====== Args={'ticks': 0, 'ticks_remaining': 1}
2026-03-01 15:06:37,046 : INFO : Timer.attract_carousel_timer : Timer Complete
2026-03-01 15:06:37,046 : INFO : Timer.attract_carousel_timer : Stopping Timer
2026-03-01 15:06:37,046 : INFO : EventManager : Event: ======'timer_attract_carousel_timer_stopped'====== Args={'ticks': 1, 'ticks_remaining': 1}
2026-03-01 15:06:37,046 : INFO : EventManager : Event: ======'timer_attract_carousel_timer_complete'====== Args={'ticks': 1, 'ticks_remaining': 1}
2026-03-01 15:06:37,047 : INFO : EventManager : Event: ======'carousel_item_highlighted'====== Args={'carousel': 'attract', 'direction': 'forwards', 'item': 'title'}
2026-03-01 15:06:37,047 : INFO : Timer.attract_carousel_timer : Starting Timer.
2026-03-01 15:06:37,047 : INFO : EventManager : Event: ======'timer_attract_carousel_timer_started'====== Args={'ticks': 0, 'ticks_remaining': 1}
2026-03-01 15:06:37,047 : INFO : EventManager : Event: ======'timer_attract_carousel_timer_tick'====== Args={'ticks': 0, 'ticks_remaining': 1}
2026-03-01 15:06:42,048 : INFO : Timer.attract_carousel_timer : Timer Complete
2026-03-01 15:06:42,048 : INFO : Timer.attract_carousel_timer : Stopping Timer
2026-03-01 15:06:42,048 : INFO : EventManager : Event: ======'timer_attract_carousel_timer_stopped'====== Args={'ticks': 1, 'ticks_remaining': 1}
2026-03-01 15:06:42,048 : INFO : EventManager : Event: ======'timer_attract_carousel_timer_complete'====== Args={'ticks': 1, 'ticks_remaining': 1}
2026-03-01 15:06:42,049 : INFO : EventManager : Event: ======'carousel_item_highlighted'====== Args={'carousel': 'attract', 'direction': 'forwards', 'item': 'credits'}
2026-03-01 15:06:42,049 : INFO : Timer.attract_carousel_timer : Starting Timer.
2026-03-01 15:06:42,049 : INFO : EventManager : Event: ======'timer_attract_carousel_timer_started'====== Args={'ticks': 0, 'ticks_remaining': 1}
2026-03-01 15:06:42,050 : INFO : EventManager : Event: ======'timer_attract_carousel_timer_tick'====== Args={'ticks': 0, 'ticks_remaining': 1}
2026-03-01 15:06:47,050 : INFO : Timer.attract_carousel_timer : Timer Complete
2026-03-01 15:06:47,050 : INFO : Timer.attract_carousel_timer : Stopping Timer
2026-03-01 15:06:47,050 : INFO : EventManager : Event: ======'timer_attract_carousel_timer_stopped'====== Args={'ticks': 1, 'ticks_remaining': 1}
2026-03-01 15:06:47,050 : INFO : EventManager : Event: ======'timer_attract_carousel_timer_complete'====== Args={'ticks': 1, 'ticks_remaining': 1}
2026-03-01 15:06:47,050 : INFO : EventManager : Event: ======'carousel_item_highlighted'====== Args={'carousel': 'attract', 'direction': 'forwards', 'item': 'logo'}
2026-03-01 15:06:47,051 : INFO : Timer.attract_carousel_timer : Starting Timer.
2026-03-01 15:06:47,051 : INFO : EventManager : Event: ======'timer_attract_carousel_timer_started'====== Args={'ticks': 0, 'ticks_remaining': 1}
2026-03-01 15:06:47,051 : INFO : EventManager : Event: ======'timer_attract_carousel_timer_tick'====== Args={'ticks': 0, 'ticks_remaining': 1}
2026-03-01 15:06:52,051 : INFO : Timer.attract_carousel_timer : Timer Complete
2026-03-01 15:06:52,051 : INFO : Timer.attract_carousel_timer : Stopping Timer
2026-03-01 15:06:52,051 : INFO : EventManager : Event: ======'timer_attract_carousel_timer_stopped'====== Args={'ticks': 1, 'ticks_remaining': 1}
2026-03-01 15:06:52,051 : INFO : EventManager : Event: ======'timer_attract_carousel_timer_complete'====== Args={'ticks': 1, 'ticks_remaining': 1}
2026-03-01 15:06:52,051 : INFO : EventManager : Event: ======'carousel_item_highlighted'====== Args={'carousel': 'attract', 'direction': 'forwards', 'item': 'title'}
2026-03-01 15:06:52,052 : INFO : Timer.attract_carousel_timer : Starting Timer.
2026-03-01 15:06:52,052 : INFO : EventManager : Event: ======'timer_attract_carousel_timer_started'====== Args={'ticks': 0, 'ticks_remaining': 1}
2026-03-01 15:06:52,052 : INFO : EventManager : Event: ======'timer_attract_carousel_timer_tick'====== Args={'ticks': 0, 'ticks_remaining': 1}
2026-03-01 15:06:57,052 : INFO : Timer.attract_carousel_timer : Timer Complete
2026-03-01 15:06:57,052 : INFO : Timer.attract_carousel_timer : Stopping Timer
2026-03-01 15:06:57,052 : INFO : EventManager : Event: ======'timer_attract_carousel_timer_stopped'====== Args={'ticks': 1, 'ticks_remaining': 1}
2026-03-01 15:06:57,052 : INFO : EventManager : Event: ======'timer_attract_carousel_timer_complete'====== Args={'ticks': 1, 'ticks_remaining': 1}
2026-03-01 15:06:57,052 : INFO : EventManager : Event: ======'carousel_item_highlighted'====== Args={'carousel': 'attract', 'direction': 'forwards', 'item': 'credits'}
2026-03-01 15:06:57,053 : INFO : Timer.attract_carousel_timer : Starting Timer.
2026-03-01 15:06:57,053 : INFO : EventManager : Event: ======'timer_attract_carousel_timer_started'====== Args={'ticks': 0, 'ticks_remaining': 1}
2026-03-01 15:06:57,053 : INFO : EventManager : Event: ======'timer_attract_carousel_timer_tick'====== Args={'ticks': 0, 'ticks_remaining': 1}
2026-03-01 15:07:02,053 : INFO : Timer.attract_carousel_timer : Timer Complete
2026-03-01 15:07:02,053 : INFO : Timer.attract_carousel_timer : Stopping Timer
2026-03-01 15:07:02,054 : INFO : EventManager : Event: ======'timer_attract_carousel_timer_stopped'====== Args={'ticks': 1, 'ticks_remaining': 1}
2026-03-01 15:07:02,054 : INFO : EventManager : Event: ======'timer_attract_carousel_timer_complete'====== Args={'ticks': 1, 'ticks_remaining': 1}
2026-03-01 15:07:02,054 : INFO : EventManager : Event: ======'carousel_item_highlighted'====== Args={'carousel': 'attract', 'direction': 'forwards', 'item': 'logo'}
2026-03-01 15:07:02,054 : INFO : Timer.attract_carousel_timer : Starting Timer.
2026-03-01 15:07:02,054 : INFO : EventManager : Event: ======'timer_attract_carousel_timer_started'====== Args={'ticks': 0, 'ticks_remaining': 1}
2026-03-01 15:07:02,054 : INFO : EventManager : Event: ======'timer_attract_carousel_timer_tick'====== Args={'ticks': 0, 'ticks_remaining': 1}
2026-03-01 15:07:07,055 : INFO : Timer.attract_carousel_timer : Timer Complete
2026-03-01 15:07:07,055 : INFO : Timer.attract_carousel_timer : Stopping Timer
2026-03-01 15:07:07,055 : INFO : EventManager : Event: ======'timer_attract_carousel_timer_stopped'====== Args={'ticks': 1, 'ticks_remaining': 1}
2026-03-01 15:07:07,056 : INFO : EventManager : Event: ======'timer_attract_carousel_timer_complete'====== Args={'ticks': 1, 'ticks_remaining': 1}
2026-03-01 15:07:07,056 : INFO : EventManager : Event: ======'carousel_item_highlighted'====== Args={'carousel': 'attract', 'direction': 'forwards', 'item': 'title'}
2026-03-01 15:07:07,056 : INFO : Timer.attract_carousel_timer : Starting Timer.
2026-03-01 15:07:07,056 : INFO : EventManager : Event: ======'timer_attract_carousel_timer_started'====== Args={'ticks': 0, 'ticks_remaining': 1}
2026-03-01 15:07:07,056 : INFO : EventManager : Event: ======'timer_attract_carousel_timer_tick'====== Args={'ticks': 0, 'ticks_remaining': 1}
2026-03-01 15:07:12,057 : INFO : Timer.attract_carousel_timer : Timer Complete
2026-03-01 15:07:12,057 : INFO : Timer.attract_carousel_timer : Stopping Timer
2026-03-01 15:07:12,058 : INFO : EventManager : Event: ======'timer_attract_carousel_timer_stopped'====== Args={'ticks': 1, 'ticks_remaining': 1}
2026-03-01 15:07:12,058 : INFO : EventManager : Event: ======'timer_attract_carousel_timer_complete'====== Args={'ticks': 1, 'ticks_remaining': 1}
2026-03-01 15:07:12,058 : INFO : EventManager : Event: ======'carousel_item_highlighted'====== Args={'carousel': 'attract', 'direction': 'forwards', 'item': 'credits'}
2026-03-01 15:07:12,058 : INFO : Timer.attract_carousel_timer : Starting Timer.
2026-03-01 15:07:12,059 : INFO : EventManager : Event: ======'timer_attract_carousel_timer_started'====== Args={'ticks': 0, 'ticks_remaining': 1}
2026-03-01 15:07:12,059 : INFO : EventManager : Event: ======'timer_attract_carousel_timer_tick'====== Args={'ticks': 0, 'ticks_remaining': 1}
2026-03-01 15:07:17,059 : INFO : Timer.attract_carousel_timer : Timer Complete
2026-03-01 15:07:17,059 : INFO : Timer.attract_carousel_timer : Stopping Timer
2026-03-01 15:07:17,059 : INFO : EventManager : Event: ======'timer_attract_carousel_timer_stopped'====== Args={'ticks': 1, 'ticks_remaining': 1}
2026-03-01 15:07:17,059 : INFO : EventManager : Event: ======'timer_attract_carousel_timer_complete'====== Args={'ticks': 1, 'ticks_remaining': 1}
2026-03-01 15:07:17,060 : INFO : EventManager : Event: ======'carousel_item_highlighted'====== Args={'carousel': 'attract', 'direction': 'forwards', 'item': 'logo'}
2026-03-01 15:07:17,060 : INFO : Timer.attract_carousel_timer : Starting Timer.
2026-03-01 15:07:17,060 : INFO : EventManager : Event: ======'timer_attract_carousel_timer_started'====== Args={'ticks': 0, 'ticks_remaining': 1}
2026-03-01 15:07:17,060 : INFO : EventManager : Event: ======'timer_attract_carousel_timer_tick'====== Args={'ticks': 0, 'ticks_remaining': 1}
2026-03-01 15:07:22,060 : INFO : Timer.attract_carousel_timer : Timer Complete
2026-03-01 15:07:22,060 : INFO : Timer.attract_carousel_timer : Stopping Timer
2026-03-01 15:07:22,061 : INFO : EventManager : Event: ======'timer_attract_carousel_timer_stopped'====== Args={'ticks': 1, 'ticks_remaining': 1}
2026-03-01 15:07:22,061 : INFO : EventManager : Event: ======'timer_attract_carousel_timer_complete'====== Args={'ticks': 1, 'ticks_remaining': 1}
2026-03-01 15:07:22,061 : INFO : EventManager : Event: ======'carousel_item_highlighted'====== Args={'carousel': 'attract', 'direction': 'forwards', 'item': 'title'}
2026-03-01 15:07:22,061 : INFO : Timer.attract_carousel_timer : Starting Timer.
2026-03-01 15:07:22,062 : INFO : EventManager : Event: ======'timer_attract_carousel_timer_started'====== Args={'ticks': 0, 'ticks_remaining': 1}
2026-03-01 15:07:22,062 : INFO : EventManager : Event: ======'timer_attract_carousel_timer_tick'====== Args={'ticks': 0, 'ticks_remaining': 1}
2026-03-01 15:07:27,063 : INFO : Timer.attract_carousel_timer : Timer Complete
2026-03-01 15:07:27,063 : INFO : Timer.attract_carousel_timer : Stopping Timer
2026-03-01 15:07:27,063 : INFO : EventManager : Event: ======'timer_attract_carousel_timer_stopped'====== Args={'ticks': 1, 'ticks_remaining': 1}
2026-03-01 15:07:27,063 : INFO : EventManager : Event: ======'timer_attract_carousel_timer_complete'====== Args={'ticks': 1, 'ticks_remaining': 1}
2026-03-01 15:07:27,064 : INFO : EventManager : Event: ======'carousel_item_highlighted'====== Args={'carousel': 'attract', 'direction': 'forwards', 'item': 'credits'}
2026-03-01 15:07:27,064 : INFO : Timer.attract_carousel_timer : Starting Timer.
2026-03-01 15:07:27,064 : INFO : EventManager : Event: ======'timer_attract_carousel_timer_started'====== Args={'ticks': 0, 'ticks_remaining': 1}
2026-03-01 15:07:27,064 : INFO : EventManager : Event: ======'timer_attract_carousel_timer_tick'====== Args={'ticks': 0, 'ticks_remaining': 1}
2026-03-01 15:07:32,064 : INFO : Timer.attract_carousel_timer : Timer Complete
2026-03-01 15:07:32,064 : INFO : Timer.attract_carousel_timer : Stopping Timer
2026-03-01 15:07:32,064 : INFO : EventManager : Event: ======'timer_attract_carousel_timer_stopped'====== Args={'ticks': 1, 'ticks_remaining': 1}
2026-03-01 15:07:32,064 : INFO : EventManager : Event: ======'timer_attract_carousel_timer_complete'====== Args={'ticks': 1, 'ticks_remaining': 1}
2026-03-01 15:07:32,065 : INFO : EventManager : Event: ======'carousel_item_highlighted'====== Args={'carousel': 'attract', 'direction': 'forwards', 'item': 'logo'}
2026-03-01 15:07:32,065 : INFO : Timer.attract_carousel_timer : Starting Timer.
2026-03-01 15:07:32,065 : INFO : EventManager : Event: ======'timer_attract_carousel_timer_started'====== Args={'ticks': 0, 'ticks_remaining': 1}
2026-03-01 15:07:32,065 : INFO : EventManager : Event: ======'timer_attract_carousel_timer_tick'====== Args={'ticks': 0, 'ticks_remaining': 1}
2026-03-01 15:07:37,065 : INFO : Timer.attract_carousel_timer : Timer Complete
2026-03-01 15:07:37,065 : INFO : Timer.attract_carousel_timer : Stopping Timer
2026-03-01 15:07:37,065 : INFO : EventManager : Event: ======'timer_attract_carousel_timer_stopped'====== Args={'ticks': 1, 'ticks_remaining': 1}
2026-03-01 15:07:37,065 : INFO : EventManager : Event: ======'timer_attract_carousel_timer_complete'====== Args={'ticks': 1, 'ticks_remaining': 1}
2026-03-01 15:07:37,066 : INFO : EventManager : Event: ======'carousel_item_highlighted'====== Args={'carousel': 'attract', 'direction': 'forwards', 'item': 'title'}
2026-03-01 15:07:37,066 : INFO : Timer.attract_carousel_timer : Starting Timer.
2026-03-01 15:07:37,067 : INFO : EventManager : Event: ======'timer_attract_carousel_timer_started'====== Args={'ticks': 0, 'ticks_remaining': 1}
2026-03-01 15:07:37,067 : INFO : EventManager : Event: ======'timer_attract_carousel_timer_tick'====== Args={'ticks': 0, 'ticks_remaining': 1}
2026-03-01 15:07:42,067 : INFO : Timer.attract_carousel_timer : Timer Complete
2026-03-01 15:07:42,067 : INFO : Timer.attract_carousel_timer : Stopping Timer
2026-03-01 15:07:42,067 : INFO : EventManager : Event: ======'timer_attract_carousel_timer_stopped'====== Args={'ticks': 1, 'ticks_remaining': 1}
2026-03-01 15:07:42,067 : INFO : EventManager : Event: ======'timer_attract_carousel_timer_complete'====== Args={'ticks': 1, 'ticks_remaining': 1}
2026-03-01 15:07:42,068 : INFO : EventManager : Event: ======'carousel_item_highlighted'====== Args={'carousel': 'attract', 'direction': 'forwards', 'item': 'credits'}
2026-03-01 15:07:42,068 : INFO : Timer.attract_carousel_timer : Starting Timer.
2026-03-01 15:07:42,068 : INFO : EventManager : Event: ======'timer_attract_carousel_timer_started'====== Args={'ticks': 0, 'ticks_remaining': 1}
2026-03-01 15:07:42,068 : INFO : EventManager : Event: ======'timer_attract_carousel_timer_tick'====== Args={'ticks': 0, 'ticks_remaining': 1}
2026-03-01 15:07:47,069 : INFO : Timer.attract_carousel_timer : Timer Complete
2026-03-01 15:07:47,069 : INFO : Timer.attract_carousel_timer : Stopping Timer
2026-03-01 15:07:47,069 : INFO : EventManager : Event: ======'timer_attract_carousel_timer_stopped'====== Args={'ticks': 1, 'ticks_remaining': 1}
2026-03-01 15:07:47,069 : INFO : EventManager : Event: ======'timer_attract_carousel_timer_complete'====== Args={'ticks': 1, 'ticks_remaining': 1}
2026-03-01 15:07:47,069 : INFO : EventManager : Event: ======'carousel_item_highlighted'====== Args={'carousel': 'attract', 'direction': 'forwards', 'item': 'logo'}
2026-03-01 15:07:47,070 : INFO : Timer.attract_carousel_timer : Starting Timer.
2026-03-01 15:07:47,070 : INFO : EventManager : Event: ======'timer_attract_carousel_timer_started'====== Args={'ticks': 0, 'ticks_remaining': 1}
2026-03-01 15:07:47,070 : INFO : EventManager : Event: ======'timer_attract_carousel_timer_tick'====== Args={'ticks': 0, 'ticks_remaining': 1}
2026-03-01 15:07:52,070 : INFO : Timer.attract_carousel_timer : Timer Complete
2026-03-01 15:07:52,070 : INFO : Timer.attract_carousel_timer : Stopping Timer
2026-03-01 15:07:52,070 : INFO : EventManager : Event: ======'timer_attract_carousel_timer_stopped'====== Args={'ticks': 1, 'ticks_remaining': 1}
2026-03-01 15:07:52,070 : INFO : EventManager : Event: ======'timer_attract_carousel_timer_complete'====== Args={'ticks': 1, 'ticks_remaining': 1}
2026-03-01 15:07:52,071 : INFO : EventManager : Event: ======'carousel_item_highlighted'====== Args={'carousel': 'attract', 'direction': 'forwards', 'item': 'title'}
2026-03-01 15:07:52,071 : INFO : Timer.attract_carousel_timer : Starting Timer.
2026-03-01 15:07:52,071 : INFO : EventManager : Event: ======'timer_attract_carousel_timer_started'====== Args={'ticks': 0, 'ticks_remaining': 1}
2026-03-01 15:07:52,071 : INFO : EventManager : Event: ======'timer_attract_carousel_timer_tick'====== Args={'ticks': 0, 'ticks_remaining': 1}
2026-03-01 15:07:57,072 : INFO : Timer.attract_carousel_timer : Timer Complete
2026-03-01 15:07:57,072 : INFO : Timer.attract_carousel_timer : Stopping Timer
2026-03-01 15:07:57,072 : INFO : EventManager : Event: ======'timer_attract_carousel_timer_stopped'====== Args={'ticks': 1, 'ticks_remaining': 1}
2026-03-01 15:07:57,072 : INFO : EventManager : Event: ======'timer_attract_carousel_timer_complete'====== Args={'ticks': 1, 'ticks_remaining': 1}
2026-03-01 15:07:57,073 : INFO : EventManager : Event: ======'carousel_item_highlighted'====== Args={'carousel': 'attract', 'direction': 'forwards', 'item': 'credits'}
2026-03-01 15:07:57,073 : INFO : Timer.attract_carousel_timer : Starting Timer.
2026-03-01 15:07:57,073 : INFO : EventManager : Event: ======'timer_attract_carousel_timer_started'====== Args={'ticks': 0, 'ticks_remaining': 1}
2026-03-01 15:07:57,073 : INFO : EventManager : Event: ======'timer_attract_carousel_timer_tick'====== Args={'ticks': 0, 'ticks_remaining': 1}
2026-03-01 15:08:02,073 : INFO : Timer.attract_carousel_timer : Timer Complete
2026-03-01 15:08:02,074 : INFO : Timer.attract_carousel_timer : Stopping Timer
2026-03-01 15:08:02,074 : INFO : EventManager : Event: ======'timer_attract_carousel_timer_stopped'====== Args={'ticks': 1, 'ticks_remaining': 1}
2026-03-01 15:08:02,074 : INFO : EventManager : Event: ======'timer_attract_carousel_timer_complete'====== Args={'ticks': 1, 'ticks_remaining': 1}
2026-03-01 15:08:02,074 : INFO : EventManager : Event: ======'carousel_item_highlighted'====== Args={'carousel': 'attract', 'direction': 'forwards', 'item': 'logo'}
2026-03-01 15:08:02,075 : INFO : Timer.attract_carousel_timer : Starting Timer.
2026-03-01 15:08:02,075 : INFO : EventManager : Event: ======'timer_attract_carousel_timer_started'====== Args={'ticks': 0, 'ticks_remaining': 1}
2026-03-01 15:08:02,075 : INFO : EventManager : Event: ======'timer_attract_carousel_timer_tick'====== Args={'ticks': 0, 'ticks_remaining': 1}
2026-03-01 15:08:07,075 : INFO : Timer.attract_carousel_timer : Timer Complete
2026-03-01 15:08:07,075 : INFO : Timer.attract_carousel_timer : Stopping Timer
2026-03-01 15:08:07,076 : INFO : EventManager : Event: ======'timer_attract_carousel_timer_stopped'====== Args={'ticks': 1, 'ticks_remaining': 1}
2026-03-01 15:08:07,076 : INFO : EventManager : Event: ======'timer_attract_carousel_timer_complete'====== Args={'ticks': 1, 'ticks_remaining': 1}
2026-03-01 15:08:07,076 : INFO : EventManager : Event: ======'carousel_item_highlighted'====== Args={'carousel': 'attract', 'direction': 'forwards', 'item': 'title'}
2026-03-01 15:08:07,076 : INFO : Timer.attract_carousel_timer : Starting Timer.
2026-03-01 15:08:07,077 : INFO : EventManager : Event: ======'timer_attract_carousel_timer_started'====== Args={'ticks': 0, 'ticks_remaining': 1}
2026-03-01 15:08:07,077 : INFO : EventManager : Event: ======'timer_attract_carousel_timer_tick'====== Args={'ticks': 0, 'ticks_remaining': 1}
2026-03-01 15:08:12,077 : INFO : Timer.attract_carousel_timer : Timer Complete
2026-03-01 15:08:12,077 : INFO : Timer.attract_carousel_timer : Stopping Timer
2026-03-01 15:08:12,077 : INFO : EventManager : Event: ======'timer_attract_carousel_timer_stopped'====== Args={'ticks': 1, 'ticks_remaining': 1}
2026-03-01 15:08:12,077 : INFO : EventManager : Event: ======'timer_attract_carousel_timer_complete'====== Args={'ticks': 1, 'ticks_remaining': 1}
2026-03-01 15:08:12,078 : INFO : EventManager : Event: ======'carousel_item_highlighted'====== Args={'carousel': 'attract', 'direction': 'forwards', 'item': 'credits'}
2026-03-01 15:08:12,078 : INFO : Timer.attract_carousel_timer : Starting Timer.
2026-03-01 15:08:12,078 : INFO : EventManager : Event: ======'timer_attract_carousel_timer_started'====== Args={'ticks': 0, 'ticks_remaining': 1}
2026-03-01 15:08:12,078 : INFO : EventManager : Event: ======'timer_attract_carousel_timer_tick'====== Args={'ticks': 0, 'ticks_remaining': 1}
2026-03-01 15:08:17,079 : INFO : Timer.attract_carousel_timer : Timer Complete
2026-03-01 15:08:17,079 : INFO : Timer.attract_carousel_timer : Stopping Timer
2026-03-01 15:08:17,079 : INFO : EventManager : Event: ======'timer_attract_carousel_timer_stopped'====== Args={'ticks': 1, 'ticks_remaining': 1}
2026-03-01 15:08:17,079 : INFO : EventManager : Event: ======'timer_attract_carousel_timer_complete'====== Args={'ticks': 1, 'ticks_remaining': 1}
2026-03-01 15:08:17,080 : INFO : EventManager : Event: ======'carousel_item_highlighted'====== Args={'carousel': 'attract', 'direction': 'forwards', 'item': 'logo'}
2026-03-01 15:08:17,080 : INFO : Timer.attract_carousel_timer : Starting Timer.
2026-03-01 15:08:17,080 : INFO : EventManager : Event: ======'timer_attract_carousel_timer_started'====== Args={'ticks': 0, 'ticks_remaining': 1}
2026-03-01 15:08:17,080 : INFO : EventManager : Event: ======'timer_attract_carousel_timer_tick'====== Args={'ticks': 0, 'ticks_remaining': 1}
2026-03-01 15:08:22,081 : INFO : Timer.attract_carousel_timer : Timer Complete
2026-03-01 15:08:22,081 : INFO : Timer.attract_carousel_timer : Stopping Timer
2026-03-01 15:08:22,081 : INFO : EventManager : Event: ======'timer_attract_carousel_timer_stopped'====== Args={'ticks': 1, 'ticks_remaining': 1}
2026-03-01 15:08:22,081 : INFO : EventManager : Event: ======'timer_attract_carousel_timer_complete'====== Args={'ticks': 1, 'ticks_remaining': 1}
2026-03-01 15:08:22,082 : INFO : EventManager : Event: ======'carousel_item_highlighted'====== Args={'carousel': 'attract', 'direction': 'forwards', 'item': 'title'}
2026-03-01 15:08:22,082 : INFO : Timer.attract_carousel_timer : Starting Timer.
2026-03-01 15:08:22,082 : INFO : EventManager : Event: ======'timer_attract_carousel_timer_started'====== Args={'ticks': 0, 'ticks_remaining': 1}
2026-03-01 15:08:22,082 : INFO : EventManager : Event: ======'timer_attract_carousel_timer_tick'====== Args={'ticks': 0, 'ticks_remaining': 1}
2026-03-01 15:08:27,083 : INFO : Timer.attract_carousel_timer : Timer Complete
2026-03-01 15:08:27,083 : INFO : Timer.attract_carousel_timer : Stopping Timer
2026-03-01 15:08:27,083 : INFO : EventManager : Event: ======'timer_attract_carousel_timer_stopped'====== Args={'ticks': 1, 'ticks_remaining': 1}
2026-03-01 15:08:27,084 : INFO : EventManager : Event: ======'timer_attract_carousel_timer_complete'====== Args={'ticks': 1, 'ticks_remaining': 1}
2026-03-01 15:08:27,084 : INFO : EventManager : Event: ======'carousel_item_highlighted'====== Args={'carousel': 'attract', 'direction': 'forwards', 'item': 'credits'}
2026-03-01 15:08:27,084 : INFO : Timer.attract_carousel_timer : Starting Timer.
2026-03-01 15:08:27,084 : INFO : EventManager : Event: ======'timer_attract_carousel_timer_started'====== Args={'ticks': 0, 'ticks_remaining': 1}
2026-03-01 15:08:27,085 : INFO : EventManager : Event: ======'timer_attract_carousel_timer_tick'====== Args={'ticks': 0, 'ticks_remaining': 1}
2026-03-01 15:08:32,085 : INFO : Timer.attract_carousel_timer : Timer Complete
2026-03-01 15:08:32,086 : INFO : Timer.attract_carousel_timer : Stopping Timer
2026-03-01 15:08:32,086 : INFO : EventManager : Event: ======'timer_attract_carousel_timer_stopped'====== Args={'ticks': 1, 'ticks_remaining': 1}
2026-03-01 15:08:32,086 : INFO : EventManager : Event: ======'timer_attract_carousel_timer_complete'====== Args={'ticks': 1, 'ticks_remaining': 1}
2026-03-01 15:08:32,086 : INFO : EventManager : Event: ======'carousel_item_highlighted'====== Args={'carousel': 'attract', 'direction': 'forwards', 'item': 'logo'}
2026-03-01 15:08:32,087 : INFO : Timer.attract_carousel_timer : Starting Timer.
2026-03-01 15:08:32,087 : INFO : EventManager : Event: ======'timer_attract_carousel_timer_started'====== Args={'ticks': 0, 'ticks_remaining': 1}
2026-03-01 15:08:32,087 : INFO : EventManager : Event: ======'timer_attract_carousel_timer_tick'====== Args={'ticks': 0, 'ticks_remaining': 1}
2026-03-01 15:08:37,088 : INFO : Timer.attract_carousel_timer : Timer Complete
2026-03-01 15:08:37,088 : INFO : Timer.attract_carousel_timer : Stopping Timer
2026-03-01 15:08:37,088 : INFO : EventManager : Event: ======'timer_attract_carousel_timer_stopped'====== Args={'ticks': 1, 'ticks_remaining': 1}
2026-03-01 15:08:37,088 : INFO : EventManager : Event: ======'timer_attract_carousel_timer_complete'====== Args={'ticks': 1, 'ticks_remaining': 1}
2026-03-01 15:08:37,089 : INFO : EventManager : Event: ======'carousel_item_highlighted'====== Args={'carousel': 'attract', 'direction': 'forwards', 'item': 'title'}
2026-03-01 15:08:37,089 : INFO : Timer.attract_carousel_timer : Starting Timer.
2026-03-01 15:08:37,089 : INFO : EventManager : Event: ======'timer_attract_carousel_timer_started'====== Args={'ticks': 0, 'ticks_remaining': 1}
2026-03-01 15:08:37,090 : INFO : EventManager : Event: ======'timer_attract_carousel_timer_tick'====== Args={'ticks': 0, 'ticks_remaining': 1}
2026-03-01 15:08:42,089 : INFO : Timer.attract_carousel_timer : Timer Complete
2026-03-01 15:08:42,090 : INFO : Timer.attract_carousel_timer : Stopping Timer
2026-03-01 15:08:42,090 : INFO : EventManager : Event: ======'timer_attract_carousel_timer_stopped'====== Args={'ticks': 1, 'ticks_remaining': 1}
2026-03-01 15:08:42,090 : INFO : EventManager : Event: ======'timer_attract_carousel_timer_complete'====== Args={'ticks': 1, 'ticks_remaining': 1}
2026-03-01 15:08:42,091 : INFO : EventManager : Event: ======'carousel_item_highlighted'====== Args={'carousel': 'attract', 'direction': 'forwards', 'item': 'credits'}
2026-03-01 15:08:42,091 : INFO : Timer.attract_carousel_timer : Starting Timer.
2026-03-01 15:08:42,091 : INFO : EventManager : Event: ======'timer_attract_carousel_timer_started'====== Args={'ticks': 0, 'ticks_remaining': 1}
2026-03-01 15:08:42,091 : INFO : EventManager : Event: ======'timer_attract_carousel_timer_tick'====== Args={'ticks': 0, 'ticks_remaining': 1}
2026-03-01 15:08:47,091 : INFO : Timer.attract_carousel_timer : Timer Complete
2026-03-01 15:08:47,092 : INFO : Timer.attract_carousel_timer : Stopping Timer
2026-03-01 15:08:47,092 : INFO : EventManager : Event: ======'timer_attract_carousel_timer_stopped'====== Args={'ticks': 1, 'ticks_remaining': 1}
2026-03-01 15:08:47,092 : INFO : EventManager : Event: ======'timer_attract_carousel_timer_complete'====== Args={'ticks': 1, 'ticks_remaining': 1}
2026-03-01 15:08:47,092 : INFO : EventManager : Event: ======'carousel_item_highlighted'====== Args={'carousel': 'attract', 'direction': 'forwards', 'item': 'logo'}
2026-03-01 15:08:47,093 : INFO : Timer.attract_carousel_timer : Starting Timer.
2026-03-01 15:08:47,093 : INFO : EventManager : Event: ======'timer_attract_carousel_timer_started'====== Args={'ticks': 0, 'ticks_remaining': 1}
2026-03-01 15:08:47,093 : INFO : EventManager : Event: ======'timer_attract_carousel_timer_tick'====== Args={'ticks': 0, 'ticks_remaining': 1}
2026-03-01 15:08:52,094 : INFO : Timer.attract_carousel_timer : Timer Complete
2026-03-01 15:08:52,094 : INFO : Timer.attract_carousel_timer : Stopping Timer
2026-03-01 15:08:52,094 : INFO : EventManager : Event: ======'timer_attract_carousel_timer_stopped'====== Args={'ticks': 1, 'ticks_remaining': 1}
2026-03-01 15:08:52,094 : INFO : EventManager : Event: ======'timer_attract_carousel_timer_complete'====== Args={'ticks': 1, 'ticks_remaining': 1}
2026-03-01 15:08:52,095 : INFO : EventManager : Event: ======'carousel_item_highlighted'====== Args={'carousel': 'attract', 'direction': 'forwards', 'item': 'title'}
2026-03-01 15:08:52,095 : INFO : Timer.attract_carousel_timer : Starting Timer.
2026-03-01 15:08:52,095 : INFO : EventManager : Event: ======'timer_attract_carousel_timer_started'====== Args={'ticks': 0, 'ticks_remaining': 1}
2026-03-01 15:08:52,095 : INFO : EventManager : Event: ======'timer_attract_carousel_timer_tick'====== Args={'ticks': 0, 'ticks_remaining': 1}
2026-03-01 15:08:57,095 : INFO : Timer.attract_carousel_timer : Timer Complete
2026-03-01 15:08:57,095 : INFO : Timer.attract_carousel_timer : Stopping Timer
2026-03-01 15:08:57,096 : INFO : EventManager : Event: ======'timer_attract_carousel_timer_stopped'====== Args={'ticks': 1, 'ticks_remaining': 1}
2026-03-01 15:08:57,096 : INFO : EventManager : Event: ======'timer_attract_carousel_timer_complete'====== Args={'ticks': 1, 'ticks_remaining': 1}
2026-03-01 15:08:57,096 : INFO : EventManager : Event: ======'carousel_item_highlighted'====== Args={'carousel': 'attract', 'direction': 'forwards', 'item': 'credits'}
2026-03-01 15:08:57,096 : INFO : Timer.attract_carousel_timer : Starting Timer.
2026-03-01 15:08:57,097 : INFO : EventManager : Event: ======'timer_attract_carousel_timer_started'====== Args={'ticks': 0, 'ticks_remaining': 1}
2026-03-01 15:08:57,097 : INFO : EventManager : Event: ======'timer_attract_carousel_timer_tick'====== Args={'ticks': 0, 'ticks_remaining': 1}
2026-03-01 15:09:02,097 : INFO : Timer.attract_carousel_timer : Timer Complete
2026-03-01 15:09:02,097 : INFO : Timer.attract_carousel_timer : Stopping Timer
2026-03-01 15:09:02,097 : INFO : EventManager : Event: ======'timer_attract_carousel_timer_stopped'====== Args={'ticks': 1, 'ticks_remaining': 1}
2026-03-01 15:09:02,097 : INFO : EventManager : Event: ======'timer_attract_carousel_timer_complete'====== Args={'ticks': 1, 'ticks_remaining': 1}
2026-03-01 15:09:02,098 : INFO : EventManager : Event: ======'carousel_item_highlighted'====== Args={'carousel': 'attract', 'direction': 'forwards', 'item': 'logo'}
2026-03-01 15:09:02,098 : INFO : Timer.attract_carousel_timer : Starting Timer.
2026-03-01 15:09:02,098 : INFO : EventManager : Event: ======'timer_attract_carousel_timer_started'====== Args={'ticks': 0, 'ticks_remaining': 1}
2026-03-01 15:09:02,098 : INFO : EventManager : Event: ======'timer_attract_carousel_timer_tick'====== Args={'ticks': 0, 'ticks_remaining': 1}
2026-03-01 15:09:07,098 : INFO : Timer.attract_carousel_timer : Timer Complete
2026-03-01 15:09:07,099 : INFO : Timer.attract_carousel_timer : Stopping Timer
2026-03-01 15:09:07,099 : INFO : EventManager : Event: ======'timer_attract_carousel_timer_stopped'====== Args={'ticks': 1, 'ticks_remaining': 1}
2026-03-01 15:09:07,099 : INFO : EventManager : Event: ======'timer_attract_carousel_timer_complete'====== Args={'ticks': 1, 'ticks_remaining': 1}
2026-03-01 15:09:07,099 : INFO : EventManager : Event: ======'carousel_item_highlighted'====== Args={'carousel': 'attract', 'direction': 'forwards', 'item': 'title'}
2026-03-01 15:09:07,100 : INFO : Timer.attract_carousel_timer : Starting Timer.
2026-03-01 15:09:07,100 : INFO : EventManager : Event: ======'timer_attract_carousel_timer_started'====== Args={'ticks': 0, 'ticks_remaining': 1}
2026-03-01 15:09:07,100 : INFO : EventManager : Event: ======'timer_attract_carousel_timer_tick'====== Args={'ticks': 0, 'ticks_remaining': 1}
2026-03-01 15:09:12,101 : INFO : Timer.attract_carousel_timer : Timer Complete
2026-03-01 15:09:12,101 : INFO : Timer.attract_carousel_timer : Stopping Timer
2026-03-01 15:09:12,101 : INFO : EventManager : Event: ======'timer_attract_carousel_timer_stopped'====== Args={'ticks': 1, 'ticks_remaining': 1}
2026-03-01 15:09:12,101 : INFO : EventManager : Event: ======'timer_attract_carousel_timer_complete'====== Args={'ticks': 1, 'ticks_remaining': 1}
2026-03-01 15:09:12,101 : INFO : EventManager : Event: ======'carousel_item_highlighted'====== Args={'carousel': 'attract', 'direction': 'forwards', 'item': 'credits'}
2026-03-01 15:09:12,102 : INFO : Timer.attract_carousel_timer : Starting Timer.
2026-03-01 15:09:12,102 : INFO : EventManager : Event: ======'timer_attract_carousel_timer_started'====== Args={'ticks': 0, 'ticks_remaining': 1}
2026-03-01 15:09:12,102 : INFO : EventManager : Event: ======'timer_attract_carousel_timer_tick'====== Args={'ticks': 0, 'ticks_remaining': 1}
2026-03-01 15:09:17,103 : INFO : Timer.attract_carousel_timer : Timer Complete
2026-03-01 15:09:17,103 : INFO : Timer.attract_carousel_timer : Stopping Timer
2026-03-01 15:09:17,103 : INFO : EventManager : Event: ======'timer_attract_carousel_timer_stopped'====== Args={'ticks': 1, 'ticks_remaining': 1}
2026-03-01 15:09:17,103 : INFO : EventManager : Event: ======'timer_attract_carousel_timer_complete'====== Args={'ticks': 1, 'ticks_remaining': 1}
2026-03-01 15:09:17,103 : INFO : EventManager : Event: ======'carousel_item_highlighted'====== Args={'carousel': 'attract', 'direction': 'forwards', 'item': 'logo'}
2026-03-01 15:09:17,104 : INFO : Timer.attract_carousel_timer : Starting Timer.
2026-03-01 15:09:17,104 : INFO : EventManager : Event: ======'timer_attract_carousel_timer_started'====== Args={'ticks': 0, 'ticks_remaining': 1}
2026-03-01 15:09:17,104 : INFO : EventManager : Event: ======'timer_attract_carousel_timer_tick'====== Args={'ticks': 0, 'ticks_remaining': 1}
2026-03-01 15:09:22,104 : INFO : Timer.attract_carousel_timer : Timer Complete
2026-03-01 15:09:22,105 : INFO : Timer.attract_carousel_timer : Stopping Timer
2026-03-01 15:09:22,105 : INFO : EventManager : Event: ======'timer_attract_carousel_timer_stopped'====== Args={'ticks': 1, 'ticks_remaining': 1}
2026-03-01 15:09:22,105 : INFO : EventManager : Event: ======'timer_attract_carousel_timer_complete'====== Args={'ticks': 1, 'ticks_remaining': 1}
2026-03-01 15:09:22,105 : INFO : EventManager : Event: ======'carousel_item_highlighted'====== Args={'carousel': 'attract', 'direction': 'forwards', 'item': 'title'}
2026-03-01 15:09:22,105 : INFO : Timer.attract_carousel_timer : Starting Timer.
2026-03-01 15:09:22,105 : INFO : EventManager : Event: ======'timer_attract_carousel_timer_started'====== Args={'ticks': 0, 'ticks_remaining': 1}
2026-03-01 15:09:22,105 : INFO : EventManager : Event: ======'timer_attract_carousel_timer_tick'====== Args={'ticks': 0, 'ticks_remaining': 1}
2026-03-01 15:09:27,106 : INFO : Timer.attract_carousel_timer : Timer Complete
2026-03-01 15:09:27,106 : INFO : Timer.attract_carousel_timer : Stopping Timer
2026-03-01 15:09:27,107 : INFO : EventManager : Event: ======'timer_attract_carousel_timer_stopped'====== Args={'ticks': 1, 'ticks_remaining': 1}
2026-03-01 15:09:27,107 : INFO : EventManager : Event: ======'timer_attract_carousel_timer_complete'====== Args={'ticks': 1, 'ticks_remaining': 1}
2026-03-01 15:09:27,107 : INFO : EventManager : Event: ======'carousel_item_highlighted'====== Args={'carousel': 'attract', 'direction': 'forwards', 'item': 'credits'}
2026-03-01 15:09:27,107 : INFO : Timer.attract_carousel_timer : Starting Timer.
2026-03-01 15:09:27,107 : INFO : EventManager : Event: ======'timer_attract_carousel_timer_started'====== Args={'ticks': 0, 'ticks_remaining': 1}
2026-03-01 15:09:27,107 : INFO : EventManager : Event: ======'timer_attract_carousel_timer_tick'====== Args={'ticks': 0, 'ticks_remaining': 1}
2026-03-01 15:09:32,108 : INFO : Timer.attract_carousel_timer : Timer Complete
2026-03-01 15:09:32,108 : INFO : Timer.attract_carousel_timer : Stopping Timer
2026-03-01 15:09:32,108 : INFO : EventManager : Event: ======'timer_attract_carousel_timer_stopped'====== Args={'ticks': 1, 'ticks_remaining': 1}
2026-03-01 15:09:32,108 : INFO : EventManager : Event: ======'timer_attract_carousel_timer_complete'====== Args={'ticks': 1, 'ticks_remaining': 1}
2026-03-01 15:09:32,109 : INFO : EventManager : Event: ======'carousel_item_highlighted'====== Args={'carousel': 'attract', 'direction': 'forwards', 'item': 'logo'}
2026-03-01 15:09:32,109 : INFO : Timer.attract_carousel_timer : Starting Timer.
2026-03-01 15:09:32,109 : INFO : EventManager : Event: ======'timer_attract_carousel_timer_started'====== Args={'ticks': 0, 'ticks_remaining': 1}
2026-03-01 15:09:32,109 : INFO : EventManager : Event: ======'timer_attract_carousel_timer_tick'====== Args={'ticks': 0, 'ticks_remaining': 1}
2026-03-01 15:09:37,109 : INFO : Timer.attract_carousel_timer : Timer Complete
2026-03-01 15:09:37,109 : INFO : Timer.attract_carousel_timer : Stopping Timer
2026-03-01 15:09:37,109 : INFO : EventManager : Event: ======'timer_attract_carousel_timer_stopped'====== Args={'ticks': 1, 'ticks_remaining': 1}
2026-03-01 15:09:37,110 : INFO : EventManager : Event: ======'timer_attract_carousel_timer_complete'====== Args={'ticks': 1, 'ticks_remaining': 1}
2026-03-01 15:09:37,110 : INFO : EventManager : Event: ======'carousel_item_highlighted'====== Args={'carousel': 'attract', 'direction': 'forwards', 'item': 'title'}
2026-03-01 15:09:37,110 : INFO : Timer.attract_carousel_timer : Starting Timer.
2026-03-01 15:09:37,110 : INFO : EventManager : Event: ======'timer_attract_carousel_timer_started'====== Args={'ticks': 0, 'ticks_remaining': 1}
2026-03-01 15:09:37,110 : INFO : EventManager : Event: ======'timer_attract_carousel_timer_tick'====== Args={'ticks': 0, 'ticks_remaining': 1}
2026-03-01 15:09:42,110 : INFO : Timer.attract_carousel_timer : Timer Complete
2026-03-01 15:09:42,111 : INFO : Timer.attract_carousel_timer : Stopping Timer
2026-03-01 15:09:42,111 : INFO : EventManager : Event: ======'timer_attract_carousel_timer_stopped'====== Args={'ticks': 1, 'ticks_remaining': 1}
2026-03-01 15:09:42,111 : INFO : EventManager : Event: ======'timer_attract_carousel_timer_complete'====== Args={'ticks': 1, 'ticks_remaining': 1}
2026-03-01 15:09:42,111 : INFO : EventManager : Event: ======'carousel_item_highlighted'====== Args={'carousel': 'attract', 'direction': 'forwards', 'item': 'credits'}
2026-03-01 15:09:42,111 : INFO : Timer.attract_carousel_timer : Starting Timer.
2026-03-01 15:09:42,111 : INFO : EventManager : Event: ======'timer_attract_carousel_timer_started'====== Args={'ticks': 0, 'ticks_remaining': 1}
2026-03-01 15:09:42,111 : INFO : EventManager : Event: ======'timer_attract_carousel_timer_tick'====== Args={'ticks': 0, 'ticks_remaining': 1}
2026-03-01 15:09:47,111 : INFO : Timer.attract_carousel_timer : Timer Complete
2026-03-01 15:09:47,112 : INFO : Timer.attract_carousel_timer : Stopping Timer
2026-03-01 15:09:47,112 : INFO : EventManager : Event: ======'timer_attract_carousel_timer_stopped'====== Args={'ticks': 1, 'ticks_remaining': 1}
2026-03-01 15:09:47,112 : INFO : EventManager : Event: ======'timer_attract_carousel_timer_complete'====== Args={'ticks': 1, 'ticks_remaining': 1}
2026-03-01 15:09:47,112 : INFO : EventManager : Event: ======'carousel_item_highlighted'====== Args={'carousel': 'attract', 'direction': 'forwards', 'item': 'logo'}
2026-03-01 15:09:47,112 : INFO : Timer.attract_carousel_timer : Starting Timer.
2026-03-01 15:09:47,112 : INFO : EventManager : Event: ======'timer_attract_carousel_timer_started'====== Args={'ticks': 0, 'ticks_remaining': 1}
2026-03-01 15:09:47,113 : INFO : EventManager : Event: ======'timer_attract_carousel_timer_tick'====== Args={'ticks': 0, 'ticks_remaining': 1}
2026-03-01 15:09:52,113 : INFO : Timer.attract_carousel_timer : Timer Complete
2026-03-01 15:09:52,113 : INFO : Timer.attract_carousel_timer : Stopping Timer
2026-03-01 15:09:52,113 : INFO : EventManager : Event: ======'timer_attract_carousel_timer_stopped'====== Args={'ticks': 1, 'ticks_remaining': 1}
2026-03-01 15:09:52,113 : INFO : EventManager : Event: ======'timer_attract_carousel_timer_complete'====== Args={'ticks': 1, 'ticks_remaining': 1}
2026-03-01 15:09:52,113 : INFO : EventManager : Event: ======'carousel_item_highlighted'====== Args={'carousel': 'attract', 'direction': 'forwards', 'item': 'title'}
2026-03-01 15:09:52,114 : INFO : Timer.attract_carousel_timer : Starting Timer.
2026-03-01 15:09:52,114 : INFO : EventManager : Event: ======'timer_attract_carousel_timer_started'====== Args={'ticks': 0, 'ticks_remaining': 1}
2026-03-01 15:09:52,114 : INFO : EventManager : Event: ======'timer_attract_carousel_timer_tick'====== Args={'ticks': 0, 'ticks_remaining': 1}
2026-03-01 15:09:57,114 : INFO : Timer.attract_carousel_timer : Timer Complete
2026-03-01 15:09:57,114 : INFO : Timer.attract_carousel_timer : Stopping Timer
2026-03-01 15:09:57,114 : INFO : EventManager : Event: ======'timer_attract_carousel_timer_stopped'====== Args={'ticks': 1, 'ticks_remaining': 1}
2026-03-01 15:09:57,114 : INFO : EventManager : Event: ======'timer_attract_carousel_timer_complete'====== Args={'ticks': 1, 'ticks_remaining': 1}
2026-03-01 15:09:57,114 : INFO : EventManager : Event: ======'carousel_item_highlighted'====== Args={'carousel': 'attract', 'direction': 'forwards', 'item': 'credits'}
2026-03-01 15:09:57,114 : INFO : Timer.attract_carousel_timer : Starting Timer.
2026-03-01 15:09:57,115 : INFO : EventManager : Event: ======'timer_attract_carousel_timer_started'====== Args={'ticks': 0, 'ticks_remaining': 1}
2026-03-01 15:09:57,115 : INFO : EventManager : Event: ======'timer_attract_carousel_timer_tick'====== Args={'ticks': 0, 'ticks_remaining': 1}
2026-03-01 15:10:02,115 : INFO : Timer.attract_carousel_timer : Timer Complete
2026-03-01 15:10:02,116 : INFO : Timer.attract_carousel_timer : Stopping Timer
2026-03-01 15:10:02,116 : INFO : EventManager : Event: ======'timer_attract_carousel_timer_stopped'====== Args={'ticks': 1, 'ticks_remaining': 1}
2026-03-01 15:10:02,116 : INFO : EventManager : Event: ======'timer_attract_carousel_timer_complete'====== Args={'ticks': 1, 'ticks_remaining': 1}
2026-03-01 15:10:02,116 : INFO : EventManager : Event: ======'carousel_item_highlighted'====== Args={'carousel': 'attract', 'direction': 'forwards', 'item': 'logo'}
2026-03-01 15:10:02,116 : INFO : Timer.attract_carousel_timer : Starting Timer.
2026-03-01 15:10:02,117 : INFO : EventManager : Event: ======'timer_attract_carousel_timer_started'====== Args={'ticks': 0, 'ticks_remaining': 1}
2026-03-01 15:10:02,117 : INFO : EventManager : Event: ======'timer_attract_carousel_timer_tick'====== Args={'ticks': 0, 'ticks_remaining': 1}
2026-03-01 15:10:07,117 : INFO : Timer.attract_carousel_timer : Timer Complete
2026-03-01 15:10:07,117 : INFO : Timer.attract_carousel_timer : Stopping Timer
2026-03-01 15:10:07,118 : INFO : EventManager : Event: ======'timer_attract_carousel_timer_stopped'====== Args={'ticks': 1, 'ticks_remaining': 1}
2026-03-01 15:10:07,118 : INFO : EventManager : Event: ======'timer_attract_carousel_timer_complete'====== Args={'ticks': 1, 'ticks_remaining': 1}
2026-03-01 15:10:07,118 : INFO : EventManager : Event: ======'carousel_item_highlighted'====== Args={'carousel': 'attract', 'direction': 'forwards', 'item': 'title'}
2026-03-01 15:10:07,118 : INFO : Timer.attract_carousel_timer : Starting Timer.
2026-03-01 15:10:07,118 : INFO : EventManager : Event: ======'timer_attract_carousel_timer_started'====== Args={'ticks': 0, 'ticks_remaining': 1}
2026-03-01 15:10:07,118 : INFO : EventManager : Event: ======'timer_attract_carousel_timer_tick'====== Args={'ticks': 0, 'ticks_remaining': 1}
2026-03-01 15:10:12,119 : INFO : Timer.attract_carousel_timer : Timer Complete
2026-03-01 15:10:12,120 : INFO : Timer.attract_carousel_timer : Stopping Timer
2026-03-01 15:10:12,120 : INFO : EventManager : Event: ======'timer_attract_carousel_timer_stopped'====== Args={'ticks': 1, 'ticks_remaining': 1}
2026-03-01 15:10:12,120 : INFO : EventManager : Event: ======'timer_attract_carousel_timer_complete'====== Args={'ticks': 1, 'ticks_remaining': 1}
2026-03-01 15:10:12,120 : INFO : EventManager : Event: ======'carousel_item_highlighted'====== Args={'carousel': 'attract', 'direction': 'forwards', 'item': 'credits'}
2026-03-01 15:10:12,121 : INFO : Timer.attract_carousel_timer : Starting Timer.
2026-03-01 15:10:12,121 : INFO : EventManager : Event: ======'timer_attract_carousel_timer_started'====== Args={'ticks': 0, 'ticks_remaining': 1}
2026-03-01 15:10:12,121 : INFO : EventManager : Event: ======'timer_attract_carousel_timer_tick'====== Args={'ticks': 0, 'ticks_remaining': 1}
2026-03-01 15:10:17,122 : INFO : Timer.attract_carousel_timer : Timer Complete
2026-03-01 15:10:17,122 : INFO : Timer.attract_carousel_timer : Stopping Timer
2026-03-01 15:10:17,122 : INFO : EventManager : Event: ======'timer_attract_carousel_timer_stopped'====== Args={'ticks': 1, 'ticks_remaining': 1}
2026-03-01 15:10:17,122 : INFO : EventManager : Event: ======'timer_attract_carousel_timer_complete'====== Args={'ticks': 1, 'ticks_remaining': 1}
2026-03-01 15:10:17,122 : INFO : EventManager : Event: ======'carousel_item_highlighted'====== Args={'carousel': 'attract', 'direction': 'forwards', 'item': 'logo'}
2026-03-01 15:10:17,123 : INFO : Timer.attract_carousel_timer : Starting Timer.
2026-03-01 15:10:17,123 : INFO : EventManager : Event: ======'timer_attract_carousel_timer_started'====== Args={'ticks': 0, 'ticks_remaining': 1}
2026-03-01 15:10:17,123 : INFO : EventManager : Event: ======'timer_attract_carousel_timer_tick'====== Args={'ticks': 0, 'ticks_remaining': 1}
2026-03-01 15:10:22,123 : INFO : Timer.attract_carousel_timer : Timer Complete
2026-03-01 15:10:22,123 : INFO : Timer.attract_carousel_timer : Stopping Timer
2026-03-01 15:10:22,123 : INFO : EventManager : Event: ======'timer_attract_carousel_timer_stopped'====== Args={'ticks': 1, 'ticks_remaining': 1}
2026-03-01 15:10:22,123 : INFO : EventManager : Event: ======'timer_attract_carousel_timer_complete'====== Args={'ticks': 1, 'ticks_remaining': 1}
2026-03-01 15:10:22,123 : INFO : EventManager : Event: ======'carousel_item_highlighted'====== Args={'carousel': 'attract', 'direction': 'forwards', 'item': 'title'}
2026-03-01 15:10:22,123 : INFO : Timer.attract_carousel_timer : Starting Timer.
2026-03-01 15:10:22,123 : INFO : EventManager : Event: ======'timer_attract_carousel_timer_started'====== Args={'ticks': 0, 'ticks_remaining': 1}
2026-03-01 15:10:22,124 : INFO : EventManager : Event: ======'timer_attract_carousel_timer_tick'====== Args={'ticks': 0, 'ticks_remaining': 1}
2026-03-01 15:10:27,124 : INFO : Timer.attract_carousel_timer : Timer Complete
2026-03-01 15:10:27,124 : INFO : Timer.attract_carousel_timer : Stopping Timer
2026-03-01 15:10:27,124 : INFO : EventManager : Event: ======'timer_attract_carousel_timer_stopped'====== Args={'ticks': 1, 'ticks_remaining': 1}
2026-03-01 15:10:27,124 : INFO : EventManager : Event: ======'timer_attract_carousel_timer_complete'====== Args={'ticks': 1, 'ticks_remaining': 1}
2026-03-01 15:10:27,125 : INFO : EventManager : Event: ======'carousel_item_highlighted'====== Args={'carousel': 'attract', 'direction': 'forwards', 'item': 'credits'}
2026-03-01 15:10:27,125 : INFO : Timer.attract_carousel_timer : Starting Timer.
2026-03-01 15:10:27,125 : INFO : EventManager : Event: ======'timer_attract_carousel_timer_started'====== Args={'ticks': 0, 'ticks_remaining': 1}
2026-03-01 15:10:27,125 : INFO : EventManager : Event: ======'timer_attract_carousel_timer_tick'====== Args={'ticks': 0, 'ticks_remaining': 1}
2026-03-01 15:10:32,125 : INFO : Timer.attract_carousel_timer : Timer Complete
2026-03-01 15:10:32,125 : INFO : Timer.attract_carousel_timer : Stopping Timer
2026-03-01 15:10:32,125 : INFO : EventManager : Event: ======'timer_attract_carousel_timer_stopped'====== Args={'ticks': 1, 'ticks_remaining': 1}
2026-03-01 15:10:32,125 : INFO : EventManager : Event: ======'timer_attract_carousel_timer_complete'====== Args={'ticks': 1, 'ticks_remaining': 1}
2026-03-01 15:10:32,126 : INFO : EventManager : Event: ======'carousel_item_highlighted'====== Args={'carousel': 'attract', 'direction': 'forwards', 'item': 'logo'}
2026-03-01 15:10:32,126 : INFO : Timer.attract_carousel_timer : Starting Timer.
2026-03-01 15:10:32,126 : INFO : EventManager : Event: ======'timer_attract_carousel_timer_started'====== Args={'ticks': 0, 'ticks_remaining': 1}
2026-03-01 15:10:32,126 : INFO : EventManager : Event: ======'timer_attract_carousel_timer_tick'====== Args={'ticks': 0, 'ticks_remaining': 1}
2026-03-01 15:10:37,126 : INFO : Timer.attract_carousel_timer : Timer Complete
2026-03-01 15:10:37,126 : INFO : Timer.attract_carousel_timer : Stopping Timer
2026-03-01 15:10:37,126 : INFO : EventManager : Event: ======'timer_attract_carousel_timer_stopped'====== Args={'ticks': 1, 'ticks_remaining': 1}
2026-03-01 15:10:37,126 : INFO : EventManager : Event: ======'timer_attract_carousel_timer_complete'====== Args={'ticks': 1, 'ticks_remaining': 1}
2026-03-01 15:10:37,127 : INFO : EventManager : Event: ======'carousel_item_highlighted'====== Args={'carousel': 'attract', 'direction': 'forwards', 'item': 'title'}
2026-03-01 15:10:37,127 : INFO : Timer.attract_carousel_timer : Starting Timer.
2026-03-01 15:10:37,127 : INFO : EventManager : Event: ======'timer_attract_carousel_timer_started'====== Args={'ticks': 0, 'ticks_remaining': 1}
2026-03-01 15:10:37,127 : INFO : EventManager : Event: ======'timer_attract_carousel_timer_tick'====== Args={'ticks': 0, 'ticks_remaining': 1}
2026-03-01 15:10:42,127 : INFO : Timer.attract_carousel_timer : Timer Complete
2026-03-01 15:10:42,128 : INFO : Timer.attract_carousel_timer : Stopping Timer
2026-03-01 15:10:42,128 : INFO : EventManager : Event: ======'timer_attract_carousel_timer_stopped'====== Args={'ticks': 1, 'ticks_remaining': 1}
2026-03-01 15:10:42,128 : INFO : EventManager : Event: ======'timer_attract_carousel_timer_complete'====== Args={'ticks': 1, 'ticks_remaining': 1}
2026-03-01 15:10:42,128 : INFO : EventManager : Event: ======'carousel_item_highlighted'====== Args={'carousel': 'attract', 'direction': 'forwards', 'item': 'credits'}
2026-03-01 15:10:42,128 : INFO : Timer.attract_carousel_timer : Starting Timer.
2026-03-01 15:10:42,128 : INFO : EventManager : Event: ======'timer_attract_carousel_timer_started'====== Args={'ticks': 0, 'ticks_remaining': 1}
2026-03-01 15:10:42,128 : INFO : EventManager : Event: ======'timer_attract_carousel_timer_tick'====== Args={'ticks': 0, 'ticks_remaining': 1}
2026-03-01 15:10:47,129 : INFO : Timer.attract_carousel_timer : Timer Complete
2026-03-01 15:10:47,129 : INFO : Timer.attract_carousel_timer : Stopping Timer
2026-03-01 15:10:47,129 : INFO : EventManager : Event: ======'timer_attract_carousel_timer_stopped'====== Args={'ticks': 1, 'ticks_remaining': 1}
2026-03-01 15:10:47,129 : INFO : EventManager : Event: ======'timer_attract_carousel_timer_complete'====== Args={'ticks': 1, 'ticks_remaining': 1}
2026-03-01 15:10:47,130 : INFO : EventManager : Event: ======'carousel_item_highlighted'====== Args={'carousel': 'attract', 'direction': 'forwards', 'item': 'logo'}
2026-03-01 15:10:47,130 : INFO : Timer.attract_carousel_timer : Starting Timer.
2026-03-01 15:10:47,130 : INFO : EventManager : Event: ======'timer_attract_carousel_timer_started'====== Args={'ticks': 0, 'ticks_remaining': 1}
2026-03-01 15:10:47,130 : INFO : EventManager : Event: ======'timer_attract_carousel_timer_tick'====== Args={'ticks': 0, 'ticks_remaining': 1}
2026-03-01 15:10:52,131 : INFO : Timer.attract_carousel_timer : Timer Complete
2026-03-01 15:10:52,131 : INFO : Timer.attract_carousel_timer : Stopping Timer
2026-03-01 15:10:52,131 : INFO : EventManager : Event: ======'timer_attract_carousel_timer_stopped'====== Args={'ticks': 1, 'ticks_remaining': 1}
2026-03-01 15:10:52,131 : INFO : EventManager : Event: ======'timer_attract_carousel_timer_complete'====== Args={'ticks': 1, 'ticks_remaining': 1}
2026-03-01 15:10:52,132 : INFO : EventManager : Event: ======'carousel_item_highlighted'====== Args={'carousel': 'attract', 'direction': 'forwards', 'item': 'title'}
2026-03-01 15:10:52,132 : INFO : Timer.attract_carousel_timer : Starting Timer.
2026-03-01 15:10:52,132 : INFO : EventManager : Event: ======'timer_attract_carousel_timer_started'====== Args={'ticks': 0, 'ticks_remaining': 1}
2026-03-01 15:10:52,132 : INFO : EventManager : Event: ======'timer_attract_carousel_timer_tick'====== Args={'ticks': 0, 'ticks_remaining': 1}
2026-03-01 15:10:57,132 : INFO : Timer.attract_carousel_timer : Timer Complete
2026-03-01 15:10:57,132 : INFO : Timer.attract_carousel_timer : Stopping Timer
2026-03-01 15:10:57,133 : INFO : EventManager : Event: ======'timer_attract_carousel_timer_stopped'====== Args={'ticks': 1, 'ticks_remaining': 1}
2026-03-01 15:10:57,133 : INFO : EventManager : Event: ======'timer_attract_carousel_timer_complete'====== Args={'ticks': 1, 'ticks_remaining': 1}
2026-03-01 15:10:57,133 : INFO : EventManager : Event: ======'carousel_item_highlighted'====== Args={'carousel': 'attract', 'direction': 'forwards', 'item': 'credits'}
2026-03-01 15:10:57,133 : INFO : Timer.attract_carousel_timer : Starting Timer.
2026-03-01 15:10:57,133 : INFO : EventManager : Event: ======'timer_attract_carousel_timer_started'====== Args={'ticks': 0, 'ticks_remaining': 1}
2026-03-01 15:10:57,133 : INFO : EventManager : Event: ======'timer_attract_carousel_timer_tick'====== Args={'ticks': 0, 'ticks_remaining': 1}
2026-03-01 15:11:02,134 : INFO : Timer.attract_carousel_timer : Timer Complete
2026-03-01 15:11:02,134 : INFO : Timer.attract_carousel_timer : Stopping Timer
2026-03-01 15:11:02,135 : INFO : EventManager : Event: ======'timer_attract_carousel_timer_stopped'====== Args={'ticks': 1, 'ticks_remaining': 1}
2026-03-01 15:11:02,135 : INFO : EventManager : Event: ======'timer_attract_carousel_timer_complete'====== Args={'ticks': 1, 'ticks_remaining': 1}
2026-03-01 15:11:02,135 : INFO : EventManager : Event: ======'carousel_item_highlighted'====== Args={'carousel': 'attract', 'direction': 'forwards', 'item': 'logo'}
2026-03-01 15:11:02,135 : INFO : Timer.attract_carousel_timer : Starting Timer.
2026-03-01 15:11:02,135 : INFO : EventManager : Event: ======'timer_attract_carousel_timer_started'====== Args={'ticks': 0, 'ticks_remaining': 1}
2026-03-01 15:11:02,135 : INFO : EventManager : Event: ======'timer_attract_carousel_timer_tick'====== Args={'ticks': 0, 'ticks_remaining': 1}
2026-03-01 15:11:07,136 : INFO : Timer.attract_carousel_timer : Timer Complete
2026-03-01 15:11:07,136 : INFO : Timer.attract_carousel_timer : Stopping Timer
2026-03-01 15:11:07,136 : INFO : EventManager : Event: ======'timer_attract_carousel_timer_stopped'====== Args={'ticks': 1, 'ticks_remaining': 1}
2026-03-01 15:11:07,136 : INFO : EventManager : Event: ======'timer_attract_carousel_timer_complete'====== Args={'ticks': 1, 'ticks_remaining': 1}
2026-03-01 15:11:07,137 : INFO : EventManager : Event: ======'carousel_item_highlighted'====== Args={'carousel': 'attract', 'direction': 'forwards', 'item': 'title'}
2026-03-01 15:11:07,137 : INFO : Timer.attract_carousel_timer : Starting Timer.
2026-03-01 15:11:07,137 : INFO : EventManager : Event: ======'timer_attract_carousel_timer_started'====== Args={'ticks': 0, 'ticks_remaining': 1}
2026-03-01 15:11:07,137 : INFO : EventManager : Event: ======'timer_attract_carousel_timer_tick'====== Args={'ticks': 0, 'ticks_remaining': 1}
2026-03-01 15:11:12,138 : INFO : Timer.attract_carousel_timer : Timer Complete
2026-03-01 15:11:12,138 : INFO : Timer.attract_carousel_timer : Stopping Timer
2026-03-01 15:11:12,138 : INFO : EventManager : Event: ======'timer_attract_carousel_timer_stopped'====== Args={'ticks': 1, 'ticks_remaining': 1}
2026-03-01 15:11:12,138 : INFO : EventManager : Event: ======'timer_attract_carousel_timer_complete'====== Args={'ticks': 1, 'ticks_remaining': 1}
2026-03-01 15:11:12,138 : INFO : EventManager : Event: ======'carousel_item_highlighted'====== Args={'carousel': 'attract', 'direction': 'forwards', 'item': 'credits'}
2026-03-01 15:11:12,138 : INFO : Timer.attract_carousel_timer : Starting Timer.
2026-03-01 15:11:12,138 : INFO : EventManager : Event: ======'timer_attract_carousel_timer_started'====== Args={'ticks': 0, 'ticks_remaining': 1}
2026-03-01 15:11:12,139 : INFO : EventManager : Event: ======'timer_attract_carousel_timer_tick'====== Args={'ticks': 0, 'ticks_remaining': 1}
2026-03-01 15:11:17,139 : INFO : Timer.attract_carousel_timer : Timer Complete
2026-03-01 15:11:17,139 : INFO : Timer.attract_carousel_timer : Stopping Timer
2026-03-01 15:11:17,139 : INFO : EventManager : Event: ======'timer_attract_carousel_timer_stopped'====== Args={'ticks': 1, 'ticks_remaining': 1}
2026-03-01 15:11:17,139 : INFO : EventManager : Event: ======'timer_attract_carousel_timer_complete'====== Args={'ticks': 1, 'ticks_remaining': 1}
2026-03-01 15:11:17,140 : INFO : EventManager : Event: ======'carousel_item_highlighted'====== Args={'carousel': 'attract', 'direction': 'forwards', 'item': 'logo'}
2026-03-01 15:11:17,140 : INFO : Timer.attract_carousel_timer : Starting Timer.
2026-03-01 15:11:17,140 : INFO : EventManager : Event: ======'timer_attract_carousel_timer_started'====== Args={'ticks': 0, 'ticks_remaining': 1}
2026-03-01 15:11:17,140 : INFO : EventManager : Event: ======'timer_attract_carousel_timer_tick'====== Args={'ticks': 0, 'ticks_remaining': 1}
2026-03-01 15:11:22,140 : INFO : Timer.attract_carousel_timer : Timer Complete
2026-03-01 15:11:22,141 : INFO : Timer.attract_carousel_timer : Stopping Timer
2026-03-01 15:11:22,141 : INFO : EventManager : Event: ======'timer_attract_carousel_timer_stopped'====== Args={'ticks': 1, 'ticks_remaining': 1}
2026-03-01 15:11:22,141 : INFO : EventManager : Event: ======'timer_attract_carousel_timer_complete'====== Args={'ticks': 1, 'ticks_remaining': 1}
2026-03-01 15:11:22,141 : INFO : EventManager : Event: ======'carousel_item_highlighted'====== Args={'carousel': 'attract', 'direction': 'forwards', 'item': 'title'}
2026-03-01 15:11:22,142 : INFO : Timer.attract_carousel_timer : Starting Timer.
2026-03-01 15:11:22,142 : INFO : EventManager : Event: ======'timer_attract_carousel_timer_started'====== Args={'ticks': 0, 'ticks_remaining': 1}
2026-03-01 15:11:22,142 : INFO : EventManager : Event: ======'timer_attract_carousel_timer_tick'====== Args={'ticks': 0, 'ticks_remaining': 1}
2026-03-01 15:11:27,143 : INFO : Timer.attract_carousel_timer : Timer Complete
2026-03-01 15:11:27,143 : INFO : Timer.attract_carousel_timer : Stopping Timer
2026-03-01 15:11:27,143 : INFO : EventManager : Event: ======'timer_attract_carousel_timer_stopped'====== Args={'ticks': 1, 'ticks_remaining': 1}
2026-03-01 15:11:27,143 : INFO : EventManager : Event: ======'timer_attract_carousel_timer_complete'====== Args={'ticks': 1, 'ticks_remaining': 1}
2026-03-01 15:11:27,144 : INFO : EventManager : Event: ======'carousel_item_highlighted'====== Args={'carousel': 'attract', 'direction': 'forwards', 'item': 'credits'}
2026-03-01 15:11:27,144 : INFO : Timer.attract_carousel_timer : Starting Timer.
2026-03-01 15:11:27,144 : INFO : EventManager : Event: ======'timer_attract_carousel_timer_started'====== Args={'ticks': 0, 'ticks_remaining': 1}
2026-03-01 15:11:27,144 : INFO : EventManager : Event: ======'timer_attract_carousel_timer_tick'====== Args={'ticks': 0, 'ticks_remaining': 1}
2026-03-01 15:11:32,144 : INFO : Timer.attract_carousel_timer : Timer Complete
2026-03-01 15:11:32,144 : INFO : Timer.attract_carousel_timer : Stopping Timer
2026-03-01 15:11:32,145 : INFO : EventManager : Event: ======'timer_attract_carousel_timer_stopped'====== Args={'ticks': 1, 'ticks_remaining': 1}
2026-03-01 15:11:32,145 : INFO : EventManager : Event: ======'timer_attract_carousel_timer_complete'====== Args={'ticks': 1, 'ticks_remaining': 1}
2026-03-01 15:11:32,145 : INFO : EventManager : Event: ======'carousel_item_highlighted'====== Args={'carousel': 'attract', 'direction': 'forwards', 'item': 'logo'}
2026-03-01 15:11:32,145 : INFO : Timer.attract_carousel_timer : Starting Timer.
2026-03-01 15:11:32,145 : INFO : EventManager : Event: ======'timer_attract_carousel_timer_started'====== Args={'ticks': 0, 'ticks_remaining': 1}
2026-03-01 15:11:32,146 : INFO : EventManager : Event: ======'timer_attract_carousel_timer_tick'====== Args={'ticks': 0, 'ticks_remaining': 1}
2026-03-01 15:11:37,154 : INFO : Timer.attract_carousel_timer : Timer Complete
2026-03-01 15:11:37,154 : INFO : Timer.attract_carousel_timer : Stopping Timer
2026-03-01 15:11:37,154 : INFO : EventManager : Event: ======'timer_attract_carousel_timer_stopped'====== Args={'ticks': 1, 'ticks_remaining': 1}
2026-03-01 15:11:37,154 : INFO : EventManager : Event: ======'timer_attract_carousel_timer_complete'====== Args={'ticks': 1, 'ticks_remaining': 1}
2026-03-01 15:11:37,157 : INFO : EventManager : Event: ======'carousel_item_highlighted'====== Args={'carousel': 'attract', 'direction': 'forwards', 'item': 'title'}
2026-03-01 15:11:37,157 : INFO : Timer.attract_carousel_timer : Starting Timer.
2026-03-01 15:11:37,157 : INFO : EventManager : Event: ======'timer_attract_carousel_timer_started'====== Args={'ticks': 0, 'ticks_remaining': 1}
2026-03-01 15:11:37,157 : INFO : EventManager : Event: ======'timer_attract_carousel_timer_tick'====== Args={'ticks': 0, 'ticks_remaining': 1}
2026-03-01 15:11:42,157 : INFO : Timer.attract_carousel_timer : Timer Complete
2026-03-01 15:11:42,157 : INFO : Timer.attract_carousel_timer : Stopping Timer
2026-03-01 15:11:42,158 : INFO : EventManager : Event: ======'timer_attract_carousel_timer_stopped'====== Args={'ticks': 1, 'ticks_remaining': 1}
2026-03-01 15:11:42,158 : INFO : EventManager : Event: ======'timer_attract_carousel_timer_complete'====== Args={'ticks': 1, 'ticks_remaining': 1}
2026-03-01 15:11:42,158 : INFO : EventManager : Event: ======'carousel_item_highlighted'====== Args={'carousel': 'attract', 'direction': 'forwards', 'item': 'credits'}
2026-03-01 15:11:42,158 : INFO : Timer.attract_carousel_timer : Starting Timer.
2026-03-01 15:11:42,158 : INFO : EventManager : Event: ======'timer_attract_carousel_timer_started'====== Args={'ticks': 0, 'ticks_remaining': 1}
2026-03-01 15:11:42,158 : INFO : EventManager : Event: ======'timer_attract_carousel_timer_tick'====== Args={'ticks': 0, 'ticks_remaining': 1}
2026-03-01 15:11:47,159 : INFO : Timer.attract_carousel_timer : Timer Complete
2026-03-01 15:11:47,159 : INFO : Timer.attract_carousel_timer : Stopping Timer
2026-03-01 15:11:47,159 : INFO : EventManager : Event: ======'timer_attract_carousel_timer_stopped'====== Args={'ticks': 1, 'ticks_remaining': 1}
2026-03-01 15:11:47,159 : INFO : EventManager : Event: ======'timer_attract_carousel_timer_complete'====== Args={'ticks': 1, 'ticks_remaining': 1}
2026-03-01 15:11:47,159 : INFO : EventManager : Event: ======'carousel_item_highlighted'====== Args={'carousel': 'attract', 'direction': 'forwards', 'item': 'logo'}
2026-03-01 15:11:47,160 : INFO : Timer.attract_carousel_timer : Starting Timer.
2026-03-01 15:11:47,160 : INFO : EventManager : Event: ======'timer_attract_carousel_timer_started'====== Args={'ticks': 0, 'ticks_remaining': 1}
2026-03-01 15:11:47,160 : INFO : EventManager : Event: ======'timer_attract_carousel_timer_tick'====== Args={'ticks': 0, 'ticks_remaining': 1}
2026-03-01 15:11:52,160 : INFO : Timer.attract_carousel_timer : Timer Complete
2026-03-01 15:11:52,161 : INFO : Timer.attract_carousel_timer : Stopping Timer
2026-03-01 15:11:52,161 : INFO : EventManager : Event: ======'timer_attract_carousel_timer_stopped'====== Args={'ticks': 1, 'ticks_remaining': 1}
2026-03-01 15:11:52,161 : INFO : EventManager : Event: ======'timer_attract_carousel_timer_complete'====== Args={'ticks': 1, 'ticks_remaining': 1}
2026-03-01 15:11:52,161 : INFO : EventManager : Event: ======'carousel_item_highlighted'====== Args={'carousel': 'attract', 'direction': 'forwards', 'item': 'title'}
2026-03-01 15:11:52,162 : INFO : Timer.attract_carousel_timer : Starting Timer.
2026-03-01 15:11:52,162 : INFO : EventManager : Event: ======'timer_attract_carousel_timer_started'====== Args={'ticks': 0, 'ticks_remaining': 1}
2026-03-01 15:11:52,162 : INFO : EventManager : Event: ======'timer_attract_carousel_timer_tick'====== Args={'ticks': 0, 'ticks_remaining': 1}
2026-03-01 15:11:57,162 : INFO : Timer.attract_carousel_timer : Timer Complete
2026-03-01 15:11:57,163 : INFO : Timer.attract_carousel_timer : Stopping Timer
2026-03-01 15:11:57,163 : INFO : EventManager : Event: ======'timer_attract_carousel_timer_stopped'====== Args={'ticks': 1, 'ticks_remaining': 1}
2026-03-01 15:11:57,163 : INFO : EventManager : Event: ======'timer_attract_carousel_timer_complete'====== Args={'ticks': 1, 'ticks_remaining': 1}
2026-03-01 15:11:57,163 : INFO : EventManager : Event: ======'carousel_item_highlighted'====== Args={'carousel': 'attract', 'direction': 'forwards', 'item': 'credits'}
2026-03-01 15:11:57,164 : INFO : Timer.attract_carousel_timer : Starting Timer.
2026-03-01 15:11:57,164 : INFO : EventManager : Event: ======'timer_attract_carousel_timer_started'====== Args={'ticks': 0, 'ticks_remaining': 1}
2026-03-01 15:11:57,164 : INFO : EventManager : Event: ======'timer_attract_carousel_timer_tick'====== Args={'ticks': 0, 'ticks_remaining': 1}
2026-03-01 15:12:02,165 : INFO : Timer.attract_carousel_timer : Timer Complete
2026-03-01 15:12:02,165 : INFO : Timer.attract_carousel_timer : Stopping Timer
2026-03-01 15:12:02,165 : INFO : EventManager : Event: ======'timer_attract_carousel_timer_stopped'====== Args={'ticks': 1, 'ticks_remaining': 1}
2026-03-01 15:12:02,165 : INFO : EventManager : Event: ======'timer_attract_carousel_timer_complete'====== Args={'ticks': 1, 'ticks_remaining': 1}
2026-03-01 15:12:02,165 : INFO : EventManager : Event: ======'carousel_item_highlighted'====== Args={'carousel': 'attract', 'direction': 'forwards', 'item': 'logo'}
2026-03-01 15:12:02,166 : INFO : Timer.attract_carousel_timer : Starting Timer.
2026-03-01 15:12:02,166 : INFO : EventManager : Event: ======'timer_attract_carousel_timer_started'====== Args={'ticks': 0, 'ticks_remaining': 1}
2026-03-01 15:12:02,166 : INFO : EventManager : Event: ======'timer_attract_carousel_timer_tick'====== Args={'ticks': 0, 'ticks_remaining': 1}
2026-03-01 15:12:07,166 : INFO : Timer.attract_carousel_timer : Timer Complete
2026-03-01 15:12:07,166 : INFO : Timer.attract_carousel_timer : Stopping Timer
2026-03-01 15:12:07,166 : INFO : EventManager : Event: ======'timer_attract_carousel_timer_stopped'====== Args={'ticks': 1, 'ticks_remaining': 1}
2026-03-01 15:12:07,166 : INFO : EventManager : Event: ======'timer_attract_carousel_timer_complete'====== Args={'ticks': 1, 'ticks_remaining': 1}
2026-03-01 15:12:07,167 : INFO : EventManager : Event: ======'carousel_item_highlighted'====== Args={'carousel': 'attract', 'direction': 'forwards', 'item': 'title'}
2026-03-01 15:12:07,167 : INFO : Timer.attract_carousel_timer : Starting Timer.
2026-03-01 15:12:07,167 : INFO : EventManager : Event: ======'timer_attract_carousel_timer_started'====== Args={'ticks': 0, 'ticks_remaining': 1}
2026-03-01 15:12:07,167 : INFO : EventManager : Event: ======'timer_attract_carousel_timer_tick'====== Args={'ticks': 0, 'ticks_remaining': 1}
2026-03-01 15:12:12,167 : INFO : Timer.attract_carousel_timer : Timer Complete
2026-03-01 15:12:12,167 : INFO : Timer.attract_carousel_timer : Stopping Timer
2026-03-01 15:12:12,167 : INFO : EventManager : Event: ======'timer_attract_carousel_timer_stopped'====== Args={'ticks': 1, 'ticks_remaining': 1}
2026-03-01 15:12:12,168 : INFO : EventManager : Event: ======'timer_attract_carousel_timer_complete'====== Args={'ticks': 1, 'ticks_remaining': 1}
2026-03-01 15:12:12,168 : INFO : EventManager : Event: ======'carousel_item_highlighted'====== Args={'carousel': 'attract', 'direction': 'forwards', 'item': 'credits'}
2026-03-01 15:12:12,168 : INFO : Timer.attract_carousel_timer : Starting Timer.
2026-03-01 15:12:12,169 : INFO : EventManager : Event: ======'timer_attract_carousel_timer_started'====== Args={'ticks': 0, 'ticks_remaining': 1}
2026-03-01 15:12:12,169 : INFO : EventManager : Event: ======'timer_attract_carousel_timer_tick'====== Args={'ticks': 0, 'ticks_remaining': 1}
2026-03-01 15:12:17,169 : INFO : Timer.attract_carousel_timer : Timer Complete
2026-03-01 15:12:17,170 : INFO : Timer.attract_carousel_timer : Stopping Timer
2026-03-01 15:12:17,170 : INFO : EventManager : Event: ======'timer_attract_carousel_timer_stopped'====== Args={'ticks': 1, 'ticks_remaining': 1}
2026-03-01 15:12:17,170 : INFO : EventManager : Event: ======'timer_attract_carousel_timer_complete'====== Args={'ticks': 1, 'ticks_remaining': 1}
2026-03-01 15:12:17,170 : INFO : EventManager : Event: ======'carousel_item_highlighted'====== Args={'carousel': 'attract', 'direction': 'forwards', 'item': 'logo'}
2026-03-01 15:12:17,171 : INFO : Timer.attract_carousel_timer : Starting Timer.
2026-03-01 15:12:17,171 : INFO : EventManager : Event: ======'timer_attract_carousel_timer_started'====== Args={'ticks': 0, 'ticks_remaining': 1}
2026-03-01 15:12:17,171 : INFO : EventManager : Event: ======'timer_attract_carousel_timer_tick'====== Args={'ticks': 0, 'ticks_remaining': 1}
2026-03-01 15:12:22,171 : INFO : Timer.attract_carousel_timer : Timer Complete
2026-03-01 15:12:22,171 : INFO : Timer.attract_carousel_timer : Stopping Timer
2026-03-01 15:12:22,171 : INFO : EventManager : Event: ======'timer_attract_carousel_timer_stopped'====== Args={'ticks': 1, 'ticks_remaining': 1}
2026-03-01 15:12:22,171 : INFO : EventManager : Event: ======'timer_attract_carousel_timer_complete'====== Args={'ticks': 1, 'ticks_remaining': 1}
2026-03-01 15:12:22,172 : INFO : EventManager : Event: ======'carousel_item_highlighted'====== Args={'carousel': 'attract', 'direction': 'forwards', 'item': 'title'}
2026-03-01 15:12:22,172 : INFO : Timer.attract_carousel_timer : Starting Timer.
2026-03-01 15:12:22,172 : INFO : EventManager : Event: ======'timer_attract_carousel_timer_started'====== Args={'ticks': 0, 'ticks_remaining': 1}
2026-03-01 15:12:22,172 : INFO : EventManager : Event: ======'timer_attract_carousel_timer_tick'====== Args={'ticks': 0, 'ticks_remaining': 1}
2026-03-01 15:12:27,172 : INFO : Timer.attract_carousel_timer : Timer Complete
2026-03-01 15:12:27,173 : INFO : Timer.attract_carousel_timer : Stopping Timer
2026-03-01 15:12:27,173 : INFO : EventManager : Event: ======'timer_attract_carousel_timer_stopped'====== Args={'ticks': 1, 'ticks_remaining': 1}
2026-03-01 15:12:27,173 : INFO : EventManager : Event: ======'timer_attract_carousel_timer_complete'====== Args={'ticks': 1, 'ticks_remaining': 1}
2026-03-01 15:12:27,173 : INFO : EventManager : Event: ======'carousel_item_highlighted'====== Args={'carousel': 'attract', 'direction': 'forwards', 'item': 'credits'}
2026-03-01 15:12:27,174 : INFO : Timer.attract_carousel_timer : Starting Timer.
2026-03-01 15:12:27,174 : INFO : EventManager : Event: ======'timer_attract_carousel_timer_started'====== Args={'ticks': 0, 'ticks_remaining': 1}
2026-03-01 15:12:27,174 : INFO : EventManager : Event: ======'timer_attract_carousel_timer_tick'====== Args={'ticks': 0, 'ticks_remaining': 1}
2026-03-01 15:12:32,175 : INFO : Timer.attract_carousel_timer : Timer Complete
2026-03-01 15:12:32,175 : INFO : Timer.attract_carousel_timer : Stopping Timer
2026-03-01 15:12:32,175 : INFO : EventManager : Event: ======'timer_attract_carousel_timer_stopped'====== Args={'ticks': 1, 'ticks_remaining': 1}
2026-03-01 15:12:32,175 : INFO : EventManager : Event: ======'timer_attract_carousel_timer_complete'====== Args={'ticks': 1, 'ticks_remaining': 1}
2026-03-01 15:12:32,176 : INFO : EventManager : Event: ======'carousel_item_highlighted'====== Args={'carousel': 'attract', 'direction': 'forwards', 'item': 'logo'}
2026-03-01 15:12:32,176 : INFO : Timer.attract_carousel_timer : Starting Timer.
2026-03-01 15:12:32,176 : INFO : EventManager : Event: ======'timer_attract_carousel_timer_started'====== Args={'ticks': 0, 'ticks_remaining': 1}
2026-03-01 15:12:32,176 : INFO : EventManager : Event: ======'timer_attract_carousel_timer_tick'====== Args={'ticks': 0, 'ticks_remaining': 1}
2026-03-01 15:12:37,177 : INFO : Timer.attract_carousel_timer : Timer Complete
2026-03-01 15:12:37,177 : INFO : Timer.attract_carousel_timer : Stopping Timer
2026-03-01 15:12:37,177 : INFO : EventManager : Event: ======'timer_attract_carousel_timer_stopped'====== Args={'ticks': 1, 'ticks_remaining': 1}
2026-03-01 15:12:37,177 : INFO : EventManager : Event: ======'timer_attract_carousel_timer_complete'====== Args={'ticks': 1, 'ticks_remaining': 1}
2026-03-01 15:12:37,178 : INFO : EventManager : Event: ======'carousel_item_highlighted'====== Args={'carousel': 'attract', 'direction': 'forwards', 'item': 'title'}
2026-03-01 15:12:37,178 : INFO : Timer.attract_carousel_timer : Starting Timer.
2026-03-01 15:12:37,178 : INFO : EventManager : Event: ======'timer_attract_carousel_timer_started'====== Args={'ticks': 0, 'ticks_remaining': 1}
2026-03-01 15:12:37,178 : INFO : EventManager : Event: ======'timer_attract_carousel_timer_tick'====== Args={'ticks': 0, 'ticks_remaining': 1}
2026-03-01 15:12:42,179 : INFO : Timer.attract_carousel_timer : Timer Complete
2026-03-01 15:12:42,179 : INFO : Timer.attract_carousel_timer : Stopping Timer
2026-03-01 15:12:42,179 : INFO : EventManager : Event: ======'timer_attract_carousel_timer_stopped'====== Args={'ticks': 1, 'ticks_remaining': 1}
2026-03-01 15:12:42,179 : INFO : EventManager : Event: ======'timer_attract_carousel_timer_complete'====== Args={'ticks': 1, 'ticks_remaining': 1}
2026-03-01 15:12:42,180 : INFO : EventManager : Event: ======'carousel_item_highlighted'====== Args={'carousel': 'attract', 'direction': 'forwards', 'item': 'credits'}
2026-03-01 15:12:42,180 : INFO : Timer.attract_carousel_timer : Starting Timer.
2026-03-01 15:12:42,180 : INFO : EventManager : Event: ======'timer_attract_carousel_timer_started'====== Args={'ticks': 0, 'ticks_remaining': 1}
2026-03-01 15:12:42,180 : INFO : EventManager : Event: ======'timer_attract_carousel_timer_tick'====== Args={'ticks': 0, 'ticks_remaining': 1}
2026-03-01 15:12:47,180 : INFO : Timer.attract_carousel_timer : Timer Complete
2026-03-01 15:12:47,180 : INFO : Timer.attract_carousel_timer : Stopping Timer
2026-03-01 15:12:47,181 : INFO : EventManager : Event: ======'timer_attract_carousel_timer_stopped'====== Args={'ticks': 1, 'ticks_remaining': 1}
2026-03-01 15:12:47,181 : INFO : EventManager : Event: ======'timer_attract_carousel_timer_complete'====== Args={'ticks': 1, 'ticks_remaining': 1}
2026-03-01 15:12:47,181 : INFO : EventManager : Event: ======'carousel_item_highlighted'====== Args={'carousel': 'attract', 'direction': 'forwards', 'item': 'logo'}
2026-03-01 15:12:47,181 : INFO : Timer.attract_carousel_timer : Starting Timer.
2026-03-01 15:12:47,181 : INFO : EventManager : Event: ======'timer_attract_carousel_timer_started'====== Args={'ticks': 0, 'ticks_remaining': 1}
2026-03-01 15:12:47,181 : INFO : EventManager : Event: ======'timer_attract_carousel_timer_tick'====== Args={'ticks': 0, 'ticks_remaining': 1}
2026-03-01 15:12:52,181 : INFO : Timer.attract_carousel_timer : Timer Complete
2026-03-01 15:12:52,182 : INFO : Timer.attract_carousel_timer : Stopping Timer
2026-03-01 15:12:52,182 : INFO : EventManager : Event: ======'timer_attract_carousel_timer_stopped'====== Args={'ticks': 1, 'ticks_remaining': 1}
2026-03-01 15:12:52,182 : INFO : EventManager : Event: ======'timer_attract_carousel_timer_complete'====== Args={'ticks': 1, 'ticks_remaining': 1}
2026-03-01 15:12:52,182 : INFO : EventManager : Event: ======'carousel_item_highlighted'====== Args={'carousel': 'attract', 'direction': 'forwards', 'item': 'title'}
2026-03-01 15:12:52,183 : INFO : Timer.attract_carousel_timer : Starting Timer.
2026-03-01 15:12:52,183 : INFO : EventManager : Event: ======'timer_attract_carousel_timer_started'====== Args={'ticks': 0, 'ticks_remaining': 1}
2026-03-01 15:12:52,183 : INFO : EventManager : Event: ======'timer_attract_carousel_timer_tick'====== Args={'ticks': 0, 'ticks_remaining': 1}
2026-03-01 15:12:57,184 : INFO : Timer.attract_carousel_timer : Timer Complete
2026-03-01 15:12:57,184 : INFO : Timer.attract_carousel_timer : Stopping Timer
2026-03-01 15:12:57,184 : INFO : EventManager : Event: ======'timer_attract_carousel_timer_stopped'====== Args={'ticks': 1, 'ticks_remaining': 1}
2026-03-01 15:12:57,184 : INFO : EventManager : Event: ======'timer_attract_carousel_timer_complete'====== Args={'ticks': 1, 'ticks_remaining': 1}
2026-03-01 15:12:57,184 : INFO : EventManager : Event: ======'carousel_item_highlighted'====== Args={'carousel': 'attract', 'direction': 'forwards', 'item': 'credits'}
2026-03-01 15:12:57,185 : INFO : Timer.attract_carousel_timer : Starting Timer.
2026-03-01 15:12:57,185 : INFO : EventManager : Event: ======'timer_attract_carousel_timer_started'====== Args={'ticks': 0, 'ticks_remaining': 1}
2026-03-01 15:12:57,185 : INFO : EventManager : Event: ======'timer_attract_carousel_timer_tick'====== Args={'ticks': 0, 'ticks_remaining': 1}
2026-03-01 15:13:02,185 : INFO : Timer.attract_carousel_timer : Timer Complete
2026-03-01 15:13:02,185 : INFO : Timer.attract_carousel_timer : Stopping Timer
2026-03-01 15:13:02,185 : INFO : EventManager : Event: ======'timer_attract_carousel_timer_stopped'====== Args={'ticks': 1, 'ticks_remaining': 1}
2026-03-01 15:13:02,185 : INFO : EventManager : Event: ======'timer_attract_carousel_timer_complete'====== Args={'ticks': 1, 'ticks_remaining': 1}
2026-03-01 15:13:02,186 : INFO : EventManager : Event: ======'carousel_item_highlighted'====== Args={'carousel': 'attract', 'direction': 'forwards', 'item': 'logo'}
2026-03-01 15:13:02,186 : INFO : Timer.attract_carousel_timer : Starting Timer.
2026-03-01 15:13:02,186 : INFO : EventManager : Event: ======'timer_attract_carousel_timer_started'====== Args={'ticks': 0, 'ticks_remaining': 1}
2026-03-01 15:13:02,186 : INFO : EventManager : Event: ======'timer_attract_carousel_timer_tick'====== Args={'ticks': 0, 'ticks_remaining': 1}
2026-03-01 15:13:07,186 : INFO : Timer.attract_carousel_timer : Timer Complete
2026-03-01 15:13:07,186 : INFO : Timer.attract_carousel_timer : Stopping Timer
2026-03-01 15:13:07,186 : INFO : EventManager : Event: ======'timer_attract_carousel_timer_stopped'====== Args={'ticks': 1, 'ticks_remaining': 1}
2026-03-01 15:13:07,187 : INFO : EventManager : Event: ======'timer_attract_carousel_timer_complete'====== Args={'ticks': 1, 'ticks_remaining': 1}
2026-03-01 15:13:07,187 : INFO : EventManager : Event: ======'carousel_item_highlighted'====== Args={'carousel': 'attract', 'direction': 'forwards', 'item': 'title'}
2026-03-01 15:13:07,187 : INFO : Timer.attract_carousel_timer : Starting Timer.
2026-03-01 15:13:07,187 : INFO : EventManager : Event: ======'timer_attract_carousel_timer_started'====== Args={'ticks': 0, 'ticks_remaining': 1}
2026-03-01 15:13:07,187 : INFO : EventManager : Event: ======'timer_attract_carousel_timer_tick'====== Args={'ticks': 0, 'ticks_remaining': 1}
2026-03-01 15:13:12,187 : INFO : Timer.attract_carousel_timer : Timer Complete
2026-03-01 15:13:12,188 : INFO : Timer.attract_carousel_timer : Stopping Timer
2026-03-01 15:13:12,188 : INFO : EventManager : Event: ======'timer_attract_carousel_timer_stopped'====== Args={'ticks': 1, 'ticks_remaining': 1}
2026-03-01 15:13:12,188 : INFO : EventManager : Event: ======'timer_attract_carousel_timer_complete'====== Args={'ticks': 1, 'ticks_remaining': 1}
2026-03-01 15:13:12,188 : INFO : EventManager : Event: ======'carousel_item_highlighted'====== Args={'carousel': 'attract', 'direction': 'forwards', 'item': 'credits'}
2026-03-01 15:13:12,189 : INFO : Timer.attract_carousel_timer : Starting Timer.
2026-03-01 15:13:12,189 : INFO : EventManager : Event: ======'timer_attract_carousel_timer_started'====== Args={'ticks': 0, 'ticks_remaining': 1}
2026-03-01 15:13:12,189 : INFO : EventManager : Event: ======'timer_attract_carousel_timer_tick'====== Args={'ticks': 0, 'ticks_remaining': 1}
2026-03-01 15:13:17,189 : INFO : Timer.attract_carousel_timer : Timer Complete
2026-03-01 15:13:17,190 : INFO : Timer.attract_carousel_timer : Stopping Timer
2026-03-01 15:13:17,190 : INFO : EventManager : Event: ======'timer_attract_carousel_timer_stopped'====== Args={'ticks': 1, 'ticks_remaining': 1}
2026-03-01 15:13:17,190 : INFO : EventManager : Event: ======'timer_attract_carousel_timer_complete'====== Args={'ticks': 1, 'ticks_remaining': 1}
2026-03-01 15:13:17,190 : INFO : EventManager : Event: ======'carousel_item_highlighted'====== Args={'carousel': 'attract', 'direction': 'forwards', 'item': 'logo'}
2026-03-01 15:13:17,191 : INFO : Timer.attract_carousel_timer : Starting Timer.
2026-03-01 15:13:17,191 : INFO : EventManager : Event: ======'timer_attract_carousel_timer_started'====== Args={'ticks': 0, 'ticks_remaining': 1}
2026-03-01 15:13:17,191 : INFO : EventManager : Event: ======'timer_attract_carousel_timer_tick'====== Args={'ticks': 0, 'ticks_remaining': 1}
2026-03-01 15:13:22,191 : INFO : Timer.attract_carousel_timer : Timer Complete
2026-03-01 15:13:22,191 : INFO : Timer.attract_carousel_timer : Stopping Timer
2026-03-01 15:13:22,192 : INFO : EventManager : Event: ======'timer_attract_carousel_timer_stopped'====== Args={'ticks': 1, 'ticks_remaining': 1}
2026-03-01 15:13:22,192 : INFO : EventManager : Event: ======'timer_attract_carousel_timer_complete'====== Args={'ticks': 1, 'ticks_remaining': 1}
2026-03-01 15:13:22,192 : INFO : EventManager : Event: ======'carousel_item_highlighted'====== Args={'carousel': 'attract', 'direction': 'forwards', 'item': 'title'}
2026-03-01 15:13:22,193 : INFO : Timer.attract_carousel_timer : Starting Timer.
2026-03-01 15:13:22,193 : INFO : EventManager : Event: ======'timer_attract_carousel_timer_started'====== Args={'ticks': 0, 'ticks_remaining': 1}
2026-03-01 15:13:22,193 : INFO : EventManager : Event: ======'timer_attract_carousel_timer_tick'====== Args={'ticks': 0, 'ticks_remaining': 1}
2026-03-01 15:13:27,193 : INFO : Timer.attract_carousel_timer : Timer Complete
2026-03-01 15:13:27,193 : INFO : Timer.attract_carousel_timer : Stopping Timer
2026-03-01 15:13:27,193 : INFO : EventManager : Event: ======'timer_attract_carousel_timer_stopped'====== Args={'ticks': 1, 'ticks_remaining': 1}
2026-03-01 15:13:27,193 : INFO : EventManager : Event: ======'timer_attract_carousel_timer_complete'====== Args={'ticks': 1, 'ticks_remaining': 1}
2026-03-01 15:13:27,193 : INFO : EventManager : Event: ======'carousel_item_highlighted'====== Args={'carousel': 'attract', 'direction': 'forwards', 'item': 'credits'}
2026-03-01 15:13:27,194 : INFO : Timer.attract_carousel_timer : Starting Timer.
2026-03-01 15:13:27,194 : INFO : EventManager : Event: ======'timer_attract_carousel_timer_started'====== Args={'ticks': 0, 'ticks_remaining': 1}
2026-03-01 15:13:27,194 : INFO : EventManager : Event: ======'timer_attract_carousel_timer_tick'====== Args={'ticks': 0, 'ticks_remaining': 1}
2026-03-01 15:13:32,194 : INFO : Timer.attract_carousel_timer : Timer Complete
2026-03-01 15:13:32,194 : INFO : Timer.attract_carousel_timer : Stopping Timer
2026-03-01 15:13:32,194 : INFO : EventManager : Event: ======'timer_attract_carousel_timer_stopped'====== Args={'ticks': 1, 'ticks_remaining': 1}
2026-03-01 15:13:32,194 : INFO : EventManager : Event: ======'timer_attract_carousel_timer_complete'====== Args={'ticks': 1, 'ticks_remaining': 1}
2026-03-01 15:13:32,194 : INFO : EventManager : Event: ======'carousel_item_highlighted'====== Args={'carousel': 'attract', 'direction': 'forwards', 'item': 'logo'}
2026-03-01 15:13:32,194 : INFO : Timer.attract_carousel_timer : Starting Timer.
2026-03-01 15:13:32,195 : INFO : EventManager : Event: ======'timer_attract_carousel_timer_started'====== Args={'ticks': 0, 'ticks_remaining': 1}
2026-03-01 15:13:32,195 : INFO : EventManager : Event: ======'timer_attract_carousel_timer_tick'====== Args={'ticks': 0, 'ticks_remaining': 1}
2026-03-01 15:13:37,195 : INFO : Timer.attract_carousel_timer : Timer Complete
2026-03-01 15:13:37,195 : INFO : Timer.attract_carousel_timer : Stopping Timer
2026-03-01 15:13:37,195 : INFO : EventManager : Event: ======'timer_attract_carousel_timer_stopped'====== Args={'ticks': 1, 'ticks_remaining': 1}
2026-03-01 15:13:37,195 : INFO : EventManager : Event: ======'timer_attract_carousel_timer_complete'====== Args={'ticks': 1, 'ticks_remaining': 1}
2026-03-01 15:13:37,196 : INFO : EventManager : Event: ======'carousel_item_highlighted'====== Args={'carousel': 'attract', 'direction': 'forwards', 'item': 'title'}
2026-03-01 15:13:37,196 : INFO : Timer.attract_carousel_timer : Starting Timer.
2026-03-01 15:13:37,196 : INFO : EventManager : Event: ======'timer_attract_carousel_timer_started'====== Args={'ticks': 0, 'ticks_remaining': 1}
2026-03-01 15:13:37,196 : INFO : EventManager : Event: ======'timer_attract_carousel_timer_tick'====== Args={'ticks': 0, 'ticks_remaining': 1}
2026-03-01 15:13:42,196 : INFO : Timer.attract_carousel_timer : Timer Complete
2026-03-01 15:13:42,196 : INFO : Timer.attract_carousel_timer : Stopping Timer
2026-03-01 15:13:42,196 : INFO : EventManager : Event: ======'timer_attract_carousel_timer_stopped'====== Args={'ticks': 1, 'ticks_remaining': 1}
2026-03-01 15:13:42,196 : INFO : EventManager : Event: ======'timer_attract_carousel_timer_complete'====== Args={'ticks': 1, 'ticks_remaining': 1}
2026-03-01 15:13:42,197 : INFO : EventManager : Event: ======'carousel_item_highlighted'====== Args={'carousel': 'attract', 'direction': 'forwards', 'item': 'credits'}
2026-03-01 15:13:42,197 : INFO : Timer.attract_carousel_timer : Starting Timer.
2026-03-01 15:13:42,197 : INFO : EventManager : Event: ======'timer_attract_carousel_timer_started'====== Args={'ticks': 0, 'ticks_remaining': 1}
2026-03-01 15:13:42,197 : INFO : EventManager : Event: ======'timer_attract_carousel_timer_tick'====== Args={'ticks': 0, 'ticks_remaining': 1}
2026-03-01 15:13:47,197 : INFO : Timer.attract_carousel_timer : Timer Complete
2026-03-01 15:13:47,197 : INFO : Timer.attract_carousel_timer : Stopping Timer
2026-03-01 15:13:47,197 : INFO : EventManager : Event: ======'timer_attract_carousel_timer_stopped'====== Args={'ticks': 1, 'ticks_remaining': 1}
2026-03-01 15:13:47,197 : INFO : EventManager : Event: ======'timer_attract_carousel_timer_complete'====== Args={'ticks': 1, 'ticks_remaining': 1}
2026-03-01 15:13:47,197 : INFO : EventManager : Event: ======'carousel_item_highlighted'====== Args={'carousel': 'attract', 'direction': 'forwards', 'item': 'logo'}
2026-03-01 15:13:47,198 : INFO : Timer.attract_carousel_timer : Starting Timer.
2026-03-01 15:13:47,198 : INFO : EventManager : Event: ======'timer_attract_carousel_timer_started'====== Args={'ticks': 0, 'ticks_remaining': 1}
2026-03-01 15:13:47,198 : INFO : EventManager : Event: ======'timer_attract_carousel_timer_tick'====== Args={'ticks': 0, 'ticks_remaining': 1}
2026-03-01 15:13:52,199 : INFO : Timer.attract_carousel_timer : Timer Complete
2026-03-01 15:13:52,199 : INFO : Timer.attract_carousel_timer : Stopping Timer
2026-03-01 15:13:52,199 : INFO : EventManager : Event: ======'timer_attract_carousel_timer_stopped'====== Args={'ticks': 1, 'ticks_remaining': 1}
2026-03-01 15:13:52,199 : INFO : EventManager : Event: ======'timer_attract_carousel_timer_complete'====== Args={'ticks': 1, 'ticks_remaining': 1}
2026-03-01 15:13:52,200 : INFO : EventManager : Event: ======'carousel_item_highlighted'====== Args={'carousel': 'attract', 'direction': 'forwards', 'item': 'title'}
2026-03-01 15:13:52,200 : INFO : Timer.attract_carousel_timer : Starting Timer.
2026-03-01 15:13:52,200 : INFO : EventManager : Event: ======'timer_attract_carousel_timer_started'====== Args={'ticks': 0, 'ticks_remaining': 1}
2026-03-01 15:13:52,200 : INFO : EventManager : Event: ======'timer_attract_carousel_timer_tick'====== Args={'ticks': 0, 'ticks_remaining': 1}
2026-03-01 15:13:57,201 : INFO : Timer.attract_carousel_timer : Timer Complete
2026-03-01 15:13:57,201 : INFO : Timer.attract_carousel_timer : Stopping Timer
2026-03-01 15:13:57,201 : INFO : EventManager : Event: ======'timer_attract_carousel_timer_stopped'====== Args={'ticks': 1, 'ticks_remaining': 1}
2026-03-01 15:13:57,201 : INFO : EventManager : Event: ======'timer_attract_carousel_timer_complete'====== Args={'ticks': 1, 'ticks_remaining': 1}
2026-03-01 15:13:57,202 : INFO : EventManager : Event: ======'carousel_item_highlighted'====== Args={'carousel': 'attract', 'direction': 'forwards', 'item': 'credits'}
2026-03-01 15:13:57,202 : INFO : Timer.attract_carousel_timer : Starting Timer.
2026-03-01 15:13:57,202 : INFO : EventManager : Event: ======'timer_attract_carousel_timer_started'====== Args={'ticks': 0, 'ticks_remaining': 1}
2026-03-01 15:13:57,203 : INFO : EventManager : Event: ======'timer_attract_carousel_timer_tick'====== Args={'ticks': 0, 'ticks_remaining': 1}
2026-03-01 15:14:02,203 : INFO : Timer.attract_carousel_timer : Timer Complete
2026-03-01 15:14:02,203 : INFO : Timer.attract_carousel_timer : Stopping Timer
2026-03-01 15:14:02,204 : INFO : EventManager : Event: ======'timer_attract_carousel_timer_stopped'====== Args={'ticks': 1, 'ticks_remaining': 1}
2026-03-01 15:14:02,204 : INFO : EventManager : Event: ======'timer_attract_carousel_timer_complete'====== Args={'ticks': 1, 'ticks_remaining': 1}
2026-03-01 15:14:02,204 : INFO : EventManager : Event: ======'carousel_item_highlighted'====== Args={'carousel': 'attract', 'direction': 'forwards', 'item': 'logo'}
2026-03-01 15:14:02,204 : INFO : Timer.attract_carousel_timer : Starting Timer.
2026-03-01 15:14:02,205 : INFO : EventManager : Event: ======'timer_attract_carousel_timer_started'====== Args={'ticks': 0, 'ticks_remaining': 1}
2026-03-01 15:14:02,205 : INFO : EventManager : Event: ======'timer_attract_carousel_timer_tick'====== Args={'ticks': 0, 'ticks_remaining': 1}
2026-03-01 15:14:07,205 : INFO : Timer.attract_carousel_timer : Timer Complete
2026-03-01 15:14:07,205 : INFO : Timer.attract_carousel_timer : Stopping Timer
2026-03-01 15:14:07,205 : INFO : EventManager : Event: ======'timer_attract_carousel_timer_stopped'====== Args={'ticks': 1, 'ticks_remaining': 1}
2026-03-01 15:14:07,205 : INFO : EventManager : Event: ======'timer_attract_carousel_timer_complete'====== Args={'ticks': 1, 'ticks_remaining': 1}
2026-03-01 15:14:07,205 : INFO : EventManager : Event: ======'carousel_item_highlighted'====== Args={'carousel': 'attract', 'direction': 'forwards', 'item': 'title'}
2026-03-01 15:14:07,205 : INFO : Timer.attract_carousel_timer : Starting Timer.
2026-03-01 15:14:07,205 : INFO : EventManager : Event: ======'timer_attract_carousel_timer_started'====== Args={'ticks': 0, 'ticks_remaining': 1}
2026-03-01 15:14:07,206 : INFO : EventManager : Event: ======'timer_attract_carousel_timer_tick'====== Args={'ticks': 0, 'ticks_remaining': 1}
2026-03-01 15:14:12,206 : INFO : Timer.attract_carousel_timer : Timer Complete
2026-03-01 15:14:12,206 : INFO : Timer.attract_carousel_timer : Stopping Timer
2026-03-01 15:14:12,207 : INFO : EventManager : Event: ======'timer_attract_carousel_timer_stopped'====== Args={'ticks': 1, 'ticks_remaining': 1}
2026-03-01 15:14:12,207 : INFO : EventManager : Event: ======'timer_attract_carousel_timer_complete'====== Args={'ticks': 1, 'ticks_remaining': 1}
2026-03-01 15:14:12,207 : INFO : EventManager : Event: ======'carousel_item_highlighted'====== Args={'carousel': 'attract', 'direction': 'forwards', 'item': 'credits'}
2026-03-01 15:14:12,207 : INFO : Timer.attract_carousel_timer : Starting Timer.
2026-03-01 15:14:12,207 : INFO : EventManager : Event: ======'timer_attract_carousel_timer_started'====== Args={'ticks': 0, 'ticks_remaining': 1}
2026-03-01 15:14:12,207 : INFO : EventManager : Event: ======'timer_attract_carousel_timer_tick'====== Args={'ticks': 0, 'ticks_remaining': 1}
2026-03-01 15:14:17,207 : INFO : Timer.attract_carousel_timer : Timer Complete
2026-03-01 15:14:17,207 : INFO : Timer.attract_carousel_timer : Stopping Timer
2026-03-01 15:14:17,207 : INFO : EventManager : Event: ======'timer_attract_carousel_timer_stopped'====== Args={'ticks': 1, 'ticks_remaining': 1}
2026-03-01 15:14:17,208 : INFO : EventManager : Event: ======'timer_attract_carousel_timer_complete'====== Args={'ticks': 1, 'ticks_remaining': 1}
2026-03-01 15:14:17,208 : INFO : EventManager : Event: ======'carousel_item_highlighted'====== Args={'carousel': 'attract', 'direction': 'forwards', 'item': 'logo'}
2026-03-01 15:14:17,208 : INFO : Timer.attract_carousel_timer : Starting Timer.
2026-03-01 15:14:17,208 : INFO : EventManager : Event: ======'timer_attract_carousel_timer_started'====== Args={'ticks': 0, 'ticks_remaining': 1}
2026-03-01 15:14:17,208 : INFO : EventManager : Event: ======'timer_attract_carousel_timer_tick'====== Args={'ticks': 0, 'ticks_remaining': 1}
2026-03-01 15:14:22,208 : INFO : Timer.attract_carousel_timer : Timer Complete
2026-03-01 15:14:22,208 : INFO : Timer.attract_carousel_timer : Stopping Timer
2026-03-01 15:14:22,208 : INFO : EventManager : Event: ======'timer_attract_carousel_timer_stopped'====== Args={'ticks': 1, 'ticks_remaining': 1}
2026-03-01 15:14:22,208 : INFO : EventManager : Event: ======'timer_attract_carousel_timer_complete'====== Args={'ticks': 1, 'ticks_remaining': 1}
2026-03-01 15:14:22,209 : INFO : EventManager : Event: ======'carousel_item_highlighted'====== Args={'carousel': 'attract', 'direction': 'forwards', 'item': 'title'}
2026-03-01 15:14:22,209 : INFO : Timer.attract_carousel_timer : Starting Timer.
2026-03-01 15:14:22,209 : INFO : EventManager : Event: ======'timer_attract_carousel_timer_started'====== Args={'ticks': 0, 'ticks_remaining': 1}
2026-03-01 15:14:22,209 : INFO : EventManager : Event: ======'timer_attract_carousel_timer_tick'====== Args={'ticks': 0, 'ticks_remaining': 1}
2026-03-01 15:14:27,210 : INFO : Timer.attract_carousel_timer : Timer Complete
2026-03-01 15:14:27,210 : INFO : Timer.attract_carousel_timer : Stopping Timer
2026-03-01 15:14:27,210 : INFO : EventManager : Event: ======'timer_attract_carousel_timer_stopped'====== Args={'ticks': 1, 'ticks_remaining': 1}
2026-03-01 15:14:27,210 : INFO : EventManager : Event: ======'timer_attract_carousel_timer_complete'====== Args={'ticks': 1, 'ticks_remaining': 1}
2026-03-01 15:14:27,211 : INFO : EventManager : Event: ======'carousel_item_highlighted'====== Args={'carousel': 'attract', 'direction': 'forwards', 'item': 'credits'}
2026-03-01 15:14:27,211 : INFO : Timer.attract_carousel_timer : Starting Timer.
2026-03-01 15:14:27,211 : INFO : EventManager : Event: ======'timer_attract_carousel_timer_started'====== Args={'ticks': 0, 'ticks_remaining': 1}
2026-03-01 15:14:27,212 : INFO : EventManager : Event: ======'timer_attract_carousel_timer_tick'====== Args={'ticks': 0, 'ticks_remaining': 1}
2026-03-01 15:14:32,211 : INFO : Timer.attract_carousel_timer : Timer Complete
2026-03-01 15:14:32,212 : INFO : Timer.attract_carousel_timer : Stopping Timer
2026-03-01 15:14:32,212 : INFO : EventManager : Event: ======'timer_attract_carousel_timer_stopped'====== Args={'ticks': 1, 'ticks_remaining': 1}
2026-03-01 15:14:32,212 : INFO : EventManager : Event: ======'timer_attract_carousel_timer_complete'====== Args={'ticks': 1, 'ticks_remaining': 1}
2026-03-01 15:14:32,212 : INFO : EventManager : Event: ======'carousel_item_highlighted'====== Args={'carousel': 'attract', 'direction': 'forwards', 'item': 'logo'}
2026-03-01 15:14:32,212 : INFO : Timer.attract_carousel_timer : Starting Timer.
2026-03-01 15:14:32,212 : INFO : EventManager : Event: ======'timer_attract_carousel_timer_started'====== Args={'ticks': 0, 'ticks_remaining': 1}
2026-03-01 15:14:32,212 : INFO : EventManager : Event: ======'timer_attract_carousel_timer_tick'====== Args={'ticks': 0, 'ticks_remaining': 1}
2026-03-01 15:14:37,213 : INFO : Timer.attract_carousel_timer : Timer Complete
2026-03-01 15:14:37,213 : INFO : Timer.attract_carousel_timer : Stopping Timer
2026-03-01 15:14:37,213 : INFO : EventManager : Event: ======'timer_attract_carousel_timer_stopped'====== Args={'ticks': 1, 'ticks_remaining': 1}
2026-03-01 15:14:37,213 : INFO : EventManager : Event: ======'timer_attract_carousel_timer_complete'====== Args={'ticks': 1, 'ticks_remaining': 1}
2026-03-01 15:14:37,214 : INFO : EventManager : Event: ======'carousel_item_highlighted'====== Args={'carousel': 'attract', 'direction': 'forwards', 'item': 'title'}
2026-03-01 15:14:37,214 : INFO : Timer.attract_carousel_timer : Starting Timer.
2026-03-01 15:14:37,214 : INFO : EventManager : Event: ======'timer_attract_carousel_timer_started'====== Args={'ticks': 0, 'ticks_remaining': 1}
2026-03-01 15:14:37,214 : INFO : EventManager : Event: ======'timer_attract_carousel_timer_tick'====== Args={'ticks': 0, 'ticks_remaining': 1}
2026-03-01 15:14:42,214 : INFO : Timer.attract_carousel_timer : Timer Complete
2026-03-01 15:14:42,214 : INFO : Timer.attract_carousel_timer : Stopping Timer
2026-03-01 15:14:42,215 : INFO : EventManager : Event: ======'timer_attract_carousel_timer_stopped'====== Args={'ticks': 1, 'ticks_remaining': 1}
2026-03-01 15:14:42,215 : INFO : EventManager : Event: ======'timer_attract_carousel_timer_complete'====== Args={'ticks': 1, 'ticks_remaining': 1}
2026-03-01 15:14:42,215 : INFO : EventManager : Event: ======'carousel_item_highlighted'====== Args={'carousel': 'attract', 'direction': 'forwards', 'item': 'credits'}
2026-03-01 15:14:42,216 : INFO : Timer.attract_carousel_timer : Starting Timer.
2026-03-01 15:14:42,216 : INFO : EventManager : Event: ======'timer_attract_carousel_timer_started'====== Args={'ticks': 0, 'ticks_remaining': 1}
2026-03-01 15:14:42,216 : INFO : EventManager : Event: ======'timer_attract_carousel_timer_tick'====== Args={'ticks': 0, 'ticks_remaining': 1}
2026-03-01 15:14:47,216 : INFO : Timer.attract_carousel_timer : Timer Complete
2026-03-01 15:14:47,216 : INFO : Timer.attract_carousel_timer : Stopping Timer
2026-03-01 15:14:47,216 : INFO : EventManager : Event: ======'timer_attract_carousel_timer_stopped'====== Args={'ticks': 1, 'ticks_remaining': 1}
2026-03-01 15:14:47,216 : INFO : EventManager : Event: ======'timer_attract_carousel_timer_complete'====== Args={'ticks': 1, 'ticks_remaining': 1}
2026-03-01 15:14:47,216 : INFO : EventManager : Event: ======'carousel_item_highlighted'====== Args={'carousel': 'attract', 'direction': 'forwards', 'item': 'logo'}
2026-03-01 15:14:47,217 : INFO : Timer.attract_carousel_timer : Starting Timer.
2026-03-01 15:14:47,217 : INFO : EventManager : Event: ======'timer_attract_carousel_timer_started'====== Args={'ticks': 0, 'ticks_remaining': 1}
2026-03-01 15:14:47,217 : INFO : EventManager : Event: ======'timer_attract_carousel_timer_tick'====== Args={'ticks': 0, 'ticks_remaining': 1}
2026-03-01 15:14:52,217 : INFO : Timer.attract_carousel_timer : Timer Complete
2026-03-01 15:14:52,217 : INFO : Timer.attract_carousel_timer : Stopping Timer
2026-03-01 15:14:52,217 : INFO : EventManager : Event: ======'timer_attract_carousel_timer_stopped'====== Args={'ticks': 1, 'ticks_remaining': 1}
2026-03-01 15:14:52,217 : INFO : EventManager : Event: ======'timer_attract_carousel_timer_complete'====== Args={'ticks': 1, 'ticks_remaining': 1}
2026-03-01 15:14:52,218 : INFO : EventManager : Event: ======'carousel_item_highlighted'====== Args={'carousel': 'attract', 'direction': 'forwards', 'item': 'title'}
2026-03-01 15:14:52,218 : INFO : Timer.attract_carousel_timer : Starting Timer.
2026-03-01 15:14:52,218 : INFO : EventManager : Event: ======'timer_attract_carousel_timer_started'====== Args={'ticks': 0, 'ticks_remaining': 1}
2026-03-01 15:14:52,218 : INFO : EventManager : Event: ======'timer_attract_carousel_timer_tick'====== Args={'ticks': 0, 'ticks_remaining': 1}
2026-03-01 15:14:57,218 : INFO : Timer.attract_carousel_timer : Timer Complete
2026-03-01 15:14:57,218 : INFO : Timer.attract_carousel_timer : Stopping Timer
2026-03-01 15:14:57,219 : INFO : EventManager : Event: ======'timer_attract_carousel_timer_stopped'====== Args={'ticks': 1, 'ticks_remaining': 1}
2026-03-01 15:14:57,219 : INFO : EventManager : Event: ======'timer_attract_carousel_timer_complete'====== Args={'ticks': 1, 'ticks_remaining': 1}
2026-03-01 15:14:57,219 : INFO : EventManager : Event: ======'carousel_item_highlighted'====== Args={'carousel': 'attract', 'direction': 'forwards', 'item': 'credits'}
2026-03-01 15:14:57,219 : INFO : Timer.attract_carousel_timer : Starting Timer.
2026-03-01 15:14:57,220 : INFO : EventManager : Event: ======'timer_attract_carousel_timer_started'====== Args={'ticks': 0, 'ticks_remaining': 1}
2026-03-01 15:14:57,220 : INFO : EventManager : Event: ======'timer_attract_carousel_timer_tick'====== Args={'ticks': 0, 'ticks_remaining': 1}
2026-03-01 15:15:02,220 : INFO : Timer.attract_carousel_timer : Timer Complete
2026-03-01 15:15:02,220 : INFO : Timer.attract_carousel_timer : Stopping Timer
2026-03-01 15:15:02,220 : INFO : EventManager : Event: ======'timer_attract_carousel_timer_stopped'====== Args={'ticks': 1, 'ticks_remaining': 1}
2026-03-01 15:15:02,220 : INFO : EventManager : Event: ======'timer_attract_carousel_timer_complete'====== Args={'ticks': 1, 'ticks_remaining': 1}
2026-03-01 15:15:02,221 : INFO : EventManager : Event: ======'carousel_item_highlighted'====== Args={'carousel': 'attract', 'direction': 'forwards', 'item': 'logo'}
2026-03-01 15:15:02,221 : INFO : Timer.attract_carousel_timer : Starting Timer.
2026-03-01 15:15:02,221 : INFO : EventManager : Event: ======'timer_attract_carousel_timer_started'====== Args={'ticks': 0, 'ticks_remaining': 1}
2026-03-01 15:15:02,221 : INFO : EventManager : Event: ======'timer_attract_carousel_timer_tick'====== Args={'ticks': 0, 'ticks_remaining': 1}
2026-03-01 15:15:07,221 : INFO : Timer.attract_carousel_timer : Timer Complete
2026-03-01 15:15:07,221 : INFO : Timer.attract_carousel_timer : Stopping Timer
2026-03-01 15:15:07,221 : INFO : EventManager : Event: ======'timer_attract_carousel_timer_stopped'====== Args={'ticks': 1, 'ticks_remaining': 1}
2026-03-01 15:15:07,222 : INFO : EventManager : Event: ======'timer_attract_carousel_timer_complete'====== Args={'ticks': 1, 'ticks_remaining': 1}
2026-03-01 15:15:07,222 : INFO : EventManager : Event: ======'carousel_item_highlighted'====== Args={'carousel': 'attract', 'direction': 'forwards', 'item': 'title'}
2026-03-01 15:15:07,222 : INFO : Timer.attract_carousel_timer : Starting Timer.
2026-03-01 15:15:07,222 : INFO : EventManager : Event: ======'timer_attract_carousel_timer_started'====== Args={'ticks': 0, 'ticks_remaining': 1}
2026-03-01 15:15:07,222 : INFO : EventManager : Event: ======'timer_attract_carousel_timer_tick'====== Args={'ticks': 0, 'ticks_remaining': 1}
2026-03-01 15:15:12,223 : INFO : Timer.attract_carousel_timer : Timer Complete
2026-03-01 15:15:12,223 : INFO : Timer.attract_carousel_timer : Stopping Timer
2026-03-01 15:15:12,224 : INFO : EventManager : Event: ======'timer_attract_carousel_timer_stopped'====== Args={'ticks': 1, 'ticks_remaining': 1}
2026-03-01 15:15:12,224 : INFO : EventManager : Event: ======'timer_attract_carousel_timer_complete'====== Args={'ticks': 1, 'ticks_remaining': 1}
2026-03-01 15:15:12,224 : INFO : EventManager : Event: ======'carousel_item_highlighted'====== Args={'carousel': 'attract', 'direction': 'forwards', 'item': 'credits'}
2026-03-01 15:15:12,225 : INFO : Timer.attract_carousel_timer : Starting Timer.
2026-03-01 15:15:12,225 : INFO : EventManager : Event: ======'timer_attract_carousel_timer_started'====== Args={'ticks': 0, 'ticks_remaining': 1}
2026-03-01 15:15:12,225 : INFO : EventManager : Event: ======'timer_attract_carousel_timer_tick'====== Args={'ticks': 0, 'ticks_remaining': 1}
2026-03-01 15:15:17,225 : INFO : Timer.attract_carousel_timer : Timer Complete
2026-03-01 15:15:17,225 : INFO : Timer.attract_carousel_timer : Stopping Timer
2026-03-01 15:15:17,225 : INFO : EventManager : Event: ======'timer_attract_carousel_timer_stopped'====== Args={'ticks': 1, 'ticks_remaining': 1}
2026-03-01 15:15:17,225 : INFO : EventManager : Event: ======'timer_attract_carousel_timer_complete'====== Args={'ticks': 1, 'ticks_remaining': 1}
2026-03-01 15:15:17,226 : INFO : EventManager : Event: ======'carousel_item_highlighted'====== Args={'carousel': 'attract', 'direction': 'forwards', 'item': 'logo'}
2026-03-01 15:15:17,226 : INFO : Timer.attract_carousel_timer : Starting Timer.
2026-03-01 15:15:17,226 : INFO : EventManager : Event: ======'timer_attract_carousel_timer_started'====== Args={'ticks': 0, 'ticks_remaining': 1}
2026-03-01 15:15:17,226 : INFO : EventManager : Event: ======'timer_attract_carousel_timer_tick'====== Args={'ticks': 0, 'ticks_remaining': 1}
2026-03-01 15:15:22,227 : INFO : Timer.attract_carousel_timer : Timer Complete
2026-03-01 15:15:22,227 : INFO : Timer.attract_carousel_timer : Stopping Timer
2026-03-01 15:15:22,227 : INFO : EventManager : Event: ======'timer_attract_carousel_timer_stopped'====== Args={'ticks': 1, 'ticks_remaining': 1}
2026-03-01 15:15:22,227 : INFO : EventManager : Event: ======'timer_attract_carousel_timer_complete'====== Args={'ticks': 1, 'ticks_remaining': 1}
2026-03-01 15:15:22,227 : INFO : EventManager : Event: ======'carousel_item_highlighted'====== Args={'carousel': 'attract', 'direction': 'forwards', 'item': 'title'}
2026-03-01 15:15:22,228 : INFO : Timer.attract_carousel_timer : Starting Timer.
2026-03-01 15:15:22,228 : INFO : EventManager : Event: ======'timer_attract_carousel_timer_started'====== Args={'ticks': 0, 'ticks_remaining': 1}
2026-03-01 15:15:22,228 : INFO : EventManager : Event: ======'timer_attract_carousel_timer_tick'====== Args={'ticks': 0, 'ticks_remaining': 1}
2026-03-01 15:15:27,228 : INFO : Timer.attract_carousel_timer : Timer Complete
2026-03-01 15:15:27,228 : INFO : Timer.attract_carousel_timer : Stopping Timer
2026-03-01 15:15:27,228 : INFO : EventManager : Event: ======'timer_attract_carousel_timer_stopped'====== Args={'ticks': 1, 'ticks_remaining': 1}
2026-03-01 15:15:27,228 : INFO : EventManager : Event: ======'timer_attract_carousel_timer_complete'====== Args={'ticks': 1, 'ticks_remaining': 1}
2026-03-01 15:15:27,229 : INFO : EventManager : Event: ======'carousel_item_highlighted'====== Args={'carousel': 'attract', 'direction': 'forwards', 'item': 'credits'}
2026-03-01 15:15:27,229 : INFO : Timer.attract_carousel_timer : Starting Timer.
2026-03-01 15:15:27,229 : INFO : EventManager : Event: ======'timer_attract_carousel_timer_started'====== Args={'ticks': 0, 'ticks_remaining': 1}
2026-03-01 15:15:27,229 : INFO : EventManager : Event: ======'timer_attract_carousel_timer_tick'====== Args={'ticks': 0, 'ticks_remaining': 1}
2026-03-01 15:15:32,229 : INFO : Timer.attract_carousel_timer : Timer Complete
2026-03-01 15:15:32,229 : INFO : Timer.attract_carousel_timer : Stopping Timer
2026-03-01 15:15:32,229 : INFO : EventManager : Event: ======'timer_attract_carousel_timer_stopped'====== Args={'ticks': 1, 'ticks_remaining': 1}
2026-03-01 15:15:32,229 : INFO : EventManager : Event: ======'timer_attract_carousel_timer_complete'====== Args={'ticks': 1, 'ticks_remaining': 1}
2026-03-01 15:15:32,230 : INFO : EventManager : Event: ======'carousel_item_highlighted'====== Args={'carousel': 'attract', 'direction': 'forwards', 'item': 'logo'}
2026-03-01 15:15:32,230 : INFO : Timer.attract_carousel_timer : Starting Timer.
2026-03-01 15:15:32,230 : INFO : EventManager : Event: ======'timer_attract_carousel_timer_started'====== Args={'ticks': 0, 'ticks_remaining': 1}
2026-03-01 15:15:32,230 : INFO : EventManager : Event: ======'timer_attract_carousel_timer_tick'====== Args={'ticks': 0, 'ticks_remaining': 1}
2026-03-01 15:15:37,231 : INFO : Timer.attract_carousel_timer : Timer Complete
2026-03-01 15:15:37,231 : INFO : Timer.attract_carousel_timer : Stopping Timer
2026-03-01 15:15:37,231 : INFO : EventManager : Event: ======'timer_attract_carousel_timer_stopped'====== Args={'ticks': 1, 'ticks_remaining': 1}
2026-03-01 15:15:37,231 : INFO : EventManager : Event: ======'timer_attract_carousel_timer_complete'====== Args={'ticks': 1, 'ticks_remaining': 1}
2026-03-01 15:15:37,232 : INFO : EventManager : Event: ======'carousel_item_highlighted'====== Args={'carousel': 'attract', 'direction': 'forwards', 'item': 'title'}
2026-03-01 15:15:37,232 : INFO : Timer.attract_carousel_timer : Starting Timer.
2026-03-01 15:15:37,232 : INFO : EventManager : Event: ======'timer_attract_carousel_timer_started'====== Args={'ticks': 0, 'ticks_remaining': 1}
2026-03-01 15:15:37,232 : INFO : EventManager : Event: ======'timer_attract_carousel_timer_tick'====== Args={'ticks': 0, 'ticks_remaining': 1}
2026-03-01 15:15:42,232 : INFO : Timer.attract_carousel_timer : Timer Complete
2026-03-01 15:15:42,232 : INFO : Timer.attract_carousel_timer : Stopping Timer
2026-03-01 15:15:42,232 : INFO : EventManager : Event: ======'timer_attract_carousel_timer_stopped'====== Args={'ticks': 1, 'ticks_remaining': 1}
2026-03-01 15:15:42,232 : INFO : EventManager : Event: ======'timer_attract_carousel_timer_complete'====== Args={'ticks': 1, 'ticks_remaining': 1}
2026-03-01 15:15:42,233 : INFO : EventManager : Event: ======'carousel_item_highlighted'====== Args={'carousel': 'attract', 'direction': 'forwards', 'item': 'credits'}
2026-03-01 15:15:42,233 : INFO : Timer.attract_carousel_timer : Starting Timer.
2026-03-01 15:15:42,233 : INFO : EventManager : Event: ======'timer_attract_carousel_timer_started'====== Args={'ticks': 0, 'ticks_remaining': 1}
2026-03-01 15:15:42,233 : INFO : EventManager : Event: ======'timer_attract_carousel_timer_tick'====== Args={'ticks': 0, 'ticks_remaining': 1}
2026-03-01 15:15:47,233 : INFO : Timer.attract_carousel_timer : Timer Complete
2026-03-01 15:15:47,233 : INFO : Timer.attract_carousel_timer : Stopping Timer
2026-03-01 15:15:47,234 : INFO : EventManager : Event: ======'timer_attract_carousel_timer_stopped'====== Args={'ticks': 1, 'ticks_remaining': 1}
2026-03-01 15:15:47,234 : INFO : EventManager : Event: ======'timer_attract_carousel_timer_complete'====== Args={'ticks': 1, 'ticks_remaining': 1}
2026-03-01 15:15:47,234 : INFO : EventManager : Event: ======'carousel_item_highlighted'====== Args={'carousel': 'attract', 'direction': 'forwards', 'item': 'logo'}
2026-03-01 15:15:47,235 : INFO : Timer.attract_carousel_timer : Starting Timer.
2026-03-01 15:15:47,235 : INFO : EventManager : Event: ======'timer_attract_carousel_timer_started'====== Args={'ticks': 0, 'ticks_remaining': 1}
2026-03-01 15:15:47,235 : INFO : EventManager : Event: ======'timer_attract_carousel_timer_tick'====== Args={'ticks': 0, 'ticks_remaining': 1}
2026-03-01 15:15:52,235 : INFO : Timer.attract_carousel_timer : Timer Complete
2026-03-01 15:15:52,235 : INFO : Timer.attract_carousel_timer : Stopping Timer
2026-03-01 15:15:52,235 : INFO : EventManager : Event: ======'timer_attract_carousel_timer_stopped'====== Args={'ticks': 1, 'ticks_remaining': 1}
2026-03-01 15:15:52,235 : INFO : EventManager : Event: ======'timer_attract_carousel_timer_complete'====== Args={'ticks': 1, 'ticks_remaining': 1}
2026-03-01 15:15:52,236 : INFO : EventManager : Event: ======'carousel_item_highlighted'====== Args={'carousel': 'attract', 'direction': 'forwards', 'item': 'title'}
2026-03-01 15:15:52,236 : INFO : Timer.attract_carousel_timer : Starting Timer.
2026-03-01 15:15:52,236 : INFO : EventManager : Event: ======'timer_attract_carousel_timer_started'====== Args={'ticks': 0, 'ticks_remaining': 1}
2026-03-01 15:15:52,236 : INFO : EventManager : Event: ======'timer_attract_carousel_timer_tick'====== Args={'ticks': 0, 'ticks_remaining': 1}
2026-03-01 15:15:57,237 : INFO : Timer.attract_carousel_timer : Timer Complete
2026-03-01 15:15:57,237 : INFO : Timer.attract_carousel_timer : Stopping Timer
2026-03-01 15:15:57,237 : INFO : EventManager : Event: ======'timer_attract_carousel_timer_stopped'====== Args={'ticks': 1, 'ticks_remaining': 1}
2026-03-01 15:15:57,237 : INFO : EventManager : Event: ======'timer_attract_carousel_timer_complete'====== Args={'ticks': 1, 'ticks_remaining': 1}
2026-03-01 15:15:57,238 : INFO : EventManager : Event: ======'carousel_item_highlighted'====== Args={'carousel': 'attract', 'direction': 'forwards', 'item': 'credits'}
2026-03-01 15:15:57,238 : INFO : Timer.attract_carousel_timer : Starting Timer.
2026-03-01 15:15:57,238 : INFO : EventManager : Event: ======'timer_attract_carousel_timer_started'====== Args={'ticks': 0, 'ticks_remaining': 1}
2026-03-01 15:15:57,238 : INFO : EventManager : Event: ======'timer_attract_carousel_timer_tick'====== Args={'ticks': 0, 'ticks_remaining': 1}
2026-03-01 15:16:02,239 : INFO : Timer.attract_carousel_timer : Timer Complete
2026-03-01 15:16:02,239 : INFO : Timer.attract_carousel_timer : Stopping Timer
2026-03-01 15:16:02,240 : INFO : EventManager : Event: ======'timer_attract_carousel_timer_stopped'====== Args={'ticks': 1, 'ticks_remaining': 1}
2026-03-01 15:16:02,240 : INFO : EventManager : Event: ======'timer_attract_carousel_timer_complete'====== Args={'ticks': 1, 'ticks_remaining': 1}
2026-03-01 15:16:02,240 : INFO : EventManager : Event: ======'carousel_item_highlighted'====== Args={'carousel': 'attract', 'direction': 'forwards', 'item': 'logo'}
2026-03-01 15:16:02,241 : INFO : Timer.attract_carousel_timer : Starting Timer.
2026-03-01 15:16:02,241 : INFO : EventManager : Event: ======'timer_attract_carousel_timer_started'====== Args={'ticks': 0, 'ticks_remaining': 1}
2026-03-01 15:16:02,241 : INFO : EventManager : Event: ======'timer_attract_carousel_timer_tick'====== Args={'ticks': 0, 'ticks_remaining': 1}
2026-03-01 15:16:07,241 : INFO : Timer.attract_carousel_timer : Timer Complete
2026-03-01 15:16:07,242 : INFO : Timer.attract_carousel_timer : Stopping Timer
2026-03-01 15:16:07,242 : INFO : EventManager : Event: ======'timer_attract_carousel_timer_stopped'====== Args={'ticks': 1, 'ticks_remaining': 1}
2026-03-01 15:16:07,242 : INFO : EventManager : Event: ======'timer_attract_carousel_timer_complete'====== Args={'ticks': 1, 'ticks_remaining': 1}
2026-03-01 15:16:07,242 : INFO : EventManager : Event: ======'carousel_item_highlighted'====== Args={'carousel': 'attract', 'direction': 'forwards', 'item': 'title'}
2026-03-01 15:16:07,243 : INFO : Timer.attract_carousel_timer : Starting Timer.
2026-03-01 15:16:07,243 : INFO : EventManager : Event: ======'timer_attract_carousel_timer_started'====== Args={'ticks': 0, 'ticks_remaining': 1}
2026-03-01 15:16:07,243 : INFO : EventManager : Event: ======'timer_attract_carousel_timer_tick'====== Args={'ticks': 0, 'ticks_remaining': 1}
2026-03-01 15:16:12,244 : INFO : Timer.attract_carousel_timer : Timer Complete
2026-03-01 15:16:12,244 : INFO : Timer.attract_carousel_timer : Stopping Timer
2026-03-01 15:16:12,244 : INFO : EventManager : Event: ======'timer_attract_carousel_timer_stopped'====== Args={'ticks': 1, 'ticks_remaining': 1}
2026-03-01 15:16:12,244 : INFO : EventManager : Event: ======'timer_attract_carousel_timer_complete'====== Args={'ticks': 1, 'ticks_remaining': 1}
2026-03-01 15:16:12,245 : INFO : EventManager : Event: ======'carousel_item_highlighted'====== Args={'carousel': 'attract', 'direction': 'forwards', 'item': 'credits'}
2026-03-01 15:16:12,245 : INFO : Timer.attract_carousel_timer : Starting Timer.
2026-03-01 15:16:12,245 : INFO : EventManager : Event: ======'timer_attract_carousel_timer_started'====== Args={'ticks': 0, 'ticks_remaining': 1}
2026-03-01 15:16:12,245 : INFO : EventManager : Event: ======'timer_attract_carousel_timer_tick'====== Args={'ticks': 0, 'ticks_remaining': 1}
2026-03-01 15:16:17,245 : INFO : Timer.attract_carousel_timer : Timer Complete
2026-03-01 15:16:17,246 : INFO : Timer.attract_carousel_timer : Stopping Timer
2026-03-01 15:16:17,246 : INFO : EventManager : Event: ======'timer_attract_carousel_timer_stopped'====== Args={'ticks': 1, 'ticks_remaining': 1}
2026-03-01 15:16:17,246 : INFO : EventManager : Event: ======'timer_attract_carousel_timer_complete'====== Args={'ticks': 1, 'ticks_remaining': 1}
2026-03-01 15:16:17,246 : INFO : EventManager : Event: ======'carousel_item_highlighted'====== Args={'carousel': 'attract', 'direction': 'forwards', 'item': 'logo'}
2026-03-01 15:16:17,247 : INFO : Timer.attract_carousel_timer : Starting Timer.
2026-03-01 15:16:17,247 : INFO : EventManager : Event: ======'timer_attract_carousel_timer_started'====== Args={'ticks': 0, 'ticks_remaining': 1}
2026-03-01 15:16:17,247 : INFO : EventManager : Event: ======'timer_attract_carousel_timer_tick'====== Args={'ticks': 0, 'ticks_remaining': 1}
2026-03-01 15:16:22,247 : INFO : Timer.attract_carousel_timer : Timer Complete
2026-03-01 15:16:22,247 : INFO : Timer.attract_carousel_timer : Stopping Timer
2026-03-01 15:16:22,247 : INFO : EventManager : Event: ======'timer_attract_carousel_timer_stopped'====== Args={'ticks': 1, 'ticks_remaining': 1}
2026-03-01 15:16:22,247 : INFO : EventManager : Event: ======'timer_attract_carousel_timer_complete'====== Args={'ticks': 1, 'ticks_remaining': 1}
2026-03-01 15:16:22,248 : INFO : EventManager : Event: ======'carousel_item_highlighted'====== Args={'carousel': 'attract', 'direction': 'forwards', 'item': 'title'}
2026-03-01 15:16:22,248 : INFO : Timer.attract_carousel_timer : Starting Timer.
2026-03-01 15:16:22,248 : INFO : EventManager : Event: ======'timer_attract_carousel_timer_started'====== Args={'ticks': 0, 'ticks_remaining': 1}
2026-03-01 15:16:22,248 : INFO : EventManager : Event: ======'timer_attract_carousel_timer_tick'====== Args={'ticks': 0, 'ticks_remaining': 1}
2026-03-01 15:16:27,249 : INFO : Timer.attract_carousel_timer : Timer Complete
2026-03-01 15:16:27,249 : INFO : Timer.attract_carousel_timer : Stopping Timer
2026-03-01 15:16:27,249 : INFO : EventManager : Event: ======'timer_attract_carousel_timer_stopped'====== Args={'ticks': 1, 'ticks_remaining': 1}
2026-03-01 15:16:27,249 : INFO : EventManager : Event: ======'timer_attract_carousel_timer_complete'====== Args={'ticks': 1, 'ticks_remaining': 1}
2026-03-01 15:16:27,250 : INFO : EventManager : Event: ======'carousel_item_highlighted'====== Args={'carousel': 'attract', 'direction': 'forwards', 'item': 'credits'}
2026-03-01 15:16:27,250 : INFO : Timer.attract_carousel_timer : Starting Timer.
2026-03-01 15:16:27,250 : INFO : EventManager : Event: ======'timer_attract_carousel_timer_started'====== Args={'ticks': 0, 'ticks_remaining': 1}
2026-03-01 15:16:27,250 : INFO : EventManager : Event: ======'timer_attract_carousel_timer_tick'====== Args={'ticks': 0, 'ticks_remaining': 1}
2026-03-01 15:16:32,251 : INFO : Timer.attract_carousel_timer : Timer Complete
2026-03-01 15:16:32,251 : INFO : Timer.attract_carousel_timer : Stopping Timer
2026-03-01 15:16:32,251 : INFO : EventManager : Event: ======'timer_attract_carousel_timer_stopped'====== Args={'ticks': 1, 'ticks_remaining': 1}
2026-03-01 15:16:32,251 : INFO : EventManager : Event: ======'timer_attract_carousel_timer_complete'====== Args={'ticks': 1, 'ticks_remaining': 1}
2026-03-01 15:16:32,251 : INFO : EventManager : Event: ======'carousel_item_highlighted'====== Args={'carousel': 'attract', 'direction': 'forwards', 'item': 'logo'}
2026-03-01 15:16:32,251 : INFO : Timer.attract_carousel_timer : Starting Timer.
2026-03-01 15:16:32,252 : INFO : EventManager : Event: ======'timer_attract_carousel_timer_started'====== Args={'ticks': 0, 'ticks_remaining': 1}
2026-03-01 15:16:32,252 : INFO : EventManager : Event: ======'timer_attract_carousel_timer_tick'====== Args={'ticks': 0, 'ticks_remaining': 1}
2026-03-01 15:16:37,252 : INFO : Timer.attract_carousel_timer : Timer Complete
2026-03-01 15:16:37,252 : INFO : Timer.attract_carousel_timer : Stopping Timer
2026-03-01 15:16:37,252 : INFO : EventManager : Event: ======'timer_attract_carousel_timer_stopped'====== Args={'ticks': 1, 'ticks_remaining': 1}
2026-03-01 15:16:37,252 : INFO : EventManager : Event: ======'timer_attract_carousel_timer_complete'====== Args={'ticks': 1, 'ticks_remaining': 1}
2026-03-01 15:16:37,252 : INFO : EventManager : Event: ======'carousel_item_highlighted'====== Args={'carousel': 'attract', 'direction': 'forwards', 'item': 'title'}
2026-03-01 15:16:37,252 : INFO : Timer.attract_carousel_timer : Starting Timer.
2026-03-01 15:16:37,252 : INFO : EventManager : Event: ======'timer_attract_carousel_timer_started'====== Args={'ticks': 0, 'ticks_remaining': 1}
2026-03-01 15:16:37,252 : INFO : EventManager : Event: ======'timer_attract_carousel_timer_tick'====== Args={'ticks': 0, 'ticks_remaining': 1}
2026-03-01 15:16:42,252 : INFO : Timer.attract_carousel_timer : Timer Complete
2026-03-01 15:16:42,253 : INFO : Timer.attract_carousel_timer : Stopping Timer
2026-03-01 15:16:42,253 : INFO : EventManager : Event: ======'timer_attract_carousel_timer_stopped'====== Args={'ticks': 1, 'ticks_remaining': 1}
2026-03-01 15:16:42,253 : INFO : EventManager : Event: ======'timer_attract_carousel_timer_complete'====== Args={'ticks': 1, 'ticks_remaining': 1}
2026-03-01 15:16:42,253 : INFO : EventManager : Event: ======'carousel_item_highlighted'====== Args={'carousel': 'attract', 'direction': 'forwards', 'item': 'credits'}
2026-03-01 15:16:42,253 : INFO : Timer.attract_carousel_timer : Starting Timer.
2026-03-01 15:16:42,253 : INFO : EventManager : Event: ======'timer_attract_carousel_timer_started'====== Args={'ticks': 0, 'ticks_remaining': 1}
2026-03-01 15:16:42,254 : INFO : EventManager : Event: ======'timer_attract_carousel_timer_tick'====== Args={'ticks': 0, 'ticks_remaining': 1}
2026-03-01 15:16:47,254 : INFO : Timer.attract_carousel_timer : Timer Complete
2026-03-01 15:16:47,254 : INFO : Timer.attract_carousel_timer : Stopping Timer
2026-03-01 15:16:47,254 : INFO : EventManager : Event: ======'timer_attract_carousel_timer_stopped'====== Args={'ticks': 1, 'ticks_remaining': 1}
2026-03-01 15:16:47,254 : INFO : EventManager : Event: ======'timer_attract_carousel_timer_complete'====== Args={'ticks': 1, 'ticks_remaining': 1}
2026-03-01 15:16:47,255 : INFO : EventManager : Event: ======'carousel_item_highlighted'====== Args={'carousel': 'attract', 'direction': 'forwards', 'item': 'logo'}
2026-03-01 15:16:47,255 : INFO : Timer.attract_carousel_timer : Starting Timer.
2026-03-01 15:16:47,255 : INFO : EventManager : Event: ======'timer_attract_carousel_timer_started'====== Args={'ticks': 0, 'ticks_remaining': 1}
2026-03-01 15:16:47,255 : INFO : EventManager : Event: ======'timer_attract_carousel_timer_tick'====== Args={'ticks': 0, 'ticks_remaining': 1}
2026-03-01 15:16:52,256 : INFO : Timer.attract_carousel_timer : Timer Complete
2026-03-01 15:16:52,256 : INFO : Timer.attract_carousel_timer : Stopping Timer
2026-03-01 15:16:52,256 : INFO : EventManager : Event: ======'timer_attract_carousel_timer_stopped'====== Args={'ticks': 1, 'ticks_remaining': 1}
2026-03-01 15:16:52,256 : INFO : EventManager : Event: ======'timer_attract_carousel_timer_complete'====== Args={'ticks': 1, 'ticks_remaining': 1}
2026-03-01 15:16:52,257 : INFO : EventManager : Event: ======'carousel_item_highlighted'====== Args={'carousel': 'attract', 'direction': 'forwards', 'item': 'title'}
2026-03-01 15:16:52,257 : INFO : Timer.attract_carousel_timer : Starting Timer.
2026-03-01 15:16:52,257 : INFO : EventManager : Event: ======'timer_attract_carousel_timer_started'====== Args={'ticks': 0, 'ticks_remaining': 1}
2026-03-01 15:16:52,258 : INFO : EventManager : Event: ======'timer_attract_carousel_timer_tick'====== Args={'ticks': 0, 'ticks_remaining': 1}
2026-03-01 15:16:57,258 : INFO : Timer.attract_carousel_timer : Timer Complete
2026-03-01 15:16:57,258 : INFO : Timer.attract_carousel_timer : Stopping Timer
2026-03-01 15:16:57,259 : INFO : EventManager : Event: ======'timer_attract_carousel_timer_stopped'====== Args={'ticks': 1, 'ticks_remaining': 1}
2026-03-01 15:16:57,259 : INFO : EventManager : Event: ======'timer_attract_carousel_timer_complete'====== Args={'ticks': 1, 'ticks_remaining': 1}
2026-03-01 15:16:57,259 : INFO : EventManager : Event: ======'carousel_item_highlighted'====== Args={'carousel': 'attract', 'direction': 'forwards', 'item': 'credits'}
2026-03-01 15:16:57,260 : INFO : Timer.attract_carousel_timer : Starting Timer.
2026-03-01 15:16:57,260 : INFO : EventManager : Event: ======'timer_attract_carousel_timer_started'====== Args={'ticks': 0, 'ticks_remaining': 1}
2026-03-01 15:16:57,260 : INFO : EventManager : Event: ======'timer_attract_carousel_timer_tick'====== Args={'ticks': 0, 'ticks_remaining': 1}
2026-03-01 15:17:02,260 : INFO : Timer.attract_carousel_timer : Timer Complete
2026-03-01 15:17:02,260 : INFO : Timer.attract_carousel_timer : Stopping Timer
2026-03-01 15:17:02,260 : INFO : EventManager : Event: ======'timer_attract_carousel_timer_stopped'====== Args={'ticks': 1, 'ticks_remaining': 1}
2026-03-01 15:17:02,260 : INFO : EventManager : Event: ======'timer_attract_carousel_timer_complete'====== Args={'ticks': 1, 'ticks_remaining': 1}
2026-03-01 15:17:02,261 : INFO : EventManager : Event: ======'carousel_item_highlighted'====== Args={'carousel': 'attract', 'direction': 'forwards', 'item': 'logo'}
2026-03-01 15:17:02,261 : INFO : Timer.attract_carousel_timer : Starting Timer.
2026-03-01 15:17:02,261 : INFO : EventManager : Event: ======'timer_attract_carousel_timer_started'====== Args={'ticks': 0, 'ticks_remaining': 1}
2026-03-01 15:17:02,261 : INFO : EventManager : Event: ======'timer_attract_carousel_timer_tick'====== Args={'ticks': 0, 'ticks_remaining': 1}
2026-03-01 15:17:07,262 : INFO : Timer.attract_carousel_timer : Timer Complete
2026-03-01 15:17:07,262 : INFO : Timer.attract_carousel_timer : Stopping Timer
2026-03-01 15:17:07,262 : INFO : EventManager : Event: ======'timer_attract_carousel_timer_stopped'====== Args={'ticks': 1, 'ticks_remaining': 1}
2026-03-01 15:17:07,262 : INFO : EventManager : Event: ======'timer_attract_carousel_timer_complete'====== Args={'ticks': 1, 'ticks_remaining': 1}
2026-03-01 15:17:07,263 : INFO : EventManager : Event: ======'carousel_item_highlighted'====== Args={'carousel': 'attract', 'direction': 'forwards', 'item': 'title'}
2026-03-01 15:17:07,263 : INFO : Timer.attract_carousel_timer : Starting Timer.
2026-03-01 15:17:07,263 : INFO : EventManager : Event: ======'timer_attract_carousel_timer_started'====== Args={'ticks': 0, 'ticks_remaining': 1}
2026-03-01 15:17:07,264 : INFO : EventManager : Event: ======'timer_attract_carousel_timer_tick'====== Args={'ticks': 0, 'ticks_remaining': 1}
2026-03-01 15:17:12,263 : INFO : Timer.attract_carousel_timer : Timer Complete
2026-03-01 15:17:12,263 : INFO : Timer.attract_carousel_timer : Stopping Timer
2026-03-01 15:17:12,264 : INFO : EventManager : Event: ======'timer_attract_carousel_timer_stopped'====== Args={'ticks': 1, 'ticks_remaining': 1}
2026-03-01 15:17:12,264 : INFO : EventManager : Event: ======'timer_attract_carousel_timer_complete'====== Args={'ticks': 1, 'ticks_remaining': 1}
2026-03-01 15:17:12,264 : INFO : EventManager : Event: ======'carousel_item_highlighted'====== Args={'carousel': 'attract', 'direction': 'forwards', 'item': 'credits'}
2026-03-01 15:17:12,264 : INFO : Timer.attract_carousel_timer : Starting Timer.
2026-03-01 15:17:12,264 : INFO : EventManager : Event: ======'timer_attract_carousel_timer_started'====== Args={'ticks': 0, 'ticks_remaining': 1}
2026-03-01 15:17:12,264 : INFO : EventManager : Event: ======'timer_attract_carousel_timer_tick'====== Args={'ticks': 0, 'ticks_remaining': 1}
2026-03-01 15:17:17,264 : INFO : Timer.attract_carousel_timer : Timer Complete
2026-03-01 15:17:17,264 : INFO : Timer.attract_carousel_timer : Stopping Timer
2026-03-01 15:17:17,265 : INFO : EventManager : Event: ======'timer_attract_carousel_timer_stopped'====== Args={'ticks': 1, 'ticks_remaining': 1}
2026-03-01 15:17:17,265 : INFO : EventManager : Event: ======'timer_attract_carousel_timer_complete'====== Args={'ticks': 1, 'ticks_remaining': 1}
2026-03-01 15:17:17,265 : INFO : EventManager : Event: ======'carousel_item_highlighted'====== Args={'carousel': 'attract', 'direction': 'forwards', 'item': 'logo'}
2026-03-01 15:17:17,265 : INFO : Timer.attract_carousel_timer : Starting Timer.
2026-03-01 15:17:17,265 : INFO : EventManager : Event: ======'timer_attract_carousel_timer_started'====== Args={'ticks': 0, 'ticks_remaining': 1}
2026-03-01 15:17:17,265 : INFO : EventManager : Event: ======'timer_attract_carousel_timer_tick'====== Args={'ticks': 0, 'ticks_remaining': 1}
2026-03-01 15:17:22,266 : INFO : Timer.attract_carousel_timer : Timer Complete
2026-03-01 15:17:22,266 : INFO : Timer.attract_carousel_timer : Stopping Timer
2026-03-01 15:17:22,266 : INFO : EventManager : Event: ======'timer_attract_carousel_timer_stopped'====== Args={'ticks': 1, 'ticks_remaining': 1}
2026-03-01 15:17:22,266 : INFO : EventManager : Event: ======'timer_attract_carousel_timer_complete'====== Args={'ticks': 1, 'ticks_remaining': 1}
2026-03-01 15:17:22,267 : INFO : EventManager : Event: ======'carousel_item_highlighted'====== Args={'carousel': 'attract', 'direction': 'forwards', 'item': 'title'}
2026-03-01 15:17:22,267 : INFO : Timer.attract_carousel_timer : Starting Timer.
2026-03-01 15:17:22,267 : INFO : EventManager : Event: ======'timer_attract_carousel_timer_started'====== Args={'ticks': 0, 'ticks_remaining': 1}
2026-03-01 15:17:22,267 : INFO : EventManager : Event: ======'timer_attract_carousel_timer_tick'====== Args={'ticks': 0, 'ticks_remaining': 1}
2026-03-01 15:17:27,268 : INFO : Timer.attract_carousel_timer : Timer Complete
2026-03-01 15:17:27,268 : INFO : Timer.attract_carousel_timer : Stopping Timer
2026-03-01 15:17:27,268 : INFO : EventManager : Event: ======'timer_attract_carousel_timer_stopped'====== Args={'ticks': 1, 'ticks_remaining': 1}
2026-03-01 15:17:27,269 : INFO : EventManager : Event: ======'timer_attract_carousel_timer_complete'====== Args={'ticks': 1, 'ticks_remaining': 1}
2026-03-01 15:17:27,269 : INFO : EventManager : Event: ======'carousel_item_highlighted'====== Args={'carousel': 'attract', 'direction': 'forwards', 'item': 'credits'}
2026-03-01 15:17:27,269 : INFO : Timer.attract_carousel_timer : Starting Timer.
2026-03-01 15:17:27,269 : INFO : EventManager : Event: ======'timer_attract_carousel_timer_started'====== Args={'ticks': 0, 'ticks_remaining': 1}
2026-03-01 15:17:27,269 : INFO : EventManager : Event: ======'timer_attract_carousel_timer_tick'====== Args={'ticks': 0, 'ticks_remaining': 1}
2026-03-01 15:17:32,270 : INFO : Timer.attract_carousel_timer : Timer Complete
2026-03-01 15:17:32,270 : INFO : Timer.attract_carousel_timer : Stopping Timer
2026-03-01 15:17:32,270 : INFO : EventManager : Event: ======'timer_attract_carousel_timer_stopped'====== Args={'ticks': 1, 'ticks_remaining': 1}
2026-03-01 15:17:32,270 : INFO : EventManager : Event: ======'timer_attract_carousel_timer_complete'====== Args={'ticks': 1, 'ticks_remaining': 1}
2026-03-01 15:17:32,271 : INFO : EventManager : Event: ======'carousel_item_highlighted'====== Args={'carousel': 'attract', 'direction': 'forwards', 'item': 'logo'}
2026-03-01 15:17:32,271 : INFO : Timer.attract_carousel_timer : Starting Timer.
2026-03-01 15:17:32,271 : INFO : EventManager : Event: ======'timer_attract_carousel_timer_started'====== Args={'ticks': 0, 'ticks_remaining': 1}
2026-03-01 15:17:32,271 : INFO : EventManager : Event: ======'timer_attract_carousel_timer_tick'====== Args={'ticks': 0, 'ticks_remaining': 1}
2026-03-01 15:17:37,272 : INFO : Timer.attract_carousel_timer : Timer Complete
2026-03-01 15:17:37,272 : INFO : Timer.attract_carousel_timer : Stopping Timer
2026-03-01 15:17:37,272 : INFO : EventManager : Event: ======'timer_attract_carousel_timer_stopped'====== Args={'ticks': 1, 'ticks_remaining': 1}
2026-03-01 15:17:37,272 : INFO : EventManager : Event: ======'timer_attract_carousel_timer_complete'====== Args={'ticks': 1, 'ticks_remaining': 1}
2026-03-01 15:17:37,273 : INFO : EventManager : Event: ======'carousel_item_highlighted'====== Args={'carousel': 'attract', 'direction': 'forwards', 'item': 'title'}
2026-03-01 15:17:37,273 : INFO : Timer.attract_carousel_timer : Starting Timer.
2026-03-01 15:17:37,273 : INFO : EventManager : Event: ======'timer_attract_carousel_timer_started'====== Args={'ticks': 0, 'ticks_remaining': 1}
2026-03-01 15:17:37,273 : INFO : EventManager : Event: ======'timer_attract_carousel_timer_tick'====== Args={'ticks': 0, 'ticks_remaining': 1}
2026-03-01 15:17:42,274 : INFO : Timer.attract_carousel_timer : Timer Complete
2026-03-01 15:17:42,274 : INFO : Timer.attract_carousel_timer : Stopping Timer
2026-03-01 15:17:42,274 : INFO : EventManager : Event: ======'timer_attract_carousel_timer_stopped'====== Args={'ticks': 1, 'ticks_remaining': 1}
2026-03-01 15:17:42,274 : INFO : EventManager : Event: ======'timer_attract_carousel_timer_complete'====== Args={'ticks': 1, 'ticks_remaining': 1}
2026-03-01 15:17:42,274 : INFO : EventManager : Event: ======'carousel_item_highlighted'====== Args={'carousel': 'attract', 'direction': 'forwards', 'item': 'credits'}
2026-03-01 15:17:42,275 : INFO : Timer.attract_carousel_timer : Starting Timer.
2026-03-01 15:17:42,275 : INFO : EventManager : Event: ======'timer_attract_carousel_timer_started'====== Args={'ticks': 0, 'ticks_remaining': 1}
2026-03-01 15:17:42,275 : INFO : EventManager : Event: ======'timer_attract_carousel_timer_tick'====== Args={'ticks': 0, 'ticks_remaining': 1}
2026-03-01 15:17:47,275 : INFO : Timer.attract_carousel_timer : Timer Complete
2026-03-01 15:17:47,275 : INFO : Timer.attract_carousel_timer : Stopping Timer
2026-03-01 15:17:47,275 : INFO : EventManager : Event: ======'timer_attract_carousel_timer_stopped'====== Args={'ticks': 1, 'ticks_remaining': 1}
2026-03-01 15:17:47,275 : INFO : EventManager : Event: ======'timer_attract_carousel_timer_complete'====== Args={'ticks': 1, 'ticks_remaining': 1}
2026-03-01 15:17:47,276 : INFO : EventManager : Event: ======'carousel_item_highlighted'====== Args={'carousel': 'attract', 'direction': 'forwards', 'item': 'logo'}
2026-03-01 15:17:47,276 : INFO : Timer.attract_carousel_timer : Starting Timer.
2026-03-01 15:17:47,276 : INFO : EventManager : Event: ======'timer_attract_carousel_timer_started'====== Args={'ticks': 0, 'ticks_remaining': 1}
2026-03-01 15:17:47,276 : INFO : EventManager : Event: ======'timer_attract_carousel_timer_tick'====== Args={'ticks': 0, 'ticks_remaining': 1}
2026-03-01 15:17:52,276 : INFO : Timer.attract_carousel_timer : Timer Complete
2026-03-01 15:17:52,277 : INFO : Timer.attract_carousel_timer : Stopping Timer
2026-03-01 15:17:52,277 : INFO : EventManager : Event: ======'timer_attract_carousel_timer_stopped'====== Args={'ticks': 1, 'ticks_remaining': 1}
2026-03-01 15:17:52,277 : INFO : EventManager : Event: ======'timer_attract_carousel_timer_complete'====== Args={'ticks': 1, 'ticks_remaining': 1}
2026-03-01 15:17:52,277 : INFO : EventManager : Event: ======'carousel_item_highlighted'====== Args={'carousel': 'attract', 'direction': 'forwards', 'item': 'title'}
2026-03-01 15:17:52,278 : INFO : Timer.attract_carousel_timer : Starting Timer.
2026-03-01 15:17:52,278 : INFO : EventManager : Event: ======'timer_attract_carousel_timer_started'====== Args={'ticks': 0, 'ticks_remaining': 1}
2026-03-01 15:17:52,278 : INFO : EventManager : Event: ======'timer_attract_carousel_timer_tick'====== Args={'ticks': 0, 'ticks_remaining': 1}
2026-03-01 15:17:57,278 : INFO : Timer.attract_carousel_timer : Timer Complete
2026-03-01 15:17:57,278 : INFO : Timer.attract_carousel_timer : Stopping Timer
2026-03-01 15:17:57,278 : INFO : EventManager : Event: ======'timer_attract_carousel_timer_stopped'====== Args={'ticks': 1, 'ticks_remaining': 1}
2026-03-01 15:17:57,279 : INFO : EventManager : Event: ======'timer_attract_carousel_timer_complete'====== Args={'ticks': 1, 'ticks_remaining': 1}
2026-03-01 15:17:57,279 : INFO : EventManager : Event: ======'carousel_item_highlighted'====== Args={'carousel': 'attract', 'direction': 'forwards', 'item': 'credits'}
2026-03-01 15:17:57,279 : INFO : Timer.attract_carousel_timer : Starting Timer.
2026-03-01 15:17:57,279 : INFO : EventManager : Event: ======'timer_attract_carousel_timer_started'====== Args={'ticks': 0, 'ticks_remaining': 1}
2026-03-01 15:17:57,279 : INFO : EventManager : Event: ======'timer_attract_carousel_timer_tick'====== Args={'ticks': 0, 'ticks_remaining': 1}
2026-03-01 15:18:02,280 : INFO : Timer.attract_carousel_timer : Timer Complete
2026-03-01 15:18:02,280 : INFO : Timer.attract_carousel_timer : Stopping Timer
2026-03-01 15:18:02,280 : INFO : EventManager : Event: ======'timer_attract_carousel_timer_stopped'====== Args={'ticks': 1, 'ticks_remaining': 1}
2026-03-01 15:18:02,280 : INFO : EventManager : Event: ======'timer_attract_carousel_timer_complete'====== Args={'ticks': 1, 'ticks_remaining': 1}
2026-03-01 15:18:02,280 : INFO : EventManager : Event: ======'carousel_item_highlighted'====== Args={'carousel': 'attract', 'direction': 'forwards', 'item': 'logo'}
2026-03-01 15:18:02,280 : INFO : Timer.attract_carousel_timer : Starting Timer.
2026-03-01 15:18:02,281 : INFO : EventManager : Event: ======'timer_attract_carousel_timer_started'====== Args={'ticks': 0, 'ticks_remaining': 1}
2026-03-01 15:18:02,281 : INFO : EventManager : Event: ======'timer_attract_carousel_timer_tick'====== Args={'ticks': 0, 'ticks_remaining': 1}
2026-03-01 15:18:07,281 : INFO : Timer.attract_carousel_timer : Timer Complete
2026-03-01 15:18:07,281 : INFO : Timer.attract_carousel_timer : Stopping Timer
2026-03-01 15:18:07,282 : INFO : EventManager : Event: ======'timer_attract_carousel_timer_stopped'====== Args={'ticks': 1, 'ticks_remaining': 1}
2026-03-01 15:18:07,282 : INFO : EventManager : Event: ======'timer_attract_carousel_timer_complete'====== Args={'ticks': 1, 'ticks_remaining': 1}
2026-03-01 15:18:07,282 : INFO : EventManager : Event: ======'carousel_item_highlighted'====== Args={'carousel': 'attract', 'direction': 'forwards', 'item': 'title'}
2026-03-01 15:18:07,282 : INFO : Timer.attract_carousel_timer : Starting Timer.
2026-03-01 15:18:07,282 : INFO : EventManager : Event: ======'timer_attract_carousel_timer_started'====== Args={'ticks': 0, 'ticks_remaining': 1}
2026-03-01 15:18:07,282 : INFO : EventManager : Event: ======'timer_attract_carousel_timer_tick'====== Args={'ticks': 0, 'ticks_remaining': 1}
2026-03-01 15:18:12,283 : INFO : Timer.attract_carousel_timer : Timer Complete
2026-03-01 15:18:12,283 : INFO : Timer.attract_carousel_timer : Stopping Timer
2026-03-01 15:18:12,284 : INFO : EventManager : Event: ======'timer_attract_carousel_timer_stopped'====== Args={'ticks': 1, 'ticks_remaining': 1}
2026-03-01 15:18:12,284 : INFO : EventManager : Event: ======'timer_attract_carousel_timer_complete'====== Args={'ticks': 1, 'ticks_remaining': 1}
2026-03-01 15:18:12,284 : INFO : EventManager : Event: ======'carousel_item_highlighted'====== Args={'carousel': 'attract', 'direction': 'forwards', 'item': 'credits'}
2026-03-01 15:18:12,285 : INFO : Timer.attract_carousel_timer : Starting Timer.
2026-03-01 15:18:12,285 : INFO : EventManager : Event: ======'timer_attract_carousel_timer_started'====== Args={'ticks': 0, 'ticks_remaining': 1}
2026-03-01 15:18:12,285 : INFO : EventManager : Event: ======'timer_attract_carousel_timer_tick'====== Args={'ticks': 0, 'ticks_remaining': 1}
2026-03-01 15:18:17,285 : INFO : Timer.attract_carousel_timer : Timer Complete
2026-03-01 15:18:17,286 : INFO : Timer.attract_carousel_timer : Stopping Timer
2026-03-01 15:18:17,286 : INFO : EventManager : Event: ======'timer_attract_carousel_timer_stopped'====== Args={'ticks': 1, 'ticks_remaining': 1}
2026-03-01 15:18:17,286 : INFO : EventManager : Event: ======'timer_attract_carousel_timer_complete'====== Args={'ticks': 1, 'ticks_remaining': 1}
2026-03-01 15:18:17,286 : INFO : EventManager : Event: ======'carousel_item_highlighted'====== Args={'carousel': 'attract', 'direction': 'forwards', 'item': 'logo'}
2026-03-01 15:18:17,286 : INFO : Timer.attract_carousel_timer : Starting Timer.
2026-03-01 15:18:17,286 : INFO : EventManager : Event: ======'timer_attract_carousel_timer_started'====== Args={'ticks': 0, 'ticks_remaining': 1}
2026-03-01 15:18:17,287 : INFO : EventManager : Event: ======'timer_attract_carousel_timer_tick'====== Args={'ticks': 0, 'ticks_remaining': 1}
2026-03-01 15:18:22,288 : INFO : Timer.attract_carousel_timer : Timer Complete
2026-03-01 15:18:22,288 : INFO : Timer.attract_carousel_timer : Stopping Timer
2026-03-01 15:18:22,288 : INFO : EventManager : Event: ======'timer_attract_carousel_timer_stopped'====== Args={'ticks': 1, 'ticks_remaining': 1}
2026-03-01 15:18:22,289 : INFO : EventManager : Event: ======'timer_attract_carousel_timer_complete'====== Args={'ticks': 1, 'ticks_remaining': 1}
2026-03-01 15:18:22,289 : INFO : EventManager : Event: ======'carousel_item_highlighted'====== Args={'carousel': 'attract', 'direction': 'forwards', 'item': 'title'}
2026-03-01 15:18:22,289 : INFO : Timer.attract_carousel_timer : Starting Timer.
2026-03-01 15:18:22,290 : INFO : EventManager : Event: ======'timer_attract_carousel_timer_started'====== Args={'ticks': 0, 'ticks_remaining': 1}
2026-03-01 15:18:22,290 : INFO : EventManager : Event: ======'timer_attract_carousel_timer_tick'====== Args={'ticks': 0, 'ticks_remaining': 1}
2026-03-01 15:18:27,290 : INFO : Timer.attract_carousel_timer : Timer Complete
2026-03-01 15:18:27,290 : INFO : Timer.attract_carousel_timer : Stopping Timer
2026-03-01 15:18:27,290 : INFO : EventManager : Event: ======'timer_attract_carousel_timer_stopped'====== Args={'ticks': 1, 'ticks_remaining': 1}
2026-03-01 15:18:27,291 : INFO : EventManager : Event: ======'timer_attract_carousel_timer_complete'====== Args={'ticks': 1, 'ticks_remaining': 1}
2026-03-01 15:18:27,291 : INFO : EventManager : Event: ======'carousel_item_highlighted'====== Args={'carousel': 'attract', 'direction': 'forwards', 'item': 'credits'}
2026-03-01 15:18:27,291 : INFO : Timer.attract_carousel_timer : Starting Timer.
2026-03-01 15:18:27,291 : INFO : EventManager : Event: ======'timer_attract_carousel_timer_started'====== Args={'ticks': 0, 'ticks_remaining': 1}
2026-03-01 15:18:27,291 : INFO : EventManager : Event: ======'timer_attract_carousel_timer_tick'====== Args={'ticks': 0, 'ticks_remaining': 1}
2026-03-01 15:18:32,292 : INFO : Timer.attract_carousel_timer : Timer Complete
2026-03-01 15:18:32,292 : INFO : Timer.attract_carousel_timer : Stopping Timer
2026-03-01 15:18:32,292 : INFO : EventManager : Event: ======'timer_attract_carousel_timer_stopped'====== Args={'ticks': 1, 'ticks_remaining': 1}
2026-03-01 15:18:32,293 : INFO : EventManager : Event: ======'timer_attract_carousel_timer_complete'====== Args={'ticks': 1, 'ticks_remaining': 1}
2026-03-01 15:18:32,293 : INFO : EventManager : Event: ======'carousel_item_highlighted'====== Args={'carousel': 'attract', 'direction': 'forwards', 'item': 'logo'}
2026-03-01 15:18:32,293 : INFO : Timer.attract_carousel_timer : Starting Timer.
2026-03-01 15:18:32,293 : INFO : EventManager : Event: ======'timer_attract_carousel_timer_started'====== Args={'ticks': 0, 'ticks_remaining': 1}
2026-03-01 15:18:32,294 : INFO : EventManager : Event: ======'timer_attract_carousel_timer_tick'====== Args={'ticks': 0, 'ticks_remaining': 1}
2026-03-01 15:18:37,294 : INFO : Timer.attract_carousel_timer : Timer Complete
2026-03-01 15:18:37,295 : INFO : Timer.attract_carousel_timer : Stopping Timer
2026-03-01 15:18:37,295 : INFO : EventManager : Event: ======'timer_attract_carousel_timer_stopped'====== Args={'ticks': 1, 'ticks_remaining': 1}
2026-03-01 15:18:37,295 : INFO : EventManager : Event: ======'timer_attract_carousel_timer_complete'====== Args={'ticks': 1, 'ticks_remaining': 1}
2026-03-01 15:18:37,295 : INFO : EventManager : Event: ======'carousel_item_highlighted'====== Args={'carousel': 'attract', 'direction': 'forwards', 'item': 'title'}
2026-03-01 15:18:37,296 : INFO : Timer.attract_carousel_timer : Starting Timer.
2026-03-01 15:18:37,296 : INFO : EventManager : Event: ======'timer_attract_carousel_timer_started'====== Args={'ticks': 0, 'ticks_remaining': 1}
2026-03-01 15:18:37,296 : INFO : EventManager : Event: ======'timer_attract_carousel_timer_tick'====== Args={'ticks': 0, 'ticks_remaining': 1}
2026-03-01 15:18:42,297 : INFO : Timer.attract_carousel_timer : Timer Complete
2026-03-01 15:18:42,297 : INFO : Timer.attract_carousel_timer : Stopping Timer
2026-03-01 15:18:42,297 : INFO : EventManager : Event: ======'timer_attract_carousel_timer_stopped'====== Args={'ticks': 1, 'ticks_remaining': 1}
2026-03-01 15:18:42,297 : INFO : EventManager : Event: ======'timer_attract_carousel_timer_complete'====== Args={'ticks': 1, 'ticks_remaining': 1}
2026-03-01 15:18:42,297 : INFO : EventManager : Event: ======'carousel_item_highlighted'====== Args={'carousel': 'attract', 'direction': 'forwards', 'item': 'credits'}
2026-03-01 15:18:42,298 : INFO : Timer.attract_carousel_timer : Starting Timer.
2026-03-01 15:18:42,298 : INFO : EventManager : Event: ======'timer_attract_carousel_timer_started'====== Args={'ticks': 0, 'ticks_remaining': 1}
2026-03-01 15:18:42,298 : INFO : EventManager : Event: ======'timer_attract_carousel_timer_tick'====== Args={'ticks': 0, 'ticks_remaining': 1}
2026-03-01 15:18:47,298 : INFO : Timer.attract_carousel_timer : Timer Complete
2026-03-01 15:18:47,298 : INFO : Timer.attract_carousel_timer : Stopping Timer
2026-03-01 15:18:47,298 : INFO : EventManager : Event: ======'timer_attract_carousel_timer_stopped'====== Args={'ticks': 1, 'ticks_remaining': 1}
2026-03-01 15:18:47,298 : INFO : EventManager : Event: ======'timer_attract_carousel_timer_complete'====== Args={'ticks': 1, 'ticks_remaining': 1}
2026-03-01 15:18:47,299 : INFO : EventManager : Event: ======'carousel_item_highlighted'====== Args={'carousel': 'attract', 'direction': 'forwards', 'item': 'logo'}
2026-03-01 15:18:47,299 : INFO : Timer.attract_carousel_timer : Starting Timer.
2026-03-01 15:18:47,299 : INFO : EventManager : Event: ======'timer_attract_carousel_timer_started'====== Args={'ticks': 0, 'ticks_remaining': 1}
2026-03-01 15:18:47,299 : INFO : EventManager : Event: ======'timer_attract_carousel_timer_tick'====== Args={'ticks': 0, 'ticks_remaining': 1}
2026-03-01 15:18:52,300 : INFO : Timer.attract_carousel_timer : Timer Complete
2026-03-01 15:18:52,300 : INFO : Timer.attract_carousel_timer : Stopping Timer
2026-03-01 15:18:52,300 : INFO : EventManager : Event: ======'timer_attract_carousel_timer_stopped'====== Args={'ticks': 1, 'ticks_remaining': 1}
2026-03-01 15:18:52,301 : INFO : EventManager : Event: ======'timer_attract_carousel_timer_complete'====== Args={'ticks': 1, 'ticks_remaining': 1}
2026-03-01 15:18:52,301 : INFO : EventManager : Event: ======'carousel_item_highlighted'====== Args={'carousel': 'attract', 'direction': 'forwards', 'item': 'title'}
2026-03-01 15:18:52,301 : INFO : Timer.attract_carousel_timer : Starting Timer.
2026-03-01 15:18:52,302 : INFO : EventManager : Event: ======'timer_attract_carousel_timer_started'====== Args={'ticks': 0, 'ticks_remaining': 1}
2026-03-01 15:18:52,302 : INFO : EventManager : Event: ======'timer_attract_carousel_timer_tick'====== Args={'ticks': 0, 'ticks_remaining': 1}
2026-03-01 15:18:57,302 : INFO : Timer.attract_carousel_timer : Timer Complete
2026-03-01 15:18:57,302 : INFO : Timer.attract_carousel_timer : Stopping Timer
2026-03-01 15:18:57,302 : INFO : EventManager : Event: ======'timer_attract_carousel_timer_stopped'====== Args={'ticks': 1, 'ticks_remaining': 1}
2026-03-01 15:18:57,303 : INFO : EventManager : Event: ======'timer_attract_carousel_timer_complete'====== Args={'ticks': 1, 'ticks_remaining': 1}
2026-03-01 15:18:57,303 : INFO : EventManager : Event: ======'carousel_item_highlighted'====== Args={'carousel': 'attract', 'direction': 'forwards', 'item': 'credits'}
2026-03-01 15:18:57,303 : INFO : Timer.attract_carousel_timer : Starting Timer.
2026-03-01 15:18:57,304 : INFO : EventManager : Event: ======'timer_attract_carousel_timer_started'====== Args={'ticks': 0, 'ticks_remaining': 1}
2026-03-01 15:18:57,304 : INFO : EventManager : Event: ======'timer_attract_carousel_timer_tick'====== Args={'ticks': 0, 'ticks_remaining': 1}
2026-03-01 15:19:02,304 : INFO : Timer.attract_carousel_timer : Timer Complete
2026-03-01 15:19:02,305 : INFO : Timer.attract_carousel_timer : Stopping Timer
2026-03-01 15:19:02,305 : INFO : EventManager : Event: ======'timer_attract_carousel_timer_stopped'====== Args={'ticks': 1, 'ticks_remaining': 1}
2026-03-01 15:19:02,305 : INFO : EventManager : Event: ======'timer_attract_carousel_timer_complete'====== Args={'ticks': 1, 'ticks_remaining': 1}
2026-03-01 15:19:02,305 : INFO : EventManager : Event: ======'carousel_item_highlighted'====== Args={'carousel': 'attract', 'direction': 'forwards', 'item': 'logo'}
2026-03-01 15:19:02,305 : INFO : Timer.attract_carousel_timer : Starting Timer.
2026-03-01 15:19:02,306 : INFO : EventManager : Event: ======'timer_attract_carousel_timer_started'====== Args={'ticks': 0, 'ticks_remaining': 1}
2026-03-01 15:19:02,306 : INFO : EventManager : Event: ======'timer_attract_carousel_timer_tick'====== Args={'ticks': 0, 'ticks_remaining': 1}
2026-03-01 15:19:07,306 : INFO : Timer.attract_carousel_timer : Timer Complete
2026-03-01 15:19:07,306 : INFO : Timer.attract_carousel_timer : Stopping Timer
2026-03-01 15:19:07,306 : INFO : EventManager : Event: ======'timer_attract_carousel_timer_stopped'====== Args={'ticks': 1, 'ticks_remaining': 1}
2026-03-01 15:19:07,306 : INFO : EventManager : Event: ======'timer_attract_carousel_timer_complete'====== Args={'ticks': 1, 'ticks_remaining': 1}
2026-03-01 15:19:07,306 : INFO : EventManager : Event: ======'carousel_item_highlighted'====== Args={'carousel': 'attract', 'direction': 'forwards', 'item': 'title'}
2026-03-01 15:19:07,306 : INFO : Timer.attract_carousel_timer : Starting Timer.
2026-03-01 15:19:07,307 : INFO : EventManager : Event: ======'timer_attract_carousel_timer_started'====== Args={'ticks': 0, 'ticks_remaining': 1}
2026-03-01 15:19:07,307 : INFO : EventManager : Event: ======'timer_attract_carousel_timer_tick'====== Args={'ticks': 0, 'ticks_remaining': 1}
2026-03-01 15:19:12,307 : INFO : Timer.attract_carousel_timer : Timer Complete
2026-03-01 15:19:12,307 : INFO : Timer.attract_carousel_timer : Stopping Timer
2026-03-01 15:19:12,307 : INFO : EventManager : Event: ======'timer_attract_carousel_timer_stopped'====== Args={'ticks': 1, 'ticks_remaining': 1}
2026-03-01 15:19:12,307 : INFO : EventManager : Event: ======'timer_attract_carousel_timer_complete'====== Args={'ticks': 1, 'ticks_remaining': 1}
2026-03-01 15:19:12,308 : INFO : EventManager : Event: ======'carousel_item_highlighted'====== Args={'carousel': 'attract', 'direction': 'forwards', 'item': 'credits'}
2026-03-01 15:19:12,308 : INFO : Timer.attract_carousel_timer : Starting Timer.
2026-03-01 15:19:12,308 : INFO : EventManager : Event: ======'timer_attract_carousel_timer_started'====== Args={'ticks': 0, 'ticks_remaining': 1}
2026-03-01 15:19:12,308 : INFO : EventManager : Event: ======'timer_attract_carousel_timer_tick'====== Args={'ticks': 0, 'ticks_remaining': 1}
2026-03-01 15:19:17,308 : INFO : Timer.attract_carousel_timer : Timer Complete
2026-03-01 15:19:17,308 : INFO : Timer.attract_carousel_timer : Stopping Timer
2026-03-01 15:19:17,309 : INFO : EventManager : Event: ======'timer_attract_carousel_timer_stopped'====== Args={'ticks': 1, 'ticks_remaining': 1}
2026-03-01 15:19:17,309 : INFO : EventManager : Event: ======'timer_attract_carousel_timer_complete'====== Args={'ticks': 1, 'ticks_remaining': 1}
2026-03-01 15:19:17,309 : INFO : EventManager : Event: ======'carousel_item_highlighted'====== Args={'carousel': 'attract', 'direction': 'forwards', 'item': 'logo'}
2026-03-01 15:19:17,309 : INFO : Timer.attract_carousel_timer : Starting Timer.
2026-03-01 15:19:17,309 : INFO : EventManager : Event: ======'timer_attract_carousel_timer_started'====== Args={'ticks': 0, 'ticks_remaining': 1}
2026-03-01 15:19:17,310 : INFO : EventManager : Event: ======'timer_attract_carousel_timer_tick'====== Args={'ticks': 0, 'ticks_remaining': 1}
2026-03-01 15:19:22,310 : INFO : Timer.attract_carousel_timer : Timer Complete
2026-03-01 15:19:22,310 : INFO : Timer.attract_carousel_timer : Stopping Timer
2026-03-01 15:19:22,310 : INFO : EventManager : Event: ======'timer_attract_carousel_timer_stopped'====== Args={'ticks': 1, 'ticks_remaining': 1}
2026-03-01 15:19:22,310 : INFO : EventManager : Event: ======'timer_attract_carousel_timer_complete'====== Args={'ticks': 1, 'ticks_remaining': 1}
2026-03-01 15:19:22,311 : INFO : EventManager : Event: ======'carousel_item_highlighted'====== Args={'carousel': 'attract', 'direction': 'forwards', 'item': 'title'}
2026-03-01 15:19:22,311 : INFO : Timer.attract_carousel_timer : Starting Timer.
2026-03-01 15:19:22,311 : INFO : EventManager : Event: ======'timer_attract_carousel_timer_started'====== Args={'ticks': 0, 'ticks_remaining': 1}
2026-03-01 15:19:22,311 : INFO : EventManager : Event: ======'timer_attract_carousel_timer_tick'====== Args={'ticks': 0, 'ticks_remaining': 1}
2026-03-01 15:19:27,311 : INFO : Timer.attract_carousel_timer : Timer Complete
2026-03-01 15:19:27,312 : INFO : Timer.attract_carousel_timer : Stopping Timer
2026-03-01 15:19:27,312 : INFO : EventManager : Event: ======'timer_attract_carousel_timer_stopped'====== Args={'ticks': 1, 'ticks_remaining': 1}
2026-03-01 15:19:27,312 : INFO : EventManager : Event: ======'timer_attract_carousel_timer_complete'====== Args={'ticks': 1, 'ticks_remaining': 1}
2026-03-01 15:19:27,312 : INFO : EventManager : Event: ======'carousel_item_highlighted'====== Args={'carousel': 'attract', 'direction': 'forwards', 'item': 'credits'}
2026-03-01 15:19:27,313 : INFO : Timer.attract_carousel_timer : Starting Timer.
2026-03-01 15:19:27,313 : INFO : EventManager : Event: ======'timer_attract_carousel_timer_started'====== Args={'ticks': 0, 'ticks_remaining': 1}
2026-03-01 15:19:27,313 : INFO : EventManager : Event: ======'timer_attract_carousel_timer_tick'====== Args={'ticks': 0, 'ticks_remaining': 1}
2026-03-01 15:19:32,314 : INFO : Timer.attract_carousel_timer : Timer Complete
2026-03-01 15:19:32,314 : INFO : Timer.attract_carousel_timer : Stopping Timer
2026-03-01 15:19:32,314 : INFO : EventManager : Event: ======'timer_attract_carousel_timer_stopped'====== Args={'ticks': 1, 'ticks_remaining': 1}
2026-03-01 15:19:32,314 : INFO : EventManager : Event: ======'timer_attract_carousel_timer_complete'====== Args={'ticks': 1, 'ticks_remaining': 1}
2026-03-01 15:19:32,314 : INFO : EventManager : Event: ======'carousel_item_highlighted'====== Args={'carousel': 'attract', 'direction': 'forwards', 'item': 'logo'}
2026-03-01 15:19:32,314 : INFO : Timer.attract_carousel_timer : Starting Timer.
2026-03-01 15:19:32,314 : INFO : EventManager : Event: ======'timer_attract_carousel_timer_started'====== Args={'ticks': 0, 'ticks_remaining': 1}
2026-03-01 15:19:32,314 : INFO : EventManager : Event: ======'timer_attract_carousel_timer_tick'====== Args={'ticks': 0, 'ticks_remaining': 1}
2026-03-01 15:19:37,315 : INFO : Timer.attract_carousel_timer : Timer Complete
2026-03-01 15:19:37,315 : INFO : Timer.attract_carousel_timer : Stopping Timer
2026-03-01 15:19:37,315 : INFO : EventManager : Event: ======'timer_attract_carousel_timer_stopped'====== Args={'ticks': 1, 'ticks_remaining': 1}
2026-03-01 15:19:37,315 : INFO : EventManager : Event: ======'timer_attract_carousel_timer_complete'====== Args={'ticks': 1, 'ticks_remaining': 1}
2026-03-01 15:19:37,316 : INFO : EventManager : Event: ======'carousel_item_highlighted'====== Args={'carousel': 'attract', 'direction': 'forwards', 'item': 'title'}
2026-03-01 15:19:37,316 : INFO : Timer.attract_carousel_timer : Starting Timer.
2026-03-01 15:19:37,316 : INFO : EventManager : Event: ======'timer_attract_carousel_timer_started'====== Args={'ticks': 0, 'ticks_remaining': 1}
2026-03-01 15:19:37,316 : INFO : EventManager : Event: ======'timer_attract_carousel_timer_tick'====== Args={'ticks': 0, 'ticks_remaining': 1}
2026-03-01 15:19:42,316 : INFO : Timer.attract_carousel_timer : Timer Complete
2026-03-01 15:19:42,316 : INFO : Timer.attract_carousel_timer : Stopping Timer
2026-03-01 15:19:42,316 : INFO : EventManager : Event: ======'timer_attract_carousel_timer_stopped'====== Args={'ticks': 1, 'ticks_remaining': 1}
2026-03-01 15:19:42,316 : INFO : EventManager : Event: ======'timer_attract_carousel_timer_complete'====== Args={'ticks': 1, 'ticks_remaining': 1}
2026-03-01 15:19:42,317 : INFO : EventManager : Event: ======'carousel_item_highlighted'====== Args={'carousel': 'attract', 'direction': 'forwards', 'item': 'credits'}
2026-03-01 15:19:42,317 : INFO : Timer.attract_carousel_timer : Starting Timer.
2026-03-01 15:19:42,317 : INFO : EventManager : Event: ======'timer_attract_carousel_timer_started'====== Args={'ticks': 0, 'ticks_remaining': 1}
2026-03-01 15:19:42,317 : INFO : EventManager : Event: ======'timer_attract_carousel_timer_tick'====== Args={'ticks': 0, 'ticks_remaining': 1}
2026-03-01 15:19:47,318 : INFO : Timer.attract_carousel_timer : Timer Complete
2026-03-01 15:19:47,318 : INFO : Timer.attract_carousel_timer : Stopping Timer
2026-03-01 15:19:47,318 : INFO : EventManager : Event: ======'timer_attract_carousel_timer_stopped'====== Args={'ticks': 1, 'ticks_remaining': 1}
2026-03-01 15:19:47,318 : INFO : EventManager : Event: ======'timer_attract_carousel_timer_complete'====== Args={'ticks': 1, 'ticks_remaining': 1}
2026-03-01 15:19:47,319 : INFO : EventManager : Event: ======'carousel_item_highlighted'====== Args={'carousel': 'attract', 'direction': 'forwards', 'item': 'logo'}
2026-03-01 15:19:47,319 : INFO : Timer.attract_carousel_timer : Starting Timer.
2026-03-01 15:19:47,319 : INFO : EventManager : Event: ======'timer_attract_carousel_timer_started'====== Args={'ticks': 0, 'ticks_remaining': 1}
2026-03-01 15:19:47,319 : INFO : EventManager : Event: ======'timer_attract_carousel_timer_tick'====== Args={'ticks': 0, 'ticks_remaining': 1}
2026-03-01 15:19:52,320 : INFO : Timer.attract_carousel_timer : Timer Complete
2026-03-01 15:19:52,320 : INFO : Timer.attract_carousel_timer : Stopping Timer
2026-03-01 15:19:52,320 : INFO : EventManager : Event: ======'timer_attract_carousel_timer_stopped'====== Args={'ticks': 1, 'ticks_remaining': 1}
2026-03-01 15:19:52,320 : INFO : EventManager : Event: ======'timer_attract_carousel_timer_complete'====== Args={'ticks': 1, 'ticks_remaining': 1}
2026-03-01 15:19:52,321 : INFO : EventManager : Event: ======'carousel_item_highlighted'====== Args={'carousel': 'attract', 'direction': 'forwards', 'item': 'title'}
2026-03-01 15:19:52,321 : INFO : Timer.attract_carousel_timer : Starting Timer.
2026-03-01 15:19:52,321 : INFO : EventManager : Event: ======'timer_attract_carousel_timer_started'====== Args={'ticks': 0, 'ticks_remaining': 1}
2026-03-01 15:19:52,321 : INFO : EventManager : Event: ======'timer_attract_carousel_timer_tick'====== Args={'ticks': 0, 'ticks_remaining': 1}
2026-03-01 15:19:57,322 : INFO : Timer.attract_carousel_timer : Timer Complete
2026-03-01 15:19:57,322 : INFO : Timer.attract_carousel_timer : Stopping Timer
2026-03-01 15:19:57,322 : INFO : EventManager : Event: ======'timer_attract_carousel_timer_stopped'====== Args={'ticks': 1, 'ticks_remaining': 1}
2026-03-01 15:19:57,322 : INFO : EventManager : Event: ======'timer_attract_carousel_timer_complete'====== Args={'ticks': 1, 'ticks_remaining': 1}
2026-03-01 15:19:57,323 : INFO : EventManager : Event: ======'carousel_item_highlighted'====== Args={'carousel': 'attract', 'direction': 'forwards', 'item': 'credits'}
2026-03-01 15:19:57,323 : INFO : Timer.attract_carousel_timer : Starting Timer.
2026-03-01 15:19:57,323 : INFO : EventManager : Event: ======'timer_attract_carousel_timer_started'====== Args={'ticks': 0, 'ticks_remaining': 1}
2026-03-01 15:19:57,323 : INFO : EventManager : Event: ======'timer_attract_carousel_timer_tick'====== Args={'ticks': 0, 'ticks_remaining': 1}
2026-03-01 15:20:02,324 : INFO : Timer.attract_carousel_timer : Timer Complete
2026-03-01 15:20:02,324 : INFO : Timer.attract_carousel_timer : Stopping Timer
2026-03-01 15:20:02,324 : INFO : EventManager : Event: ======'timer_attract_carousel_timer_stopped'====== Args={'ticks': 1, 'ticks_remaining': 1}
2026-03-01 15:20:02,324 : INFO : EventManager : Event: ======'timer_attract_carousel_timer_complete'====== Args={'ticks': 1, 'ticks_remaining': 1}
2026-03-01 15:20:02,325 : INFO : EventManager : Event: ======'carousel_item_highlighted'====== Args={'carousel': 'attract', 'direction': 'forwards', 'item': 'logo'}
2026-03-01 15:20:02,325 : INFO : Timer.attract_carousel_timer : Starting Timer.
2026-03-01 15:20:02,325 : INFO : EventManager : Event: ======'timer_attract_carousel_timer_started'====== Args={'ticks': 0, 'ticks_remaining': 1}
2026-03-01 15:20:02,325 : INFO : EventManager : Event: ======'timer_attract_carousel_timer_tick'====== Args={'ticks': 0, 'ticks_remaining': 1}
2026-03-01 15:20:07,325 : INFO : Timer.attract_carousel_timer : Timer Complete
2026-03-01 15:20:07,325 : INFO : Timer.attract_carousel_timer : Stopping Timer
2026-03-01 15:20:07,325 : INFO : EventManager : Event: ======'timer_attract_carousel_timer_stopped'====== Args={'ticks': 1, 'ticks_remaining': 1}
2026-03-01 15:20:07,325 : INFO : EventManager : Event: ======'timer_attract_carousel_timer_complete'====== Args={'ticks': 1, 'ticks_remaining': 1}
2026-03-01 15:20:07,326 : INFO : EventManager : Event: ======'carousel_item_highlighted'====== Args={'carousel': 'attract', 'direction': 'forwards', 'item': 'title'}
2026-03-01 15:20:07,326 : INFO : Timer.attract_carousel_timer : Starting Timer.
2026-03-01 15:20:07,326 : INFO : EventManager : Event: ======'timer_attract_carousel_timer_started'====== Args={'ticks': 0, 'ticks_remaining': 1}
2026-03-01 15:20:07,326 : INFO : EventManager : Event: ======'timer_attract_carousel_timer_tick'====== Args={'ticks': 0, 'ticks_remaining': 1}
2026-03-01 15:20:12,327 : INFO : Timer.attract_carousel_timer : Timer Complete
2026-03-01 15:20:12,327 : INFO : Timer.attract_carousel_timer : Stopping Timer
2026-03-01 15:20:12,327 : INFO : EventManager : Event: ======'timer_attract_carousel_timer_stopped'====== Args={'ticks': 1, 'ticks_remaining': 1}
2026-03-01 15:20:12,327 : INFO : EventManager : Event: ======'timer_attract_carousel_timer_complete'====== Args={'ticks': 1, 'ticks_remaining': 1}
2026-03-01 15:20:12,328 : INFO : EventManager : Event: ======'carousel_item_highlighted'====== Args={'carousel': 'attract', 'direction': 'forwards', 'item': 'credits'}
2026-03-01 15:20:12,328 : INFO : Timer.attract_carousel_timer : Starting Timer.
2026-03-01 15:20:12,328 : INFO : EventManager : Event: ======'timer_attract_carousel_timer_started'====== Args={'ticks': 0, 'ticks_remaining': 1}
2026-03-01 15:20:12,328 : INFO : EventManager : Event: ======'timer_attract_carousel_timer_tick'====== Args={'ticks': 0, 'ticks_remaining': 1}
2026-03-01 15:20:17,329 : INFO : Timer.attract_carousel_timer : Timer Complete
2026-03-01 15:20:17,329 : INFO : Timer.attract_carousel_timer : Stopping Timer
2026-03-01 15:20:17,329 : INFO : EventManager : Event: ======'timer_attract_carousel_timer_stopped'====== Args={'ticks': 1, 'ticks_remaining': 1}
2026-03-01 15:20:17,330 : INFO : EventManager : Event: ======'timer_attract_carousel_timer_complete'====== Args={'ticks': 1, 'ticks_remaining': 1}
2026-03-01 15:20:17,330 : INFO : EventManager : Event: ======'carousel_item_highlighted'====== Args={'carousel': 'attract', 'direction': 'forwards', 'item': 'logo'}
2026-03-01 15:20:17,330 : INFO : Timer.attract_carousel_timer : Starting Timer.
2026-03-01 15:20:17,331 : INFO : EventManager : Event: ======'timer_attract_carousel_timer_started'====== Args={'ticks': 0, 'ticks_remaining': 1}
2026-03-01 15:20:17,331 : INFO : EventManager : Event: ======'timer_attract_carousel_timer_tick'====== Args={'ticks': 0, 'ticks_remaining': 1}
2026-03-01 15:20:22,330 : INFO : Timer.attract_carousel_timer : Timer Complete
2026-03-01 15:20:22,331 : INFO : Timer.attract_carousel_timer : Stopping Timer
2026-03-01 15:20:22,331 : INFO : EventManager : Event: ======'timer_attract_carousel_timer_stopped'====== Args={'ticks': 1, 'ticks_remaining': 1}
2026-03-01 15:20:22,331 : INFO : EventManager : Event: ======'timer_attract_carousel_timer_complete'====== Args={'ticks': 1, 'ticks_remaining': 1}
2026-03-01 15:20:22,331 : INFO : EventManager : Event: ======'carousel_item_highlighted'====== Args={'carousel': 'attract', 'direction': 'forwards', 'item': 'title'}
2026-03-01 15:20:22,331 : INFO : Timer.attract_carousel_timer : Starting Timer.
2026-03-01 15:20:22,331 : INFO : EventManager : Event: ======'timer_attract_carousel_timer_started'====== Args={'ticks': 0, 'ticks_remaining': 1}
2026-03-01 15:20:22,331 : INFO : EventManager : Event: ======'timer_attract_carousel_timer_tick'====== Args={'ticks': 0, 'ticks_remaining': 1}
2026-03-01 15:20:27,332 : INFO : Timer.attract_carousel_timer : Timer Complete
2026-03-01 15:20:27,332 : INFO : Timer.attract_carousel_timer : Stopping Timer
2026-03-01 15:20:27,332 : INFO : EventManager : Event: ======'timer_attract_carousel_timer_stopped'====== Args={'ticks': 1, 'ticks_remaining': 1}
2026-03-01 15:20:27,333 : INFO : EventManager : Event: ======'timer_attract_carousel_timer_complete'====== Args={'ticks': 1, 'ticks_remaining': 1}
2026-03-01 15:20:27,333 : INFO : EventManager : Event: ======'carousel_item_highlighted'====== Args={'carousel': 'attract', 'direction': 'forwards', 'item': 'credits'}
2026-03-01 15:20:27,333 : INFO : Timer.attract_carousel_timer : Starting Timer.
2026-03-01 15:20:27,334 : INFO : EventManager : Event: ======'timer_attract_carousel_timer_started'====== Args={'ticks': 0, 'ticks_remaining': 1}
2026-03-01 15:20:27,334 : INFO : EventManager : Event: ======'timer_attract_carousel_timer_tick'====== Args={'ticks': 0, 'ticks_remaining': 1}
2026-03-01 15:20:32,333 : INFO : Timer.attract_carousel_timer : Timer Complete
2026-03-01 15:20:32,334 : INFO : Timer.attract_carousel_timer : Stopping Timer
2026-03-01 15:20:32,334 : INFO : EventManager : Event: ======'timer_attract_carousel_timer_stopped'====== Args={'ticks': 1, 'ticks_remaining': 1}
2026-03-01 15:20:32,334 : INFO : EventManager : Event: ======'timer_attract_carousel_timer_complete'====== Args={'ticks': 1, 'ticks_remaining': 1}
2026-03-01 15:20:32,334 : INFO : EventManager : Event: ======'carousel_item_highlighted'====== Args={'carousel': 'attract', 'direction': 'forwards', 'item': 'logo'}
2026-03-01 15:20:32,334 : INFO : Timer.attract_carousel_timer : Starting Timer.
2026-03-01 15:20:32,334 : INFO : EventManager : Event: ======'timer_attract_carousel_timer_started'====== Args={'ticks': 0, 'ticks_remaining': 1}
2026-03-01 15:20:32,334 : INFO : EventManager : Event: ======'timer_attract_carousel_timer_tick'====== Args={'ticks': 0, 'ticks_remaining': 1}
2026-03-01 15:20:37,334 : INFO : Timer.attract_carousel_timer : Timer Complete
2026-03-01 15:20:37,335 : INFO : Timer.attract_carousel_timer : Stopping Timer
2026-03-01 15:20:37,335 : INFO : EventManager : Event: ======'timer_attract_carousel_timer_stopped'====== Args={'ticks': 1, 'ticks_remaining': 1}
2026-03-01 15:20:37,335 : INFO : EventManager : Event: ======'timer_attract_carousel_timer_complete'====== Args={'ticks': 1, 'ticks_remaining': 1}
2026-03-01 15:20:37,335 : INFO : EventManager : Event: ======'carousel_item_highlighted'====== Args={'carousel': 'attract', 'direction': 'forwards', 'item': 'title'}
2026-03-01 15:20:37,336 : INFO : Timer.attract_carousel_timer : Starting Timer.
2026-03-01 15:20:37,336 : INFO : EventManager : Event: ======'timer_attract_carousel_timer_started'====== Args={'ticks': 0, 'ticks_remaining': 1}
2026-03-01 15:20:37,336 : INFO : EventManager : Event: ======'timer_attract_carousel_timer_tick'====== Args={'ticks': 0, 'ticks_remaining': 1}
2026-03-01 15:20:42,336 : INFO : Timer.attract_carousel_timer : Timer Complete
2026-03-01 15:20:42,336 : INFO : Timer.attract_carousel_timer : Stopping Timer
2026-03-01 15:20:42,336 : INFO : EventManager : Event: ======'timer_attract_carousel_timer_stopped'====== Args={'ticks': 1, 'ticks_remaining': 1}
2026-03-01 15:20:42,336 : INFO : EventManager : Event: ======'timer_attract_carousel_timer_complete'====== Args={'ticks': 1, 'ticks_remaining': 1}
2026-03-01 15:20:42,336 : INFO : EventManager : Event: ======'carousel_item_highlighted'====== Args={'carousel': 'attract', 'direction': 'forwards', 'item': 'credits'}
2026-03-01 15:20:42,336 : INFO : Timer.attract_carousel_timer : Starting Timer.
2026-03-01 15:20:42,337 : INFO : EventManager : Event: ======'timer_attract_carousel_timer_started'====== Args={'ticks': 0, 'ticks_remaining': 1}
2026-03-01 15:20:42,337 : INFO : EventManager : Event: ======'timer_attract_carousel_timer_tick'====== Args={'ticks': 0, 'ticks_remaining': 1}
2026-03-01 15:20:47,337 : INFO : Timer.attract_carousel_timer : Timer Complete
2026-03-01 15:20:47,337 : INFO : Timer.attract_carousel_timer : Stopping Timer
2026-03-01 15:20:47,337 : INFO : EventManager : Event: ======'timer_attract_carousel_timer_stopped'====== Args={'ticks': 1, 'ticks_remaining': 1}
2026-03-01 15:20:47,337 : INFO : EventManager : Event: ======'timer_attract_carousel_timer_complete'====== Args={'ticks': 1, 'ticks_remaining': 1}
2026-03-01 15:20:47,337 : INFO : EventManager : Event: ======'carousel_item_highlighted'====== Args={'carousel': 'attract', 'direction': 'forwards', 'item': 'logo'}
2026-03-01 15:20:47,337 : INFO : Timer.attract_carousel_timer : Starting Timer.
2026-03-01 15:20:47,338 : INFO : EventManager : Event: ======'timer_attract_carousel_timer_started'====== Args={'ticks': 0, 'ticks_remaining': 1}
2026-03-01 15:20:47,338 : INFO : EventManager : Event: ======'timer_attract_carousel_timer_tick'====== Args={'ticks': 0, 'ticks_remaining': 1}
2026-03-01 15:20:52,338 : INFO : Timer.attract_carousel_timer : Timer Complete
2026-03-01 15:20:52,338 : INFO : Timer.attract_carousel_timer : Stopping Timer
2026-03-01 15:20:52,338 : INFO : EventManager : Event: ======'timer_attract_carousel_timer_stopped'====== Args={'ticks': 1, 'ticks_remaining': 1}
2026-03-01 15:20:52,338 : INFO : EventManager : Event: ======'timer_attract_carousel_timer_complete'====== Args={'ticks': 1, 'ticks_remaining': 1}
2026-03-01 15:20:52,339 : INFO : EventManager : Event: ======'carousel_item_highlighted'====== Args={'carousel': 'attract', 'direction': 'forwards', 'item': 'title'}
2026-03-01 15:20:52,339 : INFO : Timer.attract_carousel_timer : Starting Timer.
2026-03-01 15:20:52,339 : INFO : EventManager : Event: ======'timer_attract_carousel_timer_started'====== Args={'ticks': 0, 'ticks_remaining': 1}
2026-03-01 15:20:52,339 : INFO : EventManager : Event: ======'timer_attract_carousel_timer_tick'====== Args={'ticks': 0, 'ticks_remaining': 1}
2026-03-01 15:20:57,340 : INFO : Timer.attract_carousel_timer : Timer Complete
2026-03-01 15:20:57,340 : INFO : Timer.attract_carousel_timer : Stopping Timer
2026-03-01 15:20:57,340 : INFO : EventManager : Event: ======'timer_attract_carousel_timer_stopped'====== Args={'ticks': 1, 'ticks_remaining': 1}
2026-03-01 15:20:57,340 : INFO : EventManager : Event: ======'timer_attract_carousel_timer_complete'====== Args={'ticks': 1, 'ticks_remaining': 1}
2026-03-01 15:20:57,340 : INFO : EventManager : Event: ======'carousel_item_highlighted'====== Args={'carousel': 'attract', 'direction': 'forwards', 'item': 'credits'}
2026-03-01 15:20:57,340 : INFO : Timer.attract_carousel_timer : Starting Timer.
2026-03-01 15:20:57,340 : INFO : EventManager : Event: ======'timer_attract_carousel_timer_started'====== Args={'ticks': 0, 'ticks_remaining': 1}
2026-03-01 15:20:57,340 : INFO : EventManager : Event: ======'timer_attract_carousel_timer_tick'====== Args={'ticks': 0, 'ticks_remaining': 1}
2026-03-01 15:21:02,341 : INFO : Timer.attract_carousel_timer : Timer Complete
2026-03-01 15:21:02,341 : INFO : Timer.attract_carousel_timer : Stopping Timer
2026-03-01 15:21:02,341 : INFO : EventManager : Event: ======'timer_attract_carousel_timer_stopped'====== Args={'ticks': 1, 'ticks_remaining': 1}
2026-03-01 15:21:02,341 : INFO : EventManager : Event: ======'timer_attract_carousel_timer_complete'====== Args={'ticks': 1, 'ticks_remaining': 1}
2026-03-01 15:21:02,342 : INFO : EventManager : Event: ======'carousel_item_highlighted'====== Args={'carousel': 'attract', 'direction': 'forwards', 'item': 'logo'}
2026-03-01 15:21:02,342 : INFO : Timer.attract_carousel_timer : Starting Timer.
2026-03-01 15:21:02,342 : INFO : EventManager : Event: ======'timer_attract_carousel_timer_started'====== Args={'ticks': 0, 'ticks_remaining': 1}
2026-03-01 15:21:02,342 : INFO : EventManager : Event: ======'timer_attract_carousel_timer_tick'====== Args={'ticks': 0, 'ticks_remaining': 1}
2026-03-01 15:21:07,343 : INFO : Timer.attract_carousel_timer : Timer Complete
2026-03-01 15:21:07,343 : INFO : Timer.attract_carousel_timer : Stopping Timer
2026-03-01 15:21:07,343 : INFO : EventManager : Event: ======'timer_attract_carousel_timer_stopped'====== Args={'ticks': 1, 'ticks_remaining': 1}
2026-03-01 15:21:07,343 : INFO : EventManager : Event: ======'timer_attract_carousel_timer_complete'====== Args={'ticks': 1, 'ticks_remaining': 1}
2026-03-01 15:21:07,343 : INFO : EventManager : Event: ======'carousel_item_highlighted'====== Args={'carousel': 'attract', 'direction': 'forwards', 'item': 'title'}
2026-03-01 15:21:07,344 : INFO : Timer.attract_carousel_timer : Starting Timer.
2026-03-01 15:21:07,344 : INFO : EventManager : Event: ======'timer_attract_carousel_timer_started'====== Args={'ticks': 0, 'ticks_remaining': 1}
2026-03-01 15:21:07,344 : INFO : EventManager : Event: ======'timer_attract_carousel_timer_tick'====== Args={'ticks': 0, 'ticks_remaining': 1}
2026-03-01 15:21:12,345 : INFO : Timer.attract_carousel_timer : Timer Complete
2026-03-01 15:21:12,345 : INFO : Timer.attract_carousel_timer : Stopping Timer
2026-03-01 15:21:12,345 : INFO : EventManager : Event: ======'timer_attract_carousel_timer_stopped'====== Args={'ticks': 1, 'ticks_remaining': 1}
2026-03-01 15:21:12,345 : INFO : EventManager : Event: ======'timer_attract_carousel_timer_complete'====== Args={'ticks': 1, 'ticks_remaining': 1}
2026-03-01 15:21:12,345 : INFO : EventManager : Event: ======'carousel_item_highlighted'====== Args={'carousel': 'attract', 'direction': 'forwards', 'item': 'credits'}
2026-03-01 15:21:12,346 : INFO : Timer.attract_carousel_timer : Starting Timer.
2026-03-01 15:21:12,346 : INFO : EventManager : Event: ======'timer_attract_carousel_timer_started'====== Args={'ticks': 0, 'ticks_remaining': 1}
2026-03-01 15:21:12,346 : INFO : EventManager : Event: ======'timer_attract_carousel_timer_tick'====== Args={'ticks': 0, 'ticks_remaining': 1}
2026-03-01 15:21:17,347 : INFO : Timer.attract_carousel_timer : Timer Complete
2026-03-01 15:21:17,347 : INFO : Timer.attract_carousel_timer : Stopping Timer
2026-03-01 15:21:17,347 : INFO : EventManager : Event: ======'timer_attract_carousel_timer_stopped'====== Args={'ticks': 1, 'ticks_remaining': 1}
2026-03-01 15:21:17,347 : INFO : EventManager : Event: ======'timer_attract_carousel_timer_complete'====== Args={'ticks': 1, 'ticks_remaining': 1}
2026-03-01 15:21:17,347 : INFO : EventManager : Event: ======'carousel_item_highlighted'====== Args={'carousel': 'attract', 'direction': 'forwards', 'item': 'logo'}
2026-03-01 15:21:17,348 : INFO : Timer.attract_carousel_timer : Starting Timer.
2026-03-01 15:21:17,348 : INFO : EventManager : Event: ======'timer_attract_carousel_timer_started'====== Args={'ticks': 0, 'ticks_remaining': 1}
2026-03-01 15:21:17,348 : INFO : EventManager : Event: ======'timer_attract_carousel_timer_tick'====== Args={'ticks': 0, 'ticks_remaining': 1}
2026-03-01 15:21:22,348 : INFO : Timer.attract_carousel_timer : Timer Complete
2026-03-01 15:21:22,348 : INFO : Timer.attract_carousel_timer : Stopping Timer
2026-03-01 15:21:22,348 : INFO : EventManager : Event: ======'timer_attract_carousel_timer_stopped'====== Args={'ticks': 1, 'ticks_remaining': 1}
2026-03-01 15:21:22,348 : INFO : EventManager : Event: ======'timer_attract_carousel_timer_complete'====== Args={'ticks': 1, 'ticks_remaining': 1}
2026-03-01 15:21:22,349 : INFO : EventManager : Event: ======'carousel_item_highlighted'====== Args={'carousel': 'attract', 'direction': 'forwards', 'item': 'title'}
2026-03-01 15:21:22,349 : INFO : Timer.attract_carousel_timer : Starting Timer.
2026-03-01 15:21:22,349 : INFO : EventManager : Event: ======'timer_attract_carousel_timer_started'====== Args={'ticks': 0, 'ticks_remaining': 1}
2026-03-01 15:21:22,349 : INFO : EventManager : Event: ======'timer_attract_carousel_timer_tick'====== Args={'ticks': 0, 'ticks_remaining': 1}
2026-03-01 15:21:27,350 : INFO : Timer.attract_carousel_timer : Timer Complete
2026-03-01 15:21:27,350 : INFO : Timer.attract_carousel_timer : Stopping Timer
2026-03-01 15:21:27,350 : INFO : EventManager : Event: ======'timer_attract_carousel_timer_stopped'====== Args={'ticks': 1, 'ticks_remaining': 1}
2026-03-01 15:21:27,350 : INFO : EventManager : Event: ======'timer_attract_carousel_timer_complete'====== Args={'ticks': 1, 'ticks_remaining': 1}
2026-03-01 15:21:27,351 : INFO : EventManager : Event: ======'carousel_item_highlighted'====== Args={'carousel': 'attract', 'direction': 'forwards', 'item': 'credits'}
2026-03-01 15:21:27,351 : INFO : Timer.attract_carousel_timer : Starting Timer.
2026-03-01 15:21:27,351 : INFO : EventManager : Event: ======'timer_attract_carousel_timer_started'====== Args={'ticks': 0, 'ticks_remaining': 1}
2026-03-01 15:21:27,351 : INFO : EventManager : Event: ======'timer_attract_carousel_timer_tick'====== Args={'ticks': 0, 'ticks_remaining': 1}
2026-03-01 15:21:32,352 : INFO : Timer.attract_carousel_timer : Timer Complete
2026-03-01 15:21:32,352 : INFO : Timer.attract_carousel_timer : Stopping Timer
2026-03-01 15:21:32,352 : INFO : EventManager : Event: ======'timer_attract_carousel_timer_stopped'====== Args={'ticks': 1, 'ticks_remaining': 1}
2026-03-01 15:21:32,352 : INFO : EventManager : Event: ======'timer_attract_carousel_timer_complete'====== Args={'ticks': 1, 'ticks_remaining': 1}
2026-03-01 15:21:32,353 : INFO : EventManager : Event: ======'carousel_item_highlighted'====== Args={'carousel': 'attract', 'direction': 'forwards', 'item': 'logo'}
2026-03-01 15:21:32,353 : INFO : Timer.attract_carousel_timer : Starting Timer.
2026-03-01 15:21:32,353 : INFO : EventManager : Event: ======'timer_attract_carousel_timer_started'====== Args={'ticks': 0, 'ticks_remaining': 1}
2026-03-01 15:21:32,354 : INFO : EventManager : Event: ======'timer_attract_carousel_timer_tick'====== Args={'ticks': 0, 'ticks_remaining': 1}
2026-03-01 15:21:37,354 : INFO : Timer.attract_carousel_timer : Timer Complete
2026-03-01 15:21:37,355 : INFO : Timer.attract_carousel_timer : Stopping Timer
2026-03-01 15:21:37,355 : INFO : EventManager : Event: ======'timer_attract_carousel_timer_stopped'====== Args={'ticks': 1, 'ticks_remaining': 1}
2026-03-01 15:21:37,355 : INFO : EventManager : Event: ======'timer_attract_carousel_timer_complete'====== Args={'ticks': 1, 'ticks_remaining': 1}
2026-03-01 15:21:37,355 : INFO : EventManager : Event: ======'carousel_item_highlighted'====== Args={'carousel': 'attract', 'direction': 'forwards', 'item': 'title'}
2026-03-01 15:21:37,355 : INFO : Timer.attract_carousel_timer : Starting Timer.
2026-03-01 15:21:37,356 : INFO : EventManager : Event: ======'timer_attract_carousel_timer_started'====== Args={'ticks': 0, 'ticks_remaining': 1}
2026-03-01 15:21:37,356 : INFO : EventManager : Event: ======'timer_attract_carousel_timer_tick'====== Args={'ticks': 0, 'ticks_remaining': 1}
2026-03-01 15:21:42,356 : INFO : Timer.attract_carousel_timer : Timer Complete
2026-03-01 15:21:42,356 : INFO : Timer.attract_carousel_timer : Stopping Timer
2026-03-01 15:21:42,356 : INFO : EventManager : Event: ======'timer_attract_carousel_timer_stopped'====== Args={'ticks': 1, 'ticks_remaining': 1}
2026-03-01 15:21:42,356 : INFO : EventManager : Event: ======'timer_attract_carousel_timer_complete'====== Args={'ticks': 1, 'ticks_remaining': 1}
2026-03-01 15:21:42,356 : INFO : EventManager : Event: ======'carousel_item_highlighted'====== Args={'carousel': 'attract', 'direction': 'forwards', 'item': 'credits'}
2026-03-01 15:21:42,356 : INFO : Timer.attract_carousel_timer : Starting Timer.
2026-03-01 15:21:42,357 : INFO : EventManager : Event: ======'timer_attract_carousel_timer_started'====== Args={'ticks': 0, 'ticks_remaining': 1}
2026-03-01 15:21:42,357 : INFO : EventManager : Event: ======'timer_attract_carousel_timer_tick'====== Args={'ticks': 0, 'ticks_remaining': 1}
2026-03-01 15:21:47,357 : INFO : Timer.attract_carousel_timer : Timer Complete
2026-03-01 15:21:47,357 : INFO : Timer.attract_carousel_timer : Stopping Timer
2026-03-01 15:21:47,358 : INFO : EventManager : Event: ======'timer_attract_carousel_timer_stopped'====== Args={'ticks': 1, 'ticks_remaining': 1}
2026-03-01 15:21:47,358 : INFO : EventManager : Event: ======'timer_attract_carousel_timer_complete'====== Args={'ticks': 1, 'ticks_remaining': 1}
2026-03-01 15:21:47,358 : INFO : EventManager : Event: ======'carousel_item_highlighted'====== Args={'carousel': 'attract', 'direction': 'forwards', 'item': 'logo'}
2026-03-01 15:21:47,358 : INFO : Timer.attract_carousel_timer : Starting Timer.
2026-03-01 15:21:47,358 : INFO : EventManager : Event: ======'timer_attract_carousel_timer_started'====== Args={'ticks': 0, 'ticks_remaining': 1}
2026-03-01 15:21:47,358 : INFO : EventManager : Event: ======'timer_attract_carousel_timer_tick'====== Args={'ticks': 0, 'ticks_remaining': 1}
2026-03-01 15:21:52,358 : INFO : Timer.attract_carousel_timer : Timer Complete
2026-03-01 15:21:52,358 : INFO : Timer.attract_carousel_timer : Stopping Timer
2026-03-01 15:21:52,359 : INFO : EventManager : Event: ======'timer_attract_carousel_timer_stopped'====== Args={'ticks': 1, 'ticks_remaining': 1}
2026-03-01 15:21:52,359 : INFO : EventManager : Event: ======'timer_attract_carousel_timer_complete'====== Args={'ticks': 1, 'ticks_remaining': 1}
2026-03-01 15:21:52,359 : INFO : EventManager : Event: ======'carousel_item_highlighted'====== Args={'carousel': 'attract', 'direction': 'forwards', 'item': 'title'}
2026-03-01 15:21:52,359 : INFO : Timer.attract_carousel_timer : Starting Timer.
2026-03-01 15:21:52,359 : INFO : EventManager : Event: ======'timer_attract_carousel_timer_started'====== Args={'ticks': 0, 'ticks_remaining': 1}
2026-03-01 15:21:52,359 : INFO : EventManager : Event: ======'timer_attract_carousel_timer_tick'====== Args={'ticks': 0, 'ticks_remaining': 1}
2026-03-01 15:21:57,360 : INFO : Timer.attract_carousel_timer : Timer Complete
2026-03-01 15:21:57,360 : INFO : Timer.attract_carousel_timer : Stopping Timer
2026-03-01 15:21:57,360 : INFO : EventManager : Event: ======'timer_attract_carousel_timer_stopped'====== Args={'ticks': 1, 'ticks_remaining': 1}
2026-03-01 15:21:57,360 : INFO : EventManager : Event: ======'timer_attract_carousel_timer_complete'====== Args={'ticks': 1, 'ticks_remaining': 1}
2026-03-01 15:21:57,361 : INFO : EventManager : Event: ======'carousel_item_highlighted'====== Args={'carousel': 'attract', 'direction': 'forwards', 'item': 'credits'}
2026-03-01 15:21:57,361 : INFO : Timer.attract_carousel_timer : Starting Timer.
2026-03-01 15:21:57,362 : INFO : EventManager : Event: ======'timer_attract_carousel_timer_started'====== Args={'ticks': 0, 'ticks_remaining': 1}
2026-03-01 15:21:57,362 : INFO : EventManager : Event: ======'timer_attract_carousel_timer_tick'====== Args={'ticks': 0, 'ticks_remaining': 1}
2026-03-01 15:22:02,361 : INFO : Timer.attract_carousel_timer : Timer Complete
2026-03-01 15:22:02,362 : INFO : Timer.attract_carousel_timer : Stopping Timer
2026-03-01 15:22:02,362 : INFO : EventManager : Event: ======'timer_attract_carousel_timer_stopped'====== Args={'ticks': 1, 'ticks_remaining': 1}
2026-03-01 15:22:02,362 : INFO : EventManager : Event: ======'timer_attract_carousel_timer_complete'====== Args={'ticks': 1, 'ticks_remaining': 1}
2026-03-01 15:22:02,362 : INFO : EventManager : Event: ======'carousel_item_highlighted'====== Args={'carousel': 'attract', 'direction': 'forwards', 'item': 'logo'}
2026-03-01 15:22:02,363 : INFO : Timer.attract_carousel_timer : Starting Timer.
2026-03-01 15:22:02,363 : INFO : EventManager : Event: ======'timer_attract_carousel_timer_started'====== Args={'ticks': 0, 'ticks_remaining': 1}
2026-03-01 15:22:02,363 : INFO : EventManager : Event: ======'timer_attract_carousel_timer_tick'====== Args={'ticks': 0, 'ticks_remaining': 1}
2026-03-01 15:22:07,364 : INFO : Timer.attract_carousel_timer : Timer Complete
2026-03-01 15:22:07,364 : INFO : Timer.attract_carousel_timer : Stopping Timer
2026-03-01 15:22:07,364 : INFO : EventManager : Event: ======'timer_attract_carousel_timer_stopped'====== Args={'ticks': 1, 'ticks_remaining': 1}
2026-03-01 15:22:07,364 : INFO : EventManager : Event: ======'timer_attract_carousel_timer_complete'====== Args={'ticks': 1, 'ticks_remaining': 1}
2026-03-01 15:22:07,365 : INFO : EventManager : Event: ======'carousel_item_highlighted'====== Args={'carousel': 'attract', 'direction': 'forwards', 'item': 'title'}
2026-03-01 15:22:07,365 : INFO : Timer.attract_carousel_timer : Starting Timer.
2026-03-01 15:22:07,365 : INFO : EventManager : Event: ======'timer_attract_carousel_timer_started'====== Args={'ticks': 0, 'ticks_remaining': 1}
2026-03-01 15:22:07,365 : INFO : EventManager : Event: ======'timer_attract_carousel_timer_tick'====== Args={'ticks': 0, 'ticks_remaining': 1}
2026-03-01 15:22:12,365 : INFO : Timer.attract_carousel_timer : Timer Complete
2026-03-01 15:22:12,365 : INFO : Timer.attract_carousel_timer : Stopping Timer
2026-03-01 15:22:12,365 : INFO : EventManager : Event: ======'timer_attract_carousel_timer_stopped'====== Args={'ticks': 1, 'ticks_remaining': 1}
2026-03-01 15:22:12,365 : INFO : EventManager : Event: ======'timer_attract_carousel_timer_complete'====== Args={'ticks': 1, 'ticks_remaining': 1}
2026-03-01 15:22:12,366 : INFO : EventManager : Event: ======'carousel_item_highlighted'====== Args={'carousel': 'attract', 'direction': 'forwards', 'item': 'credits'}
2026-03-01 15:22:12,366 : INFO : Timer.attract_carousel_timer : Starting Timer.
2026-03-01 15:22:12,366 : INFO : EventManager : Event: ======'timer_attract_carousel_timer_started'====== Args={'ticks': 0, 'ticks_remaining': 1}
2026-03-01 15:22:12,366 : INFO : EventManager : Event: ======'timer_attract_carousel_timer_tick'====== Args={'ticks': 0, 'ticks_remaining': 1}
2026-03-01 15:22:17,366 : INFO : Timer.attract_carousel_timer : Timer Complete
2026-03-01 15:22:17,367 : INFO : Timer.attract_carousel_timer : Stopping Timer
2026-03-01 15:22:17,367 : INFO : EventManager : Event: ======'timer_attract_carousel_timer_stopped'====== Args={'ticks': 1, 'ticks_remaining': 1}
2026-03-01 15:22:17,367 : INFO : EventManager : Event: ======'timer_attract_carousel_timer_complete'====== Args={'ticks': 1, 'ticks_remaining': 1}
2026-03-01 15:22:17,367 : INFO : EventManager : Event: ======'carousel_item_highlighted'====== Args={'carousel': 'attract', 'direction': 'forwards', 'item': 'logo'}
2026-03-01 15:22:17,368 : INFO : Timer.attract_carousel_timer : Starting Timer.
2026-03-01 15:22:17,368 : INFO : EventManager : Event: ======'timer_attract_carousel_timer_started'====== Args={'ticks': 0, 'ticks_remaining': 1}
2026-03-01 15:22:17,368 : INFO : EventManager : Event: ======'timer_attract_carousel_timer_tick'====== Args={'ticks': 0, 'ticks_remaining': 1}
2026-03-01 15:22:22,368 : INFO : Timer.attract_carousel_timer : Timer Complete
2026-03-01 15:22:22,368 : INFO : Timer.attract_carousel_timer : Stopping Timer
2026-03-01 15:22:22,368 : INFO : EventManager : Event: ======'timer_attract_carousel_timer_stopped'====== Args={'ticks': 1, 'ticks_remaining': 1}
2026-03-01 15:22:22,368 : INFO : EventManager : Event: ======'timer_attract_carousel_timer_complete'====== Args={'ticks': 1, 'ticks_remaining': 1}
2026-03-01 15:22:22,368 : INFO : EventManager : Event: ======'carousel_item_highlighted'====== Args={'carousel': 'attract', 'direction': 'forwards', 'item': 'title'}
2026-03-01 15:22:22,368 : INFO : Timer.attract_carousel_timer : Starting Timer.
2026-03-01 15:22:22,369 : INFO : EventManager : Event: ======'timer_attract_carousel_timer_started'====== Args={'ticks': 0, 'ticks_remaining': 1}
2026-03-01 15:22:22,369 : INFO : EventManager : Event: ======'timer_attract_carousel_timer_tick'====== Args={'ticks': 0, 'ticks_remaining': 1}
2026-03-01 15:22:27,369 : INFO : Timer.attract_carousel_timer : Timer Complete
2026-03-01 15:22:27,369 : INFO : Timer.attract_carousel_timer : Stopping Timer
2026-03-01 15:22:27,369 : INFO : EventManager : Event: ======'timer_attract_carousel_timer_stopped'====== Args={'ticks': 1, 'ticks_remaining': 1}
2026-03-01 15:22:27,370 : INFO : EventManager : Event: ======'timer_attract_carousel_timer_complete'====== Args={'ticks': 1, 'ticks_remaining': 1}
2026-03-01 15:22:27,370 : INFO : EventManager : Event: ======'carousel_item_highlighted'====== Args={'carousel': 'attract', 'direction': 'forwards', 'item': 'credits'}
2026-03-01 15:22:27,370 : INFO : Timer.attract_carousel_timer : Starting Timer.
2026-03-01 15:22:27,370 : INFO : EventManager : Event: ======'timer_attract_carousel_timer_started'====== Args={'ticks': 0, 'ticks_remaining': 1}
2026-03-01 15:22:27,370 : INFO : EventManager : Event: ======'timer_attract_carousel_timer_tick'====== Args={'ticks': 0, 'ticks_remaining': 1}
2026-03-01 15:22:32,371 : INFO : Timer.attract_carousel_timer : Timer Complete
2026-03-01 15:22:32,371 : INFO : Timer.attract_carousel_timer : Stopping Timer
2026-03-01 15:22:32,372 : INFO : EventManager : Event: ======'timer_attract_carousel_timer_stopped'====== Args={'ticks': 1, 'ticks_remaining': 1}
2026-03-01 15:22:32,372 : INFO : EventManager : Event: ======'timer_attract_carousel_timer_complete'====== Args={'ticks': 1, 'ticks_remaining': 1}
2026-03-01 15:22:32,372 : INFO : EventManager : Event: ======'carousel_item_highlighted'====== Args={'carousel': 'attract', 'direction': 'forwards', 'item': 'logo'}
2026-03-01 15:22:32,373 : INFO : Timer.attract_carousel_timer : Starting Timer.
2026-03-01 15:22:32,373 : INFO : EventManager : Event: ======'timer_attract_carousel_timer_started'====== Args={'ticks': 0, 'ticks_remaining': 1}
2026-03-01 15:22:32,373 : INFO : EventManager : Event: ======'timer_attract_carousel_timer_tick'====== Args={'ticks': 0, 'ticks_remaining': 1}
2026-03-01 15:22:37,374 : INFO : Timer.attract_carousel_timer : Timer Complete
2026-03-01 15:22:37,374 : INFO : Timer.attract_carousel_timer : Stopping Timer
2026-03-01 15:22:37,374 : INFO : EventManager : Event: ======'timer_attract_carousel_timer_stopped'====== Args={'ticks': 1, 'ticks_remaining': 1}
2026-03-01 15:22:37,374 : INFO : EventManager : Event: ======'timer_attract_carousel_timer_complete'====== Args={'ticks': 1, 'ticks_remaining': 1}
2026-03-01 15:22:37,375 : INFO : EventManager : Event: ======'carousel_item_highlighted'====== Args={'carousel': 'attract', 'direction': 'forwards', 'item': 'title'}
2026-03-01 15:22:37,375 : INFO : Timer.attract_carousel_timer : Starting Timer.
2026-03-01 15:22:37,375 : INFO : EventManager : Event: ======'timer_attract_carousel_timer_started'====== Args={'ticks': 0, 'ticks_remaining': 1}
2026-03-01 15:22:37,375 : INFO : EventManager : Event: ======'timer_attract_carousel_timer_tick'====== Args={'ticks': 0, 'ticks_remaining': 1}
2026-03-01 15:22:42,375 : INFO : Timer.attract_carousel_timer : Timer Complete
2026-03-01 15:22:42,376 : INFO : Timer.attract_carousel_timer : Stopping Timer
2026-03-01 15:22:42,376 : INFO : EventManager : Event: ======'timer_attract_carousel_timer_stopped'====== Args={'ticks': 1, 'ticks_remaining': 1}
2026-03-01 15:22:42,376 : INFO : EventManager : Event: ======'timer_attract_carousel_timer_complete'====== Args={'ticks': 1, 'ticks_remaining': 1}
2026-03-01 15:22:42,376 : INFO : EventManager : Event: ======'carousel_item_highlighted'====== Args={'carousel': 'attract', 'direction': 'forwards', 'item': 'credits'}
2026-03-01 15:22:42,376 : INFO : Timer.attract_carousel_timer : Starting Timer.
2026-03-01 15:22:42,377 : INFO : EventManager : Event: ======'timer_attract_carousel_timer_started'====== Args={'ticks': 0, 'ticks_remaining': 1}
2026-03-01 15:22:42,377 : INFO : EventManager : Event: ======'timer_attract_carousel_timer_tick'====== Args={'ticks': 0, 'ticks_remaining': 1}
2026-03-01 15:22:47,376 : INFO : Timer.attract_carousel_timer : Timer Complete
2026-03-01 15:22:47,377 : INFO : Timer.attract_carousel_timer : Stopping Timer
2026-03-01 15:22:47,377 : INFO : EventManager : Event: ======'timer_attract_carousel_timer_stopped'====== Args={'ticks': 1, 'ticks_remaining': 1}
2026-03-01 15:22:47,377 : INFO : EventManager : Event: ======'timer_attract_carousel_timer_complete'====== Args={'ticks': 1, 'ticks_remaining': 1}
2026-03-01 15:22:47,377 : INFO : EventManager : Event: ======'carousel_item_highlighted'====== Args={'carousel': 'attract', 'direction': 'forwards', 'item': 'logo'}
2026-03-01 15:22:47,377 : INFO : Timer.attract_carousel_timer : Starting Timer.
2026-03-01 15:22:47,377 : INFO : EventManager : Event: ======'timer_attract_carousel_timer_started'====== Args={'ticks': 0, 'ticks_remaining': 1}
2026-03-01 15:22:47,377 : INFO : EventManager : Event: ======'timer_attract_carousel_timer_tick'====== Args={'ticks': 0, 'ticks_remaining': 1}
2026-03-01 15:22:52,377 : INFO : Timer.attract_carousel_timer : Timer Complete
2026-03-01 15:22:52,377 : INFO : Timer.attract_carousel_timer : Stopping Timer
2026-03-01 15:22:52,378 : INFO : EventManager : Event: ======'timer_attract_carousel_timer_stopped'====== Args={'ticks': 1, 'ticks_remaining': 1}
2026-03-01 15:22:52,378 : INFO : EventManager : Event: ======'timer_attract_carousel_timer_complete'====== Args={'ticks': 1, 'ticks_remaining': 1}
2026-03-01 15:22:52,378 : INFO : EventManager : Event: ======'carousel_item_highlighted'====== Args={'carousel': 'attract', 'direction': 'forwards', 'item': 'title'}
2026-03-01 15:22:52,378 : INFO : Timer.attract_carousel_timer : Starting Timer.
2026-03-01 15:22:52,378 : INFO : EventManager : Event: ======'timer_attract_carousel_timer_started'====== Args={'ticks': 0, 'ticks_remaining': 1}
2026-03-01 15:22:52,378 : INFO : EventManager : Event: ======'timer_attract_carousel_timer_tick'====== Args={'ticks': 0, 'ticks_remaining': 1}
2026-03-01 15:22:57,378 : INFO : Timer.attract_carousel_timer : Timer Complete
2026-03-01 15:22:57,378 : INFO : Timer.attract_carousel_timer : Stopping Timer
2026-03-01 15:22:57,378 : INFO : EventManager : Event: ======'timer_attract_carousel_timer_stopped'====== Args={'ticks': 1, 'ticks_remaining': 1}
2026-03-01 15:22:57,378 : INFO : EventManager : Event: ======'timer_attract_carousel_timer_complete'====== Args={'ticks': 1, 'ticks_remaining': 1}
2026-03-01 15:22:57,379 : INFO : EventManager : Event: ======'carousel_item_highlighted'====== Args={'carousel': 'attract', 'direction': 'forwards', 'item': 'credits'}
2026-03-01 15:22:57,379 : INFO : Timer.attract_carousel_timer : Starting Timer.
2026-03-01 15:22:57,379 : INFO : EventManager : Event: ======'timer_attract_carousel_timer_started'====== Args={'ticks': 0, 'ticks_remaining': 1}
2026-03-01 15:22:57,379 : INFO : EventManager : Event: ======'timer_attract_carousel_timer_tick'====== Args={'ticks': 0, 'ticks_remaining': 1}
2026-03-01 15:23:02,379 : INFO : Timer.attract_carousel_timer : Timer Complete
2026-03-01 15:23:02,379 : INFO : Timer.attract_carousel_timer : Stopping Timer
2026-03-01 15:23:02,380 : INFO : EventManager : Event: ======'timer_attract_carousel_timer_stopped'====== Args={'ticks': 1, 'ticks_remaining': 1}
2026-03-01 15:23:02,380 : INFO : EventManager : Event: ======'timer_attract_carousel_timer_complete'====== Args={'ticks': 1, 'ticks_remaining': 1}
2026-03-01 15:23:02,380 : INFO : EventManager : Event: ======'carousel_item_highlighted'====== Args={'carousel': 'attract', 'direction': 'forwards', 'item': 'logo'}
2026-03-01 15:23:02,380 : INFO : Timer.attract_carousel_timer : Starting Timer.
2026-03-01 15:23:02,380 : INFO : EventManager : Event: ======'timer_attract_carousel_timer_started'====== Args={'ticks': 0, 'ticks_remaining': 1}
2026-03-01 15:23:02,380 : INFO : EventManager : Event: ======'timer_attract_carousel_timer_tick'====== Args={'ticks': 0, 'ticks_remaining': 1}
2026-03-01 15:23:07,381 : INFO : Timer.attract_carousel_timer : Timer Complete
2026-03-01 15:23:07,382 : INFO : Timer.attract_carousel_timer : Stopping Timer
2026-03-01 15:23:07,382 : INFO : EventManager : Event: ======'timer_attract_carousel_timer_stopped'====== Args={'ticks': 1, 'ticks_remaining': 1}
2026-03-01 15:23:07,382 : INFO : EventManager : Event: ======'timer_attract_carousel_timer_complete'====== Args={'ticks': 1, 'ticks_remaining': 1}
2026-03-01 15:23:07,382 : INFO : EventManager : Event: ======'carousel_item_highlighted'====== Args={'carousel': 'attract', 'direction': 'forwards', 'item': 'title'}
2026-03-01 15:23:07,383 : INFO : Timer.attract_carousel_timer : Starting Timer.
2026-03-01 15:23:07,383 : INFO : EventManager : Event: ======'timer_attract_carousel_timer_started'====== Args={'ticks': 0, 'ticks_remaining': 1}
2026-03-01 15:23:07,383 : INFO : EventManager : Event: ======'timer_attract_carousel_timer_tick'====== Args={'ticks': 0, 'ticks_remaining': 1}
2026-03-01 15:23:12,384 : INFO : Timer.attract_carousel_timer : Timer Complete
2026-03-01 15:23:12,384 : INFO : Timer.attract_carousel_timer : Stopping Timer
2026-03-01 15:23:12,384 : INFO : EventManager : Event: ======'timer_attract_carousel_timer_stopped'====== Args={'ticks': 1, 'ticks_remaining': 1}
2026-03-01 15:23:12,384 : INFO : EventManager : Event: ======'timer_attract_carousel_timer_complete'====== Args={'ticks': 1, 'ticks_remaining': 1}
2026-03-01 15:23:12,385 : INFO : EventManager : Event: ======'carousel_item_highlighted'====== Args={'carousel': 'attract', 'direction': 'forwards', 'item': 'credits'}
2026-03-01 15:23:12,385 : INFO : Timer.attract_carousel_timer : Starting Timer.
2026-03-01 15:23:12,385 : INFO : EventManager : Event: ======'timer_attract_carousel_timer_started'====== Args={'ticks': 0, 'ticks_remaining': 1}
2026-03-01 15:23:12,385 : INFO : EventManager : Event: ======'timer_attract_carousel_timer_tick'====== Args={'ticks': 0, 'ticks_remaining': 1}
2026-03-01 15:23:17,386 : INFO : Timer.attract_carousel_timer : Timer Complete
2026-03-01 15:23:17,386 : INFO : Timer.attract_carousel_timer : Stopping Timer
2026-03-01 15:23:17,386 : INFO : EventManager : Event: ======'timer_attract_carousel_timer_stopped'====== Args={'ticks': 1, 'ticks_remaining': 1}
2026-03-01 15:23:17,386 : INFO : EventManager : Event: ======'timer_attract_carousel_timer_complete'====== Args={'ticks': 1, 'ticks_remaining': 1}
2026-03-01 15:23:17,387 : INFO : EventManager : Event: ======'carousel_item_highlighted'====== Args={'carousel': 'attract', 'direction': 'forwards', 'item': 'logo'}
2026-03-01 15:23:17,387 : INFO : Timer.attract_carousel_timer : Starting Timer.
2026-03-01 15:23:17,387 : INFO : EventManager : Event: ======'timer_attract_carousel_timer_started'====== Args={'ticks': 0, 'ticks_remaining': 1}
2026-03-01 15:23:17,387 : INFO : EventManager : Event: ======'timer_attract_carousel_timer_tick'====== Args={'ticks': 0, 'ticks_remaining': 1}
2026-03-01 15:23:22,387 : INFO : Timer.attract_carousel_timer : Timer Complete
2026-03-01 15:23:22,387 : INFO : Timer.attract_carousel_timer : Stopping Timer
2026-03-01 15:23:22,387 : INFO : EventManager : Event: ======'timer_attract_carousel_timer_stopped'====== Args={'ticks': 1, 'ticks_remaining': 1}
2026-03-01 15:23:22,387 : INFO : EventManager : Event: ======'timer_attract_carousel_timer_complete'====== Args={'ticks': 1, 'ticks_remaining': 1}
2026-03-01 15:23:22,388 : INFO : EventManager : Event: ======'carousel_item_highlighted'====== Args={'carousel': 'attract', 'direction': 'forwards', 'item': 'title'}
2026-03-01 15:23:22,388 : INFO : Timer.attract_carousel_timer : Starting Timer.
2026-03-01 15:23:22,388 : INFO : EventManager : Event: ======'timer_attract_carousel_timer_started'====== Args={'ticks': 0, 'ticks_remaining': 1}
2026-03-01 15:23:22,388 : INFO : EventManager : Event: ======'timer_attract_carousel_timer_tick'====== Args={'ticks': 0, 'ticks_remaining': 1}
2026-03-01 15:23:27,389 : INFO : Timer.attract_carousel_timer : Timer Complete
2026-03-01 15:23:27,389 : INFO : Timer.attract_carousel_timer : Stopping Timer
2026-03-01 15:23:27,389 : INFO : EventManager : Event: ======'timer_attract_carousel_timer_stopped'====== Args={'ticks': 1, 'ticks_remaining': 1}
2026-03-01 15:23:27,389 : INFO : EventManager : Event: ======'timer_attract_carousel_timer_complete'====== Args={'ticks': 1, 'ticks_remaining': 1}
2026-03-01 15:23:27,389 : INFO : EventManager : Event: ======'carousel_item_highlighted'====== Args={'carousel': 'attract', 'direction': 'forwards', 'item': 'credits'}
2026-03-01 15:23:27,390 : INFO : Timer.attract_carousel_timer : Starting Timer.
2026-03-01 15:23:27,390 : INFO : EventManager : Event: ======'timer_attract_carousel_timer_started'====== Args={'ticks': 0, 'ticks_remaining': 1}
2026-03-01 15:23:27,390 : INFO : EventManager : Event: ======'timer_attract_carousel_timer_tick'====== Args={'ticks': 0, 'ticks_remaining': 1}
2026-03-01 15:23:32,391 : INFO : Timer.attract_carousel_timer : Timer Complete
2026-03-01 15:23:32,391 : INFO : Timer.attract_carousel_timer : Stopping Timer
2026-03-01 15:23:32,391 : INFO : EventManager : Event: ======'timer_attract_carousel_timer_stopped'====== Args={'ticks': 1, 'ticks_remaining': 1}
2026-03-01 15:23:32,391 : INFO : EventManager : Event: ======'timer_attract_carousel_timer_complete'====== Args={'ticks': 1, 'ticks_remaining': 1}
2026-03-01 15:23:32,392 : INFO : EventManager : Event: ======'carousel_item_highlighted'====== Args={'carousel': 'attract', 'direction': 'forwards', 'item': 'logo'}
2026-03-01 15:23:32,392 : INFO : Timer.attract_carousel_timer : Starting Timer.
2026-03-01 15:23:32,392 : INFO : EventManager : Event: ======'timer_attract_carousel_timer_started'====== Args={'ticks': 0, 'ticks_remaining': 1}
2026-03-01 15:23:32,392 : INFO : EventManager : Event: ======'timer_attract_carousel_timer_tick'====== Args={'ticks': 0, 'ticks_remaining': 1}
2026-03-01 15:23:37,393 : INFO : Timer.attract_carousel_timer : Timer Complete
2026-03-01 15:23:37,393 : INFO : Timer.attract_carousel_timer : Stopping Timer
2026-03-01 15:23:37,393 : INFO : EventManager : Event: ======'timer_attract_carousel_timer_stopped'====== Args={'ticks': 1, 'ticks_remaining': 1}
2026-03-01 15:23:37,393 : INFO : EventManager : Event: ======'timer_attract_carousel_timer_complete'====== Args={'ticks': 1, 'ticks_remaining': 1}
2026-03-01 15:23:37,393 : INFO : EventManager : Event: ======'carousel_item_highlighted'====== Args={'carousel': 'attract', 'direction': 'forwards', 'item': 'title'}
2026-03-01 15:23:37,394 : INFO : Timer.attract_carousel_timer : Starting Timer.
2026-03-01 15:23:37,394 : INFO : EventManager : Event: ======'timer_attract_carousel_timer_started'====== Args={'ticks': 0, 'ticks_remaining': 1}
2026-03-01 15:23:37,394 : INFO : EventManager : Event: ======'timer_attract_carousel_timer_tick'====== Args={'ticks': 0, 'ticks_remaining': 1}
2026-03-01 15:23:42,394 : INFO : Timer.attract_carousel_timer : Timer Complete
2026-03-01 15:23:42,395 : INFO : Timer.attract_carousel_timer : Stopping Timer
2026-03-01 15:23:42,395 : INFO : EventManager : Event: ======'timer_attract_carousel_timer_stopped'====== Args={'ticks': 1, 'ticks_remaining': 1}
2026-03-01 15:23:42,395 : INFO : EventManager : Event: ======'timer_attract_carousel_timer_complete'====== Args={'ticks': 1, 'ticks_remaining': 1}
2026-03-01 15:23:42,396 : INFO : EventManager : Event: ======'carousel_item_highlighted'====== Args={'carousel': 'attract', 'direction': 'forwards', 'item': 'credits'}
2026-03-01 15:23:42,397 : INFO : Timer.attract_carousel_timer : Starting Timer.
2026-03-01 15:23:42,397 : INFO : EventManager : Event: ======'timer_attract_carousel_timer_started'====== Args={'ticks': 0, 'ticks_remaining': 1}
2026-03-01 15:23:42,398 : INFO : EventManager : Event: ======'timer_attract_carousel_timer_tick'====== Args={'ticks': 0, 'ticks_remaining': 1}
2026-03-01 15:23:47,397 : INFO : Timer.attract_carousel_timer : Timer Complete
2026-03-01 15:23:47,397 : INFO : Timer.attract_carousel_timer : Stopping Timer
2026-03-01 15:23:47,397 : INFO : EventManager : Event: ======'timer_attract_carousel_timer_stopped'====== Args={'ticks': 1, 'ticks_remaining': 1}
2026-03-01 15:23:47,397 : INFO : EventManager : Event: ======'timer_attract_carousel_timer_complete'====== Args={'ticks': 1, 'ticks_remaining': 1}
2026-03-01 15:23:47,398 : INFO : EventManager : Event: ======'carousel_item_highlighted'====== Args={'carousel': 'attract', 'direction': 'forwards', 'item': 'logo'}
2026-03-01 15:23:47,398 : INFO : Timer.attract_carousel_timer : Starting Timer.
2026-03-01 15:23:47,398 : INFO : EventManager : Event: ======'timer_attract_carousel_timer_started'====== Args={'ticks': 0, 'ticks_remaining': 1}
2026-03-01 15:23:47,398 : INFO : EventManager : Event: ======'timer_attract_carousel_timer_tick'====== Args={'ticks': 0, 'ticks_remaining': 1}
2026-03-01 15:23:52,398 : INFO : Timer.attract_carousel_timer : Timer Complete
2026-03-01 15:23:52,398 : INFO : Timer.attract_carousel_timer : Stopping Timer
2026-03-01 15:23:52,399 : INFO : EventManager : Event: ======'timer_attract_carousel_timer_stopped'====== Args={'ticks': 1, 'ticks_remaining': 1}
2026-03-01 15:23:52,399 : INFO : EventManager : Event: ======'timer_attract_carousel_timer_complete'====== Args={'ticks': 1, 'ticks_remaining': 1}
2026-03-01 15:23:52,399 : INFO : EventManager : Event: ======'carousel_item_highlighted'====== Args={'carousel': 'attract', 'direction': 'forwards', 'item': 'title'}
2026-03-01 15:23:52,399 : INFO : Timer.attract_carousel_timer : Starting Timer.
2026-03-01 15:23:52,400 : INFO : EventManager : Event: ======'timer_attract_carousel_timer_started'====== Args={'ticks': 0, 'ticks_remaining': 1}
2026-03-01 15:23:52,400 : INFO : EventManager : Event: ======'timer_attract_carousel_timer_tick'====== Args={'ticks': 0, 'ticks_remaining': 1}
2026-03-01 15:23:57,400 : INFO : Timer.attract_carousel_timer : Timer Complete
2026-03-01 15:23:57,400 : INFO : Timer.attract_carousel_timer : Stopping Timer
2026-03-01 15:23:57,400 : INFO : EventManager : Event: ======'timer_attract_carousel_timer_stopped'====== Args={'ticks': 1, 'ticks_remaining': 1}
2026-03-01 15:23:57,400 : INFO : EventManager : Event: ======'timer_attract_carousel_timer_complete'====== Args={'ticks': 1, 'ticks_remaining': 1}
2026-03-01 15:23:57,400 : INFO : EventManager : Event: ======'carousel_item_highlighted'====== Args={'carousel': 'attract', 'direction': 'forwards', 'item': 'credits'}
2026-03-01 15:23:57,400 : INFO : Timer.attract_carousel_timer : Starting Timer.
2026-03-01 15:23:57,401 : INFO : EventManager : Event: ======'timer_attract_carousel_timer_started'====== Args={'ticks': 0, 'ticks_remaining': 1}
2026-03-01 15:23:57,401 : INFO : EventManager : Event: ======'timer_attract_carousel_timer_tick'====== Args={'ticks': 0, 'ticks_remaining': 1}
2026-03-01 15:24:02,401 : INFO : Timer.attract_carousel_timer : Timer Complete
2026-03-01 15:24:02,401 : INFO : Timer.attract_carousel_timer : Stopping Timer
2026-03-01 15:24:02,401 : INFO : EventManager : Event: ======'timer_attract_carousel_timer_stopped'====== Args={'ticks': 1, 'ticks_remaining': 1}
2026-03-01 15:24:02,401 : INFO : EventManager : Event: ======'timer_attract_carousel_timer_complete'====== Args={'ticks': 1, 'ticks_remaining': 1}
2026-03-01 15:24:02,402 : INFO : EventManager : Event: ======'carousel_item_highlighted'====== Args={'carousel': 'attract', 'direction': 'forwards', 'item': 'logo'}
2026-03-01 15:24:02,402 : INFO : Timer.attract_carousel_timer : Starting Timer.
2026-03-01 15:24:02,402 : INFO : EventManager : Event: ======'timer_attract_carousel_timer_started'====== Args={'ticks': 0, 'ticks_remaining': 1}
2026-03-01 15:24:02,402 : INFO : EventManager : Event: ======'timer_attract_carousel_timer_tick'====== Args={'ticks': 0, 'ticks_remaining': 1}
2026-03-01 15:24:07,403 : INFO : Timer.attract_carousel_timer : Timer Complete
2026-03-01 15:24:07,403 : INFO : Timer.attract_carousel_timer : Stopping Timer
2026-03-01 15:24:07,403 : INFO : EventManager : Event: ======'timer_attract_carousel_timer_stopped'====== Args={'ticks': 1, 'ticks_remaining': 1}
2026-03-01 15:24:07,403 : INFO : EventManager : Event: ======'timer_attract_carousel_timer_complete'====== Args={'ticks': 1, 'ticks_remaining': 1}
2026-03-01 15:24:07,404 : INFO : EventManager : Event: ======'carousel_item_highlighted'====== Args={'carousel': 'attract', 'direction': 'forwards', 'item': 'title'}
2026-03-01 15:24:07,404 : INFO : Timer.attract_carousel_timer : Starting Timer.
2026-03-01 15:24:07,404 : INFO : EventManager : Event: ======'timer_attract_carousel_timer_started'====== Args={'ticks': 0, 'ticks_remaining': 1}
2026-03-01 15:24:07,404 : INFO : EventManager : Event: ======'timer_attract_carousel_timer_tick'====== Args={'ticks': 0, 'ticks_remaining': 1}
2026-03-01 15:24:12,405 : INFO : Timer.attract_carousel_timer : Timer Complete
2026-03-01 15:24:12,405 : INFO : Timer.attract_carousel_timer : Stopping Timer
2026-03-01 15:24:12,405 : INFO : EventManager : Event: ======'timer_attract_carousel_timer_stopped'====== Args={'ticks': 1, 'ticks_remaining': 1}
2026-03-01 15:24:12,405 : INFO : EventManager : Event: ======'timer_attract_carousel_timer_complete'====== Args={'ticks': 1, 'ticks_remaining': 1}
2026-03-01 15:24:12,405 : INFO : EventManager : Event: ======'carousel_item_highlighted'====== Args={'carousel': 'attract', 'direction': 'forwards', 'item': 'credits'}
2026-03-01 15:24:12,405 : INFO : Timer.attract_carousel_timer : Starting Timer.
2026-03-01 15:24:12,406 : INFO : EventManager : Event: ======'timer_attract_carousel_timer_started'====== Args={'ticks': 0, 'ticks_remaining': 1}
2026-03-01 15:24:12,406 : INFO : EventManager : Event: ======'timer_attract_carousel_timer_tick'====== Args={'ticks': 0, 'ticks_remaining': 1}
2026-03-01 15:24:17,406 : INFO : Timer.attract_carousel_timer : Timer Complete
2026-03-01 15:24:17,406 : INFO : Timer.attract_carousel_timer : Stopping Timer
2026-03-01 15:24:17,406 : INFO : EventManager : Event: ======'timer_attract_carousel_timer_stopped'====== Args={'ticks': 1, 'ticks_remaining': 1}
2026-03-01 15:24:17,407 : INFO : EventManager : Event: ======'timer_attract_carousel_timer_complete'====== Args={'ticks': 1, 'ticks_remaining': 1}
2026-03-01 15:24:17,407 : INFO : EventManager : Event: ======'carousel_item_highlighted'====== Args={'carousel': 'attract', 'direction': 'forwards', 'item': 'logo'}
2026-03-01 15:24:17,408 : INFO : Timer.attract_carousel_timer : Starting Timer.
2026-03-01 15:24:17,408 : INFO : EventManager : Event: ======'timer_attract_carousel_timer_started'====== Args={'ticks': 0, 'ticks_remaining': 1}
2026-03-01 15:24:17,408 : INFO : EventManager : Event: ======'timer_attract_carousel_timer_tick'====== Args={'ticks': 0, 'ticks_remaining': 1}
2026-03-01 15:24:22,408 : INFO : Timer.attract_carousel_timer : Timer Complete
2026-03-01 15:24:22,408 : INFO : Timer.attract_carousel_timer : Stopping Timer
2026-03-01 15:24:22,408 : INFO : EventManager : Event: ======'timer_attract_carousel_timer_stopped'====== Args={'ticks': 1, 'ticks_remaining': 1}
2026-03-01 15:24:22,408 : INFO : EventManager : Event: ======'timer_attract_carousel_timer_complete'====== Args={'ticks': 1, 'ticks_remaining': 1}
2026-03-01 15:24:22,409 : INFO : EventManager : Event: ======'carousel_item_highlighted'====== Args={'carousel': 'attract', 'direction': 'forwards', 'item': 'title'}
2026-03-01 15:24:22,409 : INFO : Timer.attract_carousel_timer : Starting Timer.
2026-03-01 15:24:22,409 : INFO : EventManager : Event: ======'timer_attract_carousel_timer_started'====== Args={'ticks': 0, 'ticks_remaining': 1}
2026-03-01 15:24:22,409 : INFO : EventManager : Event: ======'timer_attract_carousel_timer_tick'====== Args={'ticks': 0, 'ticks_remaining': 1}
2026-03-01 15:24:27,410 : INFO : Timer.attract_carousel_timer : Timer Complete
2026-03-01 15:24:27,410 : INFO : Timer.attract_carousel_timer : Stopping Timer
2026-03-01 15:24:27,410 : INFO : EventManager : Event: ======'timer_attract_carousel_timer_stopped'====== Args={'ticks': 1, 'ticks_remaining': 1}
2026-03-01 15:24:27,410 : INFO : EventManager : Event: ======'timer_attract_carousel_timer_complete'====== Args={'ticks': 1, 'ticks_remaining': 1}
2026-03-01 15:24:27,411 : INFO : EventManager : Event: ======'carousel_item_highlighted'====== Args={'carousel': 'attract', 'direction': 'forwards', 'item': 'credits'}
2026-03-01 15:24:27,411 : INFO : Timer.attract_carousel_timer : Starting Timer.
2026-03-01 15:24:27,411 : INFO : EventManager : Event: ======'timer_attract_carousel_timer_started'====== Args={'ticks': 0, 'ticks_remaining': 1}
2026-03-01 15:24:27,411 : INFO : EventManager : Event: ======'timer_attract_carousel_timer_tick'====== Args={'ticks': 0, 'ticks_remaining': 1}
2026-03-01 15:24:32,412 : INFO : Timer.attract_carousel_timer : Timer Complete
2026-03-01 15:24:32,412 : INFO : Timer.attract_carousel_timer : Stopping Timer
2026-03-01 15:24:32,412 : INFO : EventManager : Event: ======'timer_attract_carousel_timer_stopped'====== Args={'ticks': 1, 'ticks_remaining': 1}
2026-03-01 15:24:32,412 : INFO : EventManager : Event: ======'timer_attract_carousel_timer_complete'====== Args={'ticks': 1, 'ticks_remaining': 1}
2026-03-01 15:24:32,413 : INFO : EventManager : Event: ======'carousel_item_highlighted'====== Args={'carousel': 'attract', 'direction': 'forwards', 'item': 'logo'}
2026-03-01 15:24:32,413 : INFO : Timer.attract_carousel_timer : Starting Timer.
2026-03-01 15:24:32,414 : INFO : EventManager : Event: ======'timer_attract_carousel_timer_started'====== Args={'ticks': 0, 'ticks_remaining': 1}
2026-03-01 15:24:32,414 : INFO : EventManager : Event: ======'timer_attract_carousel_timer_tick'====== Args={'ticks': 0, 'ticks_remaining': 1}
2026-03-01 15:24:37,414 : INFO : Timer.attract_carousel_timer : Timer Complete
2026-03-01 15:24:37,414 : INFO : Timer.attract_carousel_timer : Stopping Timer
2026-03-01 15:24:37,414 : INFO : EventManager : Event: ======'timer_attract_carousel_timer_stopped'====== Args={'ticks': 1, 'ticks_remaining': 1}
2026-03-01 15:24:37,414 : INFO : EventManager : Event: ======'timer_attract_carousel_timer_complete'====== Args={'ticks': 1, 'ticks_remaining': 1}
2026-03-01 15:24:37,415 : INFO : EventManager : Event: ======'carousel_item_highlighted'====== Args={'carousel': 'attract', 'direction': 'forwards', 'item': 'title'}
2026-03-01 15:24:37,415 : INFO : Timer.attract_carousel_timer : Starting Timer.
2026-03-01 15:24:37,415 : INFO : EventManager : Event: ======'timer_attract_carousel_timer_started'====== Args={'ticks': 0, 'ticks_remaining': 1}
2026-03-01 15:24:37,415 : INFO : EventManager : Event: ======'timer_attract_carousel_timer_tick'====== Args={'ticks': 0, 'ticks_remaining': 1}
2026-03-01 15:24:42,416 : INFO : Timer.attract_carousel_timer : Timer Complete
2026-03-01 15:24:42,416 : INFO : Timer.attract_carousel_timer : Stopping Timer
2026-03-01 15:24:42,416 : INFO : EventManager : Event: ======'timer_attract_carousel_timer_stopped'====== Args={'ticks': 1, 'ticks_remaining': 1}
2026-03-01 15:24:42,416 : INFO : EventManager : Event: ======'timer_attract_carousel_timer_complete'====== Args={'ticks': 1, 'ticks_remaining': 1}
2026-03-01 15:24:42,416 : INFO : EventManager : Event: ======'carousel_item_highlighted'====== Args={'carousel': 'attract', 'direction': 'forwards', 'item': 'credits'}
2026-03-01 15:24:42,416 : INFO : Timer.attract_carousel_timer : Starting Timer.
2026-03-01 15:24:42,417 : INFO : EventManager : Event: ======'timer_attract_carousel_timer_started'====== Args={'ticks': 0, 'ticks_remaining': 1}
2026-03-01 15:24:42,417 : INFO : EventManager : Event: ======'timer_attract_carousel_timer_tick'====== Args={'ticks': 0, 'ticks_remaining': 1}
2026-03-01 15:24:47,417 : INFO : Timer.attract_carousel_timer : Timer Complete
2026-03-01 15:24:47,418 : INFO : Timer.attract_carousel_timer : Stopping Timer
2026-03-01 15:24:47,418 : INFO : EventManager : Event: ======'timer_attract_carousel_timer_stopped'====== Args={'ticks': 1, 'ticks_remaining': 1}
2026-03-01 15:24:47,418 : INFO : EventManager : Event: ======'timer_attract_carousel_timer_complete'====== Args={'ticks': 1, 'ticks_remaining': 1}
2026-03-01 15:24:47,418 : INFO : EventManager : Event: ======'carousel_item_highlighted'====== Args={'carousel': 'attract', 'direction': 'forwards', 'item': 'logo'}
2026-03-01 15:24:47,418 : INFO : Timer.attract_carousel_timer : Starting Timer.
2026-03-01 15:24:47,418 : INFO : EventManager : Event: ======'timer_attract_carousel_timer_started'====== Args={'ticks': 0, 'ticks_remaining': 1}
2026-03-01 15:24:47,418 : INFO : EventManager : Event: ======'timer_attract_carousel_timer_tick'====== Args={'ticks': 0, 'ticks_remaining': 1}
2026-03-01 15:24:52,419 : INFO : Timer.attract_carousel_timer : Timer Complete
2026-03-01 15:24:52,420 : INFO : Timer.attract_carousel_timer : Stopping Timer
2026-03-01 15:24:52,420 : INFO : EventManager : Event: ======'timer_attract_carousel_timer_stopped'====== Args={'ticks': 1, 'ticks_remaining': 1}
2026-03-01 15:24:52,420 : INFO : EventManager : Event: ======'timer_attract_carousel_timer_complete'====== Args={'ticks': 1, 'ticks_remaining': 1}
2026-03-01 15:24:52,420 : INFO : EventManager : Event: ======'carousel_item_highlighted'====== Args={'carousel': 'attract', 'direction': 'forwards', 'item': 'title'}
2026-03-01 15:24:52,421 : INFO : Timer.attract_carousel_timer : Starting Timer.
2026-03-01 15:24:52,421 : INFO : EventManager : Event: ======'timer_attract_carousel_timer_started'====== Args={'ticks': 0, 'ticks_remaining': 1}
2026-03-01 15:24:52,421 : INFO : EventManager : Event: ======'timer_attract_carousel_timer_tick'====== Args={'ticks': 0, 'ticks_remaining': 1}
2026-03-01 15:24:57,421 : INFO : Timer.attract_carousel_timer : Timer Complete
2026-03-01 15:24:57,421 : INFO : Timer.attract_carousel_timer : Stopping Timer
2026-03-01 15:24:57,421 : INFO : EventManager : Event: ======'timer_attract_carousel_timer_stopped'====== Args={'ticks': 1, 'ticks_remaining': 1}
2026-03-01 15:24:57,421 : INFO : EventManager : Event: ======'timer_attract_carousel_timer_complete'====== Args={'ticks': 1, 'ticks_remaining': 1}
2026-03-01 15:24:57,422 : INFO : EventManager : Event: ======'carousel_item_highlighted'====== Args={'carousel': 'attract', 'direction': 'forwards', 'item': 'credits'}
2026-03-01 15:24:57,422 : INFO : Timer.attract_carousel_timer : Starting Timer.
2026-03-01 15:24:57,422 : INFO : EventManager : Event: ======'timer_attract_carousel_timer_started'====== Args={'ticks': 0, 'ticks_remaining': 1}
2026-03-01 15:24:57,422 : INFO : EventManager : Event: ======'timer_attract_carousel_timer_tick'====== Args={'ticks': 0, 'ticks_remaining': 1}
2026-03-01 15:25:02,422 : INFO : Timer.attract_carousel_timer : Timer Complete
2026-03-01 15:25:02,422 : INFO : Timer.attract_carousel_timer : Stopping Timer
2026-03-01 15:25:02,423 : INFO : EventManager : Event: ======'timer_attract_carousel_timer_stopped'====== Args={'ticks': 1, 'ticks_remaining': 1}
2026-03-01 15:25:02,423 : INFO : EventManager : Event: ======'timer_attract_carousel_timer_complete'====== Args={'ticks': 1, 'ticks_remaining': 1}
2026-03-01 15:25:02,423 : INFO : EventManager : Event: ======'carousel_item_highlighted'====== Args={'carousel': 'attract', 'direction': 'forwards', 'item': 'logo'}
2026-03-01 15:25:02,423 : INFO : Timer.attract_carousel_timer : Starting Timer.
2026-03-01 15:25:02,423 : INFO : EventManager : Event: ======'timer_attract_carousel_timer_started'====== Args={'ticks': 0, 'ticks_remaining': 1}
2026-03-01 15:25:02,423 : INFO : EventManager : Event: ======'timer_attract_carousel_timer_tick'====== Args={'ticks': 0, 'ticks_remaining': 1}
2026-03-01 15:25:03,296 : INFO : Machine : Shutting down...
2026-03-01 15:25:03,296 : INFO : EventManager : Event: ======'shutdown'====== Args={}
2026-03-01 15:25:03,407 : INFO : root : MPF run loop ended.
