2026-03-01 12:06:07,155 : INFO : root : Loading config.
2026-03-01 12:06:07,527 : INFO : ConfigProcessor : Config spec file cache created: /var/folders/1s/015t8n3n70gcr2ch4xflj4yr0000gn/T/config_spec.mpf_cache
2026-03-01 12:06:07,528 : INFO : YamlMultifileConfigLoader : Machine config file #1: config.yaml
2026-03-01 12:06:07,528 : INFO : ConfigProcessor : Loading config from cache: /var/folders/1s/015t8n3n70gcr2ch4xflj4yr0000gn/T/954ddabc670342668a09b03520c7eb79.mpf_cache
2026-03-01 12:06:07,591 : INFO : ConfigProcessor : Loading config from cache: /var/folders/1s/015t8n3n70gcr2ch4xflj4yr0000gn/T/64218df07edc412f774c53ffb33c812d.mpf_cache
2026-03-01 12:06:07,592 : INFO : ConfigProcessor : Loading config from cache: /var/folders/1s/015t8n3n70gcr2ch4xflj4yr0000gn/T/767518d75df2d86a4d35c1fb94c70abd.mpf_cache
2026-03-01 12:06:07,592 : INFO : ConfigProcessor : Loading config from cache: /var/folders/1s/015t8n3n70gcr2ch4xflj4yr0000gn/T/64218df07edc412f774c53ffb33c812d.mpf_cache
2026-03-01 12:06:07,592 : INFO : ConfigProcessor : Loading config from cache: /var/folders/1s/015t8n3n70gcr2ch4xflj4yr0000gn/T/73548cb541cc3751ae5711fe0817282a.mpf_cache
2026-03-01 12:06:07,593 : INFO : ConfigProcessor : Loading config from cache: /var/folders/1s/015t8n3n70gcr2ch4xflj4yr0000gn/T/57f006170cd447d443f971cd8b826597.mpf_cache
2026-03-01 12:06:07,593 : INFO : ConfigProcessor : Loading config from cache: /var/folders/1s/015t8n3n70gcr2ch4xflj4yr0000gn/T/adb0ea3e4ccf2dafa758999a39c1d676.mpf_cache
2026-03-01 12:06:07,594 : INFO : Machine : Mission Pinball Framework Core Engine v0.80.0.dev13
2026-03-01 12:06:07,594 : INFO : Machine : Command line arguments: {'no_load_cache': False, 'create_config_cache': True, 'bcp': True, 'configfile': ['config.yaml'], 'force_assets_load': False, 'platform_integration_test': False, 'jsonlogging': False, 'logfile': 'logs/2026-03-01-12-06-07-mpf-ANDREs-Mac-mini.local.log', 'pause': False, 'production': False, 'text_ui': True, 'loglevel': 15, 'consoleloglevel': 20, 'force_platform': None, 'syslog_address': None, 'full_logfile_path': '/Users/pinball/NapoleonDynamite/logs/2026-03-01-12-06-07-mpf-ANDREs-Mac-mini.local.log'}
2026-03-01 12:06:07,594 : INFO : Machine : MPF path: /Users/pinball/mpf/lib/python3.14/site-packages/mpf
2026-03-01 12:06:07,594 : INFO : Machine : Machine path: /Users/pinball/NapoleonDynamite
2026-03-01 12:06:07,594 : INFO : Machine : Platform: darwin
2026-03-01 12:06:07,594 : INFO : Machine : Python executable location: /Users/pinball/mpf/bin/python3.14
2026-03-01 12:06:07,594 : INFO : Machine : Python version: 3.14.3 (64-bit)
2026-03-01 12:06:07,595 : INFO : Machine : Initializing MPF...
2026-03-01 12:06:07,680 : INFO : FAST : Auto-detecting ports for the following connections: ['net', 'exp']
2026-03-01 12:06:07,703 : INFO : FAST : Detected NET on port /dev/cu.usbmodem14101
2026-03-01 12:06:08,706 : INFO : FAST : Detected EXP on port /dev/cu.usbmodem14103
2026-03-01 12:06:08,809 : INFO : FAST [NET] : Trying to connect to /dev/cu.usbmodem14101 at 921600bps
2026-03-01 12:06:08,814 : INFO : FAST [NET] : Connected to /dev/cu.usbmodem14101 at 921600bps
2026-03-01 12:06:08,817 : INFO : FAST [NET] : Connected to FP-CPU-2000 with firmware v02.26
2026-03-01 12:06:08,819 : INFO : FAST [NET] : Registered I/O Board 0: Model: FP-I/O-0024, Firmware: 01.10, Switches: 24, Drivers: 8
2026-03-01 12:06:08,820 : INFO : FAST [NET] : Registered I/O Board 1: Model: FP-I/O-3208, Firmware: 01.10, Switches: 32, Drivers: 8
2026-03-01 12:06:08,822 : INFO : FAST [NET] : Registered I/O Board 2: Model: FP-I/O-0804, Firmware: 01.10, Switches: 8, Drivers: 4
2026-03-01 12:06:08,823 : INFO : FAST [EXP] : Trying to connect to /dev/cu.usbmodem14103 at 921600bps
2026-03-01 12:06:08,828 : INFO : FAST [EXP] : Connected to /dev/cu.usbmodem14103 at 921600bps
2026-03-01 12:06:08,829 : INFO : FAST [EXP] : Verifying hardware for EXP "neuron" (FP-EXP-2000, @48) with ID string "EXP FP-EXP-2000  0.34", board address 48
2026-03-01 12:06:08,831 : INFO : FAST [EXP] : Verifying hardware for EXP "neuron" (FP-EXP-2000, @48) with ID string "LED FP-BRK-0001  0.8", board address 480
2026-03-01 12:06:08,832 : INFO : EventManager : Event: ======'machine_var_credits_string'====== Args={'value': 'FREE PLAY', 'prev_value': None, 'change': True}
2026-03-01 12:06:08,849 : INFO : EventManager : Event: ======'machine_var_master_volume'====== Args={'value': 0.5, 'prev_value': None, 'change': True}
2026-03-01 12:06:08,850 : INFO : EventManager : Event: ======'machine_var_mpf_version'====== Args={'value': 'Mission Pinball Framework v0.80.0.dev13', 'prev_value': None, 'change': True}
2026-03-01 12:06:08,850 : INFO : EventManager : Event: ======'machine_var_mpf_extended_version'====== Args={'value': 'Mission Pinball Framework v0.80.0.dev13, Config version:6, Show version: 6, BCP version:1.1', 'prev_value': None, 'change': True}
2026-03-01 12:06:08,850 : INFO : EventManager : Event: ======'machine_var_python_version'====== Args={'value': '3.14.3', 'prev_value': None, 'change': True}
2026-03-01 12:06:08,870 : INFO : EventManager : Event: ======'machine_var_platform'====== Args={'value': 'macOS-14.8.4-x86_64-i386-64bit-Mach-O', 'prev_value': None, 'change': True}
2026-03-01 12:06:08,870 : INFO : EventManager : Event: ======'machine_var_platform_system'====== Args={'value': 'Darwin', 'prev_value': None, 'change': True}
2026-03-01 12:06:08,870 : INFO : EventManager : Event: ======'machine_var_platform_release'====== Args={'value': '23.6.0', 'prev_value': None, 'change': True}
2026-03-01 12:06:08,870 : INFO : EventManager : Event: ======'machine_var_platform_version'====== Args={'value': 'Darwin Kernel Version 23.6.0: Mon Jan 19 22:02:22 PST 2026; root:xnu-10063.141.1.710.3~1/RELEASE_X86_64', 'prev_value': None, 'change': True}
2026-03-01 12:06:08,870 : INFO : EventManager : Event: ======'machine_var_platform_machine'====== Args={'value': 'x86_64', 'prev_value': None, 'change': True}
2026-03-01 12:06:08,870 : INFO : EventManager : Event: ======'machine_var_log_file_path'====== Args={'value': '/Users/pinball/NapoleonDynamite/logs/2026-03-01-12-06-07-mpf-ANDREs-Mac-mini.local.log', 'prev_value': None, 'change': True}
2026-03-01 12:06:08,871 : INFO : EventManager : Event: ======'init_phase_1'====== Args={}
2026-03-01 12:06:09,111 : INFO : SwitchController : <<<<<<< 's_flipper_left_eos' active >>>>>>>
2026-03-01 12:06:09,111 : INFO : SwitchController : <<<<<<< 's_flipper_right_lower_eos' active >>>>>>>
2026-03-01 12:06:09,111 : INFO : SwitchController : <<<<<<< 's_trough_1' active >>>>>>>
2026-03-01 12:06:09,111 : INFO : SwitchController : <<<<<<< 's_trough_2' active >>>>>>>
2026-03-01 12:06:09,112 : INFO : SwitchController : <<<<<<< 's_trough_3' active >>>>>>>
2026-03-01 12:06:09,112 : INFO : SwitchController : <<<<<<< 's_trough_4' active >>>>>>>
2026-03-01 12:06:09,112 : INFO : SwitchController : <<<<<<< 's_trough_5' active >>>>>>>
2026-03-01 12:06:09,112 : INFO : SwitchController : <<<<<<< 's_trough_6' active >>>>>>>
2026-03-01 12:06:09,112 : INFO : SwitchController : <<<<<<< 's_trough_7' active >>>>>>>
2026-03-01 12:06:09,112 : INFO : SwitchController : <<<<<<< 's_bumper_lower' active >>>>>>>
2026-03-01 12:06:09,112 : INFO : SwitchController : <<<<<<< 's_bumper_upper' active >>>>>>>
2026-03-01 12:06:09,112 : INFO : SwitchController : <<<<<<< 's_inlane_right_2' active >>>>>>>
2026-03-01 12:06:09,112 : INFO : SwitchController : <<<<<<< 's_inlane_left' active >>>>>>>
2026-03-01 12:06:09,144 : INFO : EventManager : Event: ======'init_phase_2'====== Args={}
2026-03-01 12:06:09,145 : INFO : SwitchController : Found active switch: (37, [FAST Platform Interface]) <switch.s_flipper_left_eos>
2026-03-01 12:06:09,145 : INFO : SwitchController : Found active switch: (32, [FAST Platform Interface]) <switch.s_flipper_right_lower_eos>
2026-03-01 12:06:09,145 : INFO : SwitchController : Found active switch: (24, [FAST Platform Interface]) <switch.s_trough_1>
2026-03-01 12:06:09,145 : INFO : SwitchController : Found active switch: (25, [FAST Platform Interface]) <switch.s_trough_2>
2026-03-01 12:06:09,145 : INFO : SwitchController : Found active switch: (26, [FAST Platform Interface]) <switch.s_trough_3>
2026-03-01 12:06:09,145 : INFO : SwitchController : Found active switch: (27, [FAST Platform Interface]) <switch.s_trough_4>
2026-03-01 12:06:09,145 : INFO : SwitchController : Found active switch: (28, [FAST Platform Interface]) <switch.s_trough_5>
2026-03-01 12:06:09,146 : INFO : SwitchController : Found active switch: (29, [FAST Platform Interface]) <switch.s_trough_6>
2026-03-01 12:06:09,146 : INFO : SwitchController : Found active switch: (30, [FAST Platform Interface]) <switch.s_trough_7>
2026-03-01 12:06:09,146 : INFO : SwitchController : Found active switch: (41, [FAST Platform Interface]) <switch.s_bumper_lower>
2026-03-01 12:06:09,146 : INFO : SwitchController : Found active switch: (42, [FAST Platform Interface]) <switch.s_bumper_upper>
2026-03-01 12:06:09,146 : INFO : SwitchController : Found active switch: (36, [FAST Platform Interface]) <switch.s_inlane_right_2>
2026-03-01 12:06:09,146 : INFO : SwitchController : Found active switch: (39, [FAST Platform Interface]) <switch.s_inlane_left>
2026-03-01 12:06:09,152 : INFO : EventManager : Event: ======'bcp_connection_attempt'====== Args={'name': 'local_display', 'host': 'localhost', 'port': 5050}
2026-03-01 12:06:09,153 : INFO : BCPClientSocket : Connecting BCP to 'local_display' at localhost:5050...
2026-03-01 12:06:09,159 : INFO : BCPClientSocket : Connected BCP to 'local_display' localhost:5050
2026-03-01 12:06:09,161 : INFO : EventManager : Event: ======'bcp_clients_connected'====== Args={}
2026-03-01 12:06:09,612 : INFO : ball_device.bd_trough : BCH: Initial count: 7
2026-03-01 12:06:09,613 : INFO : ball_device.bd_trough : State: idle
2026-03-01 12:06:09,614 : INFO : ball_device.bd_plunger : BCH: Initial count: 0
2026-03-01 12:06:09,614 : INFO : ball_device.bd_plunger : State: idle
2026-03-01 12:06:09,628 : INFO : EventManager : Event: ======'init_phase_3'====== Args={}
2026-03-01 12:06:09,631 : INFO : EventManager : Event: ======'init_phase_4'====== Args={}
2026-03-01 12:06:09,632 : INFO : BallController : Initial balls found: 7
2026-03-01 12:06:09,633 : INFO : EventManager : Event: ======'machine_var_audits_events_game_ended'====== Args={'value': 0, 'prev_value': None, 'change': True}
2026-03-01 12:06:09,633 : INFO : EventManager : Event: ======'machine_var_audits_events_game_started'====== Args={'value': 17, 'prev_value': None, 'change': True}
2026-03-01 12:06:09,633 : INFO : EventManager : Event: ======'machine_var_audits_missing_switches_s_bumper_lower'====== Args={'value': 8, 'prev_value': None, 'change': True}
2026-03-01 12:06:09,633 : INFO : EventManager : Event: ======'machine_var_audits_missing_switches_s_bumper_upper'====== Args={'value': 9, 'prev_value': None, 'change': True}
2026-03-01 12:06:09,633 : INFO : EventManager : Event: ======'machine_var_audits_missing_switches_s_flipper_right_upper_eos'====== Args={'value': 3, 'prev_value': None, 'change': True}
2026-03-01 12:06:09,634 : INFO : EventManager : Event: ======'machine_var_audits_missing_switches_s_inlane_left'====== Args={'value': 8, 'prev_value': None, 'change': True}
2026-03-01 12:06:09,634 : INFO : EventManager : Event: ======'machine_var_audits_missing_switches_s_inlane_right_2'====== Args={'value': 8, 'prev_value': None, 'change': True}
2026-03-01 12:06:09,634 : INFO : EventManager : Event: ======'machine_var_audits_missing_switches_s_scoop_tina'====== Args={'value': 5, 'prev_value': None, 'change': True}
2026-03-01 12:06:09,634 : INFO : EventManager : Event: ======'machine_var_audits_missing_switches_s_start'====== Args={'value': 2, 'prev_value': None, 'change': True}
2026-03-01 12:06:09,634 : INFO : EventManager : Event: ======'machine_var_audits_player_score'====== Args={'value': {'average': 0, 'top': [], 'total': 0}, 'prev_value': None, 'change': True}
2026-03-01 12:06:09,634 : INFO : EventManager : Event: ======'machine_var_audits_shots_bumper_lower'====== Args={'value': 76, 'prev_value': None, 'change': True}
2026-03-01 12:06:09,634 : INFO : EventManager : Event: ======'machine_var_audits_shots_bumper_upper'====== Args={'value': 81, 'prev_value': None, 'change': True}
2026-03-01 12:06:09,634 : INFO : EventManager : Event: ======'machine_var_audits_shots_hurryup'====== Args={'value': 3, 'prev_value': None, 'change': True}
2026-03-01 12:06:09,634 : INFO : EventManager : Event: ======'machine_var_audits_shots_inlane_left'====== Args={'value': 17, 'prev_value': None, 'change': True}
2026-03-01 12:06:09,634 : INFO : EventManager : Event: ======'machine_var_audits_shots_left_lane'====== Args={'value': 8, 'prev_value': None, 'change': True}
2026-03-01 12:06:09,634 : INFO : EventManager : Event: ======'machine_var_audits_switches_s_bumper_lower'====== Args={'value': 76, 'prev_value': None, 'change': True}
2026-03-01 12:06:09,634 : INFO : EventManager : Event: ======'machine_var_audits_switches_s_bumper_upper'====== Args={'value': 81, 'prev_value': None, 'change': True}
2026-03-01 12:06:09,635 : INFO : EventManager : Event: ======'machine_var_audits_switches_s_flipper_left'====== Args={'value': 264, 'prev_value': None, 'change': True}
2026-03-01 12:06:09,635 : INFO : EventManager : Event: ======'machine_var_audits_switches_s_flipper_left_eos'====== Args={'value': 147, 'prev_value': None, 'change': True}
2026-03-01 12:06:09,635 : INFO : EventManager : Event: ======'machine_var_audits_switches_s_flipper_right_lower'====== Args={'value': 261, 'prev_value': None, 'change': True}
2026-03-01 12:06:09,635 : INFO : EventManager : Event: ======'machine_var_audits_switches_s_flipper_right_lower_eos'====== Args={'value': 140, 'prev_value': None, 'change': True}
2026-03-01 12:06:09,635 : INFO : EventManager : Event: ======'machine_var_audits_switches_s_flipper_right_upper'====== Args={'value': 279, 'prev_value': None, 'change': True}
2026-03-01 12:06:09,635 : INFO : EventManager : Event: ======'machine_var_audits_switches_s_flipper_right_upper_eos'====== Args={'value': 43, 'prev_value': None, 'change': True}
2026-03-01 12:06:09,635 : INFO : EventManager : Event: ======'machine_var_audits_switches_s_inlane_left'====== Args={'value': 27, 'prev_value': None, 'change': True}
2026-03-01 12:06:09,635 : INFO : EventManager : Event: ======'machine_var_audits_switches_s_inlane_right_1'====== Args={'value': 14, 'prev_value': None, 'change': True}
2026-03-01 12:06:09,636 : INFO : EventManager : Event: ======'machine_var_audits_switches_s_inlane_right_2'====== Args={'value': 3, 'prev_value': None, 'change': True}
2026-03-01 12:06:09,636 : INFO : EventManager : Event: ======'machine_var_audits_switches_s_plunger_lane'====== Args={'value': 17, 'prev_value': None, 'change': True}
2026-03-01 12:06:09,636 : INFO : EventManager : Event: ======'machine_var_audits_switches_s_scoop_tina'====== Args={'value': 1, 'prev_value': None, 'change': True}
2026-03-01 12:06:09,636 : INFO : EventManager : Event: ======'machine_var_audits_switches_s_sling_left'====== Args={'value': 179, 'prev_value': None, 'change': True}
2026-03-01 12:06:09,636 : INFO : EventManager : Event: ======'machine_var_audits_switches_s_sling_right'====== Args={'value': 16, 'prev_value': None, 'change': True}
2026-03-01 12:06:09,636 : INFO : EventManager : Event: ======'machine_var_audits_switches_s_start'====== Args={'value': 25, 'prev_value': None, 'change': True}
2026-03-01 12:06:09,636 : INFO : EventManager : Event: ======'machine_var_audits_switches_s_trough_1'====== Args={'value': 39, 'prev_value': None, 'change': True}
2026-03-01 12:06:09,636 : INFO : EventManager : Event: ======'machine_var_audits_switches_s_trough_2'====== Args={'value': 47, 'prev_value': None, 'change': True}
2026-03-01 12:06:09,636 : INFO : EventManager : Event: ======'machine_var_audits_switches_s_trough_3'====== Args={'value': 55, 'prev_value': None, 'change': True}
2026-03-01 12:06:09,637 : INFO : EventManager : Event: ======'machine_var_audits_switches_s_trough_4'====== Args={'value': 68, 'prev_value': None, 'change': True}
2026-03-01 12:06:09,637 : INFO : EventManager : Event: ======'machine_var_audits_switches_s_trough_5'====== Args={'value': 76, 'prev_value': None, 'change': True}
2026-03-01 12:06:09,637 : INFO : EventManager : Event: ======'machine_var_audits_switches_s_trough_6'====== Args={'value': 80, 'prev_value': None, 'change': True}
2026-03-01 12:06:09,637 : INFO : EventManager : Event: ======'machine_var_audits_switches_s_trough_7'====== Args={'value': 46, 'prev_value': None, 'change': True}
2026-03-01 12:06:09,638 : INFO : EventManager : Event: ======'init_phase_5'====== Args={}
2026-03-01 12:06:09,638 : INFO : ball_device.bd_trough : BCH: Count is unstable. Trying to reorder balls.
2026-03-01 12:06:09,639 : WARNING : ball_device.bd_trough : Cannot reorder device because eject_coil_reorder_pulse is not configured
2026-03-01 12:06:09,639 : INFO : ball_device.bd_trough : BCH: Repulse done. Waiting for balls to settle.
2026-03-01 12:06:09,639 : INFO : ball_device.bd_trough : BCH: Reordered count: 7
2026-03-01 12:06:09,639 : INFO : EventManager : Event: ======'init_done'====== Args={}
2026-03-01 12:06:09,640 : INFO : EventManager : Event: ======'machine_reset_phase_1'====== Args={}
2026-03-01 12:06:09,685 : INFO : EventManager : Event: ======'machine_reset_phase_2'====== Args={}
2026-03-01 12:06:09,686 : INFO : EventManager : Event: ======'machine_reset_phase_3'====== Args={}
2026-03-01 12:06:09,687 : INFO : EventManager : Event: ======'reset_complete'====== Args={}
2026-03-01 12:06:09,688 : INFO : EventManager : Event: ======'mode_attract_will_start'====== Args={}
2026-03-01 12:06:09,688 : INFO : Timer.attract_carousel_timer : Starting Timer.
2026-03-01 12:06:09,689 : INFO : EventManager : Event: ======'timer_attract_carousel_timer_started'====== Args={'ticks': 0, 'ticks_remaining': 1}
2026-03-01 12:06:09,689 : INFO : EventManager : Event: ======'timer_attract_carousel_timer_tick'====== Args={'ticks': 0, 'ticks_remaining': 1}
2026-03-01 12:06:09,690 : INFO : EventManager : Event: ======'mode_attract_starting'====== Args={}
2026-03-01 12:06:09,690 : INFO : Mode.attract : Started. Priority: 10
2026-03-01 12:06:09,690 : INFO : EventManager : Event: ======'modes_active_modes_changed'====== Args={}
2026-03-01 12:06:09,690 : INFO : EventManager : Event: ======'mode_attract_started'====== Args={}
2026-03-01 12:06:09,691 : INFO : EventManager : Event: ======'collecting_balls_complete'====== Args={}
2026-03-01 12:06:09,692 : INFO : EventManager : Event: ======'carousel_item_highlighted'====== Args={'carousel': 'attract', 'direction': None, 'item': 'title'}
2026-03-01 12:06:09,692 : INFO : EventManager : Event: ======'timer_attract_carousel_timer_tick'====== Args={'ticks': 0, 'ticks_remaining': 1}
2026-03-01 12:06:09,693 : INFO : Machine : Starting the main run loop with active modes: [<Mode.attract>]
2026-03-01 12:06:09,875 : INFO : EventManager : Event: ======'slide_attract_created'====== Args={'_from_bcp': True}
2026-03-01 12:06:09,875 : INFO : EventManager : Event: ======'slide__removed'====== Args={'_from_bcp': True}
2026-03-01 12:06:09,876 : INFO : EventManager : Event: ======'slide_attract_active'====== Args={'original_context': 'attract', 'original_calling_context': 'mode_attract_started', 'priority': 10.0, 'cmd': 'slides_play', '_from_bcp': True}
2026-03-01 12:06:13,149 : INFO : SwitchController : <<<<<<< 's_trough_5' inactive >>>>>>>
2026-03-01 12:06:13,172 : INFO : SwitchController : <<<<<<< 's_trough_5' active >>>>>>>
2026-03-01 12:06:13,205 : INFO : SwitchController : <<<<<<< 's_trough_4' inactive >>>>>>>
2026-03-01 12:06:13,301 : INFO : SwitchController : <<<<<<< 's_trough_4' active >>>>>>>
2026-03-01 12:06:13,314 : INFO : SwitchController : <<<<<<< 's_trough_3' inactive >>>>>>>
2026-03-01 12:06:13,393 : INFO : SwitchController : <<<<<<< 's_trough_3' active >>>>>>>
2026-03-01 12:06:13,402 : INFO : SwitchController : <<<<<<< 's_trough_2' inactive >>>>>>>
2026-03-01 12:06:13,449 : INFO : SwitchController : <<<<<<< 's_trough_6' inactive >>>>>>>
2026-03-01 12:06:13,469 : INFO : SwitchController : <<<<<<< 's_trough_2' active >>>>>>>
2026-03-01 12:06:13,475 : INFO : SwitchController : <<<<<<< 's_trough_1' inactive >>>>>>>
2026-03-01 12:06:13,519 : INFO : SwitchController : <<<<<<< 's_trough_4' inactive >>>>>>>
2026-03-01 12:06:13,592 : INFO : SwitchController : <<<<<<< 's_trough_4' active >>>>>>>
2026-03-01 12:06:13,605 : INFO : SwitchController : <<<<<<< 's_trough_3' inactive >>>>>>>
2026-03-01 12:06:13,645 : INFO : SwitchController : <<<<<<< 's_trough_4' inactive >>>>>>>
2026-03-01 12:06:13,670 : INFO : SwitchController : <<<<<<< 's_trough_4' active >>>>>>>
2026-03-01 12:06:13,677 : INFO : SwitchController : <<<<<<< 's_trough_3' active >>>>>>>
2026-03-01 12:06:13,685 : INFO : SwitchController : <<<<<<< 's_trough_2' inactive >>>>>>>
2026-03-01 12:06:13,698 : INFO : SwitchController : <<<<<<< 's_trough_4' inactive >>>>>>>
2026-03-01 12:06:13,796 : INFO : SwitchController : <<<<<<< 's_trough_6' active >>>>>>>
2026-03-01 12:06:13,816 : INFO : SwitchController : <<<<<<< 's_trough_5' inactive >>>>>>>
2026-03-01 12:06:13,931 : INFO : SwitchController : <<<<<<< 's_trough_4' active >>>>>>>
2026-03-01 12:06:13,939 : INFO : SwitchController : <<<<<<< 's_trough_5' active >>>>>>>
2026-03-01 12:06:13,949 : INFO : SwitchController : <<<<<<< 's_trough_3' inactive >>>>>>>
2026-03-01 12:06:13,950 : INFO : SwitchController : <<<<<<< 's_trough_4' inactive >>>>>>>
2026-03-01 12:06:14,693 : INFO : Timer.attract_carousel_timer : Timer Complete
2026-03-01 12:06:14,693 : INFO : Timer.attract_carousel_timer : Stopping Timer
2026-03-01 12:06:14,693 : INFO : EventManager : Event: ======'timer_attract_carousel_timer_stopped'====== Args={'ticks': 1, 'ticks_remaining': 1}
2026-03-01 12:06:14,693 : INFO : EventManager : Event: ======'timer_attract_carousel_timer_complete'====== Args={'ticks': 1, 'ticks_remaining': 1}
2026-03-01 12:06:14,693 : INFO : EventManager : Event: ======'carousel_item_highlighted'====== Args={'carousel': 'attract', 'direction': 'forwards', 'item': 'credits'}
2026-03-01 12:06:14,694 : INFO : Timer.attract_carousel_timer : Starting Timer.
2026-03-01 12:06:14,694 : INFO : EventManager : Event: ======'timer_attract_carousel_timer_started'====== Args={'ticks': 0, 'ticks_remaining': 1}
2026-03-01 12:06:14,694 : INFO : EventManager : Event: ======'timer_attract_carousel_timer_tick'====== Args={'ticks': 0, 'ticks_remaining': 1}
2026-03-01 12:06:14,922 : INFO : SwitchController : <<<<<<< 's_trough_4' active >>>>>>>
2026-03-01 12:06:14,955 : INFO : SwitchController : <<<<<<< 's_trough_5' inactive >>>>>>>
2026-03-01 12:06:15,045 : INFO : SwitchController : <<<<<<< 's_trough_4' inactive >>>>>>>
2026-03-01 12:06:15,141 : INFO : SwitchController : <<<<<<< 's_trough_5' active >>>>>>>
2026-03-01 12:06:15,177 : INFO : SwitchController : <<<<<<< 's_trough_6' inactive >>>>>>>
2026-03-01 12:06:15,334 : INFO : SwitchController : <<<<<<< 's_trough_6' active >>>>>>>
2026-03-01 12:06:15,370 : INFO : SwitchController : <<<<<<< 's_trough_5' inactive >>>>>>>
2026-03-01 12:06:19,694 : INFO : Timer.attract_carousel_timer : Timer Complete
2026-03-01 12:06:19,694 : INFO : Timer.attract_carousel_timer : Stopping Timer
2026-03-01 12:06:19,694 : INFO : EventManager : Event: ======'timer_attract_carousel_timer_stopped'====== Args={'ticks': 1, 'ticks_remaining': 1}
2026-03-01 12:06:19,694 : INFO : EventManager : Event: ======'timer_attract_carousel_timer_complete'====== Args={'ticks': 1, 'ticks_remaining': 1}
2026-03-01 12:06:19,695 : INFO : EventManager : Event: ======'carousel_item_highlighted'====== Args={'carousel': 'attract', 'direction': 'forwards', 'item': 'logo'}
2026-03-01 12:06:19,695 : INFO : Timer.attract_carousel_timer : Starting Timer.
2026-03-01 12:06:19,695 : INFO : EventManager : Event: ======'timer_attract_carousel_timer_started'====== Args={'ticks': 0, 'ticks_remaining': 1}
2026-03-01 12:06:19,695 : INFO : EventManager : Event: ======'timer_attract_carousel_timer_tick'====== Args={'ticks': 0, 'ticks_remaining': 1}
2026-03-01 12:06:20,239 : INFO : SwitchController : <<<<<<< 's_trough_6' inactive >>>>>>>
2026-03-01 12:06:20,740 : INFO : ball_device.bd_trough : BCH: Count is unstable. Trying to reorder balls.
2026-03-01 12:06:20,740 : WARNING : ball_device.bd_trough : Cannot reorder device because eject_coil_reorder_pulse is not configured
2026-03-01 12:06:20,741 : INFO : ball_device.bd_trough : BCH: Repulse done. Waiting for balls to settle.
2026-03-01 12:06:20,741 : INFO : ball_device.bd_trough : BCH: Count is unstable. Trying to reorder balls.
2026-03-01 12:06:20,741 : WARNING : ball_device.bd_trough : Cannot reorder device because eject_coil_reorder_pulse is not configured
2026-03-01 12:06:20,741 : INFO : ball_device.bd_trough : BCH: Repulse done. Waiting for balls to settle.
2026-03-01 12:06:20,742 : INFO : ball_device.bd_trough : BCH: Count is unstable. Trying to reorder balls.
2026-03-01 12:06:20,742 : WARNING : ball_device.bd_trough : Cannot reorder device because eject_coil_reorder_pulse is not configured
2026-03-01 12:06:20,742 : INFO : ball_device.bd_trough : BCH: Repulse done. Waiting for balls to settle.
2026-03-01 12:06:20,742 : INFO : ball_device.bd_trough : BCH: Count is unstable. Trying to reorder balls.
2026-03-01 12:06:20,742 : WARNING : ball_device.bd_trough : Cannot reorder device because eject_coil_reorder_pulse is not configured
2026-03-01 12:06:20,742 : INFO : ball_device.bd_trough : BCH: Repulse done. Waiting for balls to settle.
2026-03-01 12:06:22,202 : INFO : SwitchController : <<<<<<< 's_flipper_right_upper' active >>>>>>>
2026-03-01 12:06:22,203 : INFO : SwitchController : <<<<<<< 's_flipper_right_lower' active >>>>>>>
2026-03-01 12:06:22,204 : INFO : EventManager : Event: ======'s_flipper_right_lower_active'====== Args={}
2026-03-01 12:06:22,204 : INFO : EventManager : Event: ======'carousel_item_highlighted'====== Args={'carousel': 'attract', 'direction': 'forwards', 'item': 'title'}
2026-03-01 12:06:22,204 : INFO : EventManager : Event: ======'timer_attract_carousel_timer_tick'====== Args={'ticks': 0, 'ticks_remaining': 1}
2026-03-01 12:06:22,209 : INFO : SwitchController : <<<<<<< 's_flipper_right_upper' inactive >>>>>>>
2026-03-01 12:06:22,216 : INFO : SwitchController : <<<<<<< 's_flipper_right_lower' inactive >>>>>>>
2026-03-01 12:06:22,224 : INFO : SwitchController : <<<<<<< 's_flipper_right_lower' active >>>>>>>
2026-03-01 12:06:22,224 : INFO : EventManager : Event: ======'s_flipper_right_lower_active'====== Args={}
2026-03-01 12:06:22,224 : INFO : EventManager : Event: ======'carousel_item_highlighted'====== Args={'carousel': 'attract', 'direction': 'forwards', 'item': 'credits'}
2026-03-01 12:06:22,224 : INFO : EventManager : Event: ======'timer_attract_carousel_timer_tick'====== Args={'ticks': 0, 'ticks_remaining': 1}
2026-03-01 12:06:22,240 : INFO : SwitchController : <<<<<<< 's_flipper_right_lower_eos' inactive >>>>>>>
2026-03-01 12:06:22,285 : INFO : SwitchController : <<<<<<< 's_flipper_right_lower' inactive >>>>>>>
2026-03-01 12:06:22,386 : INFO : SwitchController : <<<<<<< 's_flipper_right_lower_eos' active >>>>>>>
2026-03-01 12:06:22,819 : INFO : SwitchController : <<<<<<< 's_flipper_left' active >>>>>>>
2026-03-01 12:06:22,819 : INFO : EventManager : Event: ======'s_flipper_left_active'====== Args={}
2026-03-01 12:06:22,819 : INFO : EventManager : Event: ======'carousel_item_highlighted'====== Args={'carousel': 'attract', 'direction': 'backwards', 'item': 'title'}
2026-03-01 12:06:22,820 : INFO : EventManager : Event: ======'timer_attract_carousel_timer_tick'====== Args={'ticks': 0, 'ticks_remaining': 1}
2026-03-01 12:06:22,842 : INFO : SwitchController : <<<<<<< 's_flipper_left_eos' inactive >>>>>>>
2026-03-01 12:06:22,969 : INFO : SwitchController : <<<<<<< 's_flipper_left' inactive >>>>>>>
2026-03-01 12:06:23,054 : INFO : SwitchController : <<<<<<< 's_flipper_left_eos' active >>>>>>>
2026-03-01 12:06:23,400 : INFO : SwitchController : <<<<<<< 's_flipper_right_lower' active >>>>>>>
2026-03-01 12:06:23,400 : INFO : EventManager : Event: ======'s_flipper_right_lower_active'====== Args={}
2026-03-01 12:06:23,400 : INFO : EventManager : Event: ======'carousel_item_highlighted'====== Args={'carousel': 'attract', 'direction': 'forwards', 'item': 'credits'}
2026-03-01 12:06:23,401 : INFO : EventManager : Event: ======'timer_attract_carousel_timer_tick'====== Args={'ticks': 0, 'ticks_remaining': 1}
2026-03-01 12:06:23,404 : INFO : SwitchController : <<<<<<< 's_flipper_right_upper' active >>>>>>>
2026-03-01 12:06:23,432 : INFO : SwitchController : <<<<<<< 's_flipper_right_lower_eos' inactive >>>>>>>
2026-03-01 12:06:23,546 : INFO : SwitchController : <<<<<<< 's_flipper_right_upper' inactive >>>>>>>
2026-03-01 12:06:23,554 : INFO : SwitchController : <<<<<<< 's_flipper_right_lower' inactive >>>>>>>
2026-03-01 12:06:23,654 : INFO : SwitchController : <<<<<<< 's_flipper_right_lower_eos' active >>>>>>>
2026-03-01 12:06:23,995 : INFO : SwitchController : <<<<<<< 's_flipper_left' active >>>>>>>
2026-03-01 12:06:23,995 : INFO : EventManager : Event: ======'s_flipper_left_active'====== Args={}
2026-03-01 12:06:23,995 : INFO : EventManager : Event: ======'carousel_item_highlighted'====== Args={'carousel': 'attract', 'direction': 'backwards', 'item': 'title'}
2026-03-01 12:06:23,996 : INFO : EventManager : Event: ======'timer_attract_carousel_timer_tick'====== Args={'ticks': 0, 'ticks_remaining': 1}
2026-03-01 12:06:24,019 : INFO : SwitchController : <<<<<<< 's_flipper_left_eos' inactive >>>>>>>
2026-03-01 12:06:24,116 : INFO : SwitchController : <<<<<<< 's_flipper_left' inactive >>>>>>>
2026-03-01 12:06:24,202 : INFO : SwitchController : <<<<<<< 's_flipper_left_eos' active >>>>>>>
2026-03-01 12:06:26,004 : INFO : SwitchController : <<<<<<< 's_start' active >>>>>>>
2026-03-01 12:06:26,127 : INFO : SwitchController : <<<<<<< 's_start' inactive >>>>>>>
2026-03-01 12:06:26,127 : INFO : EventManager : Event: ======'request_to_start_game'====== Args={}
2026-03-01 12:06:26,127 : INFO : EventManager : Event: ======'game_start'====== Args={'buttons': [], 'hold_time': 0.12282297399997333}
2026-03-01 12:06:26,127 : INFO : EventManager : Event: ======'mode_game_will_start'====== Args={'buttons': [], 'hold_time': 0.12282297399997333}
2026-03-01 12:06:26,128 : INFO : EventManager : Event: ======'mode_game_starting'====== Args={'buttons': [], 'hold_time': 0.12282297399997333}
2026-03-01 12:06:26,128 : INFO : EventManager : Event: ======'mode_attract_will_stop'====== Args={}
2026-03-01 12:06:26,129 : INFO : EventManager : Event: ======'mode_attract_stopping'====== Args={}
2026-03-01 12:06:26,129 : INFO : Mode.attract : Stopped.
2026-03-01 12:06:26,129 : INFO : EventManager : Event: ======'modes_active_modes_changed'====== Args={}
2026-03-01 12:06:26,130 : INFO : EventManager : Event: ======'mode_attract_stopped'====== Args={}
2026-03-01 12:06:26,130 : INFO : EventManager : Event: ======'clear'====== Args={'key': 'attract'}
2026-03-01 12:06:26,130 : INFO : Timer.attract_carousel_timer : Stopping Timer
2026-03-01 12:06:26,130 : INFO : EventManager : Event: ======'timer_attract_carousel_timer_stopped'====== Args={'ticks': 0, 'ticks_remaining': 1}
2026-03-01 12:06:26,130 : INFO : Mode.game : Started. Priority: 20
2026-03-01 12:06:26,130 : INFO : EventManager : Event: ======'modes_active_modes_changed'====== Args={}
2026-03-01 12:06:26,130 : INFO : EventManager : Event: ======'mode_game_started'====== Args={'buttons': [], 'hold_time': 0.12282297399997333}
2026-03-01 12:06:26,131 : INFO : EventManager : Event: ======'game_will_start'====== Args={}
2026-03-01 12:06:26,132 : INFO : EventManager : Event: ======'game_starting'====== Args={'game': <Mode.game>}
2026-03-01 12:06:26,133 : INFO : EventManager : Unordered handler for class <Auditor> on event game_ended with priority 1. Handlers: [RegisteredHandler(callback=<bound method Auditor.disable of <Auditor>>, priority=1, kwargs={}, key=UUID('d1dc0499-2f63-4635-a0b8-caf216ef0565'), condition=None, blocking_facility=None), RegisteredHandler(callback=<bound method Auditor._save_audits of <Auditor>>, priority=1, kwargs={}, key=UUID('11cfe778-1a36-49a0-a51f-6b48b6b29471'), condition=None, blocking_facility=None)]. The order of those handlers is not defined and they will be executed in random order. This might lead to race conditions and potential bugs.
2026-03-01 12:06:26,133 : INFO : EventManager : Event: ======'player_add_request'====== Args={}
2026-03-01 12:06:26,134 : INFO : EventManager : Event: ======'player_will_add'====== Args={'number': 1}
2026-03-01 12:06:26,134 : INFO : EventManager : Event: ======'player_adding'====== Args={'player': <Player 1>, 'number': 1}
2026-03-01 12:06:26,134 : INFO : EventManager : Event: ======'player_added'====== Args={'player': <Player 1>, 'num': 1}
2026-03-01 12:06:26,134 : INFO : Mode.game : Player added successfully. Total players: 1
2026-03-01 12:06:26,134 : INFO : EventManager : Event: ======'player_index'====== Args={'value': 0, 'prev_value': 0, 'change': 0, 'player_num': 1}
2026-03-01 12:06:26,134 : INFO : EventManager : Event: ======'player_number'====== Args={'value': 1, 'prev_value': 1, 'change': 0, 'player_num': 1}
2026-03-01 12:06:26,135 : INFO : EventManager : Event: ======'player_score'====== Args={'value': 0, 'prev_value': 0, 'change': 0, 'player_num': 1}
2026-03-01 12:06:26,136 : INFO : EventManager : Event: ======'game_started'====== Args={}
2026-03-01 12:06:26,136 : INFO : EventManager : Event: ======'player_turn_will_start'====== Args={'player': <Player 1>, 'number': 1}
2026-03-01 12:06:26,149 : INFO : EventManager : Event: ======'player_turn_starting'====== Args={'player': <Player 1>, 'number': 1}
2026-03-01 12:06:26,149 : INFO : EventManager : Event: ======'player_ball'====== Args={'value': 1, 'prev_value': 0, 'change': 1, 'player_num': 1}
2026-03-01 12:06:26,150 : INFO : EventManager : Event: ======'player_turn_started'====== Args={'player': <Player 1>, 'number': 1}
2026-03-01 12:06:26,151 : INFO : EventManager : Event: ======'ball_will_start'====== Args={'player': 1, 'ball': 1, 'balls_remaining': 2, 'is_extra_ball': False}
2026-03-01 12:06:26,151 : INFO : EventManager : Event: ======'ball_starting'====== Args={'player': 1, 'ball': 1, 'balls_remaining': 2, 'is_extra_ball': False}
2026-03-01 12:06:26,152 : INFO : EventManager : Event: ======'mode_base_will_start'====== Args={'queue': <QueuedEvent>, 'player': 1, 'ball': 1, 'balls_remaining': 2, 'is_extra_ball': False}
2026-03-01 12:06:26,152 : INFO : EventManager : Event: ======'player_shot_left_lane_enabled'====== Args={'value': True, 'prev_value': 0, 'change': 1, 'player_num': 1}
2026-03-01 12:06:26,154 : INFO : EventManager : Event: ======'mode_base_starting'====== Args={'queue': <QueuedEvent>, 'player': 1, 'ball': 1, 'balls_remaining': 2, 'is_extra_ball': False}
2026-03-01 12:06:26,154 : INFO : Mode.base : Started. Priority: 100
2026-03-01 12:06:26,155 : INFO : EventManager : Event: ======'modes_active_modes_changed'====== Args={}
2026-03-01 12:06:26,155 : INFO : EventManager : Event: ======'mode_base_started'====== Args={'queue': <QueuedEvent>, 'player': 1, 'ball': 1, 'balls_remaining': 2, 'is_extra_ball': False}
2026-03-01 12:06:26,155 : INFO : EventManager : Event: ======'start_mode_bumpers'====== Args={'priority': 0}
2026-03-01 12:06:26,156 : INFO : EventManager : Event: ======'mode_bumpers_will_start'====== Args={'priority': 0}
2026-03-01 12:06:26,156 : INFO : EventManager : Event: ======'player_shot_bumper_lower_enabled'====== Args={'value': True, 'prev_value': 0, 'change': 1, 'player_num': 1}
2026-03-01 12:06:26,157 : INFO : EventManager : Event: ======'player_shot_bumper_upper_enabled'====== Args={'value': True, 'prev_value': 0, 'change': 1, 'player_num': 1}
2026-03-01 12:06:26,158 : INFO : EventManager : Event: ======'bumpers_complete'====== Args={'state': 'unlit'}
2026-03-01 12:06:26,158 : INFO : EventManager : Event: ======'bumpers_unlit_complete'====== Args={}
2026-03-01 12:06:26,159 : INFO : EventManager : Event: ======'mode_bumpers_starting'====== Args={'priority': 0}
2026-03-01 12:06:26,159 : INFO : Mode.bumpers : Started. Priority: 200
2026-03-01 12:06:26,159 : INFO : EventManager : Event: ======'modes_active_modes_changed'====== Args={}
2026-03-01 12:06:26,159 : INFO : EventManager : Event: ======'mode_bumpers_started'====== Args={'priority': 0}
2026-03-01 12:06:26,159 : INFO : EventManager : Event: ======'balls_in_play'====== Args={'balls': 1}
2026-03-01 12:06:26,160 : INFO : EventManager : Event: ======'ball_started'====== Args={'player': 1, 'ball': 1, 'balls_remaining': 2, 'is_extra_ball': False}
2026-03-01 12:06:26,160 : INFO : EventManager : Event: ======'single_player_ball_started'====== Args={}
2026-03-01 12:06:26,164 : INFO : EventManager : Event: ======'ball_start_target'====== Args={'target': 'playfield'}
2026-03-01 12:06:26,164 : INFO : ball_device.bd_trough : Setting up player-controlled eject. Balls: 1, Target: <playfield.playfield>, player_controlled_eject_event: None
2026-03-01 12:06:26,164 : INFO : ball_device.bd_trough : Adding 1 ball(s) to the eject_queue with target <playfield.playfield>.
2026-03-01 12:06:26,164 : INFO : EventManager : Event: ======'balldevice_balls_available'====== Args={}
2026-03-01 12:06:26,165 : INFO : ball_device.bd_trough : BCH: Count is unstable. Trying to reorder balls.
2026-03-01 12:06:26,165 : WARNING : ball_device.bd_trough : Cannot reorder device because eject_coil_reorder_pulse is not configured
2026-03-01 12:06:26,165 : INFO : ball_device.bd_trough : BCH: Repulse done. Waiting for balls to settle.
2026-03-01 12:06:26,165 : INFO : ball_device.bd_trough : State: waiting_for_target_ready
2026-03-01 12:06:26,165 : INFO : EventManager : Event: ======'balldevice_bd_trough_ball_eject_attempt'====== Args={'balls': 1, 'target': <ball_device.bd_plunger>, 'source': <ball_device.bd_trough>, 'mechanical_eject': False, 'num_attempts': 0}
2026-03-01 12:06:26,165 : INFO : ball_device.bd_plunger : State: waiting_for_ball
2026-03-01 12:06:26,166 : INFO : ball_device.bd_trough : State: ejecting
2026-03-01 12:06:26,166 : INFO : ball_device.bd_trough : Ejecting ball to <ball_device.bd_plunger>
2026-03-01 12:06:26,166 : INFO : EventManager : Event: ======'balldevice_bd_trough_ejecting_ball'====== Args={'balls': 1, 'target': <ball_device.bd_plunger>, 'source': <ball_device.bd_trough>, 'mechanical_eject': False, 'num_attempts': 0}
2026-03-01 12:06:26,167 : INFO : ball_device.bd_trough : Wait for ball to leave device
2026-03-01 12:06:26,167 : INFO : coil.c_trough_eject : Pulsing Driver for 10ms (1.0 pulse_power)
2026-03-01 12:06:26,193 : INFO : SwitchController : <<<<<<< 's_trough_1' active >>>>>>>
2026-03-01 12:06:26,193 : INFO : EventManager : Event: ======'machine_var_audits_switches_s_trough_1'====== Args={'value': 40, 'prev_value': 39, 'change': 1}
2026-03-01 12:06:26,194 : INFO : SwitchController : <<<<<<< 's_trough_7' inactive >>>>>>>
2026-03-01 12:06:26,194 : INFO : ball_device.bd_trough : State: ball_left
2026-03-01 12:06:26,195 : INFO : ball_device.bd_trough : Ball left
2026-03-01 12:06:26,195 : INFO : ball_device.bd_trough : Wait for confirm with timeout 10.0
2026-03-01 12:06:26,227 : INFO : SwitchController : <<<<<<< 's_trough_7' active >>>>>>>
2026-03-01 12:06:26,228 : INFO : EventManager : Event: ======'machine_var_audits_switches_s_trough_7'====== Args={'value': 47, 'prev_value': 46, 'change': 1}
2026-03-01 12:06:26,251 : INFO : EventManager : Event: ======'slide_base_slide_created'====== Args={'_from_bcp': True}
2026-03-01 12:06:26,252 : INFO : EventManager : Event: ======'slide_attract_inactive'====== Args={'is_removing': True, '_from_bcp': True}
2026-03-01 12:06:26,252 : INFO : EventManager : Event: ======'slide_base_slide_active'====== Args={'original_context': 'base', 'original_calling_context': 'mode_base_started', 'priority': 100.0, 'queue': '<QueuedEvent>', 'player': 1.0, 'ball': 1.0, 'balls_remaining': 2.0, 'is_extra_ball': False, 'cmd': 'slides_play', '_from_bcp': True}
2026-03-01 12:06:26,252 : INFO : EventManager : Event: ======'slide_attract_removed'====== Args={'_from_bcp': True}
2026-03-01 12:06:26,370 : INFO : SwitchController : <<<<<<< 's_trough_7' inactive >>>>>>>
2026-03-01 12:06:26,379 : INFO : SwitchController : <<<<<<< 's_trough_5' active >>>>>>>
2026-03-01 12:06:26,379 : INFO : EventManager : Event: ======'machine_var_audits_switches_s_trough_5'====== Args={'value': 77, 'prev_value': 76, 'change': 1}
2026-03-01 12:06:26,379 : INFO : SwitchController : <<<<<<< 's_trough_6' active >>>>>>>
2026-03-01 12:06:26,379 : INFO : EventManager : Event: ======'machine_var_audits_switches_s_trough_6'====== Args={'value': 81, 'prev_value': 80, 'change': 1}
2026-03-01 12:06:26,380 : INFO : SwitchController : <<<<<<< 's_trough_4' active >>>>>>>
2026-03-01 12:06:26,380 : INFO : EventManager : Event: ======'machine_var_audits_switches_s_trough_4'====== Args={'value': 69, 'prev_value': 68, 'change': 1}
2026-03-01 12:06:26,383 : INFO : SwitchController : <<<<<<< 's_trough_3' active >>>>>>>
2026-03-01 12:06:26,383 : INFO : EventManager : Event: ======'machine_var_audits_switches_s_trough_3'====== Args={'value': 56, 'prev_value': 55, 'change': 1}
2026-03-01 12:06:26,384 : INFO : SwitchController : <<<<<<< 's_trough_2' active >>>>>>>
2026-03-01 12:06:26,384 : INFO : EventManager : Event: ======'machine_var_audits_switches_s_trough_2'====== Args={'value': 48, 'prev_value': 47, 'change': 1}
2026-03-01 12:06:26,400 : INFO : SwitchController : <<<<<<< 's_trough_3' inactive >>>>>>>
2026-03-01 12:06:26,400 : INFO : SwitchController : <<<<<<< 's_trough_6' inactive >>>>>>>
2026-03-01 12:06:26,401 : INFO : SwitchController : <<<<<<< 's_trough_1' inactive >>>>>>>
2026-03-01 12:06:26,401 : INFO : SwitchController : <<<<<<< 's_trough_2' inactive >>>>>>>
2026-03-01 12:06:26,434 : INFO : SwitchController : <<<<<<< 's_trough_5' inactive >>>>>>>
2026-03-01 12:06:26,517 : INFO : SwitchController : <<<<<<< 's_trough_6' active >>>>>>>
2026-03-01 12:06:26,518 : INFO : EventManager : Event: ======'machine_var_audits_switches_s_trough_6'====== Args={'value': 82, 'prev_value': 81, 'change': 1}
2026-03-01 12:06:26,522 : INFO : SwitchController : <<<<<<< 's_trough_5' active >>>>>>>
2026-03-01 12:06:26,523 : INFO : EventManager : Event: ======'machine_var_audits_switches_s_trough_5'====== Args={'value': 78, 'prev_value': 77, 'change': 1}
2026-03-01 12:06:26,571 : INFO : SwitchController : <<<<<<< 's_trough_4' inactive >>>>>>>
2026-03-01 12:06:26,802 : INFO : SwitchController : <<<<<<< 's_trough_6' inactive >>>>>>>
2026-03-01 12:06:26,946 : INFO : SwitchController : <<<<<<< 's_trough_6' active >>>>>>>
2026-03-01 12:06:26,947 : INFO : EventManager : Event: ======'machine_var_audits_switches_s_trough_6'====== Args={'value': 83, 'prev_value': 82, 'change': 1}
2026-03-01 12:06:26,960 : INFO : SwitchController : <<<<<<< 's_trough_5' inactive >>>>>>>
2026-03-01 12:06:27,998 : INFO : SwitchController : <<<<<<< 's_trough_6' inactive >>>>>>>
2026-03-01 12:06:28,141 : INFO : SwitchController : <<<<<<< 's_trough_6' active >>>>>>>
2026-03-01 12:06:28,141 : INFO : EventManager : Event: ======'machine_var_audits_switches_s_trough_6'====== Args={'value': 84, 'prev_value': 83, 'change': 1}
2026-03-01 12:06:28,275 : INFO : SwitchController : <<<<<<< 's_trough_6' inactive >>>>>>>
2026-03-01 12:06:28,409 : INFO : SwitchController : <<<<<<< 's_trough_6' active >>>>>>>
2026-03-01 12:06:28,409 : INFO : EventManager : Event: ======'machine_var_audits_switches_s_trough_6'====== Args={'value': 85, 'prev_value': 84, 'change': 1}
2026-03-01 12:06:28,423 : INFO : SwitchController : <<<<<<< 's_trough_6' inactive >>>>>>>
2026-03-01 12:06:28,464 : INFO : SwitchController : <<<<<<< 's_trough_7' active >>>>>>>
2026-03-01 12:06:28,464 : INFO : EventManager : Event: ======'machine_var_audits_switches_s_trough_7'====== Args={'value': 48, 'prev_value': 47, 'change': 1}
2026-03-01 12:06:28,467 : INFO : SwitchController : <<<<<<< 's_trough_4' active >>>>>>>
2026-03-01 12:06:28,467 : INFO : EventManager : Event: ======'machine_var_audits_switches_s_trough_4'====== Args={'value': 70, 'prev_value': 69, 'change': 1}
2026-03-01 12:06:28,468 : INFO : SwitchController : <<<<<<< 's_trough_1' active >>>>>>>
2026-03-01 12:06:28,468 : INFO : EventManager : Event: ======'machine_var_audits_switches_s_trough_1'====== Args={'value': 41, 'prev_value': 40, 'change': 1}
2026-03-01 12:06:28,469 : INFO : SwitchController : <<<<<<< 's_trough_7' inactive >>>>>>>
2026-03-01 12:06:28,478 : INFO : SwitchController : <<<<<<< 's_trough_6' active >>>>>>>
2026-03-01 12:06:28,478 : INFO : EventManager : Event: ======'machine_var_audits_switches_s_trough_6'====== Args={'value': 86, 'prev_value': 85, 'change': 1}
2026-03-01 12:06:28,483 : INFO : SwitchController : <<<<<<< 's_trough_4' inactive >>>>>>>
2026-03-01 12:06:28,491 : INFO : SwitchController : <<<<<<< 's_trough_5' active >>>>>>>
2026-03-01 12:06:28,492 : INFO : EventManager : Event: ======'machine_var_audits_switches_s_trough_5'====== Args={'value': 79, 'prev_value': 78, 'change': 1}
2026-03-01 12:06:28,497 : INFO : SwitchController : <<<<<<< 's_trough_5' inactive >>>>>>>
2026-03-01 12:06:28,505 : INFO : SwitchController : <<<<<<< 's_trough_5' active >>>>>>>
2026-03-01 12:06:28,505 : INFO : EventManager : Event: ======'machine_var_audits_switches_s_trough_5'====== Args={'value': 80, 'prev_value': 79, 'change': 1}
2026-03-01 12:06:28,506 : INFO : SwitchController : <<<<<<< 's_trough_4' active >>>>>>>
2026-03-01 12:06:28,506 : INFO : EventManager : Event: ======'machine_var_audits_switches_s_trough_4'====== Args={'value': 71, 'prev_value': 70, 'change': 1}
2026-03-01 12:06:28,507 : INFO : SwitchController : <<<<<<< 's_trough_2' active >>>>>>>
2026-03-01 12:06:28,507 : INFO : EventManager : Event: ======'machine_var_audits_switches_s_trough_2'====== Args={'value': 49, 'prev_value': 48, 'change': 1}
2026-03-01 12:06:28,507 : INFO : SwitchController : <<<<<<< 's_trough_3' active >>>>>>>
2026-03-01 12:06:28,507 : INFO : EventManager : Event: ======'machine_var_audits_switches_s_trough_3'====== Args={'value': 57, 'prev_value': 56, 'change': 1}
2026-03-01 12:06:28,519 : INFO : SwitchController : <<<<<<< 's_trough_3' inactive >>>>>>>
2026-03-01 12:06:28,519 : INFO : SwitchController : <<<<<<< 's_trough_1' inactive >>>>>>>
2026-03-01 12:06:28,520 : INFO : SwitchController : <<<<<<< 's_trough_2' inactive >>>>>>>
2026-03-01 12:06:28,541 : INFO : SwitchController : <<<<<<< 's_trough_7' active >>>>>>>
2026-03-01 12:06:28,542 : INFO : EventManager : Event: ======'machine_var_audits_switches_s_trough_7'====== Args={'value': 49, 'prev_value': 48, 'change': 1}
2026-03-01 12:06:28,612 : INFO : SwitchController : <<<<<<< 's_trough_7' inactive >>>>>>>
2026-03-01 12:06:28,843 : INFO : SwitchController : <<<<<<< 's_trough_3' active >>>>>>>
2026-03-01 12:06:28,843 : INFO : EventManager : Event: ======'machine_var_audits_switches_s_trough_3'====== Args={'value': 58, 'prev_value': 57, 'change': 1}
2026-03-01 12:06:28,890 : INFO : SwitchController : <<<<<<< 's_trough_4' inactive >>>>>>>
2026-03-01 12:06:29,028 : INFO : SwitchController : <<<<<<< 's_trough_3' inactive >>>>>>>
2026-03-01 12:06:29,035 : INFO : SwitchController : <<<<<<< 's_trough_4' active >>>>>>>
2026-03-01 12:06:29,035 : INFO : EventManager : Event: ======'machine_var_audits_switches_s_trough_4'====== Args={'value': 72, 'prev_value': 71, 'change': 1}
2026-03-01 12:06:29,041 : INFO : SwitchController : <<<<<<< 's_trough_3' active >>>>>>>
2026-03-01 12:06:29,042 : INFO : EventManager : Event: ======'machine_var_audits_switches_s_trough_3'====== Args={'value': 59, 'prev_value': 58, 'change': 1}
2026-03-01 12:06:29,048 : INFO : SwitchController : <<<<<<< 's_trough_5' inactive >>>>>>>
2026-03-01 12:06:29,116 : INFO : SwitchController : <<<<<<< 's_trough_4' inactive >>>>>>>
2026-03-01 12:06:29,122 : INFO : SwitchController : <<<<<<< 's_trough_2' active >>>>>>>
2026-03-01 12:06:29,123 : INFO : EventManager : Event: ======'machine_var_audits_switches_s_trough_2'====== Args={'value': 50, 'prev_value': 49, 'change': 1}
2026-03-01 12:06:29,136 : INFO : SwitchController : <<<<<<< 's_trough_1' active >>>>>>>
2026-03-01 12:06:29,137 : INFO : EventManager : Event: ======'machine_var_audits_switches_s_trough_1'====== Args={'value': 42, 'prev_value': 41, 'change': 1}
2026-03-01 12:06:29,160 : INFO : SwitchController : <<<<<<< 's_trough_4' active >>>>>>>
2026-03-01 12:06:29,160 : INFO : EventManager : Event: ======'machine_var_audits_switches_s_trough_4'====== Args={'value': 73, 'prev_value': 72, 'change': 1}
2026-03-01 12:06:29,190 : INFO : SwitchController : <<<<<<< 's_trough_5' active >>>>>>>
2026-03-01 12:06:29,190 : INFO : EventManager : Event: ======'machine_var_audits_switches_s_trough_5'====== Args={'value': 81, 'prev_value': 80, 'change': 1}
2026-03-01 12:06:29,207 : INFO : SwitchController : <<<<<<< 's_plunger_lane' active >>>>>>>
2026-03-01 12:06:29,207 : INFO : EventManager : Event: ======'machine_var_audits_switches_s_plunger_lane'====== Args={'value': 18, 'prev_value': 17, 'change': 1}
2026-03-01 12:06:29,221 : INFO : SwitchController : <<<<<<< 's_trough_6' inactive >>>>>>>
2026-03-01 12:06:29,243 : INFO : SwitchController : <<<<<<< 's_trough_2' inactive >>>>>>>
2026-03-01 12:06:29,269 : INFO : SwitchController : <<<<<<< 's_trough_3' inactive >>>>>>>
2026-03-01 12:06:29,314 : INFO : SwitchController : <<<<<<< 's_trough_4' inactive >>>>>>>
2026-03-01 12:06:29,403 : INFO : SwitchController : <<<<<<< 's_trough_4' active >>>>>>>
2026-03-01 12:06:29,404 : INFO : EventManager : Event: ======'machine_var_audits_switches_s_trough_4'====== Args={'value': 74, 'prev_value': 73, 'change': 1}
2026-03-01 12:06:29,414 : INFO : SwitchController : <<<<<<< 's_trough_5' inactive >>>>>>>
2026-03-01 12:06:29,442 : INFO : SwitchController : <<<<<<< 's_trough_5' active >>>>>>>
2026-03-01 12:06:29,442 : INFO : EventManager : Event: ======'machine_var_audits_switches_s_trough_5'====== Args={'value': 82, 'prev_value': 81, 'change': 1}
2026-03-01 12:06:29,481 : INFO : SwitchController : <<<<<<< 's_trough_4' inactive >>>>>>>
2026-03-01 12:06:29,514 : INFO : SwitchController : <<<<<<< 's_trough_7' active >>>>>>>
2026-03-01 12:06:29,514 : INFO : EventManager : Event: ======'machine_var_audits_switches_s_trough_7'====== Args={'value': 50, 'prev_value': 49, 'change': 1}
2026-03-01 12:06:29,515 : INFO : SwitchController : <<<<<<< 's_trough_1' inactive >>>>>>>
2026-03-01 12:06:29,673 : INFO : SwitchController : <<<<<<< 's_trough_4' active >>>>>>>
2026-03-01 12:06:29,674 : INFO : EventManager : Event: ======'machine_var_audits_switches_s_trough_4'====== Args={'value': 75, 'prev_value': 74, 'change': 1}
2026-03-01 12:06:29,708 : INFO : ball_device.bd_plunger : Received ball from <ball_device.bd_trough>
2026-03-01 12:06:29,708 : INFO : EventManager : Event: ======'balldevice_bd_plunger_ball_enter'====== Args={'new_balls': 1, 'unclaimed_balls': 0, 'new_available_balls': 0, 'device': <ball_device.bd_plunger>}
2026-03-01 12:06:29,709 : INFO : EventManager : Event: ======'balldevice_bd_plunger_ball_entered'====== Args={'new_balls': 0, 'device': <ball_device.bd_plunger>}
2026-03-01 12:06:29,709 : INFO : EventManager : Event: ======'balldevice_bd_plunger_ball_count_changed'====== Args={'balls': 1}
2026-03-01 12:06:29,710 : INFO : ball_device.bd_trough : Got eject confirm
2026-03-01 12:06:29,710 : INFO : ball_device.bd_trough : Eject successful
2026-03-01 12:06:29,710 : INFO : EventManager : Event: ======'balldevice_bd_trough_ball_eject_success'====== Args={'balls': 1, 'target': <ball_device.bd_plunger>}
2026-03-01 12:06:29,710 : INFO : ball_device.bd_plunger : State: waiting_for_target_ready
2026-03-01 12:06:29,710 : INFO : EventManager : Event: ======'balldevice_bd_plunger_ball_eject_attempt'====== Args={'balls': 1, 'target': <playfield.playfield>, 'source': <ball_device.bd_plunger>, 'mechanical_eject': False, 'num_attempts': 0}
2026-03-01 12:06:29,710 : INFO : EventManager : Event: ======'balldevice_bd_trough_ball_count_changed'====== Args={'balls': 6}
2026-03-01 12:06:29,710 : INFO : ball_device.bd_trough : State: idle
2026-03-01 12:06:29,711 : INFO : ball_device.bd_plunger : State: ejecting
2026-03-01 12:06:29,711 : INFO : ball_device.bd_plunger : Ejecting ball to <playfield.playfield>
2026-03-01 12:06:29,711 : INFO : EventManager : Event: ======'balldevice_bd_plunger_ejecting_ball'====== Args={'balls': 1, 'target': <playfield.playfield>, 'source': <ball_device.bd_plunger>, 'mechanical_eject': False, 'num_attempts': 0}
2026-03-01 12:06:29,712 : INFO : ball_device.bd_plunger : Wait for ball to leave device
2026-03-01 12:06:29,796 : INFO : SwitchController : <<<<<<< 's_trough_4' inactive >>>>>>>
2026-03-01 12:06:29,836 : INFO : SwitchController : <<<<<<< 's_trough_6' active >>>>>>>
2026-03-01 12:06:29,837 : INFO : EventManager : Event: ======'machine_var_audits_switches_s_trough_6'====== Args={'value': 87, 'prev_value': 86, 'change': 1}
2026-03-01 12:06:29,851 : INFO : SwitchController : <<<<<<< 's_trough_5' inactive >>>>>>>
2026-03-01 12:06:31,971 : INFO : SwitchController : <<<<<<< 's_plunger_lane' inactive >>>>>>>
2026-03-01 12:06:31,972 : INFO : ball_device.bd_plunger : State: ball_left
2026-03-01 12:06:31,972 : INFO : ball_device.bd_plunger : Ball left
2026-03-01 12:06:31,972 : INFO : ball_device.bd_plunger : Wait for confirm with timeout 10.0
2026-03-01 12:06:33,026 : INFO : SwitchController : <<<<<<< 's_flipper_right_lower' active >>>>>>>
2026-03-01 12:06:33,027 : INFO : EventManager : Event: ======'machine_var_audits_switches_s_flipper_right_lower'====== Args={'value': 262, 'prev_value': 261, 'change': 1}
2026-03-01 12:06:33,035 : INFO : SwitchController : <<<<<<< 's_flipper_right_upper' active >>>>>>>
2026-03-01 12:06:33,035 : INFO : EventManager : Event: ======'machine_var_audits_switches_s_flipper_right_upper'====== Args={'value': 280, 'prev_value': 279, 'change': 1}
2026-03-01 12:06:33,061 : INFO : SwitchController : <<<<<<< 's_flipper_right_lower_eos' inactive >>>>>>>
2026-03-01 12:06:33,151 : INFO : SwitchController : <<<<<<< 's_flipper_right_upper' inactive >>>>>>>
2026-03-01 12:06:33,159 : INFO : SwitchController : <<<<<<< 's_flipper_right_lower' inactive >>>>>>>
2026-03-01 12:06:33,168 : INFO : SwitchController : <<<<<<< 's_flipper_left' active >>>>>>>
2026-03-01 12:06:33,169 : INFO : EventManager : Event: ======'machine_var_audits_switches_s_flipper_left'====== Args={'value': 265, 'prev_value': 264, 'change': 1}
2026-03-01 12:06:33,192 : INFO : SwitchController : <<<<<<< 's_flipper_left_eos' inactive >>>>>>>
2026-03-01 12:06:33,256 : INFO : SwitchController : <<<<<<< 's_flipper_right_lower_eos' active >>>>>>>
2026-03-01 12:06:33,256 : INFO : EventManager : Event: ======'machine_var_audits_switches_s_flipper_right_lower_eos'====== Args={'value': 141, 'prev_value': 140, 'change': 1}
2026-03-01 12:06:33,270 : INFO : SwitchController : <<<<<<< 's_flipper_left' inactive >>>>>>>
2026-03-01 12:06:33,355 : INFO : SwitchController : <<<<<<< 's_flipper_left_eos' active >>>>>>>
2026-03-01 12:06:33,355 : INFO : EventManager : Event: ======'machine_var_audits_switches_s_flipper_left_eos'====== Args={'value': 148, 'prev_value': 147, 'change': 1}
2026-03-01 12:06:33,403 : INFO : SwitchController : <<<<<<< 's_flipper_right_lower' active >>>>>>>
2026-03-01 12:06:33,403 : INFO : EventManager : Event: ======'machine_var_audits_switches_s_flipper_right_lower'====== Args={'value': 263, 'prev_value': 262, 'change': 1}
2026-03-01 12:06:33,406 : INFO : SwitchController : <<<<<<< 's_flipper_right_upper' active >>>>>>>
2026-03-01 12:06:33,406 : INFO : EventManager : Event: ======'machine_var_audits_switches_s_flipper_right_upper'====== Args={'value': 281, 'prev_value': 280, 'change': 1}
2026-03-01 12:06:33,436 : INFO : SwitchController : <<<<<<< 's_flipper_right_lower_eos' inactive >>>>>>>
2026-03-01 12:06:33,525 : INFO : SwitchController : <<<<<<< 's_flipper_right_upper' inactive >>>>>>>
2026-03-01 12:06:33,529 : INFO : SwitchController : <<<<<<< 's_flipper_right_lower' inactive >>>>>>>
2026-03-01 12:06:33,628 : INFO : SwitchController : <<<<<<< 's_flipper_right_lower_eos' active >>>>>>>
2026-03-01 12:06:33,628 : INFO : EventManager : Event: ======'machine_var_audits_switches_s_flipper_right_lower_eos'====== Args={'value': 142, 'prev_value': 141, 'change': 1}
2026-03-01 12:06:33,782 : INFO : SwitchController : <<<<<<< 's_flipper_left' active >>>>>>>
2026-03-01 12:06:33,782 : INFO : EventManager : Event: ======'machine_var_audits_switches_s_flipper_left'====== Args={'value': 266, 'prev_value': 265, 'change': 1}
2026-03-01 12:06:33,806 : INFO : SwitchController : <<<<<<< 's_flipper_left_eos' inactive >>>>>>>
2026-03-01 12:06:33,907 : INFO : SwitchController : <<<<<<< 's_flipper_left' inactive >>>>>>>
2026-03-01 12:06:33,996 : INFO : SwitchController : <<<<<<< 's_flipper_left_eos' active >>>>>>>
2026-03-01 12:06:33,997 : INFO : EventManager : Event: ======'machine_var_audits_switches_s_flipper_left_eos'====== Args={'value': 149, 'prev_value': 148, 'change': 1}
2026-03-01 12:06:34,090 : INFO : SwitchController : <<<<<<< 's_flipper_left' active >>>>>>>
2026-03-01 12:06:34,090 : INFO : EventManager : Event: ======'machine_var_audits_switches_s_flipper_left'====== Args={'value': 267, 'prev_value': 266, 'change': 1}
2026-03-01 12:06:34,115 : INFO : SwitchController : <<<<<<< 's_flipper_left_eos' inactive >>>>>>>
2026-03-01 12:06:34,133 : INFO : SwitchController : <<<<<<< 's_flipper_left' inactive >>>>>>>
2026-03-01 12:06:34,218 : INFO : SwitchController : <<<<<<< 's_flipper_left_eos' active >>>>>>>
2026-03-01 12:06:34,218 : INFO : EventManager : Event: ======'machine_var_audits_switches_s_flipper_left_eos'====== Args={'value': 150, 'prev_value': 149, 'change': 1}
2026-03-01 12:06:34,250 : INFO : SwitchController : <<<<<<< 's_flipper_left' active >>>>>>>
2026-03-01 12:06:34,250 : INFO : EventManager : Event: ======'machine_var_audits_switches_s_flipper_left'====== Args={'value': 268, 'prev_value': 267, 'change': 1}
2026-03-01 12:06:34,270 : INFO : SwitchController : <<<<<<< 's_flipper_left_eos' inactive >>>>>>>
2026-03-01 12:06:34,335 : INFO : SwitchController : <<<<<<< 's_flipper_left' inactive >>>>>>>
2026-03-01 12:06:34,421 : INFO : SwitchController : <<<<<<< 's_flipper_left_eos' active >>>>>>>
2026-03-01 12:06:34,421 : INFO : EventManager : Event: ======'machine_var_audits_switches_s_flipper_left_eos'====== Args={'value': 151, 'prev_value': 150, 'change': 1}
2026-03-01 12:06:34,547 : INFO : SwitchController : <<<<<<< 's_flipper_right_lower' active >>>>>>>
2026-03-01 12:06:34,547 : INFO : EventManager : Event: ======'machine_var_audits_switches_s_flipper_right_lower'====== Args={'value': 264, 'prev_value': 263, 'change': 1}
2026-03-01 12:06:34,548 : INFO : SwitchController : <<<<<<< 's_flipper_right_upper' active >>>>>>>
2026-03-01 12:06:34,548 : INFO : EventManager : Event: ======'machine_var_audits_switches_s_flipper_right_upper'====== Args={'value': 282, 'prev_value': 281, 'change': 1}
2026-03-01 12:06:34,581 : INFO : SwitchController : <<<<<<< 's_flipper_right_lower_eos' inactive >>>>>>>
2026-03-01 12:06:34,667 : INFO : SwitchController : <<<<<<< 's_flipper_right_upper' inactive >>>>>>>
2026-03-01 12:06:34,670 : INFO : SwitchController : <<<<<<< 's_flipper_right_lower' inactive >>>>>>>
2026-03-01 12:06:34,768 : INFO : SwitchController : <<<<<<< 's_flipper_right_lower_eos' active >>>>>>>
2026-03-01 12:06:34,768 : INFO : EventManager : Event: ======'machine_var_audits_switches_s_flipper_right_lower_eos'====== Args={'value': 143, 'prev_value': 142, 'change': 1}
2026-03-01 12:06:34,846 : INFO : SwitchController : <<<<<<< 's_flipper_right_upper' active >>>>>>>
2026-03-01 12:06:34,846 : INFO : EventManager : Event: ======'machine_var_audits_switches_s_flipper_right_upper'====== Args={'value': 283, 'prev_value': 282, 'change': 1}
2026-03-01 12:06:34,847 : INFO : SwitchController : <<<<<<< 's_flipper_right_lower' active >>>>>>>
2026-03-01 12:06:34,847 : INFO : EventManager : Event: ======'machine_var_audits_switches_s_flipper_right_lower'====== Args={'value': 265, 'prev_value': 264, 'change': 1}
2026-03-01 12:06:34,879 : INFO : SwitchController : <<<<<<< 's_flipper_right_lower_eos' inactive >>>>>>>
2026-03-01 12:06:34,933 : INFO : SwitchController : <<<<<<< 's_flipper_right_upper' inactive >>>>>>>
2026-03-01 12:06:34,938 : INFO : SwitchController : <<<<<<< 's_flipper_right_lower' inactive >>>>>>>
2026-03-01 12:06:35,038 : INFO : SwitchController : <<<<<<< 's_flipper_right_lower_eos' active >>>>>>>
2026-03-01 12:06:35,039 : INFO : EventManager : Event: ======'machine_var_audits_switches_s_flipper_right_lower_eos'====== Args={'value': 144, 'prev_value': 143, 'change': 1}
2026-03-01 12:06:35,082 : INFO : SwitchController : <<<<<<< 's_flipper_right_lower' active >>>>>>>
2026-03-01 12:06:35,082 : INFO : EventManager : Event: ======'machine_var_audits_switches_s_flipper_right_lower'====== Args={'value': 266, 'prev_value': 265, 'change': 1}
2026-03-01 12:06:35,084 : INFO : SwitchController : <<<<<<< 's_flipper_right_upper' active >>>>>>>
2026-03-01 12:06:35,084 : INFO : EventManager : Event: ======'machine_var_audits_switches_s_flipper_right_upper'====== Args={'value': 284, 'prev_value': 283, 'change': 1}
2026-03-01 12:06:35,110 : INFO : SwitchController : <<<<<<< 's_flipper_right_lower_eos' inactive >>>>>>>
2026-03-01 12:06:35,153 : INFO : SwitchController : <<<<<<< 's_flipper_right_upper' inactive >>>>>>>
2026-03-01 12:06:35,158 : INFO : SwitchController : <<<<<<< 's_flipper_right_lower' inactive >>>>>>>
2026-03-01 12:06:35,259 : INFO : SwitchController : <<<<<<< 's_flipper_right_lower_eos' active >>>>>>>
2026-03-01 12:06:35,259 : INFO : EventManager : Event: ======'machine_var_audits_switches_s_flipper_right_lower_eos'====== Args={'value': 145, 'prev_value': 144, 'change': 1}
2026-03-01 12:06:35,352 : INFO : EventManager : Event: ======'balldevice_bd_trough_ball_count_changed'====== Args={'balls': 2}
2026-03-01 12:06:35,352 : WARNING : ball_device.bd_trough : Ball disappeared while idle. This should not normally happen.
2026-03-01 12:06:35,352 : INFO : EventManager : Event: ======'balldevice_playfield_ball_enter'====== Args={'new_balls': 1, 'unclaimed_balls': 1, 'device': <playfield.playfield>}
2026-03-01 12:06:35,352 : INFO : EventManager : Event: ======'playfield_ball_count_change'====== Args={'balls': 1, 'change': 1}
2026-03-01 12:06:35,352 : INFO : ball_device.bd_trough : 1 ball(s) missing from device. Mechanical eject? False
2026-03-01 12:06:35,352 : INFO : EventManager : Event: ======'balldevice_bd_trough_ball_missing'====== Args={'balls': 1}
2026-03-01 12:06:35,353 : INFO : EventManager : Event: ======'balldevice_ball_missing'====== Args={'balls': 1, 'name': 'bd_trough'}
2026-03-01 12:06:35,354 : WARNING : ball_device.bd_trough : Ball disappeared while idle. This should not normally happen.
2026-03-01 12:06:35,354 : INFO : EventManager : Event: ======'balldevice_playfield_ball_enter'====== Args={'new_balls': 1, 'unclaimed_balls': 1, 'device': <playfield.playfield>}
2026-03-01 12:06:35,354 : INFO : EventManager : Event: ======'playfield_ball_count_change'====== Args={'balls': 2, 'change': 1}
2026-03-01 12:06:35,354 : INFO : ball_device.bd_trough : 1 ball(s) missing from device. Mechanical eject? False
2026-03-01 12:06:35,354 : INFO : EventManager : Event: ======'balldevice_bd_trough_ball_missing'====== Args={'balls': 1}
2026-03-01 12:06:35,354 : INFO : EventManager : Event: ======'balldevice_ball_missing'====== Args={'balls': 1, 'name': 'bd_trough'}
2026-03-01 12:06:35,355 : WARNING : ball_device.bd_trough : Ball disappeared while idle. This should not normally happen.
2026-03-01 12:06:35,355 : INFO : EventManager : Event: ======'balldevice_playfield_ball_enter'====== Args={'new_balls': 1, 'unclaimed_balls': 1, 'device': <playfield.playfield>}
2026-03-01 12:06:35,355 : INFO : EventManager : Event: ======'playfield_ball_count_change'====== Args={'balls': 3, 'change': 1}
2026-03-01 12:06:35,355 : INFO : ball_device.bd_trough : 1 ball(s) missing from device. Mechanical eject? False
2026-03-01 12:06:35,355 : INFO : EventManager : Event: ======'balldevice_bd_trough_ball_missing'====== Args={'balls': 1}
2026-03-01 12:06:35,355 : INFO : EventManager : Event: ======'balldevice_ball_missing'====== Args={'balls': 1, 'name': 'bd_trough'}
2026-03-01 12:06:35,356 : WARNING : ball_device.bd_trough : Ball disappeared while idle. This should not normally happen.
2026-03-01 12:06:35,356 : INFO : EventManager : Event: ======'balldevice_playfield_ball_enter'====== Args={'new_balls': 1, 'unclaimed_balls': 1, 'device': <playfield.playfield>}
2026-03-01 12:06:35,356 : INFO : EventManager : Event: ======'playfield_ball_count_change'====== Args={'balls': 4, 'change': 1}
2026-03-01 12:06:35,356 : INFO : ball_device.bd_trough : 1 ball(s) missing from device. Mechanical eject? False
2026-03-01 12:06:35,356 : INFO : EventManager : Event: ======'balldevice_bd_trough_ball_missing'====== Args={'balls': 1}
2026-03-01 12:06:35,356 : INFO : EventManager : Event: ======'balldevice_ball_missing'====== Args={'balls': 1, 'name': 'bd_trough'}
2026-03-01 12:06:35,408 : INFO : SwitchController : <<<<<<< 's_flipper_right_upper' active >>>>>>>
2026-03-01 12:06:35,408 : INFO : EventManager : Event: ======'machine_var_audits_switches_s_flipper_right_upper'====== Args={'value': 285, 'prev_value': 284, 'change': 1}
2026-03-01 12:06:35,410 : INFO : SwitchController : <<<<<<< 's_flipper_right_lower' active >>>>>>>
2026-03-01 12:06:35,410 : INFO : EventManager : Event: ======'machine_var_audits_switches_s_flipper_right_lower'====== Args={'value': 267, 'prev_value': 266, 'change': 1}
2026-03-01 12:06:35,443 : INFO : SwitchController : <<<<<<< 's_flipper_right_lower_eos' inactive >>>>>>>
2026-03-01 12:06:35,543 : INFO : SwitchController : <<<<<<< 's_flipper_right_upper' inactive >>>>>>>
2026-03-01 12:06:35,548 : INFO : SwitchController : <<<<<<< 's_flipper_right_lower' inactive >>>>>>>
2026-03-01 12:06:35,647 : INFO : SwitchController : <<<<<<< 's_flipper_right_lower_eos' active >>>>>>>
2026-03-01 12:06:35,647 : INFO : EventManager : Event: ======'machine_var_audits_switches_s_flipper_right_lower_eos'====== Args={'value': 146, 'prev_value': 145, 'change': 1}
2026-03-01 12:06:41,973 : INFO : ball_device.bd_plunger : State: failed_confirm
2026-03-01 12:06:41,973 : INFO : ball_device.bd_plunger : Got timeout (10.0s) before confirm from <playfield.playfield>
2026-03-01 12:06:42,074 : INFO : ball_device.bd_plunger : Confirming eject because target is playfield and ball did not return.
2026-03-01 12:06:42,074 : INFO : ball_device.bd_plunger : Eject successful
2026-03-01 12:06:42,074 : INFO : EventManager : Event: ======'balldevice_bd_plunger_ball_eject_success'====== Args={'balls': 1, 'target': <playfield.playfield>}
2026-03-01 12:06:42,074 : INFO : EventManager : Event: ======'balldevice_playfield_ball_enter'====== Args={'new_balls': 1, 'unclaimed_balls': 1, 'device': <playfield.playfield>}
2026-03-01 12:06:42,074 : INFO : EventManager : Event: ======'playfield_ball_count_change'====== Args={'balls': 5, 'change': 1}
2026-03-01 12:06:42,075 : INFO : EventManager : Event: ======'balldevice_bd_plunger_ball_count_changed'====== Args={'balls': 0}
2026-03-01 12:06:42,075 : INFO : ball_device.bd_plunger : State: idle
2026-03-01 12:06:44,873 : INFO : SwitchController : <<<<<<< 's_flipper_left' active >>>>>>>
2026-03-01 12:06:44,873 : INFO : EventManager : Event: ======'machine_var_audits_switches_s_flipper_left'====== Args={'value': 269, 'prev_value': 268, 'change': 1}
2026-03-01 12:06:44,881 : INFO : SwitchController : <<<<<<< 's_flipper_left' inactive >>>>>>>
2026-03-01 12:06:44,881 : INFO : SwitchController : <<<<<<< 's_flipper_left' active >>>>>>>
2026-03-01 12:06:44,881 : INFO : EventManager : Event: ======'machine_var_audits_switches_s_flipper_left'====== Args={'value': 270, 'prev_value': 269, 'change': 1}
2026-03-01 12:06:44,909 : INFO : SwitchController : <<<<<<< 's_flipper_left_eos' inactive >>>>>>>
2026-03-01 12:06:45,036 : INFO : SwitchController : <<<<<<< 's_flipper_left' inactive >>>>>>>
2026-03-01 12:06:45,121 : INFO : SwitchController : <<<<<<< 's_flipper_left_eos' active >>>>>>>
2026-03-01 12:06:45,121 : INFO : EventManager : Event: ======'machine_var_audits_switches_s_flipper_left_eos'====== Args={'value': 152, 'prev_value': 151, 'change': 1}
2026-03-01 12:06:45,596 : INFO : SwitchController : <<<<<<< 's_flipper_left' active >>>>>>>
2026-03-01 12:06:45,596 : INFO : EventManager : Event: ======'machine_var_audits_switches_s_flipper_left'====== Args={'value': 271, 'prev_value': 270, 'change': 1}
2026-03-01 12:06:45,620 : INFO : SwitchController : <<<<<<< 's_flipper_left_eos' inactive >>>>>>>
2026-03-01 12:06:45,652 : INFO : SwitchController : <<<<<<< 's_flipper_right_lower' active >>>>>>>
2026-03-01 12:06:45,652 : INFO : EventManager : Event: ======'machine_var_audits_switches_s_flipper_right_lower'====== Args={'value': 268, 'prev_value': 267, 'change': 1}
2026-03-01 12:06:45,667 : INFO : SwitchController : <<<<<<< 's_flipper_right_upper' active >>>>>>>
2026-03-01 12:06:45,667 : INFO : EventManager : Event: ======'machine_var_audits_switches_s_flipper_right_upper'====== Args={'value': 286, 'prev_value': 285, 'change': 1}
2026-03-01 12:06:45,684 : INFO : SwitchController : <<<<<<< 's_flipper_right_lower_eos' inactive >>>>>>>
2026-03-01 12:06:45,730 : INFO : SwitchController : <<<<<<< 's_sling_left' active >>>>>>>
2026-03-01 12:06:45,730 : INFO : EventManager : Event: ======'machine_var_audits_switches_s_sling_left'====== Args={'value': 180, 'prev_value': 179, 'change': 1}
2026-03-01 12:06:45,744 : INFO : SwitchController : <<<<<<< 's_sling_left' inactive >>>>>>>
2026-03-01 12:06:45,748 : INFO : SwitchController : <<<<<<< 's_flipper_left' inactive >>>>>>>
2026-03-01 12:06:45,798 : INFO : SwitchController : <<<<<<< 's_flipper_right_upper' inactive >>>>>>>
2026-03-01 12:06:45,806 : INFO : SwitchController : <<<<<<< 's_flipper_right_lower' inactive >>>>>>>
2026-03-01 12:06:45,833 : INFO : SwitchController : <<<<<<< 's_flipper_left_eos' active >>>>>>>
2026-03-01 12:06:45,834 : INFO : EventManager : Event: ======'machine_var_audits_switches_s_flipper_left_eos'====== Args={'value': 153, 'prev_value': 152, 'change': 1}
2026-03-01 12:06:45,904 : INFO : SwitchController : <<<<<<< 's_flipper_right_lower_eos' active >>>>>>>
2026-03-01 12:06:45,904 : INFO : EventManager : Event: ======'machine_var_audits_switches_s_flipper_right_lower_eos'====== Args={'value': 147, 'prev_value': 146, 'change': 1}
2026-03-01 12:06:46,253 : INFO : SwitchController : <<<<<<< 's_flipper_left' active >>>>>>>
2026-03-01 12:06:46,253 : INFO : EventManager : Event: ======'machine_var_audits_switches_s_flipper_left'====== Args={'value': 272, 'prev_value': 271, 'change': 1}
2026-03-01 12:06:46,276 : INFO : SwitchController : <<<<<<< 's_flipper_left_eos' inactive >>>>>>>
2026-03-01 12:06:46,399 : INFO : SwitchController : <<<<<<< 's_flipper_left' inactive >>>>>>>
2026-03-01 12:06:46,485 : INFO : SwitchController : <<<<<<< 's_flipper_left_eos' active >>>>>>>
2026-03-01 12:06:46,485 : INFO : EventManager : Event: ======'machine_var_audits_switches_s_flipper_left_eos'====== Args={'value': 154, 'prev_value': 153, 'change': 1}
2026-03-01 12:06:46,899 : INFO : SwitchController : <<<<<<< 's_flipper_left' active >>>>>>>
2026-03-01 12:06:46,900 : INFO : EventManager : Event: ======'machine_var_audits_switches_s_flipper_left'====== Args={'value': 273, 'prev_value': 272, 'change': 1}
2026-03-01 12:06:46,921 : INFO : SwitchController : <<<<<<< 's_flipper_left_eos' inactive >>>>>>>
2026-03-01 12:06:47,076 : INFO : SwitchController : <<<<<<< 's_flipper_left' inactive >>>>>>>
2026-03-01 12:06:47,162 : INFO : SwitchController : <<<<<<< 's_flipper_left_eos' active >>>>>>>
2026-03-01 12:06:47,163 : INFO : EventManager : Event: ======'machine_var_audits_switches_s_flipper_left_eos'====== Args={'value': 155, 'prev_value': 154, 'change': 1}
2026-03-01 12:06:47,575 : INFO : SwitchController : <<<<<<< 's_flipper_right_lower' active >>>>>>>
2026-03-01 12:06:47,575 : INFO : EventManager : Event: ======'machine_var_audits_switches_s_flipper_right_lower'====== Args={'value': 269, 'prev_value': 268, 'change': 1}
2026-03-01 12:06:47,576 : INFO : SwitchController : <<<<<<< 's_flipper_right_upper' active >>>>>>>
2026-03-01 12:06:47,576 : INFO : EventManager : Event: ======'machine_var_audits_switches_s_flipper_right_upper'====== Args={'value': 287, 'prev_value': 286, 'change': 1}
2026-03-01 12:06:47,771 : INFO : SwitchController : <<<<<<< 's_flipper_right_upper' inactive >>>>>>>
2026-03-01 12:06:47,779 : INFO : SwitchController : <<<<<<< 's_flipper_right_lower' inactive >>>>>>>
2026-03-01 12:06:48,121 : INFO : SwitchController : <<<<<<< 's_flipper_right_lower' active >>>>>>>
2026-03-01 12:06:48,121 : INFO : EventManager : Event: ======'machine_var_audits_switches_s_flipper_right_lower'====== Args={'value': 270, 'prev_value': 269, 'change': 1}
2026-03-01 12:06:48,123 : INFO : SwitchController : <<<<<<< 's_flipper_right_upper' active >>>>>>>
2026-03-01 12:06:48,123 : INFO : EventManager : Event: ======'machine_var_audits_switches_s_flipper_right_upper'====== Args={'value': 288, 'prev_value': 287, 'change': 1}
2026-03-01 12:06:48,156 : INFO : SwitchController : <<<<<<< 's_flipper_right_lower_eos' inactive >>>>>>>
2026-03-01 12:06:48,221 : INFO : SwitchController : <<<<<<< 's_flipper_right_upper' inactive >>>>>>>
2026-03-01 12:06:48,226 : INFO : SwitchController : <<<<<<< 's_flipper_right_lower' inactive >>>>>>>
2026-03-01 12:06:48,324 : INFO : SwitchController : <<<<<<< 's_flipper_right_lower_eos' active >>>>>>>
2026-03-01 12:06:48,325 : INFO : EventManager : Event: ======'machine_var_audits_switches_s_flipper_right_lower_eos'====== Args={'value': 148, 'prev_value': 147, 'change': 1}
2026-03-01 12:06:48,434 : INFO : SwitchController : <<<<<<< 's_flipper_right_upper' active >>>>>>>
2026-03-01 12:06:48,434 : INFO : EventManager : Event: ======'machine_var_audits_switches_s_flipper_right_upper'====== Args={'value': 289, 'prev_value': 288, 'change': 1}
2026-03-01 12:06:48,435 : INFO : SwitchController : <<<<<<< 's_flipper_right_lower' active >>>>>>>
2026-03-01 12:06:48,435 : INFO : EventManager : Event: ======'machine_var_audits_switches_s_flipper_right_lower'====== Args={'value': 271, 'prev_value': 270, 'change': 1}
2026-03-01 12:06:48,471 : INFO : SwitchController : <<<<<<< 's_flipper_right_lower_eos' inactive >>>>>>>
2026-03-01 12:06:48,536 : INFO : SwitchController : <<<<<<< 's_flipper_right_upper' inactive >>>>>>>
2026-03-01 12:06:48,542 : INFO : SwitchController : <<<<<<< 's_flipper_right_lower' inactive >>>>>>>
2026-03-01 12:06:48,590 : INFO : SwitchController : <<<<<<< 's_flipper_right_lower_eos' active >>>>>>>
2026-03-01 12:06:48,591 : INFO : EventManager : Event: ======'machine_var_audits_switches_s_flipper_right_lower_eos'====== Args={'value': 149, 'prev_value': 148, 'change': 1}
2026-03-01 12:06:48,935 : INFO : SwitchController : <<<<<<< 's_flipper_right_lower' active >>>>>>>
2026-03-01 12:06:48,935 : INFO : EventManager : Event: ======'machine_var_audits_switches_s_flipper_right_lower'====== Args={'value': 272, 'prev_value': 271, 'change': 1}
2026-03-01 12:06:48,936 : INFO : SwitchController : <<<<<<< 's_flipper_right_upper' active >>>>>>>
2026-03-01 12:06:48,936 : INFO : EventManager : Event: ======'machine_var_audits_switches_s_flipper_right_upper'====== Args={'value': 290, 'prev_value': 289, 'change': 1}
2026-03-01 12:06:48,969 : INFO : SwitchController : <<<<<<< 's_flipper_right_lower_eos' inactive >>>>>>>
2026-03-01 12:06:49,076 : INFO : SwitchController : <<<<<<< 's_flipper_right_upper' inactive >>>>>>>
2026-03-01 12:06:49,079 : INFO : SwitchController : <<<<<<< 's_flipper_right_lower' inactive >>>>>>>
2026-03-01 12:06:49,177 : INFO : SwitchController : <<<<<<< 's_flipper_right_lower_eos' active >>>>>>>
2026-03-01 12:06:49,178 : INFO : EventManager : Event: ======'machine_var_audits_switches_s_flipper_right_lower_eos'====== Args={'value': 150, 'prev_value': 149, 'change': 1}
2026-03-01 12:06:49,234 : INFO : SwitchController : <<<<<<< 's_flipper_right_upper' active >>>>>>>
2026-03-01 12:06:49,234 : INFO : EventManager : Event: ======'machine_var_audits_switches_s_flipper_right_upper'====== Args={'value': 291, 'prev_value': 290, 'change': 1}
2026-03-01 12:06:49,237 : INFO : SwitchController : <<<<<<< 's_flipper_right_lower' active >>>>>>>
2026-03-01 12:06:49,237 : INFO : EventManager : Event: ======'machine_var_audits_switches_s_flipper_right_lower'====== Args={'value': 273, 'prev_value': 272, 'change': 1}
2026-03-01 12:06:49,266 : INFO : SwitchController : <<<<<<< 's_flipper_right_lower_eos' inactive >>>>>>>
2026-03-01 12:06:49,372 : INFO : SwitchController : <<<<<<< 's_flipper_right_upper' inactive >>>>>>>
2026-03-01 12:06:49,376 : INFO : SwitchController : <<<<<<< 's_flipper_right_lower' inactive >>>>>>>
2026-03-01 12:06:49,477 : INFO : SwitchController : <<<<<<< 's_flipper_right_lower_eos' active >>>>>>>
2026-03-01 12:06:49,478 : INFO : EventManager : Event: ======'machine_var_audits_switches_s_flipper_right_lower_eos'====== Args={'value': 151, 'prev_value': 150, 'change': 1}
2026-03-01 12:06:50,164 : INFO : SwitchController : <<<<<<< 's_flipper_right_upper' active >>>>>>>
2026-03-01 12:06:50,165 : INFO : EventManager : Event: ======'machine_var_audits_switches_s_flipper_right_upper'====== Args={'value': 292, 'prev_value': 291, 'change': 1}
2026-03-01 12:06:50,166 : INFO : SwitchController : <<<<<<< 's_flipper_right_lower' active >>>>>>>
2026-03-01 12:06:50,166 : INFO : EventManager : Event: ======'machine_var_audits_switches_s_flipper_right_lower'====== Args={'value': 274, 'prev_value': 273, 'change': 1}
2026-03-01 12:06:50,199 : INFO : SwitchController : <<<<<<< 's_flipper_right_lower_eos' inactive >>>>>>>
2026-03-01 12:06:50,300 : INFO : SwitchController : <<<<<<< 's_flipper_right_upper' inactive >>>>>>>
2026-03-01 12:06:50,305 : INFO : SwitchController : <<<<<<< 's_flipper_right_lower' inactive >>>>>>>
2026-03-01 12:06:50,339 : INFO : SwitchController : <<<<<<< 's_flipper_left' active >>>>>>>
2026-03-01 12:06:50,340 : INFO : EventManager : Event: ======'machine_var_audits_switches_s_flipper_left'====== Args={'value': 274, 'prev_value': 273, 'change': 1}
2026-03-01 12:06:50,364 : INFO : SwitchController : <<<<<<< 's_flipper_left_eos' inactive >>>>>>>
2026-03-01 12:06:50,396 : INFO : SwitchController : <<<<<<< 's_flipper_right_lower_eos' active >>>>>>>
2026-03-01 12:06:50,396 : INFO : EventManager : Event: ======'machine_var_audits_switches_s_flipper_right_lower_eos'====== Args={'value': 152, 'prev_value': 151, 'change': 1}
2026-03-01 12:06:50,496 : INFO : SwitchController : <<<<<<< 's_flipper_left' inactive >>>>>>>
2026-03-01 12:06:50,584 : INFO : SwitchController : <<<<<<< 's_flipper_left_eos' active >>>>>>>
2026-03-01 12:06:50,584 : INFO : EventManager : Event: ======'machine_var_audits_switches_s_flipper_left_eos'====== Args={'value': 156, 'prev_value': 155, 'change': 1}
2026-03-01 12:06:53,417 : INFO : SwitchController : <<<<<<< 's_flipper_left' active >>>>>>>
2026-03-01 12:06:53,417 : INFO : EventManager : Event: ======'machine_var_audits_switches_s_flipper_left'====== Args={'value': 275, 'prev_value': 274, 'change': 1}
2026-03-01 12:06:53,426 : INFO : SwitchController : <<<<<<< 's_flipper_left' inactive >>>>>>>
2026-03-01 12:06:53,426 : INFO : SwitchController : <<<<<<< 's_flipper_left' active >>>>>>>
2026-03-01 12:06:53,426 : INFO : EventManager : Event: ======'machine_var_audits_switches_s_flipper_left'====== Args={'value': 276, 'prev_value': 275, 'change': 1}
2026-03-01 12:06:53,454 : INFO : SwitchController : <<<<<<< 's_flipper_left_eos' inactive >>>>>>>
2026-03-01 12:06:53,553 : INFO : SwitchController : <<<<<<< 's_flipper_left' inactive >>>>>>>
2026-03-01 12:06:53,640 : INFO : SwitchController : <<<<<<< 's_flipper_left_eos' active >>>>>>>
2026-03-01 12:06:53,641 : INFO : EventManager : Event: ======'machine_var_audits_switches_s_flipper_left_eos'====== Args={'value': 157, 'prev_value': 156, 'change': 1}
2026-03-01 12:06:57,500 : INFO : SwitchController : <<<<<<< 's_flipper_right_lower' active >>>>>>>
2026-03-01 12:06:57,500 : INFO : EventManager : Event: ======'machine_var_audits_switches_s_flipper_right_lower'====== Args={'value': 275, 'prev_value': 274, 'change': 1}
2026-03-01 12:06:57,508 : INFO : SwitchController : <<<<<<< 's_flipper_right_upper' active >>>>>>>
2026-03-01 12:06:57,508 : INFO : EventManager : Event: ======'machine_var_audits_switches_s_flipper_right_upper'====== Args={'value': 293, 'prev_value': 292, 'change': 1}
2026-03-01 12:06:57,527 : INFO : SwitchController : <<<<<<< 's_flipper_left' active >>>>>>>
2026-03-01 12:06:57,527 : INFO : EventManager : Event: ======'machine_var_audits_switches_s_flipper_left'====== Args={'value': 277, 'prev_value': 276, 'change': 1}
2026-03-01 12:06:57,533 : INFO : SwitchController : <<<<<<< 's_flipper_right_lower_eos' inactive >>>>>>>
2026-03-01 12:06:57,551 : INFO : SwitchController : <<<<<<< 's_flipper_left_eos' inactive >>>>>>>
2026-03-01 12:06:57,681 : INFO : SwitchController : <<<<<<< 's_flipper_right_upper' inactive >>>>>>>
2026-03-01 12:06:57,697 : INFO : SwitchController : <<<<<<< 's_flipper_right_lower' inactive >>>>>>>
2026-03-01 12:06:57,797 : INFO : SwitchController : <<<<<<< 's_flipper_right_lower_eos' active >>>>>>>
2026-03-01 12:06:57,797 : INFO : EventManager : Event: ======'machine_var_audits_switches_s_flipper_right_lower_eos'====== Args={'value': 153, 'prev_value': 152, 'change': 1}
2026-03-01 12:06:57,874 : INFO : SwitchController : <<<<<<< 's_flipper_left' inactive >>>>>>>
2026-03-01 12:06:57,959 : INFO : SwitchController : <<<<<<< 's_flipper_left_eos' active >>>>>>>
2026-03-01 12:06:57,959 : INFO : EventManager : Event: ======'machine_var_audits_switches_s_flipper_left_eos'====== Args={'value': 158, 'prev_value': 157, 'change': 1}
2026-03-01 12:06:59,477 : INFO : SwitchController : <<<<<<< 's_flipper_right_lower' active >>>>>>>
2026-03-01 12:06:59,477 : INFO : EventManager : Event: ======'machine_var_audits_switches_s_flipper_right_lower'====== Args={'value': 276, 'prev_value': 275, 'change': 1}
2026-03-01 12:06:59,479 : INFO : SwitchController : <<<<<<< 's_flipper_right_upper' active >>>>>>>
2026-03-01 12:06:59,479 : INFO : EventManager : Event: ======'machine_var_audits_switches_s_flipper_right_upper'====== Args={'value': 294, 'prev_value': 293, 'change': 1}
2026-03-01 12:06:59,507 : INFO : SwitchController : <<<<<<< 's_flipper_right_lower_eos' inactive >>>>>>>
2026-03-01 12:06:59,560 : INFO : SwitchController : <<<<<<< 's_flipper_left' active >>>>>>>
2026-03-01 12:06:59,561 : INFO : EventManager : Event: ======'machine_var_audits_switches_s_flipper_left'====== Args={'value': 278, 'prev_value': 277, 'change': 1}
2026-03-01 12:06:59,585 : INFO : SwitchController : <<<<<<< 's_flipper_left_eos' inactive >>>>>>>
2026-03-01 12:06:59,620 : INFO : SwitchController : <<<<<<< 's_flipper_right_upper' inactive >>>>>>>
2026-03-01 12:06:59,625 : INFO : SwitchController : <<<<<<< 's_flipper_right_lower' inactive >>>>>>>
2026-03-01 12:06:59,690 : INFO : SwitchController : <<<<<<< 's_flipper_left' inactive >>>>>>>
2026-03-01 12:06:59,727 : INFO : SwitchController : <<<<<<< 's_flipper_right_lower_eos' active >>>>>>>
2026-03-01 12:06:59,727 : INFO : EventManager : Event: ======'machine_var_audits_switches_s_flipper_right_lower_eos'====== Args={'value': 154, 'prev_value': 153, 'change': 1}
2026-03-01 12:06:59,776 : INFO : SwitchController : <<<<<<< 's_flipper_left_eos' active >>>>>>>
2026-03-01 12:06:59,776 : INFO : EventManager : Event: ======'machine_var_audits_switches_s_flipper_left_eos'====== Args={'value': 159, 'prev_value': 158, 'change': 1}
2026-03-01 12:07:01,464 : INFO : SwitchController : <<<<<<< 's_flipper_right_lower' active >>>>>>>
2026-03-01 12:07:01,465 : INFO : EventManager : Event: ======'machine_var_audits_switches_s_flipper_right_lower'====== Args={'value': 277, 'prev_value': 276, 'change': 1}
2026-03-01 12:07:01,468 : INFO : SwitchController : <<<<<<< 's_flipper_right_upper' active >>>>>>>
2026-03-01 12:07:01,468 : INFO : EventManager : Event: ======'machine_var_audits_switches_s_flipper_right_upper'====== Args={'value': 295, 'prev_value': 294, 'change': 1}
2026-03-01 12:07:01,699 : INFO : SwitchController : <<<<<<< 's_flipper_right_upper' inactive >>>>>>>
2026-03-01 12:07:01,703 : INFO : SwitchController : <<<<<<< 's_flipper_right_lower' inactive >>>>>>>
2026-03-01 12:07:02,056 : INFO : SwitchController : <<<<<<< 's_flipper_right_lower' active >>>>>>>
2026-03-01 12:07:02,056 : INFO : EventManager : Event: ======'machine_var_audits_switches_s_flipper_right_lower'====== Args={'value': 278, 'prev_value': 277, 'change': 1}
2026-03-01 12:07:02,057 : INFO : SwitchController : <<<<<<< 's_flipper_right_upper' active >>>>>>>
2026-03-01 12:07:02,058 : INFO : EventManager : Event: ======'machine_var_audits_switches_s_flipper_right_upper'====== Args={'value': 296, 'prev_value': 295, 'change': 1}
2026-03-01 12:07:02,090 : INFO : SwitchController : <<<<<<< 's_flipper_right_lower_eos' inactive >>>>>>>
2026-03-01 12:07:02,221 : INFO : SwitchController : <<<<<<< 's_flipper_right_upper' inactive >>>>>>>
2026-03-01 12:07:02,225 : INFO : SwitchController : <<<<<<< 's_flipper_right_lower' inactive >>>>>>>
2026-03-01 12:07:02,278 : INFO : SwitchController : <<<<<<< 's_flipper_right_lower_eos' active >>>>>>>
2026-03-01 12:07:02,278 : INFO : EventManager : Event: ======'machine_var_audits_switches_s_flipper_right_lower_eos'====== Args={'value': 155, 'prev_value': 154, 'change': 1}
2026-03-01 12:07:08,186 : INFO : SwitchController : <<<<<<< 's_flipper_left' active >>>>>>>
2026-03-01 12:07:08,186 : INFO : EventManager : Event: ======'machine_var_audits_switches_s_flipper_left'====== Args={'value': 279, 'prev_value': 278, 'change': 1}
2026-03-01 12:07:08,194 : INFO : SwitchController : <<<<<<< 's_flipper_left' inactive >>>>>>>
2026-03-01 12:07:08,196 : INFO : SwitchController : <<<<<<< 's_flipper_left' active >>>>>>>
2026-03-01 12:07:08,196 : INFO : EventManager : Event: ======'machine_var_audits_switches_s_flipper_left'====== Args={'value': 280, 'prev_value': 279, 'change': 1}
2026-03-01 12:07:08,222 : INFO : SwitchController : <<<<<<< 's_flipper_left_eos' inactive >>>>>>>
2026-03-01 12:07:08,361 : INFO : SwitchController : <<<<<<< 's_flipper_left' inactive >>>>>>>
2026-03-01 12:07:08,449 : INFO : SwitchController : <<<<<<< 's_flipper_left_eos' active >>>>>>>
2026-03-01 12:07:08,449 : INFO : EventManager : Event: ======'machine_var_audits_switches_s_flipper_left_eos'====== Args={'value': 160, 'prev_value': 159, 'change': 1}
2026-03-01 12:07:11,879 : INFO : SwitchController : <<<<<<< 's_flipper_left' active >>>>>>>
2026-03-01 12:07:11,879 : INFO : EventManager : Event: ======'machine_var_audits_switches_s_flipper_left'====== Args={'value': 281, 'prev_value': 280, 'change': 1}
2026-03-01 12:07:11,911 : INFO : SwitchController : <<<<<<< 's_flipper_left_eos' inactive >>>>>>>
2026-03-01 12:07:12,030 : INFO : SwitchController : <<<<<<< 's_flipper_left' inactive >>>>>>>
2026-03-01 12:07:12,113 : INFO : SwitchController : <<<<<<< 's_flipper_left_eos' active >>>>>>>
2026-03-01 12:07:12,113 : INFO : EventManager : Event: ======'machine_var_audits_switches_s_flipper_left_eos'====== Args={'value': 161, 'prev_value': 160, 'change': 1}
2026-03-01 12:07:13,494 : INFO : SwitchController : <<<<<<< 's_sling_right' active >>>>>>>
2026-03-01 12:07:13,494 : INFO : EventManager : Event: ======'machine_var_audits_switches_s_sling_right'====== Args={'value': 17, 'prev_value': 16, 'change': 1}
2026-03-01 12:07:13,510 : INFO : SwitchController : <<<<<<< 's_sling_right' inactive >>>>>>>
2026-03-01 12:07:13,823 : INFO : SwitchController : <<<<<<< 's_flipper_left' active >>>>>>>
2026-03-01 12:07:13,823 : INFO : EventManager : Event: ======'machine_var_audits_switches_s_flipper_left'====== Args={'value': 282, 'prev_value': 281, 'change': 1}
2026-03-01 12:07:13,847 : INFO : SwitchController : <<<<<<< 's_flipper_left_eos' inactive >>>>>>>
2026-03-01 12:07:14,007 : INFO : SwitchController : <<<<<<< 's_flipper_left' inactive >>>>>>>
2026-03-01 12:07:14,202 : INFO : SwitchController : <<<<<<< 's_flipper_left_eos' active >>>>>>>
2026-03-01 12:07:14,202 : INFO : EventManager : Event: ======'machine_var_audits_switches_s_flipper_left_eos'====== Args={'value': 162, 'prev_value': 161, 'change': 1}
2026-03-01 12:07:15,310 : INFO : SwitchController : <<<<<<< 's_flipper_left' active >>>>>>>
2026-03-01 12:07:15,311 : INFO : EventManager : Event: ======'machine_var_audits_switches_s_flipper_left'====== Args={'value': 283, 'prev_value': 282, 'change': 1}
2026-03-01 12:07:15,364 : INFO : SwitchController : <<<<<<< 's_flipper_left_eos' inactive >>>>>>>
2026-03-01 12:07:15,487 : INFO : SwitchController : <<<<<<< 's_flipper_left' inactive >>>>>>>
2026-03-01 12:07:15,572 : INFO : SwitchController : <<<<<<< 's_flipper_left_eos' active >>>>>>>
2026-03-01 12:07:15,572 : INFO : EventManager : Event: ======'machine_var_audits_switches_s_flipper_left_eos'====== Args={'value': 163, 'prev_value': 162, 'change': 1}
2026-03-01 12:07:16,138 : INFO : SwitchController : <<<<<<< 's_flipper_left' active >>>>>>>
2026-03-01 12:07:16,138 : INFO : EventManager : Event: ======'machine_var_audits_switches_s_flipper_left'====== Args={'value': 284, 'prev_value': 283, 'change': 1}
2026-03-01 12:07:16,162 : INFO : SwitchController : <<<<<<< 's_flipper_left_eos' inactive >>>>>>>
2026-03-01 12:07:16,323 : INFO : SwitchController : <<<<<<< 's_flipper_left' inactive >>>>>>>
2026-03-01 12:07:16,409 : INFO : SwitchController : <<<<<<< 's_flipper_left_eos' active >>>>>>>
2026-03-01 12:07:16,409 : INFO : EventManager : Event: ======'machine_var_audits_switches_s_flipper_left_eos'====== Args={'value': 164, 'prev_value': 163, 'change': 1}
2026-03-01 12:07:17,717 : INFO : SwitchController : <<<<<<< 's_flipper_left' active >>>>>>>
2026-03-01 12:07:17,717 : INFO : EventManager : Event: ======'machine_var_audits_switches_s_flipper_left'====== Args={'value': 285, 'prev_value': 284, 'change': 1}
2026-03-01 12:07:17,759 : INFO : SwitchController : <<<<<<< 's_flipper_left_eos' inactive >>>>>>>
2026-03-01 12:07:17,900 : INFO : SwitchController : <<<<<<< 's_flipper_left' inactive >>>>>>>
2026-03-01 12:07:17,986 : INFO : SwitchController : <<<<<<< 's_flipper_left_eos' active >>>>>>>
2026-03-01 12:07:17,986 : INFO : EventManager : Event: ======'machine_var_audits_switches_s_flipper_left_eos'====== Args={'value': 165, 'prev_value': 164, 'change': 1}
2026-03-01 12:07:20,693 : INFO : SwitchController : <<<<<<< 's_flipper_left' active >>>>>>>
2026-03-01 12:07:20,693 : INFO : EventManager : Event: ======'machine_var_audits_switches_s_flipper_left'====== Args={'value': 286, 'prev_value': 285, 'change': 1}
2026-03-01 12:07:20,723 : INFO : SwitchController : <<<<<<< 's_flipper_left_eos' inactive >>>>>>>
2026-03-01 12:07:20,887 : INFO : SwitchController : <<<<<<< 's_flipper_left' inactive >>>>>>>
2026-03-01 12:07:20,973 : INFO : SwitchController : <<<<<<< 's_flipper_left_eos' active >>>>>>>
2026-03-01 12:07:20,973 : INFO : EventManager : Event: ======'machine_var_audits_switches_s_flipper_left_eos'====== Args={'value': 166, 'prev_value': 165, 'change': 1}
2026-03-01 12:07:21,937 : INFO : SwitchController : <<<<<<< 's_sling_right' active >>>>>>>
2026-03-01 12:07:21,937 : INFO : EventManager : Event: ======'machine_var_audits_switches_s_sling_right'====== Args={'value': 18, 'prev_value': 17, 'change': 1}
2026-03-01 12:07:21,957 : INFO : SwitchController : <<<<<<< 's_sling_right' inactive >>>>>>>
2026-03-01 12:07:21,964 : INFO : SwitchController : <<<<<<< 's_sling_right' active >>>>>>>
2026-03-01 12:07:21,965 : INFO : EventManager : Event: ======'machine_var_audits_switches_s_sling_right'====== Args={'value': 19, 'prev_value': 18, 'change': 1}
2026-03-01 12:07:21,995 : INFO : SwitchController : <<<<<<< 's_sling_right' inactive >>>>>>>
2026-03-01 12:07:22,632 : INFO : SwitchController : <<<<<<< 's_flipper_left' active >>>>>>>
2026-03-01 12:07:22,632 : INFO : EventManager : Event: ======'machine_var_audits_switches_s_flipper_left'====== Args={'value': 287, 'prev_value': 286, 'change': 1}
2026-03-01 12:07:22,656 : INFO : SwitchController : <<<<<<< 's_flipper_left_eos' inactive >>>>>>>
2026-03-01 12:07:22,897 : INFO : SwitchController : <<<<<<< 's_flipper_left' inactive >>>>>>>
2026-03-01 12:07:22,984 : INFO : SwitchController : <<<<<<< 's_flipper_left_eos' active >>>>>>>
2026-03-01 12:07:22,984 : INFO : EventManager : Event: ======'machine_var_audits_switches_s_flipper_left_eos'====== Args={'value': 167, 'prev_value': 166, 'change': 1}
2026-03-01 12:07:23,261 : INFO : SwitchController : <<<<<<< 's_sling_left' active >>>>>>>
2026-03-01 12:07:23,261 : INFO : EventManager : Event: ======'machine_var_audits_switches_s_sling_left'====== Args={'value': 181, 'prev_value': 180, 'change': 1}
2026-03-01 12:07:23,278 : INFO : SwitchController : <<<<<<< 's_sling_left' inactive >>>>>>>
2026-03-01 12:07:23,360 : INFO : SwitchController : <<<<<<< 's_sling_right' active >>>>>>>
2026-03-01 12:07:23,360 : INFO : EventManager : Event: ======'machine_var_audits_switches_s_sling_right'====== Args={'value': 20, 'prev_value': 19, 'change': 1}
2026-03-01 12:07:23,377 : INFO : SwitchController : <<<<<<< 's_sling_right' inactive >>>>>>>
2026-03-01 12:07:23,444 : INFO : SwitchController : <<<<<<< 's_sling_left' active >>>>>>>
2026-03-01 12:07:23,444 : INFO : EventManager : Event: ======'machine_var_audits_switches_s_sling_left'====== Args={'value': 182, 'prev_value': 181, 'change': 1}
2026-03-01 12:07:23,453 : INFO : SwitchController : <<<<<<< 's_sling_left' inactive >>>>>>>
2026-03-01 12:07:25,992 : INFO : SwitchController : <<<<<<< 's_flipper_left' active >>>>>>>
2026-03-01 12:07:25,992 : INFO : EventManager : Event: ======'machine_var_audits_switches_s_flipper_left'====== Args={'value': 288, 'prev_value': 287, 'change': 1}
2026-03-01 12:07:26,022 : INFO : SwitchController : <<<<<<< 's_flipper_left_eos' inactive >>>>>>>
2026-03-01 12:07:26,124 : INFO : SwitchController : <<<<<<< 's_flipper_left' inactive >>>>>>>
2026-03-01 12:07:26,210 : INFO : SwitchController : <<<<<<< 's_flipper_left_eos' active >>>>>>>
2026-03-01 12:07:26,210 : INFO : EventManager : Event: ======'machine_var_audits_switches_s_flipper_left_eos'====== Args={'value': 168, 'prev_value': 167, 'change': 1}
2026-03-01 12:07:29,836 : INFO : SwitchController : <<<<<<< 's_flipper_left' active >>>>>>>
2026-03-01 12:07:29,836 : INFO : EventManager : Event: ======'machine_var_audits_switches_s_flipper_left'====== Args={'value': 289, 'prev_value': 288, 'change': 1}
2026-03-01 12:07:29,870 : INFO : SwitchController : <<<<<<< 's_flipper_left_eos' inactive >>>>>>>
2026-03-01 12:07:30,042 : INFO : SwitchController : <<<<<<< 's_flipper_left' inactive >>>>>>>
2026-03-01 12:07:30,129 : INFO : SwitchController : <<<<<<< 's_flipper_left_eos' active >>>>>>>
2026-03-01 12:07:30,129 : INFO : EventManager : Event: ======'machine_var_audits_switches_s_flipper_left_eos'====== Args={'value': 169, 'prev_value': 168, 'change': 1}
2026-03-01 12:07:32,556 : INFO : SwitchController : <<<<<<< 's_flipper_left' active >>>>>>>
2026-03-01 12:07:32,556 : INFO : EventManager : Event: ======'machine_var_audits_switches_s_flipper_left'====== Args={'value': 290, 'prev_value': 289, 'change': 1}
2026-03-01 12:07:32,587 : INFO : SwitchController : <<<<<<< 's_flipper_left_eos' inactive >>>>>>>
2026-03-01 12:07:32,748 : INFO : SwitchController : <<<<<<< 's_flipper_left' inactive >>>>>>>
2026-03-01 12:07:32,836 : INFO : SwitchController : <<<<<<< 's_flipper_left_eos' active >>>>>>>
2026-03-01 12:07:32,836 : INFO : EventManager : Event: ======'machine_var_audits_switches_s_flipper_left_eos'====== Args={'value': 170, 'prev_value': 169, 'change': 1}
2026-03-01 12:07:35,118 : INFO : SwitchController : <<<<<<< 's_flipper_left' active >>>>>>>
2026-03-01 12:07:35,118 : INFO : EventManager : Event: ======'machine_var_audits_switches_s_flipper_left'====== Args={'value': 291, 'prev_value': 290, 'change': 1}
2026-03-01 12:07:35,148 : INFO : SwitchController : <<<<<<< 's_flipper_left_eos' inactive >>>>>>>
2026-03-01 12:07:35,319 : INFO : SwitchController : <<<<<<< 's_flipper_left' inactive >>>>>>>
2026-03-01 12:07:35,405 : INFO : SwitchController : <<<<<<< 's_flipper_left_eos' active >>>>>>>
2026-03-01 12:07:35,405 : INFO : EventManager : Event: ======'machine_var_audits_switches_s_flipper_left_eos'====== Args={'value': 171, 'prev_value': 170, 'change': 1}
2026-03-01 12:07:37,941 : INFO : SwitchController : <<<<<<< 's_flipper_left' active >>>>>>>
2026-03-01 12:07:37,941 : INFO : EventManager : Event: ======'machine_var_audits_switches_s_flipper_left'====== Args={'value': 292, 'prev_value': 291, 'change': 1}
2026-03-01 12:07:37,967 : INFO : SwitchController : <<<<<<< 's_flipper_left_eos' inactive >>>>>>>
2026-03-01 12:07:38,188 : INFO : SwitchController : <<<<<<< 's_flipper_left' inactive >>>>>>>
2026-03-01 12:07:38,273 : INFO : SwitchController : <<<<<<< 's_flipper_left_eos' active >>>>>>>
2026-03-01 12:07:38,274 : INFO : EventManager : Event: ======'machine_var_audits_switches_s_flipper_left_eos'====== Args={'value': 172, 'prev_value': 171, 'change': 1}
2026-03-01 12:07:41,333 : INFO : SwitchController : <<<<<<< 's_flipper_left' active >>>>>>>
2026-03-01 12:07:41,333 : INFO : EventManager : Event: ======'machine_var_audits_switches_s_flipper_left'====== Args={'value': 293, 'prev_value': 292, 'change': 1}
2026-03-01 12:07:41,342 : INFO : SwitchController : <<<<<<< 's_flipper_left' inactive >>>>>>>
2026-03-01 12:07:41,343 : INFO : SwitchController : <<<<<<< 's_flipper_left' active >>>>>>>
2026-03-01 12:07:41,343 : INFO : EventManager : Event: ======'machine_var_audits_switches_s_flipper_left'====== Args={'value': 294, 'prev_value': 293, 'change': 1}
2026-03-01 12:07:41,378 : INFO : SwitchController : <<<<<<< 's_flipper_left_eos' inactive >>>>>>>
2026-03-01 12:07:41,493 : INFO : SwitchController : <<<<<<< 's_flipper_left' inactive >>>>>>>
2026-03-01 12:07:41,578 : INFO : SwitchController : <<<<<<< 's_flipper_left_eos' active >>>>>>>
2026-03-01 12:07:41,579 : INFO : EventManager : Event: ======'machine_var_audits_switches_s_flipper_left_eos'====== Args={'value': 173, 'prev_value': 172, 'change': 1}
2026-03-01 12:07:42,387 : INFO : SwitchController : <<<<<<< 's_flipper_right_lower' active >>>>>>>
2026-03-01 12:07:42,387 : INFO : EventManager : Event: ======'machine_var_audits_switches_s_flipper_right_lower'====== Args={'value': 279, 'prev_value': 278, 'change': 1}
2026-03-01 12:07:42,388 : INFO : SwitchController : <<<<<<< 's_flipper_right_upper' active >>>>>>>
2026-03-01 12:07:42,388 : INFO : EventManager : Event: ======'machine_var_audits_switches_s_flipper_right_upper'====== Args={'value': 297, 'prev_value': 296, 'change': 1}
2026-03-01 12:07:42,427 : INFO : SwitchController : <<<<<<< 's_flipper_right_lower_eos' inactive >>>>>>>
2026-03-01 12:07:42,435 : INFO : SwitchController : <<<<<<< 's_flipper_right_lower_eos' active >>>>>>>
2026-03-01 12:07:42,436 : INFO : EventManager : Event: ======'machine_var_audits_switches_s_flipper_right_lower_eos'====== Args={'value': 156, 'prev_value': 155, 'change': 1}
2026-03-01 12:07:42,495 : INFO : SwitchController : <<<<<<< 's_flipper_right_upper' inactive >>>>>>>
2026-03-01 12:07:42,501 : INFO : SwitchController : <<<<<<< 's_flipper_left' active >>>>>>>
2026-03-01 12:07:42,501 : INFO : EventManager : Event: ======'machine_var_audits_switches_s_flipper_left'====== Args={'value': 295, 'prev_value': 294, 'change': 1}
2026-03-01 12:07:42,502 : INFO : SwitchController : <<<<<<< 's_flipper_right_lower' inactive >>>>>>>
2026-03-01 12:07:42,524 : INFO : SwitchController : <<<<<<< 's_flipper_left_eos' inactive >>>>>>>
2026-03-01 12:07:42,641 : INFO : SwitchController : <<<<<<< 's_flipper_left' inactive >>>>>>>
2026-03-01 12:07:42,675 : INFO : SwitchController : <<<<<<< 's_flipper_right_lower' active >>>>>>>
2026-03-01 12:07:42,675 : INFO : EventManager : Event: ======'machine_var_audits_switches_s_flipper_right_lower'====== Args={'value': 280, 'prev_value': 279, 'change': 1}
2026-03-01 12:07:42,678 : INFO : SwitchController : <<<<<<< 's_flipper_right_upper' active >>>>>>>
2026-03-01 12:07:42,678 : INFO : EventManager : Event: ======'machine_var_audits_switches_s_flipper_right_upper'====== Args={'value': 298, 'prev_value': 297, 'change': 1}
2026-03-01 12:07:42,709 : INFO : SwitchController : <<<<<<< 's_flipper_right_lower_eos' inactive >>>>>>>
2026-03-01 12:07:42,727 : INFO : SwitchController : <<<<<<< 's_flipper_right_upper' inactive >>>>>>>
2026-03-01 12:07:42,728 : INFO : SwitchController : <<<<<<< 's_flipper_left_eos' active >>>>>>>
2026-03-01 12:07:42,728 : INFO : EventManager : Event: ======'machine_var_audits_switches_s_flipper_left_eos'====== Args={'value': 174, 'prev_value': 173, 'change': 1}
2026-03-01 12:07:42,734 : INFO : SwitchController : <<<<<<< 's_flipper_right_lower' inactive >>>>>>>
2026-03-01 12:07:42,788 : INFO : SwitchController : <<<<<<< 's_flipper_right_lower_eos' active >>>>>>>
2026-03-01 12:07:42,788 : INFO : EventManager : Event: ======'machine_var_audits_switches_s_flipper_right_lower_eos'====== Args={'value': 157, 'prev_value': 156, 'change': 1}
2026-03-01 12:07:43,027 : INFO : SwitchController : <<<<<<< 's_flipper_right_upper' active >>>>>>>
2026-03-01 12:07:43,028 : INFO : EventManager : Event: ======'machine_var_audits_switches_s_flipper_right_upper'====== Args={'value': 299, 'prev_value': 298, 'change': 1}
2026-03-01 12:07:43,028 : INFO : SwitchController : <<<<<<< 's_flipper_right_lower' active >>>>>>>
2026-03-01 12:07:43,028 : INFO : EventManager : Event: ======'machine_var_audits_switches_s_flipper_right_lower'====== Args={'value': 281, 'prev_value': 280, 'change': 1}
2026-03-01 12:07:43,030 : INFO : SwitchController : <<<<<<< 's_flipper_right_lower' inactive >>>>>>>
2026-03-01 12:07:43,045 : INFO : SwitchController : <<<<<<< 's_flipper_right_lower' active >>>>>>>
2026-03-01 12:07:43,045 : INFO : EventManager : Event: ======'machine_var_audits_switches_s_flipper_right_lower'====== Args={'value': 282, 'prev_value': 281, 'change': 1}
2026-03-01 12:07:43,049 : INFO : SwitchController : <<<<<<< 's_flipper_right_lower' inactive >>>>>>>
2026-03-01 12:07:43,051 : INFO : SwitchController : <<<<<<< 's_flipper_right_lower' active >>>>>>>
2026-03-01 12:07:43,052 : INFO : EventManager : Event: ======'machine_var_audits_switches_s_flipper_right_lower'====== Args={'value': 283, 'prev_value': 282, 'change': 1}
2026-03-01 12:07:45,159 : INFO : SwitchController : <<<<<<< 's_flipper_right_lower' inactive >>>>>>>
2026-03-01 12:07:45,159 : INFO : SwitchController : <<<<<<< 's_flipper_right_upper' inactive >>>>>>>
2026-03-01 12:07:45,773 : INFO : SwitchController : <<<<<<< 's_flipper_right_lower' active >>>>>>>
2026-03-01 12:07:45,774 : INFO : EventManager : Event: ======'machine_var_audits_switches_s_flipper_right_lower'====== Args={'value': 284, 'prev_value': 283, 'change': 1}
2026-03-01 12:07:45,782 : INFO : SwitchController : <<<<<<< 's_flipper_right_upper' active >>>>>>>
2026-03-01 12:07:45,782 : INFO : EventManager : Event: ======'machine_var_audits_switches_s_flipper_right_upper'====== Args={'value': 300, 'prev_value': 299, 'change': 1}
2026-03-01 12:07:45,808 : INFO : SwitchController : <<<<<<< 's_flipper_right_lower_eos' inactive >>>>>>>
2026-03-01 12:07:45,839 : INFO : SwitchController : <<<<<<< 's_flipper_right_upper' inactive >>>>>>>
2026-03-01 12:07:45,852 : INFO : SwitchController : <<<<<<< 's_flipper_right_lower' inactive >>>>>>>
2026-03-01 12:07:45,948 : INFO : SwitchController : <<<<<<< 's_flipper_right_lower_eos' active >>>>>>>
2026-03-01 12:07:45,948 : INFO : EventManager : Event: ======'machine_var_audits_switches_s_flipper_right_lower_eos'====== Args={'value': 158, 'prev_value': 157, 'change': 1}
2026-03-01 12:07:47,837 : INFO : SwitchController : <<<<<<< 's_flipper_left' active >>>>>>>
2026-03-01 12:07:47,837 : INFO : EventManager : Event: ======'machine_var_audits_switches_s_flipper_left'====== Args={'value': 296, 'prev_value': 295, 'change': 1}
2026-03-01 12:07:47,846 : INFO : SwitchController : <<<<<<< 's_flipper_left' inactive >>>>>>>
2026-03-01 12:07:47,846 : INFO : SwitchController : <<<<<<< 's_flipper_left' active >>>>>>>
2026-03-01 12:07:47,846 : INFO : EventManager : Event: ======'machine_var_audits_switches_s_flipper_left'====== Args={'value': 297, 'prev_value': 296, 'change': 1}
2026-03-01 12:07:47,864 : INFO : SwitchController : <<<<<<< 's_flipper_left_eos' inactive >>>>>>>
2026-03-01 12:07:47,941 : INFO : SwitchController : <<<<<<< 's_flipper_left' inactive >>>>>>>
2026-03-01 12:07:48,028 : INFO : SwitchController : <<<<<<< 's_flipper_left_eos' active >>>>>>>
2026-03-01 12:07:48,028 : INFO : EventManager : Event: ======'machine_var_audits_switches_s_flipper_left_eos'====== Args={'value': 175, 'prev_value': 174, 'change': 1}
2026-03-01 12:07:48,910 : INFO : SwitchController : <<<<<<< 's_sling_right' active >>>>>>>
2026-03-01 12:07:48,910 : INFO : EventManager : Event: ======'machine_var_audits_switches_s_sling_right'====== Args={'value': 21, 'prev_value': 20, 'change': 1}
2026-03-01 12:07:48,927 : INFO : SwitchController : <<<<<<< 's_sling_right' inactive >>>>>>>
2026-03-01 12:07:50,162 : INFO : SwitchController : <<<<<<< 's_flipper_left' active >>>>>>>
2026-03-01 12:07:50,162 : INFO : EventManager : Event: ======'machine_var_audits_switches_s_flipper_left'====== Args={'value': 298, 'prev_value': 297, 'change': 1}
2026-03-01 12:07:50,193 : INFO : SwitchController : <<<<<<< 's_flipper_left_eos' inactive >>>>>>>
2026-03-01 12:07:50,234 : INFO : SwitchController : <<<<<<< 's_flipper_left' inactive >>>>>>>
2026-03-01 12:07:50,321 : INFO : SwitchController : <<<<<<< 's_flipper_left_eos' active >>>>>>>
2026-03-01 12:07:50,321 : INFO : EventManager : Event: ======'machine_var_audits_switches_s_flipper_left_eos'====== Args={'value': 176, 'prev_value': 175, 'change': 1}
2026-03-01 12:07:52,626 : INFO : SwitchController : <<<<<<< 's_flipper_left' active >>>>>>>
2026-03-01 12:07:52,626 : INFO : EventManager : Event: ======'machine_var_audits_switches_s_flipper_left'====== Args={'value': 299, 'prev_value': 298, 'change': 1}
2026-03-01 12:07:52,635 : INFO : SwitchController : <<<<<<< 's_flipper_left' inactive >>>>>>>
2026-03-01 12:07:52,635 : INFO : SwitchController : <<<<<<< 's_flipper_left' active >>>>>>>
2026-03-01 12:07:52,635 : INFO : EventManager : Event: ======'machine_var_audits_switches_s_flipper_left'====== Args={'value': 300, 'prev_value': 299, 'change': 1}
2026-03-01 12:07:52,665 : INFO : SwitchController : <<<<<<< 's_flipper_left_eos' inactive >>>>>>>
2026-03-01 12:07:52,720 : INFO : SwitchController : <<<<<<< 's_flipper_left' inactive >>>>>>>
2026-03-01 12:07:52,809 : INFO : SwitchController : <<<<<<< 's_flipper_left_eos' active >>>>>>>
2026-03-01 12:07:52,809 : INFO : EventManager : Event: ======'machine_var_audits_switches_s_flipper_left_eos'====== Args={'value': 177, 'prev_value': 176, 'change': 1}
2026-03-01 12:07:54,314 : INFO : SwitchController : <<<<<<< 's_flipper_right_lower' active >>>>>>>
2026-03-01 12:07:54,314 : INFO : EventManager : Event: ======'machine_var_audits_switches_s_flipper_right_lower'====== Args={'value': 285, 'prev_value': 284, 'change': 1}
2026-03-01 12:07:54,318 : INFO : SwitchController : <<<<<<< 's_flipper_right_upper' active >>>>>>>
2026-03-01 12:07:54,318 : INFO : EventManager : Event: ======'machine_var_audits_switches_s_flipper_right_upper'====== Args={'value': 301, 'prev_value': 300, 'change': 1}
2026-03-01 12:07:54,350 : INFO : SwitchController : <<<<<<< 's_flipper_right_lower_eos' inactive >>>>>>>
2026-03-01 12:07:54,408 : INFO : SwitchController : <<<<<<< 's_flipper_right_upper' inactive >>>>>>>
2026-03-01 12:07:54,412 : INFO : SwitchController : <<<<<<< 's_flipper_left' active >>>>>>>
2026-03-01 12:07:54,412 : INFO : EventManager : Event: ======'machine_var_audits_switches_s_flipper_left'====== Args={'value': 301, 'prev_value': 300, 'change': 1}
2026-03-01 12:07:54,413 : INFO : SwitchController : <<<<<<< 's_flipper_right_lower' inactive >>>>>>>
2026-03-01 12:07:54,436 : INFO : SwitchController : <<<<<<< 's_flipper_left_eos' inactive >>>>>>>
2026-03-01 12:07:54,457 : INFO : SwitchController : <<<<<<< 's_flipper_right_lower_eos' active >>>>>>>
2026-03-01 12:07:54,457 : INFO : EventManager : Event: ======'machine_var_audits_switches_s_flipper_right_lower_eos'====== Args={'value': 159, 'prev_value': 158, 'change': 1}
2026-03-01 12:07:54,572 : INFO : SwitchController : <<<<<<< 's_flipper_left' inactive >>>>>>>
2026-03-01 12:07:54,660 : INFO : SwitchController : <<<<<<< 's_flipper_left_eos' active >>>>>>>
2026-03-01 12:07:54,660 : INFO : EventManager : Event: ======'machine_var_audits_switches_s_flipper_left_eos'====== Args={'value': 178, 'prev_value': 177, 'change': 1}
2026-03-01 12:07:54,695 : INFO : SwitchController : <<<<<<< 's_flipper_right_lower' active >>>>>>>
2026-03-01 12:07:54,695 : INFO : EventManager : Event: ======'machine_var_audits_switches_s_flipper_right_lower'====== Args={'value': 286, 'prev_value': 285, 'change': 1}
2026-03-01 12:07:54,701 : INFO : SwitchController : <<<<<<< 's_flipper_right_upper' active >>>>>>>
2026-03-01 12:07:54,701 : INFO : EventManager : Event: ======'machine_var_audits_switches_s_flipper_right_upper'====== Args={'value': 302, 'prev_value': 301, 'change': 1}
2026-03-01 12:07:54,730 : INFO : SwitchController : <<<<<<< 's_flipper_right_lower_eos' inactive >>>>>>>
2026-03-01 12:07:54,743 : INFO : SwitchController : <<<<<<< 's_flipper_left' active >>>>>>>
2026-03-01 12:07:54,744 : INFO : EventManager : Event: ======'machine_var_audits_switches_s_flipper_left'====== Args={'value': 302, 'prev_value': 301, 'change': 1}
2026-03-01 12:07:54,767 : INFO : SwitchController : <<<<<<< 's_flipper_left_eos' inactive >>>>>>>
2026-03-01 12:07:54,772 : INFO : SwitchController : <<<<<<< 's_flipper_right_upper' inactive >>>>>>>
2026-03-01 12:07:54,780 : INFO : SwitchController : <<<<<<< 's_flipper_right_lower' inactive >>>>>>>
2026-03-01 12:07:54,867 : INFO : SwitchController : <<<<<<< 's_flipper_right_lower_eos' active >>>>>>>
2026-03-01 12:07:54,868 : INFO : EventManager : Event: ======'machine_var_audits_switches_s_flipper_right_lower_eos'====== Args={'value': 160, 'prev_value': 159, 'change': 1}
2026-03-01 12:07:54,923 : INFO : SwitchController : <<<<<<< 's_flipper_left' inactive >>>>>>>
2026-03-01 12:07:54,971 : INFO : SwitchController : <<<<<<< 's_flipper_right_lower' active >>>>>>>
2026-03-01 12:07:54,971 : INFO : EventManager : Event: ======'machine_var_audits_switches_s_flipper_right_lower'====== Args={'value': 287, 'prev_value': 286, 'change': 1}
2026-03-01 12:07:54,972 : INFO : SwitchController : <<<<<<< 's_flipper_right_upper' active >>>>>>>
2026-03-01 12:07:54,973 : INFO : EventManager : Event: ======'machine_var_audits_switches_s_flipper_right_upper'====== Args={'value': 303, 'prev_value': 302, 'change': 1}
2026-03-01 12:07:55,006 : INFO : SwitchController : <<<<<<< 's_flipper_right_lower_eos' inactive >>>>>>>
2026-03-01 12:07:55,010 : INFO : SwitchController : <<<<<<< 's_flipper_left_eos' active >>>>>>>
2026-03-01 12:07:55,010 : INFO : EventManager : Event: ======'machine_var_audits_switches_s_flipper_left_eos'====== Args={'value': 179, 'prev_value': 178, 'change': 1}
2026-03-01 12:07:55,099 : INFO : SwitchController : <<<<<<< 's_flipper_right_upper' inactive >>>>>>>
2026-03-01 12:07:55,104 : INFO : SwitchController : <<<<<<< 's_flipper_right_lower' inactive >>>>>>>
2026-03-01 12:07:55,153 : INFO : SwitchController : <<<<<<< 's_trough_6' inactive >>>>>>>
2026-03-01 12:07:55,154 : INFO : SwitchController : <<<<<<< 's_flipper_right_lower_eos' active >>>>>>>
2026-03-01 12:07:55,154 : INFO : EventManager : Event: ======'machine_var_audits_switches_s_flipper_right_lower_eos'====== Args={'value': 161, 'prev_value': 160, 'change': 1}
2026-03-01 12:07:55,199 : INFO : SwitchController : <<<<<<< 's_trough_6' active >>>>>>>
2026-03-01 12:07:55,199 : INFO : EventManager : Event: ======'machine_var_audits_switches_s_trough_6'====== Args={'value': 88, 'prev_value': 87, 'change': 1}
2026-03-01 12:07:55,256 : INFO : SwitchController : <<<<<<< 's_flipper_left' active >>>>>>>
2026-03-01 12:07:55,256 : INFO : EventManager : Event: ======'machine_var_audits_switches_s_flipper_left'====== Args={'value': 303, 'prev_value': 302, 'change': 1}
2026-03-01 12:07:55,279 : INFO : SwitchController : <<<<<<< 's_flipper_left_eos' inactive >>>>>>>
2026-03-01 12:07:55,419 : INFO : SwitchController : <<<<<<< 's_flipper_left' inactive >>>>>>>
2026-03-01 12:07:55,506 : INFO : SwitchController : <<<<<<< 's_flipper_left_eos' active >>>>>>>
2026-03-01 12:07:55,506 : INFO : EventManager : Event: ======'machine_var_audits_switches_s_flipper_left_eos'====== Args={'value': 180, 'prev_value': 179, 'change': 1}
2026-03-01 12:07:55,542 : INFO : SwitchController : <<<<<<< 's_trough_6' inactive >>>>>>>
2026-03-01 12:07:56,043 : INFO : ball_device.bd_trough : BCH: Count is unstable. Trying to reorder balls.
2026-03-01 12:07:56,044 : WARNING : ball_device.bd_trough : Cannot reorder device because eject_coil_reorder_pulse is not configured
2026-03-01 12:07:56,044 : INFO : ball_device.bd_trough : BCH: Repulse done. Waiting for balls to settle.
