2026-03-02 16:00:32,385 : INFO : root : Loading config.
2026-03-02 16:00:32,784 : INFO : ConfigProcessor : Config spec file cache created: /var/folders/1s/015t8n3n70gcr2ch4xflj4yr0000gn/T/config_spec.mpf_cache
2026-03-02 16:00:32,786 : INFO : YamlMultifileConfigLoader : Machine config file #1: config.yaml
2026-03-02 16:00:32,786 : INFO : ConfigProcessor : Loading config from cache: /var/folders/1s/015t8n3n70gcr2ch4xflj4yr0000gn/T/954ddabc670342668a09b03520c7eb79.mpf_cache
2026-03-02 16:00:32,906 : INFO : ConfigProcessor : Loading config from cache: /var/folders/1s/015t8n3n70gcr2ch4xflj4yr0000gn/T/64218df07edc412f774c53ffb33c812d.mpf_cache
2026-03-02 16:00:32,906 : INFO : ConfigProcessor : Loading config from cache: /var/folders/1s/015t8n3n70gcr2ch4xflj4yr0000gn/T/767518d75df2d86a4d35c1fb94c70abd.mpf_cache
2026-03-02 16:00:32,907 : INFO : ConfigProcessor : Loading config from cache: /var/folders/1s/015t8n3n70gcr2ch4xflj4yr0000gn/T/64218df07edc412f774c53ffb33c812d.mpf_cache
2026-03-02 16:00:32,908 : INFO : ConfigProcessor : Loading config from cache: /var/folders/1s/015t8n3n70gcr2ch4xflj4yr0000gn/T/73548cb541cc3751ae5711fe0817282a.mpf_cache
2026-03-02 16:00:32,908 : INFO : ConfigProcessor : Loading config from cache: /var/folders/1s/015t8n3n70gcr2ch4xflj4yr0000gn/T/57f006170cd447d443f971cd8b826597.mpf_cache
2026-03-02 16:00:32,909 : INFO : Machine : Mission Pinball Framework Core Engine v0.80.0.dev13
2026-03-02 16:00:32,909 : INFO : Machine : Command line arguments: {'no_load_cache': False, 'create_config_cache': True, 'bcp': True, 'configfile': ['config.yaml'], 'force_assets_load': False, 'platform_integration_test': False, 'jsonlogging': False, 'logfile': 'logs/2026-03-02-16-00-32-mpf-ANDREs-Mac-mini.local.log', 'pause': False, 'production': False, 'text_ui': True, 'loglevel': 15, 'consoleloglevel': 20, 'force_platform': None, 'syslog_address': None, 'full_logfile_path': '/Users/pinball/NapoleonDynamite/logs/2026-03-02-16-00-32-mpf-ANDREs-Mac-mini.local.log'}
2026-03-02 16:00:32,910 : INFO : Machine : MPF path: /Users/pinball/mpf/lib/python3.14/site-packages/mpf
2026-03-02 16:00:32,910 : INFO : Machine : Machine path: /Users/pinball/NapoleonDynamite
2026-03-02 16:00:32,910 : INFO : Machine : Platform: darwin
2026-03-02 16:00:32,910 : INFO : Machine : Python executable location: /Users/pinball/mpf/bin/python3.14
2026-03-02 16:00:32,910 : INFO : Machine : Python version: 3.14.3 (64-bit)
2026-03-02 16:00:32,912 : INFO : Machine : Initializing MPF...
2026-03-02 16:00:33,111 : INFO : FAST : Auto-detecting ports for the following connections: ['net', 'exp']
2026-03-02 16:00:33,138 : INFO : FAST : Detected NET on port /dev/cu.usbmodem14101
2026-03-02 16:00:34,141 : INFO : FAST : Detected EXP on port /dev/cu.usbmodem14103
2026-03-02 16:00:34,252 : INFO : FAST [NET] : Trying to connect to /dev/cu.usbmodem14101 at 921600bps
2026-03-02 16:00:34,258 : INFO : FAST [NET] : Connected to /dev/cu.usbmodem14101 at 921600bps
2026-03-02 16:00:34,261 : INFO : FAST [NET] : Connected to FP-CPU-2000 with firmware v02.26
2026-03-02 16:00:34,264 : INFO : FAST [NET] : Registered I/O Board 0: Model: FP-I/O-0024, Firmware: 01.10, Switches: 24, Drivers: 8
2026-03-02 16:00:34,266 : INFO : FAST [NET] : Registered I/O Board 1: Model: FP-I/O-3208, Firmware: 01.10, Switches: 32, Drivers: 8
2026-03-02 16:00:34,268 : INFO : FAST [NET] : Registered I/O Board 2: Model: FP-I/O-0804, Firmware: 01.10, Switches: 8, Drivers: 4
2026-03-02 16:00:34,273 : INFO : FAST [EXP] : Trying to connect to /dev/cu.usbmodem14103 at 921600bps
2026-03-02 16:00:34,282 : INFO : FAST [EXP] : Connected to /dev/cu.usbmodem14103 at 921600bps
2026-03-02 16:00:34,284 : INFO : FAST [EXP] : Verifying hardware for EXP "neuron" (FP-EXP-2000, @48) with ID string "EXP FP-EXP-2000  0.34", board address 48
2026-03-02 16:00:34,285 : INFO : FAST [EXP] : Verifying hardware for EXP "neuron" (FP-EXP-2000, @48) with ID string "LED FP-BRK-0001  0.8", board address 480
2026-03-02 16:00:34,287 : INFO : EventManager : Event: ======'machine_var_credits_string'====== Args={'value': 'FREE PLAY', 'prev_value': None, 'change': True}
2026-03-02 16:00:34,318 : INFO : EventManager : Event: ======'machine_var_master_volume'====== Args={'value': 0.5, 'prev_value': None, 'change': True}
2026-03-02 16:00:34,319 : INFO : EventManager : Event: ======'machine_var_player1_score'====== Args={'value': 1600, 'prev_value': None, 'change': True}
2026-03-02 16:00:34,319 : INFO : EventManager : Event: ======'machine_var_mpf_version'====== Args={'value': 'Mission Pinball Framework v0.80.0.dev13', 'prev_value': None, 'change': True}
2026-03-02 16:00:34,319 : INFO : EventManager : Event: ======'machine_var_mpf_extended_version'====== Args={'value': 'Mission Pinball Framework v0.80.0.dev13, Config version:6, Show version: 6, BCP version:1.1', 'prev_value': None, 'change': True}
2026-03-02 16:00:34,320 : INFO : EventManager : Event: ======'machine_var_python_version'====== Args={'value': '3.14.3', 'prev_value': None, 'change': True}
2026-03-02 16:00:34,360 : INFO : EventManager : Event: ======'machine_var_platform'====== Args={'value': 'macOS-14.8.4-x86_64-i386-64bit-Mach-O', 'prev_value': None, 'change': True}
2026-03-02 16:00:34,360 : INFO : EventManager : Event: ======'machine_var_platform_system'====== Args={'value': 'Darwin', 'prev_value': None, 'change': True}
2026-03-02 16:00:34,360 : INFO : EventManager : Event: ======'machine_var_platform_release'====== Args={'value': '23.6.0', 'prev_value': None, 'change': True}
2026-03-02 16:00:34,360 : INFO : EventManager : Event: ======'machine_var_platform_version'====== Args={'value': 'Darwin Kernel Version 23.6.0: Mon Jan 19 22:02:22 PST 2026; root:xnu-10063.141.1.710.3~1/RELEASE_X86_64', 'prev_value': None, 'change': True}
2026-03-02 16:00:34,361 : INFO : EventManager : Event: ======'machine_var_platform_machine'====== Args={'value': 'x86_64', 'prev_value': None, 'change': True}
2026-03-02 16:00:34,361 : INFO : EventManager : Event: ======'machine_var_log_file_path'====== Args={'value': '/Users/pinball/NapoleonDynamite/logs/2026-03-02-16-00-32-mpf-ANDREs-Mac-mini.local.log', 'prev_value': None, 'change': True}
2026-03-02 16:00:34,361 : INFO : EventManager : Event: ======'init_phase_1'====== Args={}
2026-03-02 16:00:34,667 : INFO : SwitchController : <<<<<<< 's_flipper_left_eos' active >>>>>>>
2026-03-02 16:00:34,667 : INFO : SwitchController : <<<<<<< 's_flipper_right_lower_eos' active >>>>>>>
2026-03-02 16:00:34,667 : INFO : SwitchController : <<<<<<< 's_trough_1' active >>>>>>>
2026-03-02 16:00:34,667 : INFO : SwitchController : <<<<<<< 's_trough_2' active >>>>>>>
2026-03-02 16:00:34,667 : INFO : SwitchController : <<<<<<< 's_trough_3' active >>>>>>>
2026-03-02 16:00:34,668 : INFO : SwitchController : <<<<<<< 's_trough_4' active >>>>>>>
2026-03-02 16:00:34,668 : INFO : SwitchController : <<<<<<< 's_trough_5' active >>>>>>>
2026-03-02 16:00:34,668 : INFO : SwitchController : <<<<<<< 's_trough_6' active >>>>>>>
2026-03-02 16:00:34,668 : INFO : SwitchController : <<<<<<< 's_bumper_lower' active >>>>>>>
2026-03-02 16:00:34,668 : INFO : SwitchController : <<<<<<< 's_bumper_upper' active >>>>>>>
2026-03-02 16:00:34,668 : INFO : SwitchController : <<<<<<< 's_inlane_right_2' active >>>>>>>
2026-03-02 16:00:34,668 : INFO : SwitchController : <<<<<<< 's_inlane_left' active >>>>>>>
2026-03-02 16:00:34,700 : INFO : EventManager : Event: ======'init_phase_2'====== Args={}
2026-03-02 16:00:34,700 : INFO : SwitchController : Found active switch: (37, [FAST Platform Interface]) <switch.s_flipper_left_eos>
2026-03-02 16:00:34,700 : INFO : SwitchController : Found active switch: (32, [FAST Platform Interface]) <switch.s_flipper_right_lower_eos>
2026-03-02 16:00:34,701 : INFO : SwitchController : Found active switch: (24, [FAST Platform Interface]) <switch.s_trough_1>
2026-03-02 16:00:34,701 : INFO : SwitchController : Found active switch: (25, [FAST Platform Interface]) <switch.s_trough_2>
2026-03-02 16:00:34,701 : INFO : SwitchController : Found active switch: (26, [FAST Platform Interface]) <switch.s_trough_3>
2026-03-02 16:00:34,701 : INFO : SwitchController : Found active switch: (27, [FAST Platform Interface]) <switch.s_trough_4>
2026-03-02 16:00:34,701 : INFO : SwitchController : Found active switch: (28, [FAST Platform Interface]) <switch.s_trough_5>
2026-03-02 16:00:34,701 : INFO : SwitchController : Found active switch: (29, [FAST Platform Interface]) <switch.s_trough_6>
2026-03-02 16:00:34,701 : INFO : SwitchController : Found active switch: (41, [FAST Platform Interface]) <switch.s_bumper_lower>
2026-03-02 16:00:34,701 : INFO : SwitchController : Found active switch: (42, [FAST Platform Interface]) <switch.s_bumper_upper>
2026-03-02 16:00:34,701 : INFO : SwitchController : Found active switch: (36, [FAST Platform Interface]) <switch.s_inlane_right_2>
2026-03-02 16:00:34,701 : INFO : SwitchController : Found active switch: (39, [FAST Platform Interface]) <switch.s_inlane_left>
2026-03-02 16:00:34,706 : INFO : EventManager : Event: ======'bcp_connection_attempt'====== Args={'name': 'local_display', 'host': 'localhost', 'port': 5050}
2026-03-02 16:00:34,712 : INFO : BCPClientSocket : Connecting BCP to 'local_display' at localhost:5050...
2026-03-02 16:00:34,727 : INFO : BCPClientSocket : Connected BCP to 'local_display' localhost:5050
2026-03-02 16:00:34,728 : INFO : EventManager : Event: ======'bcp_clients_connected'====== Args={}
2026-03-02 16:00:35,168 : INFO : ball_device.bd_trough : BCH: Initial count: 6
2026-03-02 16:00:35,169 : INFO : ball_device.bd_trough : State: idle
2026-03-02 16:00:35,169 : INFO : ball_device.bd_plunger : BCH: Initial count: 0
2026-03-02 16:00:35,170 : INFO : ball_device.bd_plunger : State: idle
2026-03-02 16:00:35,198 : INFO : EventManager : Event: ======'init_phase_3'====== Args={}
2026-03-02 16:00:35,202 : INFO : EventManager : Event: ======'init_phase_4'====== Args={}
2026-03-02 16:00:35,203 : INFO : BallController : Initial balls found: 6
2026-03-02 16:00:35,205 : INFO : EventManager : Event: ======'machine_var_audits_events_game_ended'====== Args={'value': 2, 'prev_value': None, 'change': True}
2026-03-02 16:00:35,205 : INFO : EventManager : Event: ======'machine_var_audits_events_game_started'====== Args={'value': 5, 'prev_value': None, 'change': True}
2026-03-02 16:00:35,205 : INFO : EventManager : Event: ======'machine_var_audits_missing_switches_s_bumper_lower'====== Args={'value': 5, 'prev_value': None, 'change': True}
2026-03-02 16:00:35,206 : INFO : EventManager : Event: ======'machine_var_audits_missing_switches_s_inlane_left'====== Args={'value': 5, 'prev_value': None, 'change': True}
2026-03-02 16:00:35,206 : INFO : EventManager : Event: ======'machine_var_audits_missing_switches_s_inlane_right_1'====== Args={'value': 5, 'prev_value': None, 'change': True}
2026-03-02 16:00:35,206 : INFO : EventManager : Event: ======'machine_var_audits_missing_switches_s_inlane_right_2'====== Args={'value': 5, 'prev_value': None, 'change': True}
2026-03-02 16:00:35,206 : INFO : EventManager : Event: ======'machine_var_audits_missing_switches_s_start'====== Args={'value': 3, 'prev_value': None, 'change': True}
2026-03-02 16:00:35,206 : INFO : EventManager : Event: ======'machine_var_audits_player_score'====== Args={'value': {'average': 800, 'top': [1600, 0], 'total': 2}, 'prev_value': None, 'change': True}
2026-03-02 16:00:35,206 : INFO : EventManager : Event: ======'machine_var_audits_shots_sling_left'====== Args={'value': 15, 'prev_value': None, 'change': True}
2026-03-02 16:00:35,207 : INFO : EventManager : Event: ======'machine_var_audits_shots_sling_right'====== Args={'value': 13, 'prev_value': None, 'change': True}
2026-03-02 16:00:35,207 : INFO : EventManager : Event: ======'machine_var_audits_switches_s_bumper_lower'====== Args={'value': 0, 'prev_value': None, 'change': True}
2026-03-02 16:00:35,207 : INFO : EventManager : Event: ======'machine_var_audits_switches_s_bumper_upper'====== Args={'value': 6, 'prev_value': None, 'change': True}
2026-03-02 16:00:35,207 : INFO : EventManager : Event: ======'machine_var_audits_switches_s_flipper_left'====== Args={'value': 112, 'prev_value': None, 'change': True}
2026-03-02 16:00:35,207 : INFO : EventManager : Event: ======'machine_var_audits_switches_s_flipper_left_eos'====== Args={'value': 95, 'prev_value': None, 'change': True}
2026-03-02 16:00:35,207 : INFO : EventManager : Event: ======'machine_var_audits_switches_s_flipper_right_lower'====== Args={'value': 146, 'prev_value': None, 'change': True}
2026-03-02 16:00:35,207 : INFO : EventManager : Event: ======'machine_var_audits_switches_s_flipper_right_lower_eos'====== Args={'value': 109, 'prev_value': None, 'change': True}
2026-03-02 16:00:35,207 : INFO : EventManager : Event: ======'machine_var_audits_switches_s_flipper_right_upper'====== Args={'value': 134, 'prev_value': None, 'change': True}
2026-03-02 16:00:35,208 : INFO : EventManager : Event: ======'machine_var_audits_switches_s_flipper_right_upper_eos'====== Args={'value': 20, 'prev_value': None, 'change': True}
2026-03-02 16:00:35,208 : INFO : EventManager : Event: ======'machine_var_audits_switches_s_inlane_left'====== Args={'value': 0, 'prev_value': None, 'change': True}
2026-03-02 16:00:35,208 : INFO : EventManager : Event: ======'machine_var_audits_switches_s_inlane_right_1'====== Args={'value': 0, 'prev_value': None, 'change': True}
2026-03-02 16:00:35,208 : INFO : EventManager : Event: ======'machine_var_audits_switches_s_inlane_right_2'====== Args={'value': 0, 'prev_value': None, 'change': True}
2026-03-02 16:00:35,208 : INFO : EventManager : Event: ======'machine_var_audits_switches_s_plunger'====== Args={'value': 15, 'prev_value': None, 'change': True}
2026-03-02 16:00:35,208 : INFO : EventManager : Event: ======'machine_var_audits_switches_s_sling_left'====== Args={'value': 15, 'prev_value': None, 'change': True}
2026-03-02 16:00:35,208 : INFO : EventManager : Event: ======'machine_var_audits_switches_s_sling_right'====== Args={'value': 13, 'prev_value': None, 'change': True}
2026-03-02 16:00:35,208 : INFO : EventManager : Event: ======'machine_var_audits_switches_s_start'====== Args={'value': 4, 'prev_value': None, 'change': True}
2026-03-02 16:00:35,208 : INFO : EventManager : Event: ======'machine_var_audits_switches_s_trough_1'====== Args={'value': 11, 'prev_value': None, 'change': True}
2026-03-02 16:00:35,208 : INFO : EventManager : Event: ======'machine_var_audits_switches_s_trough_2'====== Args={'value': 21, 'prev_value': None, 'change': True}
2026-03-02 16:00:35,209 : INFO : EventManager : Event: ======'machine_var_audits_switches_s_trough_3'====== Args={'value': 26, 'prev_value': None, 'change': True}
2026-03-02 16:00:35,209 : INFO : EventManager : Event: ======'machine_var_audits_switches_s_trough_4'====== Args={'value': 25, 'prev_value': None, 'change': True}
2026-03-02 16:00:35,209 : INFO : EventManager : Event: ======'machine_var_audits_switches_s_trough_5'====== Args={'value': 27, 'prev_value': None, 'change': True}
2026-03-02 16:00:35,209 : INFO : EventManager : Event: ======'machine_var_audits_switches_s_trough_6'====== Args={'value': 29, 'prev_value': None, 'change': True}
2026-03-02 16:00:35,209 : INFO : EventManager : Event: ======'machine_var_audits_switches_s_trough_7'====== Args={'value': 14, 'prev_value': None, 'change': True}
2026-03-02 16:00:35,211 : INFO : EventManager : Event: ======'init_phase_5'====== Args={}
2026-03-02 16:00:35,211 : INFO : EventManager : Event: ======'init_done'====== Args={}
2026-03-02 16:00:35,212 : INFO : EventManager : Event: ======'machine_reset_phase_1'====== Args={}
2026-03-02 16:00:35,222 : INFO : EventManager : Event: ======'machine_reset_phase_2'====== Args={}
2026-03-02 16:00:35,227 : INFO : EventManager : Event: ======'machine_reset_phase_3'====== Args={}
2026-03-02 16:00:35,227 : INFO : EventManager : Event: ======'reset_complete'====== Args={}
2026-03-02 16:00:35,228 : INFO : EventManager : Event: ======'mode_attract_will_start'====== Args={}
2026-03-02 16:00:35,228 : INFO : Timer.attract_carousel_timer : Starting Timer.
2026-03-02 16:00:35,228 : INFO : EventManager : Event: ======'timer_attract_carousel_timer_started'====== Args={'ticks': 0, 'ticks_remaining': 1}
2026-03-02 16:00:35,228 : INFO : EventManager : Event: ======'timer_attract_carousel_timer_tick'====== Args={'ticks': 0, 'ticks_remaining': 1}
2026-03-02 16:00:35,230 : INFO : EventManager : Event: ======'mode_attract_starting'====== Args={}
2026-03-02 16:00:35,230 : INFO : Mode.attract : Started. Priority: 10
2026-03-02 16:00:35,230 : INFO : EventManager : Event: ======'modes_active_modes_changed'====== Args={}
2026-03-02 16:00:35,231 : INFO : EventManager : Event: ======'mode_attract_started'====== Args={}
2026-03-02 16:00:35,232 : INFO : EventManager : Event: ======'collecting_balls_complete'====== Args={}
2026-03-02 16:00:35,233 : INFO : EventManager : Event: ======'carousel_item_highlighted'====== Args={'carousel': 'attract', 'direction': None, 'item': 'title'}
2026-03-02 16:00:35,233 : INFO : EventManager : Event: ======'timer_attract_carousel_timer_tick'====== Args={'ticks': 0, 'ticks_remaining': 1}
2026-03-02 16:00:35,234 : INFO : Machine : Starting the main run loop with active modes: [<Mode.attract>]
2026-03-02 16:00:35,431 : INFO : EventManager : Event: ======'slide_attract_created'====== Args={'_from_bcp': True}
2026-03-02 16:00:35,431 : INFO : EventManager : Event: ======'slide__removed'====== Args={'_from_bcp': True}
2026-03-02 16:00:35,432 : INFO : EventManager : Event: ======'slide_attract_active'====== Args={'original_context': 'attract', 'original_calling_context': 'mode_attract_started', 'priority': 10.0, 'cmd': 'slides_play', '_from_bcp': True}
2026-03-02 16:00:40,233 : INFO : Timer.attract_carousel_timer : Timer Complete
2026-03-02 16:00:40,233 : INFO : Timer.attract_carousel_timer : Stopping Timer
2026-03-02 16:00:40,234 : INFO : EventManager : Event: ======'timer_attract_carousel_timer_stopped'====== Args={'ticks': 1, 'ticks_remaining': 1}
2026-03-02 16:00:40,234 : INFO : EventManager : Event: ======'timer_attract_carousel_timer_complete'====== Args={'ticks': 1, 'ticks_remaining': 1}
2026-03-02 16:00:40,234 : INFO : EventManager : Event: ======'carousel_item_highlighted'====== Args={'carousel': 'attract', 'direction': 'forwards', 'item': 'credits'}
2026-03-02 16:00:40,235 : INFO : Timer.attract_carousel_timer : Starting Timer.
2026-03-02 16:00:40,235 : INFO : EventManager : Event: ======'timer_attract_carousel_timer_started'====== Args={'ticks': 0, 'ticks_remaining': 1}
2026-03-02 16:00:40,235 : INFO : EventManager : Event: ======'timer_attract_carousel_timer_tick'====== Args={'ticks': 0, 'ticks_remaining': 1}
2026-03-02 16:00:45,235 : INFO : Timer.attract_carousel_timer : Timer Complete
2026-03-02 16:00:45,235 : INFO : Timer.attract_carousel_timer : Stopping Timer
2026-03-02 16:00:45,235 : INFO : EventManager : Event: ======'timer_attract_carousel_timer_stopped'====== Args={'ticks': 1, 'ticks_remaining': 1}
2026-03-02 16:00:45,236 : INFO : EventManager : Event: ======'timer_attract_carousel_timer_complete'====== Args={'ticks': 1, 'ticks_remaining': 1}
2026-03-02 16:00:45,236 : INFO : EventManager : Event: ======'carousel_item_highlighted'====== Args={'carousel': 'attract', 'direction': 'forwards', 'item': 'last_scores_1p'}
2026-03-02 16:00:45,237 : INFO : Timer.attract_carousel_timer : Starting Timer.
2026-03-02 16:00:45,237 : INFO : EventManager : Event: ======'timer_attract_carousel_timer_started'====== Args={'ticks': 0, 'ticks_remaining': 1}
2026-03-02 16:00:45,237 : INFO : EventManager : Event: ======'timer_attract_carousel_timer_tick'====== Args={'ticks': 0, 'ticks_remaining': 1}
2026-03-02 16:00:50,237 : INFO : Timer.attract_carousel_timer : Timer Complete
2026-03-02 16:00:50,238 : INFO : Timer.attract_carousel_timer : Stopping Timer
2026-03-02 16:00:50,238 : INFO : EventManager : Event: ======'timer_attract_carousel_timer_stopped'====== Args={'ticks': 1, 'ticks_remaining': 1}
2026-03-02 16:00:50,238 : INFO : EventManager : Event: ======'timer_attract_carousel_timer_complete'====== Args={'ticks': 1, 'ticks_remaining': 1}
2026-03-02 16:00:50,239 : INFO : EventManager : Event: ======'carousel_item_highlighted'====== Args={'carousel': 'attract', 'direction': 'forwards', 'item': 'logo'}
2026-03-02 16:00:50,240 : INFO : Timer.attract_carousel_timer : Starting Timer.
2026-03-02 16:00:50,240 : INFO : EventManager : Event: ======'timer_attract_carousel_timer_started'====== Args={'ticks': 0, 'ticks_remaining': 1}
2026-03-02 16:00:50,241 : INFO : EventManager : Event: ======'timer_attract_carousel_timer_tick'====== Args={'ticks': 0, 'ticks_remaining': 1}
2026-03-02 16:00:55,241 : INFO : Timer.attract_carousel_timer : Timer Complete
2026-03-02 16:00:55,241 : INFO : Timer.attract_carousel_timer : Stopping Timer
2026-03-02 16:00:55,241 : INFO : EventManager : Event: ======'timer_attract_carousel_timer_stopped'====== Args={'ticks': 1, 'ticks_remaining': 1}
2026-03-02 16:00:55,241 : INFO : EventManager : Event: ======'timer_attract_carousel_timer_complete'====== Args={'ticks': 1, 'ticks_remaining': 1}
2026-03-02 16:00:55,242 : INFO : EventManager : Event: ======'carousel_item_highlighted'====== Args={'carousel': 'attract', 'direction': 'forwards', 'item': 'title'}
2026-03-02 16:00:55,242 : INFO : Timer.attract_carousel_timer : Starting Timer.
2026-03-02 16:00:55,242 : INFO : EventManager : Event: ======'timer_attract_carousel_timer_started'====== Args={'ticks': 0, 'ticks_remaining': 1}
2026-03-02 16:00:55,242 : INFO : EventManager : Event: ======'timer_attract_carousel_timer_tick'====== Args={'ticks': 0, 'ticks_remaining': 1}
2026-03-02 16:01:00,243 : INFO : Timer.attract_carousel_timer : Timer Complete
2026-03-02 16:01:00,243 : INFO : Timer.attract_carousel_timer : Stopping Timer
2026-03-02 16:01:00,243 : INFO : EventManager : Event: ======'timer_attract_carousel_timer_stopped'====== Args={'ticks': 1, 'ticks_remaining': 1}
2026-03-02 16:01:00,243 : INFO : EventManager : Event: ======'timer_attract_carousel_timer_complete'====== Args={'ticks': 1, 'ticks_remaining': 1}
2026-03-02 16:01:00,244 : INFO : EventManager : Event: ======'carousel_item_highlighted'====== Args={'carousel': 'attract', 'direction': 'forwards', 'item': 'credits'}
2026-03-02 16:01:00,244 : INFO : Timer.attract_carousel_timer : Starting Timer.
2026-03-02 16:01:00,244 : INFO : EventManager : Event: ======'timer_attract_carousel_timer_started'====== Args={'ticks': 0, 'ticks_remaining': 1}
2026-03-02 16:01:00,244 : INFO : EventManager : Event: ======'timer_attract_carousel_timer_tick'====== Args={'ticks': 0, 'ticks_remaining': 1}
2026-03-02 16:01:05,245 : INFO : Timer.attract_carousel_timer : Timer Complete
2026-03-02 16:01:05,245 : INFO : Timer.attract_carousel_timer : Stopping Timer
2026-03-02 16:01:05,245 : INFO : EventManager : Event: ======'timer_attract_carousel_timer_stopped'====== Args={'ticks': 1, 'ticks_remaining': 1}
2026-03-02 16:01:05,245 : INFO : EventManager : Event: ======'timer_attract_carousel_timer_complete'====== Args={'ticks': 1, 'ticks_remaining': 1}
2026-03-02 16:01:05,246 : INFO : EventManager : Event: ======'carousel_item_highlighted'====== Args={'carousel': 'attract', 'direction': 'forwards', 'item': 'last_scores_1p'}
2026-03-02 16:01:05,247 : INFO : Timer.attract_carousel_timer : Starting Timer.
2026-03-02 16:01:05,247 : INFO : EventManager : Event: ======'timer_attract_carousel_timer_started'====== Args={'ticks': 0, 'ticks_remaining': 1}
2026-03-02 16:01:05,247 : INFO : EventManager : Event: ======'timer_attract_carousel_timer_tick'====== Args={'ticks': 0, 'ticks_remaining': 1}
2026-03-02 16:01:10,247 : INFO : Timer.attract_carousel_timer : Timer Complete
2026-03-02 16:01:10,247 : INFO : Timer.attract_carousel_timer : Stopping Timer
2026-03-02 16:01:10,248 : INFO : EventManager : Event: ======'timer_attract_carousel_timer_stopped'====== Args={'ticks': 1, 'ticks_remaining': 1}
2026-03-02 16:01:10,248 : INFO : EventManager : Event: ======'timer_attract_carousel_timer_complete'====== Args={'ticks': 1, 'ticks_remaining': 1}
2026-03-02 16:01:10,249 : INFO : EventManager : Event: ======'carousel_item_highlighted'====== Args={'carousel': 'attract', 'direction': 'forwards', 'item': 'logo'}
2026-03-02 16:01:10,249 : INFO : Timer.attract_carousel_timer : Starting Timer.
2026-03-02 16:01:10,250 : INFO : EventManager : Event: ======'timer_attract_carousel_timer_started'====== Args={'ticks': 0, 'ticks_remaining': 1}
2026-03-02 16:01:10,250 : INFO : EventManager : Event: ======'timer_attract_carousel_timer_tick'====== Args={'ticks': 0, 'ticks_remaining': 1}
2026-03-02 16:01:15,250 : INFO : Timer.attract_carousel_timer : Timer Complete
2026-03-02 16:01:15,251 : INFO : Timer.attract_carousel_timer : Stopping Timer
2026-03-02 16:01:15,251 : INFO : EventManager : Event: ======'timer_attract_carousel_timer_stopped'====== Args={'ticks': 1, 'ticks_remaining': 1}
2026-03-02 16:01:15,251 : INFO : EventManager : Event: ======'timer_attract_carousel_timer_complete'====== Args={'ticks': 1, 'ticks_remaining': 1}
2026-03-02 16:01:15,252 : INFO : EventManager : Event: ======'carousel_item_highlighted'====== Args={'carousel': 'attract', 'direction': 'forwards', 'item': 'title'}
2026-03-02 16:01:15,252 : INFO : Timer.attract_carousel_timer : Starting Timer.
2026-03-02 16:01:15,252 : INFO : EventManager : Event: ======'timer_attract_carousel_timer_started'====== Args={'ticks': 0, 'ticks_remaining': 1}
2026-03-02 16:01:15,252 : INFO : EventManager : Event: ======'timer_attract_carousel_timer_tick'====== Args={'ticks': 0, 'ticks_remaining': 1}
2026-03-02 16:01:20,253 : INFO : Timer.attract_carousel_timer : Timer Complete
2026-03-02 16:01:20,253 : INFO : Timer.attract_carousel_timer : Stopping Timer
2026-03-02 16:01:20,253 : INFO : EventManager : Event: ======'timer_attract_carousel_timer_stopped'====== Args={'ticks': 1, 'ticks_remaining': 1}
2026-03-02 16:01:20,253 : INFO : EventManager : Event: ======'timer_attract_carousel_timer_complete'====== Args={'ticks': 1, 'ticks_remaining': 1}
2026-03-02 16:01:20,253 : INFO : EventManager : Event: ======'carousel_item_highlighted'====== Args={'carousel': 'attract', 'direction': 'forwards', 'item': 'credits'}
2026-03-02 16:01:20,254 : INFO : Timer.attract_carousel_timer : Starting Timer.
2026-03-02 16:01:20,254 : INFO : EventManager : Event: ======'timer_attract_carousel_timer_started'====== Args={'ticks': 0, 'ticks_remaining': 1}
2026-03-02 16:01:20,254 : INFO : EventManager : Event: ======'timer_attract_carousel_timer_tick'====== Args={'ticks': 0, 'ticks_remaining': 1}
2026-03-02 16:01:25,255 : INFO : Timer.attract_carousel_timer : Timer Complete
2026-03-02 16:01:25,255 : INFO : Timer.attract_carousel_timer : Stopping Timer
2026-03-02 16:01:25,256 : INFO : EventManager : Event: ======'timer_attract_carousel_timer_stopped'====== Args={'ticks': 1, 'ticks_remaining': 1}
2026-03-02 16:01:25,256 : INFO : EventManager : Event: ======'timer_attract_carousel_timer_complete'====== Args={'ticks': 1, 'ticks_remaining': 1}
2026-03-02 16:01:25,256 : INFO : EventManager : Event: ======'carousel_item_highlighted'====== Args={'carousel': 'attract', 'direction': 'forwards', 'item': 'last_scores_1p'}
2026-03-02 16:01:25,257 : INFO : Timer.attract_carousel_timer : Starting Timer.
2026-03-02 16:01:25,257 : INFO : EventManager : Event: ======'timer_attract_carousel_timer_started'====== Args={'ticks': 0, 'ticks_remaining': 1}
2026-03-02 16:01:25,257 : INFO : EventManager : Event: ======'timer_attract_carousel_timer_tick'====== Args={'ticks': 0, 'ticks_remaining': 1}
2026-03-02 16:01:30,258 : INFO : Timer.attract_carousel_timer : Timer Complete
2026-03-02 16:01:30,258 : INFO : Timer.attract_carousel_timer : Stopping Timer
2026-03-02 16:01:30,258 : INFO : EventManager : Event: ======'timer_attract_carousel_timer_stopped'====== Args={'ticks': 1, 'ticks_remaining': 1}
2026-03-02 16:01:30,258 : INFO : EventManager : Event: ======'timer_attract_carousel_timer_complete'====== Args={'ticks': 1, 'ticks_remaining': 1}
2026-03-02 16:01:30,258 : INFO : EventManager : Event: ======'carousel_item_highlighted'====== Args={'carousel': 'attract', 'direction': 'forwards', 'item': 'logo'}
2026-03-02 16:01:30,259 : INFO : Timer.attract_carousel_timer : Starting Timer.
2026-03-02 16:01:30,259 : INFO : EventManager : Event: ======'timer_attract_carousel_timer_started'====== Args={'ticks': 0, 'ticks_remaining': 1}
2026-03-02 16:01:30,259 : INFO : EventManager : Event: ======'timer_attract_carousel_timer_tick'====== Args={'ticks': 0, 'ticks_remaining': 1}
2026-03-02 16:01:31,674 : INFO : SwitchController : <<<<<<< 's_inlane_right_1' active >>>>>>>
2026-03-02 16:01:31,674 : INFO : EventManager : Event: ======'sw_playfield_active'====== Args={}
2026-03-02 16:01:31,675 : INFO : EventManager : Event: ======'playfield_active'====== Args={'source': None}
2026-03-02 16:01:31,676 : INFO : EventManager : Event: ======'unexpected_ball_on_playfield'====== Args={}
2026-03-02 16:01:35,260 : INFO : Timer.attract_carousel_timer : Timer Complete
2026-03-02 16:01:35,260 : INFO : Timer.attract_carousel_timer : Stopping Timer
2026-03-02 16:01:35,260 : INFO : EventManager : Event: ======'timer_attract_carousel_timer_stopped'====== Args={'ticks': 1, 'ticks_remaining': 1}
2026-03-02 16:01:35,260 : INFO : EventManager : Event: ======'timer_attract_carousel_timer_complete'====== Args={'ticks': 1, 'ticks_remaining': 1}
2026-03-02 16:01:35,261 : INFO : EventManager : Event: ======'carousel_item_highlighted'====== Args={'carousel': 'attract', 'direction': 'forwards', 'item': 'title'}
2026-03-02 16:01:35,261 : INFO : Timer.attract_carousel_timer : Starting Timer.
2026-03-02 16:01:35,261 : INFO : EventManager : Event: ======'timer_attract_carousel_timer_started'====== Args={'ticks': 0, 'ticks_remaining': 1}
2026-03-02 16:01:35,261 : INFO : EventManager : Event: ======'timer_attract_carousel_timer_tick'====== Args={'ticks': 0, 'ticks_remaining': 1}
2026-03-02 16:01:39,151 : INFO : SwitchController : <<<<<<< 's_start' active >>>>>>>
2026-03-02 16:01:39,273 : INFO : SwitchController : <<<<<<< 's_start' inactive >>>>>>>
2026-03-02 16:01:39,273 : INFO : EventManager : Event: ======'request_to_start_game'====== Args={}
2026-03-02 16:01:39,274 : INFO : EventManager : Event: ======'game_start'====== Args={'buttons': [], 'hold_time': 0.1218397390039172}
2026-03-02 16:01:39,274 : INFO : EventManager : Event: ======'mode_game_will_start'====== Args={'buttons': [], 'hold_time': 0.1218397390039172}
2026-03-02 16:01:39,275 : INFO : EventManager : Event: ======'mode_game_starting'====== Args={'buttons': [], 'hold_time': 0.1218397390039172}
2026-03-02 16:01:39,275 : INFO : EventManager : Event: ======'mode_attract_will_stop'====== Args={}
2026-03-02 16:01:39,275 : INFO : EventManager : Event: ======'mode_attract_stopping'====== Args={}
2026-03-02 16:01:39,275 : INFO : Mode.attract : Stopped.
2026-03-02 16:01:39,275 : INFO : EventManager : Event: ======'modes_active_modes_changed'====== Args={}
2026-03-02 16:01:39,276 : INFO : EventManager : Event: ======'mode_attract_stopped'====== Args={}
2026-03-02 16:01:39,276 : INFO : EventManager : Event: ======'clear'====== Args={'key': 'attract'}
2026-03-02 16:01:39,276 : INFO : Timer.attract_carousel_timer : Stopping Timer
2026-03-02 16:01:39,276 : INFO : EventManager : Event: ======'timer_attract_carousel_timer_stopped'====== Args={'ticks': 0, 'ticks_remaining': 1}
2026-03-02 16:01:39,276 : INFO : Mode.game : Started. Priority: 20
2026-03-02 16:01:39,276 : INFO : EventManager : Event: ======'modes_active_modes_changed'====== Args={}
2026-03-02 16:01:39,276 : INFO : EventManager : Event: ======'mode_game_started'====== Args={'buttons': [], 'hold_time': 0.1218397390039172}
2026-03-02 16:01:39,277 : INFO : EventManager : Event: ======'game_will_start'====== Args={}
2026-03-02 16:01:39,277 : INFO : EventManager : Event: ======'game_starting'====== Args={'game': <Mode.game>}
2026-03-02 16:01:39,283 : INFO : EventManager : Unordered handler for class <Auditor> on event game_ended with priority 1. Handlers: [RegisteredHandler(callback=<bound method Auditor.disable of <Auditor>>, priority=1, kwargs={}, key=UUID('c54c7c8d-1a3d-46f7-ac29-c02e0ca9c7b8'), condition=None, blocking_facility=None), RegisteredHandler(callback=<bound method Auditor._save_audits of <Auditor>>, priority=1, kwargs={}, key=UUID('02e29908-77a9-416c-b5f7-ce784e65c9d4'), condition=None, blocking_facility=None)]. The order of those handlers is not defined and they will be executed in random order. This might lead to race conditions and potential bugs.
2026-03-02 16:01:39,283 : INFO : EventManager : Event: ======'player_add_request'====== Args={}
2026-03-02 16:01:39,287 : INFO : EventManager : Event: ======'player_will_add'====== Args={'number': 1}
2026-03-02 16:01:39,288 : INFO : EventManager : Event: ======'player_adding'====== Args={'player': <Player 1>, 'number': 1}
2026-03-02 16:01:39,288 : INFO : EventManager : Event: ======'player_added'====== Args={'player': <Player 1>, 'num': 1}
2026-03-02 16:01:39,288 : INFO : Mode.game : Player added successfully. Total players: 1
2026-03-02 16:01:39,288 : INFO : EventManager : Event: ======'player_index'====== Args={'value': 0, 'prev_value': 0, 'change': 0, 'player_num': 1}
2026-03-02 16:01:39,288 : INFO : EventManager : Event: ======'player_number'====== Args={'value': 1, 'prev_value': 1, 'change': 0, 'player_num': 1}
2026-03-02 16:01:39,289 : INFO : EventManager : Event: ======'player_score'====== Args={'value': 0, 'prev_value': 0, 'change': 0, 'player_num': 1}
2026-03-02 16:01:39,290 : INFO : EventManager : Event: ======'game_started'====== Args={}
2026-03-02 16:01:39,290 : INFO : EventManager : Event: ======'player_turn_will_start'====== Args={'player': <Player 1>, 'number': 1}
2026-03-02 16:01:39,299 : INFO : EventManager : Event: ======'player_turn_starting'====== Args={'player': <Player 1>, 'number': 1}
2026-03-02 16:01:39,311 : INFO : EventManager : Event: ======'player_ball'====== Args={'value': 1, 'prev_value': 0, 'change': 1, 'player_num': 1}
2026-03-02 16:01:39,311 : INFO : EventManager : Event: ======'player_turn_started'====== Args={'player': <Player 1>, 'number': 1}
2026-03-02 16:01:39,312 : INFO : EventManager : Event: ======'ball_will_start'====== Args={'player': 1, 'ball': 1, 'balls_remaining': 2, 'is_extra_ball': False}
2026-03-02 16:01:39,313 : INFO : EventManager : Event: ======'ball_starting'====== Args={'player': 1, 'ball': 1, 'balls_remaining': 2, 'is_extra_ball': False}
2026-03-02 16:01:39,313 : INFO : EventManager : Event: ======'mode_base_will_start'====== Args={'queue': <QueuedEvent>, 'player': 1, 'ball': 1, 'balls_remaining': 2, 'is_extra_ball': False}
2026-03-02 16:01:39,314 : INFO : EventManager : Event: ======'mode_base_starting'====== Args={'queue': <QueuedEvent>, 'player': 1, 'ball': 1, 'balls_remaining': 2, 'is_extra_ball': False}
2026-03-02 16:01:39,314 : INFO : Mode.base : Started. Priority: 100
2026-03-02 16:01:39,314 : INFO : EventManager : Event: ======'modes_active_modes_changed'====== Args={}
2026-03-02 16:01:39,315 : INFO : EventManager : Event: ======'mode_base_started'====== Args={'queue': <QueuedEvent>, 'player': 1, 'ball': 1, 'balls_remaining': 2, 'is_extra_ball': False}
2026-03-02 16:01:39,315 : INFO : EventManager : Event: ======'start_mode_bumpers'====== Args={'priority': 0}
2026-03-02 16:01:39,316 : INFO : EventManager : Event: ======'mode_bumpers_will_start'====== Args={'priority': 0}
2026-03-02 16:01:39,316 : INFO : EventManager : Event: ======'player_shot_sling_left_enabled'====== Args={'value': True, 'prev_value': 0, 'change': 1, 'player_num': 1}
2026-03-02 16:01:39,317 : INFO : EventManager : Event: ======'player_shot_sling_right_enabled'====== Args={'value': True, 'prev_value': 0, 'change': 1, 'player_num': 1}
2026-03-02 16:01:39,317 : INFO : EventManager : Event: ======'slings_complete'====== Args={'state': 'unlit'}
2026-03-02 16:01:39,317 : INFO : EventManager : Event: ======'slings_unlit_complete'====== Args={}
2026-03-02 16:01:39,318 : INFO : EventManager : Event: ======'mode_bumpers_starting'====== Args={'priority': 0}
2026-03-02 16:01:39,318 : INFO : Mode.bumpers : Started. Priority: 200
2026-03-02 16:01:39,318 : INFO : EventManager : Event: ======'modes_active_modes_changed'====== Args={}
2026-03-02 16:01:39,318 : INFO : EventManager : Event: ======'mode_bumpers_started'====== Args={'priority': 0}
2026-03-02 16:01:39,319 : INFO : EventManager : Event: ======'balls_in_play'====== Args={'balls': 1}
2026-03-02 16:01:39,319 : INFO : EventManager : Event: ======'ball_started'====== Args={'player': 1, 'ball': 1, 'balls_remaining': 2, 'is_extra_ball': False}
2026-03-02 16:01:39,320 : INFO : EventManager : Event: ======'single_player_ball_started'====== Args={}
2026-03-02 16:01:39,321 : INFO : EventManager : Event: ======'ball_start_target'====== Args={'target': 'playfield'}
2026-03-02 16:01:39,321 : INFO : ball_device.bd_plunger : Setting up player-controlled eject. Balls: 1, Target: <playfield.playfield>, player_controlled_eject_event: None
2026-03-02 16:01:39,321 : INFO : EventManager : Event: ======'balldevice_balls_available'====== Args={}
2026-03-02 16:01:39,328 : INFO : ball_device.bd_trough : State: waiting_for_target_ready
2026-03-02 16:01:39,329 : INFO : EventManager : Event: ======'balldevice_bd_trough_ball_eject_attempt'====== Args={'balls': 1, 'target': <ball_device.bd_plunger>, 'source': <ball_device.bd_trough>, 'mechanical_eject': True, 'num_attempts': 0}
2026-03-02 16:01:39,329 : INFO : ball_device.bd_plunger : State: waiting_for_ball
2026-03-02 16:01:39,329 : INFO : ball_device.bd_trough : State: ejecting
2026-03-02 16:01:39,329 : INFO : ball_device.bd_trough : Ejecting ball to <ball_device.bd_plunger>
2026-03-02 16:01:39,329 : INFO : EventManager : Event: ======'balldevice_bd_trough_ejecting_ball'====== Args={'balls': 1, 'target': <ball_device.bd_plunger>, 'source': <ball_device.bd_trough>, 'mechanical_eject': True, 'num_attempts': 0}
2026-03-02 16:01:39,330 : INFO : ball_device.bd_trough : Wait for ball to leave device
2026-03-02 16:01:39,331 : INFO : coil.c_trough_eject : Pulsing Driver for 20ms (1.0 pulse_power)
2026-03-02 16:01:39,350 : INFO : EventManager : Event: ======'slide_base_slide_created'====== Args={'_from_bcp': True}
2026-03-02 16:01:39,351 : INFO : EventManager : Event: ======'slide_attract_inactive'====== Args={'is_removing': True, '_from_bcp': True}
2026-03-02 16:01:39,351 : INFO : EventManager : Event: ======'slide_base_slide_active'====== Args={'original_context': 'base', 'original_calling_context': 'mode_base_started', 'priority': 100.0, 'queue': '<QueuedEvent>', 'player': 1.0, 'ball': 1.0, 'balls_remaining': 2.0, 'is_extra_ball': False, 'cmd': 'slides_play', '_from_bcp': True}
2026-03-02 16:01:39,351 : INFO : EventManager : Event: ======'slide_attract_removed'====== Args={'_from_bcp': True}
2026-03-02 16:01:39,356 : INFO : SwitchController : <<<<<<< 's_trough_1' inactive >>>>>>>
2026-03-02 16:01:39,357 : INFO : SwitchController : <<<<<<< 's_trough_7' active >>>>>>>
2026-03-02 16:01:39,357 : INFO : EventManager : Event: ======'machine_var_audits_switches_s_trough_7'====== Args={'value': 15, 'prev_value': 14, 'change': 1}
2026-03-02 16:01:39,358 : INFO : ball_device.bd_trough : State: ball_left
2026-03-02 16:01:39,358 : INFO : ball_device.bd_trough : Ball left
2026-03-02 16:01:39,358 : INFO : ball_device.bd_trough : Wait for confirm with timeout 3.0
2026-03-02 16:01:39,372 : INFO : SwitchController : <<<<<<< 's_trough_7' inactive >>>>>>>
2026-03-02 16:01:39,512 : INFO : SwitchController : <<<<<<< 's_plunger' active >>>>>>>
2026-03-02 16:01:39,513 : INFO : EventManager : Event: ======'machine_var_audits_switches_s_plunger'====== Args={'value': 16, 'prev_value': 15, 'change': 1}
2026-03-02 16:01:39,574 : INFO : SwitchController : <<<<<<< 's_trough_2' inactive >>>>>>>
2026-03-02 16:01:39,574 : INFO : SwitchController : <<<<<<< 's_trough_4' inactive >>>>>>>
2026-03-02 16:01:39,575 : INFO : SwitchController : <<<<<<< 's_trough_5' inactive >>>>>>>
2026-03-02 16:01:39,577 : INFO : SwitchController : <<<<<<< 's_trough_3' inactive >>>>>>>
2026-03-02 16:01:39,577 : INFO : SwitchController : <<<<<<< 's_trough_6' inactive >>>>>>>
2026-03-02 16:01:39,591 : INFO : SwitchController : <<<<<<< 's_trough_1' active >>>>>>>
2026-03-02 16:01:39,591 : INFO : EventManager : Event: ======'machine_var_audits_switches_s_trough_1'====== Args={'value': 12, 'prev_value': 11, 'change': 1}
2026-03-02 16:01:39,596 : INFO : SwitchController : <<<<<<< 's_trough_4' active >>>>>>>
2026-03-02 16:01:39,596 : INFO : EventManager : Event: ======'machine_var_audits_switches_s_trough_4'====== Args={'value': 26, 'prev_value': 25, 'change': 1}
2026-03-02 16:01:39,597 : INFO : SwitchController : <<<<<<< 's_trough_3' active >>>>>>>
2026-03-02 16:01:39,597 : INFO : EventManager : Event: ======'machine_var_audits_switches_s_trough_3'====== Args={'value': 27, 'prev_value': 26, 'change': 1}
2026-03-02 16:01:39,598 : INFO : SwitchController : <<<<<<< 's_trough_2' active >>>>>>>
2026-03-02 16:01:39,598 : INFO : EventManager : Event: ======'machine_var_audits_switches_s_trough_2'====== Args={'value': 22, 'prev_value': 21, 'change': 1}
2026-03-02 16:01:39,598 : INFO : SwitchController : <<<<<<< 's_trough_5' active >>>>>>>
2026-03-02 16:01:39,599 : INFO : EventManager : Event: ======'machine_var_audits_switches_s_trough_5'====== Args={'value': 28, 'prev_value': 27, 'change': 1}
2026-03-02 16:01:40,013 : INFO : ball_device.bd_plunger : Received ball from <ball_device.bd_trough>
2026-03-02 16:01:40,013 : INFO : EventManager : Event: ======'balldevice_bd_plunger_ball_enter'====== Args={'new_balls': 1, 'unclaimed_balls': 0, 'new_available_balls': 0, 'device': <ball_device.bd_plunger>}
2026-03-02 16:01:40,014 : INFO : EventManager : Event: ======'balldevice_bd_plunger_ball_entered'====== Args={'new_balls': 0, 'device': <ball_device.bd_plunger>}
2026-03-02 16:01:40,014 : INFO : EventManager : Event: ======'balldevice_bd_plunger_ball_count_changed'====== Args={'balls': 1}
2026-03-02 16:01:40,014 : INFO : ball_device.bd_trough : Got eject confirm
2026-03-02 16:01:40,014 : INFO : ball_device.bd_trough : Eject successful
2026-03-02 16:01:40,014 : INFO : EventManager : Event: ======'balldevice_bd_trough_ball_eject_success'====== Args={'balls': 1, 'target': <ball_device.bd_plunger>}
2026-03-02 16:01:40,015 : INFO : ball_device.bd_plunger : State: waiting_for_target_ready
2026-03-02 16:01:40,015 : INFO : EventManager : Event: ======'balldevice_bd_plunger_ball_eject_attempt'====== Args={'balls': 1, 'target': <playfield.playfield>, 'source': <ball_device.bd_plunger>, 'mechanical_eject': True, 'num_attempts': 0}
2026-03-02 16:01:40,015 : INFO : EventManager : Event: ======'balldevice_bd_trough_ball_count_changed'====== Args={'balls': 5}
2026-03-02 16:01:40,015 : INFO : ball_device.bd_trough : State: idle
2026-03-02 16:01:40,016 : INFO : ball_device.bd_plunger : State: ejecting
2026-03-02 16:01:40,016 : INFO : ball_device.bd_plunger : Ejecting ball to <playfield.playfield>
2026-03-02 16:01:40,016 : INFO : EventManager : Event: ======'balldevice_bd_plunger_ejecting_ball'====== Args={'balls': 1, 'target': <playfield.playfield>, 'source': <ball_device.bd_plunger>, 'mechanical_eject': True, 'num_attempts': 0}
2026-03-02 16:01:40,016 : INFO : ball_device.bd_plunger : Wait for ball to leave device
2026-03-02 16:01:48,170 : INFO : SwitchController : <<<<<<< 's_sling_right' active >>>>>>>
2026-03-02 16:01:48,170 : INFO : EventManager : Event: ======'playfield_active'====== Args={'source': 'sling_right'}
2026-03-02 16:01:48,170 : INFO : EventManager : Event: ======'s_sling_right_active'====== Args={}
2026-03-02 16:01:48,170 : INFO : EventManager : Event: ======'playfield_active'====== Args={'source': 'right_sling'}
2026-03-02 16:01:48,171 : INFO : EventManager : Event: ======'machine_var_audits_switches_s_sling_right'====== Args={'value': 14, 'prev_value': 13, 'change': 1}
2026-03-02 16:01:48,171 : INFO : EventManager : Event: ======'player_shot_sling_right'====== Args={'value': 1, 'prev_value': 0, 'change': 1, 'player_num': 1}
2026-03-02 16:01:48,178 : INFO : EventManager : Event: ======'machine_var_audits_shots_sling_right'====== Args={'value': 14, 'prev_value': 13, 'change': 1}
2026-03-02 16:01:48,184 : INFO : EventManager : Event: ======'sling_right_hit'====== Args={'profile': 'default', 'state': 'unlit', 'advancing': True}
2026-03-02 16:01:48,185 : INFO : EventManager : Event: ======'sling_right_default_hit'====== Args={'profile': 'default', 'state': 'unlit', 'advancing': True}
2026-03-02 16:01:48,185 : INFO : EventManager : Event: ======'sling_right_default_unlit_hit'====== Args={'profile': 'default', 'state': 'unlit', 'advancing': True}
2026-03-02 16:01:48,185 : INFO : EventManager : Event: ======'sling_right_unlit_hit'====== Args={'profile': 'default', 'state': 'unlit', 'advancing': True}
2026-03-02 16:01:48,185 : INFO : EventManager : Event: ======'slings_hit'====== Args={'shot': 'sling_right'}
2026-03-02 16:01:48,185 : INFO : EventManager : Event: ======'slings_unlit_hit'====== Args={'shot': 'sling_right'}
2026-03-02 16:01:48,185 : INFO : EventManager : Event: ======'player_initial_value'====== Args={'value': 0, 'prev_value': 0, 'change': 0, 'player_num': 1, 'source': 'bumpers'}
2026-03-02 16:01:48,186 : INFO : EventManager : Event: ======'player_score'====== Args={'value': 100, 'prev_value': 0, 'change': 100, 'player_num': 1, 'source': 'bumpers'}
2026-03-02 16:01:48,193 : INFO : SwitchController : <<<<<<< 's_inlane_right_1' inactive >>>>>>>
2026-03-02 16:01:48,194 : INFO : SwitchController : <<<<<<< 's_sling_right' inactive >>>>>>>
2026-03-02 16:01:48,195 : INFO : SwitchController : <<<<<<< 's_inlane_right_1' active >>>>>>>
2026-03-02 16:01:48,195 : INFO : EventManager : Event: ======'sw_playfield_active'====== Args={}
2026-03-02 16:01:48,195 : INFO : EventManager : Event: ======'machine_var_audits_switches_s_inlane_right_1'====== Args={'value': 1, 'prev_value': 0, 'change': 1}
2026-03-02 16:01:48,195 : INFO : EventManager : Event: ======'playfield_active'====== Args={'source': None}
2026-03-02 16:01:48,201 : INFO : SwitchController : <<<<<<< 's_sling_right' active >>>>>>>
2026-03-02 16:01:48,201 : INFO : EventManager : Event: ======'playfield_active'====== Args={'source': 'sling_right'}
2026-03-02 16:01:48,201 : INFO : EventManager : Event: ======'s_sling_right_active'====== Args={}
2026-03-02 16:01:48,201 : INFO : EventManager : Event: ======'playfield_active'====== Args={'source': 'right_sling'}
2026-03-02 16:01:48,202 : INFO : EventManager : Event: ======'machine_var_audits_switches_s_sling_right'====== Args={'value': 15, 'prev_value': 14, 'change': 1}
2026-03-02 16:01:48,202 : INFO : EventManager : Event: ======'machine_var_audits_shots_sling_right'====== Args={'value': 15, 'prev_value': 14, 'change': 1}
2026-03-02 16:01:48,203 : INFO : EventManager : Event: ======'sling_right_hit'====== Args={'profile': 'default', 'state': 'lit', 'advancing': False}
2026-03-02 16:01:48,203 : INFO : EventManager : Event: ======'sling_right_default_hit'====== Args={'profile': 'default', 'state': 'lit', 'advancing': False}
2026-03-02 16:01:48,203 : INFO : EventManager : Event: ======'sling_right_default_lit_hit'====== Args={'profile': 'default', 'state': 'lit', 'advancing': False}
2026-03-02 16:01:48,203 : INFO : EventManager : Event: ======'sling_right_lit_hit'====== Args={'profile': 'default', 'state': 'lit', 'advancing': False}
2026-03-02 16:01:48,203 : INFO : EventManager : Event: ======'slings_hit'====== Args={'shot': 'sling_right'}
2026-03-02 16:01:48,203 : INFO : EventManager : Event: ======'slings_lit_hit'====== Args={'shot': 'sling_right'}
2026-03-02 16:01:48,203 : INFO : EventManager : Event: ======'player_score'====== Args={'value': 200, 'prev_value': 100, 'change': 100, 'player_num': 1, 'source': 'bumpers'}
2026-03-02 16:01:48,249 : INFO : SwitchController : <<<<<<< 's_sling_right' inactive >>>>>>>
2026-03-02 16:01:48,281 : INFO : SwitchController : <<<<<<< 's_inlane_right_1' inactive >>>>>>>
2026-03-02 16:01:48,289 : INFO : SwitchController : <<<<<<< 's_inlane_right_1' active >>>>>>>
2026-03-02 16:01:48,289 : INFO : EventManager : Event: ======'sw_playfield_active'====== Args={}
2026-03-02 16:01:48,289 : INFO : EventManager : Event: ======'machine_var_audits_switches_s_inlane_right_1'====== Args={'value': 2, 'prev_value': 1, 'change': 1}
2026-03-02 16:01:48,290 : INFO : EventManager : Event: ======'playfield_active'====== Args={'source': None}
2026-03-02 16:01:51,555 : INFO : SwitchController : <<<<<<< 's_plunger' inactive >>>>>>>
2026-03-02 16:01:51,556 : INFO : ball_device.bd_plunger : State: ball_left
2026-03-02 16:01:51,556 : INFO : ball_device.bd_plunger : Ball left
2026-03-02 16:01:51,556 : INFO : ball_device.bd_plunger : Wait for confirm with timeout 5.0
2026-03-02 16:01:51,564 : INFO : SwitchController : <<<<<<< 's_plunger' active >>>>>>>
2026-03-02 16:01:51,565 : INFO : EventManager : Event: ======'machine_var_audits_switches_s_plunger'====== Args={'value': 17, 'prev_value': 16, 'change': 1}
2026-03-02 16:01:51,579 : INFO : SwitchController : <<<<<<< 's_plunger' inactive >>>>>>>
2026-03-02 16:01:53,668 : INFO : SwitchController : <<<<<<< 's_flipper_right_lower' active >>>>>>>
2026-03-02 16:01:53,668 : INFO : EventManager : Event: ======'machine_var_audits_switches_s_flipper_right_lower'====== Args={'value': 147, 'prev_value': 146, 'change': 1}
2026-03-02 16:01:53,676 : INFO : SwitchController : <<<<<<< 's_flipper_right_upper' active >>>>>>>
2026-03-02 16:01:53,676 : INFO : EventManager : Event: ======'machine_var_audits_switches_s_flipper_right_upper'====== Args={'value': 135, 'prev_value': 134, 'change': 1}
2026-03-02 16:01:53,692 : INFO : SwitchController : <<<<<<< 's_flipper_right_upper_eos' active >>>>>>>
2026-03-02 16:01:53,693 : INFO : EventManager : Event: ======'machine_var_audits_switches_s_flipper_right_upper_eos'====== Args={'value': 21, 'prev_value': 20, 'change': 1}
2026-03-02 16:01:53,693 : INFO : SwitchController : <<<<<<< 's_inlane_right_1' inactive >>>>>>>
2026-03-02 16:01:53,695 : INFO : SwitchController : <<<<<<< 's_flipper_right_lower_eos' inactive >>>>>>>
2026-03-02 16:01:53,708 : INFO : SwitchController : <<<<<<< 's_inlane_right_1' active >>>>>>>
2026-03-02 16:01:53,708 : INFO : EventManager : Event: ======'sw_playfield_active'====== Args={}
2026-03-02 16:01:53,709 : INFO : EventManager : Event: ======'machine_var_audits_switches_s_inlane_right_1'====== Args={'value': 3, 'prev_value': 2, 'change': 1}
2026-03-02 16:01:53,709 : INFO : EventManager : Event: ======'playfield_active'====== Args={'source': None}
2026-03-02 16:01:53,709 : INFO : ball_device.bd_plunger : Got eject confirm
2026-03-02 16:01:53,710 : INFO : ball_device.bd_plunger : Eject successful
2026-03-02 16:01:53,710 : INFO : EventManager : Event: ======'balldevice_bd_plunger_ball_eject_success'====== Args={'balls': 1, 'target': <playfield.playfield>}
2026-03-02 16:01:53,710 : INFO : EventManager : Event: ======'balldevice_playfield_ball_enter'====== Args={'new_balls': 1, 'unclaimed_balls': 1, 'device': <playfield.playfield>}
2026-03-02 16:01:53,710 : INFO : EventManager : Event: ======'playfield_ball_count_change'====== Args={'balls': 1, 'change': 1}
2026-03-02 16:01:53,710 : INFO : EventManager : Event: ======'balldevice_bd_plunger_ball_count_changed'====== Args={'balls': 0}
2026-03-02 16:01:53,710 : INFO : ball_device.bd_plunger : State: idle
2026-03-02 16:01:53,764 : INFO : SwitchController : <<<<<<< 's_flipper_right_upper' inactive >>>>>>>
2026-03-02 16:01:53,771 : INFO : SwitchController : <<<<<<< 's_flipper_right_lower' inactive >>>>>>>
2026-03-02 16:01:53,862 : INFO : SwitchController : <<<<<<< 's_flipper_right_upper_eos' inactive >>>>>>>
2026-03-02 16:01:53,877 : INFO : SwitchController : <<<<<<< 's_flipper_right_lower_eos' active >>>>>>>
2026-03-02 16:01:53,877 : INFO : EventManager : Event: ======'machine_var_audits_switches_s_flipper_right_lower_eos'====== Args={'value': 110, 'prev_value': 109, 'change': 1}
2026-03-02 16:01:57,314 : INFO : SwitchController : <<<<<<< 's_flipper_right_lower' active >>>>>>>
2026-03-02 16:01:57,314 : INFO : EventManager : Event: ======'machine_var_audits_switches_s_flipper_right_lower'====== Args={'value': 148, 'prev_value': 147, 'change': 1}
2026-03-02 16:01:57,314 : INFO : SwitchController : <<<<<<< 's_flipper_right_upper' active >>>>>>>
2026-03-02 16:01:57,315 : INFO : EventManager : Event: ======'machine_var_audits_switches_s_flipper_right_upper'====== Args={'value': 136, 'prev_value': 135, 'change': 1}
2026-03-02 16:01:57,321 : INFO : SwitchController : <<<<<<< 's_flipper_right_lower' inactive >>>>>>>
2026-03-02 16:01:57,321 : INFO : SwitchController : <<<<<<< 's_flipper_right_lower' active >>>>>>>
2026-03-02 16:01:57,321 : INFO : EventManager : Event: ======'machine_var_audits_switches_s_flipper_right_lower'====== Args={'value': 149, 'prev_value': 148, 'change': 1}
2026-03-02 16:01:57,337 : INFO : SwitchController : <<<<<<< 's_flipper_right_upper_eos' active >>>>>>>
2026-03-02 16:01:57,337 : INFO : EventManager : Event: ======'machine_var_audits_switches_s_flipper_right_upper_eos'====== Args={'value': 22, 'prev_value': 21, 'change': 1}
2026-03-02 16:01:57,339 : INFO : SwitchController : <<<<<<< 's_inlane_right_1' inactive >>>>>>>
2026-03-02 16:01:57,352 : INFO : SwitchController : <<<<<<< 's_inlane_right_1' active >>>>>>>
2026-03-02 16:01:57,352 : INFO : EventManager : Event: ======'sw_playfield_active'====== Args={}
2026-03-02 16:01:57,352 : INFO : EventManager : Event: ======'machine_var_audits_switches_s_inlane_right_1'====== Args={'value': 4, 'prev_value': 3, 'change': 1}
2026-03-02 16:01:58,325 : INFO : SwitchController : <<<<<<< 's_flipper_right_lower' inactive >>>>>>>
2026-03-02 16:01:58,325 : INFO : SwitchController : <<<<<<< 's_flipper_right_upper' inactive >>>>>>>
2026-03-02 16:01:58,424 : INFO : SwitchController : <<<<<<< 's_flipper_right_upper_eos' inactive >>>>>>>
2026-03-02 16:01:59,121 : INFO : SwitchController : <<<<<<< 's_flipper_right_lower' active >>>>>>>
2026-03-02 16:01:59,121 : INFO : EventManager : Event: ======'machine_var_audits_switches_s_flipper_right_lower'====== Args={'value': 150, 'prev_value': 149, 'change': 1}
2026-03-02 16:01:59,125 : INFO : SwitchController : <<<<<<< 's_flipper_right_upper' active >>>>>>>
2026-03-02 16:01:59,125 : INFO : EventManager : Event: ======'machine_var_audits_switches_s_flipper_right_upper'====== Args={'value': 137, 'prev_value': 136, 'change': 1}
2026-03-02 16:01:59,149 : INFO : SwitchController : <<<<<<< 's_flipper_right_lower_eos' inactive >>>>>>>
2026-03-02 16:01:59,149 : INFO : SwitchController : <<<<<<< 's_flipper_right_upper_eos' active >>>>>>>
2026-03-02 16:01:59,149 : INFO : EventManager : Event: ======'machine_var_audits_switches_s_flipper_right_upper_eos'====== Args={'value': 23, 'prev_value': 22, 'change': 1}
2026-03-02 16:01:59,151 : INFO : SwitchController : <<<<<<< 's_inlane_right_1' inactive >>>>>>>
2026-03-02 16:01:59,165 : INFO : SwitchController : <<<<<<< 's_inlane_right_1' active >>>>>>>
2026-03-02 16:01:59,166 : INFO : EventManager : Event: ======'sw_playfield_active'====== Args={}
2026-03-02 16:01:59,166 : INFO : EventManager : Event: ======'machine_var_audits_switches_s_inlane_right_1'====== Args={'value': 5, 'prev_value': 4, 'change': 1}
2026-03-02 16:01:59,240 : INFO : SwitchController : <<<<<<< 's_flipper_right_upper' inactive >>>>>>>
2026-03-02 16:01:59,250 : INFO : SwitchController : <<<<<<< 's_flipper_right_lower' inactive >>>>>>>
2026-03-02 16:01:59,339 : INFO : SwitchController : <<<<<<< 's_flipper_right_upper_eos' inactive >>>>>>>
2026-03-02 16:01:59,364 : INFO : SwitchController : <<<<<<< 's_flipper_right_lower_eos' active >>>>>>>
2026-03-02 16:01:59,364 : INFO : EventManager : Event: ======'machine_var_audits_switches_s_flipper_right_lower_eos'====== Args={'value': 111, 'prev_value': 110, 'change': 1}
2026-03-02 16:01:59,366 : INFO : SwitchController : <<<<<<< 's_flipper_left' active >>>>>>>
2026-03-02 16:01:59,366 : INFO : EventManager : Event: ======'machine_var_audits_switches_s_flipper_left'====== Args={'value': 113, 'prev_value': 112, 'change': 1}
2026-03-02 16:01:59,401 : INFO : SwitchController : <<<<<<< 's_flipper_left_eos' inactive >>>>>>>
2026-03-02 16:01:59,405 : INFO : SwitchController : <<<<<<< 's_inlane_right_1' inactive >>>>>>>
2026-03-02 16:01:59,410 : INFO : SwitchController : <<<<<<< 's_inlane_right_1' active >>>>>>>
2026-03-02 16:01:59,410 : INFO : EventManager : Event: ======'sw_playfield_active'====== Args={}
2026-03-02 16:01:59,411 : INFO : EventManager : Event: ======'machine_var_audits_switches_s_inlane_right_1'====== Args={'value': 6, 'prev_value': 5, 'change': 1}
2026-03-02 16:01:59,545 : INFO : SwitchController : <<<<<<< 's_flipper_left' inactive >>>>>>>
2026-03-02 16:01:59,630 : INFO : SwitchController : <<<<<<< 's_flipper_left_eos' active >>>>>>>
2026-03-02 16:01:59,630 : INFO : EventManager : Event: ======'machine_var_audits_switches_s_flipper_left_eos'====== Args={'value': 96, 'prev_value': 95, 'change': 1}
2026-03-02 16:01:59,734 : INFO : SwitchController : <<<<<<< 's_flipper_right_lower' active >>>>>>>
2026-03-02 16:01:59,735 : INFO : EventManager : Event: ======'machine_var_audits_switches_s_flipper_right_lower'====== Args={'value': 151, 'prev_value': 150, 'change': 1}
2026-03-02 16:01:59,736 : INFO : SwitchController : <<<<<<< 's_flipper_right_upper' active >>>>>>>
2026-03-02 16:01:59,737 : INFO : EventManager : Event: ======'machine_var_audits_switches_s_flipper_right_upper'====== Args={'value': 138, 'prev_value': 137, 'change': 1}
2026-03-02 16:01:59,760 : INFO : SwitchController : <<<<<<< 's_flipper_right_upper_eos' active >>>>>>>
2026-03-02 16:01:59,760 : INFO : EventManager : Event: ======'machine_var_audits_switches_s_flipper_right_upper_eos'====== Args={'value': 24, 'prev_value': 23, 'change': 1}
2026-03-02 16:01:59,763 : INFO : SwitchController : <<<<<<< 's_flipper_right_lower_eos' inactive >>>>>>>
2026-03-02 16:01:59,763 : INFO : SwitchController : <<<<<<< 's_inlane_right_1' inactive >>>>>>>
2026-03-02 16:01:59,780 : INFO : SwitchController : <<<<<<< 's_inlane_right_1' active >>>>>>>
2026-03-02 16:01:59,780 : INFO : EventManager : Event: ======'sw_playfield_active'====== Args={}
2026-03-02 16:01:59,780 : INFO : EventManager : Event: ======'machine_var_audits_switches_s_inlane_right_1'====== Args={'value': 7, 'prev_value': 6, 'change': 1}
2026-03-02 16:01:59,911 : INFO : SwitchController : <<<<<<< 's_flipper_right_upper' inactive >>>>>>>
2026-03-02 16:01:59,920 : INFO : SwitchController : <<<<<<< 's_flipper_right_lower' inactive >>>>>>>
2026-03-02 16:02:00,003 : INFO : SwitchController : <<<<<<< 's_flipper_right_upper_eos' inactive >>>>>>>
2026-03-02 16:02:00,021 : INFO : SwitchController : <<<<<<< 's_flipper_right_lower_eos' active >>>>>>>
2026-03-02 16:02:00,022 : INFO : EventManager : Event: ======'machine_var_audits_switches_s_flipper_right_lower_eos'====== Args={'value': 112, 'prev_value': 111, 'change': 1}
2026-03-02 16:02:00,280 : INFO : SwitchController : <<<<<<< 's_flipper_right_lower' active >>>>>>>
2026-03-02 16:02:00,281 : INFO : EventManager : Event: ======'machine_var_audits_switches_s_flipper_right_lower'====== Args={'value': 152, 'prev_value': 151, 'change': 1}
2026-03-02 16:02:00,282 : INFO : SwitchController : <<<<<<< 's_flipper_right_upper' active >>>>>>>
2026-03-02 16:02:00,282 : INFO : EventManager : Event: ======'machine_var_audits_switches_s_flipper_right_upper'====== Args={'value': 139, 'prev_value': 138, 'change': 1}
2026-03-02 16:02:00,305 : INFO : SwitchController : <<<<<<< 's_flipper_right_upper_eos' active >>>>>>>
2026-03-02 16:02:00,306 : INFO : EventManager : Event: ======'machine_var_audits_switches_s_flipper_right_upper_eos'====== Args={'value': 25, 'prev_value': 24, 'change': 1}
2026-03-02 16:02:00,308 : INFO : SwitchController : <<<<<<< 's_flipper_right_lower_eos' inactive >>>>>>>
2026-03-02 16:02:00,309 : INFO : SwitchController : <<<<<<< 's_inlane_right_1' inactive >>>>>>>
2026-03-02 16:02:00,326 : INFO : SwitchController : <<<<<<< 's_inlane_right_1' active >>>>>>>
2026-03-02 16:02:00,327 : INFO : EventManager : Event: ======'sw_playfield_active'====== Args={}
2026-03-02 16:02:00,327 : INFO : EventManager : Event: ======'machine_var_audits_switches_s_inlane_right_1'====== Args={'value': 8, 'prev_value': 7, 'change': 1}
2026-03-02 16:02:00,432 : INFO : SwitchController : <<<<<<< 's_flipper_right_upper' inactive >>>>>>>
2026-03-02 16:02:00,436 : INFO : SwitchController : <<<<<<< 's_flipper_right_lower' inactive >>>>>>>
2026-03-02 16:02:00,530 : INFO : SwitchController : <<<<<<< 's_flipper_right_upper_eos' inactive >>>>>>>
2026-03-02 16:02:00,544 : INFO : SwitchController : <<<<<<< 's_flipper_right_lower_eos' active >>>>>>>
2026-03-02 16:02:00,545 : INFO : EventManager : Event: ======'machine_var_audits_switches_s_flipper_right_lower_eos'====== Args={'value': 113, 'prev_value': 112, 'change': 1}
2026-03-02 16:02:00,738 : INFO : SwitchController : <<<<<<< 's_flipper_right_lower' active >>>>>>>
2026-03-02 16:02:00,739 : INFO : EventManager : Event: ======'machine_var_audits_switches_s_flipper_right_lower'====== Args={'value': 153, 'prev_value': 152, 'change': 1}
2026-03-02 16:02:00,740 : INFO : SwitchController : <<<<<<< 's_flipper_right_upper' active >>>>>>>
2026-03-02 16:02:00,741 : INFO : EventManager : Event: ======'machine_var_audits_switches_s_flipper_right_upper'====== Args={'value': 140, 'prev_value': 139, 'change': 1}
2026-03-02 16:02:00,765 : INFO : SwitchController : <<<<<<< 's_flipper_right_upper_eos' active >>>>>>>
2026-03-02 16:02:00,765 : INFO : EventManager : Event: ======'machine_var_audits_switches_s_flipper_right_upper_eos'====== Args={'value': 26, 'prev_value': 25, 'change': 1}
2026-03-02 16:02:00,766 : INFO : SwitchController : <<<<<<< 's_flipper_right_lower_eos' inactive >>>>>>>
2026-03-02 16:02:00,768 : INFO : SwitchController : <<<<<<< 's_inlane_right_1' inactive >>>>>>>
2026-03-02 16:02:00,780 : INFO : SwitchController : <<<<<<< 's_inlane_right_1' active >>>>>>>
2026-03-02 16:02:00,780 : INFO : EventManager : Event: ======'sw_playfield_active'====== Args={}
2026-03-02 16:02:00,780 : INFO : EventManager : Event: ======'machine_var_audits_switches_s_inlane_right_1'====== Args={'value': 9, 'prev_value': 8, 'change': 1}
2026-03-02 16:02:00,950 : INFO : SwitchController : <<<<<<< 's_flipper_right_upper' inactive >>>>>>>
2026-03-02 16:02:00,956 : INFO : SwitchController : <<<<<<< 's_flipper_right_lower' inactive >>>>>>>
2026-03-02 16:02:01,051 : INFO : SwitchController : <<<<<<< 's_flipper_right_upper_eos' inactive >>>>>>>
2026-03-02 16:02:01,067 : INFO : SwitchController : <<<<<<< 's_flipper_right_lower_eos' active >>>>>>>
2026-03-02 16:02:01,067 : INFO : EventManager : Event: ======'machine_var_audits_switches_s_flipper_right_lower_eos'====== Args={'value': 114, 'prev_value': 113, 'change': 1}
2026-03-02 16:02:01,226 : INFO : SwitchController : <<<<<<< 's_flipper_right_lower' active >>>>>>>
2026-03-02 16:02:01,226 : INFO : EventManager : Event: ======'machine_var_audits_switches_s_flipper_right_lower'====== Args={'value': 154, 'prev_value': 153, 'change': 1}
2026-03-02 16:02:01,232 : INFO : SwitchController : <<<<<<< 's_flipper_right_upper' active >>>>>>>
2026-03-02 16:02:01,232 : INFO : EventManager : Event: ======'machine_var_audits_switches_s_flipper_right_upper'====== Args={'value': 141, 'prev_value': 140, 'change': 1}
2026-03-02 16:02:01,252 : INFO : SwitchController : <<<<<<< 's_flipper_right_lower_eos' inactive >>>>>>>
2026-03-02 16:02:01,252 : INFO : SwitchController : <<<<<<< 's_inlane_right_1' inactive >>>>>>>
2026-03-02 16:02:01,255 : INFO : SwitchController : <<<<<<< 's_flipper_right_upper_eos' active >>>>>>>
2026-03-02 16:02:01,255 : INFO : EventManager : Event: ======'machine_var_audits_switches_s_flipper_right_upper_eos'====== Args={'value': 27, 'prev_value': 26, 'change': 1}
2026-03-02 16:02:01,273 : INFO : SwitchController : <<<<<<< 's_inlane_right_1' active >>>>>>>
2026-03-02 16:02:01,273 : INFO : EventManager : Event: ======'sw_playfield_active'====== Args={}
2026-03-02 16:02:01,273 : INFO : EventManager : Event: ======'machine_var_audits_switches_s_inlane_right_1'====== Args={'value': 10, 'prev_value': 9, 'change': 1}
2026-03-02 16:02:01,392 : INFO : SwitchController : <<<<<<< 's_flipper_right_upper' inactive >>>>>>>
2026-03-02 16:02:01,394 : INFO : SwitchController : <<<<<<< 's_flipper_right_lower' inactive >>>>>>>
2026-03-02 16:02:01,488 : INFO : SwitchController : <<<<<<< 's_flipper_right_upper_eos' inactive >>>>>>>
2026-03-02 16:02:01,498 : INFO : SwitchController : <<<<<<< 's_flipper_right_lower_eos' active >>>>>>>
2026-03-02 16:02:01,498 : INFO : EventManager : Event: ======'machine_var_audits_switches_s_flipper_right_lower_eos'====== Args={'value': 115, 'prev_value': 114, 'change': 1}
2026-03-02 16:02:01,783 : INFO : SwitchController : <<<<<<< 's_flipper_right_lower' active >>>>>>>
2026-03-02 16:02:01,783 : INFO : EventManager : Event: ======'machine_var_audits_switches_s_flipper_right_lower'====== Args={'value': 155, 'prev_value': 154, 'change': 1}
2026-03-02 16:02:01,787 : INFO : SwitchController : <<<<<<< 's_flipper_right_upper' active >>>>>>>
2026-03-02 16:02:01,787 : INFO : EventManager : Event: ======'machine_var_audits_switches_s_flipper_right_upper'====== Args={'value': 142, 'prev_value': 141, 'change': 1}
2026-03-02 16:02:01,810 : INFO : SwitchController : <<<<<<< 's_flipper_right_upper_eos' active >>>>>>>
2026-03-02 16:02:01,810 : INFO : EventManager : Event: ======'machine_var_audits_switches_s_flipper_right_upper_eos'====== Args={'value': 28, 'prev_value': 27, 'change': 1}
2026-03-02 16:02:01,811 : INFO : SwitchController : <<<<<<< 's_flipper_right_lower_eos' inactive >>>>>>>
2026-03-02 16:02:01,812 : INFO : SwitchController : <<<<<<< 's_inlane_right_1' inactive >>>>>>>
2026-03-02 16:02:01,828 : INFO : SwitchController : <<<<<<< 's_inlane_right_1' active >>>>>>>
2026-03-02 16:02:01,828 : INFO : EventManager : Event: ======'sw_playfield_active'====== Args={}
2026-03-02 16:02:01,828 : INFO : EventManager : Event: ======'machine_var_audits_switches_s_inlane_right_1'====== Args={'value': 11, 'prev_value': 10, 'change': 1}
2026-03-02 16:02:01,830 : INFO : SwitchController : <<<<<<< 's_flipper_left' active >>>>>>>
2026-03-02 16:02:01,830 : INFO : EventManager : Event: ======'machine_var_audits_switches_s_flipper_left'====== Args={'value': 114, 'prev_value': 113, 'change': 1}
2026-03-02 16:02:01,853 : INFO : SwitchController : <<<<<<< 's_flipper_left_eos' inactive >>>>>>>
2026-03-02 16:02:01,897 : INFO : SwitchController : <<<<<<< 's_flipper_right_upper' inactive >>>>>>>
2026-03-02 16:02:01,901 : INFO : SwitchController : <<<<<<< 's_flipper_right_lower' inactive >>>>>>>
2026-03-02 16:02:01,951 : INFO : SwitchController : <<<<<<< 's_flipper_left' inactive >>>>>>>
2026-03-02 16:02:01,996 : INFO : SwitchController : <<<<<<< 's_flipper_right_upper_eos' inactive >>>>>>>
2026-03-02 16:02:02,012 : INFO : SwitchController : <<<<<<< 's_flipper_right_lower_eos' active >>>>>>>
2026-03-02 16:02:02,012 : INFO : EventManager : Event: ======'machine_var_audits_switches_s_flipper_right_lower_eos'====== Args={'value': 116, 'prev_value': 115, 'change': 1}
2026-03-02 16:02:02,040 : INFO : SwitchController : <<<<<<< 's_flipper_left_eos' active >>>>>>>
2026-03-02 16:02:02,040 : INFO : EventManager : Event: ======'machine_var_audits_switches_s_flipper_left_eos'====== Args={'value': 97, 'prev_value': 96, 'change': 1}
2026-03-02 16:02:02,371 : INFO : SwitchController : <<<<<<< 's_flipper_right_lower' active >>>>>>>
2026-03-02 16:02:02,371 : INFO : EventManager : Event: ======'machine_var_audits_switches_s_flipper_right_lower'====== Args={'value': 156, 'prev_value': 155, 'change': 1}
2026-03-02 16:02:02,372 : INFO : SwitchController : <<<<<<< 's_flipper_right_upper' active >>>>>>>
2026-03-02 16:02:02,372 : INFO : EventManager : Event: ======'machine_var_audits_switches_s_flipper_right_upper'====== Args={'value': 143, 'prev_value': 142, 'change': 1}
2026-03-02 16:02:02,401 : INFO : SwitchController : <<<<<<< 's_inlane_right_1' inactive >>>>>>>
2026-03-02 16:02:02,401 : INFO : SwitchController : <<<<<<< 's_flipper_right_upper_eos' active >>>>>>>
2026-03-02 16:02:02,401 : INFO : EventManager : Event: ======'machine_var_audits_switches_s_flipper_right_upper_eos'====== Args={'value': 29, 'prev_value': 28, 'change': 1}
2026-03-02 16:02:02,407 : INFO : SwitchController : <<<<<<< 's_inlane_right_1' active >>>>>>>
2026-03-02 16:02:02,408 : INFO : EventManager : Event: ======'sw_playfield_active'====== Args={}
2026-03-02 16:02:02,408 : INFO : EventManager : Event: ======'machine_var_audits_switches_s_inlane_right_1'====== Args={'value': 12, 'prev_value': 11, 'change': 1}
2026-03-02 16:02:02,416 : INFO : SwitchController : <<<<<<< 's_flipper_right_lower_eos' inactive >>>>>>>
2026-03-02 16:02:03,159 : INFO : SwitchController : <<<<<<< 's_flipper_left' active >>>>>>>
2026-03-02 16:02:03,160 : INFO : EventManager : Event: ======'machine_var_audits_switches_s_flipper_left'====== Args={'value': 115, 'prev_value': 114, 'change': 1}
2026-03-02 16:02:03,182 : INFO : SwitchController : <<<<<<< 's_flipper_left_eos' inactive >>>>>>>
2026-03-02 16:02:03,184 : INFO : SwitchController : <<<<<<< 's_inlane_right_1' inactive >>>>>>>
2026-03-02 16:02:03,190 : INFO : SwitchController : <<<<<<< 's_inlane_right_1' active >>>>>>>
2026-03-02 16:02:03,191 : INFO : EventManager : Event: ======'sw_playfield_active'====== Args={}
2026-03-02 16:02:03,191 : INFO : EventManager : Event: ======'machine_var_audits_switches_s_inlane_right_1'====== Args={'value': 13, 'prev_value': 12, 'change': 1}
2026-03-02 16:02:03,337 : INFO : SwitchController : <<<<<<< 's_flipper_left' inactive >>>>>>>
2026-03-02 16:02:03,425 : INFO : SwitchController : <<<<<<< 's_flipper_left_eos' active >>>>>>>
2026-03-02 16:02:03,425 : INFO : EventManager : Event: ======'machine_var_audits_switches_s_flipper_left_eos'====== Args={'value': 98, 'prev_value': 97, 'change': 1}
2026-03-02 16:02:05,311 : INFO : SwitchController : <<<<<<< 's_flipper_right_upper' inactive >>>>>>>
2026-03-02 16:02:05,312 : INFO : SwitchController : <<<<<<< 's_flipper_right_lower' inactive >>>>>>>
2026-03-02 16:02:05,371 : INFO : SwitchController : <<<<<<< 's_flipper_right_lower_eos' active >>>>>>>
2026-03-02 16:02:05,371 : INFO : EventManager : Event: ======'machine_var_audits_switches_s_flipper_right_lower_eos'====== Args={'value': 117, 'prev_value': 116, 'change': 1}
2026-03-02 16:02:05,410 : INFO : SwitchController : <<<<<<< 's_flipper_right_upper_eos' inactive >>>>>>>
2026-03-02 16:02:05,510 : INFO : SwitchController : <<<<<<< 's_flipper_right_lower' active >>>>>>>
2026-03-02 16:02:05,510 : INFO : EventManager : Event: ======'machine_var_audits_switches_s_flipper_right_lower'====== Args={'value': 157, 'prev_value': 156, 'change': 1}
2026-03-02 16:02:05,512 : INFO : SwitchController : <<<<<<< 's_flipper_right_upper' active >>>>>>>
2026-03-02 16:02:05,512 : INFO : EventManager : Event: ======'machine_var_audits_switches_s_flipper_right_upper'====== Args={'value': 144, 'prev_value': 143, 'change': 1}
2026-03-02 16:02:05,535 : INFO : SwitchController : <<<<<<< 's_flipper_right_upper_eos' active >>>>>>>
2026-03-02 16:02:05,535 : INFO : EventManager : Event: ======'machine_var_audits_switches_s_flipper_right_upper_eos'====== Args={'value': 30, 'prev_value': 29, 'change': 1}
2026-03-02 16:02:05,540 : INFO : SwitchController : <<<<<<< 's_inlane_right_1' inactive >>>>>>>
2026-03-02 16:02:05,541 : INFO : SwitchController : <<<<<<< 's_flipper_right_lower_eos' inactive >>>>>>>
2026-03-02 16:02:05,556 : INFO : SwitchController : <<<<<<< 's_inlane_right_1' active >>>>>>>
2026-03-02 16:02:05,556 : INFO : EventManager : Event: ======'sw_playfield_active'====== Args={}
2026-03-02 16:02:05,556 : INFO : EventManager : Event: ======'machine_var_audits_switches_s_inlane_right_1'====== Args={'value': 14, 'prev_value': 13, 'change': 1}
2026-03-02 16:02:05,612 : INFO : SwitchController : <<<<<<< 's_flipper_right_upper' inactive >>>>>>>
2026-03-02 16:02:05,616 : INFO : SwitchController : <<<<<<< 's_flipper_right_lower' inactive >>>>>>>
2026-03-02 16:02:05,710 : INFO : SwitchController : <<<<<<< 's_flipper_right_upper_eos' inactive >>>>>>>
2026-03-02 16:02:05,725 : INFO : SwitchController : <<<<<<< 's_flipper_right_lower_eos' active >>>>>>>
2026-03-02 16:02:05,725 : INFO : EventManager : Event: ======'machine_var_audits_switches_s_flipper_right_lower_eos'====== Args={'value': 118, 'prev_value': 117, 'change': 1}
2026-03-02 16:02:06,930 : INFO : SwitchController : <<<<<<< 's_inlane_right_1' inactive >>>>>>>
2026-03-02 16:02:06,934 : INFO : SwitchController : <<<<<<< 's_inlane_right_1' active >>>>>>>
2026-03-02 16:02:06,934 : INFO : EventManager : Event: ======'sw_playfield_active'====== Args={}
2026-03-02 16:02:06,934 : INFO : EventManager : Event: ======'machine_var_audits_switches_s_inlane_right_1'====== Args={'value': 15, 'prev_value': 14, 'change': 1}
2026-03-02 16:02:06,964 : INFO : SwitchController : <<<<<<< 's_trough_6' active >>>>>>>
2026-03-02 16:02:06,964 : INFO : EventManager : Event: ======'machine_var_audits_switches_s_trough_6'====== Args={'value': 30, 'prev_value': 29, 'change': 1}
2026-03-02 16:02:07,468 : INFO : EventManager : Event: ======'balldevice_bd_trough_ball_count_changed'====== Args={'balls': 6}
2026-03-02 16:02:07,468 : INFO : ball_device.bd_trough : Received unexpected ball
2026-03-02 16:02:07,468 : INFO : EventManager : Event: ======'balldevice_captured_from_playfield'====== Args={'balls': 1}
2026-03-02 16:02:07,468 : INFO : EventManager : Event: ======'sw_playfield_active'====== Args={'balls': 1}
2026-03-02 16:02:07,469 : INFO : EventManager : Event: ======'playfield_ball_count_change'====== Args={'balls': 0, 'change': -1}
2026-03-02 16:02:07,469 : INFO : EventManager : Event: ======'balldevice_bd_trough_ball_enter'====== Args={'new_balls': 1, 'unclaimed_balls': 1, 'new_available_balls': 1, 'device': <ball_device.bd_trough>}
2026-03-02 16:02:07,469 : INFO : EventManager : Event: ======'ball_drain'====== Args={'device': <ball_device.bd_trough>, 'balls': 1}
2026-03-02 16:02:07,470 : INFO : EventManager : Event: ======'ball_will_end'====== Args={}
2026-03-02 16:02:07,470 : INFO : EventManager : Event: ======'balldevice_balls_available'====== Args={}
2026-03-02 16:02:07,470 : INFO : EventManager : Event: ======'balldevice_bd_trough_ball_entered'====== Args={'new_balls': 1, 'device': <ball_device.bd_trough>}
2026-03-02 16:02:07,470 : INFO : EventManager : Event: ======'mode_base_will_stop'====== Args={}
2026-03-02 16:02:07,471 : INFO : EventManager : Event: ======'mode_base_stopping'====== Args={}
2026-03-02 16:02:07,471 : INFO : EventManager : Event: ======'stop_mode_bumpers'====== Args={'priority': 0}
2026-03-02 16:02:07,471 : INFO : EventManager : Event: ======'mode_bumpers_will_stop'====== Args={}
2026-03-02 16:02:07,472 : INFO : EventManager : Event: ======'mode_bumpers_stopping'====== Args={}
2026-03-02 16:02:07,472 : INFO : Mode.base : Stopped.
2026-03-02 16:02:07,472 : INFO : EventManager : Event: ======'modes_active_modes_changed'====== Args={}
2026-03-02 16:02:07,472 : INFO : EventManager : Event: ======'mode_base_stopped'====== Args={}
2026-03-02 16:02:07,473 : INFO : EventManager : Event: ======'clear'====== Args={'key': 'base'}
2026-03-02 16:02:07,473 : INFO : Mode.bumpers : Stopped.
2026-03-02 16:02:07,473 : INFO : EventManager : Event: ======'modes_active_modes_changed'====== Args={}
2026-03-02 16:02:07,473 : INFO : EventManager : Event: ======'mode_bumpers_stopped'====== Args={}
2026-03-02 16:02:07,473 : INFO : EventManager : Event: ======'clear'====== Args={'key': 'bumpers'}
2026-03-02 16:02:07,474 : INFO : EventManager : Event: ======'ball_ending'====== Args={}
2026-03-02 16:02:07,475 : INFO : EventManager : Event: ======'ball_ended'====== Args={}
2026-03-02 16:02:07,477 : INFO : EventManager : Event: ======'player_turn_will_end'====== Args={'player': <Player 1>, 'number': 1}
2026-03-02 16:02:07,477 : INFO : EventManager : Event: ======'player_turn_ending'====== Args={'player': <Player 1>, 'number': 1}
2026-03-02 16:02:07,478 : INFO : EventManager : Event: ======'player_turn_ended'====== Args={'player': <Player 1>, 'number': 1}
2026-03-02 16:02:07,478 : INFO : EventManager : Event: ======'player_turn_will_start'====== Args={'player': <Player 1>, 'number': 1}
2026-03-02 16:02:07,478 : INFO : EventManager : Event: ======'player_turn_starting'====== Args={'player': <Player 1>, 'number': 1}
2026-03-02 16:02:07,478 : INFO : EventManager : Event: ======'player_ball'====== Args={'value': 2, 'prev_value': 1, 'change': 1, 'player_num': 1}
2026-03-02 16:02:07,479 : INFO : EventManager : Event: ======'player_turn_started'====== Args={'player': <Player 1>, 'number': 1}
2026-03-02 16:02:07,480 : INFO : EventManager : Event: ======'ball_will_start'====== Args={'player': 1, 'ball': 2, 'balls_remaining': 1, 'is_extra_ball': False}
2026-03-02 16:02:07,480 : INFO : EventManager : Event: ======'ball_starting'====== Args={'player': 1, 'ball': 2, 'balls_remaining': 1, 'is_extra_ball': False}
2026-03-02 16:02:07,480 : INFO : EventManager : Event: ======'mode_base_will_start'====== Args={'queue': <QueuedEvent>, 'player': 1, 'ball': 2, 'balls_remaining': 1, 'is_extra_ball': False}
2026-03-02 16:02:07,481 : INFO : EventManager : Event: ======'mode_base_starting'====== Args={'queue': <QueuedEvent>, 'player': 1, 'ball': 2, 'balls_remaining': 1, 'is_extra_ball': False}
2026-03-02 16:02:07,481 : INFO : Mode.base : Started. Priority: 100
2026-03-02 16:02:07,481 : INFO : EventManager : Event: ======'modes_active_modes_changed'====== Args={}
2026-03-02 16:02:07,481 : INFO : EventManager : Event: ======'mode_base_started'====== Args={'queue': <QueuedEvent>, 'player': 1, 'ball': 2, 'balls_remaining': 1, 'is_extra_ball': False}
2026-03-02 16:02:07,481 : INFO : EventManager : Event: ======'start_mode_bumpers'====== Args={'priority': 0}
2026-03-02 16:02:07,482 : INFO : EventManager : Event: ======'mode_bumpers_will_start'====== Args={'priority': 0}
2026-03-02 16:02:07,484 : INFO : EventManager : Event: ======'mode_bumpers_starting'====== Args={'priority': 0}
2026-03-02 16:02:07,484 : INFO : Mode.bumpers : Started. Priority: 200
2026-03-02 16:02:07,484 : INFO : EventManager : Event: ======'modes_active_modes_changed'====== Args={}
2026-03-02 16:02:07,484 : INFO : EventManager : Event: ======'mode_bumpers_started'====== Args={'priority': 0}
2026-03-02 16:02:07,485 : INFO : EventManager : Event: ======'balls_in_play'====== Args={'balls': 1}
2026-03-02 16:02:07,485 : INFO : EventManager : Event: ======'ball_started'====== Args={'player': 1, 'ball': 2, 'balls_remaining': 1, 'is_extra_ball': False}
2026-03-02 16:02:07,492 : INFO : EventManager : Event: ======'single_player_ball_started'====== Args={}
2026-03-02 16:02:07,493 : INFO : EventManager : Event: ======'ball_start_target'====== Args={'target': 'playfield'}
2026-03-02 16:02:07,494 : INFO : ball_device.bd_plunger : Setting up player-controlled eject. Balls: 1, Target: <playfield.playfield>, player_controlled_eject_event: None
2026-03-02 16:02:07,494 : INFO : EventManager : Event: ======'balldevice_balls_available'====== Args={}
2026-03-02 16:02:07,496 : INFO : ball_device.bd_trough : State: waiting_for_target_ready
2026-03-02 16:02:07,496 : INFO : EventManager : Event: ======'balldevice_bd_trough_ball_eject_attempt'====== Args={'balls': 1, 'target': <ball_device.bd_plunger>, 'source': <ball_device.bd_trough>, 'mechanical_eject': True, 'num_attempts': 0}
2026-03-02 16:02:07,496 : INFO : ball_device.bd_plunger : State: waiting_for_ball
2026-03-02 16:02:07,497 : INFO : ball_device.bd_trough : State: ejecting
2026-03-02 16:02:07,497 : INFO : ball_device.bd_trough : Ejecting ball to <ball_device.bd_plunger>
2026-03-02 16:02:07,497 : INFO : EventManager : Event: ======'balldevice_bd_trough_ejecting_ball'====== Args={'balls': 1, 'target': <ball_device.bd_plunger>, 'source': <ball_device.bd_trough>, 'mechanical_eject': True, 'num_attempts': 0}
2026-03-02 16:02:07,498 : INFO : ball_device.bd_trough : Wait for ball to leave device
2026-03-02 16:02:07,499 : INFO : coil.c_trough_eject : Pulsing Driver for 20ms (1.0 pulse_power)
2026-03-02 16:02:07,526 : INFO : SwitchController : <<<<<<< 's_trough_1' inactive >>>>>>>
2026-03-02 16:02:07,526 : INFO : SwitchController : <<<<<<< 's_trough_7' active >>>>>>>
2026-03-02 16:02:07,526 : INFO : EventManager : Event: ======'machine_var_audits_switches_s_trough_7'====== Args={'value': 16, 'prev_value': 15, 'change': 1}
2026-03-02 16:02:07,527 : INFO : ball_device.bd_trough : State: ball_left
2026-03-02 16:02:07,528 : INFO : ball_device.bd_trough : Ball left
2026-03-02 16:02:07,528 : INFO : ball_device.bd_trough : Wait for confirm with timeout 3.0
2026-03-02 16:02:07,543 : INFO : SwitchController : <<<<<<< 's_trough_7' inactive >>>>>>>
2026-03-02 16:02:07,567 : INFO : EventManager : Event: ======'slide_base_slide_created'====== Args={'_from_bcp': True}
2026-03-02 16:02:07,567 : INFO : EventManager : Event: ======'slide_base_slide_inactive'====== Args={'is_removing': True, '_from_bcp': True}
2026-03-02 16:02:07,569 : INFO : EventManager : Event: ======'slide_base_slide_active'====== Args={'original_context': 'base', 'original_calling_context': 'mode_base_started', 'priority': 100.0, 'queue': '<QueuedEvent>', 'player': 1.0, 'ball': 2.0, 'balls_remaining': 1.0, 'is_extra_ball': False, 'cmd': 'slides_play', '_from_bcp': True}
2026-03-02 16:02:07,569 : INFO : EventManager : Event: ======'slide_base_slide_removed'====== Args={'_from_bcp': True}
2026-03-02 16:02:07,674 : INFO : SwitchController : <<<<<<< 's_plunger' active >>>>>>>
2026-03-02 16:02:07,674 : INFO : EventManager : Event: ======'machine_var_audits_switches_s_plunger'====== Args={'value': 18, 'prev_value': 17, 'change': 1}
2026-03-02 16:02:07,744 : INFO : SwitchController : <<<<<<< 's_trough_2' inactive >>>>>>>
2026-03-02 16:02:07,748 : INFO : SwitchController : <<<<<<< 's_trough_3' inactive >>>>>>>
2026-03-02 16:02:07,749 : INFO : SwitchController : <<<<<<< 's_trough_4' inactive >>>>>>>
2026-03-02 16:02:07,750 : INFO : SwitchController : <<<<<<< 's_trough_5' inactive >>>>>>>
2026-03-02 16:02:07,751 : INFO : SwitchController : <<<<<<< 's_trough_6' inactive >>>>>>>
2026-03-02 16:02:07,761 : INFO : SwitchController : <<<<<<< 's_trough_1' active >>>>>>>
2026-03-02 16:02:07,761 : INFO : EventManager : Event: ======'machine_var_audits_switches_s_trough_1'====== Args={'value': 13, 'prev_value': 12, 'change': 1}
2026-03-02 16:02:07,768 : INFO : SwitchController : <<<<<<< 's_trough_2' active >>>>>>>
2026-03-02 16:02:07,769 : INFO : EventManager : Event: ======'machine_var_audits_switches_s_trough_2'====== Args={'value': 23, 'prev_value': 22, 'change': 1}
2026-03-02 16:02:07,769 : INFO : SwitchController : <<<<<<< 's_trough_3' active >>>>>>>
2026-03-02 16:02:07,770 : INFO : EventManager : Event: ======'machine_var_audits_switches_s_trough_3'====== Args={'value': 28, 'prev_value': 27, 'change': 1}
2026-03-02 16:02:07,771 : INFO : SwitchController : <<<<<<< 's_trough_4' active >>>>>>>
2026-03-02 16:02:07,772 : INFO : EventManager : Event: ======'machine_var_audits_switches_s_trough_4'====== Args={'value': 27, 'prev_value': 26, 'change': 1}
2026-03-02 16:02:07,781 : INFO : SwitchController : <<<<<<< 's_trough_5' active >>>>>>>
2026-03-02 16:02:07,781 : INFO : EventManager : Event: ======'machine_var_audits_switches_s_trough_5'====== Args={'value': 29, 'prev_value': 28, 'change': 1}
2026-03-02 16:02:08,174 : INFO : ball_device.bd_plunger : Received ball from <ball_device.bd_trough>
2026-03-02 16:02:08,175 : INFO : EventManager : Event: ======'balldevice_bd_plunger_ball_enter'====== Args={'new_balls': 1, 'unclaimed_balls': 0, 'new_available_balls': 0, 'device': <ball_device.bd_plunger>}
2026-03-02 16:02:08,176 : INFO : EventManager : Event: ======'balldevice_bd_plunger_ball_entered'====== Args={'new_balls': 0, 'device': <ball_device.bd_plunger>}
2026-03-02 16:02:08,177 : INFO : EventManager : Event: ======'balldevice_bd_plunger_ball_count_changed'====== Args={'balls': 1}
2026-03-02 16:02:08,177 : INFO : ball_device.bd_trough : Got eject confirm
2026-03-02 16:02:08,177 : INFO : ball_device.bd_trough : Eject successful
2026-03-02 16:02:08,177 : INFO : EventManager : Event: ======'balldevice_bd_trough_ball_eject_success'====== Args={'balls': 1, 'target': <ball_device.bd_plunger>}
2026-03-02 16:02:08,177 : INFO : ball_device.bd_plunger : State: waiting_for_target_ready
2026-03-02 16:02:08,177 : INFO : EventManager : Event: ======'balldevice_bd_plunger_ball_eject_attempt'====== Args={'balls': 1, 'target': <playfield.playfield>, 'source': <ball_device.bd_plunger>, 'mechanical_eject': True, 'num_attempts': 0}
2026-03-02 16:02:08,178 : INFO : EventManager : Event: ======'balldevice_bd_trough_ball_count_changed'====== Args={'balls': 5}
2026-03-02 16:02:08,178 : INFO : ball_device.bd_trough : State: idle
2026-03-02 16:02:08,179 : INFO : ball_device.bd_plunger : State: ejecting
2026-03-02 16:02:08,179 : INFO : ball_device.bd_plunger : Ejecting ball to <playfield.playfield>
2026-03-02 16:02:08,179 : INFO : EventManager : Event: ======'balldevice_bd_plunger_ejecting_ball'====== Args={'balls': 1, 'target': <playfield.playfield>, 'source': <ball_device.bd_plunger>, 'mechanical_eject': True, 'num_attempts': 0}
2026-03-02 16:02:08,179 : INFO : ball_device.bd_plunger : Wait for ball to leave device
2026-03-02 16:02:09,664 : INFO : SwitchController : <<<<<<< 's_plunger' inactive >>>>>>>
2026-03-02 16:02:09,664 : INFO : ball_device.bd_plunger : State: ball_left
2026-03-02 16:02:09,664 : INFO : ball_device.bd_plunger : Ball left
2026-03-02 16:02:09,664 : INFO : ball_device.bd_plunger : Wait for confirm with timeout 5.0
2026-03-02 16:02:14,666 : INFO : ball_device.bd_plunger : State: failed_confirm
2026-03-02 16:02:14,666 : INFO : ball_device.bd_plunger : Got timeout (5.0s) before confirm from <playfield.playfield>
2026-03-02 16:02:14,758 : INFO : SwitchController : <<<<<<< 's_flipper_right_upper' active >>>>>>>
2026-03-02 16:02:14,758 : INFO : EventManager : Event: ======'machine_var_audits_switches_s_flipper_right_upper'====== Args={'value': 145, 'prev_value': 144, 'change': 1}
2026-03-02 16:02:14,759 : INFO : SwitchController : <<<<<<< 's_flipper_right_lower' active >>>>>>>
2026-03-02 16:02:14,759 : INFO : EventManager : Event: ======'machine_var_audits_switches_s_flipper_right_lower'====== Args={'value': 158, 'prev_value': 157, 'change': 1}
2026-03-02 16:02:14,766 : INFO : SwitchController : <<<<<<< 's_flipper_right_lower' inactive >>>>>>>
2026-03-02 16:02:14,766 : INFO : SwitchController : <<<<<<< 's_flipper_right_lower' active >>>>>>>
2026-03-02 16:02:14,766 : INFO : EventManager : Event: ======'machine_var_audits_switches_s_flipper_right_lower'====== Args={'value': 159, 'prev_value': 158, 'change': 1}
2026-03-02 16:02:14,767 : INFO : ball_device.bd_plunger : Confirming eject because target is playfield and ball did not return.
2026-03-02 16:02:14,767 : INFO : ball_device.bd_plunger : Eject successful
2026-03-02 16:02:14,767 : INFO : EventManager : Event: ======'balldevice_bd_plunger_ball_eject_success'====== Args={'balls': 1, 'target': <playfield.playfield>}
2026-03-02 16:02:14,767 : INFO : EventManager : Event: ======'balldevice_playfield_ball_enter'====== Args={'new_balls': 1, 'unclaimed_balls': 1, 'device': <playfield.playfield>}
2026-03-02 16:02:14,767 : INFO : EventManager : Event: ======'playfield_ball_count_change'====== Args={'balls': 1, 'change': 1}
2026-03-02 16:02:14,767 : INFO : EventManager : Event: ======'balldevice_bd_plunger_ball_count_changed'====== Args={'balls': 0}
2026-03-02 16:02:14,767 : INFO : ball_device.bd_plunger : State: idle
2026-03-02 16:02:14,782 : INFO : SwitchController : <<<<<<< 's_inlane_right_1' inactive >>>>>>>
2026-03-02 16:02:14,783 : INFO : SwitchController : <<<<<<< 's_flipper_right_upper_eos' active >>>>>>>
2026-03-02 16:02:14,783 : INFO : EventManager : Event: ======'machine_var_audits_switches_s_flipper_right_upper_eos'====== Args={'value': 31, 'prev_value': 30, 'change': 1}
2026-03-02 16:02:14,790 : INFO : SwitchController : <<<<<<< 's_inlane_right_1' active >>>>>>>
2026-03-02 16:02:14,790 : INFO : EventManager : Event: ======'sw_playfield_active'====== Args={}
2026-03-02 16:02:14,791 : INFO : EventManager : Event: ======'machine_var_audits_switches_s_inlane_right_1'====== Args={'value': 16, 'prev_value': 15, 'change': 1}
2026-03-02 16:02:14,801 : INFO : SwitchController : <<<<<<< 's_flipper_right_lower_eos' inactive >>>>>>>
2026-03-02 16:02:14,804 : INFO : SwitchController : <<<<<<< 's_inlane_right_1' inactive >>>>>>>
2026-03-02 16:02:14,819 : INFO : SwitchController : <<<<<<< 's_inlane_right_1' active >>>>>>>
2026-03-02 16:02:14,819 : INFO : EventManager : Event: ======'sw_playfield_active'====== Args={}
2026-03-02 16:02:14,819 : INFO : EventManager : Event: ======'machine_var_audits_switches_s_inlane_right_1'====== Args={'value': 17, 'prev_value': 16, 'change': 1}
2026-03-02 16:02:15,569 : INFO : SwitchController : <<<<<<< 's_flipper_right_lower' inactive >>>>>>>
2026-03-02 16:02:15,569 : INFO : SwitchController : <<<<<<< 's_flipper_right_upper' inactive >>>>>>>
2026-03-02 16:02:15,668 : INFO : SwitchController : <<<<<<< 's_flipper_right_upper_eos' inactive >>>>>>>
2026-03-02 16:02:15,676 : INFO : SwitchController : <<<<<<< 's_flipper_right_lower_eos' active >>>>>>>
2026-03-02 16:02:15,677 : INFO : EventManager : Event: ======'machine_var_audits_switches_s_flipper_right_lower_eos'====== Args={'value': 119, 'prev_value': 118, 'change': 1}
2026-03-02 16:02:18,339 : INFO : SwitchController : <<<<<<< 's_flipper_left' active >>>>>>>
2026-03-02 16:02:18,339 : INFO : EventManager : Event: ======'machine_var_audits_switches_s_flipper_left'====== Args={'value': 116, 'prev_value': 115, 'change': 1}
2026-03-02 16:02:18,376 : INFO : SwitchController : <<<<<<< 's_flipper_left_eos' inactive >>>>>>>
2026-03-02 16:02:18,432 : INFO : SwitchController : <<<<<<< 's_flipper_left' inactive >>>>>>>
2026-03-02 16:02:18,519 : INFO : SwitchController : <<<<<<< 's_flipper_left_eos' active >>>>>>>
2026-03-02 16:02:18,519 : INFO : EventManager : Event: ======'machine_var_audits_switches_s_flipper_left_eos'====== Args={'value': 99, 'prev_value': 98, 'change': 1}
2026-03-02 16:02:20,036 : INFO : SwitchController : <<<<<<< 's_flipper_left_eos' inactive >>>>>>>
2026-03-02 16:02:20,149 : INFO : SwitchController : <<<<<<< 's_flipper_left_eos' active >>>>>>>
2026-03-02 16:02:20,149 : INFO : EventManager : Event: ======'machine_var_audits_switches_s_flipper_left_eos'====== Args={'value': 100, 'prev_value': 99, 'change': 1}
2026-03-02 16:02:21,988 : INFO : SwitchController : <<<<<<< 's_flipper_left' active >>>>>>>
2026-03-02 16:02:21,989 : INFO : EventManager : Event: ======'machine_var_audits_switches_s_flipper_left'====== Args={'value': 117, 'prev_value': 116, 'change': 1}
2026-03-02 16:02:21,996 : INFO : SwitchController : <<<<<<< 's_flipper_left' inactive >>>>>>>
2026-03-02 16:02:21,996 : INFO : SwitchController : <<<<<<< 's_flipper_left' active >>>>>>>
2026-03-02 16:02:21,996 : INFO : EventManager : Event: ======'machine_var_audits_switches_s_flipper_left'====== Args={'value': 118, 'prev_value': 117, 'change': 1}
2026-03-02 16:02:22,031 : INFO : SwitchController : <<<<<<< 's_flipper_left_eos' inactive >>>>>>>
2026-03-02 16:02:22,160 : INFO : SwitchController : <<<<<<< 's_flipper_left' inactive >>>>>>>
2026-03-02 16:02:22,250 : INFO : SwitchController : <<<<<<< 's_flipper_left_eos' active >>>>>>>
2026-03-02 16:02:22,251 : INFO : EventManager : Event: ======'machine_var_audits_switches_s_flipper_left_eos'====== Args={'value': 101, 'prev_value': 100, 'change': 1}
2026-03-02 16:02:23,437 : INFO : SwitchController : <<<<<<< 's_flipper_left' active >>>>>>>
2026-03-02 16:02:23,438 : INFO : EventManager : Event: ======'machine_var_audits_switches_s_flipper_left'====== Args={'value': 119, 'prev_value': 118, 'change': 1}
2026-03-02 16:02:23,461 : INFO : SwitchController : <<<<<<< 's_flipper_left_eos' inactive >>>>>>>
2026-03-02 16:02:23,464 : INFO : SwitchController : <<<<<<< 's_inlane_right_1' inactive >>>>>>>
2026-03-02 16:02:23,479 : INFO : SwitchController : <<<<<<< 's_inlane_right_1' active >>>>>>>
2026-03-02 16:02:23,479 : INFO : EventManager : Event: ======'sw_playfield_active'====== Args={}
2026-03-02 16:02:23,479 : INFO : EventManager : Event: ======'machine_var_audits_switches_s_inlane_right_1'====== Args={'value': 18, 'prev_value': 17, 'change': 1}
2026-03-02 16:02:23,558 : INFO : SwitchController : <<<<<<< 's_flipper_left' inactive >>>>>>>
2026-03-02 16:02:23,648 : INFO : SwitchController : <<<<<<< 's_flipper_left_eos' active >>>>>>>
2026-03-02 16:02:23,649 : INFO : EventManager : Event: ======'machine_var_audits_switches_s_flipper_left_eos'====== Args={'value': 102, 'prev_value': 101, 'change': 1}
2026-03-02 16:02:23,649 : INFO : SwitchController : <<<<<<< 's_inlane_right_1' inactive >>>>>>>
2026-03-02 16:02:23,653 : INFO : SwitchController : <<<<<<< 's_inlane_right_1' active >>>>>>>
2026-03-02 16:02:23,653 : INFO : EventManager : Event: ======'sw_playfield_active'====== Args={}
2026-03-02 16:02:23,653 : INFO : EventManager : Event: ======'machine_var_audits_switches_s_inlane_right_1'====== Args={'value': 19, 'prev_value': 18, 'change': 1}
2026-03-02 16:02:23,948 : INFO : SwitchController : <<<<<<< 's_flipper_right_lower' active >>>>>>>
2026-03-02 16:02:23,948 : INFO : EventManager : Event: ======'machine_var_audits_switches_s_flipper_right_lower'====== Args={'value': 160, 'prev_value': 159, 'change': 1}
2026-03-02 16:02:23,953 : INFO : SwitchController : <<<<<<< 's_flipper_right_upper' active >>>>>>>
2026-03-02 16:02:23,954 : INFO : EventManager : Event: ======'machine_var_audits_switches_s_flipper_right_upper'====== Args={'value': 146, 'prev_value': 145, 'change': 1}
2026-03-02 16:02:23,976 : INFO : SwitchController : <<<<<<< 's_flipper_right_lower_eos' inactive >>>>>>>
2026-03-02 16:02:23,977 : INFO : SwitchController : <<<<<<< 's_flipper_right_upper_eos' active >>>>>>>
2026-03-02 16:02:23,977 : INFO : EventManager : Event: ======'machine_var_audits_switches_s_flipper_right_upper_eos'====== Args={'value': 32, 'prev_value': 31, 'change': 1}
2026-03-02 16:02:23,980 : INFO : SwitchController : <<<<<<< 's_inlane_right_1' inactive >>>>>>>
2026-03-02 16:02:23,993 : INFO : SwitchController : <<<<<<< 's_inlane_right_1' active >>>>>>>
2026-03-02 16:02:23,994 : INFO : EventManager : Event: ======'sw_playfield_active'====== Args={}
2026-03-02 16:02:23,994 : INFO : EventManager : Event: ======'machine_var_audits_switches_s_inlane_right_1'====== Args={'value': 20, 'prev_value': 19, 'change': 1}
2026-03-02 16:02:24,065 : INFO : SwitchController : <<<<<<< 's_flipper_right_upper' inactive >>>>>>>
2026-03-02 16:02:24,071 : INFO : SwitchController : <<<<<<< 's_flipper_right_lower' inactive >>>>>>>
2026-03-02 16:02:24,163 : INFO : SwitchController : <<<<<<< 's_flipper_right_upper_eos' inactive >>>>>>>
2026-03-02 16:02:24,181 : INFO : SwitchController : <<<<<<< 's_flipper_right_lower_eos' active >>>>>>>
2026-03-02 16:02:24,181 : INFO : EventManager : Event: ======'machine_var_audits_switches_s_flipper_right_lower_eos'====== Args={'value': 120, 'prev_value': 119, 'change': 1}
2026-03-02 16:02:26,107 : INFO : SwitchController : <<<<<<< 's_flipper_right_lower' active >>>>>>>
2026-03-02 16:02:26,107 : INFO : EventManager : Event: ======'machine_var_audits_switches_s_flipper_right_lower'====== Args={'value': 161, 'prev_value': 160, 'change': 1}
2026-03-02 16:02:26,109 : INFO : SwitchController : <<<<<<< 's_flipper_right_upper' active >>>>>>>
2026-03-02 16:02:26,109 : INFO : EventManager : Event: ======'machine_var_audits_switches_s_flipper_right_upper'====== Args={'value': 147, 'prev_value': 146, 'change': 1}
2026-03-02 16:02:26,132 : INFO : SwitchController : <<<<<<< 's_flipper_right_upper_eos' active >>>>>>>
2026-03-02 16:02:26,133 : INFO : EventManager : Event: ======'machine_var_audits_switches_s_flipper_right_upper_eos'====== Args={'value': 33, 'prev_value': 32, 'change': 1}
2026-03-02 16:02:26,134 : INFO : SwitchController : <<<<<<< 's_inlane_right_1' inactive >>>>>>>
2026-03-02 16:02:26,148 : INFO : SwitchController : <<<<<<< 's_inlane_right_1' active >>>>>>>
2026-03-02 16:02:26,148 : INFO : EventManager : Event: ======'sw_playfield_active'====== Args={}
2026-03-02 16:02:26,149 : INFO : EventManager : Event: ======'machine_var_audits_switches_s_inlane_right_1'====== Args={'value': 21, 'prev_value': 20, 'change': 1}
2026-03-02 16:02:26,156 : INFO : SwitchController : <<<<<<< 's_flipper_right_lower_eos' inactive >>>>>>>
2026-03-02 16:02:26,166 : INFO : SwitchController : <<<<<<< 's_flipper_right_lower_eos' active >>>>>>>
2026-03-02 16:02:26,166 : INFO : EventManager : Event: ======'machine_var_audits_switches_s_flipper_right_lower_eos'====== Args={'value': 121, 'prev_value': 120, 'change': 1}
2026-03-02 16:02:26,666 : INFO : SwitchController : <<<<<<< 's_flipper_right_upper' inactive >>>>>>>
2026-03-02 16:02:26,667 : INFO : SwitchController : <<<<<<< 's_flipper_right_lower' inactive >>>>>>>
2026-03-02 16:02:26,765 : INFO : SwitchController : <<<<<<< 's_flipper_right_upper_eos' inactive >>>>>>>
2026-03-02 16:02:28,051 : INFO : SwitchController : <<<<<<< 's_flipper_right_lower' active >>>>>>>
2026-03-02 16:02:28,051 : INFO : EventManager : Event: ======'machine_var_audits_switches_s_flipper_right_lower'====== Args={'value': 162, 'prev_value': 161, 'change': 1}
2026-03-02 16:02:28,057 : INFO : SwitchController : <<<<<<< 's_flipper_right_upper' active >>>>>>>
2026-03-02 16:02:28,057 : INFO : EventManager : Event: ======'machine_var_audits_switches_s_flipper_right_upper'====== Args={'value': 148, 'prev_value': 147, 'change': 1}
2026-03-02 16:02:28,081 : INFO : SwitchController : <<<<<<< 's_flipper_right_lower_eos' inactive >>>>>>>
2026-03-02 16:02:28,082 : INFO : SwitchController : <<<<<<< 's_flipper_right_upper_eos' active >>>>>>>
2026-03-02 16:02:28,082 : INFO : EventManager : Event: ======'machine_var_audits_switches_s_flipper_right_upper_eos'====== Args={'value': 34, 'prev_value': 33, 'change': 1}
2026-03-02 16:02:28,082 : INFO : SwitchController : <<<<<<< 's_inlane_right_1' inactive >>>>>>>
2026-03-02 16:02:28,089 : INFO : SwitchController : <<<<<<< 's_inlane_right_1' active >>>>>>>
2026-03-02 16:02:28,089 : INFO : EventManager : Event: ======'sw_playfield_active'====== Args={}
2026-03-02 16:02:28,089 : INFO : EventManager : Event: ======'machine_var_audits_switches_s_inlane_right_1'====== Args={'value': 22, 'prev_value': 21, 'change': 1}
2026-03-02 16:02:28,206 : INFO : SwitchController : <<<<<<< 's_flipper_right_upper' inactive >>>>>>>
2026-03-02 16:02:28,214 : INFO : SwitchController : <<<<<<< 's_flipper_right_lower' inactive >>>>>>>
2026-03-02 16:02:28,305 : INFO : SwitchController : <<<<<<< 's_flipper_right_upper_eos' inactive >>>>>>>
2026-03-02 16:02:28,323 : INFO : SwitchController : <<<<<<< 's_flipper_right_lower_eos' active >>>>>>>
2026-03-02 16:02:28,323 : INFO : EventManager : Event: ======'machine_var_audits_switches_s_flipper_right_lower_eos'====== Args={'value': 122, 'prev_value': 121, 'change': 1}
2026-03-02 16:02:28,850 : INFO : SwitchController : <<<<<<< 's_flipper_right_upper' active >>>>>>>
2026-03-02 16:02:28,851 : INFO : EventManager : Event: ======'machine_var_audits_switches_s_flipper_right_upper'====== Args={'value': 149, 'prev_value': 148, 'change': 1}
2026-03-02 16:02:28,854 : INFO : SwitchController : <<<<<<< 's_flipper_right_lower' active >>>>>>>
2026-03-02 16:02:28,854 : INFO : EventManager : Event: ======'machine_var_audits_switches_s_flipper_right_lower'====== Args={'value': 163, 'prev_value': 162, 'change': 1}
2026-03-02 16:02:28,872 : INFO : SwitchController : <<<<<<< 's_flipper_right_upper_eos' active >>>>>>>
2026-03-02 16:02:28,873 : INFO : EventManager : Event: ======'machine_var_audits_switches_s_flipper_right_upper_eos'====== Args={'value': 35, 'prev_value': 34, 'change': 1}
2026-03-02 16:02:28,874 : INFO : SwitchController : <<<<<<< 's_inlane_right_1' inactive >>>>>>>
2026-03-02 16:02:28,888 : INFO : SwitchController : <<<<<<< 's_inlane_right_1' active >>>>>>>
2026-03-02 16:02:28,889 : INFO : EventManager : Event: ======'sw_playfield_active'====== Args={}
2026-03-02 16:02:28,889 : INFO : EventManager : Event: ======'machine_var_audits_switches_s_inlane_right_1'====== Args={'value': 23, 'prev_value': 22, 'change': 1}
2026-03-02 16:02:29,287 : INFO : SwitchController : <<<<<<< 's_flipper_right_lower' inactive >>>>>>>
2026-03-02 16:02:29,288 : INFO : SwitchController : <<<<<<< 's_flipper_right_upper' inactive >>>>>>>
2026-03-02 16:02:29,386 : INFO : SwitchController : <<<<<<< 's_flipper_right_upper_eos' inactive >>>>>>>
2026-03-02 16:02:30,475 : INFO : SwitchController : <<<<<<< 's_flipper_left' active >>>>>>>
2026-03-02 16:02:30,475 : INFO : EventManager : Event: ======'machine_var_audits_switches_s_flipper_left'====== Args={'value': 120, 'prev_value': 119, 'change': 1}
2026-03-02 16:02:30,498 : INFO : SwitchController : <<<<<<< 's_flipper_left_eos' inactive >>>>>>>
2026-03-02 16:02:30,504 : INFO : SwitchController : <<<<<<< 's_inlane_right_1' inactive >>>>>>>
2026-03-02 16:02:30,514 : INFO : SwitchController : <<<<<<< 's_inlane_right_1' active >>>>>>>
2026-03-02 16:02:30,514 : INFO : EventManager : Event: ======'sw_playfield_active'====== Args={}
2026-03-02 16:02:30,514 : INFO : EventManager : Event: ======'machine_var_audits_switches_s_inlane_right_1'====== Args={'value': 24, 'prev_value': 23, 'change': 1}
2026-03-02 16:02:30,671 : INFO : SwitchController : <<<<<<< 's_flipper_left' inactive >>>>>>>
2026-03-02 16:02:30,760 : INFO : SwitchController : <<<<<<< 's_flipper_left_eos' active >>>>>>>
2026-03-02 16:02:30,760 : INFO : EventManager : Event: ======'machine_var_audits_switches_s_flipper_left_eos'====== Args={'value': 103, 'prev_value': 102, 'change': 1}
2026-03-02 16:02:32,802 : INFO : SwitchController : <<<<<<< 's_flipper_left' active >>>>>>>
2026-03-02 16:02:32,802 : INFO : EventManager : Event: ======'machine_var_audits_switches_s_flipper_left'====== Args={'value': 121, 'prev_value': 120, 'change': 1}
2026-03-02 16:02:32,811 : INFO : SwitchController : <<<<<<< 's_flipper_left' inactive >>>>>>>
2026-03-02 16:02:32,812 : INFO : SwitchController : <<<<<<< 's_flipper_left' active >>>>>>>
2026-03-02 16:02:32,812 : INFO : EventManager : Event: ======'machine_var_audits_switches_s_flipper_left'====== Args={'value': 122, 'prev_value': 121, 'change': 1}
2026-03-02 16:02:32,837 : INFO : SwitchController : <<<<<<< 's_flipper_left_eos' inactive >>>>>>>
2026-03-02 16:02:32,840 : INFO : SwitchController : <<<<<<< 's_inlane_right_1' inactive >>>>>>>
2026-03-02 16:02:32,845 : INFO : SwitchController : <<<<<<< 's_inlane_right_1' active >>>>>>>
2026-03-02 16:02:32,845 : INFO : EventManager : Event: ======'sw_playfield_active'====== Args={}
2026-03-02 16:02:32,845 : INFO : EventManager : Event: ======'machine_var_audits_switches_s_inlane_right_1'====== Args={'value': 25, 'prev_value': 24, 'change': 1}
2026-03-02 16:02:32,953 : INFO : SwitchController : <<<<<<< 's_flipper_left' inactive >>>>>>>
2026-03-02 16:02:33,039 : INFO : SwitchController : <<<<<<< 's_flipper_left_eos' active >>>>>>>
2026-03-02 16:02:33,040 : INFO : EventManager : Event: ======'machine_var_audits_switches_s_flipper_left_eos'====== Args={'value': 104, 'prev_value': 103, 'change': 1}
2026-03-02 16:02:34,564 : INFO : SwitchController : <<<<<<< 's_flipper_left' active >>>>>>>
2026-03-02 16:02:34,564 : INFO : EventManager : Event: ======'machine_var_audits_switches_s_flipper_left'====== Args={'value': 123, 'prev_value': 122, 'change': 1}
2026-03-02 16:02:34,585 : INFO : SwitchController : <<<<<<< 's_flipper_left_eos' inactive >>>>>>>
2026-03-02 16:02:34,589 : INFO : SwitchController : <<<<<<< 's_inlane_right_1' inactive >>>>>>>
2026-03-02 16:02:34,601 : INFO : SwitchController : <<<<<<< 's_inlane_right_1' active >>>>>>>
2026-03-02 16:02:34,601 : INFO : EventManager : Event: ======'sw_playfield_active'====== Args={}
2026-03-02 16:02:34,601 : INFO : EventManager : Event: ======'machine_var_audits_switches_s_inlane_right_1'====== Args={'value': 26, 'prev_value': 25, 'change': 1}
2026-03-02 16:02:34,617 : INFO : SwitchController : <<<<<<< 's_flipper_right_lower' active >>>>>>>
2026-03-02 16:02:34,618 : INFO : EventManager : Event: ======'machine_var_audits_switches_s_flipper_right_lower'====== Args={'value': 164, 'prev_value': 163, 'change': 1}
2026-03-02 16:02:34,635 : INFO : SwitchController : <<<<<<< 's_flipper_right_upper' active >>>>>>>
2026-03-02 16:02:34,635 : INFO : EventManager : Event: ======'machine_var_audits_switches_s_flipper_right_upper'====== Args={'value': 150, 'prev_value': 149, 'change': 1}
2026-03-02 16:02:34,645 : INFO : SwitchController : <<<<<<< 's_flipper_right_lower_eos' inactive >>>>>>>
2026-03-02 16:02:34,651 : INFO : SwitchController : <<<<<<< 's_inlane_right_1' inactive >>>>>>>
2026-03-02 16:02:34,656 : INFO : SwitchController : <<<<<<< 's_flipper_right_upper_eos' active >>>>>>>
2026-03-02 16:02:34,656 : INFO : EventManager : Event: ======'machine_var_audits_switches_s_flipper_right_upper_eos'====== Args={'value': 36, 'prev_value': 35, 'change': 1}
2026-03-02 16:02:34,666 : INFO : SwitchController : <<<<<<< 's_flipper_right_upper' inactive >>>>>>>
2026-03-02 16:02:34,667 : INFO : SwitchController : <<<<<<< 's_inlane_right_1' active >>>>>>>
2026-03-02 16:02:34,667 : INFO : EventManager : Event: ======'sw_playfield_active'====== Args={}
2026-03-02 16:02:34,667 : INFO : EventManager : Event: ======'machine_var_audits_switches_s_inlane_right_1'====== Args={'value': 27, 'prev_value': 26, 'change': 1}
2026-03-02 16:02:34,670 : INFO : SwitchController : <<<<<<< 's_flipper_right_lower' inactive >>>>>>>
2026-03-02 16:02:34,766 : INFO : SwitchController : <<<<<<< 's_flipper_right_upper_eos' inactive >>>>>>>
2026-03-02 16:02:34,781 : INFO : SwitchController : <<<<<<< 's_flipper_right_lower_eos' active >>>>>>>
2026-03-02 16:02:34,781 : INFO : EventManager : Event: ======'machine_var_audits_switches_s_flipper_right_lower_eos'====== Args={'value': 123, 'prev_value': 122, 'change': 1}
2026-03-02 16:02:34,782 : INFO : SwitchController : <<<<<<< 's_flipper_left' inactive >>>>>>>
2026-03-02 16:02:34,871 : INFO : SwitchController : <<<<<<< 's_flipper_left_eos' active >>>>>>>
2026-03-02 16:02:34,871 : INFO : EventManager : Event: ======'machine_var_audits_switches_s_flipper_left_eos'====== Args={'value': 105, 'prev_value': 104, 'change': 1}
2026-03-02 16:02:40,369 : INFO : SwitchController : <<<<<<< 's_flipper_right_lower' active >>>>>>>
2026-03-02 16:02:40,369 : INFO : EventManager : Event: ======'machine_var_audits_switches_s_flipper_right_lower'====== Args={'value': 165, 'prev_value': 164, 'change': 1}
2026-03-02 16:02:40,372 : INFO : SwitchController : <<<<<<< 's_flipper_right_upper' active >>>>>>>
2026-03-02 16:02:40,372 : INFO : EventManager : Event: ======'machine_var_audits_switches_s_flipper_right_upper'====== Args={'value': 151, 'prev_value': 150, 'change': 1}
2026-03-02 16:02:40,395 : INFO : SwitchController : <<<<<<< 's_flipper_right_upper_eos' active >>>>>>>
2026-03-02 16:02:40,395 : INFO : EventManager : Event: ======'machine_var_audits_switches_s_flipper_right_upper_eos'====== Args={'value': 37, 'prev_value': 36, 'change': 1}
2026-03-02 16:02:40,397 : INFO : SwitchController : <<<<<<< 's_flipper_right_lower_eos' inactive >>>>>>>
2026-03-02 16:02:40,399 : INFO : SwitchController : <<<<<<< 's_inlane_right_1' inactive >>>>>>>
2026-03-02 16:02:40,411 : INFO : SwitchController : <<<<<<< 's_inlane_right_1' active >>>>>>>
2026-03-02 16:02:40,411 : INFO : EventManager : Event: ======'sw_playfield_active'====== Args={}
2026-03-02 16:02:40,411 : INFO : EventManager : Event: ======'machine_var_audits_switches_s_inlane_right_1'====== Args={'value': 28, 'prev_value': 27, 'change': 1}
2026-03-02 16:02:40,615 : INFO : SwitchController : <<<<<<< 's_flipper_right_upper' inactive >>>>>>>
2026-03-02 16:02:40,619 : INFO : SwitchController : <<<<<<< 's_flipper_right_lower' inactive >>>>>>>
2026-03-02 16:02:40,714 : INFO : SwitchController : <<<<<<< 's_flipper_right_upper_eos' inactive >>>>>>>
2026-03-02 16:02:40,730 : INFO : SwitchController : <<<<<<< 's_flipper_right_lower_eos' active >>>>>>>
2026-03-02 16:02:40,730 : INFO : EventManager : Event: ======'machine_var_audits_switches_s_flipper_right_lower_eos'====== Args={'value': 124, 'prev_value': 123, 'change': 1}
2026-03-02 16:02:40,882 : INFO : SwitchController : <<<<<<< 's_flipper_right_lower' active >>>>>>>
2026-03-02 16:02:40,883 : INFO : EventManager : Event: ======'machine_var_audits_switches_s_flipper_right_lower'====== Args={'value': 166, 'prev_value': 165, 'change': 1}
2026-03-02 16:02:40,898 : INFO : SwitchController : <<<<<<< 's_flipper_right_upper' active >>>>>>>
2026-03-02 16:02:40,898 : INFO : EventManager : Event: ======'machine_var_audits_switches_s_flipper_right_upper'====== Args={'value': 152, 'prev_value': 151, 'change': 1}
2026-03-02 16:02:40,913 : INFO : SwitchController : <<<<<<< 's_flipper_right_lower_eos' inactive >>>>>>>
2026-03-02 16:02:40,913 : INFO : SwitchController : <<<<<<< 's_inlane_right_1' inactive >>>>>>>
2026-03-02 16:02:40,917 : INFO : SwitchController : <<<<<<< 's_flipper_right_upper_eos' active >>>>>>>
2026-03-02 16:02:40,917 : INFO : EventManager : Event: ======'machine_var_audits_switches_s_flipper_right_upper_eos'====== Args={'value': 38, 'prev_value': 37, 'change': 1}
2026-03-02 16:02:40,932 : INFO : SwitchController : <<<<<<< 's_inlane_right_1' active >>>>>>>
2026-03-02 16:02:40,932 : INFO : EventManager : Event: ======'sw_playfield_active'====== Args={}
2026-03-02 16:02:40,932 : INFO : EventManager : Event: ======'machine_var_audits_switches_s_inlane_right_1'====== Args={'value': 29, 'prev_value': 28, 'change': 1}
2026-03-02 16:02:41,055 : INFO : SwitchController : <<<<<<< 's_flipper_right_upper' inactive >>>>>>>
2026-03-02 16:02:41,061 : INFO : SwitchController : <<<<<<< 's_flipper_right_lower' inactive >>>>>>>
2026-03-02 16:02:41,154 : INFO : SwitchController : <<<<<<< 's_flipper_right_upper_eos' inactive >>>>>>>
2026-03-02 16:02:41,169 : INFO : SwitchController : <<<<<<< 's_flipper_right_lower_eos' active >>>>>>>
2026-03-02 16:02:41,169 : INFO : EventManager : Event: ======'machine_var_audits_switches_s_flipper_right_lower_eos'====== Args={'value': 125, 'prev_value': 124, 'change': 1}
2026-03-02 16:02:41,315 : INFO : SwitchController : <<<<<<< 's_flipper_right_lower' active >>>>>>>
2026-03-02 16:02:41,315 : INFO : EventManager : Event: ======'machine_var_audits_switches_s_flipper_right_lower'====== Args={'value': 167, 'prev_value': 166, 'change': 1}
2026-03-02 16:02:41,317 : INFO : SwitchController : <<<<<<< 's_flipper_right_upper' active >>>>>>>
2026-03-02 16:02:41,317 : INFO : EventManager : Event: ======'machine_var_audits_switches_s_flipper_right_upper'====== Args={'value': 153, 'prev_value': 152, 'change': 1}
2026-03-02 16:02:41,340 : INFO : SwitchController : <<<<<<< 's_flipper_right_upper_eos' active >>>>>>>
2026-03-02 16:02:41,341 : INFO : EventManager : Event: ======'machine_var_audits_switches_s_flipper_right_upper_eos'====== Args={'value': 39, 'prev_value': 38, 'change': 1}
2026-03-02 16:02:41,342 : INFO : SwitchController : <<<<<<< 's_flipper_right_lower_eos' inactive >>>>>>>
2026-03-02 16:02:41,343 : INFO : SwitchController : <<<<<<< 's_inlane_right_1' inactive >>>>>>>
2026-03-02 16:02:41,359 : INFO : SwitchController : <<<<<<< 's_inlane_right_1' active >>>>>>>
2026-03-02 16:02:41,360 : INFO : EventManager : Event: ======'sw_playfield_active'====== Args={}
2026-03-02 16:02:41,360 : INFO : EventManager : Event: ======'machine_var_audits_switches_s_inlane_right_1'====== Args={'value': 30, 'prev_value': 29, 'change': 1}
2026-03-02 16:02:41,570 : INFO : SwitchController : <<<<<<< 's_flipper_right_upper' inactive >>>>>>>
2026-03-02 16:02:41,574 : INFO : SwitchController : <<<<<<< 's_flipper_right_lower' inactive >>>>>>>
2026-03-02 16:02:41,669 : INFO : SwitchController : <<<<<<< 's_flipper_right_upper_eos' inactive >>>>>>>
2026-03-02 16:02:41,685 : INFO : SwitchController : <<<<<<< 's_flipper_right_lower_eos' active >>>>>>>
2026-03-02 16:02:41,685 : INFO : EventManager : Event: ======'machine_var_audits_switches_s_flipper_right_lower_eos'====== Args={'value': 126, 'prev_value': 125, 'change': 1}
2026-03-02 16:02:41,807 : INFO : SwitchController : <<<<<<< 's_flipper_right_lower' active >>>>>>>
2026-03-02 16:02:41,807 : INFO : EventManager : Event: ======'machine_var_audits_switches_s_flipper_right_lower'====== Args={'value': 168, 'prev_value': 167, 'change': 1}
2026-03-02 16:02:41,809 : INFO : SwitchController : <<<<<<< 's_flipper_right_upper' active >>>>>>>
2026-03-02 16:02:41,809 : INFO : EventManager : Event: ======'machine_var_audits_switches_s_flipper_right_upper'====== Args={'value': 154, 'prev_value': 153, 'change': 1}
2026-03-02 16:02:41,834 : INFO : SwitchController : <<<<<<< 's_flipper_right_upper_eos' active >>>>>>>
2026-03-02 16:02:41,834 : INFO : EventManager : Event: ======'machine_var_audits_switches_s_flipper_right_upper_eos'====== Args={'value': 40, 'prev_value': 39, 'change': 1}
2026-03-02 16:02:41,835 : INFO : SwitchController : <<<<<<< 's_flipper_right_lower_eos' inactive >>>>>>>
2026-03-02 16:02:41,835 : INFO : SwitchController : <<<<<<< 's_inlane_right_1' inactive >>>>>>>
2026-03-02 16:02:41,852 : INFO : SwitchController : <<<<<<< 's_inlane_right_1' active >>>>>>>
2026-03-02 16:02:41,852 : INFO : EventManager : Event: ======'sw_playfield_active'====== Args={}
2026-03-02 16:02:41,852 : INFO : EventManager : Event: ======'machine_var_audits_switches_s_inlane_right_1'====== Args={'value': 31, 'prev_value': 30, 'change': 1}
2026-03-02 16:02:41,950 : INFO : SwitchController : <<<<<<< 's_flipper_right_upper' inactive >>>>>>>
2026-03-02 16:02:41,958 : INFO : SwitchController : <<<<<<< 's_flipper_right_lower' inactive >>>>>>>
2026-03-02 16:02:42,048 : INFO : SwitchController : <<<<<<< 's_flipper_right_upper_eos' inactive >>>>>>>
2026-03-02 16:02:42,066 : INFO : SwitchController : <<<<<<< 's_flipper_right_lower_eos' active >>>>>>>
2026-03-02 16:02:42,066 : INFO : EventManager : Event: ======'machine_var_audits_switches_s_flipper_right_lower_eos'====== Args={'value': 127, 'prev_value': 126, 'change': 1}
2026-03-02 16:02:42,170 : INFO : SwitchController : <<<<<<< 's_flipper_right_lower' active >>>>>>>
2026-03-02 16:02:42,170 : INFO : EventManager : Event: ======'machine_var_audits_switches_s_flipper_right_lower'====== Args={'value': 169, 'prev_value': 168, 'change': 1}
2026-03-02 16:02:42,171 : INFO : SwitchController : <<<<<<< 's_flipper_right_upper' active >>>>>>>
2026-03-02 16:02:42,171 : INFO : EventManager : Event: ======'machine_var_audits_switches_s_flipper_right_upper'====== Args={'value': 155, 'prev_value': 154, 'change': 1}
2026-03-02 16:02:42,195 : INFO : SwitchController : <<<<<<< 's_flipper_right_upper_eos' active >>>>>>>
2026-03-02 16:02:42,195 : INFO : EventManager : Event: ======'machine_var_audits_switches_s_flipper_right_upper_eos'====== Args={'value': 41, 'prev_value': 40, 'change': 1}
2026-03-02 16:02:42,197 : INFO : SwitchController : <<<<<<< 's_inlane_right_1' inactive >>>>>>>
2026-03-02 16:02:42,198 : INFO : SwitchController : <<<<<<< 's_flipper_right_lower_eos' inactive >>>>>>>
2026-03-02 16:02:42,217 : INFO : SwitchController : <<<<<<< 's_inlane_right_1' active >>>>>>>
2026-03-02 16:02:42,217 : INFO : EventManager : Event: ======'sw_playfield_active'====== Args={}
2026-03-02 16:02:42,217 : INFO : EventManager : Event: ======'machine_var_audits_switches_s_inlane_right_1'====== Args={'value': 32, 'prev_value': 31, 'change': 1}
2026-03-02 16:02:42,446 : INFO : SwitchController : <<<<<<< 's_flipper_right_upper' inactive >>>>>>>
2026-03-02 16:02:42,449 : INFO : SwitchController : <<<<<<< 's_flipper_right_lower' inactive >>>>>>>
2026-03-02 16:02:42,546 : INFO : SwitchController : <<<<<<< 's_flipper_right_upper_eos' inactive >>>>>>>
2026-03-02 16:02:42,556 : INFO : SwitchController : <<<<<<< 's_flipper_right_lower_eos' active >>>>>>>
2026-03-02 16:02:42,556 : INFO : EventManager : Event: ======'machine_var_audits_switches_s_flipper_right_lower_eos'====== Args={'value': 128, 'prev_value': 127, 'change': 1}
2026-03-02 16:02:42,664 : INFO : SwitchController : <<<<<<< 's_flipper_right_lower' active >>>>>>>
2026-03-02 16:02:42,664 : INFO : EventManager : Event: ======'machine_var_audits_switches_s_flipper_right_lower'====== Args={'value': 170, 'prev_value': 169, 'change': 1}
2026-03-02 16:02:42,667 : INFO : SwitchController : <<<<<<< 's_flipper_right_upper' active >>>>>>>
2026-03-02 16:02:42,667 : INFO : EventManager : Event: ======'machine_var_audits_switches_s_flipper_right_upper'====== Args={'value': 156, 'prev_value': 155, 'change': 1}
2026-03-02 16:02:42,690 : INFO : SwitchController : <<<<<<< 's_flipper_right_upper_eos' active >>>>>>>
2026-03-02 16:02:42,690 : INFO : EventManager : Event: ======'machine_var_audits_switches_s_flipper_right_upper_eos'====== Args={'value': 42, 'prev_value': 41, 'change': 1}
2026-03-02 16:02:42,692 : INFO : SwitchController : <<<<<<< 's_flipper_right_lower_eos' inactive >>>>>>>
2026-03-02 16:02:42,694 : INFO : SwitchController : <<<<<<< 's_inlane_right_1' inactive >>>>>>>
2026-03-02 16:02:42,711 : INFO : SwitchController : <<<<<<< 's_inlane_right_1' active >>>>>>>
2026-03-02 16:02:42,711 : INFO : EventManager : Event: ======'sw_playfield_active'====== Args={}
2026-03-02 16:02:42,711 : INFO : EventManager : Event: ======'machine_var_audits_switches_s_inlane_right_1'====== Args={'value': 33, 'prev_value': 32, 'change': 1}
2026-03-02 16:02:42,880 : INFO : SwitchController : <<<<<<< 's_flipper_right_upper' inactive >>>>>>>
2026-03-02 16:02:42,887 : INFO : SwitchController : <<<<<<< 's_flipper_right_lower' inactive >>>>>>>
2026-03-02 16:02:42,979 : INFO : SwitchController : <<<<<<< 's_flipper_right_upper_eos' inactive >>>>>>>
2026-03-02 16:02:42,997 : INFO : SwitchController : <<<<<<< 's_flipper_right_lower_eos' active >>>>>>>
2026-03-02 16:02:42,997 : INFO : EventManager : Event: ======'machine_var_audits_switches_s_flipper_right_lower_eos'====== Args={'value': 129, 'prev_value': 128, 'change': 1}
2026-03-02 16:02:43,038 : INFO : SwitchController : <<<<<<< 's_flipper_right_lower' active >>>>>>>
2026-03-02 16:02:43,039 : INFO : EventManager : Event: ======'machine_var_audits_switches_s_flipper_right_lower'====== Args={'value': 171, 'prev_value': 170, 'change': 1}
2026-03-02 16:02:43,044 : INFO : SwitchController : <<<<<<< 's_flipper_right_upper' active >>>>>>>
2026-03-02 16:02:43,044 : INFO : EventManager : Event: ======'machine_var_audits_switches_s_flipper_right_upper'====== Args={'value': 157, 'prev_value': 156, 'change': 1}
2026-03-02 16:02:43,064 : INFO : SwitchController : <<<<<<< 's_flipper_right_lower_eos' inactive >>>>>>>
2026-03-02 16:02:43,066 : INFO : SwitchController : <<<<<<< 's_inlane_right_1' inactive >>>>>>>
2026-03-02 16:02:43,067 : INFO : SwitchController : <<<<<<< 's_flipper_right_upper_eos' active >>>>>>>
2026-03-02 16:02:43,067 : INFO : EventManager : Event: ======'machine_var_audits_switches_s_flipper_right_upper_eos'====== Args={'value': 43, 'prev_value': 42, 'change': 1}
2026-03-02 16:02:43,083 : INFO : SwitchController : <<<<<<< 's_inlane_right_1' active >>>>>>>
2026-03-02 16:02:43,084 : INFO : EventManager : Event: ======'sw_playfield_active'====== Args={}
2026-03-02 16:02:43,084 : INFO : EventManager : Event: ======'machine_var_audits_switches_s_inlane_right_1'====== Args={'value': 34, 'prev_value': 33, 'change': 1}
2026-03-02 16:02:43,214 : INFO : SwitchController : <<<<<<< 's_flipper_right_upper' inactive >>>>>>>
2026-03-02 16:02:43,219 : INFO : SwitchController : <<<<<<< 's_flipper_right_lower' inactive >>>>>>>
2026-03-02 16:02:43,314 : INFO : SwitchController : <<<<<<< 's_flipper_right_upper_eos' inactive >>>>>>>
2026-03-02 16:02:43,329 : INFO : SwitchController : <<<<<<< 's_flipper_right_lower_eos' active >>>>>>>
2026-03-02 16:02:43,330 : INFO : EventManager : Event: ======'machine_var_audits_switches_s_flipper_right_lower_eos'====== Args={'value': 130, 'prev_value': 129, 'change': 1}
2026-03-02 16:02:43,399 : INFO : SwitchController : <<<<<<< 's_flipper_right_lower' active >>>>>>>
2026-03-02 16:02:43,399 : INFO : EventManager : Event: ======'machine_var_audits_switches_s_flipper_right_lower'====== Args={'value': 172, 'prev_value': 171, 'change': 1}
2026-03-02 16:02:43,399 : INFO : SwitchController : <<<<<<< 's_flipper_right_upper' active >>>>>>>
2026-03-02 16:02:43,400 : INFO : EventManager : Event: ======'machine_var_audits_switches_s_flipper_right_upper'====== Args={'value': 158, 'prev_value': 157, 'change': 1}
2026-03-02 16:02:43,428 : INFO : SwitchController : <<<<<<< 's_flipper_right_upper_eos' active >>>>>>>
2026-03-02 16:02:43,428 : INFO : EventManager : Event: ======'machine_var_audits_switches_s_flipper_right_upper_eos'====== Args={'value': 44, 'prev_value': 43, 'change': 1}
2026-03-02 16:02:43,428 : INFO : SwitchController : <<<<<<< 's_inlane_right_1' inactive >>>>>>>
2026-03-02 16:02:43,429 : INFO : SwitchController : <<<<<<< 's_flipper_right_lower_eos' inactive >>>>>>>
2026-03-02 16:02:43,435 : INFO : SwitchController : <<<<<<< 's_inlane_right_1' active >>>>>>>
2026-03-02 16:02:43,435 : INFO : EventManager : Event: ======'sw_playfield_active'====== Args={}
2026-03-02 16:02:43,435 : INFO : EventManager : Event: ======'machine_var_audits_switches_s_inlane_right_1'====== Args={'value': 35, 'prev_value': 34, 'change': 1}
2026-03-02 16:02:43,539 : INFO : SwitchController : <<<<<<< 's_flipper_right_upper' inactive >>>>>>>
2026-03-02 16:02:43,542 : INFO : SwitchController : <<<<<<< 's_flipper_right_lower' inactive >>>>>>>
2026-03-02 16:02:43,638 : INFO : SwitchController : <<<<<<< 's_flipper_right_upper_eos' inactive >>>>>>>
2026-03-02 16:02:43,654 : INFO : SwitchController : <<<<<<< 's_flipper_right_lower_eos' active >>>>>>>
2026-03-02 16:02:43,655 : INFO : EventManager : Event: ======'machine_var_audits_switches_s_flipper_right_lower_eos'====== Args={'value': 131, 'prev_value': 130, 'change': 1}
2026-03-02 16:02:43,685 : INFO : SwitchController : <<<<<<< 's_flipper_right_lower' active >>>>>>>
2026-03-02 16:02:43,685 : INFO : EventManager : Event: ======'machine_var_audits_switches_s_flipper_right_lower'====== Args={'value': 173, 'prev_value': 172, 'change': 1}
2026-03-02 16:02:43,687 : INFO : SwitchController : <<<<<<< 's_flipper_right_upper' active >>>>>>>
2026-03-02 16:02:43,687 : INFO : EventManager : Event: ======'machine_var_audits_switches_s_flipper_right_upper'====== Args={'value': 159, 'prev_value': 158, 'change': 1}
2026-03-02 16:02:43,710 : INFO : SwitchController : <<<<<<< 's_flipper_right_upper_eos' active >>>>>>>
2026-03-02 16:02:43,710 : INFO : EventManager : Event: ======'machine_var_audits_switches_s_flipper_right_upper_eos'====== Args={'value': 45, 'prev_value': 44, 'change': 1}
2026-03-02 16:02:43,712 : INFO : SwitchController : <<<<<<< 's_flipper_right_lower_eos' inactive >>>>>>>
2026-03-02 16:02:43,712 : INFO : SwitchController : <<<<<<< 's_inlane_right_1' inactive >>>>>>>
2026-03-02 16:02:43,730 : INFO : SwitchController : <<<<<<< 's_inlane_right_1' active >>>>>>>
2026-03-02 16:02:43,730 : INFO : EventManager : Event: ======'sw_playfield_active'====== Args={}
2026-03-02 16:02:43,730 : INFO : EventManager : Event: ======'machine_var_audits_switches_s_inlane_right_1'====== Args={'value': 36, 'prev_value': 35, 'change': 1}
2026-03-02 16:02:44,132 : INFO : SwitchController : <<<<<<< 's_flipper_right_upper' inactive >>>>>>>
2026-03-02 16:02:44,138 : INFO : SwitchController : <<<<<<< 's_flipper_right_lower' inactive >>>>>>>
2026-03-02 16:02:44,232 : INFO : SwitchController : <<<<<<< 's_flipper_right_upper_eos' inactive >>>>>>>
2026-03-02 16:02:44,249 : INFO : SwitchController : <<<<<<< 's_flipper_right_lower_eos' active >>>>>>>
2026-03-02 16:02:44,249 : INFO : EventManager : Event: ======'machine_var_audits_switches_s_flipper_right_lower_eos'====== Args={'value': 132, 'prev_value': 131, 'change': 1}
2026-03-02 16:02:44,398 : INFO : SwitchController : <<<<<<< 's_flipper_right_lower' active >>>>>>>
2026-03-02 16:02:44,398 : INFO : EventManager : Event: ======'machine_var_audits_switches_s_flipper_right_lower'====== Args={'value': 174, 'prev_value': 173, 'change': 1}
2026-03-02 16:02:44,401 : INFO : SwitchController : <<<<<<< 's_flipper_right_upper' active >>>>>>>
2026-03-02 16:02:44,401 : INFO : EventManager : Event: ======'machine_var_audits_switches_s_flipper_right_upper'====== Args={'value': 160, 'prev_value': 159, 'change': 1}
2026-03-02 16:02:44,425 : INFO : SwitchController : <<<<<<< 's_flipper_right_upper_eos' active >>>>>>>
2026-03-02 16:02:44,425 : INFO : EventManager : Event: ======'machine_var_audits_switches_s_flipper_right_upper_eos'====== Args={'value': 46, 'prev_value': 45, 'change': 1}
2026-03-02 16:02:44,426 : INFO : SwitchController : <<<<<<< 's_flipper_right_lower_eos' inactive >>>>>>>
2026-03-02 16:02:44,427 : INFO : SwitchController : <<<<<<< 's_inlane_right_1' inactive >>>>>>>
2026-03-02 16:02:44,771 : INFO : SwitchController : <<<<<<< 's_flipper_right_upper' inactive >>>>>>>
2026-03-02 16:02:44,786 : INFO : SwitchController : <<<<<<< 's_flipper_right_lower' inactive >>>>>>>
2026-03-02 16:02:44,871 : INFO : SwitchController : <<<<<<< 's_flipper_right_upper_eos' inactive >>>>>>>
2026-03-02 16:02:44,895 : INFO : SwitchController : <<<<<<< 's_flipper_right_lower_eos' active >>>>>>>
2026-03-02 16:02:44,895 : INFO : EventManager : Event: ======'machine_var_audits_switches_s_flipper_right_lower_eos'====== Args={'value': 133, 'prev_value': 132, 'change': 1}
2026-03-02 16:02:46,832 : INFO : SwitchController : <<<<<<< 's_flipper_left' active >>>>>>>
2026-03-02 16:02:46,832 : INFO : EventManager : Event: ======'machine_var_audits_switches_s_flipper_left'====== Args={'value': 124, 'prev_value': 123, 'change': 1}
2026-03-02 16:02:46,839 : INFO : SwitchController : <<<<<<< 's_flipper_left' inactive >>>>>>>
2026-03-02 16:02:46,840 : INFO : SwitchController : <<<<<<< 's_flipper_left' active >>>>>>>
2026-03-02 16:02:46,840 : INFO : EventManager : Event: ======'machine_var_audits_switches_s_flipper_left'====== Args={'value': 125, 'prev_value': 124, 'change': 1}
2026-03-02 16:02:46,867 : INFO : SwitchController : <<<<<<< 's_flipper_left_eos' inactive >>>>>>>
2026-03-02 16:02:46,931 : INFO : SwitchController : <<<<<<< 's_flipper_left' inactive >>>>>>>
2026-03-02 16:02:47,020 : INFO : SwitchController : <<<<<<< 's_flipper_left_eos' active >>>>>>>
2026-03-02 16:02:47,020 : INFO : EventManager : Event: ======'machine_var_audits_switches_s_flipper_left_eos'====== Args={'value': 106, 'prev_value': 105, 'change': 1}
2026-03-02 16:02:48,489 : INFO : SwitchController : <<<<<<< 's_flipper_left' active >>>>>>>
2026-03-02 16:02:48,489 : INFO : EventManager : Event: ======'machine_var_audits_switches_s_flipper_left'====== Args={'value': 126, 'prev_value': 125, 'change': 1}
2026-03-02 16:02:48,511 : INFO : SwitchController : <<<<<<< 's_flipper_left_eos' inactive >>>>>>>
2026-03-02 16:02:48,643 : INFO : SwitchController : <<<<<<< 's_flipper_left' inactive >>>>>>>
2026-03-02 16:02:48,732 : INFO : SwitchController : <<<<<<< 's_flipper_left_eos' active >>>>>>>
2026-03-02 16:02:48,732 : INFO : EventManager : Event: ======'machine_var_audits_switches_s_flipper_left_eos'====== Args={'value': 107, 'prev_value': 106, 'change': 1}
2026-03-02 16:02:48,977 : INFO : SwitchController : <<<<<<< 's_trough_6' active >>>>>>>
2026-03-02 16:02:48,977 : INFO : EventManager : Event: ======'machine_var_audits_switches_s_trough_6'====== Args={'value': 31, 'prev_value': 30, 'change': 1}
2026-03-02 16:02:49,030 : INFO : SwitchController : <<<<<<< 's_trough_6' inactive >>>>>>>
2026-03-02 16:02:49,364 : INFO : SwitchController : <<<<<<< 's_trough_6' active >>>>>>>
2026-03-02 16:02:49,365 : INFO : EventManager : Event: ======'machine_var_audits_switches_s_trough_6'====== Args={'value': 32, 'prev_value': 31, 'change': 1}
2026-03-02 16:02:49,665 : INFO : SwitchController : <<<<<<< 's_trough_6' inactive >>>>>>>
2026-03-02 16:02:50,071 : INFO : SwitchController : <<<<<<< 's_trough_6' active >>>>>>>
2026-03-02 16:02:50,072 : INFO : EventManager : Event: ======'machine_var_audits_switches_s_trough_6'====== Args={'value': 33, 'prev_value': 32, 'change': 1}
2026-03-02 16:02:50,572 : INFO : EventManager : Event: ======'balldevice_bd_trough_ball_count_changed'====== Args={'balls': 6}
2026-03-02 16:02:50,572 : INFO : ball_device.bd_trough : Received unexpected ball
2026-03-02 16:02:50,572 : INFO : EventManager : Event: ======'balldevice_captured_from_playfield'====== Args={'balls': 1}
2026-03-02 16:02:50,572 : INFO : EventManager : Event: ======'sw_playfield_active'====== Args={'balls': 1}
2026-03-02 16:02:50,572 : INFO : EventManager : Event: ======'playfield_ball_count_change'====== Args={'balls': 0, 'change': -1}
2026-03-02 16:02:50,573 : INFO : EventManager : Event: ======'balldevice_bd_trough_ball_enter'====== Args={'new_balls': 1, 'unclaimed_balls': 1, 'new_available_balls': 1, 'device': <ball_device.bd_trough>}
2026-03-02 16:02:50,573 : INFO : EventManager : Event: ======'ball_drain'====== Args={'device': <ball_device.bd_trough>, 'balls': 1}
2026-03-02 16:02:50,573 : INFO : EventManager : Event: ======'ball_will_end'====== Args={}
2026-03-02 16:02:50,573 : INFO : EventManager : Event: ======'balldevice_balls_available'====== Args={}
2026-03-02 16:02:50,574 : INFO : EventManager : Event: ======'balldevice_bd_trough_ball_entered'====== Args={'new_balls': 1, 'device': <ball_device.bd_trough>}
2026-03-02 16:02:50,574 : INFO : EventManager : Event: ======'mode_base_will_stop'====== Args={}
2026-03-02 16:02:50,574 : INFO : EventManager : Event: ======'mode_base_stopping'====== Args={}
2026-03-02 16:02:50,574 : INFO : EventManager : Event: ======'stop_mode_bumpers'====== Args={'priority': 0}
2026-03-02 16:02:50,574 : INFO : EventManager : Event: ======'mode_bumpers_will_stop'====== Args={}
2026-03-02 16:02:50,574 : INFO : EventManager : Event: ======'mode_bumpers_stopping'====== Args={}
2026-03-02 16:02:50,574 : INFO : Mode.base : Stopped.
2026-03-02 16:02:50,575 : INFO : EventManager : Event: ======'modes_active_modes_changed'====== Args={}
2026-03-02 16:02:50,575 : INFO : EventManager : Event: ======'mode_base_stopped'====== Args={}
2026-03-02 16:02:50,575 : INFO : EventManager : Event: ======'clear'====== Args={'key': 'base'}
2026-03-02 16:02:50,575 : INFO : Mode.bumpers : Stopped.
2026-03-02 16:02:50,575 : INFO : EventManager : Event: ======'modes_active_modes_changed'====== Args={}
2026-03-02 16:02:50,576 : INFO : EventManager : Event: ======'mode_bumpers_stopped'====== Args={}
2026-03-02 16:02:50,576 : INFO : EventManager : Event: ======'clear'====== Args={'key': 'bumpers'}
2026-03-02 16:02:50,576 : INFO : EventManager : Event: ======'ball_ending'====== Args={}
2026-03-02 16:02:50,577 : INFO : EventManager : Event: ======'ball_ended'====== Args={}
2026-03-02 16:02:50,580 : INFO : EventManager : Event: ======'player_turn_will_end'====== Args={'player': <Player 1>, 'number': 1}
2026-03-02 16:02:50,582 : INFO : EventManager : Event: ======'player_turn_ending'====== Args={'player': <Player 1>, 'number': 1}
2026-03-02 16:02:50,583 : INFO : EventManager : Event: ======'player_turn_ended'====== Args={'player': <Player 1>, 'number': 1}
2026-03-02 16:02:50,584 : INFO : EventManager : Event: ======'player_turn_will_start'====== Args={'player': <Player 1>, 'number': 1}
2026-03-02 16:02:50,584 : INFO : EventManager : Event: ======'player_turn_starting'====== Args={'player': <Player 1>, 'number': 1}
2026-03-02 16:02:50,585 : INFO : EventManager : Event: ======'player_ball'====== Args={'value': 3, 'prev_value': 2, 'change': 1, 'player_num': 1}
2026-03-02 16:02:50,585 : INFO : EventManager : Event: ======'player_turn_started'====== Args={'player': <Player 1>, 'number': 1}
2026-03-02 16:02:50,592 : INFO : EventManager : Event: ======'ball_will_start'====== Args={'player': 1, 'ball': 3, 'balls_remaining': 0, 'is_extra_ball': False}
2026-03-02 16:02:50,593 : INFO : EventManager : Event: ======'ball_starting'====== Args={'player': 1, 'ball': 3, 'balls_remaining': 0, 'is_extra_ball': False}
2026-03-02 16:02:50,593 : INFO : EventManager : Event: ======'mode_base_will_start'====== Args={'queue': <QueuedEvent>, 'player': 1, 'ball': 3, 'balls_remaining': 0, 'is_extra_ball': False}
2026-03-02 16:02:50,594 : INFO : EventManager : Event: ======'mode_base_starting'====== Args={'queue': <QueuedEvent>, 'player': 1, 'ball': 3, 'balls_remaining': 0, 'is_extra_ball': False}
2026-03-02 16:02:50,594 : INFO : Mode.base : Started. Priority: 100
2026-03-02 16:02:50,594 : INFO : EventManager : Event: ======'modes_active_modes_changed'====== Args={}
2026-03-02 16:02:50,594 : INFO : EventManager : Event: ======'mode_base_started'====== Args={'queue': <QueuedEvent>, 'player': 1, 'ball': 3, 'balls_remaining': 0, 'is_extra_ball': False}
2026-03-02 16:02:50,594 : INFO : EventManager : Event: ======'start_mode_bumpers'====== Args={'priority': 0}
2026-03-02 16:02:50,595 : INFO : EventManager : Event: ======'mode_bumpers_will_start'====== Args={'priority': 0}
2026-03-02 16:02:50,597 : INFO : EventManager : Event: ======'mode_bumpers_starting'====== Args={'priority': 0}
2026-03-02 16:02:50,597 : INFO : Mode.bumpers : Started. Priority: 200
2026-03-02 16:02:50,597 : INFO : EventManager : Event: ======'modes_active_modes_changed'====== Args={}
2026-03-02 16:02:50,597 : INFO : EventManager : Event: ======'mode_bumpers_started'====== Args={'priority': 0}
2026-03-02 16:02:50,597 : INFO : EventManager : Event: ======'balls_in_play'====== Args={'balls': 1}
2026-03-02 16:02:50,597 : INFO : EventManager : Event: ======'ball_started'====== Args={'player': 1, 'ball': 3, 'balls_remaining': 0, 'is_extra_ball': False}
2026-03-02 16:02:50,598 : INFO : EventManager : Event: ======'single_player_ball_started'====== Args={}
2026-03-02 16:02:50,598 : INFO : EventManager : Event: ======'ball_start_target'====== Args={'target': 'playfield'}
2026-03-02 16:02:50,599 : INFO : ball_device.bd_plunger : Setting up player-controlled eject. Balls: 1, Target: <playfield.playfield>, player_controlled_eject_event: None
2026-03-02 16:02:50,599 : INFO : EventManager : Event: ======'balldevice_balls_available'====== Args={}
2026-03-02 16:02:50,600 : INFO : ball_device.bd_trough : State: waiting_for_target_ready
2026-03-02 16:02:50,600 : INFO : EventManager : Event: ======'balldevice_bd_trough_ball_eject_attempt'====== Args={'balls': 1, 'target': <ball_device.bd_plunger>, 'source': <ball_device.bd_trough>, 'mechanical_eject': True, 'num_attempts': 0}
2026-03-02 16:02:50,600 : INFO : ball_device.bd_plunger : State: waiting_for_ball
2026-03-02 16:02:50,600 : INFO : ball_device.bd_trough : State: ejecting
2026-03-02 16:02:50,601 : INFO : ball_device.bd_trough : Ejecting ball to <ball_device.bd_plunger>
2026-03-02 16:02:50,601 : INFO : EventManager : Event: ======'balldevice_bd_trough_ejecting_ball'====== Args={'balls': 1, 'target': <ball_device.bd_plunger>, 'source': <ball_device.bd_trough>, 'mechanical_eject': True, 'num_attempts': 0}
2026-03-02 16:02:50,601 : INFO : ball_device.bd_trough : Wait for ball to leave device
2026-03-02 16:02:50,601 : INFO : coil.c_trough_eject : Pulsing Driver for 20ms (1.0 pulse_power)
2026-03-02 16:02:50,627 : INFO : SwitchController : <<<<<<< 's_trough_1' inactive >>>>>>>
2026-03-02 16:02:50,627 : INFO : SwitchController : <<<<<<< 's_trough_7' active >>>>>>>
2026-03-02 16:02:50,628 : INFO : EventManager : Event: ======'machine_var_audits_switches_s_trough_7'====== Args={'value': 17, 'prev_value': 16, 'change': 1}
2026-03-02 16:02:50,631 : INFO : ball_device.bd_trough : State: ball_left
2026-03-02 16:02:50,631 : INFO : ball_device.bd_trough : Ball left
2026-03-02 16:02:50,631 : INFO : ball_device.bd_trough : Wait for confirm with timeout 3.0
2026-03-02 16:02:50,632 : INFO : EventManager : Event: ======'slide_base_slide_created'====== Args={'_from_bcp': True}
2026-03-02 16:02:50,633 : INFO : EventManager : Event: ======'slide_base_slide_inactive'====== Args={'is_removing': True, '_from_bcp': True}
2026-03-02 16:02:50,633 : INFO : EventManager : Event: ======'slide_base_slide_active'====== Args={'original_context': 'base', 'original_calling_context': 'mode_base_started', 'priority': 100.0, 'queue': '<QueuedEvent>', 'player': 1.0, 'ball': 3.0, 'balls_remaining': 0.0, 'is_extra_ball': False, 'cmd': 'slides_play', '_from_bcp': True}
2026-03-02 16:02:50,634 : INFO : EventManager : Event: ======'slide_base_slide_removed'====== Args={'_from_bcp': True}
2026-03-02 16:02:50,644 : INFO : SwitchController : <<<<<<< 's_trough_7' inactive >>>>>>>
2026-03-02 16:02:50,766 : INFO : SwitchController : <<<<<<< 's_plunger' active >>>>>>>
2026-03-02 16:02:50,767 : INFO : EventManager : Event: ======'machine_var_audits_switches_s_plunger'====== Args={'value': 19, 'prev_value': 18, 'change': 1}
2026-03-02 16:02:50,836 : INFO : SwitchController : <<<<<<< 's_trough_2' inactive >>>>>>>
2026-03-02 16:02:50,847 : INFO : SwitchController : <<<<<<< 's_trough_4' inactive >>>>>>>
2026-03-02 16:02:50,853 : INFO : SwitchController : <<<<<<< 's_trough_5' inactive >>>>>>>
2026-03-02 16:02:50,853 : INFO : SwitchController : <<<<<<< 's_trough_6' inactive >>>>>>>
2026-03-02 16:02:50,853 : INFO : SwitchController : <<<<<<< 's_trough_3' inactive >>>>>>>
2026-03-02 16:02:50,854 : INFO : SwitchController : <<<<<<< 's_trough_1' active >>>>>>>
2026-03-02 16:02:50,854 : INFO : EventManager : Event: ======'machine_var_audits_switches_s_trough_1'====== Args={'value': 14, 'prev_value': 13, 'change': 1}
2026-03-02 16:02:50,870 : INFO : SwitchController : <<<<<<< 's_trough_3' active >>>>>>>
2026-03-02 16:02:50,870 : INFO : EventManager : Event: ======'machine_var_audits_switches_s_trough_3'====== Args={'value': 29, 'prev_value': 28, 'change': 1}
2026-03-02 16:02:50,871 : INFO : SwitchController : <<<<<<< 's_trough_2' active >>>>>>>
2026-03-02 16:02:50,871 : INFO : EventManager : Event: ======'machine_var_audits_switches_s_trough_2'====== Args={'value': 24, 'prev_value': 23, 'change': 1}
2026-03-02 16:02:50,871 : INFO : SwitchController : <<<<<<< 's_trough_4' active >>>>>>>
2026-03-02 16:02:50,871 : INFO : EventManager : Event: ======'machine_var_audits_switches_s_trough_4'====== Args={'value': 28, 'prev_value': 27, 'change': 1}
2026-03-02 16:02:50,871 : INFO : SwitchController : <<<<<<< 's_trough_5' active >>>>>>>
2026-03-02 16:02:50,872 : INFO : EventManager : Event: ======'machine_var_audits_switches_s_trough_5'====== Args={'value': 30, 'prev_value': 29, 'change': 1}
2026-03-02 16:02:51,268 : INFO : ball_device.bd_plunger : Received ball from <ball_device.bd_trough>
2026-03-02 16:02:51,268 : INFO : EventManager : Event: ======'balldevice_bd_plunger_ball_enter'====== Args={'new_balls': 1, 'unclaimed_balls': 0, 'new_available_balls': 0, 'device': <ball_device.bd_plunger>}
2026-03-02 16:02:51,269 : INFO : EventManager : Event: ======'balldevice_bd_plunger_ball_entered'====== Args={'new_balls': 0, 'device': <ball_device.bd_plunger>}
2026-03-02 16:02:51,269 : INFO : EventManager : Event: ======'balldevice_bd_plunger_ball_count_changed'====== Args={'balls': 1}
2026-03-02 16:02:51,269 : INFO : ball_device.bd_trough : Got eject confirm
2026-03-02 16:02:51,269 : INFO : ball_device.bd_trough : Eject successful
2026-03-02 16:02:51,269 : INFO : EventManager : Event: ======'balldevice_bd_trough_ball_eject_success'====== Args={'balls': 1, 'target': <ball_device.bd_plunger>}
2026-03-02 16:02:51,270 : INFO : ball_device.bd_plunger : State: waiting_for_target_ready
2026-03-02 16:02:51,270 : INFO : EventManager : Event: ======'balldevice_bd_plunger_ball_eject_attempt'====== Args={'balls': 1, 'target': <playfield.playfield>, 'source': <ball_device.bd_plunger>, 'mechanical_eject': True, 'num_attempts': 0}
2026-03-02 16:02:51,270 : INFO : EventManager : Event: ======'balldevice_bd_trough_ball_count_changed'====== Args={'balls': 5}
2026-03-02 16:02:51,270 : INFO : ball_device.bd_trough : State: idle
2026-03-02 16:02:51,271 : INFO : ball_device.bd_plunger : State: ejecting
2026-03-02 16:02:51,271 : INFO : ball_device.bd_plunger : Ejecting ball to <playfield.playfield>
2026-03-02 16:02:51,271 : INFO : EventManager : Event: ======'balldevice_bd_plunger_ejecting_ball'====== Args={'balls': 1, 'target': <playfield.playfield>, 'source': <ball_device.bd_plunger>, 'mechanical_eject': True, 'num_attempts': 0}
2026-03-02 16:02:51,272 : INFO : ball_device.bd_plunger : Wait for ball to leave device
2026-03-02 16:02:52,215 : INFO : SwitchController : <<<<<<< 's_plunger' inactive >>>>>>>
2026-03-02 16:02:52,217 : INFO : ball_device.bd_plunger : State: ball_left
2026-03-02 16:02:52,217 : INFO : ball_device.bd_plunger : Ball left
2026-03-02 16:02:52,217 : INFO : ball_device.bd_plunger : Wait for confirm with timeout 5.0
2026-03-02 16:02:52,224 : INFO : SwitchController : <<<<<<< 's_plunger' active >>>>>>>
2026-03-02 16:02:52,224 : INFO : EventManager : Event: ======'machine_var_audits_switches_s_plunger'====== Args={'value': 20, 'prev_value': 19, 'change': 1}
2026-03-02 16:02:52,235 : INFO : SwitchController : <<<<<<< 's_plunger' inactive >>>>>>>
2026-03-02 16:02:53,188 : INFO : SwitchController : <<<<<<< 's_flipper_right_lower' active >>>>>>>
2026-03-02 16:02:53,188 : INFO : EventManager : Event: ======'machine_var_audits_switches_s_flipper_right_lower'====== Args={'value': 175, 'prev_value': 174, 'change': 1}
2026-03-02 16:02:53,196 : INFO : SwitchController : <<<<<<< 's_flipper_right_upper' active >>>>>>>
2026-03-02 16:02:53,196 : INFO : EventManager : Event: ======'machine_var_audits_switches_s_flipper_right_upper'====== Args={'value': 161, 'prev_value': 160, 'change': 1}
2026-03-02 16:02:53,197 : INFO : SwitchController : <<<<<<< 's_flipper_left' active >>>>>>>
2026-03-02 16:02:53,197 : INFO : EventManager : Event: ======'machine_var_audits_switches_s_flipper_left'====== Args={'value': 127, 'prev_value': 126, 'change': 1}
2026-03-02 16:02:53,216 : INFO : SwitchController : <<<<<<< 's_flipper_right_lower_eos' inactive >>>>>>>
2026-03-02 16:02:53,219 : INFO : SwitchController : <<<<<<< 's_flipper_right_upper_eos' active >>>>>>>
2026-03-02 16:02:53,219 : INFO : EventManager : Event: ======'machine_var_audits_switches_s_flipper_right_upper_eos'====== Args={'value': 47, 'prev_value': 46, 'change': 1}
2026-03-02 16:02:53,221 : INFO : SwitchController : <<<<<<< 's_flipper_left_eos' inactive >>>>>>>
2026-03-02 16:02:53,302 : INFO : SwitchController : <<<<<<< 's_flipper_right_upper' inactive >>>>>>>
2026-03-02 16:02:53,308 : INFO : SwitchController : <<<<<<< 's_flipper_right_lower' inactive >>>>>>>
2026-03-02 16:02:53,317 : INFO : SwitchController : <<<<<<< 's_flipper_left' inactive >>>>>>>
2026-03-02 16:02:53,401 : INFO : SwitchController : <<<<<<< 's_flipper_right_upper_eos' inactive >>>>>>>
2026-03-02 16:02:53,403 : INFO : SwitchController : <<<<<<< 's_flipper_left_eos' active >>>>>>>
2026-03-02 16:02:53,404 : INFO : EventManager : Event: ======'machine_var_audits_switches_s_flipper_left_eos'====== Args={'value': 108, 'prev_value': 107, 'change': 1}
2026-03-02 16:02:53,417 : INFO : SwitchController : <<<<<<< 's_flipper_right_lower_eos' active >>>>>>>
2026-03-02 16:02:53,417 : INFO : EventManager : Event: ======'machine_var_audits_switches_s_flipper_right_lower_eos'====== Args={'value': 134, 'prev_value': 133, 'change': 1}
2026-03-02 16:02:53,625 : INFO : SwitchController : <<<<<<< 's_flipper_right_lower' active >>>>>>>
2026-03-02 16:02:53,625 : INFO : EventManager : Event: ======'machine_var_audits_switches_s_flipper_right_lower'====== Args={'value': 176, 'prev_value': 175, 'change': 1}
2026-03-02 16:02:53,626 : INFO : SwitchController : <<<<<<< 's_flipper_right_upper' active >>>>>>>
2026-03-02 16:02:53,626 : INFO : EventManager : Event: ======'machine_var_audits_switches_s_flipper_right_upper'====== Args={'value': 162, 'prev_value': 161, 'change': 1}
2026-03-02 16:02:53,648 : INFO : SwitchController : <<<<<<< 's_flipper_right_upper_eos' active >>>>>>>
2026-03-02 16:02:53,648 : INFO : EventManager : Event: ======'machine_var_audits_switches_s_flipper_right_upper_eos'====== Args={'value': 48, 'prev_value': 47, 'change': 1}
2026-03-02 16:02:53,654 : INFO : SwitchController : <<<<<<< 's_flipper_right_lower_eos' inactive >>>>>>>
2026-03-02 16:02:53,752 : INFO : SwitchController : <<<<<<< 's_flipper_right_upper' inactive >>>>>>>
2026-03-02 16:02:53,757 : INFO : SwitchController : <<<<<<< 's_flipper_right_lower' inactive >>>>>>>
2026-03-02 16:02:53,849 : INFO : SwitchController : <<<<<<< 's_flipper_right_upper_eos' inactive >>>>>>>
2026-03-02 16:02:53,867 : INFO : SwitchController : <<<<<<< 's_flipper_right_lower_eos' active >>>>>>>
2026-03-02 16:02:53,867 : INFO : EventManager : Event: ======'machine_var_audits_switches_s_flipper_right_lower_eos'====== Args={'value': 135, 'prev_value': 134, 'change': 1}
2026-03-02 16:02:53,982 : INFO : SwitchController : <<<<<<< 's_flipper_right_upper' active >>>>>>>
2026-03-02 16:02:53,983 : INFO : EventManager : Event: ======'machine_var_audits_switches_s_flipper_right_upper'====== Args={'value': 163, 'prev_value': 162, 'change': 1}
2026-03-02 16:02:53,984 : INFO : SwitchController : <<<<<<< 's_flipper_right_lower' active >>>>>>>
2026-03-02 16:02:53,985 : INFO : EventManager : Event: ======'machine_var_audits_switches_s_flipper_right_lower'====== Args={'value': 177, 'prev_value': 176, 'change': 1}
2026-03-02 16:02:54,008 : INFO : SwitchController : <<<<<<< 's_flipper_right_upper_eos' active >>>>>>>
2026-03-02 16:02:54,008 : INFO : EventManager : Event: ======'machine_var_audits_switches_s_flipper_right_upper_eos'====== Args={'value': 49, 'prev_value': 48, 'change': 1}
2026-03-02 16:02:54,014 : INFO : SwitchController : <<<<<<< 's_flipper_right_lower_eos' inactive >>>>>>>
2026-03-02 16:02:54,124 : INFO : SwitchController : <<<<<<< 's_flipper_right_upper' inactive >>>>>>>
2026-03-02 16:02:54,125 : INFO : SwitchController : <<<<<<< 's_flipper_right_lower' inactive >>>>>>>
2026-03-02 16:02:54,219 : INFO : SwitchController : <<<<<<< 's_flipper_right_upper_eos' inactive >>>>>>>
2026-03-02 16:02:54,235 : INFO : SwitchController : <<<<<<< 's_flipper_right_lower_eos' active >>>>>>>
2026-03-02 16:02:54,235 : INFO : EventManager : Event: ======'machine_var_audits_switches_s_flipper_right_lower_eos'====== Args={'value': 136, 'prev_value': 135, 'change': 1}
2026-03-02 16:02:54,895 : INFO : SwitchController : <<<<<<< 's_flipper_right_upper' active >>>>>>>
2026-03-02 16:02:54,895 : INFO : EventManager : Event: ======'machine_var_audits_switches_s_flipper_right_upper'====== Args={'value': 164, 'prev_value': 163, 'change': 1}
2026-03-02 16:02:54,897 : INFO : SwitchController : <<<<<<< 's_flipper_right_lower' active >>>>>>>
2026-03-02 16:02:54,897 : INFO : EventManager : Event: ======'machine_var_audits_switches_s_flipper_right_lower'====== Args={'value': 178, 'prev_value': 177, 'change': 1}
2026-03-02 16:02:54,926 : INFO : SwitchController : <<<<<<< 's_flipper_right_lower_eos' inactive >>>>>>>
2026-03-02 16:02:54,929 : INFO : SwitchController : <<<<<<< 's_flipper_right_upper_eos' active >>>>>>>
2026-03-02 16:02:54,929 : INFO : EventManager : Event: ======'machine_var_audits_switches_s_flipper_right_upper_eos'====== Args={'value': 50, 'prev_value': 49, 'change': 1}
2026-03-02 16:02:55,259 : INFO : SwitchController : <<<<<<< 's_flipper_right_lower' inactive >>>>>>>
2026-03-02 16:02:55,260 : INFO : SwitchController : <<<<<<< 's_flipper_right_upper' inactive >>>>>>>
2026-03-02 16:02:55,359 : INFO : SwitchController : <<<<<<< 's_flipper_right_upper_eos' inactive >>>>>>>
2026-03-02 16:02:55,363 : INFO : SwitchController : <<<<<<< 's_flipper_right_lower_eos' active >>>>>>>
2026-03-02 16:02:55,363 : INFO : EventManager : Event: ======'machine_var_audits_switches_s_flipper_right_lower_eos'====== Args={'value': 137, 'prev_value': 136, 'change': 1}
2026-03-02 16:02:55,986 : INFO : SwitchController : <<<<<<< 's_flipper_right_lower' active >>>>>>>
2026-03-02 16:02:55,987 : INFO : EventManager : Event: ======'machine_var_audits_switches_s_flipper_right_lower'====== Args={'value': 179, 'prev_value': 178, 'change': 1}
2026-03-02 16:02:55,989 : INFO : SwitchController : <<<<<<< 's_flipper_right_upper' active >>>>>>>
2026-03-02 16:02:55,990 : INFO : EventManager : Event: ======'machine_var_audits_switches_s_flipper_right_upper'====== Args={'value': 165, 'prev_value': 164, 'change': 1}
2026-03-02 16:02:56,014 : INFO : SwitchController : <<<<<<< 's_flipper_right_upper_eos' active >>>>>>>
2026-03-02 16:02:56,014 : INFO : EventManager : Event: ======'machine_var_audits_switches_s_flipper_right_upper_eos'====== Args={'value': 51, 'prev_value': 50, 'change': 1}
2026-03-02 16:02:56,019 : INFO : SwitchController : <<<<<<< 's_flipper_right_lower_eos' inactive >>>>>>>
2026-03-02 16:02:56,367 : INFO : SwitchController : <<<<<<< 's_flipper_right_upper' inactive >>>>>>>
2026-03-02 16:02:56,372 : INFO : SwitchController : <<<<<<< 's_flipper_right_lower' inactive >>>>>>>
2026-03-02 16:02:56,466 : INFO : SwitchController : <<<<<<< 's_flipper_right_upper_eos' inactive >>>>>>>
2026-03-02 16:02:56,474 : INFO : SwitchController : <<<<<<< 's_flipper_right_lower_eos' active >>>>>>>
2026-03-02 16:02:56,474 : INFO : EventManager : Event: ======'machine_var_audits_switches_s_flipper_right_lower_eos'====== Args={'value': 138, 'prev_value': 137, 'change': 1}
2026-03-02 16:02:56,975 : INFO : SwitchController : <<<<<<< 's_flipper_right_upper' active >>>>>>>
2026-03-02 16:02:56,976 : INFO : EventManager : Event: ======'machine_var_audits_switches_s_flipper_right_upper'====== Args={'value': 166, 'prev_value': 165, 'change': 1}
2026-03-02 16:02:56,977 : INFO : SwitchController : <<<<<<< 's_flipper_right_lower' active >>>>>>>
2026-03-02 16:02:56,977 : INFO : EventManager : Event: ======'machine_var_audits_switches_s_flipper_right_lower'====== Args={'value': 180, 'prev_value': 179, 'change': 1}
2026-03-02 16:02:57,000 : INFO : SwitchController : <<<<<<< 's_flipper_right_upper_eos' active >>>>>>>
2026-03-02 16:02:57,001 : INFO : EventManager : Event: ======'machine_var_audits_switches_s_flipper_right_upper_eos'====== Args={'value': 52, 'prev_value': 51, 'change': 1}
2026-03-02 16:02:57,218 : INFO : ball_device.bd_plunger : State: failed_confirm
2026-03-02 16:02:57,219 : INFO : ball_device.bd_plunger : Got timeout (5.0s) before confirm from <playfield.playfield>
2026-03-02 16:02:57,260 : INFO : SwitchController : <<<<<<< 's_flipper_right_lower' inactive >>>>>>>
2026-03-02 16:02:57,261 : INFO : SwitchController : <<<<<<< 's_flipper_right_upper' inactive >>>>>>>
2026-03-02 16:02:57,319 : INFO : ball_device.bd_plunger : Confirming eject because target is playfield and ball did not return.
2026-03-02 16:02:57,320 : INFO : ball_device.bd_plunger : Eject successful
2026-03-02 16:02:57,320 : INFO : EventManager : Event: ======'balldevice_bd_plunger_ball_eject_success'====== Args={'balls': 1, 'target': <playfield.playfield>}
2026-03-02 16:02:57,320 : INFO : EventManager : Event: ======'balldevice_playfield_ball_enter'====== Args={'new_balls': 1, 'unclaimed_balls': 1, 'device': <playfield.playfield>}
2026-03-02 16:02:57,320 : INFO : EventManager : Event: ======'playfield_ball_count_change'====== Args={'balls': 1, 'change': 1}
2026-03-02 16:02:57,320 : INFO : EventManager : Event: ======'balldevice_bd_plunger_ball_count_changed'====== Args={'balls': 0}
2026-03-02 16:02:57,321 : INFO : ball_device.bd_plunger : State: idle
2026-03-02 16:02:57,361 : INFO : SwitchController : <<<<<<< 's_flipper_right_upper_eos' inactive >>>>>>>
2026-03-02 16:02:57,882 : INFO : SwitchController : <<<<<<< 's_flipper_right_lower' active >>>>>>>
2026-03-02 16:02:57,882 : INFO : EventManager : Event: ======'machine_var_audits_switches_s_flipper_right_lower'====== Args={'value': 181, 'prev_value': 180, 'change': 1}
2026-03-02 16:02:57,887 : INFO : SwitchController : <<<<<<< 's_flipper_right_upper' active >>>>>>>
2026-03-02 16:02:57,887 : INFO : EventManager : Event: ======'machine_var_audits_switches_s_flipper_right_upper'====== Args={'value': 167, 'prev_value': 166, 'change': 1}
2026-03-02 16:02:57,911 : INFO : SwitchController : <<<<<<< 's_flipper_right_lower_eos' inactive >>>>>>>
2026-03-02 16:02:57,928 : INFO : SwitchController : <<<<<<< 's_flipper_right_upper_eos' active >>>>>>>
2026-03-02 16:02:57,928 : INFO : EventManager : Event: ======'machine_var_audits_switches_s_flipper_right_upper_eos'====== Args={'value': 53, 'prev_value': 52, 'change': 1}
2026-03-02 16:02:57,999 : INFO : SwitchController : <<<<<<< 's_flipper_right_upper' inactive >>>>>>>
2026-03-02 16:02:58,008 : INFO : SwitchController : <<<<<<< 's_flipper_right_lower' inactive >>>>>>>
2026-03-02 16:02:58,093 : INFO : SwitchController : <<<<<<< 's_flipper_right_upper_eos' inactive >>>>>>>
2026-03-02 16:02:58,111 : INFO : SwitchController : <<<<<<< 's_flipper_right_lower_eos' active >>>>>>>
2026-03-02 16:02:58,112 : INFO : EventManager : Event: ======'machine_var_audits_switches_s_flipper_right_lower_eos'====== Args={'value': 139, 'prev_value': 138, 'change': 1}
2026-03-02 16:02:58,353 : INFO : SwitchController : <<<<<<< 's_flipper_right_lower' active >>>>>>>
2026-03-02 16:02:58,353 : INFO : EventManager : Event: ======'machine_var_audits_switches_s_flipper_right_lower'====== Args={'value': 182, 'prev_value': 181, 'change': 1}
2026-03-02 16:02:58,354 : INFO : SwitchController : <<<<<<< 's_flipper_right_upper' active >>>>>>>
2026-03-02 16:02:58,354 : INFO : EventManager : Event: ======'machine_var_audits_switches_s_flipper_right_upper'====== Args={'value': 168, 'prev_value': 167, 'change': 1}
2026-03-02 16:02:58,378 : INFO : SwitchController : <<<<<<< 's_flipper_right_upper_eos' active >>>>>>>
2026-03-02 16:02:58,378 : INFO : EventManager : Event: ======'machine_var_audits_switches_s_flipper_right_upper_eos'====== Args={'value': 54, 'prev_value': 53, 'change': 1}
2026-03-02 16:02:58,383 : INFO : SwitchController : <<<<<<< 's_flipper_right_lower_eos' inactive >>>>>>>
2026-03-02 16:02:58,488 : INFO : SwitchController : <<<<<<< 's_flipper_right_upper' inactive >>>>>>>
2026-03-02 16:02:58,492 : INFO : SwitchController : <<<<<<< 's_flipper_right_lower' inactive >>>>>>>
2026-03-02 16:02:58,587 : INFO : SwitchController : <<<<<<< 's_flipper_right_upper_eos' inactive >>>>>>>
2026-03-02 16:02:58,591 : INFO : SwitchController : <<<<<<< 's_flipper_right_lower_eos' active >>>>>>>
2026-03-02 16:02:58,591 : INFO : EventManager : Event: ======'machine_var_audits_switches_s_flipper_right_lower_eos'====== Args={'value': 140, 'prev_value': 139, 'change': 1}
2026-03-02 16:02:58,865 : INFO : SwitchController : <<<<<<< 's_flipper_right_lower' active >>>>>>>
2026-03-02 16:02:58,866 : INFO : EventManager : Event: ======'machine_var_audits_switches_s_flipper_right_lower'====== Args={'value': 183, 'prev_value': 182, 'change': 1}
2026-03-02 16:02:58,868 : INFO : SwitchController : <<<<<<< 's_flipper_right_upper' active >>>>>>>
2026-03-02 16:02:58,868 : INFO : EventManager : Event: ======'machine_var_audits_switches_s_flipper_right_upper'====== Args={'value': 169, 'prev_value': 168, 'change': 1}
2026-03-02 16:02:58,892 : INFO : SwitchController : <<<<<<< 's_flipper_right_upper_eos' active >>>>>>>
2026-03-02 16:02:58,892 : INFO : EventManager : Event: ======'machine_var_audits_switches_s_flipper_right_upper_eos'====== Args={'value': 55, 'prev_value': 54, 'change': 1}
2026-03-02 16:02:58,895 : INFO : SwitchController : <<<<<<< 's_flipper_right_lower_eos' inactive >>>>>>>
2026-03-02 16:02:59,016 : INFO : SwitchController : <<<<<<< 's_flipper_right_upper' inactive >>>>>>>
2026-03-02 16:02:59,023 : INFO : SwitchController : <<<<<<< 's_flipper_right_lower' inactive >>>>>>>
2026-03-02 16:02:59,114 : INFO : SwitchController : <<<<<<< 's_flipper_right_upper_eos' inactive >>>>>>>
2026-03-02 16:02:59,121 : INFO : SwitchController : <<<<<<< 's_flipper_right_lower_eos' active >>>>>>>
2026-03-02 16:02:59,122 : INFO : EventManager : Event: ======'machine_var_audits_switches_s_flipper_right_lower_eos'====== Args={'value': 141, 'prev_value': 140, 'change': 1}
2026-03-02 16:02:59,741 : INFO : SwitchController : <<<<<<< 's_flipper_left' active >>>>>>>
2026-03-02 16:02:59,742 : INFO : EventManager : Event: ======'machine_var_audits_switches_s_flipper_left'====== Args={'value': 128, 'prev_value': 127, 'change': 1}
2026-03-02 16:02:59,764 : INFO : SwitchController : <<<<<<< 's_flipper_left_eos' inactive >>>>>>>
2026-03-02 16:02:59,890 : INFO : SwitchController : <<<<<<< 's_flipper_left' inactive >>>>>>>
2026-03-02 16:02:59,978 : INFO : SwitchController : <<<<<<< 's_flipper_left_eos' active >>>>>>>
2026-03-02 16:02:59,978 : INFO : EventManager : Event: ======'machine_var_audits_switches_s_flipper_left_eos'====== Args={'value': 109, 'prev_value': 108, 'change': 1}
2026-03-02 16:03:00,149 : INFO : SwitchController : <<<<<<< 's_flipper_right_lower' active >>>>>>>
2026-03-02 16:03:00,150 : INFO : EventManager : Event: ======'machine_var_audits_switches_s_flipper_right_lower'====== Args={'value': 184, 'prev_value': 183, 'change': 1}
2026-03-02 16:03:00,152 : INFO : SwitchController : <<<<<<< 's_flipper_right_upper' active >>>>>>>
2026-03-02 16:03:00,153 : INFO : EventManager : Event: ======'machine_var_audits_switches_s_flipper_right_upper'====== Args={'value': 170, 'prev_value': 169, 'change': 1}
2026-03-02 16:03:00,176 : INFO : SwitchController : <<<<<<< 's_flipper_right_upper_eos' active >>>>>>>
2026-03-02 16:03:00,176 : INFO : EventManager : Event: ======'machine_var_audits_switches_s_flipper_right_upper_eos'====== Args={'value': 56, 'prev_value': 55, 'change': 1}
2026-03-02 16:03:00,179 : INFO : SwitchController : <<<<<<< 's_flipper_right_lower_eos' inactive >>>>>>>
2026-03-02 16:03:00,310 : INFO : SwitchController : <<<<<<< 's_flipper_right_upper' inactive >>>>>>>
2026-03-02 16:03:00,316 : INFO : SwitchController : <<<<<<< 's_flipper_right_lower' inactive >>>>>>>
2026-03-02 16:03:00,409 : INFO : SwitchController : <<<<<<< 's_flipper_right_upper_eos' inactive >>>>>>>
2026-03-02 16:03:00,412 : INFO : SwitchController : <<<<<<< 's_sling_right' active >>>>>>>
2026-03-02 16:03:00,412 : INFO : EventManager : Event: ======'s_sling_right_active'====== Args={}
2026-03-02 16:03:00,413 : INFO : EventManager : Event: ======'machine_var_audits_switches_s_sling_right'====== Args={'value': 16, 'prev_value': 15, 'change': 1}
2026-03-02 16:03:00,413 : INFO : EventManager : Event: ======'machine_var_audits_shots_sling_right'====== Args={'value': 16, 'prev_value': 15, 'change': 1}
2026-03-02 16:03:00,413 : INFO : EventManager : Event: ======'sling_right_hit'====== Args={'profile': 'default', 'state': 'lit', 'advancing': False}
2026-03-02 16:03:00,414 : INFO : EventManager : Event: ======'sling_right_default_hit'====== Args={'profile': 'default', 'state': 'lit', 'advancing': False}
2026-03-02 16:03:00,414 : INFO : EventManager : Event: ======'sling_right_default_lit_hit'====== Args={'profile': 'default', 'state': 'lit', 'advancing': False}
2026-03-02 16:03:00,414 : INFO : EventManager : Event: ======'sling_right_lit_hit'====== Args={'profile': 'default', 'state': 'lit', 'advancing': False}
2026-03-02 16:03:00,414 : INFO : EventManager : Event: ======'slings_hit'====== Args={'shot': 'sling_right'}
2026-03-02 16:03:00,414 : INFO : EventManager : Event: ======'slings_lit_hit'====== Args={'shot': 'sling_right'}
2026-03-02 16:03:00,414 : INFO : EventManager : Event: ======'player_score'====== Args={'value': 300, 'prev_value': 200, 'change': 100, 'player_num': 1, 'source': 'bumpers'}
2026-03-02 16:03:00,419 : INFO : SwitchController : <<<<<<< 's_flipper_right_lower_eos' active >>>>>>>
2026-03-02 16:03:00,419 : INFO : EventManager : Event: ======'machine_var_audits_switches_s_flipper_right_lower_eos'====== Args={'value': 142, 'prev_value': 141, 'change': 1}
2026-03-02 16:03:00,429 : INFO : SwitchController : <<<<<<< 's_sling_right' inactive >>>>>>>
2026-03-02 16:03:00,603 : INFO : SwitchController : <<<<<<< 's_sling_right' active >>>>>>>
2026-03-02 16:03:00,603 : INFO : EventManager : Event: ======'s_sling_right_active'====== Args={}
2026-03-02 16:03:00,603 : INFO : EventManager : Event: ======'machine_var_audits_switches_s_sling_right'====== Args={'value': 17, 'prev_value': 16, 'change': 1}
2026-03-02 16:03:00,604 : INFO : EventManager : Event: ======'machine_var_audits_shots_sling_right'====== Args={'value': 17, 'prev_value': 16, 'change': 1}
2026-03-02 16:03:00,604 : INFO : EventManager : Event: ======'sling_right_hit'====== Args={'profile': 'default', 'state': 'lit', 'advancing': False}
2026-03-02 16:03:00,604 : INFO : EventManager : Event: ======'sling_right_default_hit'====== Args={'profile': 'default', 'state': 'lit', 'advancing': False}
2026-03-02 16:03:00,605 : INFO : EventManager : Event: ======'sling_right_default_lit_hit'====== Args={'profile': 'default', 'state': 'lit', 'advancing': False}
2026-03-02 16:03:00,605 : INFO : EventManager : Event: ======'sling_right_lit_hit'====== Args={'profile': 'default', 'state': 'lit', 'advancing': False}
2026-03-02 16:03:00,605 : INFO : EventManager : Event: ======'slings_hit'====== Args={'shot': 'sling_right'}
2026-03-02 16:03:00,605 : INFO : EventManager : Event: ======'slings_lit_hit'====== Args={'shot': 'sling_right'}
2026-03-02 16:03:00,605 : INFO : EventManager : Event: ======'player_score'====== Args={'value': 400, 'prev_value': 300, 'change': 100, 'player_num': 1, 'source': 'bumpers'}
2026-03-02 16:03:00,620 : INFO : SwitchController : <<<<<<< 's_sling_right' inactive >>>>>>>
2026-03-02 16:03:00,628 : INFO : SwitchController : <<<<<<< 's_inlane_right_1' active >>>>>>>
2026-03-02 16:03:00,629 : INFO : EventManager : Event: ======'sw_playfield_active'====== Args={}
2026-03-02 16:03:00,629 : INFO : EventManager : Event: ======'machine_var_audits_switches_s_inlane_right_1'====== Args={'value': 37, 'prev_value': 36, 'change': 1}
2026-03-02 16:03:00,683 : INFO : SwitchController : <<<<<<< 's_inlane_right_1' inactive >>>>>>>
2026-03-02 16:03:00,691 : INFO : SwitchController : <<<<<<< 's_inlane_right_1' active >>>>>>>
2026-03-02 16:03:00,691 : INFO : EventManager : Event: ======'sw_playfield_active'====== Args={}
2026-03-02 16:03:00,691 : INFO : EventManager : Event: ======'machine_var_audits_switches_s_inlane_right_1'====== Args={'value': 38, 'prev_value': 37, 'change': 1}
2026-03-02 16:03:00,753 : INFO : SwitchController : <<<<<<< 's_flipper_right_lower' active >>>>>>>
2026-03-02 16:03:00,753 : INFO : EventManager : Event: ======'machine_var_audits_switches_s_flipper_right_lower'====== Args={'value': 185, 'prev_value': 184, 'change': 1}
2026-03-02 16:03:00,753 : INFO : SwitchController : <<<<<<< 's_flipper_right_upper' active >>>>>>>
2026-03-02 16:03:00,754 : INFO : EventManager : Event: ======'machine_var_audits_switches_s_flipper_right_upper'====== Args={'value': 171, 'prev_value': 170, 'change': 1}
2026-03-02 16:03:00,778 : INFO : SwitchController : <<<<<<< 's_flipper_right_upper_eos' active >>>>>>>
2026-03-02 16:03:00,778 : INFO : EventManager : Event: ======'machine_var_audits_switches_s_flipper_right_upper_eos'====== Args={'value': 57, 'prev_value': 56, 'change': 1}
2026-03-02 16:03:00,780 : INFO : SwitchController : <<<<<<< 's_inlane_right_1' inactive >>>>>>>
2026-03-02 16:03:00,785 : INFO : SwitchController : <<<<<<< 's_flipper_right_lower_eos' inactive >>>>>>>
2026-03-02 16:03:00,802 : INFO : SwitchController : <<<<<<< 's_inlane_right_1' active >>>>>>>
2026-03-02 16:03:00,802 : INFO : EventManager : Event: ======'sw_playfield_active'====== Args={}
2026-03-02 16:03:00,802 : INFO : EventManager : Event: ======'machine_var_audits_switches_s_inlane_right_1'====== Args={'value': 39, 'prev_value': 38, 'change': 1}
2026-03-02 16:03:00,899 : INFO : SwitchController : <<<<<<< 's_flipper_right_upper' inactive >>>>>>>
2026-03-02 16:03:00,905 : INFO : SwitchController : <<<<<<< 's_flipper_right_lower' inactive >>>>>>>
2026-03-02 16:03:00,997 : INFO : SwitchController : <<<<<<< 's_flipper_right_upper_eos' inactive >>>>>>>
2026-03-02 16:03:01,013 : INFO : SwitchController : <<<<<<< 's_flipper_right_lower_eos' active >>>>>>>
2026-03-02 16:03:01,013 : INFO : EventManager : Event: ======'machine_var_audits_switches_s_flipper_right_lower_eos'====== Args={'value': 143, 'prev_value': 142, 'change': 1}
2026-03-02 16:03:01,363 : INFO : SwitchController : <<<<<<< 's_inlane_right_1' inactive >>>>>>>
2026-03-02 16:03:01,369 : INFO : SwitchController : <<<<<<< 's_inlane_right_1' active >>>>>>>
2026-03-02 16:03:01,369 : INFO : EventManager : Event: ======'sw_playfield_active'====== Args={}
2026-03-02 16:03:01,369 : INFO : EventManager : Event: ======'machine_var_audits_switches_s_inlane_right_1'====== Args={'value': 40, 'prev_value': 39, 'change': 1}
2026-03-02 16:03:02,791 : INFO : SwitchController : <<<<<<< 's_inlane_right_1' inactive >>>>>>>
2026-03-02 16:03:02,795 : INFO : SwitchController : <<<<<<< 's_inlane_right_1' active >>>>>>>
2026-03-02 16:03:02,795 : INFO : EventManager : Event: ======'sw_playfield_active'====== Args={}
2026-03-02 16:03:02,795 : INFO : EventManager : Event: ======'machine_var_audits_switches_s_inlane_right_1'====== Args={'value': 41, 'prev_value': 40, 'change': 1}
2026-03-02 16:03:04,216 : INFO : SwitchController : <<<<<<< 's_flipper_right_upper' active >>>>>>>
2026-03-02 16:03:04,216 : INFO : EventManager : Event: ======'machine_var_audits_switches_s_flipper_right_upper'====== Args={'value': 172, 'prev_value': 171, 'change': 1}
2026-03-02 16:03:04,220 : INFO : SwitchController : <<<<<<< 's_flipper_right_lower' active >>>>>>>
2026-03-02 16:03:04,220 : INFO : EventManager : Event: ======'machine_var_audits_switches_s_flipper_right_lower'====== Args={'value': 186, 'prev_value': 185, 'change': 1}
2026-03-02 16:03:04,239 : INFO : SwitchController : <<<<<<< 's_flipper_right_upper_eos' active >>>>>>>
2026-03-02 16:03:04,239 : INFO : EventManager : Event: ======'machine_var_audits_switches_s_flipper_right_upper_eos'====== Args={'value': 58, 'prev_value': 57, 'change': 1}
2026-03-02 16:03:04,242 : INFO : SwitchController : <<<<<<< 's_inlane_right_1' inactive >>>>>>>
2026-03-02 16:03:04,254 : INFO : SwitchController : <<<<<<< 's_inlane_right_1' active >>>>>>>
2026-03-02 16:03:04,255 : INFO : EventManager : Event: ======'sw_playfield_active'====== Args={}
2026-03-02 16:03:04,255 : INFO : EventManager : Event: ======'machine_var_audits_switches_s_inlane_right_1'====== Args={'value': 42, 'prev_value': 41, 'change': 1}
2026-03-02 16:03:04,543 : INFO : SwitchController : <<<<<<< 's_flipper_right_lower' inactive >>>>>>>
2026-03-02 16:03:04,543 : INFO : SwitchController : <<<<<<< 's_flipper_right_upper' inactive >>>>>>>
2026-03-02 16:03:04,642 : INFO : SwitchController : <<<<<<< 's_flipper_right_upper_eos' inactive >>>>>>>
2026-03-02 16:03:04,879 : INFO : SwitchController : <<<<<<< 's_flipper_left' active >>>>>>>
2026-03-02 16:03:04,880 : INFO : EventManager : Event: ======'machine_var_audits_switches_s_flipper_left'====== Args={'value': 129, 'prev_value': 128, 'change': 1}
2026-03-02 16:03:04,903 : INFO : SwitchController : <<<<<<< 's_flipper_left_eos' inactive >>>>>>>
2026-03-02 16:03:04,908 : INFO : SwitchController : <<<<<<< 's_inlane_right_1' inactive >>>>>>>
2026-03-02 16:03:04,912 : INFO : SwitchController : <<<<<<< 's_inlane_right_1' active >>>>>>>
2026-03-02 16:03:04,912 : INFO : EventManager : Event: ======'sw_playfield_active'====== Args={}
2026-03-02 16:03:04,912 : INFO : EventManager : Event: ======'machine_var_audits_switches_s_inlane_right_1'====== Args={'value': 43, 'prev_value': 42, 'change': 1}
2026-03-02 16:03:05,043 : INFO : SwitchController : <<<<<<< 's_flipper_left' inactive >>>>>>>
2026-03-02 16:03:05,130 : INFO : SwitchController : <<<<<<< 's_flipper_left_eos' active >>>>>>>
2026-03-02 16:03:05,130 : INFO : EventManager : Event: ======'machine_var_audits_switches_s_flipper_left_eos'====== Args={'value': 110, 'prev_value': 109, 'change': 1}
2026-03-02 16:03:06,361 : INFO : SwitchController : <<<<<<< 's_flipper_right_lower' active >>>>>>>
2026-03-02 16:03:06,361 : INFO : EventManager : Event: ======'machine_var_audits_switches_s_flipper_right_lower'====== Args={'value': 187, 'prev_value': 186, 'change': 1}
2026-03-02 16:03:06,369 : INFO : SwitchController : <<<<<<< 's_flipper_right_upper' active >>>>>>>
2026-03-02 16:03:06,369 : INFO : EventManager : Event: ======'machine_var_audits_switches_s_flipper_right_upper'====== Args={'value': 173, 'prev_value': 172, 'change': 1}
2026-03-02 16:03:06,390 : INFO : SwitchController : <<<<<<< 's_flipper_right_lower_eos' inactive >>>>>>>
2026-03-02 16:03:06,392 : INFO : SwitchController : <<<<<<< 's_inlane_right_1' inactive >>>>>>>
2026-03-02 16:03:06,392 : INFO : SwitchController : <<<<<<< 's_flipper_right_upper_eos' active >>>>>>>
2026-03-02 16:03:06,392 : INFO : EventManager : Event: ======'machine_var_audits_switches_s_flipper_right_upper_eos'====== Args={'value': 59, 'prev_value': 58, 'change': 1}
2026-03-02 16:03:06,414 : INFO : SwitchController : <<<<<<< 's_inlane_right_1' active >>>>>>>
2026-03-02 16:03:06,414 : INFO : EventManager : Event: ======'sw_playfield_active'====== Args={}
2026-03-02 16:03:06,414 : INFO : EventManager : Event: ======'machine_var_audits_switches_s_inlane_right_1'====== Args={'value': 44, 'prev_value': 43, 'change': 1}
2026-03-02 16:03:06,555 : INFO : SwitchController : <<<<<<< 's_flipper_right_upper' inactive >>>>>>>
2026-03-02 16:03:06,573 : INFO : SwitchController : <<<<<<< 's_flipper_right_lower' inactive >>>>>>>
2026-03-02 16:03:06,655 : INFO : SwitchController : <<<<<<< 's_flipper_right_upper_eos' inactive >>>>>>>
2026-03-02 16:03:06,671 : INFO : SwitchController : <<<<<<< 's_flipper_right_lower_eos' active >>>>>>>
2026-03-02 16:03:06,672 : INFO : EventManager : Event: ======'machine_var_audits_switches_s_flipper_right_lower_eos'====== Args={'value': 144, 'prev_value': 143, 'change': 1}
2026-03-02 16:03:08,229 : INFO : SwitchController : <<<<<<< 's_flipper_right_upper' active >>>>>>>
2026-03-02 16:03:08,229 : INFO : EventManager : Event: ======'machine_var_audits_switches_s_flipper_right_upper'====== Args={'value': 174, 'prev_value': 173, 'change': 1}
2026-03-02 16:03:08,234 : INFO : SwitchController : <<<<<<< 's_flipper_right_lower' active >>>>>>>
2026-03-02 16:03:08,234 : INFO : EventManager : Event: ======'machine_var_audits_switches_s_flipper_right_lower'====== Args={'value': 188, 'prev_value': 187, 'change': 1}
2026-03-02 16:03:08,252 : INFO : SwitchController : <<<<<<< 's_flipper_right_upper_eos' active >>>>>>>
2026-03-02 16:03:08,252 : INFO : EventManager : Event: ======'machine_var_audits_switches_s_flipper_right_upper_eos'====== Args={'value': 60, 'prev_value': 59, 'change': 1}
2026-03-02 16:03:08,372 : INFO : SwitchController : <<<<<<< 's_flipper_right_upper' inactive >>>>>>>
2026-03-02 16:03:08,375 : INFO : SwitchController : <<<<<<< 's_flipper_right_lower' inactive >>>>>>>
2026-03-02 16:03:08,470 : INFO : SwitchController : <<<<<<< 's_flipper_right_upper_eos' inactive >>>>>>>
2026-03-02 16:03:09,974 : INFO : SwitchController : <<<<<<< 's_flipper_right_upper' active >>>>>>>
2026-03-02 16:03:09,975 : INFO : EventManager : Event: ======'machine_var_audits_switches_s_flipper_right_upper'====== Args={'value': 175, 'prev_value': 174, 'change': 1}
2026-03-02 16:03:09,976 : INFO : SwitchController : <<<<<<< 's_flipper_right_lower' active >>>>>>>
2026-03-02 16:03:09,976 : INFO : EventManager : Event: ======'machine_var_audits_switches_s_flipper_right_lower'====== Args={'value': 189, 'prev_value': 188, 'change': 1}
2026-03-02 16:03:09,997 : INFO : SwitchController : <<<<<<< 's_flipper_right_upper_eos' active >>>>>>>
2026-03-02 16:03:09,997 : INFO : EventManager : Event: ======'machine_var_audits_switches_s_flipper_right_upper_eos'====== Args={'value': 61, 'prev_value': 60, 'change': 1}
2026-03-02 16:03:09,999 : INFO : SwitchController : <<<<<<< 's_inlane_right_1' inactive >>>>>>>
2026-03-02 16:03:10,000 : INFO : SwitchController : <<<<<<< 's_flipper_right_lower_eos' inactive >>>>>>>
2026-03-02 16:03:10,013 : INFO : SwitchController : <<<<<<< 's_inlane_right_1' active >>>>>>>
2026-03-02 16:03:10,013 : INFO : EventManager : Event: ======'sw_playfield_active'====== Args={}
2026-03-02 16:03:10,013 : INFO : EventManager : Event: ======'machine_var_audits_switches_s_inlane_right_1'====== Args={'value': 45, 'prev_value': 44, 'change': 1}
2026-03-02 16:03:10,089 : INFO : SwitchController : <<<<<<< 's_flipper_right_upper' inactive >>>>>>>
2026-03-02 16:03:10,094 : INFO : SwitchController : <<<<<<< 's_flipper_right_lower' inactive >>>>>>>
2026-03-02 16:03:10,187 : INFO : SwitchController : <<<<<<< 's_flipper_right_upper_eos' inactive >>>>>>>
2026-03-02 16:03:10,197 : INFO : SwitchController : <<<<<<< 's_flipper_right_lower_eos' active >>>>>>>
2026-03-02 16:03:10,198 : INFO : EventManager : Event: ======'machine_var_audits_switches_s_flipper_right_lower_eos'====== Args={'value': 145, 'prev_value': 144, 'change': 1}
2026-03-02 16:03:14,298 : INFO : SwitchController : <<<<<<< 's_flipper_right_lower' active >>>>>>>
2026-03-02 16:03:14,298 : INFO : EventManager : Event: ======'machine_var_audits_switches_s_flipper_right_lower'====== Args={'value': 190, 'prev_value': 189, 'change': 1}
2026-03-02 16:03:14,299 : INFO : SwitchController : <<<<<<< 's_flipper_right_upper' active >>>>>>>
2026-03-02 16:03:14,299 : INFO : EventManager : Event: ======'machine_var_audits_switches_s_flipper_right_upper'====== Args={'value': 176, 'prev_value': 175, 'change': 1}
2026-03-02 16:03:14,307 : INFO : SwitchController : <<<<<<< 's_flipper_right_lower' inactive >>>>>>>
2026-03-02 16:03:14,307 : INFO : SwitchController : <<<<<<< 's_flipper_right_lower' active >>>>>>>
2026-03-02 16:03:14,307 : INFO : EventManager : Event: ======'machine_var_audits_switches_s_flipper_right_lower'====== Args={'value': 191, 'prev_value': 190, 'change': 1}
2026-03-02 16:03:14,320 : INFO : SwitchController : <<<<<<< 's_flipper_right_upper_eos' active >>>>>>>
2026-03-02 16:03:14,320 : INFO : EventManager : Event: ======'machine_var_audits_switches_s_flipper_right_upper_eos'====== Args={'value': 62, 'prev_value': 61, 'change': 1}
2026-03-02 16:03:14,322 : INFO : SwitchController : <<<<<<< 's_inlane_right_1' inactive >>>>>>>
2026-03-02 16:03:14,330 : INFO : SwitchController : <<<<<<< 's_inlane_right_1' active >>>>>>>
2026-03-02 16:03:14,330 : INFO : EventManager : Event: ======'sw_playfield_active'====== Args={}
2026-03-02 16:03:14,331 : INFO : EventManager : Event: ======'machine_var_audits_switches_s_inlane_right_1'====== Args={'value': 46, 'prev_value': 45, 'change': 1}
2026-03-02 16:03:17,422 : INFO : SwitchController : <<<<<<< 's_flipper_right_lower' inactive >>>>>>>
2026-03-02 16:03:17,422 : INFO : SwitchController : <<<<<<< 's_flipper_right_upper' inactive >>>>>>>
2026-03-02 16:03:17,519 : INFO : SwitchController : <<<<<<< 's_flipper_right_upper_eos' inactive >>>>>>>
2026-03-02 16:03:17,949 : INFO : SwitchController : <<<<<<< 's_flipper_right_lower' active >>>>>>>
2026-03-02 16:03:17,950 : INFO : EventManager : Event: ======'machine_var_audits_switches_s_flipper_right_lower'====== Args={'value': 192, 'prev_value': 191, 'change': 1}
2026-03-02 16:03:17,966 : INFO : SwitchController : <<<<<<< 's_flipper_right_upper' active >>>>>>>
2026-03-02 16:03:17,966 : INFO : EventManager : Event: ======'machine_var_audits_switches_s_flipper_right_upper'====== Args={'value': 177, 'prev_value': 176, 'change': 1}
2026-03-02 16:03:17,972 : INFO : SwitchController : <<<<<<< 's_trough_6' active >>>>>>>
2026-03-02 16:03:17,972 : INFO : EventManager : Event: ======'machine_var_audits_switches_s_trough_6'====== Args={'value': 34, 'prev_value': 33, 'change': 1}
2026-03-02 16:03:17,981 : INFO : SwitchController : <<<<<<< 's_flipper_right_lower_eos' inactive >>>>>>>
2026-03-02 16:03:17,982 : INFO : SwitchController : <<<<<<< 's_inlane_right_1' inactive >>>>>>>
2026-03-02 16:03:17,985 : INFO : SwitchController : <<<<<<< 's_flipper_right_upper_eos' active >>>>>>>
2026-03-02 16:03:17,985 : INFO : EventManager : Event: ======'machine_var_audits_switches_s_flipper_right_upper_eos'====== Args={'value': 63, 'prev_value': 62, 'change': 1}
2026-03-02 16:03:17,997 : INFO : SwitchController : <<<<<<< 's_inlane_right_1' active >>>>>>>
2026-03-02 16:03:17,997 : INFO : EventManager : Event: ======'sw_playfield_active'====== Args={}
2026-03-02 16:03:17,997 : INFO : EventManager : Event: ======'machine_var_audits_switches_s_inlane_right_1'====== Args={'value': 47, 'prev_value': 46, 'change': 1}
2026-03-02 16:03:18,263 : INFO : SwitchController : <<<<<<< 's_flipper_right_upper' inactive >>>>>>>
2026-03-02 16:03:18,278 : INFO : SwitchController : <<<<<<< 's_flipper_right_lower' inactive >>>>>>>
2026-03-02 16:03:18,361 : INFO : SwitchController : <<<<<<< 's_flipper_right_upper_eos' inactive >>>>>>>
2026-03-02 16:03:18,371 : INFO : SwitchController : <<<<<<< 's_flipper_right_lower_eos' active >>>>>>>
2026-03-02 16:03:18,372 : INFO : EventManager : Event: ======'machine_var_audits_switches_s_flipper_right_lower_eos'====== Args={'value': 146, 'prev_value': 145, 'change': 1}
2026-03-02 16:03:18,473 : INFO : EventManager : Event: ======'balldevice_bd_trough_ball_count_changed'====== Args={'balls': 6}
2026-03-02 16:03:18,473 : INFO : ball_device.bd_trough : Received unexpected ball
2026-03-02 16:03:18,473 : INFO : EventManager : Event: ======'balldevice_captured_from_playfield'====== Args={'balls': 1}
2026-03-02 16:03:18,473 : INFO : EventManager : Event: ======'sw_playfield_active'====== Args={'balls': 1}
2026-03-02 16:03:18,474 : INFO : EventManager : Event: ======'playfield_ball_count_change'====== Args={'balls': 0, 'change': -1}
2026-03-02 16:03:18,474 : INFO : EventManager : Event: ======'balldevice_bd_trough_ball_enter'====== Args={'new_balls': 1, 'unclaimed_balls': 1, 'new_available_balls': 1, 'device': <ball_device.bd_trough>}
2026-03-02 16:03:18,474 : INFO : EventManager : Event: ======'ball_drain'====== Args={'device': <ball_device.bd_trough>, 'balls': 1}
2026-03-02 16:03:18,475 : INFO : EventManager : Event: ======'ball_will_end'====== Args={}
2026-03-02 16:03:18,475 : INFO : EventManager : Event: ======'balldevice_balls_available'====== Args={}
2026-03-02 16:03:18,475 : INFO : EventManager : Event: ======'balldevice_bd_trough_ball_entered'====== Args={'new_balls': 1, 'device': <ball_device.bd_trough>}
2026-03-02 16:03:18,475 : INFO : EventManager : Event: ======'mode_base_will_stop'====== Args={}
2026-03-02 16:03:18,476 : INFO : EventManager : Event: ======'mode_base_stopping'====== Args={}
2026-03-02 16:03:18,476 : INFO : EventManager : Event: ======'stop_mode_bumpers'====== Args={'priority': 0}
2026-03-02 16:03:18,476 : INFO : EventManager : Event: ======'mode_bumpers_will_stop'====== Args={}
2026-03-02 16:03:18,476 : INFO : EventManager : Event: ======'mode_bumpers_stopping'====== Args={}
2026-03-02 16:03:18,476 : INFO : Mode.base : Stopped.
2026-03-02 16:03:18,477 : INFO : EventManager : Event: ======'modes_active_modes_changed'====== Args={}
2026-03-02 16:03:18,477 : INFO : EventManager : Event: ======'mode_base_stopped'====== Args={}
2026-03-02 16:03:18,477 : INFO : EventManager : Event: ======'clear'====== Args={'key': 'base'}
2026-03-02 16:03:18,478 : INFO : Mode.bumpers : Stopped.
2026-03-02 16:03:18,478 : INFO : EventManager : Event: ======'modes_active_modes_changed'====== Args={}
2026-03-02 16:03:18,478 : INFO : EventManager : Event: ======'mode_bumpers_stopped'====== Args={}
2026-03-02 16:03:18,478 : INFO : EventManager : Event: ======'clear'====== Args={'key': 'bumpers'}
2026-03-02 16:03:18,480 : INFO : EventManager : Event: ======'ball_ending'====== Args={}
2026-03-02 16:03:18,480 : INFO : EventManager : Event: ======'ball_ended'====== Args={}
2026-03-02 16:03:18,483 : INFO : EventManager : Event: ======'player_turn_will_end'====== Args={'player': <Player 1>, 'number': 1}
2026-03-02 16:03:18,483 : INFO : EventManager : Event: ======'player_turn_ending'====== Args={'player': <Player 1>, 'number': 1}
2026-03-02 16:03:18,483 : INFO : EventManager : Event: ======'player_turn_ended'====== Args={'player': <Player 1>, 'number': 1}
2026-03-02 16:03:18,483 : INFO : EventManager : Event: ======'game_will_end'====== Args={}
2026-03-02 16:03:18,484 : INFO : EventManager : Event: ======'game_ending'====== Args={}
2026-03-02 16:03:18,484 : INFO : EventManager : Event: ======'machine_var_player1_score'====== Args={'value': 400, 'prev_value': 1600, 'change': -1200}
2026-03-02 16:03:18,484 : INFO : EventManager : Event: ======'game_ended'====== Args={}
2026-03-02 16:03:18,486 : INFO : EventManager : Event: ======'mode_game_will_stop'====== Args={}
2026-03-02 16:03:18,486 : INFO : EventManager : Event: ======'mode_game_stopping'====== Args={}
2026-03-02 16:03:18,486 : INFO : EventManager : Event: ======'mode_attract_will_start'====== Args={}
2026-03-02 16:03:18,487 : INFO : Timer.attract_carousel_timer : Starting Timer.
2026-03-02 16:03:18,487 : INFO : EventManager : Event: ======'timer_attract_carousel_timer_started'====== Args={'ticks': 0, 'ticks_remaining': 1}
2026-03-02 16:03:18,487 : INFO : EventManager : Event: ======'timer_attract_carousel_timer_tick'====== Args={'ticks': 0, 'ticks_remaining': 1}
2026-03-02 16:03:18,487 : INFO : EventManager : Event: ======'mode_attract_starting'====== Args={}
2026-03-02 16:03:18,488 : INFO : Mode.attract : Started. Priority: 10
2026-03-02 16:03:18,488 : INFO : EventManager : Event: ======'modes_active_modes_changed'====== Args={}
2026-03-02 16:03:18,488 : INFO : EventManager : Event: ======'mode_attract_started'====== Args={}
2026-03-02 16:03:18,489 : INFO : EventManager : Event: ======'collecting_balls_complete'====== Args={}
2026-03-02 16:03:18,489 : INFO : EventManager : Event: ======'carousel_item_highlighted'====== Args={'carousel': 'attract', 'direction': None, 'item': 'title'}
2026-03-02 16:03:18,489 : INFO : EventManager : Event: ======'timer_attract_carousel_timer_tick'====== Args={'ticks': 0, 'ticks_remaining': 1}
2026-03-02 16:03:18,490 : INFO : Mode.game : Stopped.
2026-03-02 16:03:18,490 : INFO : EventManager : Event: ======'modes_active_modes_changed'====== Args={}
2026-03-02 16:03:18,490 : INFO : EventManager : Event: ======'mode_game_stopped'====== Args={}
2026-03-02 16:03:18,490 : INFO : EventManager : Event: ======'clear'====== Args={'key': 'game'}
2026-03-02 16:03:18,539 : INFO : EventManager : Event: ======'slide_attract_created'====== Args={'_from_bcp': True}
2026-03-02 16:03:18,539 : INFO : EventManager : Event: ======'slide_base_slide_inactive'====== Args={'is_removing': True, '_from_bcp': True}
2026-03-02 16:03:18,540 : INFO : EventManager : Event: ======'slide_attract_active'====== Args={'original_context': 'attract', 'original_calling_context': 'mode_attract_started', 'priority': 10.0, 'cmd': 'slides_play', '_from_bcp': True}
2026-03-02 16:03:18,540 : INFO : EventManager : Event: ======'slide_base_slide_removed'====== Args={'_from_bcp': True}
2026-03-02 16:03:18,641 : INFO : SwitchController : <<<<<<< 's_flipper_right_lower' active >>>>>>>
2026-03-02 16:03:18,642 : INFO : EventManager : Event: ======'s_flipper_right_lower_active'====== Args={}
2026-03-02 16:03:18,642 : INFO : EventManager : Event: ======'carousel_item_highlighted'====== Args={'carousel': 'attract', 'direction': 'forwards', 'item': 'credits'}
2026-03-02 16:03:18,642 : INFO : EventManager : Event: ======'timer_attract_carousel_timer_tick'====== Args={'ticks': 0, 'ticks_remaining': 1}
2026-03-02 16:03:18,648 : INFO : SwitchController : <<<<<<< 's_flipper_right_upper' active >>>>>>>
2026-03-02 16:03:20,100 : INFO : SwitchController : <<<<<<< 's_flipper_right_upper' inactive >>>>>>>
2026-03-02 16:03:20,102 : INFO : SwitchController : <<<<<<< 's_flipper_right_lower' inactive >>>>>>>
2026-03-02 16:03:21,212 : INFO : SwitchController : <<<<<<< 's_flipper_right_lower' active >>>>>>>
2026-03-02 16:03:21,212 : INFO : EventManager : Event: ======'s_flipper_right_lower_active'====== Args={}
2026-03-02 16:03:21,213 : INFO : EventManager : Event: ======'carousel_item_highlighted'====== Args={'carousel': 'attract', 'direction': 'forwards', 'item': 'last_scores_1p'}
2026-03-02 16:03:21,213 : INFO : EventManager : Event: ======'timer_attract_carousel_timer_tick'====== Args={'ticks': 0, 'ticks_remaining': 1}
2026-03-02 16:03:21,215 : INFO : SwitchController : <<<<<<< 's_flipper_right_upper' active >>>>>>>
2026-03-02 16:03:23,360 : INFO : SwitchController : <<<<<<< 's_flipper_right_upper' inactive >>>>>>>
2026-03-02 16:03:23,362 : INFO : SwitchController : <<<<<<< 's_flipper_right_lower' inactive >>>>>>>
2026-03-02 16:03:26,214 : INFO : Timer.attract_carousel_timer : Timer Complete
2026-03-02 16:03:26,214 : INFO : Timer.attract_carousel_timer : Stopping Timer
2026-03-02 16:03:26,214 : INFO : EventManager : Event: ======'timer_attract_carousel_timer_stopped'====== Args={'ticks': 1, 'ticks_remaining': 1}
2026-03-02 16:03:26,214 : INFO : EventManager : Event: ======'timer_attract_carousel_timer_complete'====== Args={'ticks': 1, 'ticks_remaining': 1}
2026-03-02 16:03:26,215 : INFO : EventManager : Event: ======'carousel_item_highlighted'====== Args={'carousel': 'attract', 'direction': 'forwards', 'item': 'logo'}
2026-03-02 16:03:26,215 : INFO : Timer.attract_carousel_timer : Starting Timer.
2026-03-02 16:03:26,215 : INFO : EventManager : Event: ======'timer_attract_carousel_timer_started'====== Args={'ticks': 0, 'ticks_remaining': 1}
2026-03-02 16:03:26,215 : INFO : EventManager : Event: ======'timer_attract_carousel_timer_tick'====== Args={'ticks': 0, 'ticks_remaining': 1}
2026-03-02 16:03:27,375 : INFO : SwitchController : <<<<<<< 's_flipper_right_lower' active >>>>>>>
2026-03-02 16:03:27,375 : INFO : EventManager : Event: ======'s_flipper_right_lower_active'====== Args={}
2026-03-02 16:03:27,376 : INFO : EventManager : Event: ======'carousel_item_highlighted'====== Args={'carousel': 'attract', 'direction': 'forwards', 'item': 'title'}
2026-03-02 16:03:27,376 : INFO : EventManager : Event: ======'timer_attract_carousel_timer_tick'====== Args={'ticks': 0, 'ticks_remaining': 1}
2026-03-02 16:03:27,398 : INFO : SwitchController : <<<<<<< 's_flipper_right_lower' inactive >>>>>>>
2026-03-02 16:03:32,377 : INFO : Timer.attract_carousel_timer : Timer Complete
2026-03-02 16:03:32,377 : INFO : Timer.attract_carousel_timer : Stopping Timer
2026-03-02 16:03:32,377 : INFO : EventManager : Event: ======'timer_attract_carousel_timer_stopped'====== Args={'ticks': 1, 'ticks_remaining': 1}
2026-03-02 16:03:32,377 : INFO : EventManager : Event: ======'timer_attract_carousel_timer_complete'====== Args={'ticks': 1, 'ticks_remaining': 1}
2026-03-02 16:03:32,377 : INFO : EventManager : Event: ======'carousel_item_highlighted'====== Args={'carousel': 'attract', 'direction': 'forwards', 'item': 'credits'}
2026-03-02 16:03:32,378 : INFO : Timer.attract_carousel_timer : Starting Timer.
2026-03-02 16:03:32,378 : INFO : EventManager : Event: ======'timer_attract_carousel_timer_started'====== Args={'ticks': 0, 'ticks_remaining': 1}
2026-03-02 16:03:32,378 : INFO : EventManager : Event: ======'timer_attract_carousel_timer_tick'====== Args={'ticks': 0, 'ticks_remaining': 1}
2026-03-02 16:03:35,072 : INFO : SwitchController : <<<<<<< 's_flipper_right_lower' active >>>>>>>
2026-03-02 16:03:35,072 : INFO : EventManager : Event: ======'s_flipper_right_lower_active'====== Args={}
2026-03-02 16:03:35,072 : INFO : EventManager : Event: ======'carousel_item_highlighted'====== Args={'carousel': 'attract', 'direction': 'forwards', 'item': 'last_scores_1p'}
2026-03-02 16:03:35,073 : INFO : EventManager : Event: ======'timer_attract_carousel_timer_tick'====== Args={'ticks': 0, 'ticks_remaining': 1}
2026-03-02 16:03:35,078 : INFO : SwitchController : <<<<<<< 's_flipper_right_upper' active >>>>>>>
2026-03-02 16:03:35,171 : INFO : SwitchController : <<<<<<< 's_flipper_right_upper' inactive >>>>>>>
2026-03-02 16:03:35,180 : INFO : SwitchController : <<<<<<< 's_flipper_right_lower' inactive >>>>>>>
2026-03-02 16:03:35,459 : INFO : SwitchController : <<<<<<< 's_flipper_right_lower' active >>>>>>>
2026-03-02 16:03:35,460 : INFO : EventManager : Event: ======'s_flipper_right_lower_active'====== Args={}
2026-03-02 16:03:35,460 : INFO : EventManager : Event: ======'carousel_item_highlighted'====== Args={'carousel': 'attract', 'direction': 'forwards', 'item': 'logo'}
2026-03-02 16:03:35,461 : INFO : EventManager : Event: ======'timer_attract_carousel_timer_tick'====== Args={'ticks': 0, 'ticks_remaining': 1}
2026-03-02 16:03:35,508 : INFO : SwitchController : <<<<<<< 's_flipper_right_upper' active >>>>>>>
2026-03-02 16:03:35,596 : INFO : SwitchController : <<<<<<< 's_flipper_right_upper' inactive >>>>>>>
2026-03-02 16:03:35,601 : INFO : SwitchController : <<<<<<< 's_flipper_right_lower' inactive >>>>>>>
2026-03-02 16:03:38,542 : INFO : SwitchController : <<<<<<< 's_flipper_right_lower' active >>>>>>>
2026-03-02 16:03:38,542 : INFO : EventManager : Event: ======'s_flipper_right_lower_active'====== Args={}
2026-03-02 16:03:38,542 : INFO : EventManager : Event: ======'carousel_item_highlighted'====== Args={'carousel': 'attract', 'direction': 'forwards', 'item': 'title'}
2026-03-02 16:03:38,543 : INFO : EventManager : Event: ======'timer_attract_carousel_timer_tick'====== Args={'ticks': 0, 'ticks_remaining': 1}
2026-03-02 16:03:38,571 : INFO : SwitchController : <<<<<<< 's_flipper_right_upper' active >>>>>>>
2026-03-02 16:03:38,726 : INFO : SwitchController : <<<<<<< 's_flipper_right_upper' inactive >>>>>>>
2026-03-02 16:03:38,729 : INFO : SwitchController : <<<<<<< 's_flipper_right_lower' inactive >>>>>>>
2026-03-02 16:03:39,047 : INFO : SwitchController : <<<<<<< 's_flipper_right_lower' active >>>>>>>
2026-03-02 16:03:39,048 : INFO : EventManager : Event: ======'s_flipper_right_lower_active'====== Args={}
2026-03-02 16:03:39,048 : INFO : EventManager : Event: ======'carousel_item_highlighted'====== Args={'carousel': 'attract', 'direction': 'forwards', 'item': 'credits'}
2026-03-02 16:03:39,048 : INFO : EventManager : Event: ======'timer_attract_carousel_timer_tick'====== Args={'ticks': 0, 'ticks_remaining': 1}
2026-03-02 16:03:39,072 : INFO : SwitchController : <<<<<<< 's_flipper_right_upper' active >>>>>>>
2026-03-02 16:03:39,125 : INFO : SwitchController : <<<<<<< 's_flipper_right_upper' inactive >>>>>>>
2026-03-02 16:03:39,147 : INFO : SwitchController : <<<<<<< 's_flipper_right_upper' active >>>>>>>
2026-03-02 16:03:39,413 : INFO : SwitchController : <<<<<<< 's_flipper_right_upper' inactive >>>>>>>
2026-03-02 16:03:39,564 : INFO : SwitchController : <<<<<<< 's_flipper_right_upper' active >>>>>>>
2026-03-02 16:03:39,698 : INFO : SwitchController : <<<<<<< 's_flipper_right_upper' inactive >>>>>>>
2026-03-02 16:03:39,716 : INFO : SwitchController : <<<<<<< 's_flipper_right_lower' inactive >>>>>>>
2026-03-02 16:03:40,598 : INFO : SwitchController : <<<<<<< 's_flipper_right_lower' active >>>>>>>
2026-03-02 16:03:40,599 : INFO : EventManager : Event: ======'s_flipper_right_lower_active'====== Args={}
2026-03-02 16:03:40,599 : INFO : EventManager : Event: ======'carousel_item_highlighted'====== Args={'carousel': 'attract', 'direction': 'forwards', 'item': 'last_scores_1p'}
2026-03-02 16:03:40,600 : INFO : EventManager : Event: ======'timer_attract_carousel_timer_tick'====== Args={'ticks': 0, 'ticks_remaining': 1}
2026-03-02 16:03:40,613 : INFO : SwitchController : <<<<<<< 's_flipper_right_lower' inactive >>>>>>>
2026-03-02 16:03:45,600 : INFO : Timer.attract_carousel_timer : Timer Complete
2026-03-02 16:03:45,601 : INFO : Timer.attract_carousel_timer : Stopping Timer
2026-03-02 16:03:45,601 : INFO : EventManager : Event: ======'timer_attract_carousel_timer_stopped'====== Args={'ticks': 1, 'ticks_remaining': 1}
2026-03-02 16:03:45,601 : INFO : EventManager : Event: ======'timer_attract_carousel_timer_complete'====== Args={'ticks': 1, 'ticks_remaining': 1}
2026-03-02 16:03:45,601 : INFO : EventManager : Event: ======'carousel_item_highlighted'====== Args={'carousel': 'attract', 'direction': 'forwards', 'item': 'logo'}
2026-03-02 16:03:45,601 : INFO : Timer.attract_carousel_timer : Starting Timer.
2026-03-02 16:03:45,601 : INFO : EventManager : Event: ======'timer_attract_carousel_timer_started'====== Args={'ticks': 0, 'ticks_remaining': 1}
2026-03-02 16:03:45,602 : INFO : EventManager : Event: ======'timer_attract_carousel_timer_tick'====== Args={'ticks': 0, 'ticks_remaining': 1}
2026-03-02 16:03:50,602 : INFO : Timer.attract_carousel_timer : Timer Complete
2026-03-02 16:03:50,602 : INFO : Timer.attract_carousel_timer : Stopping Timer
2026-03-02 16:03:50,602 : INFO : EventManager : Event: ======'timer_attract_carousel_timer_stopped'====== Args={'ticks': 1, 'ticks_remaining': 1}
2026-03-02 16:03:50,602 : INFO : EventManager : Event: ======'timer_attract_carousel_timer_complete'====== Args={'ticks': 1, 'ticks_remaining': 1}
2026-03-02 16:03:50,602 : INFO : EventManager : Event: ======'carousel_item_highlighted'====== Args={'carousel': 'attract', 'direction': 'forwards', 'item': 'title'}
2026-03-02 16:03:50,603 : INFO : Timer.attract_carousel_timer : Starting Timer.
2026-03-02 16:03:50,603 : INFO : EventManager : Event: ======'timer_attract_carousel_timer_started'====== Args={'ticks': 0, 'ticks_remaining': 1}
2026-03-02 16:03:50,603 : INFO : EventManager : Event: ======'timer_attract_carousel_timer_tick'====== Args={'ticks': 0, 'ticks_remaining': 1}
2026-03-02 16:03:55,603 : INFO : Timer.attract_carousel_timer : Timer Complete
2026-03-02 16:03:55,603 : INFO : Timer.attract_carousel_timer : Stopping Timer
2026-03-02 16:03:55,603 : INFO : EventManager : Event: ======'timer_attract_carousel_timer_stopped'====== Args={'ticks': 1, 'ticks_remaining': 1}
2026-03-02 16:03:55,603 : INFO : EventManager : Event: ======'timer_attract_carousel_timer_complete'====== Args={'ticks': 1, 'ticks_remaining': 1}
2026-03-02 16:03:55,604 : INFO : EventManager : Event: ======'carousel_item_highlighted'====== Args={'carousel': 'attract', 'direction': 'forwards', 'item': 'credits'}
2026-03-02 16:03:55,604 : INFO : Timer.attract_carousel_timer : Starting Timer.
2026-03-02 16:03:55,605 : INFO : EventManager : Event: ======'timer_attract_carousel_timer_started'====== Args={'ticks': 0, 'ticks_remaining': 1}
2026-03-02 16:03:55,605 : INFO : EventManager : Event: ======'timer_attract_carousel_timer_tick'====== Args={'ticks': 0, 'ticks_remaining': 1}
2026-03-02 16:04:00,606 : INFO : Timer.attract_carousel_timer : Timer Complete
2026-03-02 16:04:00,606 : INFO : Timer.attract_carousel_timer : Stopping Timer
2026-03-02 16:04:00,606 : INFO : EventManager : Event: ======'timer_attract_carousel_timer_stopped'====== Args={'ticks': 1, 'ticks_remaining': 1}
2026-03-02 16:04:00,606 : INFO : EventManager : Event: ======'timer_attract_carousel_timer_complete'====== Args={'ticks': 1, 'ticks_remaining': 1}
2026-03-02 16:04:00,607 : INFO : EventManager : Event: ======'carousel_item_highlighted'====== Args={'carousel': 'attract', 'direction': 'forwards', 'item': 'last_scores_1p'}
2026-03-02 16:04:00,608 : INFO : Timer.attract_carousel_timer : Starting Timer.
2026-03-02 16:04:00,608 : INFO : EventManager : Event: ======'timer_attract_carousel_timer_started'====== Args={'ticks': 0, 'ticks_remaining': 1}
2026-03-02 16:04:00,608 : INFO : EventManager : Event: ======'timer_attract_carousel_timer_tick'====== Args={'ticks': 0, 'ticks_remaining': 1}
2026-03-02 16:04:05,608 : INFO : Timer.attract_carousel_timer : Timer Complete
2026-03-02 16:04:05,608 : INFO : Timer.attract_carousel_timer : Stopping Timer
2026-03-02 16:04:05,608 : INFO : EventManager : Event: ======'timer_attract_carousel_timer_stopped'====== Args={'ticks': 1, 'ticks_remaining': 1}
2026-03-02 16:04:05,608 : INFO : EventManager : Event: ======'timer_attract_carousel_timer_complete'====== Args={'ticks': 1, 'ticks_remaining': 1}
2026-03-02 16:04:05,609 : INFO : EventManager : Event: ======'carousel_item_highlighted'====== Args={'carousel': 'attract', 'direction': 'forwards', 'item': 'logo'}
2026-03-02 16:04:05,609 : INFO : Timer.attract_carousel_timer : Starting Timer.
2026-03-02 16:04:05,609 : INFO : EventManager : Event: ======'timer_attract_carousel_timer_started'====== Args={'ticks': 0, 'ticks_remaining': 1}
2026-03-02 16:04:05,609 : INFO : EventManager : Event: ======'timer_attract_carousel_timer_tick'====== Args={'ticks': 0, 'ticks_remaining': 1}
2026-03-02 16:04:10,609 : INFO : Timer.attract_carousel_timer : Timer Complete
2026-03-02 16:04:10,609 : INFO : Timer.attract_carousel_timer : Stopping Timer
2026-03-02 16:04:10,610 : INFO : EventManager : Event: ======'timer_attract_carousel_timer_stopped'====== Args={'ticks': 1, 'ticks_remaining': 1}
2026-03-02 16:04:10,610 : INFO : EventManager : Event: ======'timer_attract_carousel_timer_complete'====== Args={'ticks': 1, 'ticks_remaining': 1}
2026-03-02 16:04:10,610 : INFO : EventManager : Event: ======'carousel_item_highlighted'====== Args={'carousel': 'attract', 'direction': 'forwards', 'item': 'title'}
2026-03-02 16:04:10,611 : INFO : Timer.attract_carousel_timer : Starting Timer.
2026-03-02 16:04:10,611 : INFO : EventManager : Event: ======'timer_attract_carousel_timer_started'====== Args={'ticks': 0, 'ticks_remaining': 1}
2026-03-02 16:04:10,611 : INFO : EventManager : Event: ======'timer_attract_carousel_timer_tick'====== Args={'ticks': 0, 'ticks_remaining': 1}
2026-03-02 16:04:15,611 : INFO : Timer.attract_carousel_timer : Timer Complete
2026-03-02 16:04:15,612 : INFO : Timer.attract_carousel_timer : Stopping Timer
2026-03-02 16:04:15,612 : INFO : EventManager : Event: ======'timer_attract_carousel_timer_stopped'====== Args={'ticks': 1, 'ticks_remaining': 1}
2026-03-02 16:04:15,612 : INFO : EventManager : Event: ======'timer_attract_carousel_timer_complete'====== Args={'ticks': 1, 'ticks_remaining': 1}
2026-03-02 16:04:15,612 : INFO : EventManager : Event: ======'carousel_item_highlighted'====== Args={'carousel': 'attract', 'direction': 'forwards', 'item': 'credits'}
2026-03-02 16:04:15,613 : INFO : Timer.attract_carousel_timer : Starting Timer.
2026-03-02 16:04:15,613 : INFO : EventManager : Event: ======'timer_attract_carousel_timer_started'====== Args={'ticks': 0, 'ticks_remaining': 1}
2026-03-02 16:04:15,613 : INFO : EventManager : Event: ======'timer_attract_carousel_timer_tick'====== Args={'ticks': 0, 'ticks_remaining': 1}
2026-03-02 16:04:20,614 : INFO : Timer.attract_carousel_timer : Timer Complete
2026-03-02 16:04:20,614 : INFO : Timer.attract_carousel_timer : Stopping Timer
2026-03-02 16:04:20,614 : INFO : EventManager : Event: ======'timer_attract_carousel_timer_stopped'====== Args={'ticks': 1, 'ticks_remaining': 1}
2026-03-02 16:04:20,614 : INFO : EventManager : Event: ======'timer_attract_carousel_timer_complete'====== Args={'ticks': 1, 'ticks_remaining': 1}
2026-03-02 16:04:20,615 : INFO : EventManager : Event: ======'carousel_item_highlighted'====== Args={'carousel': 'attract', 'direction': 'forwards', 'item': 'last_scores_1p'}
2026-03-02 16:04:20,615 : INFO : Timer.attract_carousel_timer : Starting Timer.
2026-03-02 16:04:20,615 : INFO : EventManager : Event: ======'timer_attract_carousel_timer_started'====== Args={'ticks': 0, 'ticks_remaining': 1}
2026-03-02 16:04:20,615 : INFO : EventManager : Event: ======'timer_attract_carousel_timer_tick'====== Args={'ticks': 0, 'ticks_remaining': 1}
2026-03-02 16:04:25,616 : INFO : Timer.attract_carousel_timer : Timer Complete
2026-03-02 16:04:25,616 : INFO : Timer.attract_carousel_timer : Stopping Timer
2026-03-02 16:04:25,617 : INFO : EventManager : Event: ======'timer_attract_carousel_timer_stopped'====== Args={'ticks': 1, 'ticks_remaining': 1}
2026-03-02 16:04:25,617 : INFO : EventManager : Event: ======'timer_attract_carousel_timer_complete'====== Args={'ticks': 1, 'ticks_remaining': 1}
2026-03-02 16:04:25,617 : INFO : EventManager : Event: ======'carousel_item_highlighted'====== Args={'carousel': 'attract', 'direction': 'forwards', 'item': 'logo'}
2026-03-02 16:04:25,617 : INFO : Timer.attract_carousel_timer : Starting Timer.
2026-03-02 16:04:25,618 : INFO : EventManager : Event: ======'timer_attract_carousel_timer_started'====== Args={'ticks': 0, 'ticks_remaining': 1}
2026-03-02 16:04:25,618 : INFO : EventManager : Event: ======'timer_attract_carousel_timer_tick'====== Args={'ticks': 0, 'ticks_remaining': 1}
2026-03-02 16:04:30,618 : INFO : Timer.attract_carousel_timer : Timer Complete
2026-03-02 16:04:30,618 : INFO : Timer.attract_carousel_timer : Stopping Timer
2026-03-02 16:04:30,619 : INFO : EventManager : Event: ======'timer_attract_carousel_timer_stopped'====== Args={'ticks': 1, 'ticks_remaining': 1}
2026-03-02 16:04:30,619 : INFO : EventManager : Event: ======'timer_attract_carousel_timer_complete'====== Args={'ticks': 1, 'ticks_remaining': 1}
2026-03-02 16:04:30,619 : INFO : EventManager : Event: ======'carousel_item_highlighted'====== Args={'carousel': 'attract', 'direction': 'forwards', 'item': 'title'}
2026-03-02 16:04:30,620 : INFO : Timer.attract_carousel_timer : Starting Timer.
2026-03-02 16:04:30,620 : INFO : EventManager : Event: ======'timer_attract_carousel_timer_started'====== Args={'ticks': 0, 'ticks_remaining': 1}
2026-03-02 16:04:30,620 : INFO : EventManager : Event: ======'timer_attract_carousel_timer_tick'====== Args={'ticks': 0, 'ticks_remaining': 1}
2026-03-02 16:04:35,615 : INFO : Timer.attract_carousel_timer : Timer Complete
2026-03-02 16:04:35,615 : INFO : Timer.attract_carousel_timer : Stopping Timer
2026-03-02 16:04:35,615 : INFO : EventManager : Event: ======'timer_attract_carousel_timer_stopped'====== Args={'ticks': 1, 'ticks_remaining': 1}
2026-03-02 16:04:35,616 : INFO : EventManager : Event: ======'timer_attract_carousel_timer_complete'====== Args={'ticks': 1, 'ticks_remaining': 1}
2026-03-02 16:04:35,616 : INFO : EventManager : Event: ======'carousel_item_highlighted'====== Args={'carousel': 'attract', 'direction': 'forwards', 'item': 'credits'}
2026-03-02 16:04:35,616 : INFO : Timer.attract_carousel_timer : Starting Timer.
2026-03-02 16:04:35,617 : INFO : EventManager : Event: ======'timer_attract_carousel_timer_started'====== Args={'ticks': 0, 'ticks_remaining': 1}
2026-03-02 16:04:35,617 : INFO : EventManager : Event: ======'timer_attract_carousel_timer_tick'====== Args={'ticks': 0, 'ticks_remaining': 1}
2026-03-02 16:04:40,614 : INFO : Timer.attract_carousel_timer : Timer Complete
2026-03-02 16:04:40,614 : INFO : Timer.attract_carousel_timer : Stopping Timer
2026-03-02 16:04:40,614 : INFO : EventManager : Event: ======'timer_attract_carousel_timer_stopped'====== Args={'ticks': 1, 'ticks_remaining': 1}
2026-03-02 16:04:40,614 : INFO : EventManager : Event: ======'timer_attract_carousel_timer_complete'====== Args={'ticks': 1, 'ticks_remaining': 1}
2026-03-02 16:04:40,615 : INFO : EventManager : Event: ======'carousel_item_highlighted'====== Args={'carousel': 'attract', 'direction': 'forwards', 'item': 'last_scores_1p'}
2026-03-02 16:04:40,615 : INFO : Timer.attract_carousel_timer : Starting Timer.
2026-03-02 16:04:40,615 : INFO : EventManager : Event: ======'timer_attract_carousel_timer_started'====== Args={'ticks': 0, 'ticks_remaining': 1}
2026-03-02 16:04:40,615 : INFO : EventManager : Event: ======'timer_attract_carousel_timer_tick'====== Args={'ticks': 0, 'ticks_remaining': 1}
2026-03-02 16:04:45,613 : INFO : Timer.attract_carousel_timer : Timer Complete
2026-03-02 16:04:45,613 : INFO : Timer.attract_carousel_timer : Stopping Timer
2026-03-02 16:04:45,613 : INFO : EventManager : Event: ======'timer_attract_carousel_timer_stopped'====== Args={'ticks': 1, 'ticks_remaining': 1}
2026-03-02 16:04:45,613 : INFO : EventManager : Event: ======'timer_attract_carousel_timer_complete'====== Args={'ticks': 1, 'ticks_remaining': 1}
2026-03-02 16:04:45,613 : INFO : EventManager : Event: ======'carousel_item_highlighted'====== Args={'carousel': 'attract', 'direction': 'forwards', 'item': 'logo'}
2026-03-02 16:04:45,614 : INFO : Timer.attract_carousel_timer : Starting Timer.
2026-03-02 16:04:45,614 : INFO : EventManager : Event: ======'timer_attract_carousel_timer_started'====== Args={'ticks': 0, 'ticks_remaining': 1}
2026-03-02 16:04:45,614 : INFO : EventManager : Event: ======'timer_attract_carousel_timer_tick'====== Args={'ticks': 0, 'ticks_remaining': 1}
2026-03-02 16:04:50,613 : INFO : Timer.attract_carousel_timer : Timer Complete
2026-03-02 16:04:50,613 : INFO : Timer.attract_carousel_timer : Stopping Timer
2026-03-02 16:04:50,613 : INFO : EventManager : Event: ======'timer_attract_carousel_timer_stopped'====== Args={'ticks': 1, 'ticks_remaining': 1}
2026-03-02 16:04:50,613 : INFO : EventManager : Event: ======'timer_attract_carousel_timer_complete'====== Args={'ticks': 1, 'ticks_remaining': 1}
2026-03-02 16:04:50,613 : INFO : EventManager : Event: ======'carousel_item_highlighted'====== Args={'carousel': 'attract', 'direction': 'forwards', 'item': 'title'}
2026-03-02 16:04:50,613 : INFO : Timer.attract_carousel_timer : Starting Timer.
2026-03-02 16:04:50,614 : INFO : EventManager : Event: ======'timer_attract_carousel_timer_started'====== Args={'ticks': 0, 'ticks_remaining': 1}
2026-03-02 16:04:50,614 : INFO : EventManager : Event: ======'timer_attract_carousel_timer_tick'====== Args={'ticks': 0, 'ticks_remaining': 1}
2026-03-02 16:04:55,612 : INFO : Timer.attract_carousel_timer : Timer Complete
2026-03-02 16:04:55,613 : INFO : Timer.attract_carousel_timer : Stopping Timer
2026-03-02 16:04:55,613 : INFO : EventManager : Event: ======'timer_attract_carousel_timer_stopped'====== Args={'ticks': 1, 'ticks_remaining': 1}
2026-03-02 16:04:55,613 : INFO : EventManager : Event: ======'timer_attract_carousel_timer_complete'====== Args={'ticks': 1, 'ticks_remaining': 1}
2026-03-02 16:04:55,613 : INFO : EventManager : Event: ======'carousel_item_highlighted'====== Args={'carousel': 'attract', 'direction': 'forwards', 'item': 'credits'}
2026-03-02 16:04:55,614 : INFO : Timer.attract_carousel_timer : Starting Timer.
2026-03-02 16:04:55,615 : INFO : EventManager : Event: ======'timer_attract_carousel_timer_started'====== Args={'ticks': 0, 'ticks_remaining': 1}
2026-03-02 16:04:55,615 : INFO : EventManager : Event: ======'timer_attract_carousel_timer_tick'====== Args={'ticks': 0, 'ticks_remaining': 1}
2026-03-02 16:05:00,615 : INFO : Timer.attract_carousel_timer : Timer Complete
2026-03-02 16:05:00,615 : INFO : Timer.attract_carousel_timer : Stopping Timer
2026-03-02 16:05:00,615 : INFO : EventManager : Event: ======'timer_attract_carousel_timer_stopped'====== Args={'ticks': 1, 'ticks_remaining': 1}
2026-03-02 16:05:00,615 : INFO : EventManager : Event: ======'timer_attract_carousel_timer_complete'====== Args={'ticks': 1, 'ticks_remaining': 1}
2026-03-02 16:05:00,615 : INFO : EventManager : Event: ======'carousel_item_highlighted'====== Args={'carousel': 'attract', 'direction': 'forwards', 'item': 'last_scores_1p'}
2026-03-02 16:05:00,616 : INFO : Timer.attract_carousel_timer : Starting Timer.
2026-03-02 16:05:00,616 : INFO : EventManager : Event: ======'timer_attract_carousel_timer_started'====== Args={'ticks': 0, 'ticks_remaining': 1}
2026-03-02 16:05:00,616 : INFO : EventManager : Event: ======'timer_attract_carousel_timer_tick'====== Args={'ticks': 0, 'ticks_remaining': 1}
2026-03-02 16:05:05,615 : INFO : Timer.attract_carousel_timer : Timer Complete
2026-03-02 16:05:05,615 : INFO : Timer.attract_carousel_timer : Stopping Timer
2026-03-02 16:05:05,616 : INFO : EventManager : Event: ======'timer_attract_carousel_timer_stopped'====== Args={'ticks': 1, 'ticks_remaining': 1}
2026-03-02 16:05:05,616 : INFO : EventManager : Event: ======'timer_attract_carousel_timer_complete'====== Args={'ticks': 1, 'ticks_remaining': 1}
2026-03-02 16:05:05,616 : INFO : EventManager : Event: ======'carousel_item_highlighted'====== Args={'carousel': 'attract', 'direction': 'forwards', 'item': 'logo'}
2026-03-02 16:05:05,616 : INFO : Timer.attract_carousel_timer : Starting Timer.
2026-03-02 16:05:05,616 : INFO : EventManager : Event: ======'timer_attract_carousel_timer_started'====== Args={'ticks': 0, 'ticks_remaining': 1}
2026-03-02 16:05:05,617 : INFO : EventManager : Event: ======'timer_attract_carousel_timer_tick'====== Args={'ticks': 0, 'ticks_remaining': 1}
2026-03-02 16:05:10,616 : INFO : Timer.attract_carousel_timer : Timer Complete
2026-03-02 16:05:10,616 : INFO : Timer.attract_carousel_timer : Stopping Timer
2026-03-02 16:05:10,616 : INFO : EventManager : Event: ======'timer_attract_carousel_timer_stopped'====== Args={'ticks': 1, 'ticks_remaining': 1}
2026-03-02 16:05:10,616 : INFO : EventManager : Event: ======'timer_attract_carousel_timer_complete'====== Args={'ticks': 1, 'ticks_remaining': 1}
2026-03-02 16:05:10,617 : INFO : EventManager : Event: ======'carousel_item_highlighted'====== Args={'carousel': 'attract', 'direction': 'forwards', 'item': 'title'}
2026-03-02 16:05:10,617 : INFO : Timer.attract_carousel_timer : Starting Timer.
2026-03-02 16:05:10,617 : INFO : EventManager : Event: ======'timer_attract_carousel_timer_started'====== Args={'ticks': 0, 'ticks_remaining': 1}
2026-03-02 16:05:10,617 : INFO : EventManager : Event: ======'timer_attract_carousel_timer_tick'====== Args={'ticks': 0, 'ticks_remaining': 1}
2026-03-02 16:05:15,617 : INFO : Timer.attract_carousel_timer : Timer Complete
2026-03-02 16:05:15,617 : INFO : Timer.attract_carousel_timer : Stopping Timer
2026-03-02 16:05:15,617 : INFO : EventManager : Event: ======'timer_attract_carousel_timer_stopped'====== Args={'ticks': 1, 'ticks_remaining': 1}
2026-03-02 16:05:15,617 : INFO : EventManager : Event: ======'timer_attract_carousel_timer_complete'====== Args={'ticks': 1, 'ticks_remaining': 1}
2026-03-02 16:05:15,618 : INFO : EventManager : Event: ======'carousel_item_highlighted'====== Args={'carousel': 'attract', 'direction': 'forwards', 'item': 'credits'}
2026-03-02 16:05:15,618 : INFO : Timer.attract_carousel_timer : Starting Timer.
2026-03-02 16:05:15,618 : INFO : EventManager : Event: ======'timer_attract_carousel_timer_started'====== Args={'ticks': 0, 'ticks_remaining': 1}
2026-03-02 16:05:15,618 : INFO : EventManager : Event: ======'timer_attract_carousel_timer_tick'====== Args={'ticks': 0, 'ticks_remaining': 1}
2026-03-02 16:05:20,618 : INFO : Timer.attract_carousel_timer : Timer Complete
2026-03-02 16:05:20,618 : INFO : Timer.attract_carousel_timer : Stopping Timer
2026-03-02 16:05:20,618 : INFO : EventManager : Event: ======'timer_attract_carousel_timer_stopped'====== Args={'ticks': 1, 'ticks_remaining': 1}
2026-03-02 16:05:20,618 : INFO : EventManager : Event: ======'timer_attract_carousel_timer_complete'====== Args={'ticks': 1, 'ticks_remaining': 1}
2026-03-02 16:05:20,619 : INFO : EventManager : Event: ======'carousel_item_highlighted'====== Args={'carousel': 'attract', 'direction': 'forwards', 'item': 'last_scores_1p'}
2026-03-02 16:05:20,619 : INFO : Timer.attract_carousel_timer : Starting Timer.
2026-03-02 16:05:20,619 : INFO : EventManager : Event: ======'timer_attract_carousel_timer_started'====== Args={'ticks': 0, 'ticks_remaining': 1}
2026-03-02 16:05:20,619 : INFO : EventManager : Event: ======'timer_attract_carousel_timer_tick'====== Args={'ticks': 0, 'ticks_remaining': 1}
2026-03-02 16:05:25,620 : INFO : Timer.attract_carousel_timer : Timer Complete
2026-03-02 16:05:25,620 : INFO : Timer.attract_carousel_timer : Stopping Timer
2026-03-02 16:05:25,620 : INFO : EventManager : Event: ======'timer_attract_carousel_timer_stopped'====== Args={'ticks': 1, 'ticks_remaining': 1}
2026-03-02 16:05:25,620 : INFO : EventManager : Event: ======'timer_attract_carousel_timer_complete'====== Args={'ticks': 1, 'ticks_remaining': 1}
2026-03-02 16:05:25,620 : INFO : EventManager : Event: ======'carousel_item_highlighted'====== Args={'carousel': 'attract', 'direction': 'forwards', 'item': 'logo'}
2026-03-02 16:05:25,621 : INFO : Timer.attract_carousel_timer : Starting Timer.
2026-03-02 16:05:25,621 : INFO : EventManager : Event: ======'timer_attract_carousel_timer_started'====== Args={'ticks': 0, 'ticks_remaining': 1}
2026-03-02 16:05:25,621 : INFO : EventManager : Event: ======'timer_attract_carousel_timer_tick'====== Args={'ticks': 0, 'ticks_remaining': 1}
2026-03-02 16:05:30,621 : INFO : Timer.attract_carousel_timer : Timer Complete
2026-03-02 16:05:30,621 : INFO : Timer.attract_carousel_timer : Stopping Timer
2026-03-02 16:05:30,621 : INFO : EventManager : Event: ======'timer_attract_carousel_timer_stopped'====== Args={'ticks': 1, 'ticks_remaining': 1}
2026-03-02 16:05:30,621 : INFO : EventManager : Event: ======'timer_attract_carousel_timer_complete'====== Args={'ticks': 1, 'ticks_remaining': 1}
2026-03-02 16:05:30,621 : INFO : EventManager : Event: ======'carousel_item_highlighted'====== Args={'carousel': 'attract', 'direction': 'forwards', 'item': 'title'}
2026-03-02 16:05:30,622 : INFO : Timer.attract_carousel_timer : Starting Timer.
2026-03-02 16:05:30,622 : INFO : EventManager : Event: ======'timer_attract_carousel_timer_started'====== Args={'ticks': 0, 'ticks_remaining': 1}
2026-03-02 16:05:30,622 : INFO : EventManager : Event: ======'timer_attract_carousel_timer_tick'====== Args={'ticks': 0, 'ticks_remaining': 1}
2026-03-02 16:05:35,623 : INFO : Timer.attract_carousel_timer : Timer Complete
2026-03-02 16:05:35,623 : INFO : Timer.attract_carousel_timer : Stopping Timer
2026-03-02 16:05:35,623 : INFO : EventManager : Event: ======'timer_attract_carousel_timer_stopped'====== Args={'ticks': 1, 'ticks_remaining': 1}
2026-03-02 16:05:35,623 : INFO : EventManager : Event: ======'timer_attract_carousel_timer_complete'====== Args={'ticks': 1, 'ticks_remaining': 1}
2026-03-02 16:05:35,624 : INFO : EventManager : Event: ======'carousel_item_highlighted'====== Args={'carousel': 'attract', 'direction': 'forwards', 'item': 'credits'}
2026-03-02 16:05:35,624 : INFO : Timer.attract_carousel_timer : Starting Timer.
2026-03-02 16:05:35,624 : INFO : EventManager : Event: ======'timer_attract_carousel_timer_started'====== Args={'ticks': 0, 'ticks_remaining': 1}
2026-03-02 16:05:35,624 : INFO : EventManager : Event: ======'timer_attract_carousel_timer_tick'====== Args={'ticks': 0, 'ticks_remaining': 1}
2026-03-02 16:05:40,625 : INFO : Timer.attract_carousel_timer : Timer Complete
2026-03-02 16:05:40,625 : INFO : Timer.attract_carousel_timer : Stopping Timer
2026-03-02 16:05:40,625 : INFO : EventManager : Event: ======'timer_attract_carousel_timer_stopped'====== Args={'ticks': 1, 'ticks_remaining': 1}
2026-03-02 16:05:40,625 : INFO : EventManager : Event: ======'timer_attract_carousel_timer_complete'====== Args={'ticks': 1, 'ticks_remaining': 1}
2026-03-02 16:05:40,626 : INFO : EventManager : Event: ======'carousel_item_highlighted'====== Args={'carousel': 'attract', 'direction': 'forwards', 'item': 'last_scores_1p'}
2026-03-02 16:05:40,626 : INFO : Timer.attract_carousel_timer : Starting Timer.
2026-03-02 16:05:40,626 : INFO : EventManager : Event: ======'timer_attract_carousel_timer_started'====== Args={'ticks': 0, 'ticks_remaining': 1}
2026-03-02 16:05:40,626 : INFO : EventManager : Event: ======'timer_attract_carousel_timer_tick'====== Args={'ticks': 0, 'ticks_remaining': 1}
2026-03-02 16:05:45,627 : INFO : Timer.attract_carousel_timer : Timer Complete
2026-03-02 16:05:45,627 : INFO : Timer.attract_carousel_timer : Stopping Timer
2026-03-02 16:05:45,628 : INFO : EventManager : Event: ======'timer_attract_carousel_timer_stopped'====== Args={'ticks': 1, 'ticks_remaining': 1}
2026-03-02 16:05:45,628 : INFO : EventManager : Event: ======'timer_attract_carousel_timer_complete'====== Args={'ticks': 1, 'ticks_remaining': 1}
2026-03-02 16:05:45,628 : INFO : EventManager : Event: ======'carousel_item_highlighted'====== Args={'carousel': 'attract', 'direction': 'forwards', 'item': 'logo'}
2026-03-02 16:05:45,628 : INFO : Timer.attract_carousel_timer : Starting Timer.
2026-03-02 16:05:45,628 : INFO : EventManager : Event: ======'timer_attract_carousel_timer_started'====== Args={'ticks': 0, 'ticks_remaining': 1}
2026-03-02 16:05:45,629 : INFO : EventManager : Event: ======'timer_attract_carousel_timer_tick'====== Args={'ticks': 0, 'ticks_remaining': 1}
2026-03-02 16:05:50,629 : INFO : Timer.attract_carousel_timer : Timer Complete
2026-03-02 16:05:50,630 : INFO : Timer.attract_carousel_timer : Stopping Timer
2026-03-02 16:05:50,630 : INFO : EventManager : Event: ======'timer_attract_carousel_timer_stopped'====== Args={'ticks': 1, 'ticks_remaining': 1}
2026-03-02 16:05:50,630 : INFO : EventManager : Event: ======'timer_attract_carousel_timer_complete'====== Args={'ticks': 1, 'ticks_remaining': 1}
2026-03-02 16:05:50,630 : INFO : EventManager : Event: ======'carousel_item_highlighted'====== Args={'carousel': 'attract', 'direction': 'forwards', 'item': 'title'}
2026-03-02 16:05:50,630 : INFO : Timer.attract_carousel_timer : Starting Timer.
2026-03-02 16:05:50,631 : INFO : EventManager : Event: ======'timer_attract_carousel_timer_started'====== Args={'ticks': 0, 'ticks_remaining': 1}
2026-03-02 16:05:50,631 : INFO : EventManager : Event: ======'timer_attract_carousel_timer_tick'====== Args={'ticks': 0, 'ticks_remaining': 1}
2026-03-02 16:05:55,631 : INFO : Timer.attract_carousel_timer : Timer Complete
2026-03-02 16:05:55,631 : INFO : Timer.attract_carousel_timer : Stopping Timer
2026-03-02 16:05:55,631 : INFO : EventManager : Event: ======'timer_attract_carousel_timer_stopped'====== Args={'ticks': 1, 'ticks_remaining': 1}
2026-03-02 16:05:55,631 : INFO : EventManager : Event: ======'timer_attract_carousel_timer_complete'====== Args={'ticks': 1, 'ticks_remaining': 1}
2026-03-02 16:05:55,631 : INFO : EventManager : Event: ======'carousel_item_highlighted'====== Args={'carousel': 'attract', 'direction': 'forwards', 'item': 'credits'}
2026-03-02 16:05:55,632 : INFO : Timer.attract_carousel_timer : Starting Timer.
2026-03-02 16:05:55,632 : INFO : EventManager : Event: ======'timer_attract_carousel_timer_started'====== Args={'ticks': 0, 'ticks_remaining': 1}
2026-03-02 16:05:55,632 : INFO : EventManager : Event: ======'timer_attract_carousel_timer_tick'====== Args={'ticks': 0, 'ticks_remaining': 1}
2026-03-02 16:06:00,633 : INFO : Timer.attract_carousel_timer : Timer Complete
2026-03-02 16:06:00,633 : INFO : Timer.attract_carousel_timer : Stopping Timer
2026-03-02 16:06:00,633 : INFO : EventManager : Event: ======'timer_attract_carousel_timer_stopped'====== Args={'ticks': 1, 'ticks_remaining': 1}
2026-03-02 16:06:00,633 : INFO : EventManager : Event: ======'timer_attract_carousel_timer_complete'====== Args={'ticks': 1, 'ticks_remaining': 1}
2026-03-02 16:06:00,633 : INFO : EventManager : Event: ======'carousel_item_highlighted'====== Args={'carousel': 'attract', 'direction': 'forwards', 'item': 'last_scores_1p'}
2026-03-02 16:06:00,634 : INFO : Timer.attract_carousel_timer : Starting Timer.
2026-03-02 16:06:00,634 : INFO : EventManager : Event: ======'timer_attract_carousel_timer_started'====== Args={'ticks': 0, 'ticks_remaining': 1}
2026-03-02 16:06:00,634 : INFO : EventManager : Event: ======'timer_attract_carousel_timer_tick'====== Args={'ticks': 0, 'ticks_remaining': 1}
2026-03-02 16:06:05,635 : INFO : Timer.attract_carousel_timer : Timer Complete
2026-03-02 16:06:05,635 : INFO : Timer.attract_carousel_timer : Stopping Timer
2026-03-02 16:06:05,635 : INFO : EventManager : Event: ======'timer_attract_carousel_timer_stopped'====== Args={'ticks': 1, 'ticks_remaining': 1}
2026-03-02 16:06:05,635 : INFO : EventManager : Event: ======'timer_attract_carousel_timer_complete'====== Args={'ticks': 1, 'ticks_remaining': 1}
2026-03-02 16:06:05,636 : INFO : EventManager : Event: ======'carousel_item_highlighted'====== Args={'carousel': 'attract', 'direction': 'forwards', 'item': 'logo'}
2026-03-02 16:06:05,636 : INFO : Timer.attract_carousel_timer : Starting Timer.
2026-03-02 16:06:05,636 : INFO : EventManager : Event: ======'timer_attract_carousel_timer_started'====== Args={'ticks': 0, 'ticks_remaining': 1}
2026-03-02 16:06:05,636 : INFO : EventManager : Event: ======'timer_attract_carousel_timer_tick'====== Args={'ticks': 0, 'ticks_remaining': 1}
2026-03-02 16:06:10,637 : INFO : Timer.attract_carousel_timer : Timer Complete
2026-03-02 16:06:10,637 : INFO : Timer.attract_carousel_timer : Stopping Timer
2026-03-02 16:06:10,637 : INFO : EventManager : Event: ======'timer_attract_carousel_timer_stopped'====== Args={'ticks': 1, 'ticks_remaining': 1}
2026-03-02 16:06:10,637 : INFO : EventManager : Event: ======'timer_attract_carousel_timer_complete'====== Args={'ticks': 1, 'ticks_remaining': 1}
2026-03-02 16:06:10,638 : INFO : EventManager : Event: ======'carousel_item_highlighted'====== Args={'carousel': 'attract', 'direction': 'forwards', 'item': 'title'}
2026-03-02 16:06:10,638 : INFO : Timer.attract_carousel_timer : Starting Timer.
2026-03-02 16:06:10,638 : INFO : EventManager : Event: ======'timer_attract_carousel_timer_started'====== Args={'ticks': 0, 'ticks_remaining': 1}
2026-03-02 16:06:10,639 : INFO : EventManager : Event: ======'timer_attract_carousel_timer_tick'====== Args={'ticks': 0, 'ticks_remaining': 1}
2026-03-02 16:06:15,639 : INFO : Timer.attract_carousel_timer : Timer Complete
2026-03-02 16:06:15,640 : INFO : Timer.attract_carousel_timer : Stopping Timer
2026-03-02 16:06:15,640 : INFO : EventManager : Event: ======'timer_attract_carousel_timer_stopped'====== Args={'ticks': 1, 'ticks_remaining': 1}
2026-03-02 16:06:15,640 : INFO : EventManager : Event: ======'timer_attract_carousel_timer_complete'====== Args={'ticks': 1, 'ticks_remaining': 1}
2026-03-02 16:06:15,640 : INFO : EventManager : Event: ======'carousel_item_highlighted'====== Args={'carousel': 'attract', 'direction': 'forwards', 'item': 'credits'}
2026-03-02 16:06:15,641 : INFO : Timer.attract_carousel_timer : Starting Timer.
2026-03-02 16:06:15,641 : INFO : EventManager : Event: ======'timer_attract_carousel_timer_started'====== Args={'ticks': 0, 'ticks_remaining': 1}
2026-03-02 16:06:15,641 : INFO : EventManager : Event: ======'timer_attract_carousel_timer_tick'====== Args={'ticks': 0, 'ticks_remaining': 1}
2026-03-02 16:06:20,642 : INFO : Timer.attract_carousel_timer : Timer Complete
2026-03-02 16:06:20,642 : INFO : Timer.attract_carousel_timer : Stopping Timer
2026-03-02 16:06:20,642 : INFO : EventManager : Event: ======'timer_attract_carousel_timer_stopped'====== Args={'ticks': 1, 'ticks_remaining': 1}
2026-03-02 16:06:20,642 : INFO : EventManager : Event: ======'timer_attract_carousel_timer_complete'====== Args={'ticks': 1, 'ticks_remaining': 1}
2026-03-02 16:06:20,643 : INFO : EventManager : Event: ======'carousel_item_highlighted'====== Args={'carousel': 'attract', 'direction': 'forwards', 'item': 'last_scores_1p'}
2026-03-02 16:06:20,643 : INFO : Timer.attract_carousel_timer : Starting Timer.
2026-03-02 16:06:20,643 : INFO : EventManager : Event: ======'timer_attract_carousel_timer_started'====== Args={'ticks': 0, 'ticks_remaining': 1}
2026-03-02 16:06:20,643 : INFO : EventManager : Event: ======'timer_attract_carousel_timer_tick'====== Args={'ticks': 0, 'ticks_remaining': 1}
2026-03-02 16:06:25,645 : INFO : Timer.attract_carousel_timer : Timer Complete
2026-03-02 16:06:25,645 : INFO : Timer.attract_carousel_timer : Stopping Timer
2026-03-02 16:06:25,645 : INFO : EventManager : Event: ======'timer_attract_carousel_timer_stopped'====== Args={'ticks': 1, 'ticks_remaining': 1}
2026-03-02 16:06:25,645 : INFO : EventManager : Event: ======'timer_attract_carousel_timer_complete'====== Args={'ticks': 1, 'ticks_remaining': 1}
2026-03-02 16:06:25,645 : INFO : EventManager : Event: ======'carousel_item_highlighted'====== Args={'carousel': 'attract', 'direction': 'forwards', 'item': 'logo'}
2026-03-02 16:06:25,646 : INFO : Timer.attract_carousel_timer : Starting Timer.
2026-03-02 16:06:25,646 : INFO : EventManager : Event: ======'timer_attract_carousel_timer_started'====== Args={'ticks': 0, 'ticks_remaining': 1}
2026-03-02 16:06:25,646 : INFO : EventManager : Event: ======'timer_attract_carousel_timer_tick'====== Args={'ticks': 0, 'ticks_remaining': 1}
2026-03-02 16:06:30,648 : INFO : Timer.attract_carousel_timer : Timer Complete
2026-03-02 16:06:30,648 : INFO : Timer.attract_carousel_timer : Stopping Timer
2026-03-02 16:06:30,648 : INFO : EventManager : Event: ======'timer_attract_carousel_timer_stopped'====== Args={'ticks': 1, 'ticks_remaining': 1}
2026-03-02 16:06:30,648 : INFO : EventManager : Event: ======'timer_attract_carousel_timer_complete'====== Args={'ticks': 1, 'ticks_remaining': 1}
2026-03-02 16:06:30,648 : INFO : EventManager : Event: ======'carousel_item_highlighted'====== Args={'carousel': 'attract', 'direction': 'forwards', 'item': 'title'}
2026-03-02 16:06:30,649 : INFO : Timer.attract_carousel_timer : Starting Timer.
2026-03-02 16:06:30,649 : INFO : EventManager : Event: ======'timer_attract_carousel_timer_started'====== Args={'ticks': 0, 'ticks_remaining': 1}
2026-03-02 16:06:30,649 : INFO : EventManager : Event: ======'timer_attract_carousel_timer_tick'====== Args={'ticks': 0, 'ticks_remaining': 1}
2026-03-02 16:06:35,649 : INFO : Timer.attract_carousel_timer : Timer Complete
2026-03-02 16:06:35,650 : INFO : Timer.attract_carousel_timer : Stopping Timer
2026-03-02 16:06:35,650 : INFO : EventManager : Event: ======'timer_attract_carousel_timer_stopped'====== Args={'ticks': 1, 'ticks_remaining': 1}
2026-03-02 16:06:35,650 : INFO : EventManager : Event: ======'timer_attract_carousel_timer_complete'====== Args={'ticks': 1, 'ticks_remaining': 1}
2026-03-02 16:06:35,650 : INFO : EventManager : Event: ======'carousel_item_highlighted'====== Args={'carousel': 'attract', 'direction': 'forwards', 'item': 'credits'}
2026-03-02 16:06:35,651 : INFO : Timer.attract_carousel_timer : Starting Timer.
2026-03-02 16:06:35,651 : INFO : EventManager : Event: ======'timer_attract_carousel_timer_started'====== Args={'ticks': 0, 'ticks_remaining': 1}
2026-03-02 16:06:35,651 : INFO : EventManager : Event: ======'timer_attract_carousel_timer_tick'====== Args={'ticks': 0, 'ticks_remaining': 1}
2026-03-02 16:06:40,652 : INFO : Timer.attract_carousel_timer : Timer Complete
2026-03-02 16:06:40,652 : INFO : Timer.attract_carousel_timer : Stopping Timer
2026-03-02 16:06:40,652 : INFO : EventManager : Event: ======'timer_attract_carousel_timer_stopped'====== Args={'ticks': 1, 'ticks_remaining': 1}
2026-03-02 16:06:40,652 : INFO : EventManager : Event: ======'timer_attract_carousel_timer_complete'====== Args={'ticks': 1, 'ticks_remaining': 1}
2026-03-02 16:06:40,653 : INFO : EventManager : Event: ======'carousel_item_highlighted'====== Args={'carousel': 'attract', 'direction': 'forwards', 'item': 'last_scores_1p'}
2026-03-02 16:06:40,653 : INFO : Timer.attract_carousel_timer : Starting Timer.
2026-03-02 16:06:40,653 : INFO : EventManager : Event: ======'timer_attract_carousel_timer_started'====== Args={'ticks': 0, 'ticks_remaining': 1}
2026-03-02 16:06:40,653 : INFO : EventManager : Event: ======'timer_attract_carousel_timer_tick'====== Args={'ticks': 0, 'ticks_remaining': 1}
2026-03-02 16:06:45,653 : INFO : Timer.attract_carousel_timer : Timer Complete
2026-03-02 16:06:45,654 : INFO : Timer.attract_carousel_timer : Stopping Timer
2026-03-02 16:06:45,654 : INFO : EventManager : Event: ======'timer_attract_carousel_timer_stopped'====== Args={'ticks': 1, 'ticks_remaining': 1}
2026-03-02 16:06:45,654 : INFO : EventManager : Event: ======'timer_attract_carousel_timer_complete'====== Args={'ticks': 1, 'ticks_remaining': 1}
2026-03-02 16:06:45,654 : INFO : EventManager : Event: ======'carousel_item_highlighted'====== Args={'carousel': 'attract', 'direction': 'forwards', 'item': 'logo'}
2026-03-02 16:06:45,655 : INFO : Timer.attract_carousel_timer : Starting Timer.
2026-03-02 16:06:45,655 : INFO : EventManager : Event: ======'timer_attract_carousel_timer_started'====== Args={'ticks': 0, 'ticks_remaining': 1}
2026-03-02 16:06:45,655 : INFO : EventManager : Event: ======'timer_attract_carousel_timer_tick'====== Args={'ticks': 0, 'ticks_remaining': 1}
2026-03-02 16:06:50,657 : INFO : Timer.attract_carousel_timer : Timer Complete
2026-03-02 16:06:50,657 : INFO : Timer.attract_carousel_timer : Stopping Timer
2026-03-02 16:06:50,657 : INFO : EventManager : Event: ======'timer_attract_carousel_timer_stopped'====== Args={'ticks': 1, 'ticks_remaining': 1}
2026-03-02 16:06:50,657 : INFO : EventManager : Event: ======'timer_attract_carousel_timer_complete'====== Args={'ticks': 1, 'ticks_remaining': 1}
2026-03-02 16:06:50,657 : INFO : EventManager : Event: ======'carousel_item_highlighted'====== Args={'carousel': 'attract', 'direction': 'forwards', 'item': 'title'}
2026-03-02 16:06:50,658 : INFO : Timer.attract_carousel_timer : Starting Timer.
2026-03-02 16:06:50,658 : INFO : EventManager : Event: ======'timer_attract_carousel_timer_started'====== Args={'ticks': 0, 'ticks_remaining': 1}
2026-03-02 16:06:50,658 : INFO : EventManager : Event: ======'timer_attract_carousel_timer_tick'====== Args={'ticks': 0, 'ticks_remaining': 1}
2026-03-02 16:06:55,658 : INFO : Timer.attract_carousel_timer : Timer Complete
2026-03-02 16:06:55,658 : INFO : Timer.attract_carousel_timer : Stopping Timer
2026-03-02 16:06:55,659 : INFO : EventManager : Event: ======'timer_attract_carousel_timer_stopped'====== Args={'ticks': 1, 'ticks_remaining': 1}
2026-03-02 16:06:55,659 : INFO : EventManager : Event: ======'timer_attract_carousel_timer_complete'====== Args={'ticks': 1, 'ticks_remaining': 1}
2026-03-02 16:06:55,659 : INFO : EventManager : Event: ======'carousel_item_highlighted'====== Args={'carousel': 'attract', 'direction': 'forwards', 'item': 'credits'}
2026-03-02 16:06:55,660 : INFO : Timer.attract_carousel_timer : Starting Timer.
2026-03-02 16:06:55,660 : INFO : EventManager : Event: ======'timer_attract_carousel_timer_started'====== Args={'ticks': 0, 'ticks_remaining': 1}
2026-03-02 16:06:55,660 : INFO : EventManager : Event: ======'timer_attract_carousel_timer_tick'====== Args={'ticks': 0, 'ticks_remaining': 1}
2026-03-02 16:07:00,662 : INFO : Timer.attract_carousel_timer : Timer Complete
2026-03-02 16:07:00,662 : INFO : Timer.attract_carousel_timer : Stopping Timer
2026-03-02 16:07:00,662 : INFO : EventManager : Event: ======'timer_attract_carousel_timer_stopped'====== Args={'ticks': 1, 'ticks_remaining': 1}
2026-03-02 16:07:00,662 : INFO : EventManager : Event: ======'timer_attract_carousel_timer_complete'====== Args={'ticks': 1, 'ticks_remaining': 1}
2026-03-02 16:07:00,662 : INFO : EventManager : Event: ======'carousel_item_highlighted'====== Args={'carousel': 'attract', 'direction': 'forwards', 'item': 'last_scores_1p'}
2026-03-02 16:07:00,663 : INFO : Timer.attract_carousel_timer : Starting Timer.
2026-03-02 16:07:00,663 : INFO : EventManager : Event: ======'timer_attract_carousel_timer_started'====== Args={'ticks': 0, 'ticks_remaining': 1}
2026-03-02 16:07:00,663 : INFO : EventManager : Event: ======'timer_attract_carousel_timer_tick'====== Args={'ticks': 0, 'ticks_remaining': 1}
2026-03-02 16:07:05,663 : INFO : Timer.attract_carousel_timer : Timer Complete
2026-03-02 16:07:05,663 : INFO : Timer.attract_carousel_timer : Stopping Timer
2026-03-02 16:07:05,663 : INFO : EventManager : Event: ======'timer_attract_carousel_timer_stopped'====== Args={'ticks': 1, 'ticks_remaining': 1}
2026-03-02 16:07:05,663 : INFO : EventManager : Event: ======'timer_attract_carousel_timer_complete'====== Args={'ticks': 1, 'ticks_remaining': 1}
2026-03-02 16:07:05,664 : INFO : EventManager : Event: ======'carousel_item_highlighted'====== Args={'carousel': 'attract', 'direction': 'forwards', 'item': 'logo'}
2026-03-02 16:07:05,664 : INFO : Timer.attract_carousel_timer : Starting Timer.
2026-03-02 16:07:05,664 : INFO : EventManager : Event: ======'timer_attract_carousel_timer_started'====== Args={'ticks': 0, 'ticks_remaining': 1}
2026-03-02 16:07:05,664 : INFO : EventManager : Event: ======'timer_attract_carousel_timer_tick'====== Args={'ticks': 0, 'ticks_remaining': 1}
2026-03-02 16:07:10,666 : INFO : Timer.attract_carousel_timer : Timer Complete
2026-03-02 16:07:10,666 : INFO : Timer.attract_carousel_timer : Stopping Timer
2026-03-02 16:07:10,666 : INFO : EventManager : Event: ======'timer_attract_carousel_timer_stopped'====== Args={'ticks': 1, 'ticks_remaining': 1}
2026-03-02 16:07:10,666 : INFO : EventManager : Event: ======'timer_attract_carousel_timer_complete'====== Args={'ticks': 1, 'ticks_remaining': 1}
2026-03-02 16:07:10,666 : INFO : EventManager : Event: ======'carousel_item_highlighted'====== Args={'carousel': 'attract', 'direction': 'forwards', 'item': 'title'}
2026-03-02 16:07:10,667 : INFO : Timer.attract_carousel_timer : Starting Timer.
2026-03-02 16:07:10,667 : INFO : EventManager : Event: ======'timer_attract_carousel_timer_started'====== Args={'ticks': 0, 'ticks_remaining': 1}
2026-03-02 16:07:10,667 : INFO : EventManager : Event: ======'timer_attract_carousel_timer_tick'====== Args={'ticks': 0, 'ticks_remaining': 1}
2026-03-02 16:07:15,667 : INFO : Timer.attract_carousel_timer : Timer Complete
2026-03-02 16:07:15,668 : INFO : Timer.attract_carousel_timer : Stopping Timer
2026-03-02 16:07:15,668 : INFO : EventManager : Event: ======'timer_attract_carousel_timer_stopped'====== Args={'ticks': 1, 'ticks_remaining': 1}
2026-03-02 16:07:15,668 : INFO : EventManager : Event: ======'timer_attract_carousel_timer_complete'====== Args={'ticks': 1, 'ticks_remaining': 1}
2026-03-02 16:07:15,668 : INFO : EventManager : Event: ======'carousel_item_highlighted'====== Args={'carousel': 'attract', 'direction': 'forwards', 'item': 'credits'}
2026-03-02 16:07:15,669 : INFO : Timer.attract_carousel_timer : Starting Timer.
2026-03-02 16:07:15,669 : INFO : EventManager : Event: ======'timer_attract_carousel_timer_started'====== Args={'ticks': 0, 'ticks_remaining': 1}
2026-03-02 16:07:15,669 : INFO : EventManager : Event: ======'timer_attract_carousel_timer_tick'====== Args={'ticks': 0, 'ticks_remaining': 1}
2026-03-02 16:07:20,671 : INFO : Timer.attract_carousel_timer : Timer Complete
2026-03-02 16:07:20,671 : INFO : Timer.attract_carousel_timer : Stopping Timer
2026-03-02 16:07:20,671 : INFO : EventManager : Event: ======'timer_attract_carousel_timer_stopped'====== Args={'ticks': 1, 'ticks_remaining': 1}
2026-03-02 16:07:20,671 : INFO : EventManager : Event: ======'timer_attract_carousel_timer_complete'====== Args={'ticks': 1, 'ticks_remaining': 1}
2026-03-02 16:07:20,671 : INFO : EventManager : Event: ======'carousel_item_highlighted'====== Args={'carousel': 'attract', 'direction': 'forwards', 'item': 'last_scores_1p'}
2026-03-02 16:07:20,672 : INFO : Timer.attract_carousel_timer : Starting Timer.
2026-03-02 16:07:20,672 : INFO : EventManager : Event: ======'timer_attract_carousel_timer_started'====== Args={'ticks': 0, 'ticks_remaining': 1}
2026-03-02 16:07:20,672 : INFO : EventManager : Event: ======'timer_attract_carousel_timer_tick'====== Args={'ticks': 0, 'ticks_remaining': 1}
2026-03-02 16:07:25,672 : INFO : Timer.attract_carousel_timer : Timer Complete
2026-03-02 16:07:25,672 : INFO : Timer.attract_carousel_timer : Stopping Timer
2026-03-02 16:07:25,673 : INFO : EventManager : Event: ======'timer_attract_carousel_timer_stopped'====== Args={'ticks': 1, 'ticks_remaining': 1}
2026-03-02 16:07:25,673 : INFO : EventManager : Event: ======'timer_attract_carousel_timer_complete'====== Args={'ticks': 1, 'ticks_remaining': 1}
2026-03-02 16:07:25,673 : INFO : EventManager : Event: ======'carousel_item_highlighted'====== Args={'carousel': 'attract', 'direction': 'forwards', 'item': 'logo'}
2026-03-02 16:07:25,673 : INFO : Timer.attract_carousel_timer : Starting Timer.
2026-03-02 16:07:25,673 : INFO : EventManager : Event: ======'timer_attract_carousel_timer_started'====== Args={'ticks': 0, 'ticks_remaining': 1}
2026-03-02 16:07:25,674 : INFO : EventManager : Event: ======'timer_attract_carousel_timer_tick'====== Args={'ticks': 0, 'ticks_remaining': 1}
2026-03-02 16:07:30,674 : INFO : Timer.attract_carousel_timer : Timer Complete
2026-03-02 16:07:30,674 : INFO : Timer.attract_carousel_timer : Stopping Timer
2026-03-02 16:07:30,674 : INFO : EventManager : Event: ======'timer_attract_carousel_timer_stopped'====== Args={'ticks': 1, 'ticks_remaining': 1}
2026-03-02 16:07:30,675 : INFO : EventManager : Event: ======'timer_attract_carousel_timer_complete'====== Args={'ticks': 1, 'ticks_remaining': 1}
2026-03-02 16:07:30,675 : INFO : EventManager : Event: ======'carousel_item_highlighted'====== Args={'carousel': 'attract', 'direction': 'forwards', 'item': 'title'}
2026-03-02 16:07:30,675 : INFO : Timer.attract_carousel_timer : Starting Timer.
2026-03-02 16:07:30,676 : INFO : EventManager : Event: ======'timer_attract_carousel_timer_started'====== Args={'ticks': 0, 'ticks_remaining': 1}
2026-03-02 16:07:30,676 : INFO : EventManager : Event: ======'timer_attract_carousel_timer_tick'====== Args={'ticks': 0, 'ticks_remaining': 1}
2026-03-02 16:07:35,677 : INFO : Timer.attract_carousel_timer : Timer Complete
2026-03-02 16:07:35,677 : INFO : Timer.attract_carousel_timer : Stopping Timer
2026-03-02 16:07:35,677 : INFO : EventManager : Event: ======'timer_attract_carousel_timer_stopped'====== Args={'ticks': 1, 'ticks_remaining': 1}
2026-03-02 16:07:35,677 : INFO : EventManager : Event: ======'timer_attract_carousel_timer_complete'====== Args={'ticks': 1, 'ticks_remaining': 1}
2026-03-02 16:07:35,678 : INFO : EventManager : Event: ======'carousel_item_highlighted'====== Args={'carousel': 'attract', 'direction': 'forwards', 'item': 'credits'}
2026-03-02 16:07:35,678 : INFO : Timer.attract_carousel_timer : Starting Timer.
2026-03-02 16:07:35,678 : INFO : EventManager : Event: ======'timer_attract_carousel_timer_started'====== Args={'ticks': 0, 'ticks_remaining': 1}
2026-03-02 16:07:35,678 : INFO : EventManager : Event: ======'timer_attract_carousel_timer_tick'====== Args={'ticks': 0, 'ticks_remaining': 1}
2026-03-02 16:07:40,679 : INFO : Timer.attract_carousel_timer : Timer Complete
2026-03-02 16:07:40,679 : INFO : Timer.attract_carousel_timer : Stopping Timer
2026-03-02 16:07:40,679 : INFO : EventManager : Event: ======'timer_attract_carousel_timer_stopped'====== Args={'ticks': 1, 'ticks_remaining': 1}
2026-03-02 16:07:40,680 : INFO : EventManager : Event: ======'timer_attract_carousel_timer_complete'====== Args={'ticks': 1, 'ticks_remaining': 1}
2026-03-02 16:07:40,680 : INFO : EventManager : Event: ======'carousel_item_highlighted'====== Args={'carousel': 'attract', 'direction': 'forwards', 'item': 'last_scores_1p'}
2026-03-02 16:07:40,681 : INFO : Timer.attract_carousel_timer : Starting Timer.
2026-03-02 16:07:40,681 : INFO : EventManager : Event: ======'timer_attract_carousel_timer_started'====== Args={'ticks': 0, 'ticks_remaining': 1}
2026-03-02 16:07:40,681 : INFO : EventManager : Event: ======'timer_attract_carousel_timer_tick'====== Args={'ticks': 0, 'ticks_remaining': 1}
2026-03-02 16:07:45,681 : INFO : Timer.attract_carousel_timer : Timer Complete
2026-03-02 16:07:45,681 : INFO : Timer.attract_carousel_timer : Stopping Timer
2026-03-02 16:07:45,681 : INFO : EventManager : Event: ======'timer_attract_carousel_timer_stopped'====== Args={'ticks': 1, 'ticks_remaining': 1}
2026-03-02 16:07:45,681 : INFO : EventManager : Event: ======'timer_attract_carousel_timer_complete'====== Args={'ticks': 1, 'ticks_remaining': 1}
2026-03-02 16:07:45,682 : INFO : EventManager : Event: ======'carousel_item_highlighted'====== Args={'carousel': 'attract', 'direction': 'forwards', 'item': 'logo'}
2026-03-02 16:07:45,682 : INFO : Timer.attract_carousel_timer : Starting Timer.
2026-03-02 16:07:45,682 : INFO : EventManager : Event: ======'timer_attract_carousel_timer_started'====== Args={'ticks': 0, 'ticks_remaining': 1}
2026-03-02 16:07:45,682 : INFO : EventManager : Event: ======'timer_attract_carousel_timer_tick'====== Args={'ticks': 0, 'ticks_remaining': 1}
2026-03-02 16:07:50,682 : INFO : Timer.attract_carousel_timer : Timer Complete
2026-03-02 16:07:50,682 : INFO : Timer.attract_carousel_timer : Stopping Timer
2026-03-02 16:07:50,683 : INFO : EventManager : Event: ======'timer_attract_carousel_timer_stopped'====== Args={'ticks': 1, 'ticks_remaining': 1}
2026-03-02 16:07:50,683 : INFO : EventManager : Event: ======'timer_attract_carousel_timer_complete'====== Args={'ticks': 1, 'ticks_remaining': 1}
2026-03-02 16:07:50,683 : INFO : EventManager : Event: ======'carousel_item_highlighted'====== Args={'carousel': 'attract', 'direction': 'forwards', 'item': 'title'}
2026-03-02 16:07:50,683 : INFO : Timer.attract_carousel_timer : Starting Timer.
2026-03-02 16:07:50,684 : INFO : EventManager : Event: ======'timer_attract_carousel_timer_started'====== Args={'ticks': 0, 'ticks_remaining': 1}
2026-03-02 16:07:50,684 : INFO : EventManager : Event: ======'timer_attract_carousel_timer_tick'====== Args={'ticks': 0, 'ticks_remaining': 1}
2026-03-02 16:07:55,684 : INFO : Timer.attract_carousel_timer : Timer Complete
2026-03-02 16:07:55,684 : INFO : Timer.attract_carousel_timer : Stopping Timer
2026-03-02 16:07:55,684 : INFO : EventManager : Event: ======'timer_attract_carousel_timer_stopped'====== Args={'ticks': 1, 'ticks_remaining': 1}
2026-03-02 16:07:55,684 : INFO : EventManager : Event: ======'timer_attract_carousel_timer_complete'====== Args={'ticks': 1, 'ticks_remaining': 1}
2026-03-02 16:07:55,685 : INFO : EventManager : Event: ======'carousel_item_highlighted'====== Args={'carousel': 'attract', 'direction': 'forwards', 'item': 'credits'}
2026-03-02 16:07:55,685 : INFO : Timer.attract_carousel_timer : Starting Timer.
2026-03-02 16:07:55,685 : INFO : EventManager : Event: ======'timer_attract_carousel_timer_started'====== Args={'ticks': 0, 'ticks_remaining': 1}
2026-03-02 16:07:55,685 : INFO : EventManager : Event: ======'timer_attract_carousel_timer_tick'====== Args={'ticks': 0, 'ticks_remaining': 1}
2026-03-02 16:08:00,686 : INFO : Timer.attract_carousel_timer : Timer Complete
2026-03-02 16:08:00,686 : INFO : Timer.attract_carousel_timer : Stopping Timer
2026-03-02 16:08:00,686 : INFO : EventManager : Event: ======'timer_attract_carousel_timer_stopped'====== Args={'ticks': 1, 'ticks_remaining': 1}
2026-03-02 16:08:00,687 : INFO : EventManager : Event: ======'timer_attract_carousel_timer_complete'====== Args={'ticks': 1, 'ticks_remaining': 1}
2026-03-02 16:08:00,687 : INFO : EventManager : Event: ======'carousel_item_highlighted'====== Args={'carousel': 'attract', 'direction': 'forwards', 'item': 'last_scores_1p'}
2026-03-02 16:08:00,687 : INFO : Timer.attract_carousel_timer : Starting Timer.
2026-03-02 16:08:00,687 : INFO : EventManager : Event: ======'timer_attract_carousel_timer_started'====== Args={'ticks': 0, 'ticks_remaining': 1}
2026-03-02 16:08:00,688 : INFO : EventManager : Event: ======'timer_attract_carousel_timer_tick'====== Args={'ticks': 0, 'ticks_remaining': 1}
2026-03-02 16:08:05,689 : INFO : Timer.attract_carousel_timer : Timer Complete
2026-03-02 16:08:05,689 : INFO : Timer.attract_carousel_timer : Stopping Timer
2026-03-02 16:08:05,689 : INFO : EventManager : Event: ======'timer_attract_carousel_timer_stopped'====== Args={'ticks': 1, 'ticks_remaining': 1}
2026-03-02 16:08:05,689 : INFO : EventManager : Event: ======'timer_attract_carousel_timer_complete'====== Args={'ticks': 1, 'ticks_remaining': 1}
2026-03-02 16:08:05,689 : INFO : EventManager : Event: ======'carousel_item_highlighted'====== Args={'carousel': 'attract', 'direction': 'forwards', 'item': 'logo'}
2026-03-02 16:08:05,689 : INFO : Timer.attract_carousel_timer : Starting Timer.
2026-03-02 16:08:05,690 : INFO : EventManager : Event: ======'timer_attract_carousel_timer_started'====== Args={'ticks': 0, 'ticks_remaining': 1}
2026-03-02 16:08:05,690 : INFO : EventManager : Event: ======'timer_attract_carousel_timer_tick'====== Args={'ticks': 0, 'ticks_remaining': 1}
2026-03-02 16:08:10,691 : INFO : Timer.attract_carousel_timer : Timer Complete
2026-03-02 16:08:10,691 : INFO : Timer.attract_carousel_timer : Stopping Timer
2026-03-02 16:08:10,691 : INFO : EventManager : Event: ======'timer_attract_carousel_timer_stopped'====== Args={'ticks': 1, 'ticks_remaining': 1}
2026-03-02 16:08:10,691 : INFO : EventManager : Event: ======'timer_attract_carousel_timer_complete'====== Args={'ticks': 1, 'ticks_remaining': 1}
2026-03-02 16:08:10,691 : INFO : EventManager : Event: ======'carousel_item_highlighted'====== Args={'carousel': 'attract', 'direction': 'forwards', 'item': 'title'}
2026-03-02 16:08:10,692 : INFO : Timer.attract_carousel_timer : Starting Timer.
2026-03-02 16:08:10,692 : INFO : EventManager : Event: ======'timer_attract_carousel_timer_started'====== Args={'ticks': 0, 'ticks_remaining': 1}
2026-03-02 16:08:10,692 : INFO : EventManager : Event: ======'timer_attract_carousel_timer_tick'====== Args={'ticks': 0, 'ticks_remaining': 1}
2026-03-02 16:08:15,692 : INFO : Timer.attract_carousel_timer : Timer Complete
2026-03-02 16:08:15,692 : INFO : Timer.attract_carousel_timer : Stopping Timer
2026-03-02 16:08:15,693 : INFO : EventManager : Event: ======'timer_attract_carousel_timer_stopped'====== Args={'ticks': 1, 'ticks_remaining': 1}
2026-03-02 16:08:15,693 : INFO : EventManager : Event: ======'timer_attract_carousel_timer_complete'====== Args={'ticks': 1, 'ticks_remaining': 1}
2026-03-02 16:08:15,693 : INFO : EventManager : Event: ======'carousel_item_highlighted'====== Args={'carousel': 'attract', 'direction': 'forwards', 'item': 'credits'}
2026-03-02 16:08:15,694 : INFO : Timer.attract_carousel_timer : Starting Timer.
2026-03-02 16:08:15,694 : INFO : EventManager : Event: ======'timer_attract_carousel_timer_started'====== Args={'ticks': 0, 'ticks_remaining': 1}
2026-03-02 16:08:15,694 : INFO : EventManager : Event: ======'timer_attract_carousel_timer_tick'====== Args={'ticks': 0, 'ticks_remaining': 1}
2026-03-02 16:08:20,695 : INFO : Timer.attract_carousel_timer : Timer Complete
2026-03-02 16:08:20,695 : INFO : Timer.attract_carousel_timer : Stopping Timer
2026-03-02 16:08:20,695 : INFO : EventManager : Event: ======'timer_attract_carousel_timer_stopped'====== Args={'ticks': 1, 'ticks_remaining': 1}
2026-03-02 16:08:20,695 : INFO : EventManager : Event: ======'timer_attract_carousel_timer_complete'====== Args={'ticks': 1, 'ticks_remaining': 1}
2026-03-02 16:08:20,695 : INFO : EventManager : Event: ======'carousel_item_highlighted'====== Args={'carousel': 'attract', 'direction': 'forwards', 'item': 'last_scores_1p'}
2026-03-02 16:08:20,696 : INFO : Timer.attract_carousel_timer : Starting Timer.
2026-03-02 16:08:20,696 : INFO : EventManager : Event: ======'timer_attract_carousel_timer_started'====== Args={'ticks': 0, 'ticks_remaining': 1}
2026-03-02 16:08:20,696 : INFO : EventManager : Event: ======'timer_attract_carousel_timer_tick'====== Args={'ticks': 0, 'ticks_remaining': 1}
2026-03-02 16:08:25,710 : INFO : Timer.attract_carousel_timer : Timer Complete
2026-03-02 16:08:25,716 : INFO : Timer.attract_carousel_timer : Stopping Timer
2026-03-02 16:08:25,716 : INFO : EventManager : Event: ======'timer_attract_carousel_timer_stopped'====== Args={'ticks': 1, 'ticks_remaining': 1}
2026-03-02 16:08:25,716 : INFO : EventManager : Event: ======'timer_attract_carousel_timer_complete'====== Args={'ticks': 1, 'ticks_remaining': 1}
2026-03-02 16:08:25,716 : INFO : EventManager : Event: ======'carousel_item_highlighted'====== Args={'carousel': 'attract', 'direction': 'forwards', 'item': 'logo'}
2026-03-02 16:08:25,717 : INFO : Timer.attract_carousel_timer : Starting Timer.
2026-03-02 16:08:25,718 : INFO : EventManager : Event: ======'timer_attract_carousel_timer_started'====== Args={'ticks': 0, 'ticks_remaining': 1}
2026-03-02 16:08:25,718 : INFO : EventManager : Event: ======'timer_attract_carousel_timer_tick'====== Args={'ticks': 0, 'ticks_remaining': 1}
2026-03-02 16:08:30,718 : INFO : Timer.attract_carousel_timer : Timer Complete
2026-03-02 16:08:30,718 : INFO : Timer.attract_carousel_timer : Stopping Timer
2026-03-02 16:08:30,718 : INFO : EventManager : Event: ======'timer_attract_carousel_timer_stopped'====== Args={'ticks': 1, 'ticks_remaining': 1}
2026-03-02 16:08:30,718 : INFO : EventManager : Event: ======'timer_attract_carousel_timer_complete'====== Args={'ticks': 1, 'ticks_remaining': 1}
2026-03-02 16:08:30,718 : INFO : EventManager : Event: ======'carousel_item_highlighted'====== Args={'carousel': 'attract', 'direction': 'forwards', 'item': 'title'}
2026-03-02 16:08:30,719 : INFO : Timer.attract_carousel_timer : Starting Timer.
2026-03-02 16:08:30,719 : INFO : EventManager : Event: ======'timer_attract_carousel_timer_started'====== Args={'ticks': 0, 'ticks_remaining': 1}
2026-03-02 16:08:30,719 : INFO : EventManager : Event: ======'timer_attract_carousel_timer_tick'====== Args={'ticks': 0, 'ticks_remaining': 1}
2026-03-02 16:08:35,720 : INFO : Timer.attract_carousel_timer : Timer Complete
2026-03-02 16:08:35,720 : INFO : Timer.attract_carousel_timer : Stopping Timer
2026-03-02 16:08:35,720 : INFO : EventManager : Event: ======'timer_attract_carousel_timer_stopped'====== Args={'ticks': 1, 'ticks_remaining': 1}
2026-03-02 16:08:35,720 : INFO : EventManager : Event: ======'timer_attract_carousel_timer_complete'====== Args={'ticks': 1, 'ticks_remaining': 1}
2026-03-02 16:08:35,720 : INFO : EventManager : Event: ======'carousel_item_highlighted'====== Args={'carousel': 'attract', 'direction': 'forwards', 'item': 'credits'}
2026-03-02 16:08:35,721 : INFO : Timer.attract_carousel_timer : Starting Timer.
2026-03-02 16:08:35,721 : INFO : EventManager : Event: ======'timer_attract_carousel_timer_started'====== Args={'ticks': 0, 'ticks_remaining': 1}
2026-03-02 16:08:35,721 : INFO : EventManager : Event: ======'timer_attract_carousel_timer_tick'====== Args={'ticks': 0, 'ticks_remaining': 1}
2026-03-02 16:08:40,721 : INFO : Timer.attract_carousel_timer : Timer Complete
2026-03-02 16:08:40,722 : INFO : Timer.attract_carousel_timer : Stopping Timer
2026-03-02 16:08:40,722 : INFO : EventManager : Event: ======'timer_attract_carousel_timer_stopped'====== Args={'ticks': 1, 'ticks_remaining': 1}
2026-03-02 16:08:40,722 : INFO : EventManager : Event: ======'timer_attract_carousel_timer_complete'====== Args={'ticks': 1, 'ticks_remaining': 1}
2026-03-02 16:08:40,722 : INFO : EventManager : Event: ======'carousel_item_highlighted'====== Args={'carousel': 'attract', 'direction': 'forwards', 'item': 'last_scores_1p'}
2026-03-02 16:08:40,723 : INFO : Timer.attract_carousel_timer : Starting Timer.
2026-03-02 16:08:40,723 : INFO : EventManager : Event: ======'timer_attract_carousel_timer_started'====== Args={'ticks': 0, 'ticks_remaining': 1}
2026-03-02 16:08:40,723 : INFO : EventManager : Event: ======'timer_attract_carousel_timer_tick'====== Args={'ticks': 0, 'ticks_remaining': 1}
2026-03-02 16:08:45,724 : INFO : Timer.attract_carousel_timer : Timer Complete
2026-03-02 16:08:45,724 : INFO : Timer.attract_carousel_timer : Stopping Timer
2026-03-02 16:08:45,724 : INFO : EventManager : Event: ======'timer_attract_carousel_timer_stopped'====== Args={'ticks': 1, 'ticks_remaining': 1}
2026-03-02 16:08:45,724 : INFO : EventManager : Event: ======'timer_attract_carousel_timer_complete'====== Args={'ticks': 1, 'ticks_remaining': 1}
2026-03-02 16:08:45,724 : INFO : EventManager : Event: ======'carousel_item_highlighted'====== Args={'carousel': 'attract', 'direction': 'forwards', 'item': 'logo'}
2026-03-02 16:08:45,725 : INFO : Timer.attract_carousel_timer : Starting Timer.
2026-03-02 16:08:45,725 : INFO : EventManager : Event: ======'timer_attract_carousel_timer_started'====== Args={'ticks': 0, 'ticks_remaining': 1}
2026-03-02 16:08:45,725 : INFO : EventManager : Event: ======'timer_attract_carousel_timer_tick'====== Args={'ticks': 0, 'ticks_remaining': 1}
2026-03-02 16:08:50,725 : INFO : Timer.attract_carousel_timer : Timer Complete
2026-03-02 16:08:50,726 : INFO : Timer.attract_carousel_timer : Stopping Timer
2026-03-02 16:08:50,726 : INFO : EventManager : Event: ======'timer_attract_carousel_timer_stopped'====== Args={'ticks': 1, 'ticks_remaining': 1}
2026-03-02 16:08:50,726 : INFO : EventManager : Event: ======'timer_attract_carousel_timer_complete'====== Args={'ticks': 1, 'ticks_remaining': 1}
2026-03-02 16:08:50,726 : INFO : EventManager : Event: ======'carousel_item_highlighted'====== Args={'carousel': 'attract', 'direction': 'forwards', 'item': 'title'}
2026-03-02 16:08:50,727 : INFO : Timer.attract_carousel_timer : Starting Timer.
2026-03-02 16:08:50,727 : INFO : EventManager : Event: ======'timer_attract_carousel_timer_started'====== Args={'ticks': 0, 'ticks_remaining': 1}
2026-03-02 16:08:50,727 : INFO : EventManager : Event: ======'timer_attract_carousel_timer_tick'====== Args={'ticks': 0, 'ticks_remaining': 1}
2026-03-02 16:08:55,728 : INFO : Timer.attract_carousel_timer : Timer Complete
2026-03-02 16:08:55,728 : INFO : Timer.attract_carousel_timer : Stopping Timer
2026-03-02 16:08:55,728 : INFO : EventManager : Event: ======'timer_attract_carousel_timer_stopped'====== Args={'ticks': 1, 'ticks_remaining': 1}
2026-03-02 16:08:55,728 : INFO : EventManager : Event: ======'timer_attract_carousel_timer_complete'====== Args={'ticks': 1, 'ticks_remaining': 1}
2026-03-02 16:08:55,729 : INFO : EventManager : Event: ======'carousel_item_highlighted'====== Args={'carousel': 'attract', 'direction': 'forwards', 'item': 'credits'}
2026-03-02 16:08:55,729 : INFO : Timer.attract_carousel_timer : Starting Timer.
2026-03-02 16:08:55,729 : INFO : EventManager : Event: ======'timer_attract_carousel_timer_started'====== Args={'ticks': 0, 'ticks_remaining': 1}
2026-03-02 16:08:55,729 : INFO : EventManager : Event: ======'timer_attract_carousel_timer_tick'====== Args={'ticks': 0, 'ticks_remaining': 1}
2026-03-02 16:09:00,730 : INFO : Timer.attract_carousel_timer : Timer Complete
2026-03-02 16:09:00,730 : INFO : Timer.attract_carousel_timer : Stopping Timer
2026-03-02 16:09:00,730 : INFO : EventManager : Event: ======'timer_attract_carousel_timer_stopped'====== Args={'ticks': 1, 'ticks_remaining': 1}
2026-03-02 16:09:00,730 : INFO : EventManager : Event: ======'timer_attract_carousel_timer_complete'====== Args={'ticks': 1, 'ticks_remaining': 1}
2026-03-02 16:09:00,731 : INFO : EventManager : Event: ======'carousel_item_highlighted'====== Args={'carousel': 'attract', 'direction': 'forwards', 'item': 'last_scores_1p'}
2026-03-02 16:09:00,731 : INFO : Timer.attract_carousel_timer : Starting Timer.
2026-03-02 16:09:00,731 : INFO : EventManager : Event: ======'timer_attract_carousel_timer_started'====== Args={'ticks': 0, 'ticks_remaining': 1}
2026-03-02 16:09:00,731 : INFO : EventManager : Event: ======'timer_attract_carousel_timer_tick'====== Args={'ticks': 0, 'ticks_remaining': 1}
2026-03-02 16:09:05,732 : INFO : Timer.attract_carousel_timer : Timer Complete
2026-03-02 16:09:05,732 : INFO : Timer.attract_carousel_timer : Stopping Timer
2026-03-02 16:09:05,732 : INFO : EventManager : Event: ======'timer_attract_carousel_timer_stopped'====== Args={'ticks': 1, 'ticks_remaining': 1}
2026-03-02 16:09:05,733 : INFO : EventManager : Event: ======'timer_attract_carousel_timer_complete'====== Args={'ticks': 1, 'ticks_remaining': 1}
2026-03-02 16:09:05,733 : INFO : EventManager : Event: ======'carousel_item_highlighted'====== Args={'carousel': 'attract', 'direction': 'forwards', 'item': 'logo'}
2026-03-02 16:09:05,734 : INFO : Timer.attract_carousel_timer : Starting Timer.
2026-03-02 16:09:05,734 : INFO : EventManager : Event: ======'timer_attract_carousel_timer_started'====== Args={'ticks': 0, 'ticks_remaining': 1}
2026-03-02 16:09:05,734 : INFO : EventManager : Event: ======'timer_attract_carousel_timer_tick'====== Args={'ticks': 0, 'ticks_remaining': 1}
2026-03-02 16:09:10,735 : INFO : Timer.attract_carousel_timer : Timer Complete
2026-03-02 16:09:10,735 : INFO : Timer.attract_carousel_timer : Stopping Timer
2026-03-02 16:09:10,735 : INFO : EventManager : Event: ======'timer_attract_carousel_timer_stopped'====== Args={'ticks': 1, 'ticks_remaining': 1}
2026-03-02 16:09:10,735 : INFO : EventManager : Event: ======'timer_attract_carousel_timer_complete'====== Args={'ticks': 1, 'ticks_remaining': 1}
2026-03-02 16:09:10,736 : INFO : EventManager : Event: ======'carousel_item_highlighted'====== Args={'carousel': 'attract', 'direction': 'forwards', 'item': 'title'}
2026-03-02 16:09:10,736 : INFO : Timer.attract_carousel_timer : Starting Timer.
2026-03-02 16:09:10,736 : INFO : EventManager : Event: ======'timer_attract_carousel_timer_started'====== Args={'ticks': 0, 'ticks_remaining': 1}
2026-03-02 16:09:10,736 : INFO : EventManager : Event: ======'timer_attract_carousel_timer_tick'====== Args={'ticks': 0, 'ticks_remaining': 1}
2026-03-02 16:09:15,737 : INFO : Timer.attract_carousel_timer : Timer Complete
2026-03-02 16:09:15,737 : INFO : Timer.attract_carousel_timer : Stopping Timer
2026-03-02 16:09:15,737 : INFO : EventManager : Event: ======'timer_attract_carousel_timer_stopped'====== Args={'ticks': 1, 'ticks_remaining': 1}
2026-03-02 16:09:15,737 : INFO : EventManager : Event: ======'timer_attract_carousel_timer_complete'====== Args={'ticks': 1, 'ticks_remaining': 1}
2026-03-02 16:09:15,738 : INFO : EventManager : Event: ======'carousel_item_highlighted'====== Args={'carousel': 'attract', 'direction': 'forwards', 'item': 'credits'}
2026-03-02 16:09:15,738 : INFO : Timer.attract_carousel_timer : Starting Timer.
2026-03-02 16:09:15,738 : INFO : EventManager : Event: ======'timer_attract_carousel_timer_started'====== Args={'ticks': 0, 'ticks_remaining': 1}
2026-03-02 16:09:15,738 : INFO : EventManager : Event: ======'timer_attract_carousel_timer_tick'====== Args={'ticks': 0, 'ticks_remaining': 1}
2026-03-02 16:09:20,738 : INFO : Timer.attract_carousel_timer : Timer Complete
2026-03-02 16:09:20,739 : INFO : Timer.attract_carousel_timer : Stopping Timer
2026-03-02 16:09:20,739 : INFO : EventManager : Event: ======'timer_attract_carousel_timer_stopped'====== Args={'ticks': 1, 'ticks_remaining': 1}
2026-03-02 16:09:20,739 : INFO : EventManager : Event: ======'timer_attract_carousel_timer_complete'====== Args={'ticks': 1, 'ticks_remaining': 1}
2026-03-02 16:09:20,739 : INFO : EventManager : Event: ======'carousel_item_highlighted'====== Args={'carousel': 'attract', 'direction': 'forwards', 'item': 'last_scores_1p'}
2026-03-02 16:09:20,740 : INFO : Timer.attract_carousel_timer : Starting Timer.
2026-03-02 16:09:20,740 : INFO : EventManager : Event: ======'timer_attract_carousel_timer_started'====== Args={'ticks': 0, 'ticks_remaining': 1}
2026-03-02 16:09:20,740 : INFO : EventManager : Event: ======'timer_attract_carousel_timer_tick'====== Args={'ticks': 0, 'ticks_remaining': 1}
2026-03-02 16:09:25,740 : INFO : Timer.attract_carousel_timer : Timer Complete
2026-03-02 16:09:25,741 : INFO : Timer.attract_carousel_timer : Stopping Timer
2026-03-02 16:09:25,741 : INFO : EventManager : Event: ======'timer_attract_carousel_timer_stopped'====== Args={'ticks': 1, 'ticks_remaining': 1}
2026-03-02 16:09:25,741 : INFO : EventManager : Event: ======'timer_attract_carousel_timer_complete'====== Args={'ticks': 1, 'ticks_remaining': 1}
2026-03-02 16:09:25,741 : INFO : EventManager : Event: ======'carousel_item_highlighted'====== Args={'carousel': 'attract', 'direction': 'forwards', 'item': 'logo'}
2026-03-02 16:09:25,741 : INFO : Timer.attract_carousel_timer : Starting Timer.
2026-03-02 16:09:25,742 : INFO : EventManager : Event: ======'timer_attract_carousel_timer_started'====== Args={'ticks': 0, 'ticks_remaining': 1}
2026-03-02 16:09:25,742 : INFO : EventManager : Event: ======'timer_attract_carousel_timer_tick'====== Args={'ticks': 0, 'ticks_remaining': 1}
2026-03-02 16:09:30,742 : INFO : Timer.attract_carousel_timer : Timer Complete
2026-03-02 16:09:30,742 : INFO : Timer.attract_carousel_timer : Stopping Timer
2026-03-02 16:09:30,742 : INFO : EventManager : Event: ======'timer_attract_carousel_timer_stopped'====== Args={'ticks': 1, 'ticks_remaining': 1}
2026-03-02 16:09:30,742 : INFO : EventManager : Event: ======'timer_attract_carousel_timer_complete'====== Args={'ticks': 1, 'ticks_remaining': 1}
2026-03-02 16:09:30,742 : INFO : EventManager : Event: ======'carousel_item_highlighted'====== Args={'carousel': 'attract', 'direction': 'forwards', 'item': 'title'}
2026-03-02 16:09:30,743 : INFO : Timer.attract_carousel_timer : Starting Timer.
2026-03-02 16:09:30,743 : INFO : EventManager : Event: ======'timer_attract_carousel_timer_started'====== Args={'ticks': 0, 'ticks_remaining': 1}
2026-03-02 16:09:30,743 : INFO : EventManager : Event: ======'timer_attract_carousel_timer_tick'====== Args={'ticks': 0, 'ticks_remaining': 1}
2026-03-02 16:09:35,743 : INFO : Timer.attract_carousel_timer : Timer Complete
2026-03-02 16:09:35,743 : INFO : Timer.attract_carousel_timer : Stopping Timer
2026-03-02 16:09:35,743 : INFO : EventManager : Event: ======'timer_attract_carousel_timer_stopped'====== Args={'ticks': 1, 'ticks_remaining': 1}
2026-03-02 16:09:35,743 : INFO : EventManager : Event: ======'timer_attract_carousel_timer_complete'====== Args={'ticks': 1, 'ticks_remaining': 1}
2026-03-02 16:09:35,743 : INFO : EventManager : Event: ======'carousel_item_highlighted'====== Args={'carousel': 'attract', 'direction': 'forwards', 'item': 'credits'}
2026-03-02 16:09:35,744 : INFO : Timer.attract_carousel_timer : Starting Timer.
2026-03-02 16:09:35,744 : INFO : EventManager : Event: ======'timer_attract_carousel_timer_started'====== Args={'ticks': 0, 'ticks_remaining': 1}
2026-03-02 16:09:35,744 : INFO : EventManager : Event: ======'timer_attract_carousel_timer_tick'====== Args={'ticks': 0, 'ticks_remaining': 1}
2026-03-02 16:09:40,744 : INFO : Timer.attract_carousel_timer : Timer Complete
2026-03-02 16:09:40,744 : INFO : Timer.attract_carousel_timer : Stopping Timer
2026-03-02 16:09:40,745 : INFO : EventManager : Event: ======'timer_attract_carousel_timer_stopped'====== Args={'ticks': 1, 'ticks_remaining': 1}
2026-03-02 16:09:40,745 : INFO : EventManager : Event: ======'timer_attract_carousel_timer_complete'====== Args={'ticks': 1, 'ticks_remaining': 1}
2026-03-02 16:09:40,745 : INFO : EventManager : Event: ======'carousel_item_highlighted'====== Args={'carousel': 'attract', 'direction': 'forwards', 'item': 'last_scores_1p'}
2026-03-02 16:09:40,745 : INFO : Timer.attract_carousel_timer : Starting Timer.
2026-03-02 16:09:40,745 : INFO : EventManager : Event: ======'timer_attract_carousel_timer_started'====== Args={'ticks': 0, 'ticks_remaining': 1}
2026-03-02 16:09:40,746 : INFO : EventManager : Event: ======'timer_attract_carousel_timer_tick'====== Args={'ticks': 0, 'ticks_remaining': 1}
2026-03-02 16:09:45,746 : INFO : Timer.attract_carousel_timer : Timer Complete
2026-03-02 16:09:45,746 : INFO : Timer.attract_carousel_timer : Stopping Timer
2026-03-02 16:09:45,746 : INFO : EventManager : Event: ======'timer_attract_carousel_timer_stopped'====== Args={'ticks': 1, 'ticks_remaining': 1}
2026-03-02 16:09:45,746 : INFO : EventManager : Event: ======'timer_attract_carousel_timer_complete'====== Args={'ticks': 1, 'ticks_remaining': 1}
2026-03-02 16:09:45,747 : INFO : EventManager : Event: ======'carousel_item_highlighted'====== Args={'carousel': 'attract', 'direction': 'forwards', 'item': 'logo'}
2026-03-02 16:09:45,747 : INFO : Timer.attract_carousel_timer : Starting Timer.
2026-03-02 16:09:45,748 : INFO : EventManager : Event: ======'timer_attract_carousel_timer_started'====== Args={'ticks': 0, 'ticks_remaining': 1}
2026-03-02 16:09:45,748 : INFO : EventManager : Event: ======'timer_attract_carousel_timer_tick'====== Args={'ticks': 0, 'ticks_remaining': 1}
2026-03-02 16:09:50,748 : INFO : Timer.attract_carousel_timer : Timer Complete
2026-03-02 16:09:50,748 : INFO : Timer.attract_carousel_timer : Stopping Timer
2026-03-02 16:09:50,748 : INFO : EventManager : Event: ======'timer_attract_carousel_timer_stopped'====== Args={'ticks': 1, 'ticks_remaining': 1}
2026-03-02 16:09:50,748 : INFO : EventManager : Event: ======'timer_attract_carousel_timer_complete'====== Args={'ticks': 1, 'ticks_remaining': 1}
2026-03-02 16:09:50,748 : INFO : EventManager : Event: ======'carousel_item_highlighted'====== Args={'carousel': 'attract', 'direction': 'forwards', 'item': 'title'}
2026-03-02 16:09:50,749 : INFO : Timer.attract_carousel_timer : Starting Timer.
2026-03-02 16:09:50,749 : INFO : EventManager : Event: ======'timer_attract_carousel_timer_started'====== Args={'ticks': 0, 'ticks_remaining': 1}
2026-03-02 16:09:50,749 : INFO : EventManager : Event: ======'timer_attract_carousel_timer_tick'====== Args={'ticks': 0, 'ticks_remaining': 1}
2026-03-02 16:09:55,750 : INFO : Timer.attract_carousel_timer : Timer Complete
2026-03-02 16:09:55,750 : INFO : Timer.attract_carousel_timer : Stopping Timer
2026-03-02 16:09:55,750 : INFO : EventManager : Event: ======'timer_attract_carousel_timer_stopped'====== Args={'ticks': 1, 'ticks_remaining': 1}
2026-03-02 16:09:55,750 : INFO : EventManager : Event: ======'timer_attract_carousel_timer_complete'====== Args={'ticks': 1, 'ticks_remaining': 1}
2026-03-02 16:09:55,750 : INFO : EventManager : Event: ======'carousel_item_highlighted'====== Args={'carousel': 'attract', 'direction': 'forwards', 'item': 'credits'}
2026-03-02 16:09:55,751 : INFO : Timer.attract_carousel_timer : Starting Timer.
2026-03-02 16:09:55,751 : INFO : EventManager : Event: ======'timer_attract_carousel_timer_started'====== Args={'ticks': 0, 'ticks_remaining': 1}
2026-03-02 16:09:55,751 : INFO : EventManager : Event: ======'timer_attract_carousel_timer_tick'====== Args={'ticks': 0, 'ticks_remaining': 1}
2026-03-02 16:10:00,751 : INFO : Timer.attract_carousel_timer : Timer Complete
2026-03-02 16:10:00,751 : INFO : Timer.attract_carousel_timer : Stopping Timer
2026-03-02 16:10:00,751 : INFO : EventManager : Event: ======'timer_attract_carousel_timer_stopped'====== Args={'ticks': 1, 'ticks_remaining': 1}
2026-03-02 16:10:00,751 : INFO : EventManager : Event: ======'timer_attract_carousel_timer_complete'====== Args={'ticks': 1, 'ticks_remaining': 1}
2026-03-02 16:10:00,752 : INFO : EventManager : Event: ======'carousel_item_highlighted'====== Args={'carousel': 'attract', 'direction': 'forwards', 'item': 'last_scores_1p'}
2026-03-02 16:10:00,752 : INFO : Timer.attract_carousel_timer : Starting Timer.
2026-03-02 16:10:00,752 : INFO : EventManager : Event: ======'timer_attract_carousel_timer_started'====== Args={'ticks': 0, 'ticks_remaining': 1}
2026-03-02 16:10:00,752 : INFO : EventManager : Event: ======'timer_attract_carousel_timer_tick'====== Args={'ticks': 0, 'ticks_remaining': 1}
2026-03-02 16:10:05,753 : INFO : Timer.attract_carousel_timer : Timer Complete
2026-03-02 16:10:05,753 : INFO : Timer.attract_carousel_timer : Stopping Timer
2026-03-02 16:10:05,753 : INFO : EventManager : Event: ======'timer_attract_carousel_timer_stopped'====== Args={'ticks': 1, 'ticks_remaining': 1}
2026-03-02 16:10:05,754 : INFO : EventManager : Event: ======'timer_attract_carousel_timer_complete'====== Args={'ticks': 1, 'ticks_remaining': 1}
2026-03-02 16:10:05,755 : INFO : EventManager : Event: ======'carousel_item_highlighted'====== Args={'carousel': 'attract', 'direction': 'forwards', 'item': 'logo'}
2026-03-02 16:10:05,755 : INFO : Timer.attract_carousel_timer : Starting Timer.
2026-03-02 16:10:05,756 : INFO : EventManager : Event: ======'timer_attract_carousel_timer_started'====== Args={'ticks': 0, 'ticks_remaining': 1}
2026-03-02 16:10:05,756 : INFO : EventManager : Event: ======'timer_attract_carousel_timer_tick'====== Args={'ticks': 0, 'ticks_remaining': 1}
2026-03-02 16:10:10,756 : INFO : Timer.attract_carousel_timer : Timer Complete
2026-03-02 16:10:10,756 : INFO : Timer.attract_carousel_timer : Stopping Timer
2026-03-02 16:10:10,756 : INFO : EventManager : Event: ======'timer_attract_carousel_timer_stopped'====== Args={'ticks': 1, 'ticks_remaining': 1}
2026-03-02 16:10:10,756 : INFO : EventManager : Event: ======'timer_attract_carousel_timer_complete'====== Args={'ticks': 1, 'ticks_remaining': 1}
2026-03-02 16:10:10,756 : INFO : EventManager : Event: ======'carousel_item_highlighted'====== Args={'carousel': 'attract', 'direction': 'forwards', 'item': 'title'}
2026-03-02 16:10:10,757 : INFO : Timer.attract_carousel_timer : Starting Timer.
2026-03-02 16:10:10,757 : INFO : EventManager : Event: ======'timer_attract_carousel_timer_started'====== Args={'ticks': 0, 'ticks_remaining': 1}
2026-03-02 16:10:10,757 : INFO : EventManager : Event: ======'timer_attract_carousel_timer_tick'====== Args={'ticks': 0, 'ticks_remaining': 1}
2026-03-02 16:10:15,758 : INFO : Timer.attract_carousel_timer : Timer Complete
2026-03-02 16:10:15,758 : INFO : Timer.attract_carousel_timer : Stopping Timer
2026-03-02 16:10:15,758 : INFO : EventManager : Event: ======'timer_attract_carousel_timer_stopped'====== Args={'ticks': 1, 'ticks_remaining': 1}
2026-03-02 16:10:15,758 : INFO : EventManager : Event: ======'timer_attract_carousel_timer_complete'====== Args={'ticks': 1, 'ticks_remaining': 1}
2026-03-02 16:10:15,759 : INFO : EventManager : Event: ======'carousel_item_highlighted'====== Args={'carousel': 'attract', 'direction': 'forwards', 'item': 'credits'}
2026-03-02 16:10:15,759 : INFO : Timer.attract_carousel_timer : Starting Timer.
2026-03-02 16:10:15,759 : INFO : EventManager : Event: ======'timer_attract_carousel_timer_started'====== Args={'ticks': 0, 'ticks_remaining': 1}
2026-03-02 16:10:15,760 : INFO : EventManager : Event: ======'timer_attract_carousel_timer_tick'====== Args={'ticks': 0, 'ticks_remaining': 1}
2026-03-02 16:10:20,761 : INFO : Timer.attract_carousel_timer : Timer Complete
2026-03-02 16:10:20,761 : INFO : Timer.attract_carousel_timer : Stopping Timer
2026-03-02 16:10:20,761 : INFO : EventManager : Event: ======'timer_attract_carousel_timer_stopped'====== Args={'ticks': 1, 'ticks_remaining': 1}
2026-03-02 16:10:20,761 : INFO : EventManager : Event: ======'timer_attract_carousel_timer_complete'====== Args={'ticks': 1, 'ticks_remaining': 1}
2026-03-02 16:10:20,761 : INFO : EventManager : Event: ======'carousel_item_highlighted'====== Args={'carousel': 'attract', 'direction': 'forwards', 'item': 'last_scores_1p'}
2026-03-02 16:10:20,762 : INFO : Timer.attract_carousel_timer : Starting Timer.
2026-03-02 16:10:20,762 : INFO : EventManager : Event: ======'timer_attract_carousel_timer_started'====== Args={'ticks': 0, 'ticks_remaining': 1}
2026-03-02 16:10:20,762 : INFO : EventManager : Event: ======'timer_attract_carousel_timer_tick'====== Args={'ticks': 0, 'ticks_remaining': 1}
2026-03-02 16:10:25,763 : INFO : Timer.attract_carousel_timer : Timer Complete
2026-03-02 16:10:25,763 : INFO : Timer.attract_carousel_timer : Stopping Timer
2026-03-02 16:10:25,763 : INFO : EventManager : Event: ======'timer_attract_carousel_timer_stopped'====== Args={'ticks': 1, 'ticks_remaining': 1}
2026-03-02 16:10:25,763 : INFO : EventManager : Event: ======'timer_attract_carousel_timer_complete'====== Args={'ticks': 1, 'ticks_remaining': 1}
2026-03-02 16:10:25,764 : INFO : EventManager : Event: ======'carousel_item_highlighted'====== Args={'carousel': 'attract', 'direction': 'forwards', 'item': 'logo'}
2026-03-02 16:10:25,764 : INFO : Timer.attract_carousel_timer : Starting Timer.
2026-03-02 16:10:25,764 : INFO : EventManager : Event: ======'timer_attract_carousel_timer_started'====== Args={'ticks': 0, 'ticks_remaining': 1}
2026-03-02 16:10:25,764 : INFO : EventManager : Event: ======'timer_attract_carousel_timer_tick'====== Args={'ticks': 0, 'ticks_remaining': 1}
2026-03-02 16:10:30,765 : INFO : Timer.attract_carousel_timer : Timer Complete
2026-03-02 16:10:30,765 : INFO : Timer.attract_carousel_timer : Stopping Timer
2026-03-02 16:10:30,765 : INFO : EventManager : Event: ======'timer_attract_carousel_timer_stopped'====== Args={'ticks': 1, 'ticks_remaining': 1}
2026-03-02 16:10:30,766 : INFO : EventManager : Event: ======'timer_attract_carousel_timer_complete'====== Args={'ticks': 1, 'ticks_remaining': 1}
2026-03-02 16:10:30,766 : INFO : EventManager : Event: ======'carousel_item_highlighted'====== Args={'carousel': 'attract', 'direction': 'forwards', 'item': 'title'}
2026-03-02 16:10:30,766 : INFO : Timer.attract_carousel_timer : Starting Timer.
2026-03-02 16:10:30,766 : INFO : EventManager : Event: ======'timer_attract_carousel_timer_started'====== Args={'ticks': 0, 'ticks_remaining': 1}
2026-03-02 16:10:30,766 : INFO : EventManager : Event: ======'timer_attract_carousel_timer_tick'====== Args={'ticks': 0, 'ticks_remaining': 1}
2026-03-02 16:10:35,766 : INFO : Timer.attract_carousel_timer : Timer Complete
2026-03-02 16:10:35,766 : INFO : Timer.attract_carousel_timer : Stopping Timer
2026-03-02 16:10:35,767 : INFO : EventManager : Event: ======'timer_attract_carousel_timer_stopped'====== Args={'ticks': 1, 'ticks_remaining': 1}
2026-03-02 16:10:35,767 : INFO : EventManager : Event: ======'timer_attract_carousel_timer_complete'====== Args={'ticks': 1, 'ticks_remaining': 1}
2026-03-02 16:10:35,767 : INFO : EventManager : Event: ======'carousel_item_highlighted'====== Args={'carousel': 'attract', 'direction': 'forwards', 'item': 'credits'}
2026-03-02 16:10:35,767 : INFO : Timer.attract_carousel_timer : Starting Timer.
2026-03-02 16:10:35,768 : INFO : EventManager : Event: ======'timer_attract_carousel_timer_started'====== Args={'ticks': 0, 'ticks_remaining': 1}
2026-03-02 16:10:35,768 : INFO : EventManager : Event: ======'timer_attract_carousel_timer_tick'====== Args={'ticks': 0, 'ticks_remaining': 1}
2026-03-02 16:10:40,769 : INFO : Timer.attract_carousel_timer : Timer Complete
2026-03-02 16:10:40,769 : INFO : Timer.attract_carousel_timer : Stopping Timer
2026-03-02 16:10:40,769 : INFO : EventManager : Event: ======'timer_attract_carousel_timer_stopped'====== Args={'ticks': 1, 'ticks_remaining': 1}
2026-03-02 16:10:40,769 : INFO : EventManager : Event: ======'timer_attract_carousel_timer_complete'====== Args={'ticks': 1, 'ticks_remaining': 1}
2026-03-02 16:10:40,769 : INFO : EventManager : Event: ======'carousel_item_highlighted'====== Args={'carousel': 'attract', 'direction': 'forwards', 'item': 'last_scores_1p'}
2026-03-02 16:10:40,770 : INFO : Timer.attract_carousel_timer : Starting Timer.
2026-03-02 16:10:40,770 : INFO : EventManager : Event: ======'timer_attract_carousel_timer_started'====== Args={'ticks': 0, 'ticks_remaining': 1}
2026-03-02 16:10:40,770 : INFO : EventManager : Event: ======'timer_attract_carousel_timer_tick'====== Args={'ticks': 0, 'ticks_remaining': 1}
2026-03-02 16:10:45,770 : INFO : Timer.attract_carousel_timer : Timer Complete
2026-03-02 16:10:45,770 : INFO : Timer.attract_carousel_timer : Stopping Timer
2026-03-02 16:10:45,770 : INFO : EventManager : Event: ======'timer_attract_carousel_timer_stopped'====== Args={'ticks': 1, 'ticks_remaining': 1}
2026-03-02 16:10:45,770 : INFO : EventManager : Event: ======'timer_attract_carousel_timer_complete'====== Args={'ticks': 1, 'ticks_remaining': 1}
2026-03-02 16:10:45,771 : INFO : EventManager : Event: ======'carousel_item_highlighted'====== Args={'carousel': 'attract', 'direction': 'forwards', 'item': 'logo'}
2026-03-02 16:10:45,771 : INFO : Timer.attract_carousel_timer : Starting Timer.
2026-03-02 16:10:45,772 : INFO : EventManager : Event: ======'timer_attract_carousel_timer_started'====== Args={'ticks': 0, 'ticks_remaining': 1}
2026-03-02 16:10:45,772 : INFO : EventManager : Event: ======'timer_attract_carousel_timer_tick'====== Args={'ticks': 0, 'ticks_remaining': 1}
2026-03-02 16:10:50,772 : INFO : Timer.attract_carousel_timer : Timer Complete
2026-03-02 16:10:50,772 : INFO : Timer.attract_carousel_timer : Stopping Timer
2026-03-02 16:10:50,772 : INFO : EventManager : Event: ======'timer_attract_carousel_timer_stopped'====== Args={'ticks': 1, 'ticks_remaining': 1}
2026-03-02 16:10:50,772 : INFO : EventManager : Event: ======'timer_attract_carousel_timer_complete'====== Args={'ticks': 1, 'ticks_remaining': 1}
2026-03-02 16:10:50,772 : INFO : EventManager : Event: ======'carousel_item_highlighted'====== Args={'carousel': 'attract', 'direction': 'forwards', 'item': 'title'}
2026-03-02 16:10:50,773 : INFO : Timer.attract_carousel_timer : Starting Timer.
2026-03-02 16:10:50,773 : INFO : EventManager : Event: ======'timer_attract_carousel_timer_started'====== Args={'ticks': 0, 'ticks_remaining': 1}
2026-03-02 16:10:50,773 : INFO : EventManager : Event: ======'timer_attract_carousel_timer_tick'====== Args={'ticks': 0, 'ticks_remaining': 1}
2026-03-02 16:10:55,774 : INFO : Timer.attract_carousel_timer : Timer Complete
2026-03-02 16:10:55,774 : INFO : Timer.attract_carousel_timer : Stopping Timer
2026-03-02 16:10:55,774 : INFO : EventManager : Event: ======'timer_attract_carousel_timer_stopped'====== Args={'ticks': 1, 'ticks_remaining': 1}
2026-03-02 16:10:55,774 : INFO : EventManager : Event: ======'timer_attract_carousel_timer_complete'====== Args={'ticks': 1, 'ticks_remaining': 1}
2026-03-02 16:10:55,774 : INFO : EventManager : Event: ======'carousel_item_highlighted'====== Args={'carousel': 'attract', 'direction': 'forwards', 'item': 'credits'}
2026-03-02 16:10:55,775 : INFO : Timer.attract_carousel_timer : Starting Timer.
2026-03-02 16:10:55,775 : INFO : EventManager : Event: ======'timer_attract_carousel_timer_started'====== Args={'ticks': 0, 'ticks_remaining': 1}
2026-03-02 16:10:55,775 : INFO : EventManager : Event: ======'timer_attract_carousel_timer_tick'====== Args={'ticks': 0, 'ticks_remaining': 1}
2026-03-02 16:11:00,775 : INFO : Timer.attract_carousel_timer : Timer Complete
2026-03-02 16:11:00,775 : INFO : Timer.attract_carousel_timer : Stopping Timer
2026-03-02 16:11:00,775 : INFO : EventManager : Event: ======'timer_attract_carousel_timer_stopped'====== Args={'ticks': 1, 'ticks_remaining': 1}
2026-03-02 16:11:00,775 : INFO : EventManager : Event: ======'timer_attract_carousel_timer_complete'====== Args={'ticks': 1, 'ticks_remaining': 1}
2026-03-02 16:11:00,776 : INFO : EventManager : Event: ======'carousel_item_highlighted'====== Args={'carousel': 'attract', 'direction': 'forwards', 'item': 'last_scores_1p'}
2026-03-02 16:11:00,776 : INFO : Timer.attract_carousel_timer : Starting Timer.
2026-03-02 16:11:00,776 : INFO : EventManager : Event: ======'timer_attract_carousel_timer_started'====== Args={'ticks': 0, 'ticks_remaining': 1}
2026-03-02 16:11:00,776 : INFO : EventManager : Event: ======'timer_attract_carousel_timer_tick'====== Args={'ticks': 0, 'ticks_remaining': 1}
2026-03-02 16:11:05,776 : INFO : Timer.attract_carousel_timer : Timer Complete
2026-03-02 16:11:05,777 : INFO : Timer.attract_carousel_timer : Stopping Timer
2026-03-02 16:11:05,777 : INFO : EventManager : Event: ======'timer_attract_carousel_timer_stopped'====== Args={'ticks': 1, 'ticks_remaining': 1}
2026-03-02 16:11:05,777 : INFO : EventManager : Event: ======'timer_attract_carousel_timer_complete'====== Args={'ticks': 1, 'ticks_remaining': 1}
2026-03-02 16:11:05,777 : INFO : EventManager : Event: ======'carousel_item_highlighted'====== Args={'carousel': 'attract', 'direction': 'forwards', 'item': 'logo'}
2026-03-02 16:11:05,777 : INFO : Timer.attract_carousel_timer : Starting Timer.
2026-03-02 16:11:05,777 : INFO : EventManager : Event: ======'timer_attract_carousel_timer_started'====== Args={'ticks': 0, 'ticks_remaining': 1}
2026-03-02 16:11:05,778 : INFO : EventManager : Event: ======'timer_attract_carousel_timer_tick'====== Args={'ticks': 0, 'ticks_remaining': 1}
2026-03-02 16:11:10,778 : INFO : Timer.attract_carousel_timer : Timer Complete
2026-03-02 16:11:10,778 : INFO : Timer.attract_carousel_timer : Stopping Timer
2026-03-02 16:11:10,778 : INFO : EventManager : Event: ======'timer_attract_carousel_timer_stopped'====== Args={'ticks': 1, 'ticks_remaining': 1}
2026-03-02 16:11:10,778 : INFO : EventManager : Event: ======'timer_attract_carousel_timer_complete'====== Args={'ticks': 1, 'ticks_remaining': 1}
2026-03-02 16:11:10,778 : INFO : EventManager : Event: ======'carousel_item_highlighted'====== Args={'carousel': 'attract', 'direction': 'forwards', 'item': 'title'}
2026-03-02 16:11:10,779 : INFO : Timer.attract_carousel_timer : Starting Timer.
2026-03-02 16:11:10,779 : INFO : EventManager : Event: ======'timer_attract_carousel_timer_started'====== Args={'ticks': 0, 'ticks_remaining': 1}
2026-03-02 16:11:10,779 : INFO : EventManager : Event: ======'timer_attract_carousel_timer_tick'====== Args={'ticks': 0, 'ticks_remaining': 1}
2026-03-02 16:11:15,779 : INFO : Timer.attract_carousel_timer : Timer Complete
2026-03-02 16:11:15,779 : INFO : Timer.attract_carousel_timer : Stopping Timer
2026-03-02 16:11:15,780 : INFO : EventManager : Event: ======'timer_attract_carousel_timer_stopped'====== Args={'ticks': 1, 'ticks_remaining': 1}
2026-03-02 16:11:15,780 : INFO : EventManager : Event: ======'timer_attract_carousel_timer_complete'====== Args={'ticks': 1, 'ticks_remaining': 1}
2026-03-02 16:11:15,780 : INFO : EventManager : Event: ======'carousel_item_highlighted'====== Args={'carousel': 'attract', 'direction': 'forwards', 'item': 'credits'}
2026-03-02 16:11:15,780 : INFO : Timer.attract_carousel_timer : Starting Timer.
2026-03-02 16:11:15,780 : INFO : EventManager : Event: ======'timer_attract_carousel_timer_started'====== Args={'ticks': 0, 'ticks_remaining': 1}
2026-03-02 16:11:15,781 : INFO : EventManager : Event: ======'timer_attract_carousel_timer_tick'====== Args={'ticks': 0, 'ticks_remaining': 1}
2026-03-02 16:11:20,781 : INFO : Timer.attract_carousel_timer : Timer Complete
2026-03-02 16:11:20,782 : INFO : Timer.attract_carousel_timer : Stopping Timer
2026-03-02 16:11:20,782 : INFO : EventManager : Event: ======'timer_attract_carousel_timer_stopped'====== Args={'ticks': 1, 'ticks_remaining': 1}
2026-03-02 16:11:20,782 : INFO : EventManager : Event: ======'timer_attract_carousel_timer_complete'====== Args={'ticks': 1, 'ticks_remaining': 1}
2026-03-02 16:11:20,782 : INFO : EventManager : Event: ======'carousel_item_highlighted'====== Args={'carousel': 'attract', 'direction': 'forwards', 'item': 'last_scores_1p'}
2026-03-02 16:11:20,783 : INFO : Timer.attract_carousel_timer : Starting Timer.
2026-03-02 16:11:20,783 : INFO : EventManager : Event: ======'timer_attract_carousel_timer_started'====== Args={'ticks': 0, 'ticks_remaining': 1}
2026-03-02 16:11:20,783 : INFO : EventManager : Event: ======'timer_attract_carousel_timer_tick'====== Args={'ticks': 0, 'ticks_remaining': 1}
2026-03-02 16:11:25,784 : INFO : Timer.attract_carousel_timer : Timer Complete
2026-03-02 16:11:25,784 : INFO : Timer.attract_carousel_timer : Stopping Timer
2026-03-02 16:11:25,784 : INFO : EventManager : Event: ======'timer_attract_carousel_timer_stopped'====== Args={'ticks': 1, 'ticks_remaining': 1}
2026-03-02 16:11:25,784 : INFO : EventManager : Event: ======'timer_attract_carousel_timer_complete'====== Args={'ticks': 1, 'ticks_remaining': 1}
2026-03-02 16:11:25,785 : INFO : EventManager : Event: ======'carousel_item_highlighted'====== Args={'carousel': 'attract', 'direction': 'forwards', 'item': 'logo'}
2026-03-02 16:11:25,785 : INFO : Timer.attract_carousel_timer : Starting Timer.
2026-03-02 16:11:25,785 : INFO : EventManager : Event: ======'timer_attract_carousel_timer_started'====== Args={'ticks': 0, 'ticks_remaining': 1}
2026-03-02 16:11:25,785 : INFO : EventManager : Event: ======'timer_attract_carousel_timer_tick'====== Args={'ticks': 0, 'ticks_remaining': 1}
2026-03-02 16:11:30,786 : INFO : Timer.attract_carousel_timer : Timer Complete
2026-03-02 16:11:30,786 : INFO : Timer.attract_carousel_timer : Stopping Timer
2026-03-02 16:11:30,786 : INFO : EventManager : Event: ======'timer_attract_carousel_timer_stopped'====== Args={'ticks': 1, 'ticks_remaining': 1}
2026-03-02 16:11:30,787 : INFO : EventManager : Event: ======'timer_attract_carousel_timer_complete'====== Args={'ticks': 1, 'ticks_remaining': 1}
2026-03-02 16:11:30,787 : INFO : EventManager : Event: ======'carousel_item_highlighted'====== Args={'carousel': 'attract', 'direction': 'forwards', 'item': 'title'}
2026-03-02 16:11:30,787 : INFO : Timer.attract_carousel_timer : Starting Timer.
2026-03-02 16:11:30,787 : INFO : EventManager : Event: ======'timer_attract_carousel_timer_started'====== Args={'ticks': 0, 'ticks_remaining': 1}
2026-03-02 16:11:30,788 : INFO : EventManager : Event: ======'timer_attract_carousel_timer_tick'====== Args={'ticks': 0, 'ticks_remaining': 1}
2026-03-02 16:11:35,788 : INFO : Timer.attract_carousel_timer : Timer Complete
2026-03-02 16:11:35,789 : INFO : Timer.attract_carousel_timer : Stopping Timer
2026-03-02 16:11:35,789 : INFO : EventManager : Event: ======'timer_attract_carousel_timer_stopped'====== Args={'ticks': 1, 'ticks_remaining': 1}
2026-03-02 16:11:35,789 : INFO : EventManager : Event: ======'timer_attract_carousel_timer_complete'====== Args={'ticks': 1, 'ticks_remaining': 1}
2026-03-02 16:11:35,789 : INFO : EventManager : Event: ======'carousel_item_highlighted'====== Args={'carousel': 'attract', 'direction': 'forwards', 'item': 'credits'}
2026-03-02 16:11:35,789 : INFO : Timer.attract_carousel_timer : Starting Timer.
2026-03-02 16:11:35,790 : INFO : EventManager : Event: ======'timer_attract_carousel_timer_started'====== Args={'ticks': 0, 'ticks_remaining': 1}
2026-03-02 16:11:35,790 : INFO : EventManager : Event: ======'timer_attract_carousel_timer_tick'====== Args={'ticks': 0, 'ticks_remaining': 1}
2026-03-02 16:11:40,791 : INFO : Timer.attract_carousel_timer : Timer Complete
2026-03-02 16:11:40,791 : INFO : Timer.attract_carousel_timer : Stopping Timer
2026-03-02 16:11:40,791 : INFO : EventManager : Event: ======'timer_attract_carousel_timer_stopped'====== Args={'ticks': 1, 'ticks_remaining': 1}
2026-03-02 16:11:40,791 : INFO : EventManager : Event: ======'timer_attract_carousel_timer_complete'====== Args={'ticks': 1, 'ticks_remaining': 1}
2026-03-02 16:11:40,791 : INFO : EventManager : Event: ======'carousel_item_highlighted'====== Args={'carousel': 'attract', 'direction': 'forwards', 'item': 'last_scores_1p'}
2026-03-02 16:11:40,792 : INFO : Timer.attract_carousel_timer : Starting Timer.
2026-03-02 16:11:40,792 : INFO : EventManager : Event: ======'timer_attract_carousel_timer_started'====== Args={'ticks': 0, 'ticks_remaining': 1}
2026-03-02 16:11:40,792 : INFO : EventManager : Event: ======'timer_attract_carousel_timer_tick'====== Args={'ticks': 0, 'ticks_remaining': 1}
2026-03-02 16:11:45,792 : INFO : Timer.attract_carousel_timer : Timer Complete
2026-03-02 16:11:45,792 : INFO : Timer.attract_carousel_timer : Stopping Timer
2026-03-02 16:11:45,793 : INFO : EventManager : Event: ======'timer_attract_carousel_timer_stopped'====== Args={'ticks': 1, 'ticks_remaining': 1}
2026-03-02 16:11:45,793 : INFO : EventManager : Event: ======'timer_attract_carousel_timer_complete'====== Args={'ticks': 1, 'ticks_remaining': 1}
2026-03-02 16:11:45,793 : INFO : EventManager : Event: ======'carousel_item_highlighted'====== Args={'carousel': 'attract', 'direction': 'forwards', 'item': 'logo'}
2026-03-02 16:11:45,793 : INFO : Timer.attract_carousel_timer : Starting Timer.
2026-03-02 16:11:45,793 : INFO : EventManager : Event: ======'timer_attract_carousel_timer_started'====== Args={'ticks': 0, 'ticks_remaining': 1}
2026-03-02 16:11:45,793 : INFO : EventManager : Event: ======'timer_attract_carousel_timer_tick'====== Args={'ticks': 0, 'ticks_remaining': 1}
2026-03-02 16:11:47,748 : INFO : SwitchController : <<<<<<< 's_flipper_right_lower' active >>>>>>>
2026-03-02 16:11:47,748 : INFO : EventManager : Event: ======'s_flipper_right_lower_active'====== Args={}
2026-03-02 16:11:47,749 : INFO : EventManager : Event: ======'carousel_item_highlighted'====== Args={'carousel': 'attract', 'direction': 'forwards', 'item': 'title'}
2026-03-02 16:11:47,749 : INFO : EventManager : Event: ======'timer_attract_carousel_timer_tick'====== Args={'ticks': 0, 'ticks_remaining': 1}
2026-03-02 16:11:47,790 : INFO : SwitchController : <<<<<<< 's_flipper_right_lower' inactive >>>>>>>
2026-03-02 16:11:48,153 : INFO : SwitchController : <<<<<<< 's_flipper_right_lower' active >>>>>>>
2026-03-02 16:11:48,153 : INFO : EventManager : Event: ======'s_flipper_right_lower_active'====== Args={}
2026-03-02 16:11:48,153 : INFO : EventManager : Event: ======'carousel_item_highlighted'====== Args={'carousel': 'attract', 'direction': 'forwards', 'item': 'credits'}
2026-03-02 16:11:48,154 : INFO : EventManager : Event: ======'timer_attract_carousel_timer_tick'====== Args={'ticks': 0, 'ticks_remaining': 1}
2026-03-02 16:11:48,161 : INFO : SwitchController : <<<<<<< 's_flipper_right_lower' inactive >>>>>>>
2026-03-02 16:11:53,155 : INFO : Timer.attract_carousel_timer : Timer Complete
2026-03-02 16:11:53,155 : INFO : Timer.attract_carousel_timer : Stopping Timer
2026-03-02 16:11:53,155 : INFO : EventManager : Event: ======'timer_attract_carousel_timer_stopped'====== Args={'ticks': 1, 'ticks_remaining': 1}
2026-03-02 16:11:53,156 : INFO : EventManager : Event: ======'timer_attract_carousel_timer_complete'====== Args={'ticks': 1, 'ticks_remaining': 1}
2026-03-02 16:11:53,156 : INFO : EventManager : Event: ======'carousel_item_highlighted'====== Args={'carousel': 'attract', 'direction': 'forwards', 'item': 'last_scores_1p'}
2026-03-02 16:11:53,157 : INFO : Timer.attract_carousel_timer : Starting Timer.
2026-03-02 16:11:53,157 : INFO : EventManager : Event: ======'timer_attract_carousel_timer_started'====== Args={'ticks': 0, 'ticks_remaining': 1}
2026-03-02 16:11:53,157 : INFO : EventManager : Event: ======'timer_attract_carousel_timer_tick'====== Args={'ticks': 0, 'ticks_remaining': 1}
2026-03-02 16:11:58,158 : INFO : Timer.attract_carousel_timer : Timer Complete
2026-03-02 16:11:58,158 : INFO : Timer.attract_carousel_timer : Stopping Timer
2026-03-02 16:11:58,158 : INFO : EventManager : Event: ======'timer_attract_carousel_timer_stopped'====== Args={'ticks': 1, 'ticks_remaining': 1}
2026-03-02 16:11:58,158 : INFO : EventManager : Event: ======'timer_attract_carousel_timer_complete'====== Args={'ticks': 1, 'ticks_remaining': 1}
2026-03-02 16:11:58,158 : INFO : EventManager : Event: ======'carousel_item_highlighted'====== Args={'carousel': 'attract', 'direction': 'forwards', 'item': 'logo'}
2026-03-02 16:11:58,159 : INFO : Timer.attract_carousel_timer : Starting Timer.
2026-03-02 16:11:58,159 : INFO : EventManager : Event: ======'timer_attract_carousel_timer_started'====== Args={'ticks': 0, 'ticks_remaining': 1}
2026-03-02 16:11:58,159 : INFO : EventManager : Event: ======'timer_attract_carousel_timer_tick'====== Args={'ticks': 0, 'ticks_remaining': 1}
2026-03-02 16:12:01,946 : INFO : SwitchController : <<<<<<< 's_flipper_right_lower' active >>>>>>>
2026-03-02 16:12:01,947 : INFO : EventManager : Event: ======'s_flipper_right_lower_active'====== Args={}
2026-03-02 16:12:01,947 : INFO : EventManager : Event: ======'carousel_item_highlighted'====== Args={'carousel': 'attract', 'direction': 'forwards', 'item': 'title'}
2026-03-02 16:12:01,948 : INFO : EventManager : Event: ======'timer_attract_carousel_timer_tick'====== Args={'ticks': 0, 'ticks_remaining': 1}
2026-03-02 16:12:01,979 : INFO : SwitchController : <<<<<<< 's_flipper_right_upper' active >>>>>>>
2026-03-02 16:12:02,119 : INFO : SwitchController : <<<<<<< 's_flipper_right_upper' inactive >>>>>>>
2026-03-02 16:12:02,228 : INFO : SwitchController : <<<<<<< 's_flipper_right_upper' active >>>>>>>
2026-03-02 16:12:02,505 : INFO : SwitchController : <<<<<<< 's_flipper_right_lower' inactive >>>>>>>
2026-03-02 16:12:02,505 : INFO : SwitchController : <<<<<<< 's_flipper_right_upper' inactive >>>>>>>
2026-03-02 16:12:06,948 : INFO : Timer.attract_carousel_timer : Timer Complete
2026-03-02 16:12:06,948 : INFO : Timer.attract_carousel_timer : Stopping Timer
2026-03-02 16:12:06,949 : INFO : EventManager : Event: ======'timer_attract_carousel_timer_stopped'====== Args={'ticks': 1, 'ticks_remaining': 1}
2026-03-02 16:12:06,949 : INFO : EventManager : Event: ======'timer_attract_carousel_timer_complete'====== Args={'ticks': 1, 'ticks_remaining': 1}
2026-03-02 16:12:06,949 : INFO : EventManager : Event: ======'carousel_item_highlighted'====== Args={'carousel': 'attract', 'direction': 'forwards', 'item': 'credits'}
2026-03-02 16:12:06,950 : INFO : Timer.attract_carousel_timer : Starting Timer.
2026-03-02 16:12:06,950 : INFO : EventManager : Event: ======'timer_attract_carousel_timer_started'====== Args={'ticks': 0, 'ticks_remaining': 1}
2026-03-02 16:12:06,951 : INFO : EventManager : Event: ======'timer_attract_carousel_timer_tick'====== Args={'ticks': 0, 'ticks_remaining': 1}
2026-03-02 16:12:11,951 : INFO : Timer.attract_carousel_timer : Timer Complete
2026-03-02 16:12:11,951 : INFO : Timer.attract_carousel_timer : Stopping Timer
2026-03-02 16:12:11,951 : INFO : EventManager : Event: ======'timer_attract_carousel_timer_stopped'====== Args={'ticks': 1, 'ticks_remaining': 1}
2026-03-02 16:12:11,951 : INFO : EventManager : Event: ======'timer_attract_carousel_timer_complete'====== Args={'ticks': 1, 'ticks_remaining': 1}
2026-03-02 16:12:11,951 : INFO : EventManager : Event: ======'carousel_item_highlighted'====== Args={'carousel': 'attract', 'direction': 'forwards', 'item': 'last_scores_1p'}
2026-03-02 16:12:11,952 : INFO : Timer.attract_carousel_timer : Starting Timer.
2026-03-02 16:12:11,952 : INFO : EventManager : Event: ======'timer_attract_carousel_timer_started'====== Args={'ticks': 0, 'ticks_remaining': 1}
2026-03-02 16:12:11,952 : INFO : EventManager : Event: ======'timer_attract_carousel_timer_tick'====== Args={'ticks': 0, 'ticks_remaining': 1}
2026-03-02 16:12:16,953 : INFO : Timer.attract_carousel_timer : Timer Complete
2026-03-02 16:12:16,953 : INFO : Timer.attract_carousel_timer : Stopping Timer
2026-03-02 16:12:16,953 : INFO : EventManager : Event: ======'timer_attract_carousel_timer_stopped'====== Args={'ticks': 1, 'ticks_remaining': 1}
2026-03-02 16:12:16,953 : INFO : EventManager : Event: ======'timer_attract_carousel_timer_complete'====== Args={'ticks': 1, 'ticks_remaining': 1}
2026-03-02 16:12:16,954 : INFO : EventManager : Event: ======'carousel_item_highlighted'====== Args={'carousel': 'attract', 'direction': 'forwards', 'item': 'logo'}
2026-03-02 16:12:16,954 : INFO : Timer.attract_carousel_timer : Starting Timer.
2026-03-02 16:12:16,954 : INFO : EventManager : Event: ======'timer_attract_carousel_timer_started'====== Args={'ticks': 0, 'ticks_remaining': 1}
2026-03-02 16:12:16,954 : INFO : EventManager : Event: ======'timer_attract_carousel_timer_tick'====== Args={'ticks': 0, 'ticks_remaining': 1}
2026-03-02 16:12:21,954 : INFO : Timer.attract_carousel_timer : Timer Complete
2026-03-02 16:12:21,955 : INFO : Timer.attract_carousel_timer : Stopping Timer
2026-03-02 16:12:21,955 : INFO : EventManager : Event: ======'timer_attract_carousel_timer_stopped'====== Args={'ticks': 1, 'ticks_remaining': 1}
2026-03-02 16:12:21,955 : INFO : EventManager : Event: ======'timer_attract_carousel_timer_complete'====== Args={'ticks': 1, 'ticks_remaining': 1}
2026-03-02 16:12:21,955 : INFO : EventManager : Event: ======'carousel_item_highlighted'====== Args={'carousel': 'attract', 'direction': 'forwards', 'item': 'title'}
2026-03-02 16:12:21,956 : INFO : Timer.attract_carousel_timer : Starting Timer.
2026-03-02 16:12:21,956 : INFO : EventManager : Event: ======'timer_attract_carousel_timer_started'====== Args={'ticks': 0, 'ticks_remaining': 1}
2026-03-02 16:12:21,956 : INFO : EventManager : Event: ======'timer_attract_carousel_timer_tick'====== Args={'ticks': 0, 'ticks_remaining': 1}
2026-03-02 16:12:25,697 : INFO : SwitchController : <<<<<<< 's_flipper_right_lower' active >>>>>>>
2026-03-02 16:12:25,698 : INFO : EventManager : Event: ======'s_flipper_right_lower_active'====== Args={}
2026-03-02 16:12:25,698 : INFO : EventManager : Event: ======'carousel_item_highlighted'====== Args={'carousel': 'attract', 'direction': 'forwards', 'item': 'credits'}
2026-03-02 16:12:25,698 : INFO : EventManager : Event: ======'timer_attract_carousel_timer_tick'====== Args={'ticks': 0, 'ticks_remaining': 1}
2026-03-02 16:12:25,714 : INFO : SwitchController : <<<<<<< 's_flipper_right_lower' inactive >>>>>>>
2026-03-02 16:12:25,909 : INFO : SwitchController : <<<<<<< 's_flipper_right_lower' active >>>>>>>
2026-03-02 16:12:25,909 : INFO : EventManager : Event: ======'s_flipper_right_lower_active'====== Args={}
2026-03-02 16:12:25,909 : INFO : EventManager : Event: ======'carousel_item_highlighted'====== Args={'carousel': 'attract', 'direction': 'forwards', 'item': 'last_scores_1p'}
2026-03-02 16:12:25,910 : INFO : EventManager : Event: ======'timer_attract_carousel_timer_tick'====== Args={'ticks': 0, 'ticks_remaining': 1}
2026-03-02 16:12:25,933 : INFO : SwitchController : <<<<<<< 's_flipper_right_lower' inactive >>>>>>>
2026-03-02 16:12:26,107 : INFO : SwitchController : <<<<<<< 's_flipper_right_lower' active >>>>>>>
2026-03-02 16:12:26,107 : INFO : EventManager : Event: ======'s_flipper_right_lower_active'====== Args={}
2026-03-02 16:12:26,108 : INFO : EventManager : Event: ======'carousel_item_highlighted'====== Args={'carousel': 'attract', 'direction': 'forwards', 'item': 'logo'}
2026-03-02 16:12:26,108 : INFO : EventManager : Event: ======'timer_attract_carousel_timer_tick'====== Args={'ticks': 0, 'ticks_remaining': 1}
2026-03-02 16:12:26,110 : INFO : SwitchController : <<<<<<< 's_flipper_right_lower' inactive >>>>>>>
2026-03-02 16:12:26,114 : INFO : SwitchController : <<<<<<< 's_flipper_right_lower' active >>>>>>>
2026-03-02 16:12:26,114 : INFO : EventManager : Event: ======'s_flipper_right_lower_active'====== Args={}
2026-03-02 16:12:26,114 : INFO : EventManager : Event: ======'carousel_item_highlighted'====== Args={'carousel': 'attract', 'direction': 'forwards', 'item': 'title'}
2026-03-02 16:12:26,115 : INFO : EventManager : Event: ======'timer_attract_carousel_timer_tick'====== Args={'ticks': 0, 'ticks_remaining': 1}
2026-03-02 16:12:26,125 : INFO : SwitchController : <<<<<<< 's_flipper_right_upper' active >>>>>>>
2026-03-02 16:12:26,131 : INFO : SwitchController : <<<<<<< 's_flipper_right_upper' inactive >>>>>>>
2026-03-02 16:12:26,143 : INFO : SwitchController : <<<<<<< 's_flipper_right_lower' inactive >>>>>>>
2026-03-02 16:12:26,313 : INFO : SwitchController : <<<<<<< 's_flipper_right_lower' active >>>>>>>
2026-03-02 16:12:26,313 : INFO : EventManager : Event: ======'s_flipper_right_lower_active'====== Args={}
2026-03-02 16:12:26,313 : INFO : EventManager : Event: ======'carousel_item_highlighted'====== Args={'carousel': 'attract', 'direction': 'forwards', 'item': 'credits'}
2026-03-02 16:12:26,313 : INFO : EventManager : Event: ======'timer_attract_carousel_timer_tick'====== Args={'ticks': 0, 'ticks_remaining': 1}
2026-03-02 16:12:26,330 : INFO : SwitchController : <<<<<<< 's_flipper_right_upper' active >>>>>>>
2026-03-02 16:12:26,344 : INFO : SwitchController : <<<<<<< 's_flipper_right_upper' inactive >>>>>>>
2026-03-02 16:12:26,351 : INFO : SwitchController : <<<<<<< 's_flipper_right_lower' inactive >>>>>>>
2026-03-02 16:12:26,520 : INFO : SwitchController : <<<<<<< 's_flipper_right_lower' active >>>>>>>
2026-03-02 16:12:26,520 : INFO : EventManager : Event: ======'s_flipper_right_lower_active'====== Args={}
2026-03-02 16:12:26,521 : INFO : EventManager : Event: ======'carousel_item_highlighted'====== Args={'carousel': 'attract', 'direction': 'forwards', 'item': 'last_scores_1p'}
2026-03-02 16:12:26,521 : INFO : EventManager : Event: ======'timer_attract_carousel_timer_tick'====== Args={'ticks': 0, 'ticks_remaining': 1}
2026-03-02 16:12:26,539 : INFO : SwitchController : <<<<<<< 's_flipper_right_upper' active >>>>>>>
2026-03-02 16:12:26,555 : INFO : SwitchController : <<<<<<< 's_flipper_right_upper' inactive >>>>>>>
2026-03-02 16:12:26,562 : INFO : SwitchController : <<<<<<< 's_flipper_right_lower' inactive >>>>>>>
2026-03-02 16:12:28,824 : INFO : SwitchController : <<<<<<< 's_flipper_right_upper' active >>>>>>>
2026-03-02 16:12:28,902 : INFO : SwitchController : <<<<<<< 's_flipper_right_upper' inactive >>>>>>>
2026-03-02 16:12:28,919 : INFO : SwitchController : <<<<<<< 's_flipper_right_lower' active >>>>>>>
2026-03-02 16:12:28,919 : INFO : EventManager : Event: ======'s_flipper_right_lower_active'====== Args={}
2026-03-02 16:12:28,919 : INFO : EventManager : Event: ======'carousel_item_highlighted'====== Args={'carousel': 'attract', 'direction': 'forwards', 'item': 'logo'}
2026-03-02 16:12:28,920 : INFO : EventManager : Event: ======'timer_attract_carousel_timer_tick'====== Args={'ticks': 0, 'ticks_remaining': 1}
2026-03-02 16:12:28,956 : INFO : SwitchController : <<<<<<< 's_flipper_right_lower' inactive >>>>>>>
2026-03-02 16:12:33,302 : INFO : SwitchController : <<<<<<< 's_flipper_right_lower' active >>>>>>>
2026-03-02 16:12:33,302 : INFO : EventManager : Event: ======'s_flipper_right_lower_active'====== Args={}
2026-03-02 16:12:33,303 : INFO : EventManager : Event: ======'carousel_item_highlighted'====== Args={'carousel': 'attract', 'direction': 'forwards', 'item': 'title'}
2026-03-02 16:12:33,303 : INFO : EventManager : Event: ======'timer_attract_carousel_timer_tick'====== Args={'ticks': 0, 'ticks_remaining': 1}
2026-03-02 16:12:33,309 : INFO : SwitchController : <<<<<<< 's_flipper_right_upper' active >>>>>>>
2026-03-02 16:12:35,959 : INFO : SwitchController : <<<<<<< 's_flipper_right_upper' inactive >>>>>>>
2026-03-02 16:12:35,988 : INFO : SwitchController : <<<<<<< 's_flipper_right_lower' inactive >>>>>>>
2026-03-02 16:12:36,626 : INFO : SwitchController : <<<<<<< 's_flipper_right_lower' active >>>>>>>
2026-03-02 16:12:36,626 : INFO : EventManager : Event: ======'s_flipper_right_lower_active'====== Args={}
2026-03-02 16:12:36,626 : INFO : EventManager : Event: ======'carousel_item_highlighted'====== Args={'carousel': 'attract', 'direction': 'forwards', 'item': 'credits'}
2026-03-02 16:12:36,627 : INFO : EventManager : Event: ======'timer_attract_carousel_timer_tick'====== Args={'ticks': 0, 'ticks_remaining': 1}
2026-03-02 16:12:36,682 : INFO : SwitchController : <<<<<<< 's_flipper_right_lower' inactive >>>>>>>
2026-03-02 16:12:41,628 : INFO : Timer.attract_carousel_timer : Timer Complete
2026-03-02 16:12:41,628 : INFO : Timer.attract_carousel_timer : Stopping Timer
2026-03-02 16:12:41,628 : INFO : EventManager : Event: ======'timer_attract_carousel_timer_stopped'====== Args={'ticks': 1, 'ticks_remaining': 1}
2026-03-02 16:12:41,628 : INFO : EventManager : Event: ======'timer_attract_carousel_timer_complete'====== Args={'ticks': 1, 'ticks_remaining': 1}
2026-03-02 16:12:41,628 : INFO : EventManager : Event: ======'carousel_item_highlighted'====== Args={'carousel': 'attract', 'direction': 'forwards', 'item': 'last_scores_1p'}
2026-03-02 16:12:41,629 : INFO : Timer.attract_carousel_timer : Starting Timer.
2026-03-02 16:12:41,629 : INFO : EventManager : Event: ======'timer_attract_carousel_timer_started'====== Args={'ticks': 0, 'ticks_remaining': 1}
2026-03-02 16:12:41,629 : INFO : EventManager : Event: ======'timer_attract_carousel_timer_tick'====== Args={'ticks': 0, 'ticks_remaining': 1}
2026-03-02 16:12:41,734 : INFO : SwitchController : <<<<<<< 's_flipper_right_lower' active >>>>>>>
2026-03-02 16:12:41,734 : INFO : EventManager : Event: ======'s_flipper_right_lower_active'====== Args={}
2026-03-02 16:12:41,734 : INFO : EventManager : Event: ======'carousel_item_highlighted'====== Args={'carousel': 'attract', 'direction': 'forwards', 'item': 'logo'}
2026-03-02 16:12:41,735 : INFO : EventManager : Event: ======'timer_attract_carousel_timer_tick'====== Args={'ticks': 0, 'ticks_remaining': 1}
2026-03-02 16:12:41,808 : INFO : SwitchController : <<<<<<< 's_flipper_right_lower' inactive >>>>>>>
2026-03-02 16:12:41,834 : INFO : SwitchController : <<<<<<< 's_flipper_right_lower' active >>>>>>>
2026-03-02 16:12:41,834 : INFO : EventManager : Event: ======'s_flipper_right_lower_active'====== Args={}
2026-03-02 16:12:41,834 : INFO : EventManager : Event: ======'carousel_item_highlighted'====== Args={'carousel': 'attract', 'direction': 'forwards', 'item': 'title'}
2026-03-02 16:12:41,835 : INFO : EventManager : Event: ======'timer_attract_carousel_timer_tick'====== Args={'ticks': 0, 'ticks_remaining': 1}
2026-03-02 16:12:41,904 : INFO : SwitchController : <<<<<<< 's_flipper_right_lower' inactive >>>>>>>
2026-03-02 16:12:46,836 : INFO : Timer.attract_carousel_timer : Timer Complete
2026-03-02 16:12:46,836 : INFO : Timer.attract_carousel_timer : Stopping Timer
2026-03-02 16:12:46,836 : INFO : EventManager : Event: ======'timer_attract_carousel_timer_stopped'====== Args={'ticks': 1, 'ticks_remaining': 1}
2026-03-02 16:12:46,836 : INFO : EventManager : Event: ======'timer_attract_carousel_timer_complete'====== Args={'ticks': 1, 'ticks_remaining': 1}
2026-03-02 16:12:46,837 : INFO : EventManager : Event: ======'carousel_item_highlighted'====== Args={'carousel': 'attract', 'direction': 'forwards', 'item': 'credits'}
2026-03-02 16:12:46,837 : INFO : Timer.attract_carousel_timer : Starting Timer.
2026-03-02 16:12:46,837 : INFO : EventManager : Event: ======'timer_attract_carousel_timer_started'====== Args={'ticks': 0, 'ticks_remaining': 1}
2026-03-02 16:12:46,837 : INFO : EventManager : Event: ======'timer_attract_carousel_timer_tick'====== Args={'ticks': 0, 'ticks_remaining': 1}
2026-03-02 16:12:47,897 : INFO : SwitchController : <<<<<<< 's_flipper_right_lower' active >>>>>>>
2026-03-02 16:12:47,897 : INFO : EventManager : Event: ======'s_flipper_right_lower_active'====== Args={}
2026-03-02 16:12:47,898 : INFO : EventManager : Event: ======'carousel_item_highlighted'====== Args={'carousel': 'attract', 'direction': 'forwards', 'item': 'last_scores_1p'}
2026-03-02 16:12:47,898 : INFO : EventManager : Event: ======'timer_attract_carousel_timer_tick'====== Args={'ticks': 0, 'ticks_remaining': 1}
2026-03-02 16:12:47,924 : INFO : SwitchController : <<<<<<< 's_flipper_right_upper' active >>>>>>>
2026-03-02 16:12:47,933 : INFO : SwitchController : <<<<<<< 's_flipper_right_upper' inactive >>>>>>>
2026-03-02 16:12:48,002 : INFO : SwitchController : <<<<<<< 's_flipper_right_lower' inactive >>>>>>>
2026-03-02 16:12:48,738 : INFO : SwitchController : <<<<<<< 's_flipper_right_upper' active >>>>>>>
2026-03-02 16:12:48,784 : INFO : SwitchController : <<<<<<< 's_flipper_right_lower' active >>>>>>>
2026-03-02 16:12:48,784 : INFO : EventManager : Event: ======'s_flipper_right_lower_active'====== Args={}
2026-03-02 16:12:48,785 : INFO : EventManager : Event: ======'carousel_item_highlighted'====== Args={'carousel': 'attract', 'direction': 'forwards', 'item': 'logo'}
2026-03-02 16:12:48,785 : INFO : EventManager : Event: ======'timer_attract_carousel_timer_tick'====== Args={'ticks': 0, 'ticks_remaining': 1}
2026-03-02 16:12:48,918 : INFO : SwitchController : <<<<<<< 's_flipper_right_upper' inactive >>>>>>>
2026-03-02 16:12:48,960 : INFO : SwitchController : <<<<<<< 's_flipper_right_lower' inactive >>>>>>>
2026-03-02 16:12:50,840 : INFO : SwitchController : <<<<<<< 's_flipper_right_lower' active >>>>>>>
2026-03-02 16:12:50,841 : INFO : EventManager : Event: ======'s_flipper_right_lower_active'====== Args={}
2026-03-02 16:12:50,841 : INFO : EventManager : Event: ======'carousel_item_highlighted'====== Args={'carousel': 'attract', 'direction': 'forwards', 'item': 'title'}
2026-03-02 16:12:50,841 : INFO : EventManager : Event: ======'timer_attract_carousel_timer_tick'====== Args={'ticks': 0, 'ticks_remaining': 1}
2026-03-02 16:12:51,050 : INFO : SwitchController : <<<<<<< 's_flipper_right_lower' inactive >>>>>>>
2026-03-02 16:12:51,454 : INFO : SwitchController : <<<<<<< 's_flipper_right_lower' active >>>>>>>
2026-03-02 16:12:51,454 : INFO : EventManager : Event: ======'s_flipper_right_lower_active'====== Args={}
2026-03-02 16:12:51,454 : INFO : EventManager : Event: ======'carousel_item_highlighted'====== Args={'carousel': 'attract', 'direction': 'forwards', 'item': 'credits'}
2026-03-02 16:12:51,455 : INFO : EventManager : Event: ======'timer_attract_carousel_timer_tick'====== Args={'ticks': 0, 'ticks_remaining': 1}
2026-03-02 16:12:51,469 : INFO : SwitchController : <<<<<<< 's_flipper_right_lower' inactive >>>>>>>
2026-03-02 16:12:56,456 : INFO : Timer.attract_carousel_timer : Timer Complete
2026-03-02 16:12:56,456 : INFO : Timer.attract_carousel_timer : Stopping Timer
2026-03-02 16:12:56,456 : INFO : EventManager : Event: ======'timer_attract_carousel_timer_stopped'====== Args={'ticks': 1, 'ticks_remaining': 1}
2026-03-02 16:12:56,456 : INFO : EventManager : Event: ======'timer_attract_carousel_timer_complete'====== Args={'ticks': 1, 'ticks_remaining': 1}
2026-03-02 16:12:56,456 : INFO : EventManager : Event: ======'carousel_item_highlighted'====== Args={'carousel': 'attract', 'direction': 'forwards', 'item': 'last_scores_1p'}
2026-03-02 16:12:56,457 : INFO : Timer.attract_carousel_timer : Starting Timer.
2026-03-02 16:12:56,457 : INFO : EventManager : Event: ======'timer_attract_carousel_timer_started'====== Args={'ticks': 0, 'ticks_remaining': 1}
2026-03-02 16:12:56,457 : INFO : EventManager : Event: ======'timer_attract_carousel_timer_tick'====== Args={'ticks': 0, 'ticks_remaining': 1}
2026-03-02 16:13:01,458 : INFO : Timer.attract_carousel_timer : Timer Complete
2026-03-02 16:13:01,458 : INFO : Timer.attract_carousel_timer : Stopping Timer
2026-03-02 16:13:01,458 : INFO : EventManager : Event: ======'timer_attract_carousel_timer_stopped'====== Args={'ticks': 1, 'ticks_remaining': 1}
2026-03-02 16:13:01,458 : INFO : EventManager : Event: ======'timer_attract_carousel_timer_complete'====== Args={'ticks': 1, 'ticks_remaining': 1}
2026-03-02 16:13:01,459 : INFO : EventManager : Event: ======'carousel_item_highlighted'====== Args={'carousel': 'attract', 'direction': 'forwards', 'item': 'logo'}
2026-03-02 16:13:01,459 : INFO : Timer.attract_carousel_timer : Starting Timer.
2026-03-02 16:13:01,459 : INFO : EventManager : Event: ======'timer_attract_carousel_timer_started'====== Args={'ticks': 0, 'ticks_remaining': 1}
2026-03-02 16:13:01,459 : INFO : EventManager : Event: ======'timer_attract_carousel_timer_tick'====== Args={'ticks': 0, 'ticks_remaining': 1}
2026-03-02 16:13:06,459 : INFO : Timer.attract_carousel_timer : Timer Complete
2026-03-02 16:13:06,460 : INFO : Timer.attract_carousel_timer : Stopping Timer
2026-03-02 16:13:06,460 : INFO : EventManager : Event: ======'timer_attract_carousel_timer_stopped'====== Args={'ticks': 1, 'ticks_remaining': 1}
2026-03-02 16:13:06,460 : INFO : EventManager : Event: ======'timer_attract_carousel_timer_complete'====== Args={'ticks': 1, 'ticks_remaining': 1}
2026-03-02 16:13:06,460 : INFO : EventManager : Event: ======'carousel_item_highlighted'====== Args={'carousel': 'attract', 'direction': 'forwards', 'item': 'title'}
2026-03-02 16:13:06,460 : INFO : Timer.attract_carousel_timer : Starting Timer.
2026-03-02 16:13:06,460 : INFO : EventManager : Event: ======'timer_attract_carousel_timer_started'====== Args={'ticks': 0, 'ticks_remaining': 1}
2026-03-02 16:13:06,461 : INFO : EventManager : Event: ======'timer_attract_carousel_timer_tick'====== Args={'ticks': 0, 'ticks_remaining': 1}
2026-03-02 16:13:07,911 : INFO : SwitchController : <<<<<<< 's_flipper_right_lower' active >>>>>>>
2026-03-02 16:13:07,912 : INFO : EventManager : Event: ======'s_flipper_right_lower_active'====== Args={}
2026-03-02 16:13:07,912 : INFO : EventManager : Event: ======'carousel_item_highlighted'====== Args={'carousel': 'attract', 'direction': 'forwards', 'item': 'credits'}
2026-03-02 16:13:07,913 : INFO : EventManager : Event: ======'timer_attract_carousel_timer_tick'====== Args={'ticks': 0, 'ticks_remaining': 1}
2026-03-02 16:13:08,051 : INFO : SwitchController : <<<<<<< 's_flipper_right_lower' inactive >>>>>>>
2026-03-02 16:13:08,223 : INFO : SwitchController : <<<<<<< 's_flipper_right_lower' active >>>>>>>
2026-03-02 16:13:08,223 : INFO : EventManager : Event: ======'s_flipper_right_lower_active'====== Args={}
2026-03-02 16:13:08,223 : INFO : EventManager : Event: ======'carousel_item_highlighted'====== Args={'carousel': 'attract', 'direction': 'forwards', 'item': 'last_scores_1p'}
2026-03-02 16:13:08,224 : INFO : EventManager : Event: ======'timer_attract_carousel_timer_tick'====== Args={'ticks': 0, 'ticks_remaining': 1}
2026-03-02 16:13:08,233 : INFO : SwitchController : <<<<<<< 's_flipper_right_upper' active >>>>>>>
2026-03-02 16:13:08,302 : INFO : SwitchController : <<<<<<< 's_flipper_right_upper' inactive >>>>>>>
2026-03-02 16:13:08,317 : INFO : SwitchController : <<<<<<< 's_flipper_right_lower' inactive >>>>>>>
2026-03-02 16:13:08,437 : INFO : SwitchController : <<<<<<< 's_flipper_right_lower' active >>>>>>>
2026-03-02 16:13:08,437 : INFO : EventManager : Event: ======'s_flipper_right_lower_active'====== Args={}
2026-03-02 16:13:08,438 : INFO : EventManager : Event: ======'carousel_item_highlighted'====== Args={'carousel': 'attract', 'direction': 'forwards', 'item': 'logo'}
2026-03-02 16:13:08,438 : INFO : EventManager : Event: ======'timer_attract_carousel_timer_tick'====== Args={'ticks': 0, 'ticks_remaining': 1}
2026-03-02 16:13:08,445 : INFO : SwitchController : <<<<<<< 's_flipper_right_upper' active >>>>>>>
2026-03-02 16:13:08,517 : INFO : SwitchController : <<<<<<< 's_flipper_right_upper' inactive >>>>>>>
2026-03-02 16:13:08,532 : INFO : SwitchController : <<<<<<< 's_flipper_right_lower' inactive >>>>>>>
2026-03-02 16:13:09,353 : INFO : SwitchController : <<<<<<< 's_flipper_right_lower' active >>>>>>>
2026-03-02 16:13:09,353 : INFO : EventManager : Event: ======'s_flipper_right_lower_active'====== Args={}
2026-03-02 16:13:09,353 : INFO : EventManager : Event: ======'carousel_item_highlighted'====== Args={'carousel': 'attract', 'direction': 'forwards', 'item': 'title'}
2026-03-02 16:13:09,354 : INFO : EventManager : Event: ======'timer_attract_carousel_timer_tick'====== Args={'ticks': 0, 'ticks_remaining': 1}
2026-03-02 16:13:09,367 : INFO : SwitchController : <<<<<<< 's_flipper_right_upper' active >>>>>>>
2026-03-02 16:13:09,416 : INFO : SwitchController : <<<<<<< 's_flipper_right_upper' inactive >>>>>>>
2026-03-02 16:13:09,432 : INFO : SwitchController : <<<<<<< 's_flipper_right_lower' inactive >>>>>>>
2026-03-02 16:13:09,538 : INFO : SwitchController : <<<<<<< 's_flipper_right_lower' active >>>>>>>
2026-03-02 16:13:09,538 : INFO : EventManager : Event: ======'s_flipper_right_lower_active'====== Args={}
2026-03-02 16:13:09,538 : INFO : EventManager : Event: ======'carousel_item_highlighted'====== Args={'carousel': 'attract', 'direction': 'forwards', 'item': 'credits'}
2026-03-02 16:13:09,538 : INFO : EventManager : Event: ======'timer_attract_carousel_timer_tick'====== Args={'ticks': 0, 'ticks_remaining': 1}
2026-03-02 16:13:09,597 : INFO : SwitchController : <<<<<<< 's_flipper_right_lower' inactive >>>>>>>
2026-03-02 16:13:09,678 : INFO : SwitchController : <<<<<<< 's_flipper_right_lower' active >>>>>>>
2026-03-02 16:13:09,678 : INFO : EventManager : Event: ======'s_flipper_right_lower_active'====== Args={}
2026-03-02 16:13:09,678 : INFO : EventManager : Event: ======'carousel_item_highlighted'====== Args={'carousel': 'attract', 'direction': 'forwards', 'item': 'last_scores_1p'}
2026-03-02 16:13:09,678 : INFO : EventManager : Event: ======'timer_attract_carousel_timer_tick'====== Args={'ticks': 0, 'ticks_remaining': 1}
2026-03-02 16:13:09,748 : INFO : SwitchController : <<<<<<< 's_flipper_right_lower' inactive >>>>>>>
2026-03-02 16:13:09,827 : INFO : SwitchController : <<<<<<< 's_flipper_right_lower' active >>>>>>>
2026-03-02 16:13:09,827 : INFO : EventManager : Event: ======'s_flipper_right_lower_active'====== Args={}
2026-03-02 16:13:09,827 : INFO : EventManager : Event: ======'carousel_item_highlighted'====== Args={'carousel': 'attract', 'direction': 'forwards', 'item': 'logo'}
2026-03-02 16:13:09,828 : INFO : EventManager : Event: ======'timer_attract_carousel_timer_tick'====== Args={'ticks': 0, 'ticks_remaining': 1}
2026-03-02 16:13:09,832 : INFO : SwitchController : <<<<<<< 's_flipper_right_upper' active >>>>>>>
2026-03-02 16:13:09,885 : INFO : SwitchController : <<<<<<< 's_flipper_right_upper' inactive >>>>>>>
2026-03-02 16:13:09,894 : INFO : SwitchController : <<<<<<< 's_flipper_right_lower' inactive >>>>>>>
2026-03-02 16:13:09,993 : INFO : SwitchController : <<<<<<< 's_flipper_right_lower' active >>>>>>>
2026-03-02 16:13:09,993 : INFO : EventManager : Event: ======'s_flipper_right_lower_active'====== Args={}
2026-03-02 16:13:09,993 : INFO : EventManager : Event: ======'carousel_item_highlighted'====== Args={'carousel': 'attract', 'direction': 'forwards', 'item': 'title'}
2026-03-02 16:13:09,994 : INFO : EventManager : Event: ======'timer_attract_carousel_timer_tick'====== Args={'ticks': 0, 'ticks_remaining': 1}
2026-03-02 16:13:10,008 : INFO : SwitchController : <<<<<<< 's_flipper_right_upper' active >>>>>>>
2026-03-02 16:13:10,069 : INFO : SwitchController : <<<<<<< 's_flipper_right_upper' inactive >>>>>>>
2026-03-02 16:13:10,076 : INFO : SwitchController : <<<<<<< 's_flipper_right_lower' inactive >>>>>>>
2026-03-02 16:13:10,188 : INFO : SwitchController : <<<<<<< 's_flipper_right_lower' active >>>>>>>
2026-03-02 16:13:10,188 : INFO : EventManager : Event: ======'s_flipper_right_lower_active'====== Args={}
2026-03-02 16:13:10,189 : INFO : EventManager : Event: ======'carousel_item_highlighted'====== Args={'carousel': 'attract', 'direction': 'forwards', 'item': 'credits'}
2026-03-02 16:13:10,189 : INFO : EventManager : Event: ======'timer_attract_carousel_timer_tick'====== Args={'ticks': 0, 'ticks_remaining': 1}
2026-03-02 16:13:10,198 : INFO : SwitchController : <<<<<<< 's_flipper_right_upper' active >>>>>>>
2026-03-02 16:13:10,265 : INFO : SwitchController : <<<<<<< 's_flipper_right_upper' inactive >>>>>>>
2026-03-02 16:13:10,274 : INFO : SwitchController : <<<<<<< 's_flipper_right_lower' inactive >>>>>>>
2026-03-02 16:13:10,374 : INFO : SwitchController : <<<<<<< 's_flipper_right_lower' active >>>>>>>
2026-03-02 16:13:10,374 : INFO : EventManager : Event: ======'s_flipper_right_lower_active'====== Args={}
2026-03-02 16:13:10,374 : INFO : EventManager : Event: ======'carousel_item_highlighted'====== Args={'carousel': 'attract', 'direction': 'forwards', 'item': 'last_scores_1p'}
2026-03-02 16:13:10,375 : INFO : EventManager : Event: ======'timer_attract_carousel_timer_tick'====== Args={'ticks': 0, 'ticks_remaining': 1}
2026-03-02 16:13:10,456 : INFO : SwitchController : <<<<<<< 's_flipper_right_lower' inactive >>>>>>>
2026-03-02 16:13:10,568 : INFO : SwitchController : <<<<<<< 's_flipper_right_lower' active >>>>>>>
2026-03-02 16:13:10,568 : INFO : EventManager : Event: ======'s_flipper_right_lower_active'====== Args={}
2026-03-02 16:13:10,569 : INFO : EventManager : Event: ======'carousel_item_highlighted'====== Args={'carousel': 'attract', 'direction': 'forwards', 'item': 'logo'}
2026-03-02 16:13:10,569 : INFO : EventManager : Event: ======'timer_attract_carousel_timer_tick'====== Args={'ticks': 0, 'ticks_remaining': 1}
2026-03-02 16:13:10,640 : INFO : SwitchController : <<<<<<< 's_flipper_right_lower' inactive >>>>>>>
2026-03-02 16:13:10,750 : INFO : SwitchController : <<<<<<< 's_flipper_right_lower' active >>>>>>>
2026-03-02 16:13:10,750 : INFO : EventManager : Event: ======'s_flipper_right_lower_active'====== Args={}
2026-03-02 16:13:10,751 : INFO : EventManager : Event: ======'carousel_item_highlighted'====== Args={'carousel': 'attract', 'direction': 'forwards', 'item': 'title'}
2026-03-02 16:13:10,751 : INFO : EventManager : Event: ======'timer_attract_carousel_timer_tick'====== Args={'ticks': 0, 'ticks_remaining': 1}
2026-03-02 16:13:10,783 : INFO : SwitchController : <<<<<<< 's_flipper_right_upper' active >>>>>>>
2026-03-02 16:13:10,785 : INFO : SwitchController : <<<<<<< 's_flipper_right_upper' inactive >>>>>>>
2026-03-02 16:13:10,787 : INFO : SwitchController : <<<<<<< 's_flipper_right_upper' active >>>>>>>
2026-03-02 16:13:10,817 : INFO : SwitchController : <<<<<<< 's_flipper_right_upper' inactive >>>>>>>
2026-03-02 16:13:10,836 : INFO : SwitchController : <<<<<<< 's_flipper_right_lower' inactive >>>>>>>
2026-03-02 16:13:10,970 : INFO : SwitchController : <<<<<<< 's_flipper_right_lower' active >>>>>>>
2026-03-02 16:13:10,970 : INFO : EventManager : Event: ======'s_flipper_right_lower_active'====== Args={}
2026-03-02 16:13:10,970 : INFO : EventManager : Event: ======'carousel_item_highlighted'====== Args={'carousel': 'attract', 'direction': 'forwards', 'item': 'credits'}
2026-03-02 16:13:10,970 : INFO : EventManager : Event: ======'timer_attract_carousel_timer_tick'====== Args={'ticks': 0, 'ticks_remaining': 1}
2026-03-02 16:13:10,974 : INFO : SwitchController : <<<<<<< 's_flipper_right_upper' active >>>>>>>
2026-03-02 16:13:11,053 : INFO : SwitchController : <<<<<<< 's_flipper_right_upper' inactive >>>>>>>
2026-03-02 16:13:11,062 : INFO : SwitchController : <<<<<<< 's_flipper_right_lower' inactive >>>>>>>
2026-03-02 16:13:12,837 : INFO : SwitchController : <<<<<<< 's_start' active >>>>>>>
2026-03-02 16:13:12,947 : INFO : SwitchController : <<<<<<< 's_start' inactive >>>>>>>
2026-03-02 16:13:12,948 : INFO : EventManager : Event: ======'request_to_start_game'====== Args={}
2026-03-02 16:13:12,948 : INFO : EventManager : Event: ======'game_start'====== Args={'buttons': [], 'hold_time': 0.1106162639989634}
2026-03-02 16:13:12,948 : INFO : EventManager : Event: ======'mode_game_will_start'====== Args={'buttons': [], 'hold_time': 0.1106162639989634}
2026-03-02 16:13:12,949 : INFO : EventManager : Event: ======'mode_game_starting'====== Args={'buttons': [], 'hold_time': 0.1106162639989634}
2026-03-02 16:13:12,949 : INFO : EventManager : Event: ======'mode_attract_will_stop'====== Args={}
2026-03-02 16:13:12,949 : INFO : EventManager : Event: ======'mode_attract_stopping'====== Args={}
2026-03-02 16:13:12,949 : INFO : Mode.attract : Stopped.
2026-03-02 16:13:12,949 : INFO : EventManager : Event: ======'modes_active_modes_changed'====== Args={}
2026-03-02 16:13:12,950 : INFO : EventManager : Event: ======'mode_attract_stopped'====== Args={}
2026-03-02 16:13:12,950 : INFO : EventManager : Event: ======'clear'====== Args={'key': 'attract'}
2026-03-02 16:13:12,950 : INFO : Timer.attract_carousel_timer : Stopping Timer
2026-03-02 16:13:12,950 : INFO : EventManager : Event: ======'timer_attract_carousel_timer_stopped'====== Args={'ticks': 0, 'ticks_remaining': 1}
2026-03-02 16:13:12,950 : INFO : Mode.game : Started. Priority: 20
2026-03-02 16:13:12,951 : INFO : EventManager : Event: ======'modes_active_modes_changed'====== Args={}
2026-03-02 16:13:12,951 : INFO : EventManager : Event: ======'mode_game_started'====== Args={'buttons': [], 'hold_time': 0.1106162639989634}
2026-03-02 16:13:12,952 : INFO : EventManager : Event: ======'game_will_start'====== Args={}
2026-03-02 16:13:12,952 : INFO : EventManager : Event: ======'game_starting'====== Args={'game': <Mode.game>}
2026-03-02 16:13:12,953 : INFO : EventManager : Unordered handler for class <Auditor> on event game_ended with priority 1. Handlers: [RegisteredHandler(callback=<bound method Auditor.disable of <Auditor>>, priority=1, kwargs={}, key=UUID('c54c7c8d-1a3d-46f7-ac29-c02e0ca9c7b8'), condition=None, blocking_facility=None), RegisteredHandler(callback=<bound method Auditor._save_audits of <Auditor>>, priority=1, kwargs={}, key=UUID('f51fc692-a051-4656-8048-31b4de2eb7a9'), condition=None, blocking_facility=None)]. The order of those handlers is not defined and they will be executed in random order. This might lead to race conditions and potential bugs.
2026-03-02 16:13:12,953 : INFO : EventManager : Event: ======'player_add_request'====== Args={}
2026-03-02 16:13:12,953 : INFO : EventManager : Event: ======'player_will_add'====== Args={'number': 1}
2026-03-02 16:13:12,953 : INFO : EventManager : Event: ======'player_adding'====== Args={'player': <Player 1>, 'number': 1}
2026-03-02 16:13:12,953 : INFO : EventManager : Event: ======'player_added'====== Args={'player': <Player 1>, 'num': 1}
2026-03-02 16:13:12,953 : INFO : Mode.game : Player added successfully. Total players: 1
2026-03-02 16:13:12,953 : INFO : EventManager : Event: ======'player_index'====== Args={'value': 0, 'prev_value': 0, 'change': 0, 'player_num': 1}
2026-03-02 16:13:12,954 : INFO : EventManager : Event: ======'player_number'====== Args={'value': 1, 'prev_value': 1, 'change': 0, 'player_num': 1}
2026-03-02 16:13:12,954 : INFO : EventManager : Event: ======'player_score'====== Args={'value': 0, 'prev_value': 0, 'change': 0, 'player_num': 1}
2026-03-02 16:13:12,955 : INFO : EventManager : Event: ======'game_started'====== Args={}
2026-03-02 16:13:12,955 : INFO : EventManager : Event: ======'player_turn_will_start'====== Args={'player': <Player 1>, 'number': 1}
2026-03-02 16:13:12,956 : INFO : EventManager : Event: ======'player_turn_starting'====== Args={'player': <Player 1>, 'number': 1}
2026-03-02 16:13:12,956 : INFO : EventManager : Event: ======'player_ball'====== Args={'value': 1, 'prev_value': 0, 'change': 1, 'player_num': 1}
2026-03-02 16:13:12,956 : INFO : EventManager : Event: ======'player_turn_started'====== Args={'player': <Player 1>, 'number': 1}
2026-03-02 16:13:12,957 : INFO : EventManager : Event: ======'ball_will_start'====== Args={'player': 1, 'ball': 1, 'balls_remaining': 2, 'is_extra_ball': False}
2026-03-02 16:13:12,957 : INFO : EventManager : Event: ======'ball_starting'====== Args={'player': 1, 'ball': 1, 'balls_remaining': 2, 'is_extra_ball': False}
2026-03-02 16:13:12,957 : INFO : EventManager : Event: ======'mode_base_will_start'====== Args={'queue': <QueuedEvent>, 'player': 1, 'ball': 1, 'balls_remaining': 2, 'is_extra_ball': False}
2026-03-02 16:13:12,958 : INFO : EventManager : Event: ======'mode_base_starting'====== Args={'queue': <QueuedEvent>, 'player': 1, 'ball': 1, 'balls_remaining': 2, 'is_extra_ball': False}
2026-03-02 16:13:12,958 : INFO : Mode.base : Started. Priority: 100
2026-03-02 16:13:12,959 : INFO : EventManager : Event: ======'modes_active_modes_changed'====== Args={}
2026-03-02 16:13:12,959 : INFO : EventManager : Event: ======'mode_base_started'====== Args={'queue': <QueuedEvent>, 'player': 1, 'ball': 1, 'balls_remaining': 2, 'is_extra_ball': False}
2026-03-02 16:13:12,959 : INFO : EventManager : Event: ======'start_mode_bumpers'====== Args={'priority': 0}
2026-03-02 16:13:12,960 : INFO : EventManager : Event: ======'mode_bumpers_will_start'====== Args={'priority': 0}
2026-03-02 16:13:12,967 : INFO : EventManager : Event: ======'player_shot_sling_left_enabled'====== Args={'value': True, 'prev_value': 0, 'change': 1, 'player_num': 1}
2026-03-02 16:13:12,967 : INFO : EventManager : Event: ======'player_shot_sling_right_enabled'====== Args={'value': True, 'prev_value': 0, 'change': 1, 'player_num': 1}
2026-03-02 16:13:12,969 : INFO : EventManager : Event: ======'slings_complete'====== Args={'state': 'unlit'}
2026-03-02 16:13:12,969 : INFO : EventManager : Event: ======'slings_unlit_complete'====== Args={}
2026-03-02 16:13:12,970 : INFO : EventManager : Event: ======'mode_bumpers_starting'====== Args={'priority': 0}
2026-03-02 16:13:12,972 : INFO : Mode.bumpers : Started. Priority: 200
2026-03-02 16:13:12,972 : INFO : EventManager : Event: ======'modes_active_modes_changed'====== Args={}
2026-03-02 16:13:12,972 : INFO : EventManager : Event: ======'mode_bumpers_started'====== Args={'priority': 0}
2026-03-02 16:13:12,973 : INFO : EventManager : Event: ======'balls_in_play'====== Args={'balls': 1}
2026-03-02 16:13:12,973 : INFO : EventManager : Event: ======'ball_started'====== Args={'player': 1, 'ball': 1, 'balls_remaining': 2, 'is_extra_ball': False}
2026-03-02 16:13:12,982 : INFO : EventManager : Event: ======'single_player_ball_started'====== Args={}
2026-03-02 16:13:12,983 : INFO : EventManager : Event: ======'ball_start_target'====== Args={'target': 'playfield'}
2026-03-02 16:13:12,985 : INFO : ball_device.bd_plunger : Setting up player-controlled eject. Balls: 1, Target: <playfield.playfield>, player_controlled_eject_event: None
2026-03-02 16:13:12,985 : INFO : EventManager : Event: ======'balldevice_balls_available'====== Args={}
2026-03-02 16:13:12,986 : INFO : ball_device.bd_trough : State: waiting_for_target_ready
2026-03-02 16:13:12,986 : INFO : EventManager : Event: ======'balldevice_bd_trough_ball_eject_attempt'====== Args={'balls': 1, 'target': <ball_device.bd_plunger>, 'source': <ball_device.bd_trough>, 'mechanical_eject': True, 'num_attempts': 0}
2026-03-02 16:13:12,987 : INFO : ball_device.bd_plunger : State: waiting_for_ball
2026-03-02 16:13:12,987 : INFO : ball_device.bd_trough : State: ejecting
2026-03-02 16:13:12,987 : INFO : ball_device.bd_trough : Ejecting ball to <ball_device.bd_plunger>
2026-03-02 16:13:12,987 : INFO : EventManager : Event: ======'balldevice_bd_trough_ejecting_ball'====== Args={'balls': 1, 'target': <ball_device.bd_plunger>, 'source': <ball_device.bd_trough>, 'mechanical_eject': True, 'num_attempts': 0}
2026-03-02 16:13:12,988 : INFO : ball_device.bd_trough : Wait for ball to leave device
2026-03-02 16:13:12,988 : INFO : coil.c_trough_eject : Pulsing Driver for 20ms (1.0 pulse_power)
2026-03-02 16:13:13,015 : INFO : SwitchController : <<<<<<< 's_trough_1' inactive >>>>>>>
2026-03-02 16:13:13,015 : INFO : SwitchController : <<<<<<< 's_trough_7' active >>>>>>>
2026-03-02 16:13:13,016 : INFO : EventManager : Event: ======'machine_var_audits_switches_s_trough_7'====== Args={'value': 18, 'prev_value': 17, 'change': 1}
2026-03-02 16:13:13,017 : INFO : ball_device.bd_trough : State: ball_left
2026-03-02 16:13:13,017 : INFO : ball_device.bd_trough : Ball left
2026-03-02 16:13:13,017 : INFO : ball_device.bd_trough : Wait for confirm with timeout 3.0
2026-03-02 16:13:13,024 : INFO : SwitchController : <<<<<<< 's_inlane_right_1' inactive >>>>>>>
2026-03-02 16:13:13,032 : INFO : SwitchController : <<<<<<< 's_trough_7' inactive >>>>>>>
2026-03-02 16:13:13,032 : INFO : SwitchController : <<<<<<< 's_inlane_right_1' active >>>>>>>
2026-03-02 16:13:13,032 : INFO : EventManager : Event: ======'sw_playfield_active'====== Args={}
2026-03-02 16:13:13,032 : INFO : EventManager : Event: ======'machine_var_audits_switches_s_inlane_right_1'====== Args={'value': 48, 'prev_value': 47, 'change': 1}
2026-03-02 16:13:13,032 : INFO : EventManager : Event: ======'playfield_active'====== Args={'source': None}
2026-03-02 16:13:13,032 : INFO : EventManager : Event: ======'unexpected_ball_on_playfield'====== Args={}
2026-03-02 16:13:13,047 : INFO : EventManager : Event: ======'slide_base_slide_created'====== Args={'_from_bcp': True}
2026-03-02 16:13:13,047 : INFO : EventManager : Event: ======'slide_attract_inactive'====== Args={'is_removing': True, '_from_bcp': True}
2026-03-02 16:13:13,047 : INFO : EventManager : Event: ======'slide_base_slide_active'====== Args={'original_context': 'base', 'original_calling_context': 'mode_base_started', 'priority': 100.0, 'queue': '<QueuedEvent>', 'player': 1.0, 'ball': 1.0, 'balls_remaining': 2.0, 'is_extra_ball': False, 'cmd': 'slides_play', '_from_bcp': True}
2026-03-02 16:13:13,048 : INFO : EventManager : Event: ======'slide_attract_removed'====== Args={'_from_bcp': True}
2026-03-02 16:13:13,160 : INFO : SwitchController : <<<<<<< 's_plunger' active >>>>>>>
2026-03-02 16:13:13,160 : INFO : EventManager : Event: ======'machine_var_audits_switches_s_plunger'====== Args={'value': 21, 'prev_value': 20, 'change': 1}
2026-03-02 16:13:13,232 : INFO : SwitchController : <<<<<<< 's_trough_2' inactive >>>>>>>
2026-03-02 16:13:13,235 : INFO : SwitchController : <<<<<<< 's_trough_4' inactive >>>>>>>
2026-03-02 16:13:13,236 : INFO : SwitchController : <<<<<<< 's_trough_3' inactive >>>>>>>
2026-03-02 16:13:13,237 : INFO : SwitchController : <<<<<<< 's_trough_6' inactive >>>>>>>
2026-03-02 16:13:13,242 : INFO : SwitchController : <<<<<<< 's_trough_5' inactive >>>>>>>
2026-03-02 16:13:13,254 : INFO : SwitchController : <<<<<<< 's_trough_1' active >>>>>>>
2026-03-02 16:13:13,255 : INFO : EventManager : Event: ======'machine_var_audits_switches_s_trough_1'====== Args={'value': 15, 'prev_value': 14, 'change': 1}
2026-03-02 16:13:13,257 : INFO : SwitchController : <<<<<<< 's_trough_2' active >>>>>>>
2026-03-02 16:13:13,257 : INFO : EventManager : Event: ======'machine_var_audits_switches_s_trough_2'====== Args={'value': 25, 'prev_value': 24, 'change': 1}
2026-03-02 16:13:13,258 : INFO : SwitchController : <<<<<<< 's_trough_3' active >>>>>>>
2026-03-02 16:13:13,258 : INFO : EventManager : Event: ======'machine_var_audits_switches_s_trough_3'====== Args={'value': 30, 'prev_value': 29, 'change': 1}
2026-03-02 16:13:13,259 : INFO : SwitchController : <<<<<<< 's_trough_4' active >>>>>>>
2026-03-02 16:13:13,259 : INFO : EventManager : Event: ======'machine_var_audits_switches_s_trough_4'====== Args={'value': 29, 'prev_value': 28, 'change': 1}
2026-03-02 16:13:13,259 : INFO : SwitchController : <<<<<<< 's_trough_5' active >>>>>>>
2026-03-02 16:13:13,259 : INFO : EventManager : Event: ======'machine_var_audits_switches_s_trough_5'====== Args={'value': 31, 'prev_value': 30, 'change': 1}
2026-03-02 16:13:13,661 : INFO : ball_device.bd_plunger : Received ball from <ball_device.bd_trough>
2026-03-02 16:13:13,662 : INFO : EventManager : Event: ======'balldevice_bd_plunger_ball_enter'====== Args={'new_balls': 1, 'unclaimed_balls': 0, 'new_available_balls': 0, 'device': <ball_device.bd_plunger>}
2026-03-02 16:13:13,662 : INFO : EventManager : Event: ======'balldevice_bd_plunger_ball_entered'====== Args={'new_balls': 0, 'device': <ball_device.bd_plunger>}
2026-03-02 16:13:13,662 : INFO : EventManager : Event: ======'balldevice_bd_plunger_ball_count_changed'====== Args={'balls': 1}
2026-03-02 16:13:13,662 : INFO : ball_device.bd_trough : Got eject confirm
2026-03-02 16:13:13,663 : INFO : ball_device.bd_trough : Eject successful
2026-03-02 16:13:13,663 : INFO : EventManager : Event: ======'balldevice_bd_trough_ball_eject_success'====== Args={'balls': 1, 'target': <ball_device.bd_plunger>}
2026-03-02 16:13:13,663 : INFO : ball_device.bd_plunger : State: waiting_for_target_ready
2026-03-02 16:13:13,663 : INFO : EventManager : Event: ======'balldevice_bd_plunger_ball_eject_attempt'====== Args={'balls': 1, 'target': <playfield.playfield>, 'source': <ball_device.bd_plunger>, 'mechanical_eject': True, 'num_attempts': 0}
2026-03-02 16:13:13,663 : INFO : EventManager : Event: ======'balldevice_bd_trough_ball_count_changed'====== Args={'balls': 5}
2026-03-02 16:13:13,663 : INFO : ball_device.bd_trough : State: idle
2026-03-02 16:13:13,663 : INFO : ball_device.bd_plunger : State: ejecting
2026-03-02 16:13:13,664 : INFO : ball_device.bd_plunger : Ejecting ball to <playfield.playfield>
2026-03-02 16:13:13,664 : INFO : EventManager : Event: ======'balldevice_bd_plunger_ejecting_ball'====== Args={'balls': 1, 'target': <playfield.playfield>, 'source': <ball_device.bd_plunger>, 'mechanical_eject': True, 'num_attempts': 0}
2026-03-02 16:13:13,664 : INFO : ball_device.bd_plunger : Wait for ball to leave device
2026-03-02 16:13:14,573 : INFO : SwitchController : <<<<<<< 's_plunger' inactive >>>>>>>
2026-03-02 16:13:14,574 : INFO : ball_device.bd_plunger : State: ball_left
2026-03-02 16:13:14,574 : INFO : ball_device.bd_plunger : Ball left
2026-03-02 16:13:14,574 : INFO : ball_device.bd_plunger : Wait for confirm with timeout 5.0
2026-03-02 16:13:15,291 : INFO : SwitchController : <<<<<<< 's_flipper_right_lower' active >>>>>>>
2026-03-02 16:13:15,291 : INFO : EventManager : Event: ======'machine_var_audits_switches_s_flipper_right_lower'====== Args={'value': 193, 'prev_value': 192, 'change': 1}
2026-03-02 16:13:15,320 : INFO : SwitchController : <<<<<<< 's_flipper_right_lower_eos' inactive >>>>>>>
2026-03-02 16:13:15,322 : INFO : SwitchController : <<<<<<< 's_inlane_right_1' inactive >>>>>>>
2026-03-02 16:13:15,339 : INFO : SwitchController : <<<<<<< 's_inlane_right_1' active >>>>>>>
2026-03-02 16:13:15,339 : INFO : EventManager : Event: ======'sw_playfield_active'====== Args={}
2026-03-02 16:13:15,339 : INFO : EventManager : Event: ======'machine_var_audits_switches_s_inlane_right_1'====== Args={'value': 49, 'prev_value': 48, 'change': 1}
2026-03-02 16:13:15,340 : INFO : EventManager : Event: ======'playfield_active'====== Args={'source': None}
2026-03-02 16:13:15,340 : INFO : ball_device.bd_plunger : Got eject confirm
2026-03-02 16:13:15,340 : INFO : ball_device.bd_plunger : Eject successful
2026-03-02 16:13:15,341 : INFO : EventManager : Event: ======'balldevice_bd_plunger_ball_eject_success'====== Args={'balls': 1, 'target': <playfield.playfield>}
2026-03-02 16:13:15,341 : INFO : EventManager : Event: ======'balldevice_playfield_ball_enter'====== Args={'new_balls': 1, 'unclaimed_balls': 1, 'device': <playfield.playfield>}
2026-03-02 16:13:15,341 : INFO : EventManager : Event: ======'playfield_ball_count_change'====== Args={'balls': 1, 'change': 1}
2026-03-02 16:13:15,341 : INFO : EventManager : Event: ======'balldevice_bd_plunger_ball_count_changed'====== Args={'balls': 0}
2026-03-02 16:13:15,341 : INFO : ball_device.bd_plunger : State: idle
2026-03-02 16:13:15,395 : INFO : SwitchController : <<<<<<< 's_flipper_right_lower' inactive >>>>>>>
2026-03-02 16:13:15,445 : INFO : SwitchController : <<<<<<< 's_flipper_left' active >>>>>>>
2026-03-02 16:13:15,445 : INFO : EventManager : Event: ======'machine_var_audits_switches_s_flipper_left'====== Args={'value': 130, 'prev_value': 129, 'change': 1}
2026-03-02 16:13:15,467 : INFO : SwitchController : <<<<<<< 's_flipper_left_eos' inactive >>>>>>>
2026-03-02 16:13:15,474 : INFO : SwitchController : <<<<<<< 's_inlane_right_1' inactive >>>>>>>
2026-03-02 16:13:15,482 : INFO : SwitchController : <<<<<<< 's_inlane_right_1' active >>>>>>>
2026-03-02 16:13:15,482 : INFO : EventManager : Event: ======'sw_playfield_active'====== Args={}
2026-03-02 16:13:15,482 : INFO : EventManager : Event: ======'machine_var_audits_switches_s_inlane_right_1'====== Args={'value': 50, 'prev_value': 49, 'change': 1}
2026-03-02 16:13:15,487 : INFO : SwitchController : <<<<<<< 's_flipper_right_lower_eos' active >>>>>>>
2026-03-02 16:13:15,487 : INFO : EventManager : Event: ======'machine_var_audits_switches_s_flipper_right_lower_eos'====== Args={'value': 147, 'prev_value': 146, 'change': 1}
2026-03-02 16:13:15,552 : INFO : SwitchController : <<<<<<< 's_flipper_left' inactive >>>>>>>
2026-03-02 16:13:15,642 : INFO : SwitchController : <<<<<<< 's_flipper_left_eos' active >>>>>>>
2026-03-02 16:13:15,642 : INFO : EventManager : Event: ======'machine_var_audits_switches_s_flipper_left_eos'====== Args={'value': 111, 'prev_value': 110, 'change': 1}
2026-03-02 16:13:15,650 : INFO : SwitchController : <<<<<<< 's_flipper_right_lower' active >>>>>>>
2026-03-02 16:13:15,650 : INFO : EventManager : Event: ======'machine_var_audits_switches_s_flipper_right_lower'====== Args={'value': 194, 'prev_value': 193, 'change': 1}
2026-03-02 16:13:15,679 : INFO : SwitchController : <<<<<<< 's_flipper_right_lower_eos' inactive >>>>>>>
2026-03-02 16:13:15,681 : INFO : SwitchController : <<<<<<< 's_inlane_right_1' inactive >>>>>>>
2026-03-02 16:13:15,702 : INFO : SwitchController : <<<<<<< 's_inlane_right_1' active >>>>>>>
2026-03-02 16:13:15,702 : INFO : EventManager : Event: ======'sw_playfield_active'====== Args={}
2026-03-02 16:13:15,702 : INFO : EventManager : Event: ======'machine_var_audits_switches_s_inlane_right_1'====== Args={'value': 51, 'prev_value': 50, 'change': 1}
2026-03-02 16:13:15,737 : INFO : SwitchController : <<<<<<< 's_flipper_right_lower' inactive >>>>>>>
2026-03-02 16:13:15,831 : INFO : SwitchController : <<<<<<< 's_flipper_right_lower_eos' active >>>>>>>
2026-03-02 16:13:15,831 : INFO : EventManager : Event: ======'machine_var_audits_switches_s_flipper_right_lower_eos'====== Args={'value': 148, 'prev_value': 147, 'change': 1}
2026-03-02 16:13:15,965 : INFO : SwitchController : <<<<<<< 's_flipper_left' active >>>>>>>
2026-03-02 16:13:15,966 : INFO : EventManager : Event: ======'machine_var_audits_switches_s_flipper_left'====== Args={'value': 131, 'prev_value': 130, 'change': 1}
2026-03-02 16:13:15,989 : INFO : SwitchController : <<<<<<< 's_flipper_left_eos' inactive >>>>>>>
2026-03-02 16:13:16,064 : INFO : SwitchController : <<<<<<< 's_flipper_left' inactive >>>>>>>
2026-03-02 16:13:16,153 : INFO : SwitchController : <<<<<<< 's_flipper_left_eos' active >>>>>>>
2026-03-02 16:13:16,153 : INFO : EventManager : Event: ======'machine_var_audits_switches_s_flipper_left_eos'====== Args={'value': 112, 'prev_value': 111, 'change': 1}
2026-03-02 16:13:16,399 : INFO : SwitchController : <<<<<<< 's_flipper_right_lower' active >>>>>>>
2026-03-02 16:13:16,400 : INFO : EventManager : Event: ======'machine_var_audits_switches_s_flipper_right_lower'====== Args={'value': 195, 'prev_value': 194, 'change': 1}
2026-03-02 16:13:16,429 : INFO : SwitchController : <<<<<<< 's_flipper_right_lower_eos' inactive >>>>>>>
2026-03-02 16:13:16,431 : INFO : SwitchController : <<<<<<< 's_inlane_right_1' inactive >>>>>>>
2026-03-02 16:13:16,449 : INFO : SwitchController : <<<<<<< 's_inlane_right_1' active >>>>>>>
2026-03-02 16:13:16,449 : INFO : EventManager : Event: ======'sw_playfield_active'====== Args={}
2026-03-02 16:13:16,449 : INFO : EventManager : Event: ======'machine_var_audits_switches_s_inlane_right_1'====== Args={'value': 52, 'prev_value': 51, 'change': 1}
2026-03-02 16:13:16,488 : INFO : SwitchController : <<<<<<< 's_flipper_right_lower' inactive >>>>>>>
2026-03-02 16:13:16,594 : INFO : SwitchController : <<<<<<< 's_flipper_right_lower_eos' active >>>>>>>
2026-03-02 16:13:16,594 : INFO : EventManager : Event: ======'machine_var_audits_switches_s_flipper_right_lower_eos'====== Args={'value': 149, 'prev_value': 148, 'change': 1}
2026-03-02 16:13:16,917 : INFO : SwitchController : <<<<<<< 's_flipper_right_lower' active >>>>>>>
2026-03-02 16:13:16,917 : INFO : EventManager : Event: ======'machine_var_audits_switches_s_flipper_right_lower'====== Args={'value': 196, 'prev_value': 195, 'change': 1}
2026-03-02 16:13:16,944 : INFO : SwitchController : <<<<<<< 's_flipper_right_lower_eos' inactive >>>>>>>
2026-03-02 16:13:16,946 : INFO : SwitchController : <<<<<<< 's_inlane_right_1' inactive >>>>>>>
2026-03-02 16:13:16,966 : INFO : SwitchController : <<<<<<< 's_inlane_right_1' active >>>>>>>
2026-03-02 16:13:16,967 : INFO : EventManager : Event: ======'sw_playfield_active'====== Args={}
2026-03-02 16:13:16,967 : INFO : EventManager : Event: ======'machine_var_audits_switches_s_inlane_right_1'====== Args={'value': 53, 'prev_value': 52, 'change': 1}
2026-03-02 16:13:17,005 : INFO : SwitchController : <<<<<<< 's_flipper_right_lower' inactive >>>>>>>
2026-03-02 16:13:17,101 : INFO : SwitchController : <<<<<<< 's_flipper_right_lower_eos' active >>>>>>>
2026-03-02 16:13:17,102 : INFO : EventManager : Event: ======'machine_var_audits_switches_s_flipper_right_lower_eos'====== Args={'value': 150, 'prev_value': 149, 'change': 1}
2026-03-02 16:13:17,535 : INFO : SwitchController : <<<<<<< 's_flipper_right_lower' active >>>>>>>
2026-03-02 16:13:17,536 : INFO : EventManager : Event: ======'machine_var_audits_switches_s_flipper_right_lower'====== Args={'value': 197, 'prev_value': 196, 'change': 1}
2026-03-02 16:13:17,565 : INFO : SwitchController : <<<<<<< 's_flipper_right_lower_eos' inactive >>>>>>>
2026-03-02 16:13:17,565 : INFO : SwitchController : <<<<<<< 's_inlane_right_1' inactive >>>>>>>
2026-03-02 16:13:17,582 : INFO : SwitchController : <<<<<<< 's_inlane_right_1' active >>>>>>>
2026-03-02 16:13:17,582 : INFO : EventManager : Event: ======'sw_playfield_active'====== Args={}
2026-03-02 16:13:17,582 : INFO : EventManager : Event: ======'machine_var_audits_switches_s_inlane_right_1'====== Args={'value': 54, 'prev_value': 53, 'change': 1}
2026-03-02 16:13:17,669 : INFO : SwitchController : <<<<<<< 's_flipper_right_lower' inactive >>>>>>>
2026-03-02 16:13:17,771 : INFO : SwitchController : <<<<<<< 's_flipper_right_lower_eos' active >>>>>>>
2026-03-02 16:13:17,771 : INFO : EventManager : Event: ======'machine_var_audits_switches_s_flipper_right_lower_eos'====== Args={'value': 151, 'prev_value': 150, 'change': 1}
2026-03-02 16:13:18,241 : INFO : SwitchController : <<<<<<< 's_flipper_right_lower' active >>>>>>>
2026-03-02 16:13:18,241 : INFO : EventManager : Event: ======'machine_var_audits_switches_s_flipper_right_lower'====== Args={'value': 198, 'prev_value': 197, 'change': 1}
2026-03-02 16:13:18,272 : INFO : SwitchController : <<<<<<< 's_flipper_right_lower_eos' inactive >>>>>>>
2026-03-02 16:13:18,273 : INFO : SwitchController : <<<<<<< 's_inlane_right_1' inactive >>>>>>>
2026-03-02 16:13:18,289 : INFO : SwitchController : <<<<<<< 's_inlane_right_1' active >>>>>>>
2026-03-02 16:13:18,289 : INFO : EventManager : Event: ======'sw_playfield_active'====== Args={}
2026-03-02 16:13:18,289 : INFO : EventManager : Event: ======'machine_var_audits_switches_s_inlane_right_1'====== Args={'value': 55, 'prev_value': 54, 'change': 1}
2026-03-02 16:13:18,324 : INFO : SwitchController : <<<<<<< 's_flipper_right_lower' inactive >>>>>>>
2026-03-02 16:13:18,421 : INFO : SwitchController : <<<<<<< 's_flipper_right_lower_eos' active >>>>>>>
2026-03-02 16:13:18,422 : INFO : EventManager : Event: ======'machine_var_audits_switches_s_flipper_right_lower_eos'====== Args={'value': 152, 'prev_value': 151, 'change': 1}
2026-03-02 16:13:18,579 : INFO : SwitchController : <<<<<<< 's_flipper_right_lower' active >>>>>>>
2026-03-02 16:13:18,579 : INFO : EventManager : Event: ======'machine_var_audits_switches_s_flipper_right_lower'====== Args={'value': 199, 'prev_value': 198, 'change': 1}
2026-03-02 16:13:18,607 : INFO : SwitchController : <<<<<<< 's_flipper_right_lower_eos' inactive >>>>>>>
2026-03-02 16:13:18,611 : INFO : SwitchController : <<<<<<< 's_inlane_right_1' inactive >>>>>>>
2026-03-02 16:13:18,625 : INFO : SwitchController : <<<<<<< 's_inlane_right_1' active >>>>>>>
2026-03-02 16:13:18,625 : INFO : EventManager : Event: ======'sw_playfield_active'====== Args={}
2026-03-02 16:13:18,625 : INFO : EventManager : Event: ======'machine_var_audits_switches_s_inlane_right_1'====== Args={'value': 56, 'prev_value': 55, 'change': 1}
2026-03-02 16:13:18,655 : INFO : SwitchController : <<<<<<< 's_flipper_right_lower' inactive >>>>>>>
2026-03-02 16:13:18,760 : INFO : SwitchController : <<<<<<< 's_flipper_right_lower_eos' active >>>>>>>
2026-03-02 16:13:18,760 : INFO : EventManager : Event: ======'machine_var_audits_switches_s_flipper_right_lower_eos'====== Args={'value': 153, 'prev_value': 152, 'change': 1}
2026-03-02 16:13:18,844 : INFO : SwitchController : <<<<<<< 's_flipper_right_lower' active >>>>>>>
2026-03-02 16:13:18,844 : INFO : EventManager : Event: ======'machine_var_audits_switches_s_flipper_right_lower'====== Args={'value': 200, 'prev_value': 199, 'change': 1}
2026-03-02 16:13:18,872 : INFO : SwitchController : <<<<<<< 's_flipper_right_lower_eos' inactive >>>>>>>
2026-03-02 16:13:18,874 : INFO : SwitchController : <<<<<<< 's_inlane_right_1' inactive >>>>>>>
2026-03-02 16:13:18,889 : INFO : SwitchController : <<<<<<< 's_inlane_right_1' active >>>>>>>
2026-03-02 16:13:18,889 : INFO : EventManager : Event: ======'sw_playfield_active'====== Args={}
2026-03-02 16:13:18,889 : INFO : EventManager : Event: ======'machine_var_audits_switches_s_inlane_right_1'====== Args={'value': 57, 'prev_value': 56, 'change': 1}
2026-03-02 16:13:18,941 : INFO : SwitchController : <<<<<<< 's_flipper_right_lower' inactive >>>>>>>
2026-03-02 16:13:19,040 : INFO : SwitchController : <<<<<<< 's_flipper_right_lower_eos' active >>>>>>>
2026-03-02 16:13:19,040 : INFO : EventManager : Event: ======'machine_var_audits_switches_s_flipper_right_lower_eos'====== Args={'value': 154, 'prev_value': 153, 'change': 1}
2026-03-02 16:13:19,114 : INFO : SwitchController : <<<<<<< 's_flipper_right_lower' active >>>>>>>
2026-03-02 16:13:19,114 : INFO : EventManager : Event: ======'machine_var_audits_switches_s_flipper_right_lower'====== Args={'value': 201, 'prev_value': 200, 'change': 1}
2026-03-02 16:13:19,143 : INFO : SwitchController : <<<<<<< 's_flipper_right_lower_eos' inactive >>>>>>>
2026-03-02 16:13:19,146 : INFO : SwitchController : <<<<<<< 's_inlane_right_1' inactive >>>>>>>
2026-03-02 16:13:19,159 : INFO : SwitchController : <<<<<<< 's_flipper_left' active >>>>>>>
2026-03-02 16:13:19,159 : INFO : EventManager : Event: ======'machine_var_audits_switches_s_flipper_left'====== Args={'value': 132, 'prev_value': 131, 'change': 1}
2026-03-02 16:13:19,161 : INFO : SwitchController : <<<<<<< 's_inlane_right_1' active >>>>>>>
2026-03-02 16:13:19,161 : INFO : EventManager : Event: ======'sw_playfield_active'====== Args={}
2026-03-02 16:13:19,161 : INFO : EventManager : Event: ======'machine_var_audits_switches_s_inlane_right_1'====== Args={'value': 58, 'prev_value': 57, 'change': 1}
2026-03-02 16:13:19,181 : INFO : SwitchController : <<<<<<< 's_flipper_left_eos' inactive >>>>>>>
2026-03-02 16:13:19,248 : INFO : SwitchController : <<<<<<< 's_flipper_right_lower' inactive >>>>>>>
2026-03-02 16:13:19,304 : INFO : SwitchController : <<<<<<< 's_flipper_left' inactive >>>>>>>
2026-03-02 16:13:19,346 : INFO : SwitchController : <<<<<<< 's_flipper_right_lower_eos' active >>>>>>>
2026-03-02 16:13:19,346 : INFO : EventManager : Event: ======'machine_var_audits_switches_s_flipper_right_lower_eos'====== Args={'value': 155, 'prev_value': 154, 'change': 1}
2026-03-02 16:13:19,394 : INFO : SwitchController : <<<<<<< 's_flipper_left_eos' active >>>>>>>
2026-03-02 16:13:19,395 : INFO : EventManager : Event: ======'machine_var_audits_switches_s_flipper_left_eos'====== Args={'value': 113, 'prev_value': 112, 'change': 1}
2026-03-02 16:13:19,593 : INFO : SwitchController : <<<<<<< 's_flipper_left' active >>>>>>>
2026-03-02 16:13:19,593 : INFO : EventManager : Event: ======'machine_var_audits_switches_s_flipper_left'====== Args={'value': 133, 'prev_value': 132, 'change': 1}
2026-03-02 16:13:19,616 : INFO : SwitchController : <<<<<<< 's_flipper_left_eos' inactive >>>>>>>
2026-03-02 16:13:19,620 : INFO : SwitchController : <<<<<<< 's_inlane_right_1' inactive >>>>>>>
2026-03-02 16:13:19,633 : INFO : SwitchController : <<<<<<< 's_inlane_right_1' active >>>>>>>
2026-03-02 16:13:19,633 : INFO : EventManager : Event: ======'sw_playfield_active'====== Args={}
2026-03-02 16:13:19,633 : INFO : EventManager : Event: ======'machine_var_audits_switches_s_inlane_right_1'====== Args={'value': 59, 'prev_value': 58, 'change': 1}
2026-03-02 16:13:19,861 : INFO : SwitchController : <<<<<<< 's_flipper_left' inactive >>>>>>>
2026-03-02 16:13:19,949 : INFO : SwitchController : <<<<<<< 's_flipper_left_eos' active >>>>>>>
2026-03-02 16:13:19,949 : INFO : EventManager : Event: ======'machine_var_audits_switches_s_flipper_left_eos'====== Args={'value': 114, 'prev_value': 113, 'change': 1}
2026-03-02 16:13:20,488 : INFO : SwitchController : <<<<<<< 's_flipper_left' active >>>>>>>
2026-03-02 16:13:20,488 : INFO : EventManager : Event: ======'machine_var_audits_switches_s_flipper_left'====== Args={'value': 134, 'prev_value': 133, 'change': 1}
2026-03-02 16:13:20,521 : INFO : SwitchController : <<<<<<< 's_flipper_left_eos' inactive >>>>>>>
2026-03-02 16:13:20,525 : INFO : SwitchController : <<<<<<< 's_inlane_right_1' inactive >>>>>>>
2026-03-02 16:13:20,529 : INFO : SwitchController : <<<<<<< 's_inlane_right_1' active >>>>>>>
2026-03-02 16:13:20,529 : INFO : EventManager : Event: ======'sw_playfield_active'====== Args={}
2026-03-02 16:13:20,529 : INFO : EventManager : Event: ======'machine_var_audits_switches_s_inlane_right_1'====== Args={'value': 60, 'prev_value': 59, 'change': 1}
2026-03-02 16:13:20,580 : INFO : SwitchController : <<<<<<< 's_flipper_left' inactive >>>>>>>
2026-03-02 16:13:20,666 : INFO : SwitchController : <<<<<<< 's_flipper_left_eos' active >>>>>>>
2026-03-02 16:13:20,667 : INFO : EventManager : Event: ======'machine_var_audits_switches_s_flipper_left_eos'====== Args={'value': 115, 'prev_value': 114, 'change': 1}
2026-03-02 16:13:21,382 : INFO : SwitchController : <<<<<<< 's_flipper_right_lower' active >>>>>>>
2026-03-02 16:13:21,383 : INFO : EventManager : Event: ======'machine_var_audits_switches_s_flipper_right_lower'====== Args={'value': 202, 'prev_value': 201, 'change': 1}
2026-03-02 16:13:21,414 : INFO : SwitchController : <<<<<<< 's_flipper_right_lower_eos' inactive >>>>>>>
2026-03-02 16:13:21,417 : INFO : SwitchController : <<<<<<< 's_inlane_right_1' inactive >>>>>>>
2026-03-02 16:13:21,434 : INFO : SwitchController : <<<<<<< 's_inlane_right_1' active >>>>>>>
2026-03-02 16:13:21,434 : INFO : EventManager : Event: ======'sw_playfield_active'====== Args={}
2026-03-02 16:13:21,434 : INFO : EventManager : Event: ======'machine_var_audits_switches_s_inlane_right_1'====== Args={'value': 61, 'prev_value': 60, 'change': 1}
2026-03-02 16:13:21,483 : INFO : SwitchController : <<<<<<< 's_flipper_right_lower' inactive >>>>>>>
2026-03-02 16:13:21,542 : INFO : SwitchController : <<<<<<< 's_flipper_left' active >>>>>>>
2026-03-02 16:13:21,543 : INFO : EventManager : Event: ======'machine_var_audits_switches_s_flipper_left'====== Args={'value': 135, 'prev_value': 134, 'change': 1}
2026-03-02 16:13:21,565 : INFO : SwitchController : <<<<<<< 's_flipper_left_eos' inactive >>>>>>>
2026-03-02 16:13:21,569 : INFO : SwitchController : <<<<<<< 's_inlane_right_1' inactive >>>>>>>
2026-03-02 16:13:21,581 : INFO : SwitchController : <<<<<<< 's_flipper_right_lower_eos' active >>>>>>>
2026-03-02 16:13:21,581 : INFO : EventManager : Event: ======'machine_var_audits_switches_s_flipper_right_lower_eos'====== Args={'value': 156, 'prev_value': 155, 'change': 1}
2026-03-02 16:13:21,582 : INFO : SwitchController : <<<<<<< 's_inlane_right_1' active >>>>>>>
2026-03-02 16:13:21,582 : INFO : EventManager : Event: ======'sw_playfield_active'====== Args={}
2026-03-02 16:13:21,582 : INFO : EventManager : Event: ======'machine_var_audits_switches_s_inlane_right_1'====== Args={'value': 62, 'prev_value': 61, 'change': 1}
2026-03-02 16:13:21,663 : INFO : SwitchController : <<<<<<< 's_flipper_left' inactive >>>>>>>
2026-03-02 16:13:21,752 : INFO : SwitchController : <<<<<<< 's_flipper_left_eos' active >>>>>>>
2026-03-02 16:13:21,752 : INFO : EventManager : Event: ======'machine_var_audits_switches_s_flipper_left_eos'====== Args={'value': 116, 'prev_value': 115, 'change': 1}
2026-03-02 16:13:22,270 : INFO : SwitchController : <<<<<<< 's_flipper_right_lower' active >>>>>>>
2026-03-02 16:13:22,271 : INFO : EventManager : Event: ======'machine_var_audits_switches_s_flipper_right_lower'====== Args={'value': 203, 'prev_value': 202, 'change': 1}
2026-03-02 16:13:22,299 : INFO : SwitchController : <<<<<<< 's_flipper_right_lower_eos' inactive >>>>>>>
2026-03-02 16:13:22,301 : INFO : SwitchController : <<<<<<< 's_inlane_right_1' inactive >>>>>>>
2026-03-02 16:13:22,317 : INFO : SwitchController : <<<<<<< 's_inlane_right_1' active >>>>>>>
2026-03-02 16:13:22,317 : INFO : EventManager : Event: ======'sw_playfield_active'====== Args={}
2026-03-02 16:13:22,318 : INFO : EventManager : Event: ======'machine_var_audits_switches_s_inlane_right_1'====== Args={'value': 63, 'prev_value': 62, 'change': 1}
2026-03-02 16:13:22,373 : INFO : SwitchController : <<<<<<< 's_flipper_right_lower' inactive >>>>>>>
2026-03-02 16:13:22,471 : INFO : SwitchController : <<<<<<< 's_flipper_right_lower_eos' active >>>>>>>
2026-03-02 16:13:22,471 : INFO : EventManager : Event: ======'machine_var_audits_switches_s_flipper_right_lower_eos'====== Args={'value': 157, 'prev_value': 156, 'change': 1}
2026-03-02 16:13:22,555 : INFO : SwitchController : <<<<<<< 's_flipper_right_lower' active >>>>>>>
2026-03-02 16:13:22,556 : INFO : EventManager : Event: ======'machine_var_audits_switches_s_flipper_right_lower'====== Args={'value': 204, 'prev_value': 203, 'change': 1}
2026-03-02 16:13:22,588 : INFO : SwitchController : <<<<<<< 's_flipper_right_lower_eos' inactive >>>>>>>
2026-03-02 16:13:22,589 : INFO : SwitchController : <<<<<<< 's_inlane_right_1' inactive >>>>>>>
2026-03-02 16:13:22,606 : INFO : SwitchController : <<<<<<< 's_inlane_right_1' active >>>>>>>
2026-03-02 16:13:22,606 : INFO : EventManager : Event: ======'sw_playfield_active'====== Args={}
2026-03-02 16:13:22,606 : INFO : EventManager : Event: ======'machine_var_audits_switches_s_inlane_right_1'====== Args={'value': 64, 'prev_value': 63, 'change': 1}
2026-03-02 16:13:22,633 : INFO : SwitchController : <<<<<<< 's_flipper_right_lower' inactive >>>>>>>
2026-03-02 16:13:22,733 : INFO : SwitchController : <<<<<<< 's_flipper_right_lower_eos' active >>>>>>>
2026-03-02 16:13:22,733 : INFO : EventManager : Event: ======'machine_var_audits_switches_s_flipper_right_lower_eos'====== Args={'value': 158, 'prev_value': 157, 'change': 1}
2026-03-02 16:13:23,303 : INFO : SwitchController : <<<<<<< 's_flipper_right_lower' active >>>>>>>
2026-03-02 16:13:23,303 : INFO : EventManager : Event: ======'machine_var_audits_switches_s_flipper_right_lower'====== Args={'value': 205, 'prev_value': 204, 'change': 1}
2026-03-02 16:13:23,331 : INFO : SwitchController : <<<<<<< 's_flipper_right_lower_eos' inactive >>>>>>>
2026-03-02 16:13:23,442 : INFO : SwitchController : <<<<<<< 's_flipper_right_lower' inactive >>>>>>>
2026-03-02 16:13:23,540 : INFO : SwitchController : <<<<<<< 's_flipper_right_lower_eos' active >>>>>>>
2026-03-02 16:13:23,540 : INFO : EventManager : Event: ======'machine_var_audits_switches_s_flipper_right_lower_eos'====== Args={'value': 159, 'prev_value': 158, 'change': 1}
2026-03-02 16:13:23,848 : INFO : SwitchController : <<<<<<< 's_flipper_right_lower' active >>>>>>>
2026-03-02 16:13:23,849 : INFO : EventManager : Event: ======'machine_var_audits_switches_s_flipper_right_lower'====== Args={'value': 206, 'prev_value': 205, 'change': 1}
2026-03-02 16:13:23,876 : INFO : SwitchController : <<<<<<< 's_flipper_right_lower_eos' inactive >>>>>>>
2026-03-02 16:13:23,877 : INFO : SwitchController : <<<<<<< 's_inlane_right_1' inactive >>>>>>>
2026-03-02 16:13:23,893 : INFO : SwitchController : <<<<<<< 's_inlane_right_1' active >>>>>>>
2026-03-02 16:13:23,894 : INFO : EventManager : Event: ======'sw_playfield_active'====== Args={}
2026-03-02 16:13:23,894 : INFO : EventManager : Event: ======'machine_var_audits_switches_s_inlane_right_1'====== Args={'value': 65, 'prev_value': 64, 'change': 1}
2026-03-02 16:13:23,992 : INFO : SwitchController : <<<<<<< 's_flipper_right_lower' inactive >>>>>>>
2026-03-02 16:13:24,096 : INFO : SwitchController : <<<<<<< 's_flipper_right_lower_eos' active >>>>>>>
2026-03-02 16:13:24,096 : INFO : EventManager : Event: ======'machine_var_audits_switches_s_flipper_right_lower_eos'====== Args={'value': 160, 'prev_value': 159, 'change': 1}
2026-03-02 16:13:24,317 : INFO : SwitchController : <<<<<<< 's_flipper_right_lower' active >>>>>>>
2026-03-02 16:13:24,317 : INFO : EventManager : Event: ======'machine_var_audits_switches_s_flipper_right_lower'====== Args={'value': 207, 'prev_value': 206, 'change': 1}
2026-03-02 16:13:24,345 : INFO : SwitchController : <<<<<<< 's_flipper_right_lower_eos' inactive >>>>>>>
2026-03-02 16:13:24,349 : INFO : SwitchController : <<<<<<< 's_inlane_right_1' inactive >>>>>>>
2026-03-02 16:13:24,360 : INFO : SwitchController : <<<<<<< 's_inlane_right_1' active >>>>>>>
2026-03-02 16:13:24,360 : INFO : EventManager : Event: ======'sw_playfield_active'====== Args={}
2026-03-02 16:13:24,361 : INFO : EventManager : Event: ======'machine_var_audits_switches_s_inlane_right_1'====== Args={'value': 66, 'prev_value': 65, 'change': 1}
2026-03-02 16:13:24,453 : INFO : SwitchController : <<<<<<< 's_flipper_right_lower' inactive >>>>>>>
2026-03-02 16:13:24,557 : INFO : SwitchController : <<<<<<< 's_flipper_right_lower_eos' active >>>>>>>
2026-03-02 16:13:24,558 : INFO : EventManager : Event: ======'machine_var_audits_switches_s_flipper_right_lower_eos'====== Args={'value': 161, 'prev_value': 160, 'change': 1}
2026-03-02 16:13:25,196 : INFO : SwitchController : <<<<<<< 's_flipper_right_lower' active >>>>>>>
2026-03-02 16:13:25,196 : INFO : EventManager : Event: ======'machine_var_audits_switches_s_flipper_right_lower'====== Args={'value': 208, 'prev_value': 207, 'change': 1}
2026-03-02 16:13:25,230 : INFO : SwitchController : <<<<<<< 's_flipper_right_lower_eos' inactive >>>>>>>
2026-03-02 16:13:25,234 : INFO : SwitchController : <<<<<<< 's_inlane_right_1' inactive >>>>>>>
2026-03-02 16:13:25,238 : INFO : SwitchController : <<<<<<< 's_inlane_right_1' active >>>>>>>
2026-03-02 16:13:25,239 : INFO : EventManager : Event: ======'sw_playfield_active'====== Args={}
2026-03-02 16:13:25,239 : INFO : EventManager : Event: ======'machine_var_audits_switches_s_inlane_right_1'====== Args={'value': 67, 'prev_value': 66, 'change': 1}
2026-03-02 16:13:25,335 : INFO : SwitchController : <<<<<<< 's_flipper_right_lower' inactive >>>>>>>
2026-03-02 16:13:25,436 : INFO : SwitchController : <<<<<<< 's_flipper_right_lower_eos' active >>>>>>>
2026-03-02 16:13:25,436 : INFO : EventManager : Event: ======'machine_var_audits_switches_s_flipper_right_lower_eos'====== Args={'value': 162, 'prev_value': 161, 'change': 1}
2026-03-02 16:13:26,131 : INFO : SwitchController : <<<<<<< 's_flipper_right_lower' active >>>>>>>
2026-03-02 16:13:26,131 : INFO : EventManager : Event: ======'machine_var_audits_switches_s_flipper_right_lower'====== Args={'value': 209, 'prev_value': 208, 'change': 1}
2026-03-02 16:13:26,170 : INFO : SwitchController : <<<<<<< 's_flipper_right_lower_eos' inactive >>>>>>>
2026-03-02 16:13:26,283 : INFO : SwitchController : <<<<<<< 's_flipper_right_lower' inactive >>>>>>>
2026-03-02 16:13:26,394 : INFO : SwitchController : <<<<<<< 's_flipper_right_lower_eos' active >>>>>>>
2026-03-02 16:13:26,394 : INFO : EventManager : Event: ======'machine_var_audits_switches_s_flipper_right_lower_eos'====== Args={'value': 163, 'prev_value': 162, 'change': 1}
2026-03-02 16:13:26,640 : INFO : SwitchController : <<<<<<< 's_flipper_right_lower' active >>>>>>>
2026-03-02 16:13:26,640 : INFO : EventManager : Event: ======'machine_var_audits_switches_s_flipper_right_lower'====== Args={'value': 210, 'prev_value': 209, 'change': 1}
2026-03-02 16:13:26,668 : INFO : SwitchController : <<<<<<< 's_flipper_right_lower_eos' inactive >>>>>>>
2026-03-02 16:13:26,670 : INFO : SwitchController : <<<<<<< 's_inlane_right_1' inactive >>>>>>>
2026-03-02 16:13:26,687 : INFO : SwitchController : <<<<<<< 's_inlane_right_1' active >>>>>>>
2026-03-02 16:13:26,687 : INFO : EventManager : Event: ======'sw_playfield_active'====== Args={}
2026-03-02 16:13:26,687 : INFO : EventManager : Event: ======'machine_var_audits_switches_s_inlane_right_1'====== Args={'value': 68, 'prev_value': 67, 'change': 1}
2026-03-02 16:13:26,750 : INFO : SwitchController : <<<<<<< 's_flipper_right_lower' inactive >>>>>>>
2026-03-02 16:13:26,856 : INFO : SwitchController : <<<<<<< 's_flipper_right_lower_eos' active >>>>>>>
2026-03-02 16:13:26,857 : INFO : EventManager : Event: ======'machine_var_audits_switches_s_flipper_right_lower_eos'====== Args={'value': 164, 'prev_value': 163, 'change': 1}
2026-03-02 16:13:28,124 : INFO : SwitchController : <<<<<<< 's_flipper_right_lower' active >>>>>>>
2026-03-02 16:13:28,124 : INFO : EventManager : Event: ======'machine_var_audits_switches_s_flipper_right_lower'====== Args={'value': 211, 'prev_value': 210, 'change': 1}
2026-03-02 16:13:28,155 : INFO : SwitchController : <<<<<<< 's_flipper_right_lower_eos' inactive >>>>>>>
2026-03-02 16:13:28,158 : INFO : SwitchController : <<<<<<< 's_inlane_right_1' inactive >>>>>>>
2026-03-02 16:13:28,170 : INFO : SwitchController : <<<<<<< 's_inlane_right_1' active >>>>>>>
2026-03-02 16:13:28,170 : INFO : EventManager : Event: ======'sw_playfield_active'====== Args={}
2026-03-02 16:13:28,170 : INFO : EventManager : Event: ======'machine_var_audits_switches_s_inlane_right_1'====== Args={'value': 69, 'prev_value': 68, 'change': 1}
2026-03-02 16:13:28,296 : INFO : SwitchController : <<<<<<< 's_flipper_right_lower' inactive >>>>>>>
2026-03-02 16:13:28,402 : INFO : SwitchController : <<<<<<< 's_flipper_right_lower_eos' active >>>>>>>
2026-03-02 16:13:28,402 : INFO : EventManager : Event: ======'machine_var_audits_switches_s_flipper_right_lower_eos'====== Args={'value': 165, 'prev_value': 164, 'change': 1}
2026-03-02 16:13:29,452 : INFO : SwitchController : <<<<<<< 's_flipper_right_lower' active >>>>>>>
2026-03-02 16:13:29,453 : INFO : EventManager : Event: ======'machine_var_audits_switches_s_flipper_right_lower'====== Args={'value': 212, 'prev_value': 211, 'change': 1}
2026-03-02 16:13:29,467 : INFO : SwitchController : <<<<<<< 's_flipper_left' active >>>>>>>
2026-03-02 16:13:29,468 : INFO : EventManager : Event: ======'machine_var_audits_switches_s_flipper_left'====== Args={'value': 136, 'prev_value': 135, 'change': 1}
2026-03-02 16:13:29,493 : INFO : SwitchController : <<<<<<< 's_flipper_right_lower_eos' inactive >>>>>>>
2026-03-02 16:13:29,493 : INFO : SwitchController : <<<<<<< 's_inlane_right_1' inactive >>>>>>>
2026-03-02 16:13:29,493 : INFO : SwitchController : <<<<<<< 's_flipper_left_eos' inactive >>>>>>>
2026-03-02 16:13:29,501 : INFO : SwitchController : <<<<<<< 's_flipper_left' inactive >>>>>>>
2026-03-02 16:13:29,512 : INFO : SwitchController : <<<<<<< 's_inlane_right_1' active >>>>>>>
2026-03-02 16:13:29,512 : INFO : EventManager : Event: ======'sw_playfield_active'====== Args={}
2026-03-02 16:13:29,512 : INFO : EventManager : Event: ======'machine_var_audits_switches_s_inlane_right_1'====== Args={'value': 70, 'prev_value': 69, 'change': 1}
2026-03-02 16:13:29,597 : INFO : SwitchController : <<<<<<< 's_flipper_left_eos' active >>>>>>>
2026-03-02 16:13:29,598 : INFO : EventManager : Event: ======'machine_var_audits_switches_s_flipper_left_eos'====== Args={'value': 117, 'prev_value': 116, 'change': 1}
2026-03-02 16:13:29,616 : INFO : SwitchController : <<<<<<< 's_flipper_left' active >>>>>>>
2026-03-02 16:13:29,616 : INFO : EventManager : Event: ======'machine_var_audits_switches_s_flipper_left'====== Args={'value': 137, 'prev_value': 136, 'change': 1}
2026-03-02 16:13:29,640 : INFO : SwitchController : <<<<<<< 's_flipper_left_eos' inactive >>>>>>>
2026-03-02 16:13:29,647 : INFO : SwitchController : <<<<<<< 's_flipper_right_lower' inactive >>>>>>>
2026-03-02 16:13:29,748 : INFO : SwitchController : <<<<<<< 's_flipper_right_lower_eos' active >>>>>>>
2026-03-02 16:13:29,748 : INFO : EventManager : Event: ======'machine_var_audits_switches_s_flipper_right_lower_eos'====== Args={'value': 166, 'prev_value': 165, 'change': 1}
2026-03-02 16:13:29,764 : INFO : SwitchController : <<<<<<< 's_flipper_left' inactive >>>>>>>
2026-03-02 16:13:29,850 : INFO : SwitchController : <<<<<<< 's_flipper_left_eos' active >>>>>>>
2026-03-02 16:13:29,850 : INFO : EventManager : Event: ======'machine_var_audits_switches_s_flipper_left_eos'====== Args={'value': 118, 'prev_value': 117, 'change': 1}
2026-03-02 16:13:36,744 : INFO : SwitchController : <<<<<<< 's_flipper_left' active >>>>>>>
2026-03-02 16:13:36,744 : INFO : EventManager : Event: ======'machine_var_audits_switches_s_flipper_left'====== Args={'value': 138, 'prev_value': 137, 'change': 1}
2026-03-02 16:13:36,783 : INFO : SwitchController : <<<<<<< 's_flipper_left_eos' inactive >>>>>>>
2026-03-02 16:13:36,887 : INFO : SwitchController : <<<<<<< 's_flipper_left' inactive >>>>>>>
2026-03-02 16:13:36,975 : INFO : SwitchController : <<<<<<< 's_flipper_left_eos' active >>>>>>>
2026-03-02 16:13:36,975 : INFO : EventManager : Event: ======'machine_var_audits_switches_s_flipper_left_eos'====== Args={'value': 119, 'prev_value': 118, 'change': 1}
2026-03-02 16:13:38,841 : INFO : SwitchController : <<<<<<< 's_flipper_right_lower' active >>>>>>>
2026-03-02 16:13:38,841 : INFO : EventManager : Event: ======'machine_var_audits_switches_s_flipper_right_lower'====== Args={'value': 213, 'prev_value': 212, 'change': 1}
2026-03-02 16:13:38,870 : INFO : SwitchController : <<<<<<< 's_flipper_right_lower_eos' inactive >>>>>>>
2026-03-02 16:13:38,873 : INFO : SwitchController : <<<<<<< 's_inlane_right_1' inactive >>>>>>>
2026-03-02 16:13:38,887 : INFO : SwitchController : <<<<<<< 's_inlane_right_1' active >>>>>>>
2026-03-02 16:13:38,888 : INFO : EventManager : Event: ======'sw_playfield_active'====== Args={}
2026-03-02 16:13:38,888 : INFO : EventManager : Event: ======'machine_var_audits_switches_s_inlane_right_1'====== Args={'value': 71, 'prev_value': 70, 'change': 1}
2026-03-02 16:13:38,891 : INFO : SwitchController : <<<<<<< 's_flipper_right_upper' active >>>>>>>
2026-03-02 16:13:38,892 : INFO : EventManager : Event: ======'machine_var_audits_switches_s_flipper_right_upper'====== Args={'value': 178, 'prev_value': 177, 'change': 1}
2026-03-02 16:13:38,933 : INFO : SwitchController : <<<<<<< 's_flipper_right_upper_eos' active >>>>>>>
2026-03-02 16:13:38,933 : INFO : EventManager : Event: ======'machine_var_audits_switches_s_flipper_right_upper_eos'====== Args={'value': 64, 'prev_value': 63, 'change': 1}
2026-03-02 16:13:38,971 : INFO : SwitchController : <<<<<<< 's_flipper_right_upper' inactive >>>>>>>
2026-03-02 16:13:38,996 : INFO : SwitchController : <<<<<<< 's_flipper_right_upper' active >>>>>>>
2026-03-02 16:13:38,996 : INFO : EventManager : Event: ======'machine_var_audits_switches_s_flipper_right_upper'====== Args={'value': 179, 'prev_value': 178, 'change': 1}
2026-03-02 16:13:39,002 : INFO : SwitchController : <<<<<<< 's_flipper_right_upper' inactive >>>>>>>
2026-03-02 16:13:39,011 : INFO : SwitchController : <<<<<<< 's_flipper_right_lower' inactive >>>>>>>
2026-03-02 16:13:39,109 : INFO : SwitchController : <<<<<<< 's_flipper_right_upper_eos' inactive >>>>>>>
2026-03-02 16:13:39,111 : INFO : SwitchController : <<<<<<< 's_flipper_right_lower_eos' active >>>>>>>
2026-03-02 16:13:39,111 : INFO : EventManager : Event: ======'machine_var_audits_switches_s_flipper_right_lower_eos'====== Args={'value': 167, 'prev_value': 166, 'change': 1}
2026-03-02 16:13:41,826 : INFO : SwitchController : <<<<<<< 's_flipper_left' active >>>>>>>
2026-03-02 16:13:41,826 : INFO : EventManager : Event: ======'machine_var_audits_switches_s_flipper_left'====== Args={'value': 139, 'prev_value': 138, 'change': 1}
2026-03-02 16:13:41,859 : INFO : SwitchController : <<<<<<< 's_flipper_left_eos' inactive >>>>>>>
2026-03-02 16:13:41,938 : INFO : SwitchController : <<<<<<< 's_flipper_left' inactive >>>>>>>
2026-03-02 16:13:42,027 : INFO : SwitchController : <<<<<<< 's_flipper_left_eos' active >>>>>>>
2026-03-02 16:13:42,027 : INFO : EventManager : Event: ======'machine_var_audits_switches_s_flipper_left_eos'====== Args={'value': 120, 'prev_value': 119, 'change': 1}
2026-03-02 16:13:44,116 : INFO : SwitchController : <<<<<<< 's_flipper_right_lower' active >>>>>>>
2026-03-02 16:13:44,116 : INFO : EventManager : Event: ======'machine_var_audits_switches_s_flipper_right_lower'====== Args={'value': 214, 'prev_value': 213, 'change': 1}
2026-03-02 16:13:44,249 : INFO : SwitchController : <<<<<<< 's_flipper_right_lower' inactive >>>>>>>
2026-03-02 16:13:44,312 : INFO : SwitchController : <<<<<<< 's_flipper_right_lower' active >>>>>>>
2026-03-02 16:13:44,312 : INFO : EventManager : Event: ======'machine_var_audits_switches_s_flipper_right_lower'====== Args={'value': 215, 'prev_value': 214, 'change': 1}
2026-03-02 16:13:44,335 : INFO : SwitchController : <<<<<<< 's_flipper_right_lower_eos' inactive >>>>>>>
2026-03-02 16:13:44,339 : INFO : SwitchController : <<<<<<< 's_inlane_right_1' inactive >>>>>>>
2026-03-02 16:13:44,351 : INFO : SwitchController : <<<<<<< 's_flipper_right_lower' inactive >>>>>>>
2026-03-02 16:13:44,358 : INFO : SwitchController : <<<<<<< 's_inlane_right_1' active >>>>>>>
2026-03-02 16:13:44,358 : INFO : EventManager : Event: ======'sw_playfield_active'====== Args={}
2026-03-02 16:13:44,358 : INFO : EventManager : Event: ======'machine_var_audits_switches_s_inlane_right_1'====== Args={'value': 72, 'prev_value': 71, 'change': 1}
2026-03-02 16:13:44,456 : INFO : SwitchController : <<<<<<< 's_flipper_right_lower_eos' active >>>>>>>
2026-03-02 16:13:44,456 : INFO : EventManager : Event: ======'machine_var_audits_switches_s_flipper_right_lower_eos'====== Args={'value': 168, 'prev_value': 167, 'change': 1}
2026-03-02 16:13:44,933 : INFO : SwitchController : <<<<<<< 's_flipper_right_lower' active >>>>>>>
2026-03-02 16:13:44,934 : INFO : EventManager : Event: ======'machine_var_audits_switches_s_flipper_right_lower'====== Args={'value': 216, 'prev_value': 215, 'change': 1}
2026-03-02 16:13:44,960 : INFO : SwitchController : <<<<<<< 's_flipper_right_lower_eos' inactive >>>>>>>
2026-03-02 16:13:44,962 : INFO : SwitchController : <<<<<<< 's_inlane_right_1' inactive >>>>>>>
2026-03-02 16:13:44,980 : INFO : SwitchController : <<<<<<< 's_inlane_right_1' active >>>>>>>
2026-03-02 16:13:44,980 : INFO : EventManager : Event: ======'sw_playfield_active'====== Args={}
2026-03-02 16:13:44,980 : INFO : EventManager : Event: ======'machine_var_audits_switches_s_inlane_right_1'====== Args={'value': 73, 'prev_value': 72, 'change': 1}
2026-03-02 16:13:45,054 : INFO : SwitchController : <<<<<<< 's_flipper_right_lower' inactive >>>>>>>
2026-03-02 16:13:45,160 : INFO : SwitchController : <<<<<<< 's_flipper_right_lower_eos' active >>>>>>>
2026-03-02 16:13:45,160 : INFO : EventManager : Event: ======'machine_var_audits_switches_s_flipper_right_lower_eos'====== Args={'value': 169, 'prev_value': 168, 'change': 1}
2026-03-02 16:13:45,570 : INFO : SwitchController : <<<<<<< 's_flipper_right_lower' active >>>>>>>
2026-03-02 16:13:45,570 : INFO : EventManager : Event: ======'machine_var_audits_switches_s_flipper_right_lower'====== Args={'value': 217, 'prev_value': 216, 'change': 1}
2026-03-02 16:13:45,597 : INFO : SwitchController : <<<<<<< 's_flipper_right_lower_eos' inactive >>>>>>>
2026-03-02 16:13:45,600 : INFO : SwitchController : <<<<<<< 's_inlane_right_1' inactive >>>>>>>
2026-03-02 16:13:45,616 : INFO : SwitchController : <<<<<<< 's_inlane_right_1' active >>>>>>>
2026-03-02 16:13:45,616 : INFO : EventManager : Event: ======'sw_playfield_active'====== Args={}
2026-03-02 16:13:45,616 : INFO : EventManager : Event: ======'machine_var_audits_switches_s_inlane_right_1'====== Args={'value': 74, 'prev_value': 73, 'change': 1}
2026-03-02 16:13:45,689 : INFO : SwitchController : <<<<<<< 's_flipper_right_lower' inactive >>>>>>>
2026-03-02 16:13:45,789 : INFO : SwitchController : <<<<<<< 's_flipper_right_lower_eos' active >>>>>>>
2026-03-02 16:13:45,790 : INFO : EventManager : Event: ======'machine_var_audits_switches_s_flipper_right_lower_eos'====== Args={'value': 170, 'prev_value': 169, 'change': 1}
2026-03-02 16:13:46,007 : INFO : SwitchController : <<<<<<< 's_flipper_right_lower' active >>>>>>>
2026-03-02 16:13:46,007 : INFO : EventManager : Event: ======'machine_var_audits_switches_s_flipper_right_lower'====== Args={'value': 218, 'prev_value': 217, 'change': 1}
2026-03-02 16:13:46,037 : INFO : SwitchController : <<<<<<< 's_flipper_right_lower_eos' inactive >>>>>>>
2026-03-02 16:13:46,039 : INFO : SwitchController : <<<<<<< 's_inlane_right_1' inactive >>>>>>>
2026-03-02 16:13:46,055 : INFO : SwitchController : <<<<<<< 's_inlane_right_1' active >>>>>>>
2026-03-02 16:13:46,055 : INFO : EventManager : Event: ======'sw_playfield_active'====== Args={}
2026-03-02 16:13:46,056 : INFO : EventManager : Event: ======'machine_var_audits_switches_s_inlane_right_1'====== Args={'value': 75, 'prev_value': 74, 'change': 1}
2026-03-02 16:13:46,081 : INFO : SwitchController : <<<<<<< 's_flipper_right_lower' inactive >>>>>>>
2026-03-02 16:13:46,186 : INFO : SwitchController : <<<<<<< 's_flipper_right_lower_eos' active >>>>>>>
2026-03-02 16:13:46,186 : INFO : EventManager : Event: ======'machine_var_audits_switches_s_flipper_right_lower_eos'====== Args={'value': 171, 'prev_value': 170, 'change': 1}
2026-03-02 16:13:46,327 : INFO : SwitchController : <<<<<<< 's_flipper_right_lower' active >>>>>>>
2026-03-02 16:13:46,327 : INFO : EventManager : Event: ======'machine_var_audits_switches_s_flipper_right_lower'====== Args={'value': 219, 'prev_value': 218, 'change': 1}
2026-03-02 16:13:46,357 : INFO : SwitchController : <<<<<<< 's_flipper_right_lower_eos' inactive >>>>>>>
2026-03-02 16:13:46,360 : INFO : SwitchController : <<<<<<< 's_inlane_right_1' inactive >>>>>>>
2026-03-02 16:13:46,374 : INFO : SwitchController : <<<<<<< 's_inlane_right_1' active >>>>>>>
2026-03-02 16:13:46,374 : INFO : EventManager : Event: ======'sw_playfield_active'====== Args={}
2026-03-02 16:13:46,374 : INFO : EventManager : Event: ======'machine_var_audits_switches_s_inlane_right_1'====== Args={'value': 76, 'prev_value': 75, 'change': 1}
2026-03-02 16:13:46,464 : INFO : SwitchController : <<<<<<< 's_flipper_right_lower' inactive >>>>>>>
2026-03-02 16:13:46,575 : INFO : SwitchController : <<<<<<< 's_flipper_right_lower_eos' active >>>>>>>
2026-03-02 16:13:46,575 : INFO : EventManager : Event: ======'machine_var_audits_switches_s_flipper_right_lower_eos'====== Args={'value': 172, 'prev_value': 171, 'change': 1}
2026-03-02 16:13:46,780 : INFO : SwitchController : <<<<<<< 's_flipper_right_lower' active >>>>>>>
2026-03-02 16:13:46,780 : INFO : EventManager : Event: ======'machine_var_audits_switches_s_flipper_right_lower'====== Args={'value': 220, 'prev_value': 219, 'change': 1}
2026-03-02 16:13:46,807 : INFO : SwitchController : <<<<<<< 's_flipper_right_lower_eos' inactive >>>>>>>
2026-03-02 16:13:46,810 : INFO : SwitchController : <<<<<<< 's_inlane_right_1' inactive >>>>>>>
2026-03-02 16:13:46,823 : INFO : SwitchController : <<<<<<< 's_inlane_right_1' active >>>>>>>
2026-03-02 16:13:46,824 : INFO : EventManager : Event: ======'sw_playfield_active'====== Args={}
2026-03-02 16:13:46,824 : INFO : EventManager : Event: ======'machine_var_audits_switches_s_inlane_right_1'====== Args={'value': 77, 'prev_value': 76, 'change': 1}
2026-03-02 16:13:46,929 : INFO : SwitchController : <<<<<<< 's_flipper_right_lower' inactive >>>>>>>
2026-03-02 16:13:47,040 : INFO : SwitchController : <<<<<<< 's_flipper_right_lower_eos' active >>>>>>>
2026-03-02 16:13:47,040 : INFO : EventManager : Event: ======'machine_var_audits_switches_s_flipper_right_lower_eos'====== Args={'value': 173, 'prev_value': 172, 'change': 1}
2026-03-02 16:13:47,208 : INFO : SwitchController : <<<<<<< 's_flipper_left' active >>>>>>>
2026-03-02 16:13:47,209 : INFO : EventManager : Event: ======'machine_var_audits_switches_s_flipper_left'====== Args={'value': 140, 'prev_value': 139, 'change': 1}
2026-03-02 16:13:47,239 : INFO : SwitchController : <<<<<<< 's_flipper_left_eos' inactive >>>>>>>
2026-03-02 16:13:47,487 : INFO : SwitchController : <<<<<<< 's_flipper_left' inactive >>>>>>>
2026-03-02 16:13:47,575 : INFO : SwitchController : <<<<<<< 's_flipper_left_eos' active >>>>>>>
2026-03-02 16:13:47,575 : INFO : EventManager : Event: ======'machine_var_audits_switches_s_flipper_left_eos'====== Args={'value': 121, 'prev_value': 120, 'change': 1}
2026-03-02 16:13:48,039 : INFO : SwitchController : <<<<<<< 's_flipper_right_lower' active >>>>>>>
2026-03-02 16:13:48,039 : INFO : EventManager : Event: ======'machine_var_audits_switches_s_flipper_right_lower'====== Args={'value': 221, 'prev_value': 220, 'change': 1}
2026-03-02 16:13:48,067 : INFO : SwitchController : <<<<<<< 's_flipper_right_lower_eos' inactive >>>>>>>
2026-03-02 16:13:48,069 : INFO : SwitchController : <<<<<<< 's_inlane_right_1' inactive >>>>>>>
2026-03-02 16:13:48,085 : INFO : SwitchController : <<<<<<< 's_inlane_right_1' active >>>>>>>
2026-03-02 16:13:48,085 : INFO : EventManager : Event: ======'sw_playfield_active'====== Args={}
2026-03-02 16:13:48,085 : INFO : EventManager : Event: ======'machine_var_audits_switches_s_inlane_right_1'====== Args={'value': 78, 'prev_value': 77, 'change': 1}
2026-03-02 16:13:48,215 : INFO : SwitchController : <<<<<<< 's_flipper_right_lower' inactive >>>>>>>
2026-03-02 16:13:48,326 : INFO : SwitchController : <<<<<<< 's_flipper_right_lower_eos' active >>>>>>>
2026-03-02 16:13:48,326 : INFO : EventManager : Event: ======'machine_var_audits_switches_s_flipper_right_lower_eos'====== Args={'value': 174, 'prev_value': 173, 'change': 1}
2026-03-02 16:13:50,817 : INFO : SwitchController : <<<<<<< 's_flipper_right_lower' active >>>>>>>
2026-03-02 16:13:50,817 : INFO : EventManager : Event: ======'machine_var_audits_switches_s_flipper_right_lower'====== Args={'value': 222, 'prev_value': 221, 'change': 1}
2026-03-02 16:13:50,848 : INFO : SwitchController : <<<<<<< 's_flipper_right_lower_eos' inactive >>>>>>>
2026-03-02 16:13:50,850 : INFO : SwitchController : <<<<<<< 's_inlane_right_1' inactive >>>>>>>
2026-03-02 16:13:50,859 : INFO : SwitchController : <<<<<<< 's_inlane_right_1' active >>>>>>>
2026-03-02 16:13:50,859 : INFO : EventManager : Event: ======'sw_playfield_active'====== Args={}
2026-03-02 16:13:50,859 : INFO : EventManager : Event: ======'machine_var_audits_switches_s_inlane_right_1'====== Args={'value': 79, 'prev_value': 78, 'change': 1}
2026-03-02 16:13:50,956 : INFO : SwitchController : <<<<<<< 's_flipper_right_lower' inactive >>>>>>>
2026-03-02 16:13:51,071 : INFO : SwitchController : <<<<<<< 's_flipper_right_lower_eos' active >>>>>>>
2026-03-02 16:13:51,071 : INFO : EventManager : Event: ======'machine_var_audits_switches_s_flipper_right_lower_eos'====== Args={'value': 175, 'prev_value': 174, 'change': 1}
2026-03-02 16:13:51,827 : INFO : SwitchController : <<<<<<< 's_flipper_right_lower' active >>>>>>>
2026-03-02 16:13:51,828 : INFO : EventManager : Event: ======'machine_var_audits_switches_s_flipper_right_lower'====== Args={'value': 223, 'prev_value': 222, 'change': 1}
2026-03-02 16:13:51,860 : INFO : SwitchController : <<<<<<< 's_flipper_right_lower_eos' inactive >>>>>>>
2026-03-02 16:13:51,861 : INFO : SwitchController : <<<<<<< 's_inlane_right_1' inactive >>>>>>>
2026-03-02 16:13:51,870 : INFO : SwitchController : <<<<<<< 's_inlane_right_1' active >>>>>>>
2026-03-02 16:13:51,870 : INFO : EventManager : Event: ======'sw_playfield_active'====== Args={}
2026-03-02 16:13:51,870 : INFO : EventManager : Event: ======'machine_var_audits_switches_s_inlane_right_1'====== Args={'value': 80, 'prev_value': 79, 'change': 1}
2026-03-02 16:13:52,015 : INFO : SwitchController : <<<<<<< 's_flipper_right_lower' inactive >>>>>>>
2026-03-02 16:13:52,124 : INFO : SwitchController : <<<<<<< 's_flipper_right_lower_eos' active >>>>>>>
2026-03-02 16:13:52,125 : INFO : EventManager : Event: ======'machine_var_audits_switches_s_flipper_right_lower_eos'====== Args={'value': 176, 'prev_value': 175, 'change': 1}
2026-03-02 16:13:54,403 : INFO : SwitchController : <<<<<<< 's_flipper_right_lower' active >>>>>>>
2026-03-02 16:13:54,403 : INFO : EventManager : Event: ======'machine_var_audits_switches_s_flipper_right_lower'====== Args={'value': 224, 'prev_value': 223, 'change': 1}
2026-03-02 16:13:54,432 : INFO : SwitchController : <<<<<<< 's_flipper_right_lower_eos' inactive >>>>>>>
2026-03-02 16:13:54,434 : INFO : SwitchController : <<<<<<< 's_inlane_right_1' inactive >>>>>>>
2026-03-02 16:13:54,448 : INFO : SwitchController : <<<<<<< 's_inlane_right_1' active >>>>>>>
2026-03-02 16:13:54,448 : INFO : EventManager : Event: ======'sw_playfield_active'====== Args={}
2026-03-02 16:13:54,448 : INFO : EventManager : Event: ======'machine_var_audits_switches_s_inlane_right_1'====== Args={'value': 81, 'prev_value': 80, 'change': 1}
2026-03-02 16:13:54,491 : INFO : SwitchController : <<<<<<< 's_flipper_right_upper' active >>>>>>>
2026-03-02 16:13:54,492 : INFO : EventManager : Event: ======'machine_var_audits_switches_s_flipper_right_upper'====== Args={'value': 180, 'prev_value': 179, 'change': 1}
2026-03-02 16:13:54,514 : INFO : SwitchController : <<<<<<< 's_flipper_right_upper_eos' active >>>>>>>
2026-03-02 16:13:54,514 : INFO : EventManager : Event: ======'machine_var_audits_switches_s_flipper_right_upper_eos'====== Args={'value': 65, 'prev_value': 64, 'change': 1}
2026-03-02 16:13:54,516 : INFO : SwitchController : <<<<<<< 's_inlane_right_1' inactive >>>>>>>
2026-03-02 16:13:54,517 : INFO : SwitchController : <<<<<<< 's_flipper_right_upper' inactive >>>>>>>
2026-03-02 16:13:54,520 : INFO : SwitchController : <<<<<<< 's_flipper_right_upper' active >>>>>>>
2026-03-02 16:13:54,520 : INFO : EventManager : Event: ======'machine_var_audits_switches_s_flipper_right_upper'====== Args={'value': 181, 'prev_value': 180, 'change': 1}
2026-03-02 16:13:54,524 : INFO : SwitchController : <<<<<<< 's_flipper_right_upper' inactive >>>>>>>
2026-03-02 16:13:54,529 : INFO : SwitchController : <<<<<<< 's_flipper_right_upper' active >>>>>>>
2026-03-02 16:13:54,529 : INFO : EventManager : Event: ======'machine_var_audits_switches_s_flipper_right_upper'====== Args={'value': 182, 'prev_value': 181, 'change': 1}
2026-03-02 16:13:54,530 : INFO : SwitchController : <<<<<<< 's_inlane_right_1' active >>>>>>>
2026-03-02 16:13:54,530 : INFO : EventManager : Event: ======'sw_playfield_active'====== Args={}
2026-03-02 16:13:54,530 : INFO : EventManager : Event: ======'machine_var_audits_switches_s_inlane_right_1'====== Args={'value': 82, 'prev_value': 81, 'change': 1}
2026-03-02 16:13:54,531 : INFO : SwitchController : <<<<<<< 's_flipper_right_upper' inactive >>>>>>>
2026-03-02 16:13:54,534 : INFO : SwitchController : <<<<<<< 's_flipper_right_upper' active >>>>>>>
2026-03-02 16:13:54,534 : INFO : EventManager : Event: ======'machine_var_audits_switches_s_flipper_right_upper'====== Args={'value': 183, 'prev_value': 182, 'change': 1}
2026-03-02 16:13:54,537 : INFO : SwitchController : <<<<<<< 's_flipper_right_upper' inactive >>>>>>>
2026-03-02 16:13:54,544 : INFO : SwitchController : <<<<<<< 's_flipper_right_upper' active >>>>>>>
2026-03-02 16:13:54,544 : INFO : EventManager : Event: ======'machine_var_audits_switches_s_flipper_right_upper'====== Args={'value': 184, 'prev_value': 183, 'change': 1}
2026-03-02 16:13:54,561 : INFO : SwitchController : <<<<<<< 's_flipper_right_upper' inactive >>>>>>>
2026-03-02 16:13:54,603 : INFO : SwitchController : <<<<<<< 's_flipper_right_upper' active >>>>>>>
2026-03-02 16:13:54,603 : INFO : EventManager : Event: ======'machine_var_audits_switches_s_flipper_right_upper'====== Args={'value': 185, 'prev_value': 184, 'change': 1}
2026-03-02 16:13:54,610 : INFO : SwitchController : <<<<<<< 's_flipper_right_upper' inactive >>>>>>>
2026-03-02 16:13:54,620 : INFO : SwitchController : <<<<<<< 's_flipper_right_lower' inactive >>>>>>>
2026-03-02 16:13:54,717 : INFO : SwitchController : <<<<<<< 's_flipper_right_upper_eos' inactive >>>>>>>
2026-03-02 16:13:54,724 : INFO : SwitchController : <<<<<<< 's_flipper_right_lower_eos' active >>>>>>>
2026-03-02 16:13:54,725 : INFO : EventManager : Event: ======'machine_var_audits_switches_s_flipper_right_lower_eos'====== Args={'value': 177, 'prev_value': 176, 'change': 1}
2026-03-02 16:13:54,910 : INFO : SwitchController : <<<<<<< 's_flipper_right_lower' active >>>>>>>
2026-03-02 16:13:54,911 : INFO : EventManager : Event: ======'machine_var_audits_switches_s_flipper_right_lower'====== Args={'value': 225, 'prev_value': 224, 'change': 1}
2026-03-02 16:13:54,949 : INFO : SwitchController : <<<<<<< 's_flipper_right_upper' active >>>>>>>
2026-03-02 16:13:54,949 : INFO : EventManager : Event: ======'machine_var_audits_switches_s_flipper_right_upper'====== Args={'value': 186, 'prev_value': 185, 'change': 1}
2026-03-02 16:13:54,972 : INFO : SwitchController : <<<<<<< 's_flipper_right_upper_eos' active >>>>>>>
2026-03-02 16:13:54,973 : INFO : EventManager : Event: ======'machine_var_audits_switches_s_flipper_right_upper_eos'====== Args={'value': 66, 'prev_value': 65, 'change': 1}
2026-03-02 16:13:54,975 : INFO : SwitchController : <<<<<<< 's_inlane_right_1' inactive >>>>>>>
2026-03-02 16:13:54,988 : INFO : SwitchController : <<<<<<< 's_inlane_right_1' active >>>>>>>
2026-03-02 16:13:54,988 : INFO : EventManager : Event: ======'sw_playfield_active'====== Args={}
2026-03-02 16:13:54,989 : INFO : EventManager : Event: ======'machine_var_audits_switches_s_inlane_right_1'====== Args={'value': 83, 'prev_value': 82, 'change': 1}
2026-03-02 16:13:55,058 : INFO : SwitchController : <<<<<<< 's_flipper_right_upper' inactive >>>>>>>
2026-03-02 16:13:55,112 : INFO : SwitchController : <<<<<<< 's_flipper_right_lower' inactive >>>>>>>
2026-03-02 16:13:55,155 : INFO : SwitchController : <<<<<<< 's_flipper_right_upper_eos' inactive >>>>>>>
2026-03-02 16:13:55,455 : INFO : SwitchController : <<<<<<< 's_flipper_right_lower' active >>>>>>>
2026-03-02 16:13:55,456 : INFO : EventManager : Event: ======'machine_var_audits_switches_s_flipper_right_lower'====== Args={'value': 226, 'prev_value': 225, 'change': 1}
2026-03-02 16:13:55,484 : INFO : SwitchController : <<<<<<< 's_flipper_right_lower_eos' inactive >>>>>>>
2026-03-02 16:13:55,486 : INFO : SwitchController : <<<<<<< 's_inlane_right_1' inactive >>>>>>>
2026-03-02 16:13:55,499 : INFO : SwitchController : <<<<<<< 's_inlane_right_1' active >>>>>>>
2026-03-02 16:13:55,499 : INFO : EventManager : Event: ======'sw_playfield_active'====== Args={}
2026-03-02 16:13:55,499 : INFO : EventManager : Event: ======'machine_var_audits_switches_s_inlane_right_1'====== Args={'value': 84, 'prev_value': 83, 'change': 1}
2026-03-02 16:13:55,502 : INFO : SwitchController : <<<<<<< 's_flipper_right_upper' active >>>>>>>
2026-03-02 16:13:55,502 : INFO : EventManager : Event: ======'machine_var_audits_switches_s_flipper_right_upper'====== Args={'value': 187, 'prev_value': 186, 'change': 1}
2026-03-02 16:13:55,525 : INFO : SwitchController : <<<<<<< 's_flipper_right_upper_eos' active >>>>>>>
2026-03-02 16:13:55,525 : INFO : EventManager : Event: ======'machine_var_audits_switches_s_flipper_right_upper_eos'====== Args={'value': 67, 'prev_value': 66, 'change': 1}
2026-03-02 16:13:55,527 : INFO : SwitchController : <<<<<<< 's_inlane_right_1' inactive >>>>>>>
2026-03-02 16:13:55,542 : INFO : SwitchController : <<<<<<< 's_inlane_right_1' active >>>>>>>
2026-03-02 16:13:55,542 : INFO : EventManager : Event: ======'sw_playfield_active'====== Args={}
2026-03-02 16:13:55,542 : INFO : EventManager : Event: ======'machine_var_audits_switches_s_inlane_right_1'====== Args={'value': 85, 'prev_value': 84, 'change': 1}
2026-03-02 16:13:55,605 : INFO : SwitchController : <<<<<<< 's_flipper_right_upper' inactive >>>>>>>
2026-03-02 16:13:55,612 : INFO : SwitchController : <<<<<<< 's_flipper_right_lower' inactive >>>>>>>
2026-03-02 16:13:55,701 : INFO : SwitchController : <<<<<<< 's_flipper_right_upper_eos' inactive >>>>>>>
2026-03-02 16:13:55,717 : INFO : SwitchController : <<<<<<< 's_flipper_right_lower_eos' active >>>>>>>
2026-03-02 16:13:55,717 : INFO : EventManager : Event: ======'machine_var_audits_switches_s_flipper_right_lower_eos'====== Args={'value': 178, 'prev_value': 177, 'change': 1}
2026-03-02 16:13:55,970 : INFO : SwitchController : <<<<<<< 's_flipper_right_lower' active >>>>>>>
2026-03-02 16:13:55,970 : INFO : EventManager : Event: ======'machine_var_audits_switches_s_flipper_right_lower'====== Args={'value': 227, 'prev_value': 226, 'change': 1}
2026-03-02 16:13:55,999 : INFO : SwitchController : <<<<<<< 's_flipper_right_lower_eos' inactive >>>>>>>
2026-03-02 16:13:56,001 : INFO : SwitchController : <<<<<<< 's_inlane_right_1' inactive >>>>>>>
2026-03-02 16:13:56,014 : INFO : SwitchController : <<<<<<< 's_inlane_right_1' active >>>>>>>
2026-03-02 16:13:56,014 : INFO : EventManager : Event: ======'sw_playfield_active'====== Args={}
2026-03-02 16:13:56,014 : INFO : EventManager : Event: ======'machine_var_audits_switches_s_inlane_right_1'====== Args={'value': 86, 'prev_value': 85, 'change': 1}
2026-03-02 16:13:56,115 : INFO : SwitchController : <<<<<<< 's_flipper_right_lower' inactive >>>>>>>
2026-03-02 16:13:56,220 : INFO : SwitchController : <<<<<<< 's_flipper_right_lower_eos' active >>>>>>>
2026-03-02 16:13:56,220 : INFO : EventManager : Event: ======'machine_var_audits_switches_s_flipper_right_lower_eos'====== Args={'value': 179, 'prev_value': 178, 'change': 1}
2026-03-02 16:13:56,391 : INFO : SwitchController : <<<<<<< 's_flipper_right_lower' active >>>>>>>
2026-03-02 16:13:56,391 : INFO : EventManager : Event: ======'machine_var_audits_switches_s_flipper_right_lower'====== Args={'value': 228, 'prev_value': 227, 'change': 1}
2026-03-02 16:13:56,420 : INFO : SwitchController : <<<<<<< 's_flipper_right_lower_eos' inactive >>>>>>>
2026-03-02 16:13:56,421 : INFO : SwitchController : <<<<<<< 's_inlane_right_1' inactive >>>>>>>
2026-03-02 16:13:56,445 : INFO : SwitchController : <<<<<<< 's_inlane_right_1' active >>>>>>>
2026-03-02 16:13:56,445 : INFO : EventManager : Event: ======'sw_playfield_active'====== Args={}
2026-03-02 16:13:56,445 : INFO : EventManager : Event: ======'machine_var_audits_switches_s_inlane_right_1'====== Args={'value': 87, 'prev_value': 86, 'change': 1}
2026-03-02 16:13:56,538 : INFO : SwitchController : <<<<<<< 's_flipper_right_lower' inactive >>>>>>>
2026-03-02 16:13:56,644 : INFO : SwitchController : <<<<<<< 's_flipper_right_lower_eos' active >>>>>>>
2026-03-02 16:13:56,644 : INFO : EventManager : Event: ======'machine_var_audits_switches_s_flipper_right_lower_eos'====== Args={'value': 180, 'prev_value': 179, 'change': 1}
2026-03-02 16:13:56,795 : INFO : SwitchController : <<<<<<< 's_flipper_right_lower' active >>>>>>>
2026-03-02 16:13:56,795 : INFO : EventManager : Event: ======'machine_var_audits_switches_s_flipper_right_lower'====== Args={'value': 229, 'prev_value': 228, 'change': 1}
2026-03-02 16:13:56,824 : INFO : SwitchController : <<<<<<< 's_flipper_right_lower_eos' inactive >>>>>>>
2026-03-02 16:13:56,826 : INFO : SwitchController : <<<<<<< 's_inlane_right_1' inactive >>>>>>>
2026-03-02 16:13:56,839 : INFO : SwitchController : <<<<<<< 's_inlane_right_1' active >>>>>>>
2026-03-02 16:13:56,839 : INFO : EventManager : Event: ======'sw_playfield_active'====== Args={}
2026-03-02 16:13:56,840 : INFO : EventManager : Event: ======'machine_var_audits_switches_s_inlane_right_1'====== Args={'value': 88, 'prev_value': 87, 'change': 1}
2026-03-02 16:13:56,957 : INFO : SwitchController : <<<<<<< 's_flipper_right_lower' inactive >>>>>>>
2026-03-02 16:13:57,065 : INFO : SwitchController : <<<<<<< 's_flipper_right_lower_eos' active >>>>>>>
2026-03-02 16:13:57,065 : INFO : EventManager : Event: ======'machine_var_audits_switches_s_flipper_right_lower_eos'====== Args={'value': 181, 'prev_value': 180, 'change': 1}
2026-03-02 16:13:57,514 : INFO : SwitchController : <<<<<<< 's_flipper_right_lower' active >>>>>>>
2026-03-02 16:13:57,514 : INFO : EventManager : Event: ======'machine_var_audits_switches_s_flipper_right_lower'====== Args={'value': 230, 'prev_value': 229, 'change': 1}
2026-03-02 16:13:57,542 : INFO : SwitchController : <<<<<<< 's_flipper_right_lower_eos' inactive >>>>>>>
2026-03-02 16:13:57,544 : INFO : SwitchController : <<<<<<< 's_inlane_right_1' inactive >>>>>>>
2026-03-02 16:13:57,546 : INFO : SwitchController : <<<<<<< 's_flipper_right_upper' active >>>>>>>
2026-03-02 16:13:57,547 : INFO : EventManager : Event: ======'machine_var_audits_switches_s_flipper_right_upper'====== Args={'value': 188, 'prev_value': 187, 'change': 1}
2026-03-02 16:13:57,565 : INFO : SwitchController : <<<<<<< 's_inlane_right_1' active >>>>>>>
2026-03-02 16:13:57,565 : INFO : EventManager : Event: ======'sw_playfield_active'====== Args={}
2026-03-02 16:13:57,566 : INFO : EventManager : Event: ======'machine_var_audits_switches_s_inlane_right_1'====== Args={'value': 89, 'prev_value': 88, 'change': 1}
2026-03-02 16:13:57,581 : INFO : SwitchController : <<<<<<< 's_flipper_right_upper_eos' active >>>>>>>
2026-03-02 16:13:57,581 : INFO : EventManager : Event: ======'machine_var_audits_switches_s_flipper_right_upper_eos'====== Args={'value': 68, 'prev_value': 67, 'change': 1}
2026-03-02 16:13:57,661 : INFO : SwitchController : <<<<<<< 's_flipper_right_upper' inactive >>>>>>>
2026-03-02 16:13:57,675 : INFO : SwitchController : <<<<<<< 's_flipper_right_lower' inactive >>>>>>>
2026-03-02 16:13:57,760 : INFO : SwitchController : <<<<<<< 's_flipper_right_upper_eos' inactive >>>>>>>
2026-03-02 16:13:57,783 : INFO : SwitchController : <<<<<<< 's_flipper_right_lower_eos' active >>>>>>>
2026-03-02 16:13:57,783 : INFO : EventManager : Event: ======'machine_var_audits_switches_s_flipper_right_lower_eos'====== Args={'value': 182, 'prev_value': 181, 'change': 1}
2026-03-02 16:13:58,187 : INFO : SwitchController : <<<<<<< 's_flipper_right_lower' active >>>>>>>
2026-03-02 16:13:58,187 : INFO : EventManager : Event: ======'machine_var_audits_switches_s_flipper_right_lower'====== Args={'value': 231, 'prev_value': 230, 'change': 1}
2026-03-02 16:13:58,215 : INFO : SwitchController : <<<<<<< 's_flipper_right_lower_eos' inactive >>>>>>>
2026-03-02 16:13:58,217 : INFO : SwitchController : <<<<<<< 's_inlane_right_1' inactive >>>>>>>
2026-03-02 16:13:58,231 : INFO : SwitchController : <<<<<<< 's_inlane_right_1' active >>>>>>>
2026-03-02 16:13:58,231 : INFO : EventManager : Event: ======'sw_playfield_active'====== Args={}
2026-03-02 16:13:58,232 : INFO : EventManager : Event: ======'machine_var_audits_switches_s_inlane_right_1'====== Args={'value': 90, 'prev_value': 89, 'change': 1}
2026-03-02 16:13:58,338 : INFO : SwitchController : <<<<<<< 's_flipper_right_lower' inactive >>>>>>>
2026-03-02 16:13:58,447 : INFO : SwitchController : <<<<<<< 's_flipper_right_lower_eos' active >>>>>>>
2026-03-02 16:13:58,448 : INFO : EventManager : Event: ======'machine_var_audits_switches_s_flipper_right_lower_eos'====== Args={'value': 183, 'prev_value': 182, 'change': 1}
2026-03-02 16:13:58,601 : INFO : SwitchController : <<<<<<< 's_flipper_right_lower' active >>>>>>>
2026-03-02 16:13:58,602 : INFO : EventManager : Event: ======'machine_var_audits_switches_s_flipper_right_lower'====== Args={'value': 232, 'prev_value': 231, 'change': 1}
2026-03-02 16:13:58,631 : INFO : SwitchController : <<<<<<< 's_flipper_left' active >>>>>>>
2026-03-02 16:13:58,631 : INFO : EventManager : Event: ======'machine_var_audits_switches_s_flipper_left'====== Args={'value': 141, 'prev_value': 140, 'change': 1}
2026-03-02 16:13:58,632 : INFO : SwitchController : <<<<<<< 's_flipper_right_lower_eos' inactive >>>>>>>
2026-03-02 16:13:58,633 : INFO : SwitchController : <<<<<<< 's_inlane_right_1' inactive >>>>>>>
2026-03-02 16:13:58,646 : INFO : SwitchController : <<<<<<< 's_inlane_right_1' active >>>>>>>
2026-03-02 16:13:58,646 : INFO : EventManager : Event: ======'sw_playfield_active'====== Args={}
2026-03-02 16:13:58,646 : INFO : EventManager : Event: ======'machine_var_audits_switches_s_inlane_right_1'====== Args={'value': 91, 'prev_value': 90, 'change': 1}
2026-03-02 16:13:58,654 : INFO : SwitchController : <<<<<<< 's_flipper_left_eos' inactive >>>>>>>
2026-03-02 16:13:58,661 : INFO : SwitchController : <<<<<<< 's_inlane_right_1' inactive >>>>>>>
2026-03-02 16:13:58,664 : INFO : SwitchController : <<<<<<< 's_inlane_right_1' active >>>>>>>
2026-03-02 16:13:58,664 : INFO : EventManager : Event: ======'sw_playfield_active'====== Args={}
2026-03-02 16:13:58,664 : INFO : EventManager : Event: ======'machine_var_audits_switches_s_inlane_right_1'====== Args={'value': 92, 'prev_value': 91, 'change': 1}
2026-03-02 16:13:58,745 : INFO : SwitchController : <<<<<<< 's_flipper_right_lower' inactive >>>>>>>
2026-03-02 16:13:58,857 : INFO : SwitchController : <<<<<<< 's_flipper_right_lower_eos' active >>>>>>>
2026-03-02 16:13:58,857 : INFO : EventManager : Event: ======'machine_var_audits_switches_s_flipper_right_lower_eos'====== Args={'value': 184, 'prev_value': 183, 'change': 1}
2026-03-02 16:13:58,859 : INFO : SwitchController : <<<<<<< 's_flipper_left' inactive >>>>>>>
2026-03-02 16:13:58,948 : INFO : SwitchController : <<<<<<< 's_flipper_left_eos' active >>>>>>>
2026-03-02 16:13:58,948 : INFO : EventManager : Event: ======'machine_var_audits_switches_s_flipper_left_eos'====== Args={'value': 122, 'prev_value': 121, 'change': 1}
2026-03-02 16:13:58,969 : INFO : SwitchController : <<<<<<< 's_flipper_right_lower' active >>>>>>>
2026-03-02 16:13:58,969 : INFO : EventManager : Event: ======'machine_var_audits_switches_s_flipper_right_lower'====== Args={'value': 233, 'prev_value': 232, 'change': 1}
2026-03-02 16:13:58,999 : INFO : SwitchController : <<<<<<< 's_flipper_right_lower_eos' inactive >>>>>>>
2026-03-02 16:13:59,002 : INFO : SwitchController : <<<<<<< 's_inlane_right_1' inactive >>>>>>>
2026-03-02 16:13:59,014 : INFO : SwitchController : <<<<<<< 's_inlane_right_1' active >>>>>>>
2026-03-02 16:13:59,015 : INFO : EventManager : Event: ======'sw_playfield_active'====== Args={}
2026-03-02 16:13:59,015 : INFO : EventManager : Event: ======'machine_var_audits_switches_s_inlane_right_1'====== Args={'value': 93, 'prev_value': 92, 'change': 1}
2026-03-02 16:13:59,097 : INFO : SwitchController : <<<<<<< 's_flipper_right_lower' inactive >>>>>>>
2026-03-02 16:13:59,203 : INFO : SwitchController : <<<<<<< 's_flipper_right_lower_eos' active >>>>>>>
2026-03-02 16:13:59,203 : INFO : EventManager : Event: ======'machine_var_audits_switches_s_flipper_right_lower_eos'====== Args={'value': 185, 'prev_value': 184, 'change': 1}
2026-03-02 16:13:59,435 : INFO : SwitchController : <<<<<<< 's_flipper_right_lower' active >>>>>>>
2026-03-02 16:13:59,436 : INFO : EventManager : Event: ======'machine_var_audits_switches_s_flipper_right_lower'====== Args={'value': 234, 'prev_value': 233, 'change': 1}
2026-03-02 16:13:59,465 : INFO : SwitchController : <<<<<<< 's_flipper_right_lower_eos' inactive >>>>>>>
2026-03-02 16:13:59,466 : INFO : SwitchController : <<<<<<< 's_inlane_right_1' inactive >>>>>>>
2026-03-02 16:13:59,481 : INFO : SwitchController : <<<<<<< 's_inlane_right_1' active >>>>>>>
2026-03-02 16:13:59,481 : INFO : EventManager : Event: ======'sw_playfield_active'====== Args={}
2026-03-02 16:13:59,481 : INFO : EventManager : Event: ======'machine_var_audits_switches_s_inlane_right_1'====== Args={'value': 94, 'prev_value': 93, 'change': 1}
2026-03-02 16:13:59,538 : INFO : SwitchController : <<<<<<< 's_flipper_right_lower' inactive >>>>>>>
2026-03-02 16:13:59,618 : INFO : SwitchController : <<<<<<< 's_flipper_left' active >>>>>>>
2026-03-02 16:13:59,619 : INFO : EventManager : Event: ======'machine_var_audits_switches_s_flipper_left'====== Args={'value': 142, 'prev_value': 141, 'change': 1}
2026-03-02 16:13:59,642 : INFO : SwitchController : <<<<<<< 's_flipper_left_eos' inactive >>>>>>>
2026-03-02 16:13:59,645 : INFO : SwitchController : <<<<<<< 's_inlane_right_1' inactive >>>>>>>
2026-03-02 16:13:59,647 : INFO : SwitchController : <<<<<<< 's_flipper_right_lower_eos' active >>>>>>>
2026-03-02 16:13:59,647 : INFO : EventManager : Event: ======'machine_var_audits_switches_s_flipper_right_lower_eos'====== Args={'value': 186, 'prev_value': 185, 'change': 1}
2026-03-02 16:13:59,657 : INFO : SwitchController : <<<<<<< 's_inlane_right_1' active >>>>>>>
2026-03-02 16:13:59,657 : INFO : EventManager : Event: ======'sw_playfield_active'====== Args={}
2026-03-02 16:13:59,657 : INFO : EventManager : Event: ======'machine_var_audits_switches_s_inlane_right_1'====== Args={'value': 95, 'prev_value': 94, 'change': 1}
2026-03-02 16:13:59,753 : INFO : SwitchController : <<<<<<< 's_flipper_left' inactive >>>>>>>
2026-03-02 16:13:59,800 : INFO : SwitchController : <<<<<<< 's_flipper_right_lower' active >>>>>>>
2026-03-02 16:13:59,800 : INFO : EventManager : Event: ======'machine_var_audits_switches_s_flipper_right_lower'====== Args={'value': 235, 'prev_value': 234, 'change': 1}
2026-03-02 16:13:59,829 : INFO : SwitchController : <<<<<<< 's_flipper_right_lower_eos' inactive >>>>>>>
2026-03-02 16:13:59,830 : INFO : SwitchController : <<<<<<< 's_inlane_right_1' inactive >>>>>>>
2026-03-02 16:13:59,846 : INFO : SwitchController : <<<<<<< 's_flipper_left_eos' active >>>>>>>
2026-03-02 16:13:59,846 : INFO : EventManager : Event: ======'machine_var_audits_switches_s_flipper_left_eos'====== Args={'value': 123, 'prev_value': 122, 'change': 1}
2026-03-02 16:13:59,847 : INFO : SwitchController : <<<<<<< 's_inlane_right_1' active >>>>>>>
2026-03-02 16:13:59,847 : INFO : EventManager : Event: ======'sw_playfield_active'====== Args={}
2026-03-02 16:13:59,847 : INFO : EventManager : Event: ======'machine_var_audits_switches_s_inlane_right_1'====== Args={'value': 96, 'prev_value': 95, 'change': 1}
2026-03-02 16:13:59,947 : INFO : SwitchController : <<<<<<< 's_flipper_right_lower' inactive >>>>>>>
2026-03-02 16:14:00,057 : INFO : SwitchController : <<<<<<< 's_flipper_right_lower_eos' active >>>>>>>
2026-03-02 16:14:00,057 : INFO : EventManager : Event: ======'machine_var_audits_switches_s_flipper_right_lower_eos'====== Args={'value': 187, 'prev_value': 186, 'change': 1}
2026-03-02 16:14:00,760 : INFO : SwitchController : <<<<<<< 's_flipper_right_lower' active >>>>>>>
2026-03-02 16:14:00,761 : INFO : EventManager : Event: ======'machine_var_audits_switches_s_flipper_right_lower'====== Args={'value': 236, 'prev_value': 235, 'change': 1}
2026-03-02 16:14:00,762 : INFO : SwitchController : <<<<<<< 's_flipper_right_lower' inactive >>>>>>>
2026-03-02 16:14:00,767 : INFO : SwitchController : <<<<<<< 's_flipper_right_lower' active >>>>>>>
2026-03-02 16:14:00,767 : INFO : EventManager : Event: ======'machine_var_audits_switches_s_flipper_right_lower'====== Args={'value': 237, 'prev_value': 236, 'change': 1}
2026-03-02 16:14:00,796 : INFO : SwitchController : <<<<<<< 's_flipper_right_lower_eos' inactive >>>>>>>
2026-03-02 16:14:00,798 : INFO : SwitchController : <<<<<<< 's_inlane_right_1' inactive >>>>>>>
2026-03-02 16:14:00,806 : INFO : SwitchController : <<<<<<< 's_inlane_right_1' active >>>>>>>
2026-03-02 16:14:00,806 : INFO : EventManager : Event: ======'sw_playfield_active'====== Args={}
2026-03-02 16:14:00,806 : INFO : EventManager : Event: ======'machine_var_audits_switches_s_inlane_right_1'====== Args={'value': 97, 'prev_value': 96, 'change': 1}
2026-03-02 16:14:00,921 : INFO : SwitchController : <<<<<<< 's_flipper_right_lower' inactive >>>>>>>
2026-03-02 16:14:01,023 : INFO : SwitchController : <<<<<<< 's_flipper_right_lower_eos' active >>>>>>>
2026-03-02 16:14:01,023 : INFO : EventManager : Event: ======'machine_var_audits_switches_s_flipper_right_lower_eos'====== Args={'value': 188, 'prev_value': 187, 'change': 1}
2026-03-02 16:14:02,254 : INFO : SwitchController : <<<<<<< 's_flipper_right_lower' active >>>>>>>
2026-03-02 16:14:02,254 : INFO : EventManager : Event: ======'machine_var_audits_switches_s_flipper_right_lower'====== Args={'value': 238, 'prev_value': 237, 'change': 1}
2026-03-02 16:14:02,287 : INFO : SwitchController : <<<<<<< 's_flipper_right_lower_eos' inactive >>>>>>>
2026-03-02 16:14:02,291 : INFO : SwitchController : <<<<<<< 's_flipper_right_upper' active >>>>>>>
2026-03-02 16:14:02,291 : INFO : EventManager : Event: ======'machine_var_audits_switches_s_flipper_right_upper'====== Args={'value': 189, 'prev_value': 188, 'change': 1}
2026-03-02 16:14:02,293 : INFO : SwitchController : <<<<<<< 's_inlane_right_1' inactive >>>>>>>
2026-03-02 16:14:02,302 : INFO : SwitchController : <<<<<<< 's_inlane_right_1' active >>>>>>>
2026-03-02 16:14:02,302 : INFO : EventManager : Event: ======'sw_playfield_active'====== Args={}
2026-03-02 16:14:02,303 : INFO : EventManager : Event: ======'machine_var_audits_switches_s_inlane_right_1'====== Args={'value': 98, 'prev_value': 97, 'change': 1}
2026-03-02 16:14:02,312 : INFO : SwitchController : <<<<<<< 's_flipper_right_upper_eos' active >>>>>>>
2026-03-02 16:14:02,312 : INFO : EventManager : Event: ======'machine_var_audits_switches_s_flipper_right_upper_eos'====== Args={'value': 69, 'prev_value': 68, 'change': 1}
2026-03-02 16:14:02,318 : INFO : SwitchController : <<<<<<< 's_inlane_right_1' inactive >>>>>>>
2026-03-02 16:14:02,321 : INFO : SwitchController : <<<<<<< 's_inlane_right_1' active >>>>>>>
2026-03-02 16:14:02,321 : INFO : EventManager : Event: ======'sw_playfield_active'====== Args={}
2026-03-02 16:14:02,322 : INFO : EventManager : Event: ======'machine_var_audits_switches_s_inlane_right_1'====== Args={'value': 99, 'prev_value': 98, 'change': 1}
2026-03-02 16:14:02,405 : INFO : SwitchController : <<<<<<< 's_flipper_right_upper' inactive >>>>>>>
2026-03-02 16:14:02,413 : INFO : SwitchController : <<<<<<< 's_flipper_right_lower' inactive >>>>>>>
2026-03-02 16:14:02,504 : INFO : SwitchController : <<<<<<< 's_flipper_right_upper_eos' inactive >>>>>>>
2026-03-02 16:14:02,521 : INFO : SwitchController : <<<<<<< 's_flipper_right_lower_eos' active >>>>>>>
2026-03-02 16:14:02,521 : INFO : EventManager : Event: ======'machine_var_audits_switches_s_flipper_right_lower_eos'====== Args={'value': 189, 'prev_value': 188, 'change': 1}
2026-03-02 16:14:03,813 : INFO : SwitchController : <<<<<<< 's_flipper_right_lower' active >>>>>>>
2026-03-02 16:14:03,813 : INFO : EventManager : Event: ======'machine_var_audits_switches_s_flipper_right_lower'====== Args={'value': 239, 'prev_value': 238, 'change': 1}
2026-03-02 16:14:03,845 : INFO : SwitchController : <<<<<<< 's_flipper_right_lower_eos' inactive >>>>>>>
2026-03-02 16:14:03,847 : INFO : SwitchController : <<<<<<< 's_inlane_right_1' inactive >>>>>>>
2026-03-02 16:14:03,864 : INFO : SwitchController : <<<<<<< 's_inlane_right_1' active >>>>>>>
2026-03-02 16:14:03,864 : INFO : EventManager : Event: ======'sw_playfield_active'====== Args={}
2026-03-02 16:14:03,864 : INFO : EventManager : Event: ======'machine_var_audits_switches_s_inlane_right_1'====== Args={'value': 100, 'prev_value': 99, 'change': 1}
2026-03-02 16:14:03,881 : INFO : SwitchController : <<<<<<< 's_flipper_right_upper' active >>>>>>>
2026-03-02 16:14:03,881 : INFO : EventManager : Event: ======'machine_var_audits_switches_s_flipper_right_upper'====== Args={'value': 190, 'prev_value': 189, 'change': 1}
2026-03-02 16:14:03,911 : INFO : SwitchController : <<<<<<< 's_flipper_right_upper_eos' active >>>>>>>
2026-03-02 16:14:03,912 : INFO : EventManager : Event: ======'machine_var_audits_switches_s_flipper_right_upper_eos'====== Args={'value': 70, 'prev_value': 69, 'change': 1}
2026-03-02 16:14:03,937 : INFO : SwitchController : <<<<<<< 's_flipper_right_upper' inactive >>>>>>>
2026-03-02 16:14:03,985 : INFO : SwitchController : <<<<<<< 's_flipper_right_lower' inactive >>>>>>>
2026-03-02 16:14:04,033 : INFO : SwitchController : <<<<<<< 's_flipper_right_upper_eos' inactive >>>>>>>
2026-03-02 16:14:04,094 : INFO : SwitchController : <<<<<<< 's_flipper_right_lower_eos' active >>>>>>>
2026-03-02 16:14:04,095 : INFO : EventManager : Event: ======'machine_var_audits_switches_s_flipper_right_lower_eos'====== Args={'value': 190, 'prev_value': 189, 'change': 1}
2026-03-02 16:14:04,471 : INFO : SwitchController : <<<<<<< 's_flipper_right_lower' active >>>>>>>
2026-03-02 16:14:04,472 : INFO : EventManager : Event: ======'machine_var_audits_switches_s_flipper_right_lower'====== Args={'value': 240, 'prev_value': 239, 'change': 1}
2026-03-02 16:14:04,474 : INFO : SwitchController : <<<<<<< 's_flipper_right_lower' inactive >>>>>>>
2026-03-02 16:14:04,488 : INFO : SwitchController : <<<<<<< 's_flipper_right_lower' active >>>>>>>
2026-03-02 16:14:04,488 : INFO : EventManager : Event: ======'machine_var_audits_switches_s_flipper_right_lower'====== Args={'value': 241, 'prev_value': 240, 'change': 1}
2026-03-02 16:14:04,493 : INFO : SwitchController : <<<<<<< 's_flipper_right_upper' active >>>>>>>
2026-03-02 16:14:04,494 : INFO : EventManager : Event: ======'machine_var_audits_switches_s_flipper_right_upper'====== Args={'value': 191, 'prev_value': 190, 'change': 1}
2026-03-02 16:14:04,515 : INFO : SwitchController : <<<<<<< 's_flipper_right_lower_eos' inactive >>>>>>>
2026-03-02 16:14:04,518 : INFO : SwitchController : <<<<<<< 's_flipper_right_upper_eos' active >>>>>>>
2026-03-02 16:14:04,518 : INFO : EventManager : Event: ======'machine_var_audits_switches_s_flipper_right_upper_eos'====== Args={'value': 71, 'prev_value': 70, 'change': 1}
2026-03-02 16:14:04,519 : INFO : SwitchController : <<<<<<< 's_inlane_right_1' inactive >>>>>>>
2026-03-02 16:14:04,530 : INFO : SwitchController : <<<<<<< 's_inlane_right_1' active >>>>>>>
2026-03-02 16:14:04,530 : INFO : EventManager : Event: ======'sw_playfield_active'====== Args={}
2026-03-02 16:14:04,530 : INFO : EventManager : Event: ======'machine_var_audits_switches_s_inlane_right_1'====== Args={'value': 101, 'prev_value': 100, 'change': 1}
2026-03-02 16:14:04,608 : INFO : SwitchController : <<<<<<< 's_flipper_right_upper' inactive >>>>>>>
2026-03-02 16:14:04,615 : INFO : SwitchController : <<<<<<< 's_flipper_right_lower' inactive >>>>>>>
2026-03-02 16:14:04,704 : INFO : SwitchController : <<<<<<< 's_flipper_right_upper_eos' inactive >>>>>>>
2026-03-02 16:14:04,727 : INFO : SwitchController : <<<<<<< 's_flipper_right_lower_eos' active >>>>>>>
2026-03-02 16:14:04,727 : INFO : EventManager : Event: ======'machine_var_audits_switches_s_flipper_right_lower_eos'====== Args={'value': 191, 'prev_value': 190, 'change': 1}
2026-03-02 16:14:04,903 : INFO : SwitchController : <<<<<<< 's_flipper_right_lower' active >>>>>>>
2026-03-02 16:14:04,903 : INFO : EventManager : Event: ======'machine_var_audits_switches_s_flipper_right_lower'====== Args={'value': 242, 'prev_value': 241, 'change': 1}
2026-03-02 16:14:04,907 : INFO : SwitchController : <<<<<<< 's_flipper_right_lower' inactive >>>>>>>
2026-03-02 16:14:04,911 : INFO : SwitchController : <<<<<<< 's_flipper_right_lower' active >>>>>>>
2026-03-02 16:14:04,912 : INFO : EventManager : Event: ======'machine_var_audits_switches_s_flipper_right_lower'====== Args={'value': 243, 'prev_value': 242, 'change': 1}
2026-03-02 16:14:04,944 : INFO : SwitchController : <<<<<<< 's_flipper_right_lower_eos' inactive >>>>>>>
2026-03-02 16:14:04,945 : INFO : SwitchController : <<<<<<< 's_inlane_right_1' inactive >>>>>>>
2026-03-02 16:14:04,961 : INFO : SwitchController : <<<<<<< 's_inlane_right_1' active >>>>>>>
2026-03-02 16:14:04,961 : INFO : EventManager : Event: ======'sw_playfield_active'====== Args={}
2026-03-02 16:14:04,961 : INFO : EventManager : Event: ======'machine_var_audits_switches_s_inlane_right_1'====== Args={'value': 102, 'prev_value': 101, 'change': 1}
2026-03-02 16:14:05,051 : INFO : SwitchController : <<<<<<< 's_flipper_right_lower' inactive >>>>>>>
2026-03-02 16:14:05,161 : INFO : SwitchController : <<<<<<< 's_flipper_right_lower_eos' active >>>>>>>
2026-03-02 16:14:05,162 : INFO : EventManager : Event: ======'machine_var_audits_switches_s_flipper_right_lower_eos'====== Args={'value': 192, 'prev_value': 191, 'change': 1}
2026-03-02 16:14:05,312 : INFO : SwitchController : <<<<<<< 's_flipper_right_lower' active >>>>>>>
2026-03-02 16:14:05,312 : INFO : EventManager : Event: ======'machine_var_audits_switches_s_flipper_right_lower'====== Args={'value': 244, 'prev_value': 243, 'change': 1}
2026-03-02 16:14:05,330 : INFO : SwitchController : <<<<<<< 's_flipper_right_upper' active >>>>>>>
2026-03-02 16:14:05,330 : INFO : EventManager : Event: ======'machine_var_audits_switches_s_flipper_right_upper'====== Args={'value': 192, 'prev_value': 191, 'change': 1}
2026-03-02 16:14:05,330 : INFO : SwitchController : <<<<<<< 's_flipper_right_upper' inactive >>>>>>>
2026-03-02 16:14:05,331 : INFO : SwitchController : <<<<<<< 's_flipper_right_upper' active >>>>>>>
2026-03-02 16:14:05,331 : INFO : EventManager : Event: ======'machine_var_audits_switches_s_flipper_right_upper'====== Args={'value': 193, 'prev_value': 192, 'change': 1}
2026-03-02 16:14:05,331 : INFO : SwitchController : <<<<<<< 's_flipper_right_upper' inactive >>>>>>>
2026-03-02 16:14:05,332 : INFO : SwitchController : <<<<<<< 's_flipper_right_upper' active >>>>>>>
2026-03-02 16:14:05,332 : INFO : EventManager : Event: ======'machine_var_audits_switches_s_flipper_right_upper'====== Args={'value': 194, 'prev_value': 193, 'change': 1}
2026-03-02 16:14:05,346 : INFO : SwitchController : <<<<<<< 's_flipper_right_lower_eos' inactive >>>>>>>
2026-03-02 16:14:05,348 : INFO : SwitchController : <<<<<<< 's_inlane_right_1' inactive >>>>>>>
2026-03-02 16:14:05,352 : INFO : SwitchController : <<<<<<< 's_flipper_right_upper_eos' active >>>>>>>
2026-03-02 16:14:05,353 : INFO : EventManager : Event: ======'machine_var_audits_switches_s_flipper_right_upper_eos'====== Args={'value': 72, 'prev_value': 71, 'change': 1}
2026-03-02 16:14:05,365 : INFO : SwitchController : <<<<<<< 's_inlane_right_1' active >>>>>>>
2026-03-02 16:14:05,365 : INFO : EventManager : Event: ======'sw_playfield_active'====== Args={}
2026-03-02 16:14:05,365 : INFO : EventManager : Event: ======'machine_var_audits_switches_s_inlane_right_1'====== Args={'value': 103, 'prev_value': 102, 'change': 1}
2026-03-02 16:14:05,442 : INFO : SwitchController : <<<<<<< 's_flipper_right_upper' inactive >>>>>>>
2026-03-02 16:14:05,457 : INFO : SwitchController : <<<<<<< 's_flipper_right_lower' inactive >>>>>>>
2026-03-02 16:14:05,540 : INFO : SwitchController : <<<<<<< 's_flipper_right_upper_eos' inactive >>>>>>>
2026-03-02 16:14:05,563 : INFO : SwitchController : <<<<<<< 's_flipper_right_lower_eos' active >>>>>>>
2026-03-02 16:14:05,563 : INFO : EventManager : Event: ======'machine_var_audits_switches_s_flipper_right_lower_eos'====== Args={'value': 193, 'prev_value': 192, 'change': 1}
2026-03-02 16:14:06,308 : INFO : SwitchController : <<<<<<< 's_flipper_right_lower' active >>>>>>>
2026-03-02 16:14:06,308 : INFO : EventManager : Event: ======'machine_var_audits_switches_s_flipper_right_lower'====== Args={'value': 245, 'prev_value': 244, 'change': 1}
2026-03-02 16:14:06,312 : INFO : SwitchController : <<<<<<< 's_flipper_right_lower' inactive >>>>>>>
2026-03-02 16:14:06,315 : INFO : SwitchController : <<<<<<< 's_flipper_right_lower' active >>>>>>>
2026-03-02 16:14:06,315 : INFO : EventManager : Event: ======'machine_var_audits_switches_s_flipper_right_lower'====== Args={'value': 246, 'prev_value': 245, 'change': 1}
2026-03-02 16:14:06,342 : INFO : SwitchController : <<<<<<< 's_flipper_right_upper' active >>>>>>>
2026-03-02 16:14:06,343 : INFO : EventManager : Event: ======'machine_var_audits_switches_s_flipper_right_upper'====== Args={'value': 195, 'prev_value': 194, 'change': 1}
2026-03-02 16:14:06,365 : INFO : SwitchController : <<<<<<< 's_flipper_right_upper_eos' active >>>>>>>
2026-03-02 16:14:06,366 : INFO : EventManager : Event: ======'machine_var_audits_switches_s_flipper_right_upper_eos'====== Args={'value': 73, 'prev_value': 72, 'change': 1}
2026-03-02 16:14:06,368 : INFO : SwitchController : <<<<<<< 's_inlane_right_1' inactive >>>>>>>
2026-03-02 16:14:06,375 : INFO : SwitchController : <<<<<<< 's_inlane_right_1' active >>>>>>>
2026-03-02 16:14:06,375 : INFO : EventManager : Event: ======'sw_playfield_active'====== Args={}
2026-03-02 16:14:06,375 : INFO : EventManager : Event: ======'machine_var_audits_switches_s_inlane_right_1'====== Args={'value': 104, 'prev_value': 103, 'change': 1}
2026-03-02 16:14:06,454 : INFO : SwitchController : <<<<<<< 's_flipper_right_upper' inactive >>>>>>>
2026-03-02 16:14:06,461 : INFO : SwitchController : <<<<<<< 's_flipper_right_lower' inactive >>>>>>>
2026-03-02 16:14:06,552 : INFO : SwitchController : <<<<<<< 's_flipper_right_upper_eos' inactive >>>>>>>
2026-03-02 16:14:07,499 : INFO : SwitchController : <<<<<<< 's_flipper_left' active >>>>>>>
2026-03-02 16:14:07,500 : INFO : EventManager : Event: ======'machine_var_audits_switches_s_flipper_left'====== Args={'value': 143, 'prev_value': 142, 'change': 1}
2026-03-02 16:14:07,523 : INFO : SwitchController : <<<<<<< 's_flipper_left_eos' inactive >>>>>>>
2026-03-02 16:14:07,525 : INFO : SwitchController : <<<<<<< 's_inlane_right_1' inactive >>>>>>>
2026-03-02 16:14:07,538 : INFO : SwitchController : <<<<<<< 's_inlane_right_1' active >>>>>>>
2026-03-02 16:14:07,538 : INFO : EventManager : Event: ======'sw_playfield_active'====== Args={}
2026-03-02 16:14:07,538 : INFO : EventManager : Event: ======'machine_var_audits_switches_s_inlane_right_1'====== Args={'value': 105, 'prev_value': 104, 'change': 1}
2026-03-02 16:14:07,682 : INFO : SwitchController : <<<<<<< 's_flipper_left' inactive >>>>>>>
2026-03-02 16:14:07,722 : INFO : SwitchController : <<<<<<< 's_flipper_right_lower' active >>>>>>>
2026-03-02 16:14:07,722 : INFO : EventManager : Event: ======'machine_var_audits_switches_s_flipper_right_lower'====== Args={'value': 247, 'prev_value': 246, 'change': 1}
2026-03-02 16:14:07,755 : INFO : SwitchController : <<<<<<< 's_flipper_right_lower_eos' inactive >>>>>>>
2026-03-02 16:14:07,758 : INFO : SwitchController : <<<<<<< 's_inlane_right_1' inactive >>>>>>>
2026-03-02 16:14:07,764 : INFO : SwitchController : <<<<<<< 's_inlane_right_1' active >>>>>>>
2026-03-02 16:14:07,764 : INFO : EventManager : Event: ======'sw_playfield_active'====== Args={}
2026-03-02 16:14:07,765 : INFO : EventManager : Event: ======'machine_var_audits_switches_s_inlane_right_1'====== Args={'value': 106, 'prev_value': 105, 'change': 1}
2026-03-02 16:14:07,770 : INFO : SwitchController : <<<<<<< 's_flipper_left_eos' active >>>>>>>
2026-03-02 16:14:07,770 : INFO : EventManager : Event: ======'machine_var_audits_switches_s_flipper_left_eos'====== Args={'value': 124, 'prev_value': 123, 'change': 1}
2026-03-02 16:14:07,903 : INFO : SwitchController : <<<<<<< 's_flipper_right_lower' inactive >>>>>>>
2026-03-02 16:14:08,007 : INFO : SwitchController : <<<<<<< 's_flipper_right_lower_eos' active >>>>>>>
2026-03-02 16:14:08,007 : INFO : EventManager : Event: ======'machine_var_audits_switches_s_flipper_right_lower_eos'====== Args={'value': 194, 'prev_value': 193, 'change': 1}
2026-03-02 16:14:08,158 : INFO : SwitchController : <<<<<<< 's_flipper_left' active >>>>>>>
2026-03-02 16:14:08,158 : INFO : EventManager : Event: ======'machine_var_audits_switches_s_flipper_left'====== Args={'value': 144, 'prev_value': 143, 'change': 1}
2026-03-02 16:14:08,181 : INFO : SwitchController : <<<<<<< 's_flipper_left_eos' inactive >>>>>>>
2026-03-02 16:14:08,186 : INFO : SwitchController : <<<<<<< 's_inlane_right_1' inactive >>>>>>>
2026-03-02 16:14:08,196 : INFO : SwitchController : <<<<<<< 's_inlane_right_1' active >>>>>>>
2026-03-02 16:14:08,196 : INFO : EventManager : Event: ======'sw_playfield_active'====== Args={}
2026-03-02 16:14:08,196 : INFO : EventManager : Event: ======'machine_var_audits_switches_s_inlane_right_1'====== Args={'value': 107, 'prev_value': 106, 'change': 1}
2026-03-02 16:14:08,381 : INFO : SwitchController : <<<<<<< 's_flipper_left' inactive >>>>>>>
2026-03-02 16:14:08,469 : INFO : SwitchController : <<<<<<< 's_flipper_left_eos' active >>>>>>>
2026-03-02 16:14:08,469 : INFO : EventManager : Event: ======'machine_var_audits_switches_s_flipper_left_eos'====== Args={'value': 125, 'prev_value': 124, 'change': 1}
2026-03-02 16:14:09,022 : INFO : SwitchController : <<<<<<< 's_flipper_left' active >>>>>>>
2026-03-02 16:14:09,022 : INFO : EventManager : Event: ======'machine_var_audits_switches_s_flipper_left'====== Args={'value': 145, 'prev_value': 144, 'change': 1}
2026-03-02 16:14:09,061 : INFO : SwitchController : <<<<<<< 's_flipper_left_eos' inactive >>>>>>>
2026-03-02 16:14:09,063 : INFO : SwitchController : <<<<<<< 's_inlane_right_1' inactive >>>>>>>
2026-03-02 16:14:09,076 : INFO : SwitchController : <<<<<<< 's_inlane_right_1' active >>>>>>>
2026-03-02 16:14:09,076 : INFO : EventManager : Event: ======'sw_playfield_active'====== Args={}
2026-03-02 16:14:09,077 : INFO : EventManager : Event: ======'machine_var_audits_switches_s_inlane_right_1'====== Args={'value': 108, 'prev_value': 107, 'change': 1}
2026-03-02 16:14:09,177 : INFO : SwitchController : <<<<<<< 's_flipper_left' inactive >>>>>>>
2026-03-02 16:14:09,265 : INFO : SwitchController : <<<<<<< 's_flipper_left_eos' active >>>>>>>
2026-03-02 16:14:09,265 : INFO : EventManager : Event: ======'machine_var_audits_switches_s_flipper_left_eos'====== Args={'value': 126, 'prev_value': 125, 'change': 1}
2026-03-02 16:14:10,065 : INFO : SwitchController : <<<<<<< 's_flipper_right_lower' active >>>>>>>
2026-03-02 16:14:10,066 : INFO : EventManager : Event: ======'machine_var_audits_switches_s_flipper_right_lower'====== Args={'value': 248, 'prev_value': 247, 'change': 1}
2026-03-02 16:14:10,095 : INFO : SwitchController : <<<<<<< 's_flipper_right_upper' active >>>>>>>
2026-03-02 16:14:10,096 : INFO : EventManager : Event: ======'machine_var_audits_switches_s_flipper_right_upper'====== Args={'value': 196, 'prev_value': 195, 'change': 1}
2026-03-02 16:14:10,118 : INFO : SwitchController : <<<<<<< 's_flipper_right_upper_eos' active >>>>>>>
2026-03-02 16:14:10,118 : INFO : EventManager : Event: ======'machine_var_audits_switches_s_flipper_right_upper_eos'====== Args={'value': 74, 'prev_value': 73, 'change': 1}
2026-03-02 16:14:10,120 : INFO : SwitchController : <<<<<<< 's_inlane_right_1' inactive >>>>>>>
2026-03-02 16:14:10,128 : INFO : SwitchController : <<<<<<< 's_inlane_right_1' active >>>>>>>
2026-03-02 16:14:10,128 : INFO : EventManager : Event: ======'sw_playfield_active'====== Args={}
2026-03-02 16:14:10,128 : INFO : EventManager : Event: ======'machine_var_audits_switches_s_inlane_right_1'====== Args={'value': 109, 'prev_value': 108, 'change': 1}
2026-03-02 16:14:10,201 : INFO : SwitchController : <<<<<<< 's_flipper_right_upper' inactive >>>>>>>
2026-03-02 16:14:10,208 : INFO : SwitchController : <<<<<<< 's_flipper_right_lower' inactive >>>>>>>
2026-03-02 16:14:10,299 : INFO : SwitchController : <<<<<<< 's_flipper_right_upper_eos' inactive >>>>>>>
2026-03-02 16:14:10,717 : INFO : SwitchController : <<<<<<< 's_flipper_right_lower' active >>>>>>>
2026-03-02 16:14:10,717 : INFO : EventManager : Event: ======'machine_var_audits_switches_s_flipper_right_lower'====== Args={'value': 249, 'prev_value': 248, 'change': 1}
2026-03-02 16:14:10,747 : INFO : SwitchController : <<<<<<< 's_flipper_right_lower_eos' inactive >>>>>>>
2026-03-02 16:14:10,749 : INFO : SwitchController : <<<<<<< 's_inlane_right_1' inactive >>>>>>>
2026-03-02 16:14:10,763 : INFO : SwitchController : <<<<<<< 's_inlane_right_1' active >>>>>>>
2026-03-02 16:14:10,763 : INFO : EventManager : Event: ======'sw_playfield_active'====== Args={}
2026-03-02 16:14:10,763 : INFO : EventManager : Event: ======'machine_var_audits_switches_s_inlane_right_1'====== Args={'value': 110, 'prev_value': 109, 'change': 1}
2026-03-02 16:14:10,858 : INFO : SwitchController : <<<<<<< 's_flipper_right_lower' inactive >>>>>>>
2026-03-02 16:14:10,963 : INFO : SwitchController : <<<<<<< 's_flipper_right_lower_eos' active >>>>>>>
2026-03-02 16:14:10,963 : INFO : EventManager : Event: ======'machine_var_audits_switches_s_flipper_right_lower_eos'====== Args={'value': 195, 'prev_value': 194, 'change': 1}
2026-03-02 16:14:11,049 : INFO : SwitchController : <<<<<<< 's_flipper_right_lower' active >>>>>>>
2026-03-02 16:14:11,050 : INFO : EventManager : Event: ======'machine_var_audits_switches_s_flipper_right_lower'====== Args={'value': 250, 'prev_value': 249, 'change': 1}
2026-03-02 16:14:11,080 : INFO : SwitchController : <<<<<<< 's_flipper_right_lower_eos' inactive >>>>>>>
2026-03-02 16:14:11,082 : INFO : SwitchController : <<<<<<< 's_inlane_right_1' inactive >>>>>>>
2026-03-02 16:14:11,097 : INFO : SwitchController : <<<<<<< 's_inlane_right_1' active >>>>>>>
2026-03-02 16:14:11,098 : INFO : EventManager : Event: ======'sw_playfield_active'====== Args={}
2026-03-02 16:14:11,098 : INFO : EventManager : Event: ======'machine_var_audits_switches_s_inlane_right_1'====== Args={'value': 111, 'prev_value': 110, 'change': 1}
2026-03-02 16:14:11,155 : INFO : SwitchController : <<<<<<< 's_flipper_right_lower' inactive >>>>>>>
2026-03-02 16:14:11,260 : INFO : SwitchController : <<<<<<< 's_flipper_right_lower_eos' active >>>>>>>
2026-03-02 16:14:11,260 : INFO : EventManager : Event: ======'machine_var_audits_switches_s_flipper_right_lower_eos'====== Args={'value': 196, 'prev_value': 195, 'change': 1}
2026-03-02 16:14:11,286 : INFO : SwitchController : <<<<<<< 's_flipper_right_lower' active >>>>>>>
2026-03-02 16:14:11,286 : INFO : EventManager : Event: ======'machine_var_audits_switches_s_flipper_right_lower'====== Args={'value': 251, 'prev_value': 250, 'change': 1}
2026-03-02 16:14:11,307 : INFO : SwitchController : <<<<<<< 's_flipper_right_upper' active >>>>>>>
2026-03-02 16:14:11,307 : INFO : EventManager : Event: ======'machine_var_audits_switches_s_flipper_right_upper'====== Args={'value': 197, 'prev_value': 196, 'change': 1}
2026-03-02 16:14:11,309 : INFO : SwitchController : <<<<<<< 's_flipper_right_upper' inactive >>>>>>>
2026-03-02 16:14:11,311 : INFO : SwitchController : <<<<<<< 's_flipper_right_upper' active >>>>>>>
2026-03-02 16:14:11,311 : INFO : EventManager : Event: ======'machine_var_audits_switches_s_flipper_right_upper'====== Args={'value': 198, 'prev_value': 197, 'change': 1}
2026-03-02 16:14:11,315 : INFO : SwitchController : <<<<<<< 's_flipper_right_lower_eos' inactive >>>>>>>
2026-03-02 16:14:11,323 : INFO : SwitchController : <<<<<<< 's_flipper_right_upper' inactive >>>>>>>
2026-03-02 16:14:11,323 : INFO : SwitchController : <<<<<<< 's_inlane_right_1' inactive >>>>>>>
2026-03-02 16:14:11,323 : INFO : SwitchController : <<<<<<< 's_flipper_right_upper' active >>>>>>>
2026-03-02 16:14:11,323 : INFO : EventManager : Event: ======'machine_var_audits_switches_s_flipper_right_upper'====== Args={'value': 199, 'prev_value': 198, 'change': 1}
2026-03-02 16:14:11,325 : INFO : SwitchController : <<<<<<< 's_flipper_right_upper' inactive >>>>>>>
2026-03-02 16:14:11,326 : INFO : SwitchController : <<<<<<< 's_inlane_right_1' active >>>>>>>
2026-03-02 16:14:11,326 : INFO : EventManager : Event: ======'sw_playfield_active'====== Args={}
2026-03-02 16:14:11,326 : INFO : EventManager : Event: ======'machine_var_audits_switches_s_inlane_right_1'====== Args={'value': 112, 'prev_value': 111, 'change': 1}
2026-03-02 16:14:11,327 : INFO : SwitchController : <<<<<<< 's_flipper_right_upper' active >>>>>>>
2026-03-02 16:14:11,327 : INFO : EventManager : Event: ======'machine_var_audits_switches_s_flipper_right_upper'====== Args={'value': 200, 'prev_value': 199, 'change': 1}
2026-03-02 16:14:11,338 : INFO : SwitchController : <<<<<<< 's_flipper_right_upper_eos' active >>>>>>>
2026-03-02 16:14:11,338 : INFO : EventManager : Event: ======'machine_var_audits_switches_s_flipper_right_upper_eos'====== Args={'value': 75, 'prev_value': 74, 'change': 1}
2026-03-02 16:14:11,339 : INFO : SwitchController : <<<<<<< 's_inlane_right_1' inactive >>>>>>>
2026-03-02 16:14:11,342 : INFO : SwitchController : <<<<<<< 's_inlane_right_1' active >>>>>>>
2026-03-02 16:14:11,342 : INFO : EventManager : Event: ======'sw_playfield_active'====== Args={}
2026-03-02 16:14:11,342 : INFO : EventManager : Event: ======'machine_var_audits_switches_s_inlane_right_1'====== Args={'value': 113, 'prev_value': 112, 'change': 1}
2026-03-02 16:14:11,345 : INFO : SwitchController : <<<<<<< 's_flipper_right_upper' inactive >>>>>>>
2026-03-02 16:14:11,347 : INFO : SwitchController : <<<<<<< 's_flipper_right_upper' active >>>>>>>
2026-03-02 16:14:11,347 : INFO : EventManager : Event: ======'machine_var_audits_switches_s_flipper_right_upper'====== Args={'value': 201, 'prev_value': 200, 'change': 1}
2026-03-02 16:14:11,372 : INFO : SwitchController : <<<<<<< 's_flipper_right_upper' inactive >>>>>>>
2026-03-02 16:14:11,374 : INFO : SwitchController : <<<<<<< 's_flipper_right_upper' active >>>>>>>
2026-03-02 16:14:11,374 : INFO : EventManager : Event: ======'machine_var_audits_switches_s_flipper_right_upper'====== Args={'value': 202, 'prev_value': 201, 'change': 1}
2026-03-02 16:14:11,392 : INFO : SwitchController : <<<<<<< 's_flipper_right_upper' inactive >>>>>>>
2026-03-02 16:14:11,410 : INFO : SwitchController : <<<<<<< 's_flipper_right_lower' inactive >>>>>>>
2026-03-02 16:14:11,501 : INFO : SwitchController : <<<<<<< 's_flipper_right_upper_eos' inactive >>>>>>>
2026-03-02 16:14:11,510 : INFO : SwitchController : <<<<<<< 's_flipper_right_lower_eos' active >>>>>>>
2026-03-02 16:14:11,510 : INFO : EventManager : Event: ======'machine_var_audits_switches_s_flipper_right_lower_eos'====== Args={'value': 197, 'prev_value': 196, 'change': 1}
2026-03-02 16:14:11,592 : INFO : SwitchController : <<<<<<< 's_flipper_left' active >>>>>>>
2026-03-02 16:14:11,592 : INFO : EventManager : Event: ======'machine_var_audits_switches_s_flipper_left'====== Args={'value': 146, 'prev_value': 145, 'change': 1}
2026-03-02 16:14:11,614 : INFO : SwitchController : <<<<<<< 's_flipper_left_eos' inactive >>>>>>>
2026-03-02 16:14:11,618 : INFO : SwitchController : <<<<<<< 's_inlane_right_1' inactive >>>>>>>
2026-03-02 16:14:11,623 : INFO : SwitchController : <<<<<<< 's_inlane_right_1' active >>>>>>>
2026-03-02 16:14:11,623 : INFO : EventManager : Event: ======'sw_playfield_active'====== Args={}
2026-03-02 16:14:11,623 : INFO : EventManager : Event: ======'machine_var_audits_switches_s_inlane_right_1'====== Args={'value': 114, 'prev_value': 113, 'change': 1}
2026-03-02 16:14:11,743 : INFO : SwitchController : <<<<<<< 's_flipper_left' inactive >>>>>>>
2026-03-02 16:14:11,833 : INFO : SwitchController : <<<<<<< 's_flipper_left_eos' active >>>>>>>
2026-03-02 16:14:11,833 : INFO : EventManager : Event: ======'machine_var_audits_switches_s_flipper_left_eos'====== Args={'value': 127, 'prev_value': 126, 'change': 1}
2026-03-02 16:14:11,855 : INFO : SwitchController : <<<<<<< 's_flipper_right_lower' active >>>>>>>
2026-03-02 16:14:11,855 : INFO : EventManager : Event: ======'machine_var_audits_switches_s_flipper_right_lower'====== Args={'value': 252, 'prev_value': 251, 'change': 1}
2026-03-02 16:14:11,859 : INFO : SwitchController : <<<<<<< 's_flipper_right_upper' active >>>>>>>
2026-03-02 16:14:11,859 : INFO : EventManager : Event: ======'machine_var_audits_switches_s_flipper_right_upper'====== Args={'value': 203, 'prev_value': 202, 'change': 1}
2026-03-02 16:14:11,865 : INFO : SwitchController : <<<<<<< 's_flipper_right_upper' inactive >>>>>>>
2026-03-02 16:14:11,872 : INFO : SwitchController : <<<<<<< 's_flipper_right_upper' active >>>>>>>
2026-03-02 16:14:11,872 : INFO : EventManager : Event: ======'machine_var_audits_switches_s_flipper_right_upper'====== Args={'value': 204, 'prev_value': 203, 'change': 1}
2026-03-02 16:14:11,891 : INFO : SwitchController : <<<<<<< 's_flipper_right_lower_eos' inactive >>>>>>>
2026-03-02 16:14:11,891 : INFO : SwitchController : <<<<<<< 's_inlane_right_1' inactive >>>>>>>
2026-03-02 16:14:11,892 : INFO : SwitchController : <<<<<<< 's_flipper_right_upper_eos' active >>>>>>>
2026-03-02 16:14:11,892 : INFO : EventManager : Event: ======'machine_var_audits_switches_s_flipper_right_upper_eos'====== Args={'value': 76, 'prev_value': 75, 'change': 1}
2026-03-02 16:14:11,907 : INFO : SwitchController : <<<<<<< 's_inlane_right_1' active >>>>>>>
2026-03-02 16:14:11,907 : INFO : EventManager : Event: ======'sw_playfield_active'====== Args={}
2026-03-02 16:14:11,908 : INFO : EventManager : Event: ======'machine_var_audits_switches_s_inlane_right_1'====== Args={'value': 115, 'prev_value': 114, 'change': 1}
2026-03-02 16:14:11,990 : INFO : SwitchController : <<<<<<< 's_flipper_right_upper' inactive >>>>>>>
2026-03-02 16:14:12,005 : INFO : SwitchController : <<<<<<< 's_flipper_right_lower' inactive >>>>>>>
2026-03-02 16:14:12,087 : INFO : SwitchController : <<<<<<< 's_flipper_right_upper_eos' inactive >>>>>>>
2026-03-02 16:14:12,104 : INFO : SwitchController : <<<<<<< 's_flipper_right_lower_eos' active >>>>>>>
2026-03-02 16:14:12,105 : INFO : EventManager : Event: ======'machine_var_audits_switches_s_flipper_right_lower_eos'====== Args={'value': 198, 'prev_value': 197, 'change': 1}
2026-03-02 16:14:12,379 : INFO : SwitchController : <<<<<<< 's_flipper_right_lower' active >>>>>>>
2026-03-02 16:14:12,380 : INFO : EventManager : Event: ======'machine_var_audits_switches_s_flipper_right_lower'====== Args={'value': 253, 'prev_value': 252, 'change': 1}
2026-03-02 16:14:12,395 : INFO : SwitchController : <<<<<<< 's_flipper_right_upper' active >>>>>>>
2026-03-02 16:14:12,395 : INFO : EventManager : Event: ======'machine_var_audits_switches_s_flipper_right_upper'====== Args={'value': 205, 'prev_value': 204, 'change': 1}
2026-03-02 16:14:12,412 : INFO : SwitchController : <<<<<<< 's_flipper_right_lower_eos' inactive >>>>>>>
2026-03-02 16:14:12,413 : INFO : SwitchController : <<<<<<< 's_inlane_right_1' inactive >>>>>>>
2026-03-02 16:14:12,416 : INFO : SwitchController : <<<<<<< 's_flipper_right_upper_eos' active >>>>>>>
2026-03-02 16:14:12,416 : INFO : EventManager : Event: ======'machine_var_audits_switches_s_flipper_right_upper_eos'====== Args={'value': 77, 'prev_value': 76, 'change': 1}
2026-03-02 16:14:12,427 : INFO : SwitchController : <<<<<<< 's_inlane_right_1' active >>>>>>>
2026-03-02 16:14:12,427 : INFO : EventManager : Event: ======'sw_playfield_active'====== Args={}
2026-03-02 16:14:12,427 : INFO : EventManager : Event: ======'machine_var_audits_switches_s_inlane_right_1'====== Args={'value': 116, 'prev_value': 115, 'change': 1}
2026-03-02 16:14:12,643 : INFO : SwitchController : <<<<<<< 's_flipper_right_upper' inactive >>>>>>>
2026-03-02 16:14:12,654 : INFO : SwitchController : <<<<<<< 's_flipper_right_lower' inactive >>>>>>>
2026-03-02 16:14:12,743 : INFO : SwitchController : <<<<<<< 's_flipper_right_upper_eos' inactive >>>>>>>
2026-03-02 16:14:12,757 : INFO : SwitchController : <<<<<<< 's_flipper_right_lower_eos' active >>>>>>>
2026-03-02 16:14:12,758 : INFO : EventManager : Event: ======'machine_var_audits_switches_s_flipper_right_lower_eos'====== Args={'value': 199, 'prev_value': 198, 'change': 1}
2026-03-02 16:14:12,950 : INFO : SwitchController : <<<<<<< 's_flipper_right_lower' active >>>>>>>
2026-03-02 16:14:12,951 : INFO : EventManager : Event: ======'machine_var_audits_switches_s_flipper_right_lower'====== Args={'value': 254, 'prev_value': 253, 'change': 1}
2026-03-02 16:14:12,968 : INFO : SwitchController : <<<<<<< 's_flipper_right_upper' active >>>>>>>
2026-03-02 16:14:12,968 : INFO : EventManager : Event: ======'machine_var_audits_switches_s_flipper_right_upper'====== Args={'value': 206, 'prev_value': 205, 'change': 1}
2026-03-02 16:14:12,986 : INFO : SwitchController : <<<<<<< 's_flipper_right_lower_eos' inactive >>>>>>>
2026-03-02 16:14:12,986 : INFO : SwitchController : <<<<<<< 's_flipper_right_upper_eos' active >>>>>>>
2026-03-02 16:14:12,986 : INFO : EventManager : Event: ======'machine_var_audits_switches_s_flipper_right_upper_eos'====== Args={'value': 78, 'prev_value': 77, 'change': 1}
2026-03-02 16:14:12,987 : INFO : SwitchController : <<<<<<< 's_inlane_right_1' inactive >>>>>>>
2026-03-02 16:14:13,004 : INFO : SwitchController : <<<<<<< 's_inlane_right_1' active >>>>>>>
2026-03-02 16:14:13,004 : INFO : EventManager : Event: ======'sw_playfield_active'====== Args={}
2026-03-02 16:14:13,004 : INFO : EventManager : Event: ======'machine_var_audits_switches_s_inlane_right_1'====== Args={'value': 117, 'prev_value': 116, 'change': 1}
2026-03-02 16:14:13,294 : INFO : SwitchController : <<<<<<< 's_flipper_right_upper' inactive >>>>>>>
2026-03-02 16:14:13,303 : INFO : SwitchController : <<<<<<< 's_flipper_right_lower' inactive >>>>>>>
2026-03-02 16:14:13,392 : INFO : SwitchController : <<<<<<< 's_flipper_right_upper_eos' inactive >>>>>>>
2026-03-02 16:14:13,410 : INFO : SwitchController : <<<<<<< 's_flipper_right_lower_eos' active >>>>>>>
2026-03-02 16:14:13,411 : INFO : EventManager : Event: ======'machine_var_audits_switches_s_flipper_right_lower_eos'====== Args={'value': 200, 'prev_value': 199, 'change': 1}
2026-03-02 16:14:13,583 : INFO : SwitchController : <<<<<<< 's_flipper_right_lower' active >>>>>>>
2026-03-02 16:14:13,583 : INFO : EventManager : Event: ======'machine_var_audits_switches_s_flipper_right_lower'====== Args={'value': 255, 'prev_value': 254, 'change': 1}
2026-03-02 16:14:13,614 : INFO : SwitchController : <<<<<<< 's_flipper_right_lower_eos' inactive >>>>>>>
2026-03-02 16:14:13,617 : INFO : SwitchController : <<<<<<< 's_inlane_right_1' inactive >>>>>>>
2026-03-02 16:14:13,629 : INFO : SwitchController : <<<<<<< 's_inlane_right_1' active >>>>>>>
2026-03-02 16:14:13,629 : INFO : EventManager : Event: ======'sw_playfield_active'====== Args={}
2026-03-02 16:14:13,629 : INFO : EventManager : Event: ======'machine_var_audits_switches_s_inlane_right_1'====== Args={'value': 118, 'prev_value': 117, 'change': 1}
2026-03-02 16:14:13,792 : INFO : SwitchController : <<<<<<< 's_flipper_right_lower' inactive >>>>>>>
2026-03-02 16:14:13,898 : INFO : SwitchController : <<<<<<< 's_flipper_right_lower_eos' active >>>>>>>
2026-03-02 16:14:13,899 : INFO : EventManager : Event: ======'machine_var_audits_switches_s_flipper_right_lower_eos'====== Args={'value': 201, 'prev_value': 200, 'change': 1}
2026-03-02 16:14:19,863 : INFO : SwitchController : <<<<<<< 's_flipper_right_lower' active >>>>>>>
2026-03-02 16:14:19,864 : INFO : EventManager : Event: ======'machine_var_audits_switches_s_flipper_right_lower'====== Args={'value': 256, 'prev_value': 255, 'change': 1}
2026-03-02 16:14:19,896 : INFO : SwitchController : <<<<<<< 's_flipper_right_lower_eos' inactive >>>>>>>
2026-03-02 16:14:19,898 : INFO : SwitchController : <<<<<<< 's_inlane_right_1' inactive >>>>>>>
2026-03-02 16:14:19,906 : INFO : SwitchController : <<<<<<< 's_flipper_right_upper' active >>>>>>>
2026-03-02 16:14:19,906 : INFO : EventManager : Event: ======'machine_var_audits_switches_s_flipper_right_upper'====== Args={'value': 207, 'prev_value': 206, 'change': 1}
2026-03-02 16:14:19,915 : INFO : SwitchController : <<<<<<< 's_inlane_right_1' active >>>>>>>
2026-03-02 16:14:19,915 : INFO : EventManager : Event: ======'sw_playfield_active'====== Args={}
2026-03-02 16:14:19,915 : INFO : EventManager : Event: ======'machine_var_audits_switches_s_inlane_right_1'====== Args={'value': 119, 'prev_value': 118, 'change': 1}
2026-03-02 16:14:19,920 : INFO : SwitchController : <<<<<<< 's_flipper_right_upper' inactive >>>>>>>
2026-03-02 16:14:19,922 : INFO : SwitchController : <<<<<<< 's_flipper_right_upper' active >>>>>>>
2026-03-02 16:14:19,922 : INFO : EventManager : Event: ======'machine_var_audits_switches_s_flipper_right_upper'====== Args={'value': 208, 'prev_value': 207, 'change': 1}
2026-03-02 16:14:19,941 : INFO : SwitchController : <<<<<<< 's_flipper_right_upper_eos' active >>>>>>>
2026-03-02 16:14:19,941 : INFO : EventManager : Event: ======'machine_var_audits_switches_s_flipper_right_upper_eos'====== Args={'value': 79, 'prev_value': 78, 'change': 1}
2026-03-02 16:14:19,944 : INFO : SwitchController : <<<<<<< 's_inlane_right_1' inactive >>>>>>>
2026-03-02 16:14:19,950 : INFO : SwitchController : <<<<<<< 's_inlane_right_1' active >>>>>>>
2026-03-02 16:14:19,950 : INFO : EventManager : Event: ======'sw_playfield_active'====== Args={}
2026-03-02 16:14:19,950 : INFO : EventManager : Event: ======'machine_var_audits_switches_s_inlane_right_1'====== Args={'value': 120, 'prev_value': 119, 'change': 1}
2026-03-02 16:14:20,070 : INFO : SwitchController : <<<<<<< 's_flipper_right_upper' inactive >>>>>>>
2026-03-02 16:14:20,086 : INFO : SwitchController : <<<<<<< 's_flipper_right_lower' inactive >>>>>>>
2026-03-02 16:14:20,169 : INFO : SwitchController : <<<<<<< 's_flipper_right_upper_eos' inactive >>>>>>>
2026-03-02 16:14:20,187 : INFO : SwitchController : <<<<<<< 's_flipper_right_lower_eos' active >>>>>>>
2026-03-02 16:14:20,187 : INFO : EventManager : Event: ======'machine_var_audits_switches_s_flipper_right_lower_eos'====== Args={'value': 202, 'prev_value': 201, 'change': 1}
2026-03-02 16:14:21,531 : INFO : SwitchController : <<<<<<< 's_flipper_right_lower' active >>>>>>>
2026-03-02 16:14:21,531 : INFO : EventManager : Event: ======'machine_var_audits_switches_s_flipper_right_lower'====== Args={'value': 257, 'prev_value': 256, 'change': 1}
2026-03-02 16:14:21,656 : INFO : SwitchController : <<<<<<< 's_flipper_right_lower' inactive >>>>>>>
2026-03-02 16:14:22,157 : INFO : SwitchController : <<<<<<< 's_flipper_right_lower' active >>>>>>>
2026-03-02 16:14:22,158 : INFO : EventManager : Event: ======'machine_var_audits_switches_s_flipper_right_lower'====== Args={'value': 258, 'prev_value': 257, 'change': 1}
2026-03-02 16:14:22,189 : INFO : SwitchController : <<<<<<< 's_flipper_right_lower_eos' inactive >>>>>>>
2026-03-02 16:14:22,191 : INFO : SwitchController : <<<<<<< 's_inlane_right_1' inactive >>>>>>>
2026-03-02 16:14:22,206 : INFO : SwitchController : <<<<<<< 's_inlane_right_1' active >>>>>>>
2026-03-02 16:14:22,206 : INFO : EventManager : Event: ======'sw_playfield_active'====== Args={}
2026-03-02 16:14:22,206 : INFO : EventManager : Event: ======'machine_var_audits_switches_s_inlane_right_1'====== Args={'value': 121, 'prev_value': 120, 'change': 1}
2026-03-02 16:14:22,341 : INFO : SwitchController : <<<<<<< 's_flipper_right_lower' inactive >>>>>>>
2026-03-02 16:14:22,447 : INFO : SwitchController : <<<<<<< 's_flipper_right_lower_eos' active >>>>>>>
2026-03-02 16:14:22,448 : INFO : EventManager : Event: ======'machine_var_audits_switches_s_flipper_right_lower_eos'====== Args={'value': 203, 'prev_value': 202, 'change': 1}
2026-03-02 16:14:23,454 : INFO : SwitchController : <<<<<<< 's_flipper_right_lower' active >>>>>>>
2026-03-02 16:14:23,454 : INFO : EventManager : Event: ======'machine_var_audits_switches_s_flipper_right_lower'====== Args={'value': 259, 'prev_value': 258, 'change': 1}
2026-03-02 16:14:23,483 : INFO : SwitchController : <<<<<<< 's_flipper_right_lower_eos' inactive >>>>>>>
2026-03-02 16:14:23,485 : INFO : SwitchController : <<<<<<< 's_inlane_right_1' inactive >>>>>>>
2026-03-02 16:14:23,502 : INFO : SwitchController : <<<<<<< 's_inlane_right_1' active >>>>>>>
2026-03-02 16:14:23,502 : INFO : EventManager : Event: ======'sw_playfield_active'====== Args={}
2026-03-02 16:14:23,503 : INFO : EventManager : Event: ======'machine_var_audits_switches_s_inlane_right_1'====== Args={'value': 122, 'prev_value': 121, 'change': 1}
2026-03-02 16:14:23,613 : INFO : SwitchController : <<<<<<< 's_flipper_right_lower' inactive >>>>>>>
2026-03-02 16:14:23,713 : INFO : SwitchController : <<<<<<< 's_flipper_right_lower_eos' active >>>>>>>
2026-03-02 16:14:23,714 : INFO : EventManager : Event: ======'machine_var_audits_switches_s_flipper_right_lower_eos'====== Args={'value': 204, 'prev_value': 203, 'change': 1}
2026-03-02 16:14:23,955 : INFO : SwitchController : <<<<<<< 's_inlane_right_1' inactive >>>>>>>
2026-03-02 16:14:23,959 : INFO : SwitchController : <<<<<<< 's_inlane_right_1' active >>>>>>>
2026-03-02 16:14:23,959 : INFO : EventManager : Event: ======'sw_playfield_active'====== Args={}
2026-03-02 16:14:23,959 : INFO : EventManager : Event: ======'machine_var_audits_switches_s_inlane_right_1'====== Args={'value': 123, 'prev_value': 122, 'change': 1}
2026-03-02 16:14:26,410 : INFO : SwitchController : <<<<<<< 's_flipper_left' active >>>>>>>
2026-03-02 16:14:26,410 : INFO : EventManager : Event: ======'machine_var_audits_switches_s_flipper_left'====== Args={'value': 147, 'prev_value': 146, 'change': 1}
2026-03-02 16:14:26,441 : INFO : SwitchController : <<<<<<< 's_flipper_left_eos' inactive >>>>>>>
2026-03-02 16:14:26,445 : INFO : SwitchController : <<<<<<< 's_inlane_right_1' inactive >>>>>>>
2026-03-02 16:14:26,450 : INFO : SwitchController : <<<<<<< 's_inlane_right_1' active >>>>>>>
2026-03-02 16:14:26,450 : INFO : EventManager : Event: ======'sw_playfield_active'====== Args={}
2026-03-02 16:14:26,451 : INFO : EventManager : Event: ======'machine_var_audits_switches_s_inlane_right_1'====== Args={'value': 124, 'prev_value': 123, 'change': 1}
2026-03-02 16:14:26,595 : INFO : SwitchController : <<<<<<< 's_flipper_left' inactive >>>>>>>
2026-03-02 16:14:26,684 : INFO : SwitchController : <<<<<<< 's_flipper_left_eos' active >>>>>>>
2026-03-02 16:14:26,684 : INFO : EventManager : Event: ======'machine_var_audits_switches_s_flipper_left_eos'====== Args={'value': 128, 'prev_value': 127, 'change': 1}
2026-03-02 16:14:28,582 : INFO : SwitchController : <<<<<<< 's_flipper_left' active >>>>>>>
2026-03-02 16:14:28,582 : INFO : EventManager : Event: ======'machine_var_audits_switches_s_flipper_left'====== Args={'value': 148, 'prev_value': 147, 'change': 1}
2026-03-02 16:14:28,604 : INFO : SwitchController : <<<<<<< 's_flipper_left_eos' inactive >>>>>>>
2026-03-02 16:14:28,607 : INFO : SwitchController : <<<<<<< 's_inlane_right_1' inactive >>>>>>>
2026-03-02 16:14:28,619 : INFO : SwitchController : <<<<<<< 's_inlane_right_1' active >>>>>>>
2026-03-02 16:14:28,619 : INFO : EventManager : Event: ======'sw_playfield_active'====== Args={}
2026-03-02 16:14:28,619 : INFO : EventManager : Event: ======'machine_var_audits_switches_s_inlane_right_1'====== Args={'value': 125, 'prev_value': 124, 'change': 1}
2026-03-02 16:14:28,861 : INFO : SwitchController : <<<<<<< 's_flipper_left' inactive >>>>>>>
2026-03-02 16:14:28,950 : INFO : SwitchController : <<<<<<< 's_flipper_left_eos' active >>>>>>>
2026-03-02 16:14:28,950 : INFO : EventManager : Event: ======'machine_var_audits_switches_s_flipper_left_eos'====== Args={'value': 129, 'prev_value': 128, 'change': 1}
2026-03-02 16:14:29,147 : INFO : SwitchController : <<<<<<< 's_flipper_left' active >>>>>>>
2026-03-02 16:14:29,147 : INFO : EventManager : Event: ======'machine_var_audits_switches_s_flipper_left'====== Args={'value': 149, 'prev_value': 148, 'change': 1}
2026-03-02 16:14:29,180 : INFO : SwitchController : <<<<<<< 's_flipper_left_eos' inactive >>>>>>>
2026-03-02 16:14:29,183 : INFO : SwitchController : <<<<<<< 's_inlane_right_1' inactive >>>>>>>
2026-03-02 16:14:29,189 : INFO : SwitchController : <<<<<<< 's_inlane_right_1' active >>>>>>>
2026-03-02 16:14:29,190 : INFO : EventManager : Event: ======'sw_playfield_active'====== Args={}
2026-03-02 16:14:29,190 : INFO : EventManager : Event: ======'machine_var_audits_switches_s_inlane_right_1'====== Args={'value': 126, 'prev_value': 125, 'change': 1}
2026-03-02 16:14:29,330 : INFO : SwitchController : <<<<<<< 's_flipper_left' inactive >>>>>>>
2026-03-02 16:14:29,417 : INFO : SwitchController : <<<<<<< 's_flipper_left_eos' active >>>>>>>
2026-03-02 16:14:29,417 : INFO : EventManager : Event: ======'machine_var_audits_switches_s_flipper_left_eos'====== Args={'value': 130, 'prev_value': 129, 'change': 1}
2026-03-02 16:14:32,839 : INFO : SwitchController : <<<<<<< 's_flipper_right_lower' active >>>>>>>
2026-03-02 16:14:32,839 : INFO : EventManager : Event: ======'machine_var_audits_switches_s_flipper_right_lower'====== Args={'value': 260, 'prev_value': 259, 'change': 1}
2026-03-02 16:14:32,871 : INFO : SwitchController : <<<<<<< 's_flipper_right_lower_eos' inactive >>>>>>>
2026-03-02 16:14:32,876 : INFO : SwitchController : <<<<<<< 's_inlane_right_1' inactive >>>>>>>
2026-03-02 16:14:32,880 : INFO : SwitchController : <<<<<<< 's_inlane_right_1' active >>>>>>>
2026-03-02 16:14:32,880 : INFO : EventManager : Event: ======'sw_playfield_active'====== Args={}
2026-03-02 16:14:32,880 : INFO : EventManager : Event: ======'machine_var_audits_switches_s_inlane_right_1'====== Args={'value': 127, 'prev_value': 126, 'change': 1}
2026-03-02 16:14:33,021 : INFO : SwitchController : <<<<<<< 's_flipper_right_lower' inactive >>>>>>>
2026-03-02 16:14:33,120 : INFO : SwitchController : <<<<<<< 's_flipper_right_lower_eos' active >>>>>>>
2026-03-02 16:14:33,120 : INFO : EventManager : Event: ======'machine_var_audits_switches_s_flipper_right_lower_eos'====== Args={'value': 205, 'prev_value': 204, 'change': 1}
2026-03-02 16:14:33,829 : INFO : SwitchController : <<<<<<< 's_flipper_right_lower' active >>>>>>>
2026-03-02 16:14:33,829 : INFO : EventManager : Event: ======'machine_var_audits_switches_s_flipper_right_lower'====== Args={'value': 261, 'prev_value': 260, 'change': 1}
2026-03-02 16:14:33,866 : INFO : SwitchController : <<<<<<< 's_flipper_right_lower_eos' inactive >>>>>>>
2026-03-02 16:14:33,867 : INFO : SwitchController : <<<<<<< 's_inlane_right_1' inactive >>>>>>>
2026-03-02 16:14:33,874 : INFO : SwitchController : <<<<<<< 's_inlane_right_1' active >>>>>>>
2026-03-02 16:14:33,874 : INFO : EventManager : Event: ======'sw_playfield_active'====== Args={}
2026-03-02 16:14:33,874 : INFO : EventManager : Event: ======'machine_var_audits_switches_s_inlane_right_1'====== Args={'value': 128, 'prev_value': 127, 'change': 1}
2026-03-02 16:14:33,976 : INFO : SwitchController : <<<<<<< 's_flipper_right_lower' inactive >>>>>>>
2026-03-02 16:14:34,082 : INFO : SwitchController : <<<<<<< 's_flipper_right_lower_eos' active >>>>>>>
2026-03-02 16:14:34,082 : INFO : EventManager : Event: ======'machine_var_audits_switches_s_flipper_right_lower_eos'====== Args={'value': 206, 'prev_value': 205, 'change': 1}
2026-03-02 16:14:34,576 : INFO : SwitchController : <<<<<<< 's_flipper_right_lower' active >>>>>>>
2026-03-02 16:14:34,576 : INFO : EventManager : Event: ======'machine_var_audits_switches_s_flipper_right_lower'====== Args={'value': 262, 'prev_value': 261, 'change': 1}
2026-03-02 16:14:34,607 : INFO : SwitchController : <<<<<<< 's_flipper_right_lower_eos' inactive >>>>>>>
2026-03-02 16:14:34,610 : INFO : SwitchController : <<<<<<< 's_inlane_right_1' inactive >>>>>>>
2026-03-02 16:14:34,622 : INFO : SwitchController : <<<<<<< 's_inlane_right_1' active >>>>>>>
2026-03-02 16:14:34,622 : INFO : EventManager : Event: ======'sw_playfield_active'====== Args={}
2026-03-02 16:14:34,622 : INFO : EventManager : Event: ======'machine_var_audits_switches_s_inlane_right_1'====== Args={'value': 129, 'prev_value': 128, 'change': 1}
2026-03-02 16:14:35,132 : INFO : SwitchController : <<<<<<< 's_flipper_right_lower' inactive >>>>>>>
2026-03-02 16:14:35,239 : INFO : SwitchController : <<<<<<< 's_flipper_right_lower_eos' active >>>>>>>
2026-03-02 16:14:35,239 : INFO : EventManager : Event: ======'machine_var_audits_switches_s_flipper_right_lower_eos'====== Args={'value': 207, 'prev_value': 206, 'change': 1}
2026-03-02 16:14:35,613 : INFO : SwitchController : <<<<<<< 's_flipper_left' active >>>>>>>
2026-03-02 16:14:35,613 : INFO : EventManager : Event: ======'machine_var_audits_switches_s_flipper_left'====== Args={'value': 150, 'prev_value': 149, 'change': 1}
2026-03-02 16:14:35,635 : INFO : SwitchController : <<<<<<< 's_flipper_left_eos' inactive >>>>>>>
2026-03-02 16:14:35,638 : INFO : SwitchController : <<<<<<< 's_inlane_right_1' inactive >>>>>>>
2026-03-02 16:14:35,652 : INFO : SwitchController : <<<<<<< 's_inlane_right_1' active >>>>>>>
2026-03-02 16:14:35,652 : INFO : EventManager : Event: ======'sw_playfield_active'====== Args={}
2026-03-02 16:14:35,652 : INFO : EventManager : Event: ======'machine_var_audits_switches_s_inlane_right_1'====== Args={'value': 130, 'prev_value': 129, 'change': 1}
2026-03-02 16:14:36,254 : INFO : SwitchController : <<<<<<< 's_flipper_left' inactive >>>>>>>
2026-03-02 16:14:36,339 : INFO : SwitchController : <<<<<<< 's_flipper_left_eos' active >>>>>>>
2026-03-02 16:14:36,339 : INFO : EventManager : Event: ======'machine_var_audits_switches_s_flipper_left_eos'====== Args={'value': 131, 'prev_value': 130, 'change': 1}
2026-03-02 16:14:37,108 : INFO : SwitchController : <<<<<<< 's_flipper_left' active >>>>>>>
2026-03-02 16:14:37,108 : INFO : EventManager : Event: ======'machine_var_audits_switches_s_flipper_left'====== Args={'value': 151, 'prev_value': 150, 'change': 1}
2026-03-02 16:14:37,141 : INFO : SwitchController : <<<<<<< 's_flipper_left_eos' inactive >>>>>>>
2026-03-02 16:14:37,144 : INFO : SwitchController : <<<<<<< 's_inlane_right_1' inactive >>>>>>>
2026-03-02 16:14:37,149 : INFO : SwitchController : <<<<<<< 's_inlane_right_1' active >>>>>>>
2026-03-02 16:14:37,149 : INFO : EventManager : Event: ======'sw_playfield_active'====== Args={}
2026-03-02 16:14:37,149 : INFO : EventManager : Event: ======'machine_var_audits_switches_s_inlane_right_1'====== Args={'value': 131, 'prev_value': 130, 'change': 1}
2026-03-02 16:14:37,265 : INFO : SwitchController : <<<<<<< 's_flipper_left' inactive >>>>>>>
2026-03-02 16:14:37,351 : INFO : SwitchController : <<<<<<< 's_flipper_left_eos' active >>>>>>>
2026-03-02 16:14:37,351 : INFO : EventManager : Event: ======'machine_var_audits_switches_s_flipper_left_eos'====== Args={'value': 132, 'prev_value': 131, 'change': 1}
2026-03-02 16:14:38,367 : INFO : SwitchController : <<<<<<< 's_flipper_right_lower' active >>>>>>>
2026-03-02 16:14:38,368 : INFO : EventManager : Event: ======'machine_var_audits_switches_s_flipper_right_lower'====== Args={'value': 263, 'prev_value': 262, 'change': 1}
2026-03-02 16:14:38,399 : INFO : SwitchController : <<<<<<< 's_flipper_right_lower_eos' inactive >>>>>>>
2026-03-02 16:14:38,402 : INFO : SwitchController : <<<<<<< 's_inlane_right_1' inactive >>>>>>>
2026-03-02 16:14:38,410 : INFO : SwitchController : <<<<<<< 's_inlane_right_1' active >>>>>>>
2026-03-02 16:14:38,410 : INFO : EventManager : Event: ======'sw_playfield_active'====== Args={}
2026-03-02 16:14:38,410 : INFO : EventManager : Event: ======'machine_var_audits_switches_s_inlane_right_1'====== Args={'value': 132, 'prev_value': 131, 'change': 1}
2026-03-02 16:14:38,775 : INFO : SwitchController : <<<<<<< 's_flipper_right_lower' inactive >>>>>>>
2026-03-02 16:14:38,879 : INFO : SwitchController : <<<<<<< 's_flipper_right_lower_eos' active >>>>>>>
2026-03-02 16:14:38,879 : INFO : EventManager : Event: ======'machine_var_audits_switches_s_flipper_right_lower_eos'====== Args={'value': 208, 'prev_value': 207, 'change': 1}
2026-03-02 16:14:39,737 : INFO : SwitchController : <<<<<<< 's_flipper_right_lower' active >>>>>>>
2026-03-02 16:14:39,737 : INFO : EventManager : Event: ======'machine_var_audits_switches_s_flipper_right_lower'====== Args={'value': 264, 'prev_value': 263, 'change': 1}
2026-03-02 16:14:39,771 : INFO : SwitchController : <<<<<<< 's_flipper_right_lower_eos' inactive >>>>>>>
2026-03-02 16:14:39,774 : INFO : SwitchController : <<<<<<< 's_inlane_right_1' inactive >>>>>>>
2026-03-02 16:14:39,779 : INFO : SwitchController : <<<<<<< 's_inlane_right_1' active >>>>>>>
2026-03-02 16:14:39,779 : INFO : EventManager : Event: ======'sw_playfield_active'====== Args={}
2026-03-02 16:14:39,779 : INFO : EventManager : Event: ======'machine_var_audits_switches_s_inlane_right_1'====== Args={'value': 133, 'prev_value': 132, 'change': 1}
2026-03-02 16:14:39,888 : INFO : SwitchController : <<<<<<< 's_flipper_right_lower' inactive >>>>>>>
2026-03-02 16:14:39,992 : INFO : SwitchController : <<<<<<< 's_flipper_right_lower_eos' active >>>>>>>
2026-03-02 16:14:39,992 : INFO : EventManager : Event: ======'machine_var_audits_switches_s_flipper_right_lower_eos'====== Args={'value': 209, 'prev_value': 208, 'change': 1}
2026-03-02 16:14:41,559 : INFO : SwitchController : <<<<<<< 's_flipper_right_lower' active >>>>>>>
2026-03-02 16:14:41,559 : INFO : EventManager : Event: ======'machine_var_audits_switches_s_flipper_right_lower'====== Args={'value': 265, 'prev_value': 264, 'change': 1}
2026-03-02 16:14:41,596 : INFO : SwitchController : <<<<<<< 's_flipper_right_lower_eos' inactive >>>>>>>
2026-03-02 16:14:41,645 : INFO : SwitchController : <<<<<<< 's_flipper_right_lower' inactive >>>>>>>
2026-03-02 16:14:41,749 : INFO : SwitchController : <<<<<<< 's_flipper_right_lower_eos' active >>>>>>>
2026-03-02 16:14:41,749 : INFO : EventManager : Event: ======'machine_var_audits_switches_s_flipper_right_lower_eos'====== Args={'value': 210, 'prev_value': 209, 'change': 1}
2026-03-02 16:14:43,402 : INFO : SwitchController : <<<<<<< 's_flipper_right_lower' active >>>>>>>
2026-03-02 16:14:43,403 : INFO : EventManager : Event: ======'machine_var_audits_switches_s_flipper_right_lower'====== Args={'value': 266, 'prev_value': 265, 'change': 1}
2026-03-02 16:14:43,439 : INFO : SwitchController : <<<<<<< 's_flipper_right_lower_eos' inactive >>>>>>>
2026-03-02 16:14:43,442 : INFO : SwitchController : <<<<<<< 's_inlane_right_1' inactive >>>>>>>
2026-03-02 16:14:43,458 : INFO : SwitchController : <<<<<<< 's_inlane_right_1' active >>>>>>>
2026-03-02 16:14:43,458 : INFO : EventManager : Event: ======'sw_playfield_active'====== Args={}
2026-03-02 16:14:43,458 : INFO : EventManager : Event: ======'machine_var_audits_switches_s_inlane_right_1'====== Args={'value': 134, 'prev_value': 133, 'change': 1}
2026-03-02 16:14:43,526 : INFO : SwitchController : <<<<<<< 's_sling_right' active >>>>>>>
2026-03-02 16:14:43,526 : INFO : EventManager : Event: ======'s_sling_right_active'====== Args={}
2026-03-02 16:14:43,527 : INFO : EventManager : Event: ======'machine_var_audits_switches_s_sling_right'====== Args={'value': 18, 'prev_value': 17, 'change': 1}
2026-03-02 16:14:43,527 : INFO : EventManager : Event: ======'player_shot_sling_right'====== Args={'value': 1, 'prev_value': 0, 'change': 1, 'player_num': 1}
2026-03-02 16:14:43,528 : INFO : EventManager : Event: ======'machine_var_audits_shots_sling_right'====== Args={'value': 18, 'prev_value': 17, 'change': 1}
2026-03-02 16:14:43,528 : INFO : EventManager : Event: ======'sling_right_hit'====== Args={'profile': 'default', 'state': 'unlit', 'advancing': True}
2026-03-02 16:14:43,528 : INFO : EventManager : Event: ======'sling_right_default_hit'====== Args={'profile': 'default', 'state': 'unlit', 'advancing': True}
2026-03-02 16:14:43,528 : INFO : EventManager : Event: ======'sling_right_default_unlit_hit'====== Args={'profile': 'default', 'state': 'unlit', 'advancing': True}
2026-03-02 16:14:43,528 : INFO : EventManager : Event: ======'sling_right_unlit_hit'====== Args={'profile': 'default', 'state': 'unlit', 'advancing': True}
2026-03-02 16:14:43,529 : INFO : EventManager : Event: ======'slings_hit'====== Args={'shot': 'sling_right'}
2026-03-02 16:14:43,529 : INFO : EventManager : Event: ======'slings_unlit_hit'====== Args={'shot': 'sling_right'}
2026-03-02 16:14:43,529 : INFO : EventManager : Event: ======'player_initial_value'====== Args={'value': 0, 'prev_value': 0, 'change': 0, 'player_num': 1, 'source': 'bumpers'}
2026-03-02 16:14:43,530 : INFO : EventManager : Event: ======'player_score'====== Args={'value': 100, 'prev_value': 0, 'change': 100, 'player_num': 1, 'source': 'bumpers'}
2026-03-02 16:14:43,541 : INFO : SwitchController : <<<<<<< 's_sling_right' inactive >>>>>>>
2026-03-02 16:14:43,543 : INFO : SwitchController : <<<<<<< 's_inlane_right_1' inactive >>>>>>>
2026-03-02 16:14:43,549 : INFO : SwitchController : <<<<<<< 's_inlane_right_1' active >>>>>>>
2026-03-02 16:14:43,550 : INFO : EventManager : Event: ======'sw_playfield_active'====== Args={}
2026-03-02 16:14:43,550 : INFO : EventManager : Event: ======'machine_var_audits_switches_s_inlane_right_1'====== Args={'value': 135, 'prev_value': 134, 'change': 1}
2026-03-02 16:14:43,769 : INFO : SwitchController : <<<<<<< 's_flipper_right_lower' inactive >>>>>>>
2026-03-02 16:14:43,787 : INFO : SwitchController : <<<<<<< 's_flipper_left' active >>>>>>>
2026-03-02 16:14:43,787 : INFO : EventManager : Event: ======'machine_var_audits_switches_s_flipper_left'====== Args={'value': 152, 'prev_value': 151, 'change': 1}
2026-03-02 16:14:43,815 : INFO : SwitchController : <<<<<<< 's_flipper_left_eos' inactive >>>>>>>
2026-03-02 16:14:43,873 : INFO : SwitchController : <<<<<<< 's_flipper_right_lower_eos' active >>>>>>>
2026-03-02 16:14:43,873 : INFO : EventManager : Event: ======'machine_var_audits_switches_s_flipper_right_lower_eos'====== Args={'value': 211, 'prev_value': 210, 'change': 1}
2026-03-02 16:14:44,027 : INFO : SwitchController : <<<<<<< 's_flipper_left' inactive >>>>>>>
2026-03-02 16:14:44,115 : INFO : SwitchController : <<<<<<< 's_flipper_left_eos' active >>>>>>>
2026-03-02 16:14:44,116 : INFO : EventManager : Event: ======'machine_var_audits_switches_s_flipper_left_eos'====== Args={'value': 133, 'prev_value': 132, 'change': 1}
2026-03-02 16:14:44,855 : INFO : SwitchController : <<<<<<< 's_flipper_right_lower' active >>>>>>>
2026-03-02 16:14:44,856 : INFO : EventManager : Event: ======'machine_var_audits_switches_s_flipper_right_lower'====== Args={'value': 267, 'prev_value': 266, 'change': 1}
2026-03-02 16:14:44,857 : INFO : SwitchController : <<<<<<< 's_flipper_right_lower' inactive >>>>>>>
2026-03-02 16:14:44,865 : INFO : SwitchController : <<<<<<< 's_flipper_right_lower' active >>>>>>>
2026-03-02 16:14:44,865 : INFO : EventManager : Event: ======'machine_var_audits_switches_s_flipper_right_lower'====== Args={'value': 268, 'prev_value': 267, 'change': 1}
2026-03-02 16:14:44,901 : INFO : SwitchController : <<<<<<< 's_flipper_right_lower_eos' inactive >>>>>>>
2026-03-02 16:14:44,906 : INFO : SwitchController : <<<<<<< 's_inlane_right_1' inactive >>>>>>>
2026-03-02 16:14:44,917 : INFO : SwitchController : <<<<<<< 's_inlane_right_1' active >>>>>>>
2026-03-02 16:14:44,917 : INFO : EventManager : Event: ======'sw_playfield_active'====== Args={}
2026-03-02 16:14:44,917 : INFO : EventManager : Event: ======'machine_var_audits_switches_s_inlane_right_1'====== Args={'value': 136, 'prev_value': 135, 'change': 1}
2026-03-02 16:14:45,054 : INFO : SwitchController : <<<<<<< 's_flipper_right_lower' inactive >>>>>>>
2026-03-02 16:14:45,158 : INFO : SwitchController : <<<<<<< 's_flipper_right_lower_eos' active >>>>>>>
2026-03-02 16:14:45,159 : INFO : EventManager : Event: ======'machine_var_audits_switches_s_flipper_right_lower_eos'====== Args={'value': 212, 'prev_value': 211, 'change': 1}
2026-03-02 16:14:46,068 : INFO : SwitchController : <<<<<<< 's_flipper_right_lower' active >>>>>>>
2026-03-02 16:14:46,068 : INFO : EventManager : Event: ======'machine_var_audits_switches_s_flipper_right_lower'====== Args={'value': 269, 'prev_value': 268, 'change': 1}
2026-03-02 16:14:46,103 : INFO : SwitchController : <<<<<<< 's_flipper_right_lower_eos' inactive >>>>>>>
2026-03-02 16:14:46,105 : INFO : SwitchController : <<<<<<< 's_inlane_right_1' inactive >>>>>>>
2026-03-02 16:14:46,119 : INFO : SwitchController : <<<<<<< 's_inlane_right_1' active >>>>>>>
2026-03-02 16:14:46,119 : INFO : EventManager : Event: ======'sw_playfield_active'====== Args={}
2026-03-02 16:14:46,119 : INFO : EventManager : Event: ======'machine_var_audits_switches_s_inlane_right_1'====== Args={'value': 137, 'prev_value': 136, 'change': 1}
2026-03-02 16:14:46,137 : INFO : SwitchController : <<<<<<< 's_flipper_right_upper' active >>>>>>>
2026-03-02 16:14:46,138 : INFO : EventManager : Event: ======'machine_var_audits_switches_s_flipper_right_upper'====== Args={'value': 209, 'prev_value': 208, 'change': 1}
2026-03-02 16:14:46,162 : INFO : SwitchController : <<<<<<< 's_flipper_right_upper_eos' active >>>>>>>
2026-03-02 16:14:46,162 : INFO : EventManager : Event: ======'machine_var_audits_switches_s_flipper_right_upper_eos'====== Args={'value': 80, 'prev_value': 79, 'change': 1}
2026-03-02 16:14:46,165 : INFO : SwitchController : <<<<<<< 's_inlane_right_1' inactive >>>>>>>
2026-03-02 16:14:46,172 : INFO : SwitchController : <<<<<<< 's_inlane_right_1' active >>>>>>>
2026-03-02 16:14:46,172 : INFO : EventManager : Event: ======'sw_playfield_active'====== Args={}
2026-03-02 16:14:46,172 : INFO : EventManager : Event: ======'machine_var_audits_switches_s_inlane_right_1'====== Args={'value': 138, 'prev_value': 137, 'change': 1}
2026-03-02 16:14:46,745 : INFO : SwitchController : <<<<<<< 's_flipper_right_upper' inactive >>>>>>>
2026-03-02 16:14:46,749 : INFO : SwitchController : <<<<<<< 's_flipper_right_upper' active >>>>>>>
2026-03-02 16:14:46,749 : INFO : EventManager : Event: ======'machine_var_audits_switches_s_flipper_right_upper'====== Args={'value': 210, 'prev_value': 209, 'change': 1}
2026-03-02 16:14:46,752 : INFO : SwitchController : <<<<<<< 's_flipper_right_upper' inactive >>>>>>>
2026-03-02 16:14:46,812 : INFO : SwitchController : <<<<<<< 's_flipper_right_lower' inactive >>>>>>>
2026-03-02 16:14:46,855 : INFO : SwitchController : <<<<<<< 's_flipper_right_upper_eos' inactive >>>>>>>
2026-03-02 16:14:46,915 : INFO : SwitchController : <<<<<<< 's_flipper_right_lower_eos' active >>>>>>>
2026-03-02 16:14:46,915 : INFO : EventManager : Event: ======'machine_var_audits_switches_s_flipper_right_lower_eos'====== Args={'value': 213, 'prev_value': 212, 'change': 1}
2026-03-02 16:14:47,393 : INFO : SwitchController : <<<<<<< 's_flipper_right_lower' active >>>>>>>
2026-03-02 16:14:47,394 : INFO : EventManager : Event: ======'machine_var_audits_switches_s_flipper_right_lower'====== Args={'value': 270, 'prev_value': 269, 'change': 1}
2026-03-02 16:14:47,432 : INFO : SwitchController : <<<<<<< 's_flipper_right_lower_eos' inactive >>>>>>>
2026-03-02 16:14:47,448 : INFO : SwitchController : <<<<<<< 's_flipper_right_upper' active >>>>>>>
2026-03-02 16:14:47,448 : INFO : EventManager : Event: ======'machine_var_audits_switches_s_flipper_right_upper'====== Args={'value': 211, 'prev_value': 210, 'change': 1}
2026-03-02 16:14:47,471 : INFO : SwitchController : <<<<<<< 's_flipper_right_upper_eos' active >>>>>>>
2026-03-02 16:14:47,472 : INFO : EventManager : Event: ======'machine_var_audits_switches_s_flipper_right_upper_eos'====== Args={'value': 81, 'prev_value': 80, 'change': 1}
2026-03-02 16:14:47,474 : INFO : SwitchController : <<<<<<< 's_inlane_right_1' inactive >>>>>>>
2026-03-02 16:14:47,480 : INFO : SwitchController : <<<<<<< 's_inlane_right_1' active >>>>>>>
2026-03-02 16:14:47,480 : INFO : EventManager : Event: ======'sw_playfield_active'====== Args={}
2026-03-02 16:14:47,481 : INFO : EventManager : Event: ======'machine_var_audits_switches_s_inlane_right_1'====== Args={'value': 139, 'prev_value': 138, 'change': 1}
2026-03-02 16:14:47,524 : INFO : SwitchController : <<<<<<< 's_flipper_right_upper' inactive >>>>>>>
2026-03-02 16:14:47,584 : INFO : SwitchController : <<<<<<< 's_flipper_right_lower' inactive >>>>>>>
2026-03-02 16:14:47,622 : INFO : SwitchController : <<<<<<< 's_flipper_right_upper_eos' inactive >>>>>>>
2026-03-02 16:14:47,688 : INFO : SwitchController : <<<<<<< 's_flipper_right_lower_eos' active >>>>>>>
2026-03-02 16:14:47,689 : INFO : EventManager : Event: ======'machine_var_audits_switches_s_flipper_right_lower_eos'====== Args={'value': 214, 'prev_value': 213, 'change': 1}
2026-03-02 16:14:48,479 : INFO : SwitchController : <<<<<<< 's_flipper_right_lower' active >>>>>>>
2026-03-02 16:14:48,480 : INFO : EventManager : Event: ======'machine_var_audits_switches_s_flipper_right_lower'====== Args={'value': 271, 'prev_value': 270, 'change': 1}
2026-03-02 16:14:48,511 : INFO : SwitchController : <<<<<<< 's_flipper_right_lower_eos' inactive >>>>>>>
2026-03-02 16:14:48,513 : INFO : SwitchController : <<<<<<< 's_inlane_right_1' inactive >>>>>>>
2026-03-02 16:14:48,521 : INFO : SwitchController : <<<<<<< 's_inlane_right_1' active >>>>>>>
2026-03-02 16:14:48,522 : INFO : EventManager : Event: ======'sw_playfield_active'====== Args={}
2026-03-02 16:14:48,522 : INFO : EventManager : Event: ======'machine_var_audits_switches_s_inlane_right_1'====== Args={'value': 140, 'prev_value': 139, 'change': 1}
2026-03-02 16:14:48,807 : INFO : SwitchController : <<<<<<< 's_flipper_right_upper' active >>>>>>>
2026-03-02 16:14:48,807 : INFO : EventManager : Event: ======'machine_var_audits_switches_s_flipper_right_upper'====== Args={'value': 212, 'prev_value': 211, 'change': 1}
2026-03-02 16:14:48,823 : INFO : SwitchController : <<<<<<< 's_flipper_right_upper' inactive >>>>>>>
2026-03-02 16:14:48,831 : INFO : SwitchController : <<<<<<< 's_flipper_right_upper_eos' active >>>>>>>
2026-03-02 16:14:48,832 : INFO : EventManager : Event: ======'machine_var_audits_switches_s_flipper_right_upper_eos'====== Args={'value': 82, 'prev_value': 81, 'change': 1}
2026-03-02 16:14:48,841 : INFO : SwitchController : <<<<<<< 's_flipper_right_lower' inactive >>>>>>>
2026-03-02 16:14:48,870 : INFO : SwitchController : <<<<<<< 's_flipper_right_upper_eos' inactive >>>>>>>
2026-03-02 16:14:48,938 : INFO : SwitchController : <<<<<<< 's_flipper_right_lower_eos' active >>>>>>>
2026-03-02 16:14:48,938 : INFO : EventManager : Event: ======'machine_var_audits_switches_s_flipper_right_lower_eos'====== Args={'value': 215, 'prev_value': 214, 'change': 1}
2026-03-02 16:14:49,279 : INFO : SwitchController : <<<<<<< 's_flipper_right_lower' active >>>>>>>
2026-03-02 16:14:49,279 : INFO : EventManager : Event: ======'machine_var_audits_switches_s_flipper_right_lower'====== Args={'value': 272, 'prev_value': 271, 'change': 1}
2026-03-02 16:14:49,284 : INFO : SwitchController : <<<<<<< 's_flipper_left' active >>>>>>>
2026-03-02 16:14:49,285 : INFO : EventManager : Event: ======'machine_var_audits_switches_s_flipper_left'====== Args={'value': 153, 'prev_value': 152, 'change': 1}
2026-03-02 16:14:49,307 : INFO : SwitchController : <<<<<<< 's_flipper_left_eos' inactive >>>>>>>
2026-03-02 16:14:49,310 : INFO : SwitchController : <<<<<<< 's_inlane_right_1' inactive >>>>>>>
2026-03-02 16:14:49,315 : INFO : SwitchController : <<<<<<< 's_flipper_right_lower_eos' inactive >>>>>>>
2026-03-02 16:14:49,328 : INFO : SwitchController : <<<<<<< 's_inlane_right_1' active >>>>>>>
2026-03-02 16:14:49,328 : INFO : EventManager : Event: ======'sw_playfield_active'====== Args={}
2026-03-02 16:14:49,328 : INFO : EventManager : Event: ======'machine_var_audits_switches_s_inlane_right_1'====== Args={'value': 141, 'prev_value': 140, 'change': 1}
2026-03-02 16:14:49,602 : INFO : SwitchController : <<<<<<< 's_flipper_right_upper' active >>>>>>>
2026-03-02 16:14:49,602 : INFO : EventManager : Event: ======'machine_var_audits_switches_s_flipper_right_upper'====== Args={'value': 213, 'prev_value': 212, 'change': 1}
2026-03-02 16:14:49,625 : INFO : SwitchController : <<<<<<< 's_flipper_right_upper_eos' active >>>>>>>
2026-03-02 16:14:49,625 : INFO : EventManager : Event: ======'machine_var_audits_switches_s_flipper_right_upper_eos'====== Args={'value': 83, 'prev_value': 82, 'change': 1}
2026-03-02 16:14:49,627 : INFO : SwitchController : <<<<<<< 's_inlane_right_1' inactive >>>>>>>
2026-03-02 16:14:49,640 : INFO : SwitchController : <<<<<<< 's_inlane_right_1' active >>>>>>>
2026-03-02 16:14:49,640 : INFO : EventManager : Event: ======'sw_playfield_active'====== Args={}
2026-03-02 16:14:49,640 : INFO : EventManager : Event: ======'machine_var_audits_switches_s_inlane_right_1'====== Args={'value': 142, 'prev_value': 141, 'change': 1}
2026-03-02 16:14:49,679 : INFO : SwitchController : <<<<<<< 's_flipper_left' inactive >>>>>>>
2026-03-02 16:14:49,766 : INFO : SwitchController : <<<<<<< 's_flipper_left_eos' active >>>>>>>
2026-03-02 16:14:49,767 : INFO : EventManager : Event: ======'machine_var_audits_switches_s_flipper_left_eos'====== Args={'value': 134, 'prev_value': 133, 'change': 1}
2026-03-02 16:14:50,066 : INFO : SwitchController : <<<<<<< 's_flipper_right_upper' inactive >>>>>>>
2026-03-02 16:14:50,082 : INFO : SwitchController : <<<<<<< 's_flipper_right_lower' inactive >>>>>>>
2026-03-02 16:14:50,164 : INFO : SwitchController : <<<<<<< 's_flipper_right_upper_eos' inactive >>>>>>>
2026-03-02 16:14:50,181 : INFO : SwitchController : <<<<<<< 's_flipper_right_lower_eos' active >>>>>>>
2026-03-02 16:14:50,181 : INFO : EventManager : Event: ======'machine_var_audits_switches_s_flipper_right_lower_eos'====== Args={'value': 216, 'prev_value': 215, 'change': 1}
2026-03-02 16:14:50,510 : INFO : SwitchController : <<<<<<< 's_flipper_left' active >>>>>>>
2026-03-02 16:14:50,510 : INFO : EventManager : Event: ======'machine_var_audits_switches_s_flipper_left'====== Args={'value': 154, 'prev_value': 153, 'change': 1}
2026-03-02 16:14:50,542 : INFO : SwitchController : <<<<<<< 's_flipper_left_eos' inactive >>>>>>>
2026-03-02 16:14:50,642 : INFO : SwitchController : <<<<<<< 's_flipper_left' inactive >>>>>>>
2026-03-02 16:14:50,731 : INFO : SwitchController : <<<<<<< 's_flipper_left_eos' active >>>>>>>
2026-03-02 16:14:50,732 : INFO : EventManager : Event: ======'machine_var_audits_switches_s_flipper_left_eos'====== Args={'value': 135, 'prev_value': 134, 'change': 1}
2026-03-02 16:14:51,357 : INFO : SwitchController : <<<<<<< 's_flipper_right_lower' active >>>>>>>
2026-03-02 16:14:51,357 : INFO : EventManager : Event: ======'machine_var_audits_switches_s_flipper_right_lower'====== Args={'value': 273, 'prev_value': 272, 'change': 1}
2026-03-02 16:14:51,391 : INFO : SwitchController : <<<<<<< 's_flipper_right_lower_eos' inactive >>>>>>>
2026-03-02 16:14:51,396 : INFO : SwitchController : <<<<<<< 's_inlane_right_1' inactive >>>>>>>
2026-03-02 16:14:51,408 : INFO : SwitchController : <<<<<<< 's_inlane_right_1' active >>>>>>>
2026-03-02 16:14:51,408 : INFO : EventManager : Event: ======'sw_playfield_active'====== Args={}
2026-03-02 16:14:51,408 : INFO : EventManager : Event: ======'machine_var_audits_switches_s_inlane_right_1'====== Args={'value': 143, 'prev_value': 142, 'change': 1}
2026-03-02 16:14:52,411 : INFO : SwitchController : <<<<<<< 's_sling_right' active >>>>>>>
2026-03-02 16:14:52,411 : INFO : EventManager : Event: ======'s_sling_right_active'====== Args={}
2026-03-02 16:14:52,411 : INFO : EventManager : Event: ======'machine_var_audits_switches_s_sling_right'====== Args={'value': 19, 'prev_value': 18, 'change': 1}
2026-03-02 16:14:52,412 : INFO : EventManager : Event: ======'machine_var_audits_shots_sling_right'====== Args={'value': 19, 'prev_value': 18, 'change': 1}
2026-03-02 16:14:52,413 : INFO : EventManager : Event: ======'sling_right_hit'====== Args={'profile': 'default', 'state': 'lit', 'advancing': False}
2026-03-02 16:14:52,413 : INFO : EventManager : Event: ======'sling_right_default_hit'====== Args={'profile': 'default', 'state': 'lit', 'advancing': False}
2026-03-02 16:14:52,413 : INFO : EventManager : Event: ======'sling_right_default_lit_hit'====== Args={'profile': 'default', 'state': 'lit', 'advancing': False}
2026-03-02 16:14:52,413 : INFO : EventManager : Event: ======'sling_right_lit_hit'====== Args={'profile': 'default', 'state': 'lit', 'advancing': False}
2026-03-02 16:14:52,413 : INFO : EventManager : Event: ======'slings_hit'====== Args={'shot': 'sling_right'}
2026-03-02 16:14:52,413 : INFO : EventManager : Event: ======'slings_lit_hit'====== Args={'shot': 'sling_right'}
2026-03-02 16:14:52,413 : INFO : EventManager : Event: ======'player_score'====== Args={'value': 200, 'prev_value': 100, 'change': 100, 'player_num': 1, 'source': 'bumpers'}
2026-03-02 16:14:52,427 : INFO : SwitchController : <<<<<<< 's_sling_right' inactive >>>>>>>
2026-03-02 16:14:52,431 : INFO : SwitchController : <<<<<<< 's_inlane_right_1' inactive >>>>>>>
2026-03-02 16:14:52,436 : INFO : SwitchController : <<<<<<< 's_inlane_right_1' active >>>>>>>
2026-03-02 16:14:52,436 : INFO : EventManager : Event: ======'sw_playfield_active'====== Args={}
2026-03-02 16:14:52,437 : INFO : EventManager : Event: ======'machine_var_audits_switches_s_inlane_right_1'====== Args={'value': 144, 'prev_value': 143, 'change': 1}
2026-03-02 16:14:52,489 : INFO : SwitchController : <<<<<<< 's_inlane_right_1' inactive >>>>>>>
2026-03-02 16:14:52,490 : INFO : SwitchController : <<<<<<< 's_sling_left' active >>>>>>>
2026-03-02 16:14:52,490 : INFO : EventManager : Event: ======'s_sling_left_active'====== Args={}
2026-03-02 16:14:52,490 : INFO : EventManager : Event: ======'machine_var_audits_switches_s_sling_left'====== Args={'value': 16, 'prev_value': 15, 'change': 1}
2026-03-02 16:14:52,490 : INFO : EventManager : Event: ======'player_shot_sling_left'====== Args={'value': 1, 'prev_value': 0, 'change': 1, 'player_num': 1}
2026-03-02 16:14:52,491 : INFO : EventManager : Event: ======'machine_var_audits_shots_sling_left'====== Args={'value': 16, 'prev_value': 15, 'change': 1}
2026-03-02 16:14:52,492 : INFO : EventManager : Event: ======'sling_left_hit'====== Args={'profile': 'default', 'state': 'unlit', 'advancing': True}
2026-03-02 16:14:52,492 : INFO : EventManager : Event: ======'sling_left_default_hit'====== Args={'profile': 'default', 'state': 'unlit', 'advancing': True}
2026-03-02 16:14:52,492 : INFO : EventManager : Event: ======'sling_left_default_unlit_hit'====== Args={'profile': 'default', 'state': 'unlit', 'advancing': True}
2026-03-02 16:14:52,492 : INFO : EventManager : Event: ======'sling_left_unlit_hit'====== Args={'profile': 'default', 'state': 'unlit', 'advancing': True}
2026-03-02 16:14:52,492 : INFO : EventManager : Event: ======'slings_complete'====== Args={'state': 'lit'}
2026-03-02 16:14:52,492 : INFO : EventManager : Event: ======'slings_lit_complete'====== Args={}
2026-03-02 16:14:52,492 : INFO : EventManager : Event: ======'slings_hit'====== Args={'shot': 'sling_left'}
2026-03-02 16:14:52,492 : INFO : EventManager : Event: ======'slings_unlit_hit'====== Args={'shot': 'sling_left'}
2026-03-02 16:14:52,492 : INFO : EventManager : Event: ======'player_score'====== Args={'value': 300, 'prev_value': 200, 'change': 100, 'player_num': 1, 'source': 'bumpers'}
2026-03-02 16:14:52,495 : INFO : SwitchController : <<<<<<< 's_inlane_right_1' active >>>>>>>
2026-03-02 16:14:52,495 : INFO : EventManager : Event: ======'sw_playfield_active'====== Args={}
2026-03-02 16:14:52,495 : INFO : EventManager : Event: ======'machine_var_audits_switches_s_inlane_right_1'====== Args={'value': 145, 'prev_value': 144, 'change': 1}
2026-03-02 16:14:52,510 : INFO : SwitchController : <<<<<<< 's_sling_left' inactive >>>>>>>
2026-03-02 16:14:52,511 : INFO : SwitchController : <<<<<<< 's_inlane_right_1' inactive >>>>>>>
2026-03-02 16:14:52,534 : INFO : SwitchController : <<<<<<< 's_inlane_right_1' active >>>>>>>
2026-03-02 16:14:52,534 : INFO : EventManager : Event: ======'sw_playfield_active'====== Args={}
2026-03-02 16:14:52,535 : INFO : EventManager : Event: ======'machine_var_audits_switches_s_inlane_right_1'====== Args={'value': 146, 'prev_value': 145, 'change': 1}
2026-03-02 16:14:52,592 : INFO : SwitchController : <<<<<<< 's_flipper_right_lower' inactive >>>>>>>
2026-03-02 16:14:52,695 : INFO : SwitchController : <<<<<<< 's_flipper_right_lower_eos' active >>>>>>>
2026-03-02 16:14:52,696 : INFO : EventManager : Event: ======'machine_var_audits_switches_s_flipper_right_lower_eos'====== Args={'value': 217, 'prev_value': 216, 'change': 1}
2026-03-02 16:14:52,883 : INFO : SwitchController : <<<<<<< 's_flipper_right_lower' active >>>>>>>
2026-03-02 16:14:52,884 : INFO : EventManager : Event: ======'machine_var_audits_switches_s_flipper_right_lower'====== Args={'value': 274, 'prev_value': 273, 'change': 1}
2026-03-02 16:14:52,922 : INFO : SwitchController : <<<<<<< 's_flipper_right_upper' active >>>>>>>
2026-03-02 16:14:52,922 : INFO : EventManager : Event: ======'machine_var_audits_switches_s_flipper_right_upper'====== Args={'value': 214, 'prev_value': 213, 'change': 1}
2026-03-02 16:14:52,923 : INFO : SwitchController : <<<<<<< 's_flipper_right_lower_eos' inactive >>>>>>>
2026-03-02 16:14:52,927 : INFO : SwitchController : <<<<<<< 's_inlane_right_1' inactive >>>>>>>
2026-03-02 16:14:52,932 : INFO : SwitchController : <<<<<<< 's_inlane_right_1' active >>>>>>>
2026-03-02 16:14:52,932 : INFO : EventManager : Event: ======'sw_playfield_active'====== Args={}
2026-03-02 16:14:52,932 : INFO : EventManager : Event: ======'machine_var_audits_switches_s_inlane_right_1'====== Args={'value': 147, 'prev_value': 146, 'change': 1}
2026-03-02 16:14:52,945 : INFO : SwitchController : <<<<<<< 's_flipper_right_upper_eos' active >>>>>>>
2026-03-02 16:14:52,945 : INFO : EventManager : Event: ======'machine_var_audits_switches_s_flipper_right_upper_eos'====== Args={'value': 84, 'prev_value': 83, 'change': 1}
2026-03-02 16:14:52,949 : INFO : SwitchController : <<<<<<< 's_inlane_right_1' inactive >>>>>>>
2026-03-02 16:14:52,962 : INFO : SwitchController : <<<<<<< 's_inlane_right_1' active >>>>>>>
2026-03-02 16:14:52,962 : INFO : EventManager : Event: ======'sw_playfield_active'====== Args={}
2026-03-02 16:14:52,962 : INFO : EventManager : Event: ======'machine_var_audits_switches_s_inlane_right_1'====== Args={'value': 148, 'prev_value': 147, 'change': 1}
2026-03-02 16:14:53,051 : INFO : SwitchController : <<<<<<< 's_flipper_right_upper' inactive >>>>>>>
2026-03-02 16:14:53,053 : INFO : SwitchController : <<<<<<< 's_flipper_right_lower' inactive >>>>>>>
2026-03-02 16:14:53,144 : INFO : SwitchController : <<<<<<< 's_flipper_right_upper_eos' inactive >>>>>>>
2026-03-02 16:14:53,153 : INFO : SwitchController : <<<<<<< 's_flipper_right_lower_eos' active >>>>>>>
2026-03-02 16:14:53,154 : INFO : EventManager : Event: ======'machine_var_audits_switches_s_flipper_right_lower_eos'====== Args={'value': 218, 'prev_value': 217, 'change': 1}
2026-03-02 16:14:53,317 : INFO : SwitchController : <<<<<<< 's_flipper_right_lower' active >>>>>>>
2026-03-02 16:14:53,318 : INFO : EventManager : Event: ======'machine_var_audits_switches_s_flipper_right_lower'====== Args={'value': 275, 'prev_value': 274, 'change': 1}
2026-03-02 16:14:53,320 : INFO : SwitchController : <<<<<<< 's_flipper_right_lower' inactive >>>>>>>
2026-03-02 16:14:53,324 : INFO : SwitchController : <<<<<<< 's_flipper_right_lower' active >>>>>>>
2026-03-02 16:14:53,325 : INFO : EventManager : Event: ======'machine_var_audits_switches_s_flipper_right_lower'====== Args={'value': 276, 'prev_value': 275, 'change': 1}
2026-03-02 16:14:53,363 : INFO : SwitchController : <<<<<<< 's_flipper_right_lower_eos' inactive >>>>>>>
2026-03-02 16:14:53,477 : INFO : SwitchController : <<<<<<< 's_flipper_right_lower' inactive >>>>>>>
2026-03-02 16:14:53,578 : INFO : SwitchController : <<<<<<< 's_flipper_right_lower_eos' active >>>>>>>
2026-03-02 16:14:53,579 : INFO : EventManager : Event: ======'machine_var_audits_switches_s_flipper_right_lower_eos'====== Args={'value': 219, 'prev_value': 218, 'change': 1}
2026-03-02 16:14:53,587 : INFO : SwitchController : <<<<<<< 's_flipper_right_lower' active >>>>>>>
2026-03-02 16:14:53,587 : INFO : EventManager : Event: ======'machine_var_audits_switches_s_flipper_right_lower'====== Args={'value': 277, 'prev_value': 276, 'change': 1}
2026-03-02 16:14:53,616 : INFO : SwitchController : <<<<<<< 's_flipper_right_lower_eos' inactive >>>>>>>
2026-03-02 16:14:53,619 : INFO : SwitchController : <<<<<<< 's_inlane_right_1' inactive >>>>>>>
2026-03-02 16:14:53,625 : INFO : SwitchController : <<<<<<< 's_inlane_right_1' active >>>>>>>
2026-03-02 16:14:53,625 : INFO : EventManager : Event: ======'sw_playfield_active'====== Args={}
2026-03-02 16:14:53,625 : INFO : EventManager : Event: ======'machine_var_audits_switches_s_inlane_right_1'====== Args={'value': 149, 'prev_value': 148, 'change': 1}
2026-03-02 16:14:53,693 : INFO : SwitchController : <<<<<<< 's_flipper_right_lower' inactive >>>>>>>
2026-03-02 16:14:53,797 : INFO : SwitchController : <<<<<<< 's_flipper_right_lower_eos' active >>>>>>>
2026-03-02 16:14:53,797 : INFO : EventManager : Event: ======'machine_var_audits_switches_s_flipper_right_lower_eos'====== Args={'value': 220, 'prev_value': 219, 'change': 1}
2026-03-02 16:14:54,014 : INFO : SwitchController : <<<<<<< 's_flipper_left' active >>>>>>>
2026-03-02 16:14:54,015 : INFO : EventManager : Event: ======'machine_var_audits_switches_s_flipper_left'====== Args={'value': 155, 'prev_value': 154, 'change': 1}
2026-03-02 16:14:54,050 : INFO : SwitchController : <<<<<<< 's_flipper_left_eos' inactive >>>>>>>
2026-03-02 16:14:54,164 : INFO : SwitchController : <<<<<<< 's_flipper_right_lower' active >>>>>>>
2026-03-02 16:14:54,164 : INFO : EventManager : Event: ======'machine_var_audits_switches_s_flipper_right_lower'====== Args={'value': 278, 'prev_value': 277, 'change': 1}
2026-03-02 16:14:54,188 : INFO : SwitchController : <<<<<<< 's_flipper_left' inactive >>>>>>>
2026-03-02 16:14:54,275 : INFO : SwitchController : <<<<<<< 's_flipper_left_eos' active >>>>>>>
2026-03-02 16:14:54,275 : INFO : EventManager : Event: ======'machine_var_audits_switches_s_flipper_left_eos'====== Args={'value': 136, 'prev_value': 135, 'change': 1}
2026-03-02 16:14:54,402 : INFO : SwitchController : <<<<<<< 's_flipper_right_lower' inactive >>>>>>>
2026-03-02 16:14:54,561 : INFO : SwitchController : <<<<<<< 's_flipper_right_lower' active >>>>>>>
2026-03-02 16:14:54,561 : INFO : EventManager : Event: ======'machine_var_audits_switches_s_flipper_right_lower'====== Args={'value': 279, 'prev_value': 278, 'change': 1}
2026-03-02 16:14:54,596 : INFO : SwitchController : <<<<<<< 's_flipper_right_lower_eos' inactive >>>>>>>
2026-03-02 16:14:54,612 : INFO : SwitchController : <<<<<<< 's_flipper_right_upper' active >>>>>>>
2026-03-02 16:14:54,613 : INFO : EventManager : Event: ======'machine_var_audits_switches_s_flipper_right_upper'====== Args={'value': 215, 'prev_value': 214, 'change': 1}
2026-03-02 16:14:54,636 : INFO : SwitchController : <<<<<<< 's_flipper_right_upper_eos' active >>>>>>>
2026-03-02 16:14:54,636 : INFO : EventManager : Event: ======'machine_var_audits_switches_s_flipper_right_upper_eos'====== Args={'value': 85, 'prev_value': 84, 'change': 1}
2026-03-02 16:14:54,638 : INFO : SwitchController : <<<<<<< 's_inlane_right_1' inactive >>>>>>>
2026-03-02 16:14:54,659 : INFO : SwitchController : <<<<<<< 's_inlane_right_1' active >>>>>>>
2026-03-02 16:14:54,659 : INFO : EventManager : Event: ======'sw_playfield_active'====== Args={}
2026-03-02 16:14:54,660 : INFO : EventManager : Event: ======'machine_var_audits_switches_s_inlane_right_1'====== Args={'value': 150, 'prev_value': 149, 'change': 1}
2026-03-02 16:14:54,704 : INFO : SwitchController : <<<<<<< 's_flipper_right_upper' inactive >>>>>>>
2026-03-02 16:14:54,707 : INFO : SwitchController : <<<<<<< 's_flipper_right_lower' inactive >>>>>>>
2026-03-02 16:14:54,799 : INFO : SwitchController : <<<<<<< 's_flipper_right_upper_eos' inactive >>>>>>>
2026-03-02 16:14:54,814 : INFO : SwitchController : <<<<<<< 's_flipper_right_lower_eos' active >>>>>>>
2026-03-02 16:14:54,814 : INFO : EventManager : Event: ======'machine_var_audits_switches_s_flipper_right_lower_eos'====== Args={'value': 221, 'prev_value': 220, 'change': 1}
2026-03-02 16:14:55,574 : INFO : SwitchController : <<<<<<< 's_flipper_right_lower' active >>>>>>>
2026-03-02 16:14:55,574 : INFO : EventManager : Event: ======'machine_var_audits_switches_s_flipper_right_lower'====== Args={'value': 280, 'prev_value': 279, 'change': 1}
2026-03-02 16:14:55,593 : INFO : SwitchController : <<<<<<< 's_sling_right' active >>>>>>>
2026-03-02 16:14:55,593 : INFO : EventManager : Event: ======'s_sling_right_active'====== Args={}
2026-03-02 16:14:55,593 : INFO : EventManager : Event: ======'machine_var_audits_switches_s_sling_right'====== Args={'value': 20, 'prev_value': 19, 'change': 1}
2026-03-02 16:14:55,594 : INFO : EventManager : Event: ======'machine_var_audits_shots_sling_right'====== Args={'value': 20, 'prev_value': 19, 'change': 1}
2026-03-02 16:14:55,595 : INFO : EventManager : Event: ======'sling_right_hit'====== Args={'profile': 'default', 'state': 'lit', 'advancing': False}
2026-03-02 16:14:55,595 : INFO : EventManager : Event: ======'sling_right_default_hit'====== Args={'profile': 'default', 'state': 'lit', 'advancing': False}
2026-03-02 16:14:55,595 : INFO : EventManager : Event: ======'sling_right_default_lit_hit'====== Args={'profile': 'default', 'state': 'lit', 'advancing': False}
2026-03-02 16:14:55,595 : INFO : EventManager : Event: ======'sling_right_lit_hit'====== Args={'profile': 'default', 'state': 'lit', 'advancing': False}
2026-03-02 16:14:55,595 : INFO : EventManager : Event: ======'slings_hit'====== Args={'shot': 'sling_right'}
2026-03-02 16:14:55,596 : INFO : EventManager : Event: ======'slings_lit_hit'====== Args={'shot': 'sling_right'}
2026-03-02 16:14:55,596 : INFO : EventManager : Event: ======'player_score'====== Args={'value': 400, 'prev_value': 300, 'change': 100, 'player_num': 1, 'source': 'bumpers'}
2026-03-02 16:14:55,597 : INFO : SwitchController : <<<<<<< 's_sling_right' inactive >>>>>>>
2026-03-02 16:14:55,608 : INFO : SwitchController : <<<<<<< 's_inlane_right_1' inactive >>>>>>>
2026-03-02 16:14:55,609 : INFO : SwitchController : <<<<<<< 's_flipper_right_lower_eos' inactive >>>>>>>
2026-03-02 16:14:55,617 : INFO : SwitchController : <<<<<<< 's_inlane_right_1' active >>>>>>>
2026-03-02 16:14:55,618 : INFO : EventManager : Event: ======'sw_playfield_active'====== Args={}
2026-03-02 16:14:55,618 : INFO : EventManager : Event: ======'machine_var_audits_switches_s_inlane_right_1'====== Args={'value': 151, 'prev_value': 150, 'change': 1}
2026-03-02 16:14:55,667 : INFO : SwitchController : <<<<<<< 's_inlane_right_1' inactive >>>>>>>
2026-03-02 16:14:55,674 : INFO : SwitchController : <<<<<<< 's_inlane_right_1' active >>>>>>>
2026-03-02 16:14:55,674 : INFO : EventManager : Event: ======'sw_playfield_active'====== Args={}
2026-03-02 16:14:55,674 : INFO : EventManager : Event: ======'machine_var_audits_switches_s_inlane_right_1'====== Args={'value': 152, 'prev_value': 151, 'change': 1}
2026-03-02 16:14:55,708 : INFO : SwitchController : <<<<<<< 's_flipper_right_lower' inactive >>>>>>>
2026-03-02 16:14:55,714 : INFO : SwitchController : <<<<<<< 's_flipper_left' active >>>>>>>
2026-03-02 16:14:55,714 : INFO : EventManager : Event: ======'machine_var_audits_switches_s_flipper_left'====== Args={'value': 156, 'prev_value': 155, 'change': 1}
2026-03-02 16:14:55,744 : INFO : SwitchController : <<<<<<< 's_flipper_left_eos' inactive >>>>>>>
2026-03-02 16:14:55,749 : INFO : SwitchController : <<<<<<< 's_inlane_right_1' inactive >>>>>>>
2026-03-02 16:14:55,753 : INFO : SwitchController : <<<<<<< 's_inlane_right_1' active >>>>>>>
2026-03-02 16:14:55,754 : INFO : EventManager : Event: ======'sw_playfield_active'====== Args={}
2026-03-02 16:14:55,754 : INFO : EventManager : Event: ======'machine_var_audits_switches_s_inlane_right_1'====== Args={'value': 153, 'prev_value': 152, 'change': 1}
2026-03-02 16:14:55,809 : INFO : SwitchController : <<<<<<< 's_flipper_right_lower_eos' active >>>>>>>
2026-03-02 16:14:55,809 : INFO : EventManager : Event: ======'machine_var_audits_switches_s_flipper_right_lower_eos'====== Args={'value': 222, 'prev_value': 221, 'change': 1}
2026-03-02 16:14:55,864 : INFO : SwitchController : <<<<<<< 's_flipper_left' inactive >>>>>>>
2026-03-02 16:14:55,950 : INFO : SwitchController : <<<<<<< 's_flipper_left_eos' active >>>>>>>
2026-03-02 16:14:55,950 : INFO : EventManager : Event: ======'machine_var_audits_switches_s_flipper_left_eos'====== Args={'value': 137, 'prev_value': 136, 'change': 1}
2026-03-02 16:14:56,266 : INFO : SwitchController : <<<<<<< 's_flipper_right_lower' active >>>>>>>
2026-03-02 16:14:56,266 : INFO : EventManager : Event: ======'machine_var_audits_switches_s_flipper_right_lower'====== Args={'value': 281, 'prev_value': 280, 'change': 1}
2026-03-02 16:14:56,286 : INFO : SwitchController : <<<<<<< 's_sling_right' active >>>>>>>
2026-03-02 16:14:56,286 : INFO : EventManager : Event: ======'s_sling_right_active'====== Args={}
2026-03-02 16:14:56,286 : INFO : EventManager : Event: ======'machine_var_audits_switches_s_sling_right'====== Args={'value': 21, 'prev_value': 20, 'change': 1}
2026-03-02 16:14:56,287 : INFO : EventManager : Event: ======'machine_var_audits_shots_sling_right'====== Args={'value': 21, 'prev_value': 20, 'change': 1}
2026-03-02 16:14:56,287 : INFO : EventManager : Event: ======'sling_right_hit'====== Args={'profile': 'default', 'state': 'lit', 'advancing': False}
2026-03-02 16:14:56,287 : INFO : EventManager : Event: ======'sling_right_default_hit'====== Args={'profile': 'default', 'state': 'lit', 'advancing': False}
2026-03-02 16:14:56,287 : INFO : EventManager : Event: ======'sling_right_default_lit_hit'====== Args={'profile': 'default', 'state': 'lit', 'advancing': False}
2026-03-02 16:14:56,288 : INFO : EventManager : Event: ======'sling_right_lit_hit'====== Args={'profile': 'default', 'state': 'lit', 'advancing': False}
2026-03-02 16:14:56,288 : INFO : EventManager : Event: ======'slings_hit'====== Args={'shot': 'sling_right'}
2026-03-02 16:14:56,288 : INFO : EventManager : Event: ======'slings_lit_hit'====== Args={'shot': 'sling_right'}
2026-03-02 16:14:56,288 : INFO : EventManager : Event: ======'player_score'====== Args={'value': 500, 'prev_value': 400, 'change': 100, 'player_num': 1, 'source': 'bumpers'}
2026-03-02 16:14:56,302 : INFO : SwitchController : <<<<<<< 's_sling_right' inactive >>>>>>>
2026-03-02 16:14:56,303 : INFO : SwitchController : <<<<<<< 's_flipper_right_lower_eos' inactive >>>>>>>
2026-03-02 16:14:56,306 : INFO : SwitchController : <<<<<<< 's_inlane_right_1' inactive >>>>>>>
2026-03-02 16:14:56,317 : INFO : SwitchController : <<<<<<< 's_inlane_right_1' active >>>>>>>
2026-03-02 16:14:56,317 : INFO : EventManager : Event: ======'sw_playfield_active'====== Args={}
2026-03-02 16:14:56,317 : INFO : EventManager : Event: ======'machine_var_audits_switches_s_inlane_right_1'====== Args={'value': 154, 'prev_value': 153, 'change': 1}
2026-03-02 16:14:56,364 : INFO : SwitchController : <<<<<<< 's_inlane_right_1' inactive >>>>>>>
2026-03-02 16:14:56,373 : INFO : SwitchController : <<<<<<< 's_inlane_right_1' active >>>>>>>
2026-03-02 16:14:56,373 : INFO : EventManager : Event: ======'sw_playfield_active'====== Args={}
2026-03-02 16:14:56,373 : INFO : EventManager : Event: ======'machine_var_audits_switches_s_inlane_right_1'====== Args={'value': 155, 'prev_value': 154, 'change': 1}
2026-03-02 16:14:56,411 : INFO : SwitchController : <<<<<<< 's_flipper_right_lower' inactive >>>>>>>
2026-03-02 16:14:56,509 : INFO : SwitchController : <<<<<<< 's_flipper_right_lower_eos' active >>>>>>>
2026-03-02 16:14:56,509 : INFO : EventManager : Event: ======'machine_var_audits_switches_s_flipper_right_lower_eos'====== Args={'value': 223, 'prev_value': 222, 'change': 1}
2026-03-02 16:14:56,842 : INFO : SwitchController : <<<<<<< 's_flipper_right_lower' active >>>>>>>
2026-03-02 16:14:56,842 : INFO : EventManager : Event: ======'machine_var_audits_switches_s_flipper_right_lower'====== Args={'value': 282, 'prev_value': 281, 'change': 1}
2026-03-02 16:14:57,011 : INFO : SwitchController : <<<<<<< 's_flipper_right_lower' inactive >>>>>>>
2026-03-02 16:14:57,350 : INFO : SwitchController : <<<<<<< 's_flipper_right_lower' active >>>>>>>
2026-03-02 16:14:57,351 : INFO : EventManager : Event: ======'machine_var_audits_switches_s_flipper_right_lower'====== Args={'value': 283, 'prev_value': 282, 'change': 1}
2026-03-02 16:14:57,354 : INFO : SwitchController : <<<<<<< 's_flipper_right_lower' inactive >>>>>>>
2026-03-02 16:14:57,360 : INFO : SwitchController : <<<<<<< 's_flipper_right_lower' active >>>>>>>
2026-03-02 16:14:57,360 : INFO : EventManager : Event: ======'machine_var_audits_switches_s_flipper_right_lower'====== Args={'value': 284, 'prev_value': 283, 'change': 1}
2026-03-02 16:14:57,367 : INFO : SwitchController : <<<<<<< 's_flipper_right_upper' active >>>>>>>
2026-03-02 16:14:57,367 : INFO : EventManager : Event: ======'machine_var_audits_switches_s_flipper_right_upper'====== Args={'value': 216, 'prev_value': 215, 'change': 1}
2026-03-02 16:14:57,389 : INFO : SwitchController : <<<<<<< 's_flipper_right_upper_eos' active >>>>>>>
2026-03-02 16:14:57,389 : INFO : EventManager : Event: ======'machine_var_audits_switches_s_flipper_right_upper_eos'====== Args={'value': 86, 'prev_value': 85, 'change': 1}
2026-03-02 16:14:57,392 : INFO : SwitchController : <<<<<<< 's_inlane_right_1' inactive >>>>>>>
2026-03-02 16:14:57,399 : INFO : SwitchController : <<<<<<< 's_inlane_right_1' active >>>>>>>
2026-03-02 16:14:57,399 : INFO : EventManager : Event: ======'sw_playfield_active'====== Args={}
2026-03-02 16:14:57,399 : INFO : EventManager : Event: ======'machine_var_audits_switches_s_inlane_right_1'====== Args={'value': 156, 'prev_value': 155, 'change': 1}
2026-03-02 16:14:57,481 : INFO : SwitchController : <<<<<<< 's_flipper_right_upper' inactive >>>>>>>
2026-03-02 16:14:57,499 : INFO : SwitchController : <<<<<<< 's_flipper_right_lower' inactive >>>>>>>
2026-03-02 16:14:57,578 : INFO : SwitchController : <<<<<<< 's_flipper_right_upper_eos' inactive >>>>>>>
2026-03-02 16:14:59,018 : INFO : SwitchController : <<<<<<< 's_flipper_right_lower' active >>>>>>>
2026-03-02 16:14:59,018 : INFO : EventManager : Event: ======'machine_var_audits_switches_s_flipper_right_lower'====== Args={'value': 285, 'prev_value': 284, 'change': 1}
2026-03-02 16:14:59,025 : INFO : SwitchController : <<<<<<< 's_flipper_right_lower' inactive >>>>>>>
2026-03-02 16:14:59,027 : INFO : SwitchController : <<<<<<< 's_flipper_right_lower' active >>>>>>>
2026-03-02 16:14:59,027 : INFO : EventManager : Event: ======'machine_var_audits_switches_s_flipper_right_lower'====== Args={'value': 286, 'prev_value': 285, 'change': 1}
2026-03-02 16:14:59,036 : INFO : SwitchController : <<<<<<< 's_flipper_right_upper' active >>>>>>>
2026-03-02 16:14:59,037 : INFO : EventManager : Event: ======'machine_var_audits_switches_s_flipper_right_upper'====== Args={'value': 217, 'prev_value': 216, 'change': 1}
2026-03-02 16:14:59,060 : INFO : SwitchController : <<<<<<< 's_flipper_right_upper_eos' active >>>>>>>
2026-03-02 16:14:59,061 : INFO : EventManager : Event: ======'machine_var_audits_switches_s_flipper_right_upper_eos'====== Args={'value': 87, 'prev_value': 86, 'change': 1}
2026-03-02 16:14:59,063 : INFO : SwitchController : <<<<<<< 's_inlane_right_1' inactive >>>>>>>
2026-03-02 16:14:59,065 : INFO : SwitchController : <<<<<<< 's_flipper_right_lower_eos' inactive >>>>>>>
2026-03-02 16:14:59,076 : INFO : SwitchController : <<<<<<< 's_inlane_right_1' active >>>>>>>
2026-03-02 16:14:59,076 : INFO : EventManager : Event: ======'sw_playfield_active'====== Args={}
2026-03-02 16:14:59,077 : INFO : EventManager : Event: ======'machine_var_audits_switches_s_inlane_right_1'====== Args={'value': 157, 'prev_value': 156, 'change': 1}
2026-03-02 16:14:59,127 : INFO : SwitchController : <<<<<<< 's_flipper_left' active >>>>>>>
2026-03-02 16:14:59,128 : INFO : EventManager : Event: ======'machine_var_audits_switches_s_flipper_left'====== Args={'value': 157, 'prev_value': 156, 'change': 1}
2026-03-02 16:14:59,156 : INFO : SwitchController : <<<<<<< 's_flipper_left_eos' inactive >>>>>>>
2026-03-02 16:14:59,159 : INFO : SwitchController : <<<<<<< 's_inlane_right_1' inactive >>>>>>>
2026-03-02 16:14:59,172 : INFO : SwitchController : <<<<<<< 's_inlane_right_1' active >>>>>>>
2026-03-02 16:14:59,172 : INFO : EventManager : Event: ======'sw_playfield_active'====== Args={}
2026-03-02 16:14:59,172 : INFO : EventManager : Event: ======'machine_var_audits_switches_s_inlane_right_1'====== Args={'value': 158, 'prev_value': 157, 'change': 1}
2026-03-02 16:14:59,179 : INFO : SwitchController : <<<<<<< 's_flipper_right_upper' inactive >>>>>>>
2026-03-02 16:14:59,196 : INFO : SwitchController : <<<<<<< 's_flipper_right_lower' inactive >>>>>>>
2026-03-02 16:14:59,277 : INFO : SwitchController : <<<<<<< 's_flipper_right_upper_eos' inactive >>>>>>>
2026-03-02 16:14:59,296 : INFO : SwitchController : <<<<<<< 's_flipper_right_lower_eos' active >>>>>>>
2026-03-02 16:14:59,296 : INFO : EventManager : Event: ======'machine_var_audits_switches_s_flipper_right_lower_eos'====== Args={'value': 224, 'prev_value': 223, 'change': 1}
2026-03-02 16:14:59,312 : INFO : SwitchController : <<<<<<< 's_flipper_left' inactive >>>>>>>
2026-03-02 16:14:59,396 : INFO : SwitchController : <<<<<<< 's_flipper_left_eos' active >>>>>>>
2026-03-02 16:14:59,396 : INFO : EventManager : Event: ======'machine_var_audits_switches_s_flipper_left_eos'====== Args={'value': 138, 'prev_value': 137, 'change': 1}
2026-03-02 16:15:01,071 : INFO : SwitchController : <<<<<<< 's_flipper_right_lower' active >>>>>>>
2026-03-02 16:15:01,072 : INFO : EventManager : Event: ======'machine_var_audits_switches_s_flipper_right_lower'====== Args={'value': 287, 'prev_value': 286, 'change': 1}
2026-03-02 16:15:01,110 : INFO : SwitchController : <<<<<<< 's_flipper_right_lower_eos' inactive >>>>>>>
2026-03-02 16:15:01,115 : INFO : SwitchController : <<<<<<< 's_inlane_right_1' inactive >>>>>>>
2026-03-02 16:15:01,119 : INFO : SwitchController : <<<<<<< 's_flipper_right_upper' active >>>>>>>
2026-03-02 16:15:01,119 : INFO : EventManager : Event: ======'machine_var_audits_switches_s_flipper_right_upper'====== Args={'value': 218, 'prev_value': 217, 'change': 1}
2026-03-02 16:15:01,120 : INFO : SwitchController : <<<<<<< 's_inlane_right_1' active >>>>>>>
2026-03-02 16:15:01,120 : INFO : EventManager : Event: ======'sw_playfield_active'====== Args={}
2026-03-02 16:15:01,120 : INFO : EventManager : Event: ======'machine_var_audits_switches_s_inlane_right_1'====== Args={'value': 159, 'prev_value': 158, 'change': 1}
2026-03-02 16:15:01,142 : INFO : SwitchController : <<<<<<< 's_flipper_right_upper_eos' active >>>>>>>
2026-03-02 16:15:01,142 : INFO : EventManager : Event: ======'machine_var_audits_switches_s_flipper_right_upper_eos'====== Args={'value': 88, 'prev_value': 87, 'change': 1}
2026-03-02 16:15:01,146 : INFO : SwitchController : <<<<<<< 's_inlane_right_1' inactive >>>>>>>
2026-03-02 16:15:01,159 : INFO : SwitchController : <<<<<<< 's_inlane_right_1' active >>>>>>>
2026-03-02 16:15:01,159 : INFO : EventManager : Event: ======'sw_playfield_active'====== Args={}
2026-03-02 16:15:01,160 : INFO : EventManager : Event: ======'machine_var_audits_switches_s_inlane_right_1'====== Args={'value': 160, 'prev_value': 159, 'change': 1}
2026-03-02 16:15:01,451 : INFO : SwitchController : <<<<<<< 's_sling_right' active >>>>>>>
2026-03-02 16:15:01,451 : INFO : EventManager : Event: ======'s_sling_right_active'====== Args={}
2026-03-02 16:15:01,452 : INFO : EventManager : Event: ======'machine_var_audits_switches_s_sling_right'====== Args={'value': 22, 'prev_value': 21, 'change': 1}
2026-03-02 16:15:01,452 : INFO : EventManager : Event: ======'machine_var_audits_shots_sling_right'====== Args={'value': 22, 'prev_value': 21, 'change': 1}
2026-03-02 16:15:01,453 : INFO : EventManager : Event: ======'sling_right_hit'====== Args={'profile': 'default', 'state': 'lit', 'advancing': False}
2026-03-02 16:15:01,453 : INFO : EventManager : Event: ======'sling_right_default_hit'====== Args={'profile': 'default', 'state': 'lit', 'advancing': False}
2026-03-02 16:15:01,453 : INFO : EventManager : Event: ======'sling_right_default_lit_hit'====== Args={'profile': 'default', 'state': 'lit', 'advancing': False}
2026-03-02 16:15:01,454 : INFO : EventManager : Event: ======'sling_right_lit_hit'====== Args={'profile': 'default', 'state': 'lit', 'advancing': False}
2026-03-02 16:15:01,454 : INFO : EventManager : Event: ======'slings_hit'====== Args={'shot': 'sling_right'}
2026-03-02 16:15:01,454 : INFO : EventManager : Event: ======'slings_lit_hit'====== Args={'shot': 'sling_right'}
2026-03-02 16:15:01,454 : INFO : EventManager : Event: ======'player_score'====== Args={'value': 600, 'prev_value': 500, 'change': 100, 'player_num': 1, 'source': 'bumpers'}
2026-03-02 16:15:01,467 : INFO : SwitchController : <<<<<<< 's_sling_right' inactive >>>>>>>
2026-03-02 16:15:01,468 : INFO : SwitchController : <<<<<<< 's_inlane_right_1' inactive >>>>>>>
2026-03-02 16:15:01,483 : INFO : SwitchController : <<<<<<< 's_inlane_right_1' active >>>>>>>
2026-03-02 16:15:01,483 : INFO : EventManager : Event: ======'sw_playfield_active'====== Args={}
2026-03-02 16:15:01,483 : INFO : EventManager : Event: ======'machine_var_audits_switches_s_inlane_right_1'====== Args={'value': 161, 'prev_value': 160, 'change': 1}
2026-03-02 16:15:01,507 : INFO : SwitchController : <<<<<<< 's_flipper_right_upper' inactive >>>>>>>
2026-03-02 16:15:01,530 : INFO : SwitchController : <<<<<<< 's_inlane_right_1' inactive >>>>>>>
2026-03-02 16:15:01,537 : INFO : SwitchController : <<<<<<< 's_inlane_right_1' active >>>>>>>
2026-03-02 16:15:01,537 : INFO : EventManager : Event: ======'sw_playfield_active'====== Args={}
2026-03-02 16:15:01,537 : INFO : EventManager : Event: ======'machine_var_audits_switches_s_inlane_right_1'====== Args={'value': 162, 'prev_value': 161, 'change': 1}
2026-03-02 16:15:01,539 : INFO : SwitchController : <<<<<<< 's_flipper_right_lower' inactive >>>>>>>
2026-03-02 16:15:01,607 : INFO : SwitchController : <<<<<<< 's_flipper_right_upper_eos' inactive >>>>>>>
2026-03-02 16:15:01,640 : INFO : SwitchController : <<<<<<< 's_flipper_right_lower_eos' active >>>>>>>
2026-03-02 16:15:01,641 : INFO : EventManager : Event: ======'machine_var_audits_switches_s_flipper_right_lower_eos'====== Args={'value': 225, 'prev_value': 224, 'change': 1}
2026-03-02 16:15:02,508 : INFO : SwitchController : <<<<<<< 's_flipper_right_lower' active >>>>>>>
2026-03-02 16:15:02,509 : INFO : EventManager : Event: ======'machine_var_audits_switches_s_flipper_right_lower'====== Args={'value': 288, 'prev_value': 287, 'change': 1}
2026-03-02 16:15:02,545 : INFO : SwitchController : <<<<<<< 's_flipper_right_lower_eos' inactive >>>>>>>
2026-03-02 16:15:02,548 : INFO : SwitchController : <<<<<<< 's_inlane_right_1' inactive >>>>>>>
2026-03-02 16:15:02,554 : INFO : SwitchController : <<<<<<< 's_inlane_right_1' active >>>>>>>
2026-03-02 16:15:02,554 : INFO : EventManager : Event: ======'sw_playfield_active'====== Args={}
2026-03-02 16:15:02,554 : INFO : EventManager : Event: ======'machine_var_audits_switches_s_inlane_right_1'====== Args={'value': 163, 'prev_value': 162, 'change': 1}
2026-03-02 16:15:03,078 : INFO : SwitchController : <<<<<<< 's_flipper_right_lower' inactive >>>>>>>
2026-03-02 16:15:03,179 : INFO : SwitchController : <<<<<<< 's_flipper_right_lower_eos' active >>>>>>>
2026-03-02 16:15:03,179 : INFO : EventManager : Event: ======'machine_var_audits_switches_s_flipper_right_lower_eos'====== Args={'value': 226, 'prev_value': 225, 'change': 1}
2026-03-02 16:15:03,603 : INFO : SwitchController : <<<<<<< 's_flipper_left' active >>>>>>>
2026-03-02 16:15:03,603 : INFO : EventManager : Event: ======'machine_var_audits_switches_s_flipper_left'====== Args={'value': 158, 'prev_value': 157, 'change': 1}
2026-03-02 16:15:03,626 : INFO : SwitchController : <<<<<<< 's_flipper_left_eos' inactive >>>>>>>
2026-03-02 16:15:03,633 : INFO : SwitchController : <<<<<<< 's_inlane_right_1' inactive >>>>>>>
2026-03-02 16:15:03,635 : INFO : SwitchController : <<<<<<< 's_inlane_right_1' active >>>>>>>
2026-03-02 16:15:03,636 : INFO : EventManager : Event: ======'sw_playfield_active'====== Args={}
2026-03-02 16:15:03,636 : INFO : EventManager : Event: ======'machine_var_audits_switches_s_inlane_right_1'====== Args={'value': 164, 'prev_value': 163, 'change': 1}
2026-03-02 16:15:03,832 : INFO : SwitchController : <<<<<<< 's_flipper_left' inactive >>>>>>>
2026-03-02 16:15:03,920 : INFO : SwitchController : <<<<<<< 's_flipper_left_eos' active >>>>>>>
2026-03-02 16:15:03,921 : INFO : EventManager : Event: ======'machine_var_audits_switches_s_flipper_left_eos'====== Args={'value': 139, 'prev_value': 138, 'change': 1}
2026-03-02 16:15:04,078 : INFO : SwitchController : <<<<<<< 's_flipper_right_lower' active >>>>>>>
2026-03-02 16:15:04,079 : INFO : EventManager : Event: ======'machine_var_audits_switches_s_flipper_right_lower'====== Args={'value': 289, 'prev_value': 288, 'change': 1}
2026-03-02 16:15:04,116 : INFO : SwitchController : <<<<<<< 's_flipper_right_lower_eos' inactive >>>>>>>
2026-03-02 16:15:04,117 : INFO : SwitchController : <<<<<<< 's_flipper_right_upper' active >>>>>>>
2026-03-02 16:15:04,117 : INFO : EventManager : Event: ======'machine_var_audits_switches_s_flipper_right_upper'====== Args={'value': 219, 'prev_value': 218, 'change': 1}
2026-03-02 16:15:04,141 : INFO : SwitchController : <<<<<<< 's_flipper_right_upper_eos' active >>>>>>>
2026-03-02 16:15:04,141 : INFO : EventManager : Event: ======'machine_var_audits_switches_s_flipper_right_upper_eos'====== Args={'value': 89, 'prev_value': 88, 'change': 1}
2026-03-02 16:15:05,231 : INFO : SwitchController : <<<<<<< 's_flipper_right_upper' inactive >>>>>>>
2026-03-02 16:15:05,239 : INFO : SwitchController : <<<<<<< 's_flipper_right_lower' inactive >>>>>>>
2026-03-02 16:15:05,329 : INFO : SwitchController : <<<<<<< 's_flipper_right_upper_eos' inactive >>>>>>>
2026-03-02 16:15:05,337 : INFO : SwitchController : <<<<<<< 's_flipper_right_lower_eos' active >>>>>>>
2026-03-02 16:15:05,338 : INFO : EventManager : Event: ======'machine_var_audits_switches_s_flipper_right_lower_eos'====== Args={'value': 227, 'prev_value': 226, 'change': 1}
2026-03-02 16:15:05,740 : INFO : SwitchController : <<<<<<< 's_flipper_right_lower' active >>>>>>>
2026-03-02 16:15:05,740 : INFO : EventManager : Event: ======'machine_var_audits_switches_s_flipper_right_lower'====== Args={'value': 290, 'prev_value': 289, 'change': 1}
2026-03-02 16:15:05,759 : INFO : SwitchController : <<<<<<< 's_flipper_right_upper' active >>>>>>>
2026-03-02 16:15:05,760 : INFO : EventManager : Event: ======'machine_var_audits_switches_s_flipper_right_upper'====== Args={'value': 220, 'prev_value': 219, 'change': 1}
2026-03-02 16:15:05,782 : INFO : SwitchController : <<<<<<< 's_flipper_right_upper_eos' active >>>>>>>
2026-03-02 16:15:05,782 : INFO : EventManager : Event: ======'machine_var_audits_switches_s_flipper_right_upper_eos'====== Args={'value': 90, 'prev_value': 89, 'change': 1}
2026-03-02 16:15:05,785 : INFO : SwitchController : <<<<<<< 's_inlane_right_1' inactive >>>>>>>
2026-03-02 16:15:05,798 : INFO : SwitchController : <<<<<<< 's_inlane_right_1' active >>>>>>>
2026-03-02 16:15:05,798 : INFO : EventManager : Event: ======'sw_playfield_active'====== Args={}
2026-03-02 16:15:05,798 : INFO : EventManager : Event: ======'machine_var_audits_switches_s_inlane_right_1'====== Args={'value': 165, 'prev_value': 164, 'change': 1}
2026-03-02 16:15:05,912 : INFO : SwitchController : <<<<<<< 's_flipper_right_upper' inactive >>>>>>>
2026-03-02 16:15:05,934 : INFO : SwitchController : <<<<<<< 's_flipper_right_lower' inactive >>>>>>>
2026-03-02 16:15:06,012 : INFO : SwitchController : <<<<<<< 's_flipper_right_upper_eos' inactive >>>>>>>
2026-03-02 16:15:07,923 : INFO : SwitchController : <<<<<<< 's_sling_left' active >>>>>>>
2026-03-02 16:15:07,924 : INFO : EventManager : Event: ======'s_sling_left_active'====== Args={}
2026-03-02 16:15:07,924 : INFO : EventManager : Event: ======'machine_var_audits_switches_s_sling_left'====== Args={'value': 17, 'prev_value': 16, 'change': 1}
2026-03-02 16:15:07,925 : INFO : EventManager : Event: ======'machine_var_audits_shots_sling_left'====== Args={'value': 17, 'prev_value': 16, 'change': 1}
2026-03-02 16:15:07,932 : INFO : EventManager : Event: ======'sling_left_hit'====== Args={'profile': 'default', 'state': 'lit', 'advancing': False}
2026-03-02 16:15:07,932 : INFO : EventManager : Event: ======'sling_left_default_hit'====== Args={'profile': 'default', 'state': 'lit', 'advancing': False}
2026-03-02 16:15:07,932 : INFO : EventManager : Event: ======'sling_left_default_lit_hit'====== Args={'profile': 'default', 'state': 'lit', 'advancing': False}
2026-03-02 16:15:07,932 : INFO : EventManager : Event: ======'sling_left_lit_hit'====== Args={'profile': 'default', 'state': 'lit', 'advancing': False}
2026-03-02 16:15:07,933 : INFO : EventManager : Event: ======'slings_hit'====== Args={'shot': 'sling_left'}
2026-03-02 16:15:07,933 : INFO : EventManager : Event: ======'slings_lit_hit'====== Args={'shot': 'sling_left'}
2026-03-02 16:15:07,933 : INFO : EventManager : Event: ======'player_score'====== Args={'value': 700, 'prev_value': 600, 'change': 100, 'player_num': 1, 'source': 'bumpers'}
2026-03-02 16:15:07,941 : INFO : SwitchController : <<<<<<< 's_sling_left' inactive >>>>>>>
2026-03-02 16:15:07,943 : INFO : SwitchController : <<<<<<< 's_inlane_right_1' inactive >>>>>>>
2026-03-02 16:15:07,948 : INFO : SwitchController : <<<<<<< 's_inlane_right_1' active >>>>>>>
2026-03-02 16:15:07,948 : INFO : EventManager : Event: ======'sw_playfield_active'====== Args={}
2026-03-02 16:15:07,948 : INFO : EventManager : Event: ======'machine_var_audits_switches_s_inlane_right_1'====== Args={'value': 166, 'prev_value': 165, 'change': 1}
2026-03-02 16:15:08,000 : INFO : SwitchController : <<<<<<< 's_inlane_right_1' inactive >>>>>>>
2026-03-02 16:15:08,006 : INFO : SwitchController : <<<<<<< 's_inlane_right_1' active >>>>>>>
2026-03-02 16:15:08,006 : INFO : EventManager : Event: ======'sw_playfield_active'====== Args={}
2026-03-02 16:15:08,006 : INFO : EventManager : Event: ======'machine_var_audits_switches_s_inlane_right_1'====== Args={'value': 167, 'prev_value': 166, 'change': 1}
2026-03-02 16:15:08,061 : INFO : SwitchController : <<<<<<< 's_inlane_right_1' inactive >>>>>>>
2026-03-02 16:15:08,070 : INFO : SwitchController : <<<<<<< 's_inlane_right_1' active >>>>>>>
2026-03-02 16:15:08,071 : INFO : EventManager : Event: ======'sw_playfield_active'====== Args={}
2026-03-02 16:15:08,071 : INFO : EventManager : Event: ======'machine_var_audits_switches_s_inlane_right_1'====== Args={'value': 168, 'prev_value': 167, 'change': 1}
2026-03-02 16:15:08,931 : INFO : SwitchController : <<<<<<< 's_flipper_right_lower' active >>>>>>>
2026-03-02 16:15:08,931 : INFO : EventManager : Event: ======'machine_var_audits_switches_s_flipper_right_lower'====== Args={'value': 291, 'prev_value': 290, 'change': 1}
2026-03-02 16:15:08,966 : INFO : SwitchController : <<<<<<< 's_flipper_right_lower_eos' inactive >>>>>>>
2026-03-02 16:15:08,974 : INFO : SwitchController : <<<<<<< 's_inlane_right_1' inactive >>>>>>>
2026-03-02 16:15:08,983 : INFO : SwitchController : <<<<<<< 's_inlane_right_1' active >>>>>>>
2026-03-02 16:15:08,983 : INFO : EventManager : Event: ======'sw_playfield_active'====== Args={}
2026-03-02 16:15:08,983 : INFO : EventManager : Event: ======'machine_var_audits_switches_s_inlane_right_1'====== Args={'value': 169, 'prev_value': 168, 'change': 1}
2026-03-02 16:15:09,090 : INFO : SwitchController : <<<<<<< 's_flipper_right_lower' inactive >>>>>>>
2026-03-02 16:15:09,200 : INFO : SwitchController : <<<<<<< 's_flipper_right_lower_eos' active >>>>>>>
2026-03-02 16:15:09,200 : INFO : EventManager : Event: ======'machine_var_audits_switches_s_flipper_right_lower_eos'====== Args={'value': 228, 'prev_value': 227, 'change': 1}
2026-03-02 16:15:09,349 : INFO : SwitchController : <<<<<<< 's_flipper_left' active >>>>>>>
2026-03-02 16:15:09,349 : INFO : EventManager : Event: ======'machine_var_audits_switches_s_flipper_left'====== Args={'value': 159, 'prev_value': 158, 'change': 1}
2026-03-02 16:15:09,372 : INFO : SwitchController : <<<<<<< 's_flipper_left_eos' inactive >>>>>>>
2026-03-02 16:15:09,530 : INFO : SwitchController : <<<<<<< 's_flipper_left' inactive >>>>>>>
2026-03-02 16:15:09,618 : INFO : SwitchController : <<<<<<< 's_flipper_left_eos' active >>>>>>>
2026-03-02 16:15:09,618 : INFO : EventManager : Event: ======'machine_var_audits_switches_s_flipper_left_eos'====== Args={'value': 140, 'prev_value': 139, 'change': 1}
2026-03-02 16:15:09,865 : INFO : SwitchController : <<<<<<< 's_flipper_right_lower' active >>>>>>>
2026-03-02 16:15:09,865 : INFO : EventManager : Event: ======'machine_var_audits_switches_s_flipper_right_lower'====== Args={'value': 292, 'prev_value': 291, 'change': 1}
2026-03-02 16:15:09,868 : INFO : SwitchController : <<<<<<< 's_flipper_right_lower' inactive >>>>>>>
2026-03-02 16:15:09,874 : INFO : SwitchController : <<<<<<< 's_flipper_right_lower' active >>>>>>>
2026-03-02 16:15:09,874 : INFO : EventManager : Event: ======'machine_var_audits_switches_s_flipper_right_lower'====== Args={'value': 293, 'prev_value': 292, 'change': 1}
2026-03-02 16:15:09,891 : INFO : SwitchController : <<<<<<< 's_flipper_right_upper' active >>>>>>>
2026-03-02 16:15:09,891 : INFO : EventManager : Event: ======'machine_var_audits_switches_s_flipper_right_upper'====== Args={'value': 221, 'prev_value': 220, 'change': 1}
2026-03-02 16:15:09,915 : INFO : SwitchController : <<<<<<< 's_flipper_right_upper_eos' active >>>>>>>
2026-03-02 16:15:09,915 : INFO : EventManager : Event: ======'machine_var_audits_switches_s_flipper_right_upper_eos'====== Args={'value': 91, 'prev_value': 90, 'change': 1}
2026-03-02 16:15:09,918 : INFO : SwitchController : <<<<<<< 's_flipper_right_lower_eos' inactive >>>>>>>
2026-03-02 16:15:09,919 : INFO : SwitchController : <<<<<<< 's_inlane_right_1' inactive >>>>>>>
2026-03-02 16:15:09,923 : INFO : SwitchController : <<<<<<< 's_flipper_right_lower_eos' active >>>>>>>
2026-03-02 16:15:09,923 : INFO : EventManager : Event: ======'machine_var_audits_switches_s_flipper_right_lower_eos'====== Args={'value': 229, 'prev_value': 228, 'change': 1}
2026-03-02 16:15:09,930 : INFO : SwitchController : <<<<<<< 's_inlane_right_1' active >>>>>>>
2026-03-02 16:15:09,930 : INFO : EventManager : Event: ======'sw_playfield_active'====== Args={}
2026-03-02 16:15:09,931 : INFO : EventManager : Event: ======'machine_var_audits_switches_s_inlane_right_1'====== Args={'value': 170, 'prev_value': 169, 'change': 1}
2026-03-02 16:15:10,019 : INFO : SwitchController : <<<<<<< 's_flipper_right_upper' inactive >>>>>>>
2026-03-02 16:15:10,026 : INFO : SwitchController : <<<<<<< 's_flipper_right_lower' inactive >>>>>>>
2026-03-02 16:15:10,118 : INFO : SwitchController : <<<<<<< 's_flipper_right_upper_eos' inactive >>>>>>>
2026-03-02 16:15:10,583 : INFO : SwitchController : <<<<<<< 's_flipper_right_lower' active >>>>>>>
2026-03-02 16:15:10,583 : INFO : EventManager : Event: ======'machine_var_audits_switches_s_flipper_right_lower'====== Args={'value': 294, 'prev_value': 293, 'change': 1}
2026-03-02 16:15:10,586 : INFO : SwitchController : <<<<<<< 's_flipper_right_lower' inactive >>>>>>>
2026-03-02 16:15:10,588 : INFO : SwitchController : <<<<<<< 's_flipper_right_lower' active >>>>>>>
2026-03-02 16:15:10,588 : INFO : EventManager : Event: ======'machine_var_audits_switches_s_flipper_right_lower'====== Args={'value': 295, 'prev_value': 294, 'change': 1}
2026-03-02 16:15:10,590 : INFO : SwitchController : <<<<<<< 's_flipper_right_lower' inactive >>>>>>>
2026-03-02 16:15:10,598 : INFO : SwitchController : <<<<<<< 's_flipper_right_lower' active >>>>>>>
2026-03-02 16:15:10,598 : INFO : EventManager : Event: ======'machine_var_audits_switches_s_flipper_right_lower'====== Args={'value': 296, 'prev_value': 295, 'change': 1}
2026-03-02 16:15:10,602 : INFO : SwitchController : <<<<<<< 's_flipper_right_upper' active >>>>>>>
2026-03-02 16:15:10,602 : INFO : EventManager : Event: ======'machine_var_audits_switches_s_flipper_right_upper'====== Args={'value': 222, 'prev_value': 221, 'change': 1}
2026-03-02 16:15:10,625 : INFO : SwitchController : <<<<<<< 's_flipper_right_upper_eos' active >>>>>>>
2026-03-02 16:15:10,625 : INFO : EventManager : Event: ======'machine_var_audits_switches_s_flipper_right_upper_eos'====== Args={'value': 92, 'prev_value': 91, 'change': 1}
2026-03-02 16:15:10,627 : INFO : SwitchController : <<<<<<< 's_flipper_right_lower_eos' inactive >>>>>>>
2026-03-02 16:15:10,628 : INFO : SwitchController : <<<<<<< 's_inlane_right_1' inactive >>>>>>>
2026-03-02 16:15:10,640 : INFO : SwitchController : <<<<<<< 's_inlane_right_1' active >>>>>>>
2026-03-02 16:15:10,640 : INFO : EventManager : Event: ======'sw_playfield_active'====== Args={}
2026-03-02 16:15:10,640 : INFO : EventManager : Event: ======'machine_var_audits_switches_s_inlane_right_1'====== Args={'value': 171, 'prev_value': 170, 'change': 1}
2026-03-02 16:15:10,968 : INFO : SwitchController : <<<<<<< 's_flipper_right_upper' inactive >>>>>>>
2026-03-02 16:15:10,978 : INFO : SwitchController : <<<<<<< 's_flipper_right_lower' inactive >>>>>>>
2026-03-02 16:15:11,067 : INFO : SwitchController : <<<<<<< 's_flipper_right_upper_eos' inactive >>>>>>>
2026-03-02 16:15:11,074 : INFO : SwitchController : <<<<<<< 's_flipper_right_lower_eos' active >>>>>>>
2026-03-02 16:15:11,075 : INFO : EventManager : Event: ======'machine_var_audits_switches_s_flipper_right_lower_eos'====== Args={'value': 230, 'prev_value': 229, 'change': 1}
2026-03-02 16:15:12,146 : INFO : SwitchController : <<<<<<< 's_flipper_right_lower' active >>>>>>>
2026-03-02 16:15:12,146 : INFO : EventManager : Event: ======'machine_var_audits_switches_s_flipper_right_lower'====== Args={'value': 297, 'prev_value': 296, 'change': 1}
2026-03-02 16:15:12,150 : INFO : SwitchController : <<<<<<< 's_flipper_right_lower' inactive >>>>>>>
2026-03-02 16:15:12,151 : INFO : SwitchController : <<<<<<< 's_flipper_right_lower' active >>>>>>>
2026-03-02 16:15:12,152 : INFO : EventManager : Event: ======'machine_var_audits_switches_s_flipper_right_lower'====== Args={'value': 298, 'prev_value': 297, 'change': 1}
2026-03-02 16:15:12,189 : INFO : SwitchController : <<<<<<< 's_flipper_right_lower_eos' inactive >>>>>>>
2026-03-02 16:15:12,208 : INFO : SwitchController : <<<<<<< 's_flipper_right_upper' active >>>>>>>
2026-03-02 16:15:12,209 : INFO : EventManager : Event: ======'machine_var_audits_switches_s_flipper_right_upper'====== Args={'value': 223, 'prev_value': 222, 'change': 1}
2026-03-02 16:15:12,213 : INFO : SwitchController : <<<<<<< 's_flipper_right_upper' inactive >>>>>>>
2026-03-02 16:15:12,215 : INFO : SwitchController : <<<<<<< 's_flipper_right_upper' active >>>>>>>
2026-03-02 16:15:12,215 : INFO : EventManager : Event: ======'machine_var_audits_switches_s_flipper_right_upper'====== Args={'value': 224, 'prev_value': 223, 'change': 1}
2026-03-02 16:15:12,248 : INFO : SwitchController : <<<<<<< 's_flipper_right_upper_eos' active >>>>>>>
2026-03-02 16:15:12,249 : INFO : EventManager : Event: ======'machine_var_audits_switches_s_flipper_right_upper_eos'====== Args={'value': 93, 'prev_value': 92, 'change': 1}
2026-03-02 16:15:12,288 : INFO : SwitchController : <<<<<<< 's_flipper_right_upper' inactive >>>>>>>
2026-03-02 16:15:12,303 : INFO : SwitchController : <<<<<<< 's_flipper_right_lower' inactive >>>>>>>
2026-03-02 16:15:12,386 : INFO : SwitchController : <<<<<<< 's_flipper_right_upper_eos' inactive >>>>>>>
2026-03-02 16:15:12,403 : INFO : SwitchController : <<<<<<< 's_flipper_right_lower_eos' active >>>>>>>
2026-03-02 16:15:12,404 : INFO : EventManager : Event: ======'machine_var_audits_switches_s_flipper_right_lower_eos'====== Args={'value': 231, 'prev_value': 230, 'change': 1}
2026-03-02 16:15:13,162 : INFO : SwitchController : <<<<<<< 's_flipper_right_lower' active >>>>>>>
2026-03-02 16:15:13,162 : INFO : EventManager : Event: ======'machine_var_audits_switches_s_flipper_right_lower'====== Args={'value': 299, 'prev_value': 298, 'change': 1}
2026-03-02 16:15:13,167 : INFO : SwitchController : <<<<<<< 's_flipper_right_lower' inactive >>>>>>>
2026-03-02 16:15:13,172 : INFO : SwitchController : <<<<<<< 's_flipper_right_lower' active >>>>>>>
2026-03-02 16:15:13,172 : INFO : EventManager : Event: ======'machine_var_audits_switches_s_flipper_right_lower'====== Args={'value': 300, 'prev_value': 299, 'change': 1}
2026-03-02 16:15:13,178 : INFO : SwitchController : <<<<<<< 's_flipper_right_upper' active >>>>>>>
2026-03-02 16:15:13,179 : INFO : EventManager : Event: ======'machine_var_audits_switches_s_flipper_right_upper'====== Args={'value': 225, 'prev_value': 224, 'change': 1}
2026-03-02 16:15:13,198 : INFO : SwitchController : <<<<<<< 's_flipper_right_upper_eos' active >>>>>>>
2026-03-02 16:15:13,198 : INFO : EventManager : Event: ======'machine_var_audits_switches_s_flipper_right_upper_eos'====== Args={'value': 94, 'prev_value': 93, 'change': 1}
2026-03-02 16:15:13,201 : INFO : SwitchController : <<<<<<< 's_inlane_right_1' inactive >>>>>>>
2026-03-02 16:15:13,204 : INFO : SwitchController : <<<<<<< 's_flipper_right_lower_eos' inactive >>>>>>>
2026-03-02 16:15:13,220 : INFO : SwitchController : <<<<<<< 's_inlane_right_1' active >>>>>>>
2026-03-02 16:15:13,221 : INFO : EventManager : Event: ======'sw_playfield_active'====== Args={}
2026-03-02 16:15:13,221 : INFO : EventManager : Event: ======'machine_var_audits_switches_s_inlane_right_1'====== Args={'value': 172, 'prev_value': 171, 'change': 1}
2026-03-02 16:15:13,310 : INFO : SwitchController : <<<<<<< 's_flipper_right_upper' inactive >>>>>>>
2026-03-02 16:15:13,320 : INFO : SwitchController : <<<<<<< 's_flipper_right_lower' inactive >>>>>>>
2026-03-02 16:15:13,409 : INFO : SwitchController : <<<<<<< 's_flipper_right_upper_eos' inactive >>>>>>>
2026-03-02 16:15:13,424 : INFO : SwitchController : <<<<<<< 's_flipper_right_lower_eos' active >>>>>>>
2026-03-02 16:15:13,425 : INFO : EventManager : Event: ======'machine_var_audits_switches_s_flipper_right_lower_eos'====== Args={'value': 232, 'prev_value': 231, 'change': 1}
2026-03-02 16:15:13,639 : INFO : SwitchController : <<<<<<< 's_flipper_right_lower' active >>>>>>>
2026-03-02 16:15:13,640 : INFO : EventManager : Event: ======'machine_var_audits_switches_s_flipper_right_lower'====== Args={'value': 301, 'prev_value': 300, 'change': 1}
2026-03-02 16:15:13,641 : INFO : SwitchController : <<<<<<< 's_flipper_right_lower' inactive >>>>>>>
2026-03-02 16:15:13,646 : INFO : SwitchController : <<<<<<< 's_flipper_right_lower' active >>>>>>>
2026-03-02 16:15:13,646 : INFO : EventManager : Event: ======'machine_var_audits_switches_s_flipper_right_lower'====== Args={'value': 302, 'prev_value': 301, 'change': 1}
2026-03-02 16:15:13,683 : INFO : SwitchController : <<<<<<< 's_flipper_right_upper' active >>>>>>>
2026-03-02 16:15:13,684 : INFO : EventManager : Event: ======'machine_var_audits_switches_s_flipper_right_upper'====== Args={'value': 226, 'prev_value': 225, 'change': 1}
2026-03-02 16:15:13,706 : INFO : SwitchController : <<<<<<< 's_flipper_right_upper_eos' active >>>>>>>
2026-03-02 16:15:13,707 : INFO : EventManager : Event: ======'machine_var_audits_switches_s_flipper_right_upper_eos'====== Args={'value': 95, 'prev_value': 94, 'change': 1}
2026-03-02 16:15:13,708 : INFO : SwitchController : <<<<<<< 's_inlane_right_1' inactive >>>>>>>
2026-03-02 16:15:13,722 : INFO : SwitchController : <<<<<<< 's_inlane_right_1' active >>>>>>>
2026-03-02 16:15:13,722 : INFO : EventManager : Event: ======'sw_playfield_active'====== Args={}
2026-03-02 16:15:13,722 : INFO : EventManager : Event: ======'machine_var_audits_switches_s_inlane_right_1'====== Args={'value': 173, 'prev_value': 172, 'change': 1}
2026-03-02 16:15:13,803 : INFO : SwitchController : <<<<<<< 's_flipper_right_upper' inactive >>>>>>>
2026-03-02 16:15:13,824 : INFO : SwitchController : <<<<<<< 's_flipper_right_lower' inactive >>>>>>>
2026-03-02 16:15:13,902 : INFO : SwitchController : <<<<<<< 's_flipper_right_upper_eos' inactive >>>>>>>
2026-03-02 16:15:17,007 : INFO : SwitchController : <<<<<<< 's_flipper_left' active >>>>>>>
2026-03-02 16:15:17,008 : INFO : EventManager : Event: ======'machine_var_audits_switches_s_flipper_left'====== Args={'value': 160, 'prev_value': 159, 'change': 1}
2026-03-02 16:15:17,037 : INFO : SwitchController : <<<<<<< 's_flipper_left_eos' inactive >>>>>>>
2026-03-02 16:15:17,094 : INFO : SwitchController : <<<<<<< 's_flipper_left' inactive >>>>>>>
2026-03-02 16:15:17,183 : INFO : SwitchController : <<<<<<< 's_flipper_left_eos' active >>>>>>>
2026-03-02 16:15:17,183 : INFO : EventManager : Event: ======'machine_var_audits_switches_s_flipper_left_eos'====== Args={'value': 141, 'prev_value': 140, 'change': 1}
2026-03-02 16:15:22,382 : INFO : SwitchController : <<<<<<< 's_flipper_right_lower' active >>>>>>>
2026-03-02 16:15:22,382 : INFO : EventManager : Event: ======'machine_var_audits_switches_s_flipper_right_lower'====== Args={'value': 303, 'prev_value': 302, 'change': 1}
2026-03-02 16:15:22,413 : INFO : SwitchController : <<<<<<< 's_flipper_right_lower_eos' inactive >>>>>>>
2026-03-02 16:15:22,415 : INFO : SwitchController : <<<<<<< 's_inlane_right_1' inactive >>>>>>>
2026-03-02 16:15:22,429 : INFO : SwitchController : <<<<<<< 's_inlane_right_1' active >>>>>>>
2026-03-02 16:15:22,429 : INFO : EventManager : Event: ======'sw_playfield_active'====== Args={}
2026-03-02 16:15:22,429 : INFO : EventManager : Event: ======'machine_var_audits_switches_s_inlane_right_1'====== Args={'value': 174, 'prev_value': 173, 'change': 1}
2026-03-02 16:15:22,540 : INFO : SwitchController : <<<<<<< 's_flipper_right_lower' inactive >>>>>>>
2026-03-02 16:15:22,644 : INFO : SwitchController : <<<<<<< 's_flipper_right_lower_eos' active >>>>>>>
2026-03-02 16:15:22,644 : INFO : EventManager : Event: ======'machine_var_audits_switches_s_flipper_right_lower_eos'====== Args={'value': 233, 'prev_value': 232, 'change': 1}
2026-03-02 16:15:23,440 : INFO : SwitchController : <<<<<<< 's_flipper_right_lower' active >>>>>>>
2026-03-02 16:15:23,440 : INFO : EventManager : Event: ======'machine_var_audits_switches_s_flipper_right_lower'====== Args={'value': 304, 'prev_value': 303, 'change': 1}
2026-03-02 16:15:23,476 : INFO : SwitchController : <<<<<<< 's_flipper_right_lower_eos' inactive >>>>>>>
2026-03-02 16:15:23,479 : INFO : SwitchController : <<<<<<< 's_inlane_right_1' inactive >>>>>>>
2026-03-02 16:15:23,484 : INFO : SwitchController : <<<<<<< 's_inlane_right_1' active >>>>>>>
2026-03-02 16:15:23,484 : INFO : EventManager : Event: ======'sw_playfield_active'====== Args={}
2026-03-02 16:15:23,484 : INFO : EventManager : Event: ======'machine_var_audits_switches_s_inlane_right_1'====== Args={'value': 175, 'prev_value': 174, 'change': 1}
2026-03-02 16:15:23,604 : INFO : SwitchController : <<<<<<< 's_flipper_right_lower' inactive >>>>>>>
2026-03-02 16:15:23,707 : INFO : SwitchController : <<<<<<< 's_flipper_right_lower_eos' active >>>>>>>
2026-03-02 16:15:23,708 : INFO : EventManager : Event: ======'machine_var_audits_switches_s_flipper_right_lower_eos'====== Args={'value': 234, 'prev_value': 233, 'change': 1}
2026-03-02 16:15:25,054 : INFO : SwitchController : <<<<<<< 's_flipper_right_lower' active >>>>>>>
2026-03-02 16:15:25,055 : INFO : EventManager : Event: ======'machine_var_audits_switches_s_flipper_right_lower'====== Args={'value': 305, 'prev_value': 304, 'change': 1}
2026-03-02 16:15:25,198 : INFO : SwitchController : <<<<<<< 's_flipper_right_lower' inactive >>>>>>>
2026-03-02 16:15:25,636 : INFO : SwitchController : <<<<<<< 's_flipper_right_lower' active >>>>>>>
2026-03-02 16:15:25,636 : INFO : EventManager : Event: ======'machine_var_audits_switches_s_flipper_right_lower'====== Args={'value': 306, 'prev_value': 305, 'change': 1}
2026-03-02 16:15:25,666 : INFO : SwitchController : <<<<<<< 's_flipper_right_lower_eos' inactive >>>>>>>
2026-03-02 16:15:25,668 : INFO : SwitchController : <<<<<<< 's_inlane_right_1' inactive >>>>>>>
2026-03-02 16:15:25,682 : INFO : SwitchController : <<<<<<< 's_inlane_right_1' active >>>>>>>
2026-03-02 16:15:25,682 : INFO : EventManager : Event: ======'sw_playfield_active'====== Args={}
2026-03-02 16:15:25,682 : INFO : EventManager : Event: ======'machine_var_audits_switches_s_inlane_right_1'====== Args={'value': 176, 'prev_value': 175, 'change': 1}
2026-03-02 16:15:25,689 : INFO : SwitchController : <<<<<<< 's_flipper_right_upper' active >>>>>>>
2026-03-02 16:15:25,689 : INFO : EventManager : Event: ======'machine_var_audits_switches_s_flipper_right_upper'====== Args={'value': 227, 'prev_value': 226, 'change': 1}
2026-03-02 16:15:25,698 : INFO : SwitchController : <<<<<<< 's_flipper_right_upper' inactive >>>>>>>
2026-03-02 16:15:25,698 : INFO : SwitchController : <<<<<<< 's_flipper_right_upper' active >>>>>>>
2026-03-02 16:15:25,698 : INFO : EventManager : Event: ======'machine_var_audits_switches_s_flipper_right_upper'====== Args={'value': 228, 'prev_value': 227, 'change': 1}
2026-03-02 16:15:25,718 : INFO : SwitchController : <<<<<<< 's_inlane_right_1' inactive >>>>>>>
2026-03-02 16:15:25,725 : INFO : SwitchController : <<<<<<< 's_inlane_right_1' active >>>>>>>
2026-03-02 16:15:25,725 : INFO : EventManager : Event: ======'sw_playfield_active'====== Args={}
2026-03-02 16:15:25,725 : INFO : EventManager : Event: ======'machine_var_audits_switches_s_inlane_right_1'====== Args={'value': 177, 'prev_value': 176, 'change': 1}
2026-03-02 16:15:25,727 : INFO : SwitchController : <<<<<<< 's_flipper_right_upper_eos' active >>>>>>>
2026-03-02 16:15:25,727 : INFO : EventManager : Event: ======'machine_var_audits_switches_s_flipper_right_upper_eos'====== Args={'value': 96, 'prev_value': 95, 'change': 1}
2026-03-02 16:15:25,780 : INFO : SwitchController : <<<<<<< 's_flipper_right_upper' inactive >>>>>>>
2026-03-02 16:15:25,789 : INFO : SwitchController : <<<<<<< 's_flipper_right_lower' inactive >>>>>>>
2026-03-02 16:15:25,877 : INFO : SwitchController : <<<<<<< 's_flipper_right_upper_eos' inactive >>>>>>>
2026-03-02 16:15:25,894 : INFO : SwitchController : <<<<<<< 's_flipper_right_lower_eos' active >>>>>>>
2026-03-02 16:15:25,894 : INFO : EventManager : Event: ======'machine_var_audits_switches_s_flipper_right_lower_eos'====== Args={'value': 235, 'prev_value': 234, 'change': 1}
2026-03-02 16:15:26,352 : INFO : SwitchController : <<<<<<< 's_flipper_right_lower' active >>>>>>>
2026-03-02 16:15:26,353 : INFO : EventManager : Event: ======'machine_var_audits_switches_s_flipper_right_lower'====== Args={'value': 307, 'prev_value': 306, 'change': 1}
2026-03-02 16:15:26,369 : INFO : SwitchController : <<<<<<< 's_flipper_right_upper' active >>>>>>>
2026-03-02 16:15:26,370 : INFO : EventManager : Event: ======'machine_var_audits_switches_s_flipper_right_upper'====== Args={'value': 229, 'prev_value': 228, 'change': 1}
2026-03-02 16:15:26,386 : INFO : SwitchController : <<<<<<< 's_flipper_right_lower_eos' inactive >>>>>>>
2026-03-02 16:15:26,388 : INFO : SwitchController : <<<<<<< 's_inlane_right_1' inactive >>>>>>>
2026-03-02 16:15:26,401 : INFO : SwitchController : <<<<<<< 's_flipper_right_upper_eos' active >>>>>>>
2026-03-02 16:15:26,402 : INFO : EventManager : Event: ======'machine_var_audits_switches_s_flipper_right_upper_eos'====== Args={'value': 97, 'prev_value': 96, 'change': 1}
2026-03-02 16:15:26,405 : INFO : SwitchController : <<<<<<< 's_inlane_right_1' active >>>>>>>
2026-03-02 16:15:26,405 : INFO : EventManager : Event: ======'sw_playfield_active'====== Args={}
2026-03-02 16:15:26,405 : INFO : EventManager : Event: ======'machine_var_audits_switches_s_inlane_right_1'====== Args={'value': 178, 'prev_value': 177, 'change': 1}
2026-03-02 16:15:26,487 : INFO : SwitchController : <<<<<<< 's_flipper_right_upper' inactive >>>>>>>
2026-03-02 16:15:26,497 : INFO : SwitchController : <<<<<<< 's_flipper_right_lower' inactive >>>>>>>
2026-03-02 16:15:26,586 : INFO : SwitchController : <<<<<<< 's_flipper_right_upper_eos' inactive >>>>>>>
2026-03-02 16:15:26,596 : INFO : SwitchController : <<<<<<< 's_flipper_right_lower_eos' active >>>>>>>
2026-03-02 16:15:26,597 : INFO : EventManager : Event: ======'machine_var_audits_switches_s_flipper_right_lower_eos'====== Args={'value': 236, 'prev_value': 235, 'change': 1}
2026-03-02 16:15:27,814 : INFO : SwitchController : <<<<<<< 's_flipper_right_lower' active >>>>>>>
2026-03-02 16:15:27,814 : INFO : EventManager : Event: ======'machine_var_audits_switches_s_flipper_right_lower'====== Args={'value': 308, 'prev_value': 307, 'change': 1}
2026-03-02 16:15:27,834 : INFO : SwitchController : <<<<<<< 's_flipper_right_upper' active >>>>>>>
2026-03-02 16:15:27,835 : INFO : EventManager : Event: ======'machine_var_audits_switches_s_flipper_right_upper'====== Args={'value': 230, 'prev_value': 229, 'change': 1}
2026-03-02 16:15:27,850 : INFO : SwitchController : <<<<<<< 's_flipper_right_lower_eos' inactive >>>>>>>
2026-03-02 16:15:27,851 : INFO : SwitchController : <<<<<<< 's_inlane_right_1' inactive >>>>>>>
2026-03-02 16:15:27,866 : INFO : SwitchController : <<<<<<< 's_inlane_right_1' active >>>>>>>
2026-03-02 16:15:27,866 : INFO : EventManager : Event: ======'sw_playfield_active'====== Args={}
2026-03-02 16:15:27,866 : INFO : EventManager : Event: ======'machine_var_audits_switches_s_inlane_right_1'====== Args={'value': 179, 'prev_value': 178, 'change': 1}
2026-03-02 16:15:27,875 : INFO : SwitchController : <<<<<<< 's_flipper_right_upper_eos' active >>>>>>>
2026-03-02 16:15:27,875 : INFO : EventManager : Event: ======'machine_var_audits_switches_s_flipper_right_upper_eos'====== Args={'value': 98, 'prev_value': 97, 'change': 1}
2026-03-02 16:15:28,342 : INFO : SwitchController : <<<<<<< 's_flipper_right_upper' inactive >>>>>>>
2026-03-02 16:15:28,352 : INFO : SwitchController : <<<<<<< 's_flipper_right_lower' inactive >>>>>>>
2026-03-02 16:15:28,442 : INFO : SwitchController : <<<<<<< 's_flipper_right_upper_eos' inactive >>>>>>>
2026-03-02 16:15:28,458 : INFO : SwitchController : <<<<<<< 's_flipper_right_lower_eos' active >>>>>>>
2026-03-02 16:15:28,458 : INFO : EventManager : Event: ======'machine_var_audits_switches_s_flipper_right_lower_eos'====== Args={'value': 237, 'prev_value': 236, 'change': 1}
2026-03-02 16:15:29,309 : INFO : SwitchController : <<<<<<< 's_flipper_right_lower' active >>>>>>>
2026-03-02 16:15:29,309 : INFO : EventManager : Event: ======'machine_var_audits_switches_s_flipper_right_lower'====== Args={'value': 309, 'prev_value': 308, 'change': 1}
2026-03-02 16:15:29,343 : INFO : SwitchController : <<<<<<< 's_flipper_right_lower_eos' inactive >>>>>>>
2026-03-02 16:15:29,345 : INFO : SwitchController : <<<<<<< 's_inlane_right_1' inactive >>>>>>>
2026-03-02 16:15:29,353 : INFO : SwitchController : <<<<<<< 's_inlane_right_1' active >>>>>>>
2026-03-02 16:15:29,353 : INFO : EventManager : Event: ======'sw_playfield_active'====== Args={}
2026-03-02 16:15:29,353 : INFO : EventManager : Event: ======'machine_var_audits_switches_s_inlane_right_1'====== Args={'value': 180, 'prev_value': 179, 'change': 1}
2026-03-02 16:15:29,464 : INFO : SwitchController : <<<<<<< 's_flipper_right_lower' inactive >>>>>>>
2026-03-02 16:15:29,547 : INFO : SwitchController : <<<<<<< 's_sling_left' active >>>>>>>
2026-03-02 16:15:29,547 : INFO : EventManager : Event: ======'s_sling_left_active'====== Args={}
2026-03-02 16:15:29,547 : INFO : EventManager : Event: ======'machine_var_audits_switches_s_sling_left'====== Args={'value': 18, 'prev_value': 17, 'change': 1}
2026-03-02 16:15:29,547 : INFO : EventManager : Event: ======'machine_var_audits_shots_sling_left'====== Args={'value': 18, 'prev_value': 17, 'change': 1}
2026-03-02 16:15:29,548 : INFO : EventManager : Event: ======'sling_left_hit'====== Args={'profile': 'default', 'state': 'lit', 'advancing': False}
2026-03-02 16:15:29,548 : INFO : EventManager : Event: ======'sling_left_default_hit'====== Args={'profile': 'default', 'state': 'lit', 'advancing': False}
2026-03-02 16:15:29,548 : INFO : EventManager : Event: ======'sling_left_default_lit_hit'====== Args={'profile': 'default', 'state': 'lit', 'advancing': False}
2026-03-02 16:15:29,548 : INFO : EventManager : Event: ======'sling_left_lit_hit'====== Args={'profile': 'default', 'state': 'lit', 'advancing': False}
2026-03-02 16:15:29,548 : INFO : EventManager : Event: ======'slings_hit'====== Args={'shot': 'sling_left'}
2026-03-02 16:15:29,548 : INFO : EventManager : Event: ======'slings_lit_hit'====== Args={'shot': 'sling_left'}
2026-03-02 16:15:29,548 : INFO : EventManager : Event: ======'player_score'====== Args={'value': 800, 'prev_value': 700, 'change': 100, 'player_num': 1, 'source': 'bumpers'}
2026-03-02 16:15:29,555 : INFO : SwitchController : <<<<<<< 's_sling_left' inactive >>>>>>>
2026-03-02 16:15:29,564 : INFO : SwitchController : <<<<<<< 's_inlane_right_1' inactive >>>>>>>
2026-03-02 16:15:29,571 : INFO : SwitchController : <<<<<<< 's_inlane_right_1' active >>>>>>>
2026-03-02 16:15:29,571 : INFO : EventManager : Event: ======'sw_playfield_active'====== Args={}
2026-03-02 16:15:29,572 : INFO : EventManager : Event: ======'machine_var_audits_switches_s_inlane_right_1'====== Args={'value': 181, 'prev_value': 180, 'change': 1}
2026-03-02 16:15:29,574 : INFO : SwitchController : <<<<<<< 's_flipper_right_lower_eos' active >>>>>>>
2026-03-02 16:15:29,575 : INFO : EventManager : Event: ======'machine_var_audits_switches_s_flipper_right_lower_eos'====== Args={'value': 238, 'prev_value': 237, 'change': 1}
2026-03-02 16:15:29,890 : INFO : SwitchController : <<<<<<< 's_flipper_right_lower' active >>>>>>>
2026-03-02 16:15:29,890 : INFO : EventManager : Event: ======'machine_var_audits_switches_s_flipper_right_lower'====== Args={'value': 310, 'prev_value': 309, 'change': 1}
2026-03-02 16:15:29,901 : INFO : SwitchController : <<<<<<< 's_flipper_right_upper' active >>>>>>>
2026-03-02 16:15:29,902 : INFO : EventManager : Event: ======'machine_var_audits_switches_s_flipper_right_upper'====== Args={'value': 231, 'prev_value': 230, 'change': 1}
2026-03-02 16:15:29,909 : INFO : SwitchController : <<<<<<< 's_flipper_right_upper' inactive >>>>>>>
2026-03-02 16:15:29,909 : INFO : SwitchController : <<<<<<< 's_flipper_right_upper' active >>>>>>>
2026-03-02 16:15:29,909 : INFO : EventManager : Event: ======'machine_var_audits_switches_s_flipper_right_upper'====== Args={'value': 232, 'prev_value': 231, 'change': 1}
2026-03-02 16:15:29,925 : INFO : SwitchController : <<<<<<< 's_flipper_right_lower_eos' inactive >>>>>>>
2026-03-02 16:15:29,925 : INFO : SwitchController : <<<<<<< 's_flipper_right_upper_eos' active >>>>>>>
2026-03-02 16:15:29,925 : INFO : EventManager : Event: ======'machine_var_audits_switches_s_flipper_right_upper_eos'====== Args={'value': 99, 'prev_value': 98, 'change': 1}
2026-03-02 16:15:29,926 : INFO : SwitchController : <<<<<<< 's_inlane_right_1' inactive >>>>>>>
2026-03-02 16:15:29,930 : INFO : SwitchController : <<<<<<< 's_flipper_right_upper_eos' inactive >>>>>>>
2026-03-02 16:15:29,942 : INFO : SwitchController : <<<<<<< 's_flipper_right_upper_eos' active >>>>>>>
2026-03-02 16:15:29,942 : INFO : EventManager : Event: ======'machine_var_audits_switches_s_flipper_right_upper_eos'====== Args={'value': 100, 'prev_value': 99, 'change': 1}
2026-03-02 16:15:29,943 : INFO : SwitchController : <<<<<<< 's_inlane_right_1' active >>>>>>>
2026-03-02 16:15:29,944 : INFO : EventManager : Event: ======'sw_playfield_active'====== Args={}
2026-03-02 16:15:29,944 : INFO : EventManager : Event: ======'machine_var_audits_switches_s_inlane_right_1'====== Args={'value': 182, 'prev_value': 181, 'change': 1}
2026-03-02 16:15:30,064 : INFO : SwitchController : <<<<<<< 's_flipper_right_upper' inactive >>>>>>>
2026-03-02 16:15:30,090 : INFO : SwitchController : <<<<<<< 's_flipper_right_lower' inactive >>>>>>>
2026-03-02 16:15:30,163 : INFO : SwitchController : <<<<<<< 's_flipper_right_upper_eos' inactive >>>>>>>
2026-03-02 16:15:30,198 : INFO : SwitchController : <<<<<<< 's_flipper_right_lower_eos' active >>>>>>>
2026-03-02 16:15:30,199 : INFO : EventManager : Event: ======'machine_var_audits_switches_s_flipper_right_lower_eos'====== Args={'value': 239, 'prev_value': 238, 'change': 1}
2026-03-02 16:15:30,657 : INFO : SwitchController : <<<<<<< 's_flipper_right_lower' active >>>>>>>
2026-03-02 16:15:30,658 : INFO : EventManager : Event: ======'machine_var_audits_switches_s_flipper_right_lower'====== Args={'value': 311, 'prev_value': 310, 'change': 1}
2026-03-02 16:15:30,659 : INFO : SwitchController : <<<<<<< 's_flipper_right_lower' inactive >>>>>>>
2026-03-02 16:15:30,664 : INFO : SwitchController : <<<<<<< 's_flipper_right_lower' active >>>>>>>
2026-03-02 16:15:30,665 : INFO : EventManager : Event: ======'machine_var_audits_switches_s_flipper_right_lower'====== Args={'value': 312, 'prev_value': 311, 'change': 1}
2026-03-02 16:15:30,701 : INFO : SwitchController : <<<<<<< 's_flipper_right_lower_eos' inactive >>>>>>>
2026-03-02 16:15:30,835 : INFO : SwitchController : <<<<<<< 's_flipper_right_lower' inactive >>>>>>>
2026-03-02 16:15:30,941 : INFO : SwitchController : <<<<<<< 's_flipper_right_lower_eos' active >>>>>>>
2026-03-02 16:15:30,941 : INFO : EventManager : Event: ======'machine_var_audits_switches_s_flipper_right_lower_eos'====== Args={'value': 240, 'prev_value': 239, 'change': 1}
2026-03-02 16:15:31,844 : INFO : SwitchController : <<<<<<< 's_flipper_right_lower' active >>>>>>>
2026-03-02 16:15:31,844 : INFO : EventManager : Event: ======'machine_var_audits_switches_s_flipper_right_lower'====== Args={'value': 313, 'prev_value': 312, 'change': 1}
2026-03-02 16:15:31,875 : INFO : SwitchController : <<<<<<< 's_flipper_right_lower_eos' inactive >>>>>>>
2026-03-02 16:15:31,877 : INFO : SwitchController : <<<<<<< 's_inlane_right_1' inactive >>>>>>>
2026-03-02 16:15:31,891 : INFO : SwitchController : <<<<<<< 's_inlane_right_1' active >>>>>>>
2026-03-02 16:15:31,891 : INFO : EventManager : Event: ======'sw_playfield_active'====== Args={}
2026-03-02 16:15:31,891 : INFO : EventManager : Event: ======'machine_var_audits_switches_s_inlane_right_1'====== Args={'value': 183, 'prev_value': 182, 'change': 1}
2026-03-02 16:15:32,062 : INFO : SwitchController : <<<<<<< 's_flipper_right_lower' inactive >>>>>>>
2026-03-02 16:15:32,163 : INFO : SwitchController : <<<<<<< 's_flipper_right_lower_eos' active >>>>>>>
2026-03-02 16:15:32,164 : INFO : EventManager : Event: ======'machine_var_audits_switches_s_flipper_right_lower_eos'====== Args={'value': 241, 'prev_value': 240, 'change': 1}
2026-03-02 16:15:32,380 : INFO : SwitchController : <<<<<<< 's_flipper_right_lower' active >>>>>>>
2026-03-02 16:15:32,381 : INFO : EventManager : Event: ======'machine_var_audits_switches_s_flipper_right_lower'====== Args={'value': 314, 'prev_value': 313, 'change': 1}
2026-03-02 16:15:32,564 : INFO : SwitchController : <<<<<<< 's_flipper_right_lower' inactive >>>>>>>
2026-03-02 16:15:35,013 : INFO : SwitchController : <<<<<<< 's_flipper_left' active >>>>>>>
2026-03-02 16:15:35,013 : INFO : EventManager : Event: ======'machine_var_audits_switches_s_flipper_left'====== Args={'value': 161, 'prev_value': 160, 'change': 1}
2026-03-02 16:15:35,036 : INFO : SwitchController : <<<<<<< 's_flipper_left_eos' inactive >>>>>>>
2026-03-02 16:15:35,040 : INFO : SwitchController : <<<<<<< 's_inlane_right_1' inactive >>>>>>>
2026-03-02 16:15:35,048 : INFO : SwitchController : <<<<<<< 's_inlane_right_1' active >>>>>>>
2026-03-02 16:15:35,048 : INFO : EventManager : Event: ======'sw_playfield_active'====== Args={}
2026-03-02 16:15:35,049 : INFO : EventManager : Event: ======'machine_var_audits_switches_s_inlane_right_1'====== Args={'value': 184, 'prev_value': 183, 'change': 1}
2026-03-02 16:15:35,590 : INFO : SwitchController : <<<<<<< 's_flipper_left' inactive >>>>>>>
2026-03-02 16:15:35,678 : INFO : SwitchController : <<<<<<< 's_flipper_left_eos' active >>>>>>>
2026-03-02 16:15:35,679 : INFO : EventManager : Event: ======'machine_var_audits_switches_s_flipper_left_eos'====== Args={'value': 142, 'prev_value': 141, 'change': 1}
2026-03-02 16:15:35,827 : INFO : SwitchController : <<<<<<< 's_flipper_left' active >>>>>>>
2026-03-02 16:15:35,828 : INFO : EventManager : Event: ======'machine_var_audits_switches_s_flipper_left'====== Args={'value': 162, 'prev_value': 161, 'change': 1}
2026-03-02 16:15:35,836 : INFO : SwitchController : <<<<<<< 's_flipper_left' inactive >>>>>>>
2026-03-02 16:15:35,838 : INFO : SwitchController : <<<<<<< 's_flipper_left' active >>>>>>>
2026-03-02 16:15:35,838 : INFO : EventManager : Event: ======'machine_var_audits_switches_s_flipper_left'====== Args={'value': 163, 'prev_value': 162, 'change': 1}
2026-03-02 16:15:35,853 : INFO : SwitchController : <<<<<<< 's_flipper_left_eos' inactive >>>>>>>
2026-03-02 16:15:35,855 : INFO : SwitchController : <<<<<<< 's_inlane_right_1' inactive >>>>>>>
2026-03-02 16:15:35,860 : INFO : SwitchController : <<<<<<< 's_inlane_right_1' active >>>>>>>
2026-03-02 16:15:35,860 : INFO : EventManager : Event: ======'sw_playfield_active'====== Args={}
2026-03-02 16:15:35,860 : INFO : EventManager : Event: ======'machine_var_audits_switches_s_inlane_right_1'====== Args={'value': 185, 'prev_value': 184, 'change': 1}
2026-03-02 16:15:35,928 : INFO : SwitchController : <<<<<<< 's_flipper_left' inactive >>>>>>>
2026-03-02 16:15:36,015 : INFO : SwitchController : <<<<<<< 's_flipper_left_eos' active >>>>>>>
2026-03-02 16:15:36,015 : INFO : EventManager : Event: ======'machine_var_audits_switches_s_flipper_left_eos'====== Args={'value': 143, 'prev_value': 142, 'change': 1}
2026-03-02 16:15:39,054 : INFO : SwitchController : <<<<<<< 's_flipper_right_lower' active >>>>>>>
2026-03-02 16:15:39,054 : INFO : EventManager : Event: ======'machine_var_audits_switches_s_flipper_right_lower'====== Args={'value': 315, 'prev_value': 314, 'change': 1}
2026-03-02 16:15:39,139 : INFO : SwitchController : <<<<<<< 's_flipper_left' active >>>>>>>
2026-03-02 16:15:39,139 : INFO : EventManager : Event: ======'machine_var_audits_switches_s_flipper_left'====== Args={'value': 164, 'prev_value': 163, 'change': 1}
2026-03-02 16:15:39,167 : INFO : SwitchController : <<<<<<< 's_flipper_left_eos' inactive >>>>>>>
2026-03-02 16:15:39,202 : INFO : SwitchController : <<<<<<< 's_flipper_right_lower' inactive >>>>>>>
2026-03-02 16:15:39,262 : INFO : SwitchController : <<<<<<< 's_flipper_left' inactive >>>>>>>
2026-03-02 16:15:39,350 : INFO : SwitchController : <<<<<<< 's_flipper_left_eos' active >>>>>>>
2026-03-02 16:15:39,350 : INFO : EventManager : Event: ======'machine_var_audits_switches_s_flipper_left_eos'====== Args={'value': 144, 'prev_value': 143, 'change': 1}
2026-03-02 16:15:39,863 : INFO : SwitchController : <<<<<<< 's_flipper_right_lower' active >>>>>>>
2026-03-02 16:15:39,863 : INFO : EventManager : Event: ======'machine_var_audits_switches_s_flipper_right_lower'====== Args={'value': 316, 'prev_value': 315, 'change': 1}
2026-03-02 16:15:39,894 : INFO : SwitchController : <<<<<<< 's_flipper_right_lower_eos' inactive >>>>>>>
2026-03-02 16:15:39,897 : INFO : SwitchController : <<<<<<< 's_inlane_right_1' inactive >>>>>>>
2026-03-02 16:15:39,910 : INFO : SwitchController : <<<<<<< 's_inlane_right_1' active >>>>>>>
2026-03-02 16:15:39,911 : INFO : EventManager : Event: ======'sw_playfield_active'====== Args={}
2026-03-02 16:15:39,911 : INFO : EventManager : Event: ======'machine_var_audits_switches_s_inlane_right_1'====== Args={'value': 186, 'prev_value': 185, 'change': 1}
2026-03-02 16:15:39,927 : INFO : SwitchController : <<<<<<< 's_flipper_right_upper' active >>>>>>>
2026-03-02 16:15:39,927 : INFO : EventManager : Event: ======'machine_var_audits_switches_s_flipper_right_upper'====== Args={'value': 233, 'prev_value': 232, 'change': 1}
2026-03-02 16:15:39,961 : INFO : SwitchController : <<<<<<< 's_flipper_right_upper_eos' active >>>>>>>
2026-03-02 16:15:39,962 : INFO : EventManager : Event: ======'machine_var_audits_switches_s_flipper_right_upper_eos'====== Args={'value': 101, 'prev_value': 100, 'change': 1}
2026-03-02 16:15:40,033 : INFO : SwitchController : <<<<<<< 's_flipper_right_upper' inactive >>>>>>>
2026-03-02 16:15:40,047 : INFO : SwitchController : <<<<<<< 's_flipper_right_lower' inactive >>>>>>>
2026-03-02 16:15:40,129 : INFO : SwitchController : <<<<<<< 's_flipper_right_upper_eos' inactive >>>>>>>
2026-03-02 16:15:40,149 : INFO : SwitchController : <<<<<<< 's_flipper_right_lower_eos' active >>>>>>>
2026-03-02 16:15:40,149 : INFO : EventManager : Event: ======'machine_var_audits_switches_s_flipper_right_lower_eos'====== Args={'value': 242, 'prev_value': 241, 'change': 1}
2026-03-02 16:15:40,172 : INFO : SwitchController : <<<<<<< 's_flipper_left' active >>>>>>>
2026-03-02 16:15:40,172 : INFO : EventManager : Event: ======'machine_var_audits_switches_s_flipper_left'====== Args={'value': 165, 'prev_value': 164, 'change': 1}
2026-03-02 16:15:40,196 : INFO : SwitchController : <<<<<<< 's_flipper_left_eos' inactive >>>>>>>
2026-03-02 16:15:40,204 : INFO : SwitchController : <<<<<<< 's_inlane_right_1' inactive >>>>>>>
2026-03-02 16:15:40,210 : INFO : SwitchController : <<<<<<< 's_inlane_right_1' active >>>>>>>
2026-03-02 16:15:40,211 : INFO : EventManager : Event: ======'sw_playfield_active'====== Args={}
2026-03-02 16:15:40,211 : INFO : EventManager : Event: ======'machine_var_audits_switches_s_inlane_right_1'====== Args={'value': 187, 'prev_value': 186, 'change': 1}
2026-03-02 16:15:40,280 : INFO : SwitchController : <<<<<<< 's_flipper_right_lower' active >>>>>>>
2026-03-02 16:15:40,281 : INFO : EventManager : Event: ======'machine_var_audits_switches_s_flipper_right_lower'====== Args={'value': 317, 'prev_value': 316, 'change': 1}
2026-03-02 16:15:40,319 : INFO : SwitchController : <<<<<<< 's_flipper_left' inactive >>>>>>>
2026-03-02 16:15:40,319 : INFO : SwitchController : <<<<<<< 's_flipper_right_lower_eos' inactive >>>>>>>
2026-03-02 16:15:40,323 : INFO : SwitchController : <<<<<<< 's_inlane_right_1' inactive >>>>>>>
2026-03-02 16:15:40,335 : INFO : SwitchController : <<<<<<< 's_inlane_right_1' active >>>>>>>
2026-03-02 16:15:40,335 : INFO : EventManager : Event: ======'sw_playfield_active'====== Args={}
2026-03-02 16:15:40,335 : INFO : EventManager : Event: ======'machine_var_audits_switches_s_inlane_right_1'====== Args={'value': 188, 'prev_value': 187, 'change': 1}
2026-03-02 16:15:40,378 : INFO : SwitchController : <<<<<<< 's_flipper_right_lower' inactive >>>>>>>
2026-03-02 16:15:40,406 : INFO : SwitchController : <<<<<<< 's_flipper_left_eos' active >>>>>>>
2026-03-02 16:15:40,407 : INFO : EventManager : Event: ======'machine_var_audits_switches_s_flipper_left_eos'====== Args={'value': 145, 'prev_value': 144, 'change': 1}
2026-03-02 16:15:40,483 : INFO : SwitchController : <<<<<<< 's_flipper_right_lower_eos' active >>>>>>>
2026-03-02 16:15:40,483 : INFO : EventManager : Event: ======'machine_var_audits_switches_s_flipper_right_lower_eos'====== Args={'value': 243, 'prev_value': 242, 'change': 1}
2026-03-02 16:15:41,986 : INFO : SwitchController : <<<<<<< 's_flipper_right_lower' active >>>>>>>
2026-03-02 16:15:41,987 : INFO : EventManager : Event: ======'machine_var_audits_switches_s_flipper_right_lower'====== Args={'value': 318, 'prev_value': 317, 'change': 1}
2026-03-02 16:15:41,989 : INFO : SwitchController : <<<<<<< 's_flipper_right_lower' inactive >>>>>>>
2026-03-02 16:15:41,990 : INFO : SwitchController : <<<<<<< 's_flipper_right_lower' active >>>>>>>
2026-03-02 16:15:41,991 : INFO : EventManager : Event: ======'machine_var_audits_switches_s_flipper_right_lower'====== Args={'value': 319, 'prev_value': 318, 'change': 1}
2026-03-02 16:15:41,995 : INFO : SwitchController : <<<<<<< 's_flipper_right_lower' inactive >>>>>>>
2026-03-02 16:15:42,004 : INFO : SwitchController : <<<<<<< 's_flipper_right_lower' active >>>>>>>
2026-03-02 16:15:42,004 : INFO : EventManager : Event: ======'machine_var_audits_switches_s_flipper_right_lower'====== Args={'value': 320, 'prev_value': 319, 'change': 1}
2026-03-02 16:15:42,038 : INFO : SwitchController : <<<<<<< 's_flipper_right_lower_eos' inactive >>>>>>>
2026-03-02 16:15:42,120 : INFO : SwitchController : <<<<<<< 's_flipper_left' active >>>>>>>
2026-03-02 16:15:42,121 : INFO : EventManager : Event: ======'machine_var_audits_switches_s_flipper_left'====== Args={'value': 166, 'prev_value': 165, 'change': 1}
2026-03-02 16:15:42,144 : INFO : SwitchController : <<<<<<< 's_flipper_left_eos' inactive >>>>>>>
2026-03-02 16:15:42,145 : INFO : SwitchController : <<<<<<< 's_flipper_right_lower' inactive >>>>>>>
2026-03-02 16:15:42,148 : INFO : SwitchController : <<<<<<< 's_inlane_right_1' inactive >>>>>>>
2026-03-02 16:15:42,159 : INFO : SwitchController : <<<<<<< 's_inlane_right_1' active >>>>>>>
2026-03-02 16:15:42,159 : INFO : EventManager : Event: ======'sw_playfield_active'====== Args={}
2026-03-02 16:15:42,159 : INFO : EventManager : Event: ======'machine_var_audits_switches_s_inlane_right_1'====== Args={'value': 189, 'prev_value': 188, 'change': 1}
2026-03-02 16:15:42,249 : INFO : SwitchController : <<<<<<< 's_flipper_left' inactive >>>>>>>
2026-03-02 16:15:42,253 : INFO : SwitchController : <<<<<<< 's_flipper_right_lower_eos' active >>>>>>>
2026-03-02 16:15:42,253 : INFO : EventManager : Event: ======'machine_var_audits_switches_s_flipper_right_lower_eos'====== Args={'value': 244, 'prev_value': 243, 'change': 1}
2026-03-02 16:15:42,336 : INFO : SwitchController : <<<<<<< 's_flipper_left_eos' active >>>>>>>
2026-03-02 16:15:42,336 : INFO : EventManager : Event: ======'machine_var_audits_switches_s_flipper_left_eos'====== Args={'value': 146, 'prev_value': 145, 'change': 1}
2026-03-02 16:15:42,540 : INFO : SwitchController : <<<<<<< 's_flipper_right_lower' active >>>>>>>
2026-03-02 16:15:42,540 : INFO : EventManager : Event: ======'machine_var_audits_switches_s_flipper_right_lower'====== Args={'value': 321, 'prev_value': 320, 'change': 1}
2026-03-02 16:15:42,574 : INFO : SwitchController : <<<<<<< 's_flipper_right_lower_eos' inactive >>>>>>>
2026-03-02 16:15:42,577 : INFO : SwitchController : <<<<<<< 's_inlane_right_1' inactive >>>>>>>
2026-03-02 16:15:42,590 : INFO : SwitchController : <<<<<<< 's_inlane_right_1' active >>>>>>>
2026-03-02 16:15:42,590 : INFO : EventManager : Event: ======'sw_playfield_active'====== Args={}
2026-03-02 16:15:42,590 : INFO : EventManager : Event: ======'machine_var_audits_switches_s_inlane_right_1'====== Args={'value': 190, 'prev_value': 189, 'change': 1}
2026-03-02 16:15:42,704 : INFO : SwitchController : <<<<<<< 's_flipper_right_lower' inactive >>>>>>>
2026-03-02 16:15:42,803 : INFO : SwitchController : <<<<<<< 's_flipper_right_lower_eos' active >>>>>>>
2026-03-02 16:15:42,803 : INFO : EventManager : Event: ======'machine_var_audits_switches_s_flipper_right_lower_eos'====== Args={'value': 245, 'prev_value': 244, 'change': 1}
2026-03-02 16:15:44,164 : INFO : SwitchController : <<<<<<< 's_flipper_right_lower' active >>>>>>>
2026-03-02 16:15:44,164 : INFO : EventManager : Event: ======'machine_var_audits_switches_s_flipper_right_lower'====== Args={'value': 322, 'prev_value': 321, 'change': 1}
2026-03-02 16:15:44,173 : INFO : SwitchController : <<<<<<< 's_flipper_right_lower' inactive >>>>>>>
2026-03-02 16:15:44,173 : INFO : SwitchController : <<<<<<< 's_flipper_right_lower' active >>>>>>>
2026-03-02 16:15:44,174 : INFO : EventManager : Event: ======'machine_var_audits_switches_s_flipper_right_lower'====== Args={'value': 323, 'prev_value': 322, 'change': 1}
2026-03-02 16:15:44,194 : INFO : SwitchController : <<<<<<< 's_flipper_right_upper' active >>>>>>>
2026-03-02 16:15:44,194 : INFO : EventManager : Event: ======'machine_var_audits_switches_s_flipper_right_upper'====== Args={'value': 234, 'prev_value': 233, 'change': 1}
2026-03-02 16:15:44,220 : INFO : SwitchController : <<<<<<< 's_inlane_right_1' inactive >>>>>>>
2026-03-02 16:15:44,229 : INFO : SwitchController : <<<<<<< 's_inlane_right_1' active >>>>>>>
2026-03-02 16:15:44,229 : INFO : EventManager : Event: ======'sw_playfield_active'====== Args={}
2026-03-02 16:15:44,229 : INFO : EventManager : Event: ======'machine_var_audits_switches_s_inlane_right_1'====== Args={'value': 191, 'prev_value': 190, 'change': 1}
2026-03-02 16:15:44,230 : INFO : SwitchController : <<<<<<< 's_flipper_right_upper_eos' active >>>>>>>
2026-03-02 16:15:44,230 : INFO : EventManager : Event: ======'machine_var_audits_switches_s_flipper_right_upper_eos'====== Args={'value': 102, 'prev_value': 101, 'change': 1}
2026-03-02 16:15:44,325 : INFO : SwitchController : <<<<<<< 's_flipper_right_upper' inactive >>>>>>>
2026-03-02 16:15:44,335 : INFO : SwitchController : <<<<<<< 's_flipper_right_lower' inactive >>>>>>>
2026-03-02 16:15:44,422 : INFO : SwitchController : <<<<<<< 's_flipper_right_upper_eos' inactive >>>>>>>
2026-03-02 16:15:46,983 : INFO : SwitchController : <<<<<<< 's_flipper_right_lower' active >>>>>>>
2026-03-02 16:15:46,983 : INFO : EventManager : Event: ======'machine_var_audits_switches_s_flipper_right_lower'====== Args={'value': 324, 'prev_value': 323, 'change': 1}
2026-03-02 16:15:47,141 : INFO : SwitchController : <<<<<<< 's_flipper_right_lower' inactive >>>>>>>
2026-03-02 16:15:47,589 : INFO : SwitchController : <<<<<<< 's_flipper_right_lower' active >>>>>>>
2026-03-02 16:15:47,590 : INFO : EventManager : Event: ======'machine_var_audits_switches_s_flipper_right_lower'====== Args={'value': 325, 'prev_value': 324, 'change': 1}
2026-03-02 16:15:47,625 : INFO : SwitchController : <<<<<<< 's_flipper_right_lower_eos' inactive >>>>>>>
2026-03-02 16:15:47,627 : INFO : SwitchController : <<<<<<< 's_inlane_right_1' inactive >>>>>>>
2026-03-02 16:15:47,635 : INFO : SwitchController : <<<<<<< 's_inlane_right_1' active >>>>>>>
2026-03-02 16:15:47,635 : INFO : EventManager : Event: ======'sw_playfield_active'====== Args={}
2026-03-02 16:15:47,635 : INFO : EventManager : Event: ======'machine_var_audits_switches_s_inlane_right_1'====== Args={'value': 192, 'prev_value': 191, 'change': 1}
2026-03-02 16:15:47,735 : INFO : SwitchController : <<<<<<< 's_flipper_right_lower' inactive >>>>>>>
2026-03-02 16:15:47,837 : INFO : SwitchController : <<<<<<< 's_flipper_right_lower_eos' active >>>>>>>
2026-03-02 16:15:47,837 : INFO : EventManager : Event: ======'machine_var_audits_switches_s_flipper_right_lower_eos'====== Args={'value': 246, 'prev_value': 245, 'change': 1}
2026-03-02 16:15:48,256 : INFO : SwitchController : <<<<<<< 's_flipper_left' active >>>>>>>
2026-03-02 16:15:48,256 : INFO : EventManager : Event: ======'machine_var_audits_switches_s_flipper_left'====== Args={'value': 167, 'prev_value': 166, 'change': 1}
2026-03-02 16:15:48,279 : INFO : SwitchController : <<<<<<< 's_flipper_left_eos' inactive >>>>>>>
2026-03-02 16:15:48,282 : INFO : SwitchController : <<<<<<< 's_inlane_right_1' inactive >>>>>>>
2026-03-02 16:15:48,287 : INFO : SwitchController : <<<<<<< 's_inlane_right_1' active >>>>>>>
2026-03-02 16:15:48,287 : INFO : EventManager : Event: ======'sw_playfield_active'====== Args={}
2026-03-02 16:15:48,287 : INFO : EventManager : Event: ======'machine_var_audits_switches_s_inlane_right_1'====== Args={'value': 193, 'prev_value': 192, 'change': 1}
2026-03-02 16:15:49,270 : INFO : SwitchController : <<<<<<< 's_flipper_left' inactive >>>>>>>
2026-03-02 16:15:49,358 : INFO : SwitchController : <<<<<<< 's_flipper_left_eos' active >>>>>>>
2026-03-02 16:15:49,358 : INFO : EventManager : Event: ======'machine_var_audits_switches_s_flipper_left_eos'====== Args={'value': 147, 'prev_value': 146, 'change': 1}
2026-03-02 16:15:50,315 : INFO : SwitchController : <<<<<<< 's_flipper_right_lower' active >>>>>>>
2026-03-02 16:15:50,315 : INFO : EventManager : Event: ======'machine_var_audits_switches_s_flipper_right_lower'====== Args={'value': 326, 'prev_value': 325, 'change': 1}
2026-03-02 16:15:50,380 : INFO : SwitchController : <<<<<<< 's_flipper_right_upper' active >>>>>>>
2026-03-02 16:15:50,380 : INFO : EventManager : Event: ======'machine_var_audits_switches_s_flipper_right_upper'====== Args={'value': 235, 'prev_value': 234, 'change': 1}
2026-03-02 16:15:50,402 : INFO : SwitchController : <<<<<<< 's_flipper_right_upper' inactive >>>>>>>
2026-03-02 16:15:50,402 : INFO : SwitchController : <<<<<<< 's_inlane_right_1' inactive >>>>>>>
2026-03-02 16:15:50,418 : INFO : SwitchController : <<<<<<< 's_inlane_right_1' active >>>>>>>
2026-03-02 16:15:50,418 : INFO : EventManager : Event: ======'sw_playfield_active'====== Args={}
2026-03-02 16:15:50,419 : INFO : EventManager : Event: ======'machine_var_audits_switches_s_inlane_right_1'====== Args={'value': 194, 'prev_value': 193, 'change': 1}
2026-03-02 16:15:50,419 : INFO : SwitchController : <<<<<<< 's_flipper_right_upper_eos' active >>>>>>>
2026-03-02 16:15:50,419 : INFO : EventManager : Event: ======'machine_var_audits_switches_s_flipper_right_upper_eos'====== Args={'value': 103, 'prev_value': 102, 'change': 1}
2026-03-02 16:15:50,477 : INFO : SwitchController : <<<<<<< 's_flipper_right_lower' inactive >>>>>>>
2026-03-02 16:15:50,506 : INFO : SwitchController : <<<<<<< 's_flipper_right_upper_eos' inactive >>>>>>>
2026-03-02 16:15:52,265 : INFO : SwitchController : <<<<<<< 's_flipper_left' active >>>>>>>
2026-03-02 16:15:52,265 : INFO : EventManager : Event: ======'machine_var_audits_switches_s_flipper_left'====== Args={'value': 168, 'prev_value': 167, 'change': 1}
2026-03-02 16:15:52,301 : INFO : SwitchController : <<<<<<< 's_flipper_left_eos' inactive >>>>>>>
2026-03-02 16:15:52,446 : INFO : SwitchController : <<<<<<< 's_flipper_left' inactive >>>>>>>
2026-03-02 16:15:52,533 : INFO : SwitchController : <<<<<<< 's_flipper_left_eos' active >>>>>>>
2026-03-02 16:15:52,533 : INFO : EventManager : Event: ======'machine_var_audits_switches_s_flipper_left_eos'====== Args={'value': 148, 'prev_value': 147, 'change': 1}
2026-03-02 16:15:53,960 : INFO : SwitchController : <<<<<<< 's_flipper_left' active >>>>>>>
2026-03-02 16:15:53,960 : INFO : EventManager : Event: ======'machine_var_audits_switches_s_flipper_left'====== Args={'value': 169, 'prev_value': 168, 'change': 1}
2026-03-02 16:15:53,983 : INFO : SwitchController : <<<<<<< 's_flipper_left_eos' inactive >>>>>>>
2026-03-02 16:15:53,990 : INFO : SwitchController : <<<<<<< 's_inlane_right_1' inactive >>>>>>>
2026-03-02 16:15:53,998 : INFO : SwitchController : <<<<<<< 's_inlane_right_1' active >>>>>>>
2026-03-02 16:15:53,998 : INFO : EventManager : Event: ======'sw_playfield_active'====== Args={}
2026-03-02 16:15:53,998 : INFO : EventManager : Event: ======'machine_var_audits_switches_s_inlane_right_1'====== Args={'value': 195, 'prev_value': 194, 'change': 1}
2026-03-02 16:15:54,047 : INFO : SwitchController : <<<<<<< 's_flipper_right_lower' active >>>>>>>
2026-03-02 16:15:54,048 : INFO : EventManager : Event: ======'machine_var_audits_switches_s_flipper_right_lower'====== Args={'value': 327, 'prev_value': 326, 'change': 1}
2026-03-02 16:15:54,079 : INFO : SwitchController : <<<<<<< 's_flipper_right_lower_eos' inactive >>>>>>>
2026-03-02 16:15:54,079 : INFO : SwitchController : <<<<<<< 's_inlane_right_1' inactive >>>>>>>
2026-03-02 16:15:54,097 : INFO : SwitchController : <<<<<<< 's_inlane_right_1' active >>>>>>>
2026-03-02 16:15:54,097 : INFO : EventManager : Event: ======'sw_playfield_active'====== Args={}
2026-03-02 16:15:54,097 : INFO : EventManager : Event: ======'machine_var_audits_switches_s_inlane_right_1'====== Args={'value': 196, 'prev_value': 195, 'change': 1}
2026-03-02 16:15:54,123 : INFO : SwitchController : <<<<<<< 's_flipper_left' inactive >>>>>>>
2026-03-02 16:15:54,212 : INFO : SwitchController : <<<<<<< 's_flipper_left_eos' active >>>>>>>
2026-03-02 16:15:54,212 : INFO : EventManager : Event: ======'machine_var_audits_switches_s_flipper_left_eos'====== Args={'value': 149, 'prev_value': 148, 'change': 1}
2026-03-02 16:15:54,232 : INFO : SwitchController : <<<<<<< 's_flipper_right_lower' inactive >>>>>>>
2026-03-02 16:15:54,333 : INFO : SwitchController : <<<<<<< 's_flipper_right_lower_eos' active >>>>>>>
2026-03-02 16:15:54,334 : INFO : EventManager : Event: ======'machine_var_audits_switches_s_flipper_right_lower_eos'====== Args={'value': 247, 'prev_value': 246, 'change': 1}
2026-03-02 16:15:55,095 : INFO : SwitchController : <<<<<<< 's_flipper_right_lower' active >>>>>>>
2026-03-02 16:15:55,095 : INFO : EventManager : Event: ======'machine_var_audits_switches_s_flipper_right_lower'====== Args={'value': 328, 'prev_value': 327, 'change': 1}
2026-03-02 16:15:55,126 : INFO : SwitchController : <<<<<<< 's_flipper_right_lower_eos' inactive >>>>>>>
2026-03-02 16:15:55,128 : INFO : SwitchController : <<<<<<< 's_inlane_right_1' inactive >>>>>>>
2026-03-02 16:15:55,142 : INFO : SwitchController : <<<<<<< 's_inlane_right_1' active >>>>>>>
2026-03-02 16:15:55,142 : INFO : EventManager : Event: ======'sw_playfield_active'====== Args={}
2026-03-02 16:15:55,142 : INFO : EventManager : Event: ======'machine_var_audits_switches_s_inlane_right_1'====== Args={'value': 197, 'prev_value': 196, 'change': 1}
2026-03-02 16:15:55,254 : INFO : SwitchController : <<<<<<< 's_flipper_right_lower' inactive >>>>>>>
2026-03-02 16:15:55,356 : INFO : SwitchController : <<<<<<< 's_flipper_right_lower_eos' active >>>>>>>
2026-03-02 16:15:55,356 : INFO : EventManager : Event: ======'machine_var_audits_switches_s_flipper_right_lower_eos'====== Args={'value': 248, 'prev_value': 247, 'change': 1}
2026-03-02 16:15:55,395 : INFO : SwitchController : <<<<<<< 's_flipper_right_lower' active >>>>>>>
2026-03-02 16:15:55,395 : INFO : EventManager : Event: ======'machine_var_audits_switches_s_flipper_right_lower'====== Args={'value': 329, 'prev_value': 328, 'change': 1}
2026-03-02 16:15:55,426 : INFO : SwitchController : <<<<<<< 's_flipper_right_lower_eos' inactive >>>>>>>
2026-03-02 16:15:55,428 : INFO : SwitchController : <<<<<<< 's_inlane_right_1' inactive >>>>>>>
2026-03-02 16:15:55,442 : INFO : SwitchController : <<<<<<< 's_inlane_right_1' active >>>>>>>
2026-03-02 16:15:55,442 : INFO : EventManager : Event: ======'sw_playfield_active'====== Args={}
2026-03-02 16:15:55,442 : INFO : EventManager : Event: ======'machine_var_audits_switches_s_inlane_right_1'====== Args={'value': 198, 'prev_value': 197, 'change': 1}
2026-03-02 16:15:55,471 : INFO : SwitchController : <<<<<<< 's_flipper_right_lower' inactive >>>>>>>
2026-03-02 16:15:55,575 : INFO : SwitchController : <<<<<<< 's_flipper_right_lower_eos' active >>>>>>>
2026-03-02 16:15:55,575 : INFO : EventManager : Event: ======'machine_var_audits_switches_s_flipper_right_lower_eos'====== Args={'value': 249, 'prev_value': 248, 'change': 1}
2026-03-02 16:15:55,609 : INFO : SwitchController : <<<<<<< 's_flipper_right_lower' active >>>>>>>
2026-03-02 16:15:55,609 : INFO : EventManager : Event: ======'machine_var_audits_switches_s_flipper_right_lower'====== Args={'value': 330, 'prev_value': 329, 'change': 1}
2026-03-02 16:15:55,642 : INFO : SwitchController : <<<<<<< 's_flipper_right_lower_eos' inactive >>>>>>>
2026-03-02 16:15:55,643 : INFO : SwitchController : <<<<<<< 's_inlane_right_1' inactive >>>>>>>
2026-03-02 16:15:55,653 : INFO : SwitchController : <<<<<<< 's_inlane_right_1' active >>>>>>>
2026-03-02 16:15:55,653 : INFO : EventManager : Event: ======'sw_playfield_active'====== Args={}
2026-03-02 16:15:55,653 : INFO : EventManager : Event: ======'machine_var_audits_switches_s_inlane_right_1'====== Args={'value': 199, 'prev_value': 198, 'change': 1}
2026-03-02 16:15:55,785 : INFO : SwitchController : <<<<<<< 's_flipper_left' active >>>>>>>
2026-03-02 16:15:55,785 : INFO : EventManager : Event: ======'machine_var_audits_switches_s_flipper_left'====== Args={'value': 170, 'prev_value': 169, 'change': 1}
2026-03-02 16:15:55,806 : INFO : SwitchController : <<<<<<< 's_flipper_left_eos' inactive >>>>>>>
2026-03-02 16:15:55,809 : INFO : SwitchController : <<<<<<< 's_inlane_right_1' inactive >>>>>>>
2026-03-02 16:15:55,821 : INFO : SwitchController : <<<<<<< 's_inlane_right_1' active >>>>>>>
2026-03-02 16:15:55,821 : INFO : EventManager : Event: ======'sw_playfield_active'====== Args={}
2026-03-02 16:15:55,821 : INFO : EventManager : Event: ======'machine_var_audits_switches_s_inlane_right_1'====== Args={'value': 200, 'prev_value': 199, 'change': 1}
2026-03-02 16:15:55,994 : INFO : SwitchController : <<<<<<< 's_flipper_left' inactive >>>>>>>
2026-03-02 16:15:56,049 : INFO : SwitchController : <<<<<<< 's_flipper_right_lower' inactive >>>>>>>
2026-03-02 16:15:56,082 : INFO : SwitchController : <<<<<<< 's_flipper_left_eos' active >>>>>>>
2026-03-02 16:15:56,082 : INFO : EventManager : Event: ======'machine_var_audits_switches_s_flipper_left_eos'====== Args={'value': 150, 'prev_value': 149, 'change': 1}
2026-03-02 16:15:56,154 : INFO : SwitchController : <<<<<<< 's_flipper_right_lower_eos' active >>>>>>>
2026-03-02 16:15:56,154 : INFO : EventManager : Event: ======'machine_var_audits_switches_s_flipper_right_lower_eos'====== Args={'value': 250, 'prev_value': 249, 'change': 1}
2026-03-02 16:15:56,209 : INFO : SwitchController : <<<<<<< 's_flipper_right_lower' active >>>>>>>
2026-03-02 16:15:56,209 : INFO : EventManager : Event: ======'machine_var_audits_switches_s_flipper_right_lower'====== Args={'value': 331, 'prev_value': 330, 'change': 1}
2026-03-02 16:15:56,241 : INFO : SwitchController : <<<<<<< 's_flipper_right_lower_eos' inactive >>>>>>>
2026-03-02 16:15:56,245 : INFO : SwitchController : <<<<<<< 's_inlane_right_1' inactive >>>>>>>
2026-03-02 16:15:56,256 : INFO : SwitchController : <<<<<<< 's_inlane_right_1' active >>>>>>>
2026-03-02 16:15:56,256 : INFO : EventManager : Event: ======'sw_playfield_active'====== Args={}
2026-03-02 16:15:56,256 : INFO : EventManager : Event: ======'machine_var_audits_switches_s_inlane_right_1'====== Args={'value': 201, 'prev_value': 200, 'change': 1}
2026-03-02 16:15:56,315 : INFO : SwitchController : <<<<<<< 's_flipper_right_lower' inactive >>>>>>>
2026-03-02 16:15:56,421 : INFO : SwitchController : <<<<<<< 's_flipper_right_lower_eos' active >>>>>>>
2026-03-02 16:15:56,421 : INFO : EventManager : Event: ======'machine_var_audits_switches_s_flipper_right_lower_eos'====== Args={'value': 251, 'prev_value': 250, 'change': 1}
2026-03-02 16:15:56,458 : INFO : SwitchController : <<<<<<< 's_flipper_right_lower' active >>>>>>>
2026-03-02 16:15:56,458 : INFO : EventManager : Event: ======'machine_var_audits_switches_s_flipper_right_lower'====== Args={'value': 332, 'prev_value': 331, 'change': 1}
2026-03-02 16:15:56,491 : INFO : SwitchController : <<<<<<< 's_flipper_right_lower_eos' inactive >>>>>>>
2026-03-02 16:15:56,493 : INFO : SwitchController : <<<<<<< 's_inlane_right_1' inactive >>>>>>>
2026-03-02 16:15:56,513 : INFO : SwitchController : <<<<<<< 's_inlane_right_1' active >>>>>>>
2026-03-02 16:15:56,513 : INFO : EventManager : Event: ======'sw_playfield_active'====== Args={}
2026-03-02 16:15:56,513 : INFO : EventManager : Event: ======'machine_var_audits_switches_s_inlane_right_1'====== Args={'value': 202, 'prev_value': 201, 'change': 1}
2026-03-02 16:15:56,564 : INFO : SwitchController : <<<<<<< 's_flipper_right_lower' inactive >>>>>>>
2026-03-02 16:15:56,668 : INFO : SwitchController : <<<<<<< 's_flipper_right_lower_eos' active >>>>>>>
2026-03-02 16:15:56,668 : INFO : EventManager : Event: ======'machine_var_audits_switches_s_flipper_right_lower_eos'====== Args={'value': 252, 'prev_value': 251, 'change': 1}
2026-03-02 16:15:56,946 : INFO : SwitchController : <<<<<<< 's_flipper_right_lower' active >>>>>>>
2026-03-02 16:15:56,946 : INFO : EventManager : Event: ======'machine_var_audits_switches_s_flipper_right_lower'====== Args={'value': 333, 'prev_value': 332, 'change': 1}
2026-03-02 16:15:56,989 : INFO : SwitchController : <<<<<<< 's_flipper_right_lower_eos' inactive >>>>>>>
2026-03-02 16:15:57,092 : INFO : SwitchController : <<<<<<< 's_flipper_right_lower' inactive >>>>>>>
2026-03-02 16:15:57,150 : INFO : SwitchController : <<<<<<< 's_flipper_right_lower_eos' active >>>>>>>
2026-03-02 16:15:57,150 : INFO : EventManager : Event: ======'machine_var_audits_switches_s_flipper_right_lower_eos'====== Args={'value': 253, 'prev_value': 252, 'change': 1}
2026-03-02 16:15:57,703 : INFO : SwitchController : <<<<<<< 's_flipper_right_lower' active >>>>>>>
2026-03-02 16:15:57,703 : INFO : EventManager : Event: ======'machine_var_audits_switches_s_flipper_right_lower'====== Args={'value': 334, 'prev_value': 333, 'change': 1}
2026-03-02 16:15:57,738 : INFO : SwitchController : <<<<<<< 's_flipper_right_lower_eos' inactive >>>>>>>
2026-03-02 16:15:57,740 : INFO : SwitchController : <<<<<<< 's_inlane_right_1' inactive >>>>>>>
2026-03-02 16:15:57,755 : INFO : SwitchController : <<<<<<< 's_inlane_right_1' active >>>>>>>
2026-03-02 16:15:57,755 : INFO : EventManager : Event: ======'sw_playfield_active'====== Args={}
2026-03-02 16:15:57,756 : INFO : EventManager : Event: ======'machine_var_audits_switches_s_inlane_right_1'====== Args={'value': 203, 'prev_value': 202, 'change': 1}
2026-03-02 16:15:57,759 : INFO : SwitchController : <<<<<<< 's_flipper_right_upper' active >>>>>>>
2026-03-02 16:15:57,760 : INFO : EventManager : Event: ======'machine_var_audits_switches_s_flipper_right_upper'====== Args={'value': 236, 'prev_value': 235, 'change': 1}
2026-03-02 16:15:57,797 : INFO : SwitchController : <<<<<<< 's_flipper_right_upper_eos' active >>>>>>>
2026-03-02 16:15:57,797 : INFO : EventManager : Event: ======'machine_var_audits_switches_s_flipper_right_upper_eos'====== Args={'value': 104, 'prev_value': 103, 'change': 1}
2026-03-02 16:15:57,861 : INFO : SwitchController : <<<<<<< 's_flipper_right_upper' inactive >>>>>>>
2026-03-02 16:15:57,868 : INFO : SwitchController : <<<<<<< 's_flipper_right_lower' inactive >>>>>>>
2026-03-02 16:15:57,957 : INFO : SwitchController : <<<<<<< 's_flipper_right_upper_eos' inactive >>>>>>>
2026-03-02 16:15:57,972 : INFO : SwitchController : <<<<<<< 's_flipper_right_lower_eos' active >>>>>>>
2026-03-02 16:15:57,972 : INFO : EventManager : Event: ======'machine_var_audits_switches_s_flipper_right_lower_eos'====== Args={'value': 254, 'prev_value': 253, 'change': 1}
2026-03-02 16:15:59,639 : INFO : SwitchController : <<<<<<< 's_flipper_right_lower' active >>>>>>>
2026-03-02 16:15:59,640 : INFO : EventManager : Event: ======'machine_var_audits_switches_s_flipper_right_lower'====== Args={'value': 335, 'prev_value': 334, 'change': 1}
2026-03-02 16:15:59,647 : INFO : SwitchController : <<<<<<< 's_flipper_right_lower' inactive >>>>>>>
2026-03-02 16:15:59,647 : INFO : SwitchController : <<<<<<< 's_flipper_right_lower' active >>>>>>>
2026-03-02 16:15:59,647 : INFO : EventManager : Event: ======'machine_var_audits_switches_s_flipper_right_lower'====== Args={'value': 336, 'prev_value': 335, 'change': 1}
2026-03-02 16:15:59,676 : INFO : SwitchController : <<<<<<< 's_flipper_right_lower_eos' inactive >>>>>>>
2026-03-02 16:15:59,681 : INFO : SwitchController : <<<<<<< 's_inlane_right_1' inactive >>>>>>>
2026-03-02 16:15:59,683 : INFO : SwitchController : <<<<<<< 's_flipper_right_upper' active >>>>>>>
2026-03-02 16:15:59,684 : INFO : EventManager : Event: ======'machine_var_audits_switches_s_flipper_right_upper'====== Args={'value': 237, 'prev_value': 236, 'change': 1}
2026-03-02 16:15:59,692 : INFO : SwitchController : <<<<<<< 's_inlane_right_1' active >>>>>>>
2026-03-02 16:15:59,692 : INFO : EventManager : Event: ======'sw_playfield_active'====== Args={}
2026-03-02 16:15:59,692 : INFO : EventManager : Event: ======'machine_var_audits_switches_s_inlane_right_1'====== Args={'value': 204, 'prev_value': 203, 'change': 1}
2026-03-02 16:15:59,710 : INFO : SwitchController : <<<<<<< 's_inlane_right_1' inactive >>>>>>>
2026-03-02 16:15:59,718 : INFO : SwitchController : <<<<<<< 's_inlane_right_1' active >>>>>>>
2026-03-02 16:15:59,718 : INFO : EventManager : Event: ======'sw_playfield_active'====== Args={}
2026-03-02 16:15:59,718 : INFO : EventManager : Event: ======'machine_var_audits_switches_s_inlane_right_1'====== Args={'value': 205, 'prev_value': 204, 'change': 1}
2026-03-02 16:15:59,718 : INFO : SwitchController : <<<<<<< 's_flipper_right_upper_eos' active >>>>>>>
2026-03-02 16:15:59,719 : INFO : EventManager : Event: ======'machine_var_audits_switches_s_flipper_right_upper_eos'====== Args={'value': 105, 'prev_value': 104, 'change': 1}
2026-03-02 16:15:59,863 : INFO : SwitchController : <<<<<<< 's_flipper_right_upper' inactive >>>>>>>
2026-03-02 16:15:59,870 : INFO : SwitchController : <<<<<<< 's_flipper_right_lower' inactive >>>>>>>
2026-03-02 16:15:59,962 : INFO : SwitchController : <<<<<<< 's_flipper_right_upper_eos' inactive >>>>>>>
2026-03-02 16:15:59,977 : INFO : SwitchController : <<<<<<< 's_flipper_right_lower_eos' active >>>>>>>
2026-03-02 16:15:59,977 : INFO : EventManager : Event: ======'machine_var_audits_switches_s_flipper_right_lower_eos'====== Args={'value': 255, 'prev_value': 254, 'change': 1}
2026-03-02 16:16:01,706 : INFO : SwitchController : <<<<<<< 's_flipper_right_lower' active >>>>>>>
2026-03-02 16:16:01,706 : INFO : EventManager : Event: ======'machine_var_audits_switches_s_flipper_right_lower'====== Args={'value': 337, 'prev_value': 336, 'change': 1}
2026-03-02 16:16:01,713 : INFO : SwitchController : <<<<<<< 's_flipper_right_lower' inactive >>>>>>>
2026-03-02 16:16:01,713 : INFO : SwitchController : <<<<<<< 's_flipper_right_lower' active >>>>>>>
2026-03-02 16:16:01,713 : INFO : EventManager : Event: ======'machine_var_audits_switches_s_flipper_right_lower'====== Args={'value': 338, 'prev_value': 337, 'change': 1}
2026-03-02 16:16:01,735 : INFO : SwitchController : <<<<<<< 's_flipper_right_upper' active >>>>>>>
2026-03-02 16:16:01,735 : INFO : EventManager : Event: ======'machine_var_audits_switches_s_flipper_right_upper'====== Args={'value': 238, 'prev_value': 237, 'change': 1}
2026-03-02 16:16:01,760 : INFO : SwitchController : <<<<<<< 's_inlane_right_1' inactive >>>>>>>
2026-03-02 16:16:01,766 : INFO : SwitchController : <<<<<<< 's_inlane_right_1' active >>>>>>>
2026-03-02 16:16:01,766 : INFO : EventManager : Event: ======'sw_playfield_active'====== Args={}
2026-03-02 16:16:01,766 : INFO : EventManager : Event: ======'machine_var_audits_switches_s_inlane_right_1'====== Args={'value': 206, 'prev_value': 205, 'change': 1}
2026-03-02 16:16:01,776 : INFO : SwitchController : <<<<<<< 's_flipper_right_upper_eos' active >>>>>>>
2026-03-02 16:16:01,777 : INFO : EventManager : Event: ======'machine_var_audits_switches_s_flipper_right_upper_eos'====== Args={'value': 106, 'prev_value': 105, 'change': 1}
2026-03-02 16:16:01,867 : INFO : SwitchController : <<<<<<< 's_flipper_right_upper' inactive >>>>>>>
2026-03-02 16:16:01,874 : INFO : SwitchController : <<<<<<< 's_flipper_right_lower' inactive >>>>>>>
2026-03-02 16:16:01,963 : INFO : SwitchController : <<<<<<< 's_flipper_right_upper_eos' inactive >>>>>>>
2026-03-02 16:16:02,591 : INFO : SwitchController : <<<<<<< 's_flipper_right_lower' active >>>>>>>
2026-03-02 16:16:02,591 : INFO : EventManager : Event: ======'machine_var_audits_switches_s_flipper_right_lower'====== Args={'value': 339, 'prev_value': 338, 'change': 1}
2026-03-02 16:16:02,624 : INFO : SwitchController : <<<<<<< 's_flipper_right_lower_eos' inactive >>>>>>>
2026-03-02 16:16:02,743 : INFO : SwitchController : <<<<<<< 's_flipper_right_lower' inactive >>>>>>>
2026-03-02 16:16:02,843 : INFO : SwitchController : <<<<<<< 's_flipper_right_lower_eos' active >>>>>>>
2026-03-02 16:16:02,843 : INFO : EventManager : Event: ======'machine_var_audits_switches_s_flipper_right_lower_eos'====== Args={'value': 256, 'prev_value': 255, 'change': 1}
2026-03-02 16:16:03,921 : INFO : SwitchController : <<<<<<< 's_flipper_right_lower' active >>>>>>>
2026-03-02 16:16:03,921 : INFO : EventManager : Event: ======'machine_var_audits_switches_s_flipper_right_lower'====== Args={'value': 340, 'prev_value': 339, 'change': 1}
2026-03-02 16:16:03,955 : INFO : SwitchController : <<<<<<< 's_flipper_right_lower_eos' inactive >>>>>>>
2026-03-02 16:16:03,957 : INFO : SwitchController : <<<<<<< 's_inlane_right_1' inactive >>>>>>>
2026-03-02 16:16:03,971 : INFO : SwitchController : <<<<<<< 's_inlane_right_1' active >>>>>>>
2026-03-02 16:16:03,971 : INFO : EventManager : Event: ======'sw_playfield_active'====== Args={}
2026-03-02 16:16:03,972 : INFO : EventManager : Event: ======'machine_var_audits_switches_s_inlane_right_1'====== Args={'value': 207, 'prev_value': 206, 'change': 1}
2026-03-02 16:16:04,558 : INFO : SwitchController : <<<<<<< 's_flipper_right_lower' inactive >>>>>>>
2026-03-02 16:16:04,655 : INFO : SwitchController : <<<<<<< 's_flipper_right_lower_eos' active >>>>>>>
2026-03-02 16:16:04,655 : INFO : EventManager : Event: ======'machine_var_audits_switches_s_flipper_right_lower_eos'====== Args={'value': 257, 'prev_value': 256, 'change': 1}
2026-03-02 16:16:05,196 : INFO : SwitchController : <<<<<<< 's_flipper_left' active >>>>>>>
2026-03-02 16:16:05,197 : INFO : EventManager : Event: ======'machine_var_audits_switches_s_flipper_left'====== Args={'value': 171, 'prev_value': 170, 'change': 1}
2026-03-02 16:16:05,218 : INFO : SwitchController : <<<<<<< 's_flipper_left_eos' inactive >>>>>>>
2026-03-02 16:16:05,221 : INFO : SwitchController : <<<<<<< 's_inlane_right_1' inactive >>>>>>>
2026-03-02 16:16:05,235 : INFO : SwitchController : <<<<<<< 's_inlane_right_1' active >>>>>>>
2026-03-02 16:16:05,235 : INFO : EventManager : Event: ======'sw_playfield_active'====== Args={}
2026-03-02 16:16:05,235 : INFO : EventManager : Event: ======'machine_var_audits_switches_s_inlane_right_1'====== Args={'value': 208, 'prev_value': 207, 'change': 1}
2026-03-02 16:16:05,923 : INFO : SwitchController : <<<<<<< 's_flipper_left' inactive >>>>>>>
2026-03-02 16:16:06,011 : INFO : SwitchController : <<<<<<< 's_flipper_left_eos' active >>>>>>>
2026-03-02 16:16:06,011 : INFO : EventManager : Event: ======'machine_var_audits_switches_s_flipper_left_eos'====== Args={'value': 151, 'prev_value': 150, 'change': 1}
2026-03-02 16:16:06,363 : INFO : SwitchController : <<<<<<< 's_flipper_right_lower' active >>>>>>>
2026-03-02 16:16:06,363 : INFO : EventManager : Event: ======'machine_var_audits_switches_s_flipper_right_lower'====== Args={'value': 341, 'prev_value': 340, 'change': 1}
2026-03-02 16:16:06,366 : INFO : SwitchController : <<<<<<< 's_flipper_right_lower' inactive >>>>>>>
2026-03-02 16:16:06,368 : INFO : SwitchController : <<<<<<< 's_flipper_right_lower' active >>>>>>>
2026-03-02 16:16:06,368 : INFO : EventManager : Event: ======'machine_var_audits_switches_s_flipper_right_lower'====== Args={'value': 342, 'prev_value': 341, 'change': 1}
2026-03-02 16:16:06,401 : INFO : SwitchController : <<<<<<< 's_flipper_right_lower_eos' inactive >>>>>>>
2026-03-02 16:16:06,545 : INFO : SwitchController : <<<<<<< 's_flipper_right_lower' inactive >>>>>>>
2026-03-02 16:16:06,642 : INFO : SwitchController : <<<<<<< 's_flipper_right_lower_eos' active >>>>>>>
2026-03-02 16:16:06,642 : INFO : EventManager : Event: ======'machine_var_audits_switches_s_flipper_right_lower_eos'====== Args={'value': 258, 'prev_value': 257, 'change': 1}
2026-03-02 16:16:06,930 : INFO : SwitchController : <<<<<<< 's_flipper_left' active >>>>>>>
2026-03-02 16:16:06,930 : INFO : EventManager : Event: ======'machine_var_audits_switches_s_flipper_left'====== Args={'value': 172, 'prev_value': 171, 'change': 1}
2026-03-02 16:16:06,958 : INFO : SwitchController : <<<<<<< 's_flipper_left_eos' inactive >>>>>>>
2026-03-02 16:16:07,059 : INFO : SwitchController : <<<<<<< 's_flipper_left' inactive >>>>>>>
2026-03-02 16:16:07,146 : INFO : SwitchController : <<<<<<< 's_flipper_left_eos' active >>>>>>>
2026-03-02 16:16:07,146 : INFO : EventManager : Event: ======'machine_var_audits_switches_s_flipper_left_eos'====== Args={'value': 152, 'prev_value': 151, 'change': 1}
2026-03-02 16:16:07,329 : INFO : SwitchController : <<<<<<< 's_sling_right' active >>>>>>>
2026-03-02 16:16:07,329 : INFO : EventManager : Event: ======'s_sling_right_active'====== Args={}
2026-03-02 16:16:07,329 : INFO : EventManager : Event: ======'machine_var_audits_switches_s_sling_right'====== Args={'value': 23, 'prev_value': 22, 'change': 1}
2026-03-02 16:16:07,330 : INFO : EventManager : Event: ======'machine_var_audits_shots_sling_right'====== Args={'value': 23, 'prev_value': 22, 'change': 1}
2026-03-02 16:16:07,330 : INFO : EventManager : Event: ======'sling_right_hit'====== Args={'profile': 'default', 'state': 'lit', 'advancing': False}
2026-03-02 16:16:07,330 : INFO : EventManager : Event: ======'sling_right_default_hit'====== Args={'profile': 'default', 'state': 'lit', 'advancing': False}
2026-03-02 16:16:07,330 : INFO : EventManager : Event: ======'sling_right_default_lit_hit'====== Args={'profile': 'default', 'state': 'lit', 'advancing': False}
2026-03-02 16:16:07,330 : INFO : EventManager : Event: ======'sling_right_lit_hit'====== Args={'profile': 'default', 'state': 'lit', 'advancing': False}
2026-03-02 16:16:07,330 : INFO : EventManager : Event: ======'slings_hit'====== Args={'shot': 'sling_right'}
2026-03-02 16:16:07,330 : INFO : EventManager : Event: ======'slings_lit_hit'====== Args={'shot': 'sling_right'}
2026-03-02 16:16:07,331 : INFO : EventManager : Event: ======'player_score'====== Args={'value': 900, 'prev_value': 800, 'change': 100, 'player_num': 1, 'source': 'bumpers'}
2026-03-02 16:16:07,345 : INFO : SwitchController : <<<<<<< 's_sling_right' inactive >>>>>>>
2026-03-02 16:16:07,345 : INFO : SwitchController : <<<<<<< 's_inlane_right_1' inactive >>>>>>>
2026-03-02 16:16:07,351 : INFO : SwitchController : <<<<<<< 's_inlane_right_1' active >>>>>>>
2026-03-02 16:16:07,351 : INFO : EventManager : Event: ======'sw_playfield_active'====== Args={}
2026-03-02 16:16:07,351 : INFO : EventManager : Event: ======'machine_var_audits_switches_s_inlane_right_1'====== Args={'value': 209, 'prev_value': 208, 'change': 1}
2026-03-02 16:16:07,421 : INFO : SwitchController : <<<<<<< 's_flipper_right_lower' active >>>>>>>
2026-03-02 16:16:07,421 : INFO : EventManager : Event: ======'machine_var_audits_switches_s_flipper_right_lower'====== Args={'value': 343, 'prev_value': 342, 'change': 1}
2026-03-02 16:16:07,453 : INFO : SwitchController : <<<<<<< 's_flipper_right_lower_eos' inactive >>>>>>>
2026-03-02 16:16:07,455 : INFO : SwitchController : <<<<<<< 's_inlane_right_1' inactive >>>>>>>
2026-03-02 16:16:07,469 : INFO : SwitchController : <<<<<<< 's_inlane_right_1' active >>>>>>>
2026-03-02 16:16:07,469 : INFO : EventManager : Event: ======'sw_playfield_active'====== Args={}
2026-03-02 16:16:07,469 : INFO : EventManager : Event: ======'machine_var_audits_switches_s_inlane_right_1'====== Args={'value': 210, 'prev_value': 209, 'change': 1}
2026-03-02 16:16:07,587 : INFO : SwitchController : <<<<<<< 's_flipper_right_lower' inactive >>>>>>>
2026-03-02 16:16:07,595 : INFO : SwitchController : <<<<<<< 's_flipper_left' active >>>>>>>
2026-03-02 16:16:07,595 : INFO : EventManager : Event: ======'machine_var_audits_switches_s_flipper_left'====== Args={'value': 173, 'prev_value': 172, 'change': 1}
2026-03-02 16:16:07,617 : INFO : SwitchController : <<<<<<< 's_flipper_left_eos' inactive >>>>>>>
2026-03-02 16:16:07,619 : INFO : SwitchController : <<<<<<< 's_inlane_right_1' inactive >>>>>>>
2026-03-02 16:16:07,632 : INFO : SwitchController : <<<<<<< 's_inlane_right_1' active >>>>>>>
2026-03-02 16:16:07,632 : INFO : EventManager : Event: ======'sw_playfield_active'====== Args={}
2026-03-02 16:16:07,632 : INFO : EventManager : Event: ======'machine_var_audits_switches_s_inlane_right_1'====== Args={'value': 211, 'prev_value': 210, 'change': 1}
2026-03-02 16:16:07,681 : INFO : SwitchController : <<<<<<< 's_flipper_right_lower_eos' active >>>>>>>
2026-03-02 16:16:07,682 : INFO : EventManager : Event: ======'machine_var_audits_switches_s_flipper_right_lower_eos'====== Args={'value': 259, 'prev_value': 258, 'change': 1}
2026-03-02 16:16:07,751 : INFO : SwitchController : <<<<<<< 's_flipper_left' inactive >>>>>>>
2026-03-02 16:16:07,767 : INFO : SwitchController : <<<<<<< 's_sling_right' active >>>>>>>
2026-03-02 16:16:07,767 : INFO : EventManager : Event: ======'s_sling_right_active'====== Args={}
2026-03-02 16:16:07,768 : INFO : EventManager : Event: ======'machine_var_audits_switches_s_sling_right'====== Args={'value': 24, 'prev_value': 23, 'change': 1}
2026-03-02 16:16:07,768 : INFO : EventManager : Event: ======'machine_var_audits_shots_sling_right'====== Args={'value': 24, 'prev_value': 23, 'change': 1}
2026-03-02 16:16:07,768 : INFO : EventManager : Event: ======'sling_right_hit'====== Args={'profile': 'default', 'state': 'lit', 'advancing': False}
2026-03-02 16:16:07,769 : INFO : EventManager : Event: ======'sling_right_default_hit'====== Args={'profile': 'default', 'state': 'lit', 'advancing': False}
2026-03-02 16:16:07,769 : INFO : EventManager : Event: ======'sling_right_default_lit_hit'====== Args={'profile': 'default', 'state': 'lit', 'advancing': False}
2026-03-02 16:16:07,769 : INFO : EventManager : Event: ======'sling_right_lit_hit'====== Args={'profile': 'default', 'state': 'lit', 'advancing': False}
2026-03-02 16:16:07,769 : INFO : EventManager : Event: ======'slings_hit'====== Args={'shot': 'sling_right'}
2026-03-02 16:16:07,769 : INFO : EventManager : Event: ======'slings_lit_hit'====== Args={'shot': 'sling_right'}
2026-03-02 16:16:07,769 : INFO : EventManager : Event: ======'player_score'====== Args={'value': 1000, 'prev_value': 900, 'change': 100, 'player_num': 1, 'source': 'bumpers'}
2026-03-02 16:16:07,784 : INFO : SwitchController : <<<<<<< 's_sling_right' inactive >>>>>>>
2026-03-02 16:16:07,791 : INFO : SwitchController : <<<<<<< 's_inlane_right_1' inactive >>>>>>>
2026-03-02 16:16:07,793 : INFO : SwitchController : <<<<<<< 's_inlane_right_1' active >>>>>>>
2026-03-02 16:16:07,793 : INFO : EventManager : Event: ======'sw_playfield_active'====== Args={}
2026-03-02 16:16:07,793 : INFO : EventManager : Event: ======'machine_var_audits_switches_s_inlane_right_1'====== Args={'value': 212, 'prev_value': 211, 'change': 1}
2026-03-02 16:16:07,839 : INFO : SwitchController : <<<<<<< 's_flipper_left_eos' active >>>>>>>
2026-03-02 16:16:07,840 : INFO : EventManager : Event: ======'machine_var_audits_switches_s_flipper_left_eos'====== Args={'value': 153, 'prev_value': 152, 'change': 1}
2026-03-02 16:16:07,844 : INFO : SwitchController : <<<<<<< 's_inlane_right_1' inactive >>>>>>>
2026-03-02 16:16:07,855 : INFO : SwitchController : <<<<<<< 's_inlane_right_1' active >>>>>>>
2026-03-02 16:16:07,855 : INFO : EventManager : Event: ======'sw_playfield_active'====== Args={}
2026-03-02 16:16:07,856 : INFO : EventManager : Event: ======'machine_var_audits_switches_s_inlane_right_1'====== Args={'value': 213, 'prev_value': 212, 'change': 1}
2026-03-02 16:16:08,308 : INFO : SwitchController : <<<<<<< 's_flipper_right_lower' active >>>>>>>
2026-03-02 16:16:08,308 : INFO : EventManager : Event: ======'machine_var_audits_switches_s_flipper_right_lower'====== Args={'value': 344, 'prev_value': 343, 'change': 1}
2026-03-02 16:16:08,342 : INFO : SwitchController : <<<<<<< 's_flipper_right_lower_eos' inactive >>>>>>>
2026-03-02 16:16:08,344 : INFO : SwitchController : <<<<<<< 's_inlane_right_1' inactive >>>>>>>
2026-03-02 16:16:08,359 : INFO : SwitchController : <<<<<<< 's_inlane_right_1' active >>>>>>>
2026-03-02 16:16:08,359 : INFO : EventManager : Event: ======'sw_playfield_active'====== Args={}
2026-03-02 16:16:08,359 : INFO : EventManager : Event: ======'machine_var_audits_switches_s_inlane_right_1'====== Args={'value': 214, 'prev_value': 213, 'change': 1}
2026-03-02 16:16:08,477 : INFO : SwitchController : <<<<<<< 's_flipper_right_lower' inactive >>>>>>>
2026-03-02 16:16:08,578 : INFO : SwitchController : <<<<<<< 's_flipper_right_lower_eos' active >>>>>>>
2026-03-02 16:16:08,578 : INFO : EventManager : Event: ======'machine_var_audits_switches_s_flipper_right_lower_eos'====== Args={'value': 260, 'prev_value': 259, 'change': 1}
2026-03-02 16:16:12,506 : INFO : SwitchController : <<<<<<< 's_flipper_right_lower' active >>>>>>>
2026-03-02 16:16:12,506 : INFO : EventManager : Event: ======'machine_var_audits_switches_s_flipper_right_lower'====== Args={'value': 345, 'prev_value': 344, 'change': 1}
2026-03-02 16:16:12,531 : INFO : SwitchController : <<<<<<< 's_flipper_right_upper' active >>>>>>>
2026-03-02 16:16:12,531 : INFO : EventManager : Event: ======'machine_var_audits_switches_s_flipper_right_upper'====== Args={'value': 239, 'prev_value': 238, 'change': 1}
2026-03-02 16:16:12,557 : INFO : SwitchController : <<<<<<< 's_inlane_right_1' inactive >>>>>>>
2026-03-02 16:16:12,564 : INFO : SwitchController : <<<<<<< 's_inlane_right_1' active >>>>>>>
2026-03-02 16:16:12,565 : INFO : EventManager : Event: ======'sw_playfield_active'====== Args={}
2026-03-02 16:16:12,565 : INFO : EventManager : Event: ======'machine_var_audits_switches_s_inlane_right_1'====== Args={'value': 215, 'prev_value': 214, 'change': 1}
2026-03-02 16:16:12,572 : INFO : SwitchController : <<<<<<< 's_flipper_right_upper_eos' active >>>>>>>
2026-03-02 16:16:12,573 : INFO : EventManager : Event: ======'machine_var_audits_switches_s_flipper_right_upper_eos'====== Args={'value': 107, 'prev_value': 106, 'change': 1}
2026-03-02 16:16:12,663 : INFO : SwitchController : <<<<<<< 's_flipper_right_upper' inactive >>>>>>>
2026-03-02 16:16:12,690 : INFO : SwitchController : <<<<<<< 's_flipper_right_lower' inactive >>>>>>>
2026-03-02 16:16:12,762 : INFO : SwitchController : <<<<<<< 's_flipper_right_upper_eos' inactive >>>>>>>
2026-03-02 16:16:14,738 : INFO : SwitchController : <<<<<<< 's_flipper_left' active >>>>>>>
2026-03-02 16:16:14,739 : INFO : EventManager : Event: ======'machine_var_audits_switches_s_flipper_left'====== Args={'value': 174, 'prev_value': 173, 'change': 1}
2026-03-02 16:16:14,761 : INFO : SwitchController : <<<<<<< 's_flipper_left_eos' inactive >>>>>>>
2026-03-02 16:16:15,119 : INFO : SwitchController : <<<<<<< 's_flipper_left' inactive >>>>>>>
2026-03-02 16:16:15,207 : INFO : SwitchController : <<<<<<< 's_flipper_left_eos' active >>>>>>>
2026-03-02 16:16:15,207 : INFO : EventManager : Event: ======'machine_var_audits_switches_s_flipper_left_eos'====== Args={'value': 154, 'prev_value': 153, 'change': 1}
2026-03-02 16:16:16,618 : INFO : SwitchController : <<<<<<< 's_flipper_left' active >>>>>>>
2026-03-02 16:16:16,618 : INFO : EventManager : Event: ======'machine_var_audits_switches_s_flipper_left'====== Args={'value': 175, 'prev_value': 174, 'change': 1}
2026-03-02 16:16:16,652 : INFO : SwitchController : <<<<<<< 's_flipper_left_eos' inactive >>>>>>>
2026-03-02 16:16:16,752 : INFO : SwitchController : <<<<<<< 's_flipper_left' inactive >>>>>>>
2026-03-02 16:16:16,837 : INFO : SwitchController : <<<<<<< 's_flipper_left_eos' active >>>>>>>
2026-03-02 16:16:16,837 : INFO : EventManager : Event: ======'machine_var_audits_switches_s_flipper_left_eos'====== Args={'value': 155, 'prev_value': 154, 'change': 1}
2026-03-02 16:16:19,027 : INFO : SwitchController : <<<<<<< 's_flipper_right_lower' active >>>>>>>
2026-03-02 16:16:19,028 : INFO : EventManager : Event: ======'machine_var_audits_switches_s_flipper_right_lower'====== Args={'value': 346, 'prev_value': 345, 'change': 1}
2026-03-02 16:16:19,168 : INFO : SwitchController : <<<<<<< 's_flipper_right_lower' inactive >>>>>>>
2026-03-02 16:16:19,469 : INFO : SwitchController : <<<<<<< 's_flipper_right_lower' active >>>>>>>
2026-03-02 16:16:19,469 : INFO : EventManager : Event: ======'machine_var_audits_switches_s_flipper_right_lower'====== Args={'value': 347, 'prev_value': 346, 'change': 1}
2026-03-02 16:16:19,501 : INFO : SwitchController : <<<<<<< 's_flipper_right_lower_eos' inactive >>>>>>>
2026-03-02 16:16:19,503 : INFO : SwitchController : <<<<<<< 's_inlane_right_1' inactive >>>>>>>
2026-03-02 16:16:19,517 : INFO : SwitchController : <<<<<<< 's_inlane_right_1' active >>>>>>>
2026-03-02 16:16:19,518 : INFO : EventManager : Event: ======'sw_playfield_active'====== Args={}
2026-03-02 16:16:19,518 : INFO : EventManager : Event: ======'machine_var_audits_switches_s_inlane_right_1'====== Args={'value': 216, 'prev_value': 215, 'change': 1}
2026-03-02 16:16:19,644 : INFO : SwitchController : <<<<<<< 's_flipper_right_lower' inactive >>>>>>>
2026-03-02 16:16:19,746 : INFO : SwitchController : <<<<<<< 's_flipper_right_lower_eos' active >>>>>>>
2026-03-02 16:16:19,746 : INFO : EventManager : Event: ======'machine_var_audits_switches_s_flipper_right_lower_eos'====== Args={'value': 261, 'prev_value': 260, 'change': 1}
2026-03-02 16:16:20,396 : INFO : SwitchController : <<<<<<< 's_flipper_right_lower' active >>>>>>>
2026-03-02 16:16:20,396 : INFO : EventManager : Event: ======'machine_var_audits_switches_s_flipper_right_lower'====== Args={'value': 348, 'prev_value': 347, 'change': 1}
2026-03-02 16:16:20,433 : INFO : SwitchController : <<<<<<< 's_flipper_right_lower_eos' inactive >>>>>>>
2026-03-02 16:16:20,435 : INFO : SwitchController : <<<<<<< 's_inlane_right_1' inactive >>>>>>>
2026-03-02 16:16:20,448 : INFO : SwitchController : <<<<<<< 's_inlane_right_1' active >>>>>>>
2026-03-02 16:16:20,448 : INFO : EventManager : Event: ======'sw_playfield_active'====== Args={}
2026-03-02 16:16:20,449 : INFO : EventManager : Event: ======'machine_var_audits_switches_s_inlane_right_1'====== Args={'value': 217, 'prev_value': 216, 'change': 1}
2026-03-02 16:16:20,490 : INFO : SwitchController : <<<<<<< 's_flipper_left' active >>>>>>>
2026-03-02 16:16:20,490 : INFO : EventManager : Event: ======'machine_var_audits_switches_s_flipper_left'====== Args={'value': 176, 'prev_value': 175, 'change': 1}
2026-03-02 16:16:20,513 : INFO : SwitchController : <<<<<<< 's_flipper_left_eos' inactive >>>>>>>
2026-03-02 16:16:20,517 : INFO : SwitchController : <<<<<<< 's_inlane_right_1' inactive >>>>>>>
2026-03-02 16:16:20,528 : INFO : SwitchController : <<<<<<< 's_inlane_right_1' active >>>>>>>
2026-03-02 16:16:20,528 : INFO : EventManager : Event: ======'sw_playfield_active'====== Args={}
2026-03-02 16:16:20,528 : INFO : EventManager : Event: ======'machine_var_audits_switches_s_inlane_right_1'====== Args={'value': 218, 'prev_value': 217, 'change': 1}
2026-03-02 16:16:20,547 : INFO : SwitchController : <<<<<<< 's_flipper_right_lower' inactive >>>>>>>
2026-03-02 16:16:20,621 : INFO : SwitchController : <<<<<<< 's_flipper_left' inactive >>>>>>>
2026-03-02 16:16:20,661 : INFO : SwitchController : <<<<<<< 's_flipper_right_lower_eos' active >>>>>>>
2026-03-02 16:16:20,661 : INFO : EventManager : Event: ======'machine_var_audits_switches_s_flipper_right_lower_eos'====== Args={'value': 262, 'prev_value': 261, 'change': 1}
2026-03-02 16:16:20,710 : INFO : SwitchController : <<<<<<< 's_flipper_left_eos' active >>>>>>>
2026-03-02 16:16:20,710 : INFO : EventManager : Event: ======'machine_var_audits_switches_s_flipper_left_eos'====== Args={'value': 156, 'prev_value': 155, 'change': 1}
2026-03-02 16:16:21,275 : INFO : SwitchController : <<<<<<< 's_inlane_right_1' inactive >>>>>>>
2026-03-02 16:16:21,279 : INFO : SwitchController : <<<<<<< 's_inlane_right_1' active >>>>>>>
2026-03-02 16:16:21,279 : INFO : EventManager : Event: ======'sw_playfield_active'====== Args={}
2026-03-02 16:16:21,279 : INFO : EventManager : Event: ======'machine_var_audits_switches_s_inlane_right_1'====== Args={'value': 219, 'prev_value': 218, 'change': 1}
2026-03-02 16:16:21,409 : INFO : SwitchController : <<<<<<< 's_trough_6' active >>>>>>>
2026-03-02 16:16:21,409 : INFO : EventManager : Event: ======'machine_var_audits_switches_s_trough_6'====== Args={'value': 35, 'prev_value': 34, 'change': 1}
2026-03-02 16:16:21,910 : INFO : EventManager : Event: ======'balldevice_bd_trough_ball_count_changed'====== Args={'balls': 6}
2026-03-02 16:16:21,910 : INFO : ball_device.bd_trough : Received unexpected ball
2026-03-02 16:16:21,910 : INFO : EventManager : Event: ======'balldevice_captured_from_playfield'====== Args={'balls': 1}
2026-03-02 16:16:21,910 : INFO : EventManager : Event: ======'sw_playfield_active'====== Args={'balls': 1}
2026-03-02 16:16:21,910 : INFO : EventManager : Event: ======'playfield_ball_count_change'====== Args={'balls': 0, 'change': -1}
2026-03-02 16:16:21,911 : INFO : EventManager : Event: ======'balldevice_bd_trough_ball_enter'====== Args={'new_balls': 1, 'unclaimed_balls': 1, 'new_available_balls': 1, 'device': <ball_device.bd_trough>}
2026-03-02 16:16:21,911 : INFO : EventManager : Event: ======'ball_drain'====== Args={'device': <ball_device.bd_trough>, 'balls': 1}
2026-03-02 16:16:21,911 : INFO : EventManager : Event: ======'ball_will_end'====== Args={}
2026-03-02 16:16:21,911 : INFO : EventManager : Event: ======'balldevice_balls_available'====== Args={}
2026-03-02 16:16:21,911 : INFO : EventManager : Event: ======'balldevice_bd_trough_ball_entered'====== Args={'new_balls': 1, 'device': <ball_device.bd_trough>}
2026-03-02 16:16:21,912 : INFO : EventManager : Event: ======'mode_base_will_stop'====== Args={}
2026-03-02 16:16:21,912 : INFO : EventManager : Event: ======'mode_base_stopping'====== Args={}
2026-03-02 16:16:21,912 : INFO : EventManager : Event: ======'stop_mode_bumpers'====== Args={'priority': 0}
2026-03-02 16:16:21,912 : INFO : EventManager : Event: ======'mode_bumpers_will_stop'====== Args={}
2026-03-02 16:16:21,912 : INFO : EventManager : Event: ======'mode_bumpers_stopping'====== Args={}
2026-03-02 16:16:21,912 : INFO : Mode.base : Stopped.
2026-03-02 16:16:21,912 : INFO : EventManager : Event: ======'modes_active_modes_changed'====== Args={}
2026-03-02 16:16:21,913 : INFO : EventManager : Event: ======'mode_base_stopped'====== Args={}
2026-03-02 16:16:21,913 : INFO : EventManager : Event: ======'clear'====== Args={'key': 'base'}
2026-03-02 16:16:21,913 : INFO : Mode.bumpers : Stopped.
2026-03-02 16:16:21,913 : INFO : EventManager : Event: ======'modes_active_modes_changed'====== Args={}
2026-03-02 16:16:21,913 : INFO : EventManager : Event: ======'mode_bumpers_stopped'====== Args={}
2026-03-02 16:16:21,914 : INFO : EventManager : Event: ======'clear'====== Args={'key': 'bumpers'}
2026-03-02 16:16:21,914 : INFO : EventManager : Event: ======'ball_ending'====== Args={}
2026-03-02 16:16:21,915 : INFO : EventManager : Event: ======'ball_ended'====== Args={}
2026-03-02 16:16:21,917 : INFO : EventManager : Event: ======'player_turn_will_end'====== Args={'player': <Player 1>, 'number': 1}
2026-03-02 16:16:21,917 : INFO : EventManager : Event: ======'player_turn_ending'====== Args={'player': <Player 1>, 'number': 1}
2026-03-02 16:16:21,917 : INFO : EventManager : Event: ======'player_turn_ended'====== Args={'player': <Player 1>, 'number': 1}
2026-03-02 16:16:21,918 : INFO : EventManager : Event: ======'player_turn_will_start'====== Args={'player': <Player 1>, 'number': 1}
2026-03-02 16:16:21,918 : INFO : EventManager : Event: ======'player_turn_starting'====== Args={'player': <Player 1>, 'number': 1}
2026-03-02 16:16:21,918 : INFO : EventManager : Event: ======'player_ball'====== Args={'value': 2, 'prev_value': 1, 'change': 1, 'player_num': 1}
2026-03-02 16:16:21,919 : INFO : EventManager : Event: ======'player_turn_started'====== Args={'player': <Player 1>, 'number': 1}
2026-03-02 16:16:21,920 : INFO : EventManager : Event: ======'ball_will_start'====== Args={'player': 1, 'ball': 2, 'balls_remaining': 1, 'is_extra_ball': False}
2026-03-02 16:16:21,920 : INFO : EventManager : Event: ======'ball_starting'====== Args={'player': 1, 'ball': 2, 'balls_remaining': 1, 'is_extra_ball': False}
2026-03-02 16:16:21,921 : INFO : EventManager : Event: ======'mode_base_will_start'====== Args={'queue': <QueuedEvent>, 'player': 1, 'ball': 2, 'balls_remaining': 1, 'is_extra_ball': False}
2026-03-02 16:16:21,922 : INFO : EventManager : Event: ======'mode_base_starting'====== Args={'queue': <QueuedEvent>, 'player': 1, 'ball': 2, 'balls_remaining': 1, 'is_extra_ball': False}
2026-03-02 16:16:21,922 : INFO : Mode.base : Started. Priority: 100
2026-03-02 16:16:21,922 : INFO : EventManager : Event: ======'modes_active_modes_changed'====== Args={}
2026-03-02 16:16:21,923 : INFO : EventManager : Event: ======'mode_base_started'====== Args={'queue': <QueuedEvent>, 'player': 1, 'ball': 2, 'balls_remaining': 1, 'is_extra_ball': False}
2026-03-02 16:16:21,923 : INFO : EventManager : Event: ======'start_mode_bumpers'====== Args={'priority': 0}
2026-03-02 16:16:21,925 : INFO : EventManager : Event: ======'mode_bumpers_will_start'====== Args={'priority': 0}
2026-03-02 16:16:21,928 : INFO : EventManager : Event: ======'mode_bumpers_starting'====== Args={'priority': 0}
2026-03-02 16:16:21,928 : INFO : Mode.bumpers : Started. Priority: 200
2026-03-02 16:16:21,928 : INFO : EventManager : Event: ======'modes_active_modes_changed'====== Args={}
2026-03-02 16:16:21,928 : INFO : EventManager : Event: ======'mode_bumpers_started'====== Args={'priority': 0}
2026-03-02 16:16:21,929 : INFO : EventManager : Event: ======'balls_in_play'====== Args={'balls': 1}
2026-03-02 16:16:21,930 : INFO : EventManager : Event: ======'ball_started'====== Args={'player': 1, 'ball': 2, 'balls_remaining': 1, 'is_extra_ball': False}
2026-03-02 16:16:21,938 : INFO : EventManager : Event: ======'single_player_ball_started'====== Args={}
2026-03-02 16:16:21,939 : INFO : EventManager : Event: ======'ball_start_target'====== Args={'target': 'playfield'}
2026-03-02 16:16:21,940 : INFO : ball_device.bd_plunger : Setting up player-controlled eject. Balls: 1, Target: <playfield.playfield>, player_controlled_eject_event: None
2026-03-02 16:16:21,940 : INFO : EventManager : Event: ======'balldevice_balls_available'====== Args={}
2026-03-02 16:16:21,941 : INFO : ball_device.bd_trough : State: waiting_for_target_ready
2026-03-02 16:16:21,942 : INFO : EventManager : Event: ======'balldevice_bd_trough_ball_eject_attempt'====== Args={'balls': 1, 'target': <ball_device.bd_plunger>, 'source': <ball_device.bd_trough>, 'mechanical_eject': True, 'num_attempts': 0}
2026-03-02 16:16:21,942 : INFO : ball_device.bd_plunger : State: waiting_for_ball
2026-03-02 16:16:21,942 : INFO : ball_device.bd_trough : State: ejecting
2026-03-02 16:16:21,942 : INFO : ball_device.bd_trough : Ejecting ball to <ball_device.bd_plunger>
2026-03-02 16:16:21,943 : INFO : EventManager : Event: ======'balldevice_bd_trough_ejecting_ball'====== Args={'balls': 1, 'target': <ball_device.bd_plunger>, 'source': <ball_device.bd_trough>, 'mechanical_eject': True, 'num_attempts': 0}
2026-03-02 16:16:21,943 : INFO : ball_device.bd_trough : Wait for ball to leave device
2026-03-02 16:16:21,944 : INFO : coil.c_trough_eject : Pulsing Driver for 20ms (1.0 pulse_power)
2026-03-02 16:16:21,971 : INFO : SwitchController : <<<<<<< 's_trough_1' inactive >>>>>>>
2026-03-02 16:16:21,971 : INFO : SwitchController : <<<<<<< 's_trough_7' active >>>>>>>
2026-03-02 16:16:21,971 : INFO : EventManager : Event: ======'machine_var_audits_switches_s_trough_7'====== Args={'value': 19, 'prev_value': 18, 'change': 1}
2026-03-02 16:16:21,972 : INFO : ball_device.bd_trough : State: ball_left
2026-03-02 16:16:21,972 : INFO : ball_device.bd_trough : Ball left
2026-03-02 16:16:21,972 : INFO : ball_device.bd_trough : Wait for confirm with timeout 3.0
2026-03-02 16:16:21,987 : INFO : SwitchController : <<<<<<< 's_inlane_right_1' inactive >>>>>>>
2026-03-02 16:16:21,988 : INFO : SwitchController : <<<<<<< 's_trough_7' inactive >>>>>>>
2026-03-02 16:16:21,988 : INFO : SwitchController : <<<<<<< 's_inlane_right_1' active >>>>>>>
2026-03-02 16:16:21,988 : INFO : EventManager : Event: ======'sw_playfield_active'====== Args={}
2026-03-02 16:16:21,988 : INFO : EventManager : Event: ======'machine_var_audits_switches_s_inlane_right_1'====== Args={'value': 220, 'prev_value': 219, 'change': 1}
2026-03-02 16:16:21,988 : INFO : EventManager : Event: ======'playfield_active'====== Args={'source': None}
2026-03-02 16:16:21,989 : INFO : EventManager : Event: ======'unexpected_ball_on_playfield'====== Args={}
2026-03-02 16:16:21,989 : INFO : EventManager : Event: ======'slide_base_slide_created'====== Args={'_from_bcp': True}
2026-03-02 16:16:21,989 : INFO : EventManager : Event: ======'slide_base_slide_inactive'====== Args={'is_removing': True, '_from_bcp': True}
2026-03-02 16:16:21,989 : INFO : EventManager : Event: ======'slide_base_slide_active'====== Args={'original_context': 'base', 'original_calling_context': 'mode_base_started', 'priority': 100.0, 'queue': '<QueuedEvent>', 'player': 1.0, 'ball': 2.0, 'balls_remaining': 1.0, 'is_extra_ball': False, 'cmd': 'slides_play', '_from_bcp': True}
2026-03-02 16:16:21,990 : INFO : EventManager : Event: ======'slide_base_slide_removed'====== Args={'_from_bcp': True}
2026-03-02 16:16:22,116 : INFO : SwitchController : <<<<<<< 's_plunger' active >>>>>>>
2026-03-02 16:16:22,116 : INFO : EventManager : Event: ======'machine_var_audits_switches_s_plunger'====== Args={'value': 22, 'prev_value': 21, 'change': 1}
2026-03-02 16:16:22,188 : INFO : SwitchController : <<<<<<< 's_trough_4' inactive >>>>>>>
2026-03-02 16:16:22,189 : INFO : SwitchController : <<<<<<< 's_trough_2' inactive >>>>>>>
2026-03-02 16:16:22,190 : INFO : SwitchController : <<<<<<< 's_trough_5' inactive >>>>>>>
2026-03-02 16:16:22,191 : INFO : SwitchController : <<<<<<< 's_trough_3' inactive >>>>>>>
2026-03-02 16:16:22,192 : INFO : SwitchController : <<<<<<< 's_trough_6' inactive >>>>>>>
2026-03-02 16:16:22,207 : INFO : SwitchController : <<<<<<< 's_trough_1' active >>>>>>>
2026-03-02 16:16:22,207 : INFO : EventManager : Event: ======'machine_var_audits_switches_s_trough_1'====== Args={'value': 16, 'prev_value': 15, 'change': 1}
2026-03-02 16:16:22,209 : INFO : SwitchController : <<<<<<< 's_trough_3' active >>>>>>>
2026-03-02 16:16:22,210 : INFO : EventManager : Event: ======'machine_var_audits_switches_s_trough_3'====== Args={'value': 31, 'prev_value': 30, 'change': 1}
2026-03-02 16:16:22,210 : INFO : SwitchController : <<<<<<< 's_trough_4' active >>>>>>>
2026-03-02 16:16:22,210 : INFO : EventManager : Event: ======'machine_var_audits_switches_s_trough_4'====== Args={'value': 30, 'prev_value': 29, 'change': 1}
2026-03-02 16:16:22,211 : INFO : SwitchController : <<<<<<< 's_trough_2' active >>>>>>>
2026-03-02 16:16:22,212 : INFO : EventManager : Event: ======'machine_var_audits_switches_s_trough_2'====== Args={'value': 26, 'prev_value': 25, 'change': 1}
2026-03-02 16:16:22,213 : INFO : SwitchController : <<<<<<< 's_trough_5' active >>>>>>>
2026-03-02 16:16:22,214 : INFO : EventManager : Event: ======'machine_var_audits_switches_s_trough_5'====== Args={'value': 32, 'prev_value': 31, 'change': 1}
2026-03-02 16:16:22,617 : INFO : ball_device.bd_plunger : Received ball from <ball_device.bd_trough>
2026-03-02 16:16:22,617 : INFO : EventManager : Event: ======'balldevice_bd_plunger_ball_enter'====== Args={'new_balls': 1, 'unclaimed_balls': 0, 'new_available_balls': 0, 'device': <ball_device.bd_plunger>}
2026-03-02 16:16:22,618 : INFO : EventManager : Event: ======'balldevice_bd_plunger_ball_entered'====== Args={'new_balls': 0, 'device': <ball_device.bd_plunger>}
2026-03-02 16:16:22,618 : INFO : EventManager : Event: ======'balldevice_bd_plunger_ball_count_changed'====== Args={'balls': 1}
2026-03-02 16:16:22,619 : INFO : ball_device.bd_trough : Got eject confirm
2026-03-02 16:16:22,619 : INFO : ball_device.bd_trough : Eject successful
2026-03-02 16:16:22,619 : INFO : EventManager : Event: ======'balldevice_bd_trough_ball_eject_success'====== Args={'balls': 1, 'target': <ball_device.bd_plunger>}
2026-03-02 16:16:22,620 : INFO : ball_device.bd_plunger : State: waiting_for_target_ready
2026-03-02 16:16:22,621 : INFO : EventManager : Event: ======'balldevice_bd_plunger_ball_eject_attempt'====== Args={'balls': 1, 'target': <playfield.playfield>, 'source': <ball_device.bd_plunger>, 'mechanical_eject': True, 'num_attempts': 0}
2026-03-02 16:16:22,621 : INFO : EventManager : Event: ======'balldevice_bd_trough_ball_count_changed'====== Args={'balls': 5}
2026-03-02 16:16:22,621 : INFO : ball_device.bd_trough : State: idle
2026-03-02 16:16:22,622 : INFO : ball_device.bd_plunger : State: ejecting
2026-03-02 16:16:22,622 : INFO : ball_device.bd_plunger : Ejecting ball to <playfield.playfield>
2026-03-02 16:16:22,622 : INFO : EventManager : Event: ======'balldevice_bd_plunger_ejecting_ball'====== Args={'balls': 1, 'target': <playfield.playfield>, 'source': <ball_device.bd_plunger>, 'mechanical_eject': True, 'num_attempts': 0}
2026-03-02 16:16:22,623 : INFO : ball_device.bd_plunger : Wait for ball to leave device
2026-03-02 16:16:23,727 : INFO : SwitchController : <<<<<<< 's_plunger' inactive >>>>>>>
2026-03-02 16:16:23,728 : INFO : ball_device.bd_plunger : State: ball_left
2026-03-02 16:16:23,728 : INFO : ball_device.bd_plunger : Ball left
2026-03-02 16:16:23,728 : INFO : ball_device.bd_plunger : Wait for confirm with timeout 5.0
2026-03-02 16:16:23,744 : INFO : SwitchController : <<<<<<< 's_plunger' active >>>>>>>
2026-03-02 16:16:23,744 : INFO : EventManager : Event: ======'machine_var_audits_switches_s_plunger'====== Args={'value': 23, 'prev_value': 22, 'change': 1}
2026-03-02 16:16:23,745 : INFO : SwitchController : <<<<<<< 's_plunger' inactive >>>>>>>
2026-03-02 16:16:24,878 : INFO : SwitchController : <<<<<<< 's_flipper_right_lower' active >>>>>>>
2026-03-02 16:16:24,878 : INFO : EventManager : Event: ======'machine_var_audits_switches_s_flipper_right_lower'====== Args={'value': 349, 'prev_value': 348, 'change': 1}
2026-03-02 16:16:24,911 : INFO : SwitchController : <<<<<<< 's_flipper_right_lower_eos' inactive >>>>>>>
2026-03-02 16:16:24,912 : INFO : SwitchController : <<<<<<< 's_inlane_right_1' inactive >>>>>>>
2026-03-02 16:16:24,930 : INFO : SwitchController : <<<<<<< 's_inlane_right_1' active >>>>>>>
2026-03-02 16:16:24,930 : INFO : EventManager : Event: ======'sw_playfield_active'====== Args={}
2026-03-02 16:16:24,930 : INFO : EventManager : Event: ======'machine_var_audits_switches_s_inlane_right_1'====== Args={'value': 221, 'prev_value': 220, 'change': 1}
2026-03-02 16:16:24,931 : INFO : EventManager : Event: ======'playfield_active'====== Args={'source': None}
2026-03-02 16:16:24,931 : INFO : ball_device.bd_plunger : Got eject confirm
2026-03-02 16:16:24,931 : INFO : ball_device.bd_plunger : Eject successful
2026-03-02 16:16:24,931 : INFO : EventManager : Event: ======'balldevice_bd_plunger_ball_eject_success'====== Args={'balls': 1, 'target': <playfield.playfield>}
2026-03-02 16:16:24,931 : INFO : EventManager : Event: ======'balldevice_playfield_ball_enter'====== Args={'new_balls': 1, 'unclaimed_balls': 1, 'device': <playfield.playfield>}
2026-03-02 16:16:24,932 : INFO : EventManager : Event: ======'playfield_ball_count_change'====== Args={'balls': 1, 'change': 1}
2026-03-02 16:16:24,932 : INFO : EventManager : Event: ======'balldevice_bd_plunger_ball_count_changed'====== Args={'balls': 0}
2026-03-02 16:16:24,932 : INFO : ball_device.bd_plunger : State: idle
2026-03-02 16:16:25,041 : INFO : SwitchController : <<<<<<< 's_flipper_right_lower' inactive >>>>>>>
2026-03-02 16:16:25,071 : INFO : SwitchController : <<<<<<< 's_flipper_left' active >>>>>>>
2026-03-02 16:16:25,072 : INFO : EventManager : Event: ======'machine_var_audits_switches_s_flipper_left'====== Args={'value': 177, 'prev_value': 176, 'change': 1}
2026-03-02 16:16:25,095 : INFO : SwitchController : <<<<<<< 's_flipper_left_eos' inactive >>>>>>>
2026-03-02 16:16:25,098 : INFO : SwitchController : <<<<<<< 's_inlane_right_1' inactive >>>>>>>
2026-03-02 16:16:25,124 : INFO : SwitchController : <<<<<<< 's_inlane_right_1' active >>>>>>>
2026-03-02 16:16:25,124 : INFO : EventManager : Event: ======'sw_playfield_active'====== Args={}
2026-03-02 16:16:25,124 : INFO : EventManager : Event: ======'machine_var_audits_switches_s_inlane_right_1'====== Args={'value': 222, 'prev_value': 221, 'change': 1}
2026-03-02 16:16:25,142 : INFO : SwitchController : <<<<<<< 's_flipper_right_lower_eos' active >>>>>>>
2026-03-02 16:16:25,142 : INFO : EventManager : Event: ======'machine_var_audits_switches_s_flipper_right_lower_eos'====== Args={'value': 263, 'prev_value': 262, 'change': 1}
2026-03-02 16:16:25,232 : INFO : SwitchController : <<<<<<< 's_flipper_left' inactive >>>>>>>
2026-03-02 16:16:25,316 : INFO : SwitchController : <<<<<<< 's_flipper_right_lower' active >>>>>>>
2026-03-02 16:16:25,316 : INFO : EventManager : Event: ======'machine_var_audits_switches_s_flipper_right_lower'====== Args={'value': 350, 'prev_value': 349, 'change': 1}
2026-03-02 16:16:25,319 : INFO : SwitchController : <<<<<<< 's_flipper_left_eos' active >>>>>>>
2026-03-02 16:16:25,319 : INFO : EventManager : Event: ======'machine_var_audits_switches_s_flipper_left_eos'====== Args={'value': 157, 'prev_value': 156, 'change': 1}
2026-03-02 16:16:25,331 : INFO : SwitchController : <<<<<<< 's_flipper_right_upper' active >>>>>>>
2026-03-02 16:16:25,332 : INFO : EventManager : Event: ======'machine_var_audits_switches_s_flipper_right_upper'====== Args={'value': 240, 'prev_value': 239, 'change': 1}
2026-03-02 16:16:25,350 : INFO : SwitchController : <<<<<<< 's_flipper_right_lower_eos' inactive >>>>>>>
2026-03-02 16:16:25,352 : INFO : SwitchController : <<<<<<< 's_inlane_right_1' inactive >>>>>>>
2026-03-02 16:16:25,366 : INFO : SwitchController : <<<<<<< 's_inlane_right_1' active >>>>>>>
2026-03-02 16:16:25,366 : INFO : EventManager : Event: ======'sw_playfield_active'====== Args={}
2026-03-02 16:16:25,366 : INFO : EventManager : Event: ======'machine_var_audits_switches_s_inlane_right_1'====== Args={'value': 223, 'prev_value': 222, 'change': 1}
2026-03-02 16:16:25,367 : INFO : SwitchController : <<<<<<< 's_flipper_right_upper_eos' active >>>>>>>
2026-03-02 16:16:25,367 : INFO : EventManager : Event: ======'machine_var_audits_switches_s_flipper_right_upper_eos'====== Args={'value': 108, 'prev_value': 107, 'change': 1}
2026-03-02 16:16:25,470 : INFO : SwitchController : <<<<<<< 's_flipper_right_upper' inactive >>>>>>>
2026-03-02 16:16:25,478 : INFO : SwitchController : <<<<<<< 's_flipper_right_lower' inactive >>>>>>>
2026-03-02 16:16:25,568 : INFO : SwitchController : <<<<<<< 's_flipper_right_upper_eos' inactive >>>>>>>
2026-03-02 16:16:25,584 : INFO : SwitchController : <<<<<<< 's_flipper_right_lower_eos' active >>>>>>>
2026-03-02 16:16:25,584 : INFO : EventManager : Event: ======'machine_var_audits_switches_s_flipper_right_lower_eos'====== Args={'value': 264, 'prev_value': 263, 'change': 1}
2026-03-02 16:16:25,648 : INFO : SwitchController : <<<<<<< 's_flipper_right_lower' active >>>>>>>
2026-03-02 16:16:25,649 : INFO : EventManager : Event: ======'machine_var_audits_switches_s_flipper_right_lower'====== Args={'value': 351, 'prev_value': 350, 'change': 1}
2026-03-02 16:16:25,678 : INFO : SwitchController : <<<<<<< 's_flipper_right_lower_eos' inactive >>>>>>>
2026-03-02 16:16:25,680 : INFO : SwitchController : <<<<<<< 's_inlane_right_1' inactive >>>>>>>
2026-03-02 16:16:25,693 : INFO : SwitchController : <<<<<<< 's_inlane_right_1' active >>>>>>>
2026-03-02 16:16:25,693 : INFO : EventManager : Event: ======'sw_playfield_active'====== Args={}
2026-03-02 16:16:25,693 : INFO : EventManager : Event: ======'machine_var_audits_switches_s_inlane_right_1'====== Args={'value': 224, 'prev_value': 223, 'change': 1}
2026-03-02 16:16:25,822 : INFO : SwitchController : <<<<<<< 's_flipper_right_lower' inactive >>>>>>>
2026-03-02 16:16:25,927 : INFO : SwitchController : <<<<<<< 's_flipper_right_lower_eos' active >>>>>>>
2026-03-02 16:16:25,928 : INFO : EventManager : Event: ======'machine_var_audits_switches_s_flipper_right_lower_eos'====== Args={'value': 265, 'prev_value': 264, 'change': 1}
2026-03-02 16:16:26,065 : INFO : SwitchController : <<<<<<< 's_flipper_right_lower' active >>>>>>>
2026-03-02 16:16:26,066 : INFO : EventManager : Event: ======'machine_var_audits_switches_s_flipper_right_lower'====== Args={'value': 352, 'prev_value': 351, 'change': 1}
2026-03-02 16:16:26,075 : INFO : SwitchController : <<<<<<< 's_flipper_right_lower' inactive >>>>>>>
2026-03-02 16:16:26,080 : INFO : SwitchController : <<<<<<< 's_flipper_right_lower' active >>>>>>>
2026-03-02 16:16:26,081 : INFO : EventManager : Event: ======'machine_var_audits_switches_s_flipper_right_lower'====== Args={'value': 353, 'prev_value': 352, 'change': 1}
2026-03-02 16:16:26,081 : INFO : SwitchController : <<<<<<< 's_flipper_right_upper' active >>>>>>>
2026-03-02 16:16:26,082 : INFO : EventManager : Event: ======'machine_var_audits_switches_s_flipper_right_upper'====== Args={'value': 241, 'prev_value': 240, 'change': 1}
2026-03-02 16:16:26,101 : INFO : SwitchController : <<<<<<< 's_flipper_right_lower_eos' inactive >>>>>>>
2026-03-02 16:16:26,104 : INFO : SwitchController : <<<<<<< 's_inlane_right_1' inactive >>>>>>>
2026-03-02 16:16:26,118 : INFO : SwitchController : <<<<<<< 's_inlane_right_1' active >>>>>>>
2026-03-02 16:16:26,118 : INFO : EventManager : Event: ======'sw_playfield_active'====== Args={}
2026-03-02 16:16:26,119 : INFO : EventManager : Event: ======'machine_var_audits_switches_s_inlane_right_1'====== Args={'value': 225, 'prev_value': 224, 'change': 1}
2026-03-02 16:16:26,119 : INFO : SwitchController : <<<<<<< 's_flipper_right_upper_eos' active >>>>>>>
2026-03-02 16:16:26,119 : INFO : EventManager : Event: ======'machine_var_audits_switches_s_flipper_right_upper_eos'====== Args={'value': 109, 'prev_value': 108, 'change': 1}
2026-03-02 16:16:26,193 : INFO : SwitchController : <<<<<<< 's_flipper_right_upper' inactive >>>>>>>
2026-03-02 16:16:26,200 : INFO : SwitchController : <<<<<<< 's_flipper_right_lower' inactive >>>>>>>
2026-03-02 16:16:26,293 : INFO : SwitchController : <<<<<<< 's_flipper_right_upper_eos' inactive >>>>>>>
2026-03-02 16:16:26,298 : INFO : SwitchController : <<<<<<< 's_flipper_left' active >>>>>>>
2026-03-02 16:16:26,298 : INFO : EventManager : Event: ======'machine_var_audits_switches_s_flipper_left'====== Args={'value': 178, 'prev_value': 177, 'change': 1}
2026-03-02 16:16:26,308 : INFO : SwitchController : <<<<<<< 's_flipper_right_lower_eos' active >>>>>>>
2026-03-02 16:16:26,308 : INFO : EventManager : Event: ======'machine_var_audits_switches_s_flipper_right_lower_eos'====== Args={'value': 266, 'prev_value': 265, 'change': 1}
2026-03-02 16:16:26,323 : INFO : SwitchController : <<<<<<< 's_flipper_left_eos' inactive >>>>>>>
2026-03-02 16:16:26,325 : INFO : SwitchController : <<<<<<< 's_inlane_right_1' inactive >>>>>>>
2026-03-02 16:16:26,332 : INFO : SwitchController : <<<<<<< 's_inlane_right_1' active >>>>>>>
2026-03-02 16:16:26,333 : INFO : EventManager : Event: ======'sw_playfield_active'====== Args={}
2026-03-02 16:16:26,333 : INFO : EventManager : Event: ======'machine_var_audits_switches_s_inlane_right_1'====== Args={'value': 226, 'prev_value': 225, 'change': 1}
2026-03-02 16:16:26,433 : INFO : SwitchController : <<<<<<< 's_flipper_left' inactive >>>>>>>
2026-03-02 16:16:26,518 : INFO : SwitchController : <<<<<<< 's_flipper_left_eos' active >>>>>>>
2026-03-02 16:16:26,518 : INFO : EventManager : Event: ======'machine_var_audits_switches_s_flipper_left_eos'====== Args={'value': 158, 'prev_value': 157, 'change': 1}
2026-03-02 16:16:27,104 : INFO : SwitchController : <<<<<<< 's_flipper_right_lower' active >>>>>>>
2026-03-02 16:16:27,104 : INFO : EventManager : Event: ======'machine_var_audits_switches_s_flipper_right_lower'====== Args={'value': 354, 'prev_value': 353, 'change': 1}
2026-03-02 16:16:27,134 : INFO : SwitchController : <<<<<<< 's_flipper_right_lower_eos' inactive >>>>>>>
2026-03-02 16:16:27,139 : INFO : SwitchController : <<<<<<< 's_inlane_right_1' inactive >>>>>>>
2026-03-02 16:16:27,151 : INFO : SwitchController : <<<<<<< 's_flipper_right_upper' active >>>>>>>
2026-03-02 16:16:27,151 : INFO : EventManager : Event: ======'machine_var_audits_switches_s_flipper_right_upper'====== Args={'value': 242, 'prev_value': 241, 'change': 1}
2026-03-02 16:16:27,158 : INFO : SwitchController : <<<<<<< 's_inlane_right_1' active >>>>>>>
2026-03-02 16:16:27,158 : INFO : EventManager : Event: ======'sw_playfield_active'====== Args={}
2026-03-02 16:16:27,158 : INFO : EventManager : Event: ======'machine_var_audits_switches_s_inlane_right_1'====== Args={'value': 227, 'prev_value': 226, 'change': 1}
2026-03-02 16:16:27,194 : INFO : SwitchController : <<<<<<< 's_flipper_right_upper_eos' active >>>>>>>
2026-03-02 16:16:27,194 : INFO : EventManager : Event: ======'machine_var_audits_switches_s_flipper_right_upper_eos'====== Args={'value': 110, 'prev_value': 109, 'change': 1}
2026-03-02 16:16:27,260 : INFO : SwitchController : <<<<<<< 's_flipper_right_upper' inactive >>>>>>>
2026-03-02 16:16:27,270 : INFO : SwitchController : <<<<<<< 's_flipper_right_lower' inactive >>>>>>>
2026-03-02 16:16:27,306 : INFO : SwitchController : <<<<<<< 's_flipper_right_upper_eos' inactive >>>>>>>
2026-03-02 16:16:27,378 : INFO : SwitchController : <<<<<<< 's_flipper_right_lower_eos' active >>>>>>>
2026-03-02 16:16:27,379 : INFO : EventManager : Event: ======'machine_var_audits_switches_s_flipper_right_lower_eos'====== Args={'value': 267, 'prev_value': 266, 'change': 1}
2026-03-02 16:16:28,491 : INFO : SwitchController : <<<<<<< 's_flipper_right_lower' active >>>>>>>
2026-03-02 16:16:28,492 : INFO : EventManager : Event: ======'machine_var_audits_switches_s_flipper_right_lower'====== Args={'value': 355, 'prev_value': 354, 'change': 1}
2026-03-02 16:16:28,524 : INFO : SwitchController : <<<<<<< 's_flipper_right_lower_eos' inactive >>>>>>>
2026-03-02 16:16:28,525 : INFO : SwitchController : <<<<<<< 's_inlane_right_1' inactive >>>>>>>
2026-03-02 16:16:28,539 : INFO : SwitchController : <<<<<<< 's_inlane_right_1' active >>>>>>>
2026-03-02 16:16:28,539 : INFO : EventManager : Event: ======'sw_playfield_active'====== Args={}
2026-03-02 16:16:28,539 : INFO : EventManager : Event: ======'machine_var_audits_switches_s_inlane_right_1'====== Args={'value': 228, 'prev_value': 227, 'change': 1}
2026-03-02 16:16:28,705 : INFO : SwitchController : <<<<<<< 's_sling_right' active >>>>>>>
2026-03-02 16:16:28,705 : INFO : EventManager : Event: ======'s_sling_right_active'====== Args={}
2026-03-02 16:16:28,705 : INFO : EventManager : Event: ======'machine_var_audits_switches_s_sling_right'====== Args={'value': 25, 'prev_value': 24, 'change': 1}
2026-03-02 16:16:28,706 : INFO : EventManager : Event: ======'machine_var_audits_shots_sling_right'====== Args={'value': 25, 'prev_value': 24, 'change': 1}
2026-03-02 16:16:28,706 : INFO : EventManager : Event: ======'sling_right_hit'====== Args={'profile': 'default', 'state': 'lit', 'advancing': False}
2026-03-02 16:16:28,707 : INFO : EventManager : Event: ======'sling_right_default_hit'====== Args={'profile': 'default', 'state': 'lit', 'advancing': False}
2026-03-02 16:16:28,707 : INFO : EventManager : Event: ======'sling_right_default_lit_hit'====== Args={'profile': 'default', 'state': 'lit', 'advancing': False}
2026-03-02 16:16:28,707 : INFO : EventManager : Event: ======'sling_right_lit_hit'====== Args={'profile': 'default', 'state': 'lit', 'advancing': False}
2026-03-02 16:16:28,707 : INFO : EventManager : Event: ======'slings_hit'====== Args={'shot': 'sling_right'}
2026-03-02 16:16:28,707 : INFO : EventManager : Event: ======'slings_lit_hit'====== Args={'shot': 'sling_right'}
2026-03-02 16:16:28,707 : INFO : EventManager : Event: ======'player_score'====== Args={'value': 1100, 'prev_value': 1000, 'change': 100, 'player_num': 1, 'source': 'bumpers'}
2026-03-02 16:16:28,722 : INFO : SwitchController : <<<<<<< 's_sling_right' inactive >>>>>>>
2026-03-02 16:16:28,722 : INFO : SwitchController : <<<<<<< 's_inlane_right_1' inactive >>>>>>>
2026-03-02 16:16:28,729 : INFO : SwitchController : <<<<<<< 's_inlane_right_1' active >>>>>>>
2026-03-02 16:16:28,730 : INFO : EventManager : Event: ======'sw_playfield_active'====== Args={}
2026-03-02 16:16:28,730 : INFO : EventManager : Event: ======'machine_var_audits_switches_s_inlane_right_1'====== Args={'value': 229, 'prev_value': 228, 'change': 1}
2026-03-02 16:16:28,784 : INFO : SwitchController : <<<<<<< 's_inlane_right_1' inactive >>>>>>>
2026-03-02 16:16:28,792 : INFO : SwitchController : <<<<<<< 's_inlane_right_1' active >>>>>>>
2026-03-02 16:16:28,792 : INFO : EventManager : Event: ======'sw_playfield_active'====== Args={}
2026-03-02 16:16:28,793 : INFO : EventManager : Event: ======'machine_var_audits_switches_s_inlane_right_1'====== Args={'value': 230, 'prev_value': 229, 'change': 1}
2026-03-02 16:16:28,828 : INFO : SwitchController : <<<<<<< 's_flipper_right_lower' inactive >>>>>>>
2026-03-02 16:16:28,931 : INFO : SwitchController : <<<<<<< 's_flipper_left' active >>>>>>>
2026-03-02 16:16:28,932 : INFO : EventManager : Event: ======'machine_var_audits_switches_s_flipper_left'====== Args={'value': 179, 'prev_value': 178, 'change': 1}
2026-03-02 16:16:28,938 : INFO : SwitchController : <<<<<<< 's_flipper_right_lower_eos' active >>>>>>>
2026-03-02 16:16:28,939 : INFO : EventManager : Event: ======'machine_var_audits_switches_s_flipper_right_lower_eos'====== Args={'value': 268, 'prev_value': 267, 'change': 1}
2026-03-02 16:16:28,956 : INFO : SwitchController : <<<<<<< 's_flipper_left_eos' inactive >>>>>>>
2026-03-02 16:16:28,958 : INFO : SwitchController : <<<<<<< 's_inlane_right_1' inactive >>>>>>>
2026-03-02 16:16:28,972 : INFO : SwitchController : <<<<<<< 's_inlane_right_1' active >>>>>>>
2026-03-02 16:16:28,972 : INFO : EventManager : Event: ======'sw_playfield_active'====== Args={}
2026-03-02 16:16:28,972 : INFO : EventManager : Event: ======'machine_var_audits_switches_s_inlane_right_1'====== Args={'value': 231, 'prev_value': 230, 'change': 1}
2026-03-02 16:16:29,106 : INFO : SwitchController : <<<<<<< 's_flipper_left' inactive >>>>>>>
2026-03-02 16:16:29,193 : INFO : SwitchController : <<<<<<< 's_flipper_left_eos' active >>>>>>>
2026-03-02 16:16:29,193 : INFO : EventManager : Event: ======'machine_var_audits_switches_s_flipper_left_eos'====== Args={'value': 159, 'prev_value': 158, 'change': 1}
2026-03-02 16:16:29,240 : INFO : SwitchController : <<<<<<< 's_flipper_right_lower' active >>>>>>>
2026-03-02 16:16:29,241 : INFO : EventManager : Event: ======'machine_var_audits_switches_s_flipper_right_lower'====== Args={'value': 356, 'prev_value': 355, 'change': 1}
2026-03-02 16:16:29,274 : INFO : SwitchController : <<<<<<< 's_flipper_right_lower_eos' inactive >>>>>>>
2026-03-02 16:16:29,279 : INFO : SwitchController : <<<<<<< 's_inlane_right_1' inactive >>>>>>>
2026-03-02 16:16:29,285 : INFO : SwitchController : <<<<<<< 's_inlane_right_1' active >>>>>>>
2026-03-02 16:16:29,285 : INFO : EventManager : Event: ======'sw_playfield_active'====== Args={}
2026-03-02 16:16:29,286 : INFO : EventManager : Event: ======'machine_var_audits_switches_s_inlane_right_1'====== Args={'value': 232, 'prev_value': 231, 'change': 1}
2026-03-02 16:16:29,433 : INFO : SwitchController : <<<<<<< 's_flipper_right_lower' inactive >>>>>>>
2026-03-02 16:16:29,544 : INFO : SwitchController : <<<<<<< 's_flipper_right_lower_eos' active >>>>>>>
2026-03-02 16:16:29,544 : INFO : EventManager : Event: ======'machine_var_audits_switches_s_flipper_right_lower_eos'====== Args={'value': 269, 'prev_value': 268, 'change': 1}
2026-03-02 16:16:30,492 : INFO : SwitchController : <<<<<<< 's_flipper_right_lower' active >>>>>>>
2026-03-02 16:16:30,492 : INFO : EventManager : Event: ======'machine_var_audits_switches_s_flipper_right_lower'====== Args={'value': 357, 'prev_value': 356, 'change': 1}
2026-03-02 16:16:30,533 : INFO : SwitchController : <<<<<<< 's_flipper_right_lower_eos' inactive >>>>>>>
2026-03-02 16:16:30,537 : INFO : SwitchController : <<<<<<< 's_inlane_right_1' inactive >>>>>>>
2026-03-02 16:16:30,543 : INFO : SwitchController : <<<<<<< 's_inlane_right_1' active >>>>>>>
2026-03-02 16:16:30,543 : INFO : EventManager : Event: ======'sw_playfield_active'====== Args={}
2026-03-02 16:16:30,543 : INFO : EventManager : Event: ======'machine_var_audits_switches_s_inlane_right_1'====== Args={'value': 233, 'prev_value': 232, 'change': 1}
2026-03-02 16:16:30,629 : INFO : SwitchController : <<<<<<< 's_flipper_left' active >>>>>>>
2026-03-02 16:16:30,629 : INFO : EventManager : Event: ======'machine_var_audits_switches_s_flipper_left'====== Args={'value': 180, 'prev_value': 179, 'change': 1}
2026-03-02 16:16:30,652 : INFO : SwitchController : <<<<<<< 's_flipper_left_eos' inactive >>>>>>>
2026-03-02 16:16:30,653 : INFO : SwitchController : <<<<<<< 's_inlane_right_1' inactive >>>>>>>
2026-03-02 16:16:30,666 : INFO : SwitchController : <<<<<<< 's_inlane_right_1' active >>>>>>>
2026-03-02 16:16:30,666 : INFO : EventManager : Event: ======'sw_playfield_active'====== Args={}
2026-03-02 16:16:30,666 : INFO : EventManager : Event: ======'machine_var_audits_switches_s_inlane_right_1'====== Args={'value': 234, 'prev_value': 233, 'change': 1}
2026-03-02 16:16:30,667 : INFO : SwitchController : <<<<<<< 's_flipper_right_lower' inactive >>>>>>>
2026-03-02 16:16:30,738 : INFO : SwitchController : <<<<<<< 's_flipper_left' inactive >>>>>>>
2026-03-02 16:16:30,778 : INFO : SwitchController : <<<<<<< 's_flipper_right_lower_eos' active >>>>>>>
2026-03-02 16:16:30,778 : INFO : EventManager : Event: ======'machine_var_audits_switches_s_flipper_right_lower_eos'====== Args={'value': 270, 'prev_value': 269, 'change': 1}
2026-03-02 16:16:30,826 : INFO : SwitchController : <<<<<<< 's_flipper_left_eos' active >>>>>>>
2026-03-02 16:16:30,826 : INFO : EventManager : Event: ======'machine_var_audits_switches_s_flipper_left_eos'====== Args={'value': 160, 'prev_value': 159, 'change': 1}
2026-03-02 16:16:32,068 : INFO : SwitchController : <<<<<<< 's_flipper_right_lower' active >>>>>>>
2026-03-02 16:16:32,069 : INFO : EventManager : Event: ======'machine_var_audits_switches_s_flipper_right_lower'====== Args={'value': 358, 'prev_value': 357, 'change': 1}
2026-03-02 16:16:32,102 : INFO : SwitchController : <<<<<<< 's_flipper_right_lower_eos' inactive >>>>>>>
2026-03-02 16:16:32,104 : INFO : SwitchController : <<<<<<< 's_inlane_right_1' inactive >>>>>>>
2026-03-02 16:16:32,110 : INFO : SwitchController : <<<<<<< 's_inlane_right_1' active >>>>>>>
2026-03-02 16:16:32,111 : INFO : EventManager : Event: ======'sw_playfield_active'====== Args={}
2026-03-02 16:16:32,111 : INFO : EventManager : Event: ======'machine_var_audits_switches_s_inlane_right_1'====== Args={'value': 235, 'prev_value': 234, 'change': 1}
2026-03-02 16:16:32,238 : INFO : SwitchController : <<<<<<< 's_flipper_right_lower' inactive >>>>>>>
2026-03-02 16:16:32,298 : INFO : SwitchController : <<<<<<< 's_flipper_left' active >>>>>>>
2026-03-02 16:16:32,298 : INFO : EventManager : Event: ======'machine_var_audits_switches_s_flipper_left'====== Args={'value': 181, 'prev_value': 180, 'change': 1}
2026-03-02 16:16:32,336 : INFO : SwitchController : <<<<<<< 's_flipper_left_eos' inactive >>>>>>>
2026-03-02 16:16:32,339 : INFO : SwitchController : <<<<<<< 's_inlane_right_1' inactive >>>>>>>
2026-03-02 16:16:32,346 : INFO : SwitchController : <<<<<<< 's_flipper_right_lower_eos' active >>>>>>>
2026-03-02 16:16:32,346 : INFO : EventManager : Event: ======'machine_var_audits_switches_s_flipper_right_lower_eos'====== Args={'value': 271, 'prev_value': 270, 'change': 1}
2026-03-02 16:16:32,352 : INFO : SwitchController : <<<<<<< 's_inlane_right_1' active >>>>>>>
2026-03-02 16:16:32,352 : INFO : EventManager : Event: ======'sw_playfield_active'====== Args={}
2026-03-02 16:16:32,352 : INFO : EventManager : Event: ======'machine_var_audits_switches_s_inlane_right_1'====== Args={'value': 236, 'prev_value': 235, 'change': 1}
2026-03-02 16:16:32,460 : INFO : SwitchController : <<<<<<< 's_flipper_left' inactive >>>>>>>
2026-03-02 16:16:32,550 : INFO : SwitchController : <<<<<<< 's_flipper_left_eos' active >>>>>>>
2026-03-02 16:16:32,550 : INFO : EventManager : Event: ======'machine_var_audits_switches_s_flipper_left_eos'====== Args={'value': 161, 'prev_value': 160, 'change': 1}
2026-03-02 16:16:33,317 : INFO : SwitchController : <<<<<<< 's_flipper_right_lower' active >>>>>>>
2026-03-02 16:16:33,317 : INFO : EventManager : Event: ======'machine_var_audits_switches_s_flipper_right_lower'====== Args={'value': 359, 'prev_value': 358, 'change': 1}
2026-03-02 16:16:33,348 : INFO : SwitchController : <<<<<<< 's_flipper_right_lower_eos' inactive >>>>>>>
2026-03-02 16:16:33,478 : INFO : SwitchController : <<<<<<< 's_flipper_right_lower' inactive >>>>>>>
2026-03-02 16:16:33,610 : INFO : SwitchController : <<<<<<< 's_flipper_right_lower_eos' active >>>>>>>
2026-03-02 16:16:33,610 : INFO : EventManager : Event: ======'machine_var_audits_switches_s_flipper_right_lower_eos'====== Args={'value': 272, 'prev_value': 271, 'change': 1}
2026-03-02 16:16:33,640 : INFO : SwitchController : <<<<<<< 's_flipper_right_lower' active >>>>>>>
2026-03-02 16:16:33,640 : INFO : EventManager : Event: ======'machine_var_audits_switches_s_flipper_right_lower'====== Args={'value': 360, 'prev_value': 359, 'change': 1}
2026-03-02 16:16:33,642 : INFO : SwitchController : <<<<<<< 's_flipper_right_lower' inactive >>>>>>>
2026-03-02 16:16:33,647 : INFO : SwitchController : <<<<<<< 's_flipper_right_lower' active >>>>>>>
2026-03-02 16:16:33,647 : INFO : EventManager : Event: ======'machine_var_audits_switches_s_flipper_right_lower'====== Args={'value': 361, 'prev_value': 360, 'change': 1}
2026-03-02 16:16:33,679 : INFO : SwitchController : <<<<<<< 's_flipper_right_lower_eos' inactive >>>>>>>
2026-03-02 16:16:33,681 : INFO : SwitchController : <<<<<<< 's_inlane_right_1' inactive >>>>>>>
2026-03-02 16:16:33,696 : INFO : SwitchController : <<<<<<< 's_inlane_right_1' active >>>>>>>
2026-03-02 16:16:33,697 : INFO : EventManager : Event: ======'sw_playfield_active'====== Args={}
2026-03-02 16:16:33,697 : INFO : EventManager : Event: ======'machine_var_audits_switches_s_inlane_right_1'====== Args={'value': 237, 'prev_value': 236, 'change': 1}
2026-03-02 16:16:33,798 : INFO : SwitchController : <<<<<<< 's_flipper_right_lower' inactive >>>>>>>
2026-03-02 16:16:33,908 : INFO : SwitchController : <<<<<<< 's_flipper_right_lower_eos' active >>>>>>>
2026-03-02 16:16:33,908 : INFO : EventManager : Event: ======'machine_var_audits_switches_s_flipper_right_lower_eos'====== Args={'value': 273, 'prev_value': 272, 'change': 1}
2026-03-02 16:16:33,985 : INFO : SwitchController : <<<<<<< 's_flipper_right_lower' active >>>>>>>
2026-03-02 16:16:33,985 : INFO : EventManager : Event: ======'machine_var_audits_switches_s_flipper_right_lower'====== Args={'value': 362, 'prev_value': 361, 'change': 1}
2026-03-02 16:16:33,987 : INFO : SwitchController : <<<<<<< 's_flipper_right_lower' inactive >>>>>>>
2026-03-02 16:16:33,989 : INFO : SwitchController : <<<<<<< 's_flipper_right_lower' active >>>>>>>
2026-03-02 16:16:33,989 : INFO : EventManager : Event: ======'machine_var_audits_switches_s_flipper_right_lower'====== Args={'value': 363, 'prev_value': 362, 'change': 1}
2026-03-02 16:16:34,017 : INFO : SwitchController : <<<<<<< 's_flipper_right_lower_eos' inactive >>>>>>>
2026-03-02 16:16:34,019 : INFO : SwitchController : <<<<<<< 's_inlane_right_1' inactive >>>>>>>
2026-03-02 16:16:34,035 : INFO : SwitchController : <<<<<<< 's_inlane_right_1' active >>>>>>>
2026-03-02 16:16:34,035 : INFO : EventManager : Event: ======'sw_playfield_active'====== Args={}
2026-03-02 16:16:34,035 : INFO : EventManager : Event: ======'machine_var_audits_switches_s_inlane_right_1'====== Args={'value': 238, 'prev_value': 237, 'change': 1}
2026-03-02 16:16:34,121 : INFO : SwitchController : <<<<<<< 's_flipper_right_lower' inactive >>>>>>>
2026-03-02 16:16:34,224 : INFO : SwitchController : <<<<<<< 's_flipper_right_lower_eos' active >>>>>>>
2026-03-02 16:16:34,224 : INFO : EventManager : Event: ======'machine_var_audits_switches_s_flipper_right_lower_eos'====== Args={'value': 274, 'prev_value': 273, 'change': 1}
2026-03-02 16:16:34,250 : INFO : SwitchController : <<<<<<< 's_flipper_right_lower' active >>>>>>>
2026-03-02 16:16:34,250 : INFO : EventManager : Event: ======'machine_var_audits_switches_s_flipper_right_lower'====== Args={'value': 364, 'prev_value': 363, 'change': 1}
2026-03-02 16:16:34,278 : INFO : SwitchController : <<<<<<< 's_flipper_right_lower_eos' inactive >>>>>>>
2026-03-02 16:16:34,278 : INFO : SwitchController : <<<<<<< 's_inlane_right_1' inactive >>>>>>>
2026-03-02 16:16:34,294 : INFO : SwitchController : <<<<<<< 's_inlane_right_1' active >>>>>>>
2026-03-02 16:16:34,294 : INFO : EventManager : Event: ======'sw_playfield_active'====== Args={}
2026-03-02 16:16:34,294 : INFO : EventManager : Event: ======'machine_var_audits_switches_s_inlane_right_1'====== Args={'value': 239, 'prev_value': 238, 'change': 1}
2026-03-02 16:16:34,332 : INFO : SwitchController : <<<<<<< 's_flipper_right_lower' inactive >>>>>>>
2026-03-02 16:16:34,429 : INFO : SwitchController : <<<<<<< 's_flipper_right_lower' active >>>>>>>
2026-03-02 16:16:34,429 : INFO : EventManager : Event: ======'machine_var_audits_switches_s_flipper_right_lower'====== Args={'value': 365, 'prev_value': 364, 'change': 1}
2026-03-02 16:16:34,436 : INFO : SwitchController : <<<<<<< 's_flipper_right_lower_eos' active >>>>>>>
2026-03-02 16:16:34,436 : INFO : EventManager : Event: ======'machine_var_audits_switches_s_flipper_right_lower_eos'====== Args={'value': 275, 'prev_value': 274, 'change': 1}
2026-03-02 16:16:34,445 : INFO : SwitchController : <<<<<<< 's_flipper_right_upper' active >>>>>>>
2026-03-02 16:16:34,445 : INFO : EventManager : Event: ======'machine_var_audits_switches_s_flipper_right_upper'====== Args={'value': 243, 'prev_value': 242, 'change': 1}
2026-03-02 16:16:34,445 : INFO : SwitchController : <<<<<<< 's_flipper_right_lower_eos' inactive >>>>>>>
2026-03-02 16:16:34,449 : INFO : SwitchController : <<<<<<< 's_inlane_right_1' inactive >>>>>>>
2026-03-02 16:16:34,460 : INFO : SwitchController : <<<<<<< 's_inlane_right_1' active >>>>>>>
2026-03-02 16:16:34,460 : INFO : EventManager : Event: ======'sw_playfield_active'====== Args={}
2026-03-02 16:16:34,460 : INFO : EventManager : Event: ======'machine_var_audits_switches_s_inlane_right_1'====== Args={'value': 240, 'prev_value': 239, 'change': 1}
2026-03-02 16:16:34,467 : INFO : SwitchController : <<<<<<< 's_inlane_right_1' inactive >>>>>>>
2026-03-02 16:16:34,475 : INFO : SwitchController : <<<<<<< 's_inlane_right_1' active >>>>>>>
2026-03-02 16:16:34,475 : INFO : EventManager : Event: ======'sw_playfield_active'====== Args={}
2026-03-02 16:16:34,475 : INFO : EventManager : Event: ======'machine_var_audits_switches_s_inlane_right_1'====== Args={'value': 241, 'prev_value': 240, 'change': 1}
2026-03-02 16:16:34,476 : INFO : SwitchController : <<<<<<< 's_flipper_right_upper_eos' active >>>>>>>
2026-03-02 16:16:34,476 : INFO : EventManager : Event: ======'machine_var_audits_switches_s_flipper_right_upper_eos'====== Args={'value': 111, 'prev_value': 110, 'change': 1}
2026-03-02 16:16:34,723 : INFO : SwitchController : <<<<<<< 's_flipper_right_upper' inactive >>>>>>>
2026-03-02 16:16:34,740 : INFO : SwitchController : <<<<<<< 's_flipper_right_lower' inactive >>>>>>>
2026-03-02 16:16:34,820 : INFO : SwitchController : <<<<<<< 's_flipper_right_upper_eos' inactive >>>>>>>
2026-03-02 16:16:34,836 : INFO : SwitchController : <<<<<<< 's_flipper_right_lower_eos' active >>>>>>>
2026-03-02 16:16:34,837 : INFO : EventManager : Event: ======'machine_var_audits_switches_s_flipper_right_lower_eos'====== Args={'value': 276, 'prev_value': 275, 'change': 1}
2026-03-02 16:16:35,621 : INFO : SwitchController : <<<<<<< 's_flipper_right_lower' active >>>>>>>
2026-03-02 16:16:35,621 : INFO : EventManager : Event: ======'machine_var_audits_switches_s_flipper_right_lower'====== Args={'value': 366, 'prev_value': 365, 'change': 1}
2026-03-02 16:16:35,623 : INFO : SwitchController : <<<<<<< 's_flipper_right_lower' inactive >>>>>>>
2026-03-02 16:16:35,630 : INFO : SwitchController : <<<<<<< 's_flipper_right_lower' active >>>>>>>
2026-03-02 16:16:35,630 : INFO : EventManager : Event: ======'machine_var_audits_switches_s_flipper_right_lower'====== Args={'value': 367, 'prev_value': 366, 'change': 1}
2026-03-02 16:16:35,631 : INFO : SwitchController : <<<<<<< 's_flipper_right_upper' active >>>>>>>
2026-03-02 16:16:35,631 : INFO : EventManager : Event: ======'machine_var_audits_switches_s_flipper_right_upper'====== Args={'value': 244, 'prev_value': 243, 'change': 1}
2026-03-02 16:16:35,639 : INFO : SwitchController : <<<<<<< 's_flipper_right_upper' inactive >>>>>>>
2026-03-02 16:16:35,639 : INFO : SwitchController : <<<<<<< 's_flipper_right_upper' active >>>>>>>
2026-03-02 16:16:35,639 : INFO : EventManager : Event: ======'machine_var_audits_switches_s_flipper_right_upper'====== Args={'value': 245, 'prev_value': 244, 'change': 1}
2026-03-02 16:16:35,662 : INFO : SwitchController : <<<<<<< 's_flipper_right_lower_eos' inactive >>>>>>>
2026-03-02 16:16:35,667 : INFO : SwitchController : <<<<<<< 's_inlane_right_1' inactive >>>>>>>
2026-03-02 16:16:35,678 : INFO : SwitchController : <<<<<<< 's_flipper_right_upper_eos' active >>>>>>>
2026-03-02 16:16:35,679 : INFO : EventManager : Event: ======'machine_var_audits_switches_s_flipper_right_upper_eos'====== Args={'value': 112, 'prev_value': 111, 'change': 1}
2026-03-02 16:16:35,679 : INFO : SwitchController : <<<<<<< 's_flipper_right_upper' inactive >>>>>>>
2026-03-02 16:16:35,679 : INFO : SwitchController : <<<<<<< 's_inlane_right_1' active >>>>>>>
2026-03-02 16:16:35,679 : INFO : EventManager : Event: ======'sw_playfield_active'====== Args={}
2026-03-02 16:16:35,680 : INFO : EventManager : Event: ======'machine_var_audits_switches_s_inlane_right_1'====== Args={'value': 242, 'prev_value': 241, 'change': 1}
2026-03-02 16:16:35,688 : INFO : SwitchController : <<<<<<< 's_flipper_right_lower' inactive >>>>>>>
2026-03-02 16:16:35,767 : INFO : SwitchController : <<<<<<< 's_flipper_right_upper_eos' inactive >>>>>>>
2026-03-02 16:16:35,791 : INFO : SwitchController : <<<<<<< 's_flipper_right_lower_eos' active >>>>>>>
2026-03-02 16:16:35,791 : INFO : EventManager : Event: ======'machine_var_audits_switches_s_flipper_right_lower_eos'====== Args={'value': 277, 'prev_value': 276, 'change': 1}
2026-03-02 16:16:36,858 : INFO : SwitchController : <<<<<<< 's_flipper_right_lower' active >>>>>>>
2026-03-02 16:16:36,858 : INFO : EventManager : Event: ======'machine_var_audits_switches_s_flipper_right_lower'====== Args={'value': 368, 'prev_value': 367, 'change': 1}
2026-03-02 16:16:36,924 : INFO : SwitchController : <<<<<<< 's_flipper_left' active >>>>>>>
2026-03-02 16:16:36,924 : INFO : EventManager : Event: ======'machine_var_audits_switches_s_flipper_left'====== Args={'value': 182, 'prev_value': 181, 'change': 1}
2026-03-02 16:16:36,947 : INFO : SwitchController : <<<<<<< 's_flipper_left_eos' inactive >>>>>>>
2026-03-02 16:16:36,953 : INFO : SwitchController : <<<<<<< 's_inlane_right_1' inactive >>>>>>>
2026-03-02 16:16:36,963 : INFO : SwitchController : <<<<<<< 's_inlane_right_1' active >>>>>>>
2026-03-02 16:16:36,963 : INFO : EventManager : Event: ======'sw_playfield_active'====== Args={}
2026-03-02 16:16:36,963 : INFO : EventManager : Event: ======'machine_var_audits_switches_s_inlane_right_1'====== Args={'value': 243, 'prev_value': 242, 'change': 1}
2026-03-02 16:16:37,000 : INFO : SwitchController : <<<<<<< 's_flipper_right_lower' inactive >>>>>>>
2026-03-02 16:16:37,066 : INFO : SwitchController : <<<<<<< 's_flipper_left' inactive >>>>>>>
2026-03-02 16:16:37,155 : INFO : SwitchController : <<<<<<< 's_flipper_left_eos' active >>>>>>>
2026-03-02 16:16:37,155 : INFO : EventManager : Event: ======'machine_var_audits_switches_s_flipper_left_eos'====== Args={'value': 162, 'prev_value': 161, 'change': 1}
2026-03-02 16:16:37,719 : INFO : SwitchController : <<<<<<< 's_flipper_right_lower' active >>>>>>>
2026-03-02 16:16:37,719 : INFO : EventManager : Event: ======'machine_var_audits_switches_s_flipper_right_lower'====== Args={'value': 369, 'prev_value': 368, 'change': 1}
2026-03-02 16:16:37,754 : INFO : SwitchController : <<<<<<< 's_flipper_right_lower_eos' inactive >>>>>>>
2026-03-02 16:16:37,756 : INFO : SwitchController : <<<<<<< 's_inlane_right_1' inactive >>>>>>>
2026-03-02 16:16:37,769 : INFO : SwitchController : <<<<<<< 's_inlane_right_1' active >>>>>>>
2026-03-02 16:16:37,770 : INFO : EventManager : Event: ======'sw_playfield_active'====== Args={}
2026-03-02 16:16:37,770 : INFO : EventManager : Event: ======'machine_var_audits_switches_s_inlane_right_1'====== Args={'value': 244, 'prev_value': 243, 'change': 1}
2026-03-02 16:16:37,910 : INFO : SwitchController : <<<<<<< 's_flipper_right_lower' inactive >>>>>>>
2026-03-02 16:16:38,008 : INFO : SwitchController : <<<<<<< 's_flipper_right_lower_eos' active >>>>>>>
2026-03-02 16:16:38,008 : INFO : EventManager : Event: ======'machine_var_audits_switches_s_flipper_right_lower_eos'====== Args={'value': 278, 'prev_value': 277, 'change': 1}
2026-03-02 16:16:39,241 : INFO : SwitchController : <<<<<<< 's_flipper_right_lower' active >>>>>>>
2026-03-02 16:16:39,241 : INFO : EventManager : Event: ======'machine_var_audits_switches_s_flipper_right_lower'====== Args={'value': 370, 'prev_value': 369, 'change': 1}
2026-03-02 16:16:39,279 : INFO : SwitchController : <<<<<<< 's_flipper_right_lower_eos' inactive >>>>>>>
2026-03-02 16:16:39,281 : INFO : SwitchController : <<<<<<< 's_inlane_right_1' inactive >>>>>>>
2026-03-02 16:16:39,296 : INFO : SwitchController : <<<<<<< 's_inlane_right_1' active >>>>>>>
2026-03-02 16:16:39,296 : INFO : EventManager : Event: ======'sw_playfield_active'====== Args={}
2026-03-02 16:16:39,296 : INFO : EventManager : Event: ======'machine_var_audits_switches_s_inlane_right_1'====== Args={'value': 245, 'prev_value': 244, 'change': 1}
2026-03-02 16:16:39,862 : INFO : SwitchController : <<<<<<< 's_flipper_right_lower' inactive >>>>>>>
2026-03-02 16:16:39,966 : INFO : SwitchController : <<<<<<< 's_flipper_right_lower_eos' active >>>>>>>
2026-03-02 16:16:39,967 : INFO : EventManager : Event: ======'machine_var_audits_switches_s_flipper_right_lower_eos'====== Args={'value': 279, 'prev_value': 278, 'change': 1}
2026-03-02 16:16:40,088 : INFO : SwitchController : <<<<<<< 's_flipper_left' active >>>>>>>
2026-03-02 16:16:40,088 : INFO : EventManager : Event: ======'machine_var_audits_switches_s_flipper_left'====== Args={'value': 183, 'prev_value': 182, 'change': 1}
2026-03-02 16:16:40,118 : INFO : SwitchController : <<<<<<< 's_flipper_left_eos' inactive >>>>>>>
2026-03-02 16:16:40,121 : INFO : SwitchController : <<<<<<< 's_inlane_right_1' inactive >>>>>>>
2026-03-02 16:16:40,128 : INFO : SwitchController : <<<<<<< 's_inlane_right_1' active >>>>>>>
2026-03-02 16:16:40,128 : INFO : EventManager : Event: ======'sw_playfield_active'====== Args={}
2026-03-02 16:16:40,129 : INFO : EventManager : Event: ======'machine_var_audits_switches_s_inlane_right_1'====== Args={'value': 246, 'prev_value': 245, 'change': 1}
2026-03-02 16:16:40,224 : INFO : SwitchController : <<<<<<< 's_flipper_left' inactive >>>>>>>
2026-03-02 16:16:40,311 : INFO : SwitchController : <<<<<<< 's_flipper_left_eos' active >>>>>>>
2026-03-02 16:16:40,311 : INFO : EventManager : Event: ======'machine_var_audits_switches_s_flipper_left_eos'====== Args={'value': 163, 'prev_value': 162, 'change': 1}
2026-03-02 16:16:41,337 : INFO : SwitchController : <<<<<<< 's_flipper_right_lower' active >>>>>>>
2026-03-02 16:16:41,337 : INFO : EventManager : Event: ======'machine_var_audits_switches_s_flipper_right_lower'====== Args={'value': 371, 'prev_value': 370, 'change': 1}
2026-03-02 16:16:41,401 : INFO : SwitchController : <<<<<<< 's_flipper_right_upper' active >>>>>>>
2026-03-02 16:16:41,401 : INFO : EventManager : Event: ======'machine_var_audits_switches_s_flipper_right_upper'====== Args={'value': 246, 'prev_value': 245, 'change': 1}
2026-03-02 16:16:41,409 : INFO : SwitchController : <<<<<<< 's_flipper_right_upper' inactive >>>>>>>
2026-03-02 16:16:41,430 : INFO : SwitchController : <<<<<<< 's_flipper_right_upper_eos' active >>>>>>>
2026-03-02 16:16:41,430 : INFO : EventManager : Event: ======'machine_var_audits_switches_s_flipper_right_upper_eos'====== Args={'value': 113, 'prev_value': 112, 'change': 1}
2026-03-02 16:16:41,466 : INFO : SwitchController : <<<<<<< 's_flipper_right_upper_eos' inactive >>>>>>>
2026-03-02 16:16:41,490 : INFO : SwitchController : <<<<<<< 's_flipper_right_lower' inactive >>>>>>>
2026-03-02 16:16:41,872 : INFO : SwitchController : <<<<<<< 's_flipper_right_lower' active >>>>>>>
2026-03-02 16:16:41,873 : INFO : EventManager : Event: ======'machine_var_audits_switches_s_flipper_right_lower'====== Args={'value': 372, 'prev_value': 371, 'change': 1}
2026-03-02 16:16:41,910 : INFO : SwitchController : <<<<<<< 's_flipper_right_lower_eos' inactive >>>>>>>
2026-03-02 16:16:41,912 : INFO : SwitchController : <<<<<<< 's_inlane_right_1' inactive >>>>>>>
2026-03-02 16:16:41,926 : INFO : SwitchController : <<<<<<< 's_inlane_right_1' active >>>>>>>
2026-03-02 16:16:41,926 : INFO : EventManager : Event: ======'sw_playfield_active'====== Args={}
2026-03-02 16:16:41,927 : INFO : EventManager : Event: ======'machine_var_audits_switches_s_inlane_right_1'====== Args={'value': 247, 'prev_value': 246, 'change': 1}
2026-03-02 16:16:42,040 : INFO : SwitchController : <<<<<<< 's_flipper_right_lower' inactive >>>>>>>
2026-03-02 16:16:42,148 : INFO : SwitchController : <<<<<<< 's_flipper_right_lower_eos' active >>>>>>>
2026-03-02 16:16:42,149 : INFO : EventManager : Event: ======'machine_var_audits_switches_s_flipper_right_lower_eos'====== Args={'value': 280, 'prev_value': 279, 'change': 1}
2026-03-02 16:16:42,214 : INFO : SwitchController : <<<<<<< 's_flipper_right_lower' active >>>>>>>
2026-03-02 16:16:42,214 : INFO : EventManager : Event: ======'machine_var_audits_switches_s_flipper_right_lower'====== Args={'value': 373, 'prev_value': 372, 'change': 1}
2026-03-02 16:16:42,234 : INFO : SwitchController : <<<<<<< 's_flipper_right_lower_eos' inactive >>>>>>>
2026-03-02 16:16:42,236 : INFO : SwitchController : <<<<<<< 's_inlane_right_1' inactive >>>>>>>
2026-03-02 16:16:42,240 : INFO : SwitchController : <<<<<<< 's_inlane_right_1' active >>>>>>>
2026-03-02 16:16:42,240 : INFO : EventManager : Event: ======'sw_playfield_active'====== Args={}
2026-03-02 16:16:42,240 : INFO : EventManager : Event: ======'machine_var_audits_switches_s_inlane_right_1'====== Args={'value': 248, 'prev_value': 247, 'change': 1}
2026-03-02 16:16:42,366 : INFO : SwitchController : <<<<<<< 's_flipper_right_lower' inactive >>>>>>>
2026-03-02 16:16:42,458 : INFO : SwitchController : <<<<<<< 's_flipper_right_lower_eos' active >>>>>>>
2026-03-02 16:16:42,458 : INFO : EventManager : Event: ======'machine_var_audits_switches_s_flipper_right_lower_eos'====== Args={'value': 281, 'prev_value': 280, 'change': 1}
2026-03-02 16:16:42,521 : INFO : SwitchController : <<<<<<< 's_flipper_right_lower' active >>>>>>>
2026-03-02 16:16:42,521 : INFO : EventManager : Event: ======'machine_var_audits_switches_s_flipper_right_lower'====== Args={'value': 374, 'prev_value': 373, 'change': 1}
2026-03-02 16:16:42,559 : INFO : SwitchController : <<<<<<< 's_flipper_right_lower_eos' inactive >>>>>>>
2026-03-02 16:16:42,561 : INFO : SwitchController : <<<<<<< 's_inlane_right_1' inactive >>>>>>>
2026-03-02 16:16:42,574 : INFO : SwitchController : <<<<<<< 's_inlane_right_1' active >>>>>>>
2026-03-02 16:16:42,575 : INFO : EventManager : Event: ======'sw_playfield_active'====== Args={}
2026-03-02 16:16:42,575 : INFO : EventManager : Event: ======'machine_var_audits_switches_s_inlane_right_1'====== Args={'value': 249, 'prev_value': 248, 'change': 1}
2026-03-02 16:16:42,657 : INFO : SwitchController : <<<<<<< 's_flipper_right_lower' inactive >>>>>>>
2026-03-02 16:16:42,659 : INFO : SwitchController : <<<<<<< 's_flipper_left' active >>>>>>>
2026-03-02 16:16:42,659 : INFO : EventManager : Event: ======'machine_var_audits_switches_s_flipper_left'====== Args={'value': 184, 'prev_value': 183, 'change': 1}
2026-03-02 16:16:42,682 : INFO : SwitchController : <<<<<<< 's_flipper_left_eos' inactive >>>>>>>
2026-03-02 16:16:42,686 : INFO : SwitchController : <<<<<<< 's_inlane_right_1' inactive >>>>>>>
2026-03-02 16:16:42,699 : INFO : SwitchController : <<<<<<< 's_inlane_right_1' active >>>>>>>
2026-03-02 16:16:42,699 : INFO : EventManager : Event: ======'sw_playfield_active'====== Args={}
2026-03-02 16:16:42,699 : INFO : EventManager : Event: ======'machine_var_audits_switches_s_inlane_right_1'====== Args={'value': 250, 'prev_value': 249, 'change': 1}
2026-03-02 16:16:42,757 : INFO : SwitchController : <<<<<<< 's_flipper_right_lower_eos' active >>>>>>>
2026-03-02 16:16:42,757 : INFO : EventManager : Event: ======'machine_var_audits_switches_s_flipper_right_lower_eos'====== Args={'value': 282, 'prev_value': 281, 'change': 1}
2026-03-02 16:16:42,764 : INFO : SwitchController : <<<<<<< 's_flipper_left' inactive >>>>>>>
2026-03-02 16:16:42,799 : INFO : SwitchController : <<<<<<< 's_flipper_right_upper' active >>>>>>>
2026-03-02 16:16:42,799 : INFO : EventManager : Event: ======'machine_var_audits_switches_s_flipper_right_upper'====== Args={'value': 247, 'prev_value': 246, 'change': 1}
2026-03-02 16:16:42,801 : INFO : SwitchController : <<<<<<< 's_flipper_right_upper' inactive >>>>>>>
2026-03-02 16:16:42,818 : INFO : SwitchController : <<<<<<< 's_flipper_right_lower' active >>>>>>>
2026-03-02 16:16:42,818 : INFO : EventManager : Event: ======'machine_var_audits_switches_s_flipper_right_lower'====== Args={'value': 375, 'prev_value': 374, 'change': 1}
2026-03-02 16:16:42,845 : INFO : SwitchController : <<<<<<< 's_flipper_right_lower_eos' inactive >>>>>>>
2026-03-02 16:16:42,847 : INFO : SwitchController : <<<<<<< 's_inlane_right_1' inactive >>>>>>>
2026-03-02 16:16:42,850 : INFO : SwitchController : <<<<<<< 's_flipper_right_upper' active >>>>>>>
2026-03-02 16:16:42,850 : INFO : EventManager : Event: ======'machine_var_audits_switches_s_flipper_right_upper'====== Args={'value': 248, 'prev_value': 247, 'change': 1}
2026-03-02 16:16:42,852 : INFO : SwitchController : <<<<<<< 's_flipper_left_eos' active >>>>>>>
2026-03-02 16:16:42,852 : INFO : EventManager : Event: ======'machine_var_audits_switches_s_flipper_left_eos'====== Args={'value': 164, 'prev_value': 163, 'change': 1}
2026-03-02 16:16:42,853 : INFO : SwitchController : <<<<<<< 's_inlane_right_1' active >>>>>>>
2026-03-02 16:16:42,853 : INFO : EventManager : Event: ======'sw_playfield_active'====== Args={}
2026-03-02 16:16:42,853 : INFO : EventManager : Event: ======'machine_var_audits_switches_s_inlane_right_1'====== Args={'value': 251, 'prev_value': 250, 'change': 1}
2026-03-02 16:16:42,877 : INFO : SwitchController : <<<<<<< 's_inlane_right_1' inactive >>>>>>>
2026-03-02 16:16:42,881 : INFO : SwitchController : <<<<<<< 's_flipper_right_upper' inactive >>>>>>>
2026-03-02 16:16:42,886 : INFO : SwitchController : <<<<<<< 's_flipper_right_lower' inactive >>>>>>>
2026-03-02 16:16:42,886 : INFO : SwitchController : <<<<<<< 's_inlane_right_1' active >>>>>>>
2026-03-02 16:16:42,887 : INFO : EventManager : Event: ======'sw_playfield_active'====== Args={}
2026-03-02 16:16:42,887 : INFO : EventManager : Event: ======'machine_var_audits_switches_s_inlane_right_1'====== Args={'value': 252, 'prev_value': 251, 'change': 1}
2026-03-02 16:16:42,887 : INFO : SwitchController : <<<<<<< 's_flipper_right_upper_eos' active >>>>>>>
2026-03-02 16:16:42,887 : INFO : EventManager : Event: ======'machine_var_audits_switches_s_flipper_right_upper_eos'====== Args={'value': 114, 'prev_value': 113, 'change': 1}
2026-03-02 16:16:42,982 : INFO : SwitchController : <<<<<<< 's_flipper_right_lower_eos' active >>>>>>>
2026-03-02 16:16:42,982 : INFO : EventManager : Event: ======'machine_var_audits_switches_s_flipper_right_lower_eos'====== Args={'value': 283, 'prev_value': 282, 'change': 1}
2026-03-02 16:16:42,983 : INFO : SwitchController : <<<<<<< 's_flipper_right_upper_eos' inactive >>>>>>>
2026-03-02 16:16:43,001 : INFO : SwitchController : <<<<<<< 's_flipper_right_lower' active >>>>>>>
2026-03-02 16:16:43,002 : INFO : EventManager : Event: ======'machine_var_audits_switches_s_flipper_right_lower'====== Args={'value': 376, 'prev_value': 375, 'change': 1}
2026-03-02 16:16:43,009 : INFO : SwitchController : <<<<<<< 's_flipper_right_upper' active >>>>>>>
2026-03-02 16:16:43,009 : INFO : EventManager : Event: ======'machine_var_audits_switches_s_flipper_right_upper'====== Args={'value': 249, 'prev_value': 248, 'change': 1}
2026-03-02 16:16:43,035 : INFO : SwitchController : <<<<<<< 's_inlane_right_1' inactive >>>>>>>
2026-03-02 16:16:43,035 : INFO : SwitchController : <<<<<<< 's_flipper_right_lower_eos' inactive >>>>>>>
2026-03-02 16:16:43,046 : INFO : SwitchController : <<<<<<< 's_flipper_right_upper_eos' active >>>>>>>
2026-03-02 16:16:43,046 : INFO : EventManager : Event: ======'machine_var_audits_switches_s_flipper_right_upper_eos'====== Args={'value': 115, 'prev_value': 114, 'change': 1}
2026-03-02 16:16:43,046 : INFO : SwitchController : <<<<<<< 's_inlane_right_1' active >>>>>>>
2026-03-02 16:16:43,046 : INFO : EventManager : Event: ======'sw_playfield_active'====== Args={}
2026-03-02 16:16:43,046 : INFO : EventManager : Event: ======'machine_var_audits_switches_s_inlane_right_1'====== Args={'value': 253, 'prev_value': 252, 'change': 1}
2026-03-02 16:16:43,110 : INFO : SwitchController : <<<<<<< 's_flipper_right_upper' inactive >>>>>>>
2026-03-02 16:16:43,118 : INFO : SwitchController : <<<<<<< 's_flipper_right_lower' inactive >>>>>>>
2026-03-02 16:16:43,209 : INFO : SwitchController : <<<<<<< 's_flipper_right_upper_eos' inactive >>>>>>>
2026-03-02 16:16:43,215 : INFO : SwitchController : <<<<<<< 's_flipper_right_lower_eos' active >>>>>>>
2026-03-02 16:16:43,215 : INFO : EventManager : Event: ======'machine_var_audits_switches_s_flipper_right_lower_eos'====== Args={'value': 284, 'prev_value': 283, 'change': 1}
2026-03-02 16:16:44,871 : INFO : SwitchController : <<<<<<< 's_flipper_right_lower' active >>>>>>>
2026-03-02 16:16:44,871 : INFO : EventManager : Event: ======'machine_var_audits_switches_s_flipper_right_lower'====== Args={'value': 377, 'prev_value': 376, 'change': 1}
2026-03-02 16:16:45,037 : INFO : SwitchController : <<<<<<< 's_flipper_right_lower' inactive >>>>>>>
2026-03-02 16:16:45,649 : INFO : SwitchController : <<<<<<< 's_flipper_right_lower' active >>>>>>>
2026-03-02 16:16:45,649 : INFO : EventManager : Event: ======'machine_var_audits_switches_s_flipper_right_lower'====== Args={'value': 378, 'prev_value': 377, 'change': 1}
2026-03-02 16:16:45,670 : INFO : SwitchController : <<<<<<< 's_flipper_right_lower_eos' inactive >>>>>>>
2026-03-02 16:16:45,693 : INFO : SwitchController : <<<<<<< 's_flipper_right_lower' inactive >>>>>>>
2026-03-02 16:16:45,792 : INFO : SwitchController : <<<<<<< 's_flipper_left' active >>>>>>>
2026-03-02 16:16:45,792 : INFO : EventManager : Event: ======'machine_var_audits_switches_s_flipper_left'====== Args={'value': 185, 'prev_value': 184, 'change': 1}
2026-03-02 16:16:45,793 : INFO : SwitchController : <<<<<<< 's_flipper_right_lower_eos' active >>>>>>>
2026-03-02 16:16:45,793 : INFO : EventManager : Event: ======'machine_var_audits_switches_s_flipper_right_lower_eos'====== Args={'value': 285, 'prev_value': 284, 'change': 1}
2026-03-02 16:16:45,815 : INFO : SwitchController : <<<<<<< 's_flipper_left_eos' inactive >>>>>>>
2026-03-02 16:16:45,817 : INFO : SwitchController : <<<<<<< 's_inlane_right_1' inactive >>>>>>>
2026-03-02 16:16:45,831 : INFO : SwitchController : <<<<<<< 's_inlane_right_1' active >>>>>>>
2026-03-02 16:16:45,831 : INFO : EventManager : Event: ======'sw_playfield_active'====== Args={}
2026-03-02 16:16:45,832 : INFO : EventManager : Event: ======'machine_var_audits_switches_s_inlane_right_1'====== Args={'value': 254, 'prev_value': 253, 'change': 1}
2026-03-02 16:16:45,912 : INFO : SwitchController : <<<<<<< 's_flipper_left' inactive >>>>>>>
2026-03-02 16:16:45,941 : INFO : SwitchController : <<<<<<< 's_flipper_right_lower' active >>>>>>>
2026-03-02 16:16:45,941 : INFO : EventManager : Event: ======'machine_var_audits_switches_s_flipper_right_lower'====== Args={'value': 379, 'prev_value': 378, 'change': 1}
2026-03-02 16:16:45,943 : INFO : SwitchController : <<<<<<< 's_flipper_right_upper' active >>>>>>>
2026-03-02 16:16:45,943 : INFO : EventManager : Event: ======'machine_var_audits_switches_s_flipper_right_upper'====== Args={'value': 250, 'prev_value': 249, 'change': 1}
2026-03-02 16:16:45,970 : INFO : SwitchController : <<<<<<< 's_inlane_right_1' inactive >>>>>>>
2026-03-02 16:16:45,976 : INFO : SwitchController : <<<<<<< 's_inlane_right_1' active >>>>>>>
2026-03-02 16:16:45,976 : INFO : EventManager : Event: ======'sw_playfield_active'====== Args={}
2026-03-02 16:16:45,977 : INFO : EventManager : Event: ======'machine_var_audits_switches_s_inlane_right_1'====== Args={'value': 255, 'prev_value': 254, 'change': 1}
2026-03-02 16:16:45,980 : INFO : SwitchController : <<<<<<< 's_flipper_right_upper_eos' active >>>>>>>
2026-03-02 16:16:45,980 : INFO : EventManager : Event: ======'machine_var_audits_switches_s_flipper_right_upper_eos'====== Args={'value': 116, 'prev_value': 115, 'change': 1}
2026-03-02 16:16:45,989 : INFO : SwitchController : <<<<<<< 's_flipper_right_lower_eos' inactive >>>>>>>
2026-03-02 16:16:45,999 : INFO : SwitchController : <<<<<<< 's_flipper_left_eos' active >>>>>>>
2026-03-02 16:16:45,999 : INFO : EventManager : Event: ======'machine_var_audits_switches_s_flipper_left_eos'====== Args={'value': 165, 'prev_value': 164, 'change': 1}
2026-03-02 16:16:46,006 : INFO : SwitchController : <<<<<<< 's_flipper_right_upper' inactive >>>>>>>
2026-03-02 16:16:46,007 : INFO : SwitchController : <<<<<<< 's_flipper_right_lower' inactive >>>>>>>
2026-03-02 16:16:46,098 : INFO : SwitchController : <<<<<<< 's_flipper_right_upper_eos' inactive >>>>>>>
2026-03-02 16:16:46,115 : INFO : SwitchController : <<<<<<< 's_flipper_right_lower_eos' active >>>>>>>
2026-03-02 16:16:46,115 : INFO : EventManager : Event: ======'machine_var_audits_switches_s_flipper_right_lower_eos'====== Args={'value': 286, 'prev_value': 285, 'change': 1}
2026-03-02 16:16:47,000 : INFO : SwitchController : <<<<<<< 's_sling_left' active >>>>>>>
2026-03-02 16:16:47,000 : INFO : EventManager : Event: ======'s_sling_left_active'====== Args={}
2026-03-02 16:16:47,001 : INFO : EventManager : Event: ======'machine_var_audits_switches_s_sling_left'====== Args={'value': 19, 'prev_value': 18, 'change': 1}
2026-03-02 16:16:47,001 : INFO : EventManager : Event: ======'machine_var_audits_shots_sling_left'====== Args={'value': 19, 'prev_value': 18, 'change': 1}
2026-03-02 16:16:47,002 : INFO : EventManager : Event: ======'sling_left_hit'====== Args={'profile': 'default', 'state': 'lit', 'advancing': False}
2026-03-02 16:16:47,002 : INFO : EventManager : Event: ======'sling_left_default_hit'====== Args={'profile': 'default', 'state': 'lit', 'advancing': False}
2026-03-02 16:16:47,002 : INFO : EventManager : Event: ======'sling_left_default_lit_hit'====== Args={'profile': 'default', 'state': 'lit', 'advancing': False}
2026-03-02 16:16:47,002 : INFO : EventManager : Event: ======'sling_left_lit_hit'====== Args={'profile': 'default', 'state': 'lit', 'advancing': False}
2026-03-02 16:16:47,002 : INFO : EventManager : Event: ======'slings_hit'====== Args={'shot': 'sling_left'}
2026-03-02 16:16:47,002 : INFO : EventManager : Event: ======'slings_lit_hit'====== Args={'shot': 'sling_left'}
2026-03-02 16:16:47,002 : INFO : EventManager : Event: ======'player_score'====== Args={'value': 1200, 'prev_value': 1100, 'change': 100, 'player_num': 1, 'source': 'bumpers'}
2026-03-02 16:16:47,021 : INFO : SwitchController : <<<<<<< 's_sling_left' inactive >>>>>>>
2026-03-02 16:16:47,021 : INFO : SwitchController : <<<<<<< 's_inlane_right_1' inactive >>>>>>>
2026-03-02 16:16:47,028 : INFO : SwitchController : <<<<<<< 's_inlane_right_1' active >>>>>>>
2026-03-02 16:16:47,028 : INFO : EventManager : Event: ======'sw_playfield_active'====== Args={}
2026-03-02 16:16:47,028 : INFO : EventManager : Event: ======'machine_var_audits_switches_s_inlane_right_1'====== Args={'value': 256, 'prev_value': 255, 'change': 1}
2026-03-02 16:16:47,076 : INFO : SwitchController : <<<<<<< 's_inlane_right_1' inactive >>>>>>>
2026-03-02 16:16:47,081 : INFO : SwitchController : <<<<<<< 's_inlane_right_1' active >>>>>>>
2026-03-02 16:16:47,081 : INFO : EventManager : Event: ======'sw_playfield_active'====== Args={}
2026-03-02 16:16:47,081 : INFO : EventManager : Event: ======'machine_var_audits_switches_s_inlane_right_1'====== Args={'value': 257, 'prev_value': 256, 'change': 1}
2026-03-02 16:16:47,094 : INFO : SwitchController : <<<<<<< 's_sling_right' active >>>>>>>
2026-03-02 16:16:47,095 : INFO : EventManager : Event: ======'s_sling_right_active'====== Args={}
2026-03-02 16:16:47,095 : INFO : EventManager : Event: ======'machine_var_audits_switches_s_sling_right'====== Args={'value': 26, 'prev_value': 25, 'change': 1}
2026-03-02 16:16:47,096 : INFO : EventManager : Event: ======'machine_var_audits_shots_sling_right'====== Args={'value': 26, 'prev_value': 25, 'change': 1}
2026-03-02 16:16:47,096 : INFO : EventManager : Event: ======'sling_right_hit'====== Args={'profile': 'default', 'state': 'lit', 'advancing': False}
2026-03-02 16:16:47,096 : INFO : EventManager : Event: ======'sling_right_default_hit'====== Args={'profile': 'default', 'state': 'lit', 'advancing': False}
2026-03-02 16:16:47,096 : INFO : EventManager : Event: ======'sling_right_default_lit_hit'====== Args={'profile': 'default', 'state': 'lit', 'advancing': False}
2026-03-02 16:16:47,096 : INFO : EventManager : Event: ======'sling_right_lit_hit'====== Args={'profile': 'default', 'state': 'lit', 'advancing': False}
2026-03-02 16:16:47,096 : INFO : EventManager : Event: ======'slings_hit'====== Args={'shot': 'sling_right'}
2026-03-02 16:16:47,096 : INFO : EventManager : Event: ======'slings_lit_hit'====== Args={'shot': 'sling_right'}
2026-03-02 16:16:47,096 : INFO : EventManager : Event: ======'player_score'====== Args={'value': 1300, 'prev_value': 1200, 'change': 100, 'player_num': 1, 'source': 'bumpers'}
2026-03-02 16:16:47,098 : INFO : SwitchController : <<<<<<< 's_sling_right' inactive >>>>>>>
2026-03-02 16:16:47,112 : INFO : SwitchController : <<<<<<< 's_inlane_right_1' inactive >>>>>>>
2026-03-02 16:16:47,112 : INFO : SwitchController : <<<<<<< 's_inlane_right_1' active >>>>>>>
2026-03-02 16:16:47,112 : INFO : EventManager : Event: ======'sw_playfield_active'====== Args={}
2026-03-02 16:16:47,112 : INFO : EventManager : Event: ======'machine_var_audits_switches_s_inlane_right_1'====== Args={'value': 258, 'prev_value': 257, 'change': 1}
2026-03-02 16:16:47,168 : INFO : SwitchController : <<<<<<< 's_inlane_right_1' inactive >>>>>>>
2026-03-02 16:16:47,174 : INFO : SwitchController : <<<<<<< 's_inlane_right_1' active >>>>>>>
2026-03-02 16:16:47,174 : INFO : EventManager : Event: ======'sw_playfield_active'====== Args={}
2026-03-02 16:16:47,175 : INFO : EventManager : Event: ======'machine_var_audits_switches_s_inlane_right_1'====== Args={'value': 259, 'prev_value': 258, 'change': 1}
2026-03-02 16:16:48,556 : INFO : SwitchController : <<<<<<< 's_flipper_right_lower' active >>>>>>>
2026-03-02 16:16:48,556 : INFO : EventManager : Event: ======'machine_var_audits_switches_s_flipper_right_lower'====== Args={'value': 380, 'prev_value': 379, 'change': 1}
2026-03-02 16:16:48,590 : INFO : SwitchController : <<<<<<< 's_flipper_right_lower_eos' inactive >>>>>>>
2026-03-02 16:16:48,592 : INFO : SwitchController : <<<<<<< 's_inlane_right_1' inactive >>>>>>>
2026-03-02 16:16:48,600 : INFO : SwitchController : <<<<<<< 's_inlane_right_1' active >>>>>>>
2026-03-02 16:16:48,601 : INFO : EventManager : Event: ======'sw_playfield_active'====== Args={}
2026-03-02 16:16:48,601 : INFO : EventManager : Event: ======'machine_var_audits_switches_s_inlane_right_1'====== Args={'value': 260, 'prev_value': 259, 'change': 1}
2026-03-02 16:16:48,759 : INFO : SwitchController : <<<<<<< 's_flipper_right_lower' inactive >>>>>>>
2026-03-02 16:16:48,862 : INFO : SwitchController : <<<<<<< 's_flipper_right_lower_eos' active >>>>>>>
2026-03-02 16:16:48,862 : INFO : EventManager : Event: ======'machine_var_audits_switches_s_flipper_right_lower_eos'====== Args={'value': 287, 'prev_value': 286, 'change': 1}
2026-03-02 16:16:49,119 : INFO : SwitchController : <<<<<<< 's_flipper_right_lower' active >>>>>>>
2026-03-02 16:16:49,119 : INFO : EventManager : Event: ======'machine_var_audits_switches_s_flipper_right_lower'====== Args={'value': 381, 'prev_value': 380, 'change': 1}
2026-03-02 16:16:49,153 : INFO : SwitchController : <<<<<<< 's_flipper_right_lower_eos' inactive >>>>>>>
2026-03-02 16:16:49,155 : INFO : SwitchController : <<<<<<< 's_inlane_right_1' inactive >>>>>>>
2026-03-02 16:16:49,169 : INFO : SwitchController : <<<<<<< 's_inlane_right_1' active >>>>>>>
2026-03-02 16:16:49,169 : INFO : EventManager : Event: ======'sw_playfield_active'====== Args={}
2026-03-02 16:16:49,169 : INFO : EventManager : Event: ======'machine_var_audits_switches_s_inlane_right_1'====== Args={'value': 261, 'prev_value': 260, 'change': 1}
2026-03-02 16:16:49,272 : INFO : SwitchController : <<<<<<< 's_flipper_right_lower' inactive >>>>>>>
2026-03-02 16:16:49,373 : INFO : SwitchController : <<<<<<< 's_flipper_right_lower_eos' active >>>>>>>
2026-03-02 16:16:49,373 : INFO : EventManager : Event: ======'machine_var_audits_switches_s_flipper_right_lower_eos'====== Args={'value': 288, 'prev_value': 287, 'change': 1}
2026-03-02 16:16:49,483 : INFO : SwitchController : <<<<<<< 's_flipper_right_lower' active >>>>>>>
2026-03-02 16:16:49,484 : INFO : EventManager : Event: ======'machine_var_audits_switches_s_flipper_right_lower'====== Args={'value': 382, 'prev_value': 381, 'change': 1}
2026-03-02 16:16:49,485 : INFO : SwitchController : <<<<<<< 's_flipper_right_upper' active >>>>>>>
2026-03-02 16:16:49,486 : INFO : EventManager : Event: ======'machine_var_audits_switches_s_flipper_right_upper'====== Args={'value': 251, 'prev_value': 250, 'change': 1}
2026-03-02 16:16:49,512 : INFO : SwitchController : <<<<<<< 's_inlane_right_1' inactive >>>>>>>
2026-03-02 16:16:49,518 : INFO : SwitchController : <<<<<<< 's_inlane_right_1' active >>>>>>>
2026-03-02 16:16:49,518 : INFO : EventManager : Event: ======'sw_playfield_active'====== Args={}
2026-03-02 16:16:49,518 : INFO : EventManager : Event: ======'machine_var_audits_switches_s_inlane_right_1'====== Args={'value': 262, 'prev_value': 261, 'change': 1}
2026-03-02 16:16:49,519 : INFO : SwitchController : <<<<<<< 's_flipper_right_lower_eos' inactive >>>>>>>
2026-03-02 16:16:49,530 : INFO : SwitchController : <<<<<<< 's_inlane_right_1' inactive >>>>>>>
2026-03-02 16:16:49,530 : INFO : SwitchController : <<<<<<< 's_flipper_right_upper_eos' active >>>>>>>
2026-03-02 16:16:49,530 : INFO : EventManager : Event: ======'machine_var_audits_switches_s_flipper_right_upper_eos'====== Args={'value': 117, 'prev_value': 116, 'change': 1}
2026-03-02 16:16:49,531 : INFO : SwitchController : <<<<<<< 's_inlane_right_1' active >>>>>>>
2026-03-02 16:16:49,531 : INFO : EventManager : Event: ======'sw_playfield_active'====== Args={}
2026-03-02 16:16:49,531 : INFO : EventManager : Event: ======'machine_var_audits_switches_s_inlane_right_1'====== Args={'value': 263, 'prev_value': 262, 'change': 1}
2026-03-02 16:16:49,567 : INFO : SwitchController : <<<<<<< 's_flipper_right_upper' inactive >>>>>>>
2026-03-02 16:16:49,584 : INFO : SwitchController : <<<<<<< 's_flipper_right_lower' inactive >>>>>>>
2026-03-02 16:16:49,667 : INFO : SwitchController : <<<<<<< 's_flipper_right_upper_eos' inactive >>>>>>>
2026-03-02 16:16:49,675 : INFO : SwitchController : <<<<<<< 's_flipper_right_lower_eos' active >>>>>>>
2026-03-02 16:16:49,675 : INFO : EventManager : Event: ======'machine_var_audits_switches_s_flipper_right_lower_eos'====== Args={'value': 289, 'prev_value': 288, 'change': 1}
2026-03-02 16:16:49,734 : INFO : SwitchController : <<<<<<< 's_flipper_right_lower' active >>>>>>>
2026-03-02 16:16:49,735 : INFO : EventManager : Event: ======'machine_var_audits_switches_s_flipper_right_lower'====== Args={'value': 383, 'prev_value': 382, 'change': 1}
2026-03-02 16:16:49,737 : INFO : SwitchController : <<<<<<< 's_flipper_right_upper' active >>>>>>>
2026-03-02 16:16:49,738 : INFO : EventManager : Event: ======'machine_var_audits_switches_s_flipper_right_upper'====== Args={'value': 252, 'prev_value': 251, 'change': 1}
2026-03-02 16:16:49,743 : INFO : SwitchController : <<<<<<< 's_sling_right' active >>>>>>>
2026-03-02 16:16:49,743 : INFO : EventManager : Event: ======'s_sling_right_active'====== Args={}
2026-03-02 16:16:49,744 : INFO : EventManager : Event: ======'machine_var_audits_switches_s_sling_right'====== Args={'value': 27, 'prev_value': 26, 'change': 1}
2026-03-02 16:16:49,744 : INFO : EventManager : Event: ======'machine_var_audits_shots_sling_right'====== Args={'value': 27, 'prev_value': 26, 'change': 1}
2026-03-02 16:16:49,745 : INFO : EventManager : Event: ======'sling_right_hit'====== Args={'profile': 'default', 'state': 'lit', 'advancing': False}
2026-03-02 16:16:49,745 : INFO : EventManager : Event: ======'sling_right_default_hit'====== Args={'profile': 'default', 'state': 'lit', 'advancing': False}
2026-03-02 16:16:49,745 : INFO : EventManager : Event: ======'sling_right_default_lit_hit'====== Args={'profile': 'default', 'state': 'lit', 'advancing': False}
2026-03-02 16:16:49,745 : INFO : EventManager : Event: ======'sling_right_lit_hit'====== Args={'profile': 'default', 'state': 'lit', 'advancing': False}
2026-03-02 16:16:49,745 : INFO : EventManager : Event: ======'slings_hit'====== Args={'shot': 'sling_right'}
2026-03-02 16:16:49,745 : INFO : EventManager : Event: ======'slings_lit_hit'====== Args={'shot': 'sling_right'}
2026-03-02 16:16:49,745 : INFO : EventManager : Event: ======'player_score'====== Args={'value': 1400, 'prev_value': 1300, 'change': 100, 'player_num': 1, 'source': 'bumpers'}
2026-03-02 16:16:49,748 : INFO : SwitchController : <<<<<<< 's_flipper_right_upper' inactive >>>>>>>
2026-03-02 16:16:49,748 : INFO : SwitchController : <<<<<<< 's_flipper_right_upper' active >>>>>>>
2026-03-02 16:16:49,748 : INFO : EventManager : Event: ======'machine_var_audits_switches_s_flipper_right_upper'====== Args={'value': 253, 'prev_value': 252, 'change': 1}
2026-03-02 16:16:49,761 : INFO : SwitchController : <<<<<<< 's_sling_right' inactive >>>>>>>
2026-03-02 16:16:49,762 : INFO : SwitchController : <<<<<<< 's_inlane_right_1' inactive >>>>>>>
2026-03-02 16:16:49,777 : INFO : SwitchController : <<<<<<< 's_inlane_right_1' active >>>>>>>
2026-03-02 16:16:49,777 : INFO : EventManager : Event: ======'sw_playfield_active'====== Args={}
2026-03-02 16:16:49,777 : INFO : EventManager : Event: ======'machine_var_audits_switches_s_inlane_right_1'====== Args={'value': 264, 'prev_value': 263, 'change': 1}
2026-03-02 16:16:49,777 : INFO : SwitchController : <<<<<<< 's_flipper_right_lower_eos' inactive >>>>>>>
2026-03-02 16:16:49,778 : INFO : SwitchController : <<<<<<< 's_flipper_right_upper_eos' active >>>>>>>
2026-03-02 16:16:49,778 : INFO : EventManager : Event: ======'machine_var_audits_switches_s_flipper_right_upper_eos'====== Args={'value': 118, 'prev_value': 117, 'change': 1}
2026-03-02 16:16:49,812 : INFO : SwitchController : <<<<<<< 's_flipper_right_upper' inactive >>>>>>>
2026-03-02 16:16:49,820 : INFO : SwitchController : <<<<<<< 's_flipper_right_lower' inactive >>>>>>>
2026-03-02 16:16:49,821 : INFO : SwitchController : <<<<<<< 's_inlane_right_1' inactive >>>>>>>
2026-03-02 16:16:49,829 : INFO : SwitchController : <<<<<<< 's_inlane_right_1' active >>>>>>>
2026-03-02 16:16:49,829 : INFO : EventManager : Event: ======'sw_playfield_active'====== Args={}
2026-03-02 16:16:49,829 : INFO : EventManager : Event: ======'machine_var_audits_switches_s_inlane_right_1'====== Args={'value': 265, 'prev_value': 264, 'change': 1}
2026-03-02 16:16:49,878 : INFO : SwitchController : <<<<<<< 's_flipper_right_lower_eos' active >>>>>>>
2026-03-02 16:16:49,878 : INFO : EventManager : Event: ======'machine_var_audits_switches_s_flipper_right_lower_eos'====== Args={'value': 290, 'prev_value': 289, 'change': 1}
2026-03-02 16:16:49,907 : INFO : SwitchController : <<<<<<< 's_flipper_right_upper_eos' inactive >>>>>>>
2026-03-02 16:16:49,937 : INFO : SwitchController : <<<<<<< 's_sling_left' active >>>>>>>
2026-03-02 16:16:49,937 : INFO : EventManager : Event: ======'s_sling_left_active'====== Args={}
2026-03-02 16:16:49,937 : INFO : EventManager : Event: ======'machine_var_audits_switches_s_sling_left'====== Args={'value': 20, 'prev_value': 19, 'change': 1}
2026-03-02 16:16:49,937 : INFO : EventManager : Event: ======'machine_var_audits_shots_sling_left'====== Args={'value': 20, 'prev_value': 19, 'change': 1}
2026-03-02 16:16:49,938 : INFO : EventManager : Event: ======'sling_left_hit'====== Args={'profile': 'default', 'state': 'lit', 'advancing': False}
2026-03-02 16:16:49,938 : INFO : EventManager : Event: ======'sling_left_default_hit'====== Args={'profile': 'default', 'state': 'lit', 'advancing': False}
2026-03-02 16:16:49,938 : INFO : EventManager : Event: ======'sling_left_default_lit_hit'====== Args={'profile': 'default', 'state': 'lit', 'advancing': False}
2026-03-02 16:16:49,938 : INFO : EventManager : Event: ======'sling_left_lit_hit'====== Args={'profile': 'default', 'state': 'lit', 'advancing': False}
2026-03-02 16:16:49,938 : INFO : EventManager : Event: ======'slings_hit'====== Args={'shot': 'sling_left'}
2026-03-02 16:16:49,938 : INFO : EventManager : Event: ======'slings_lit_hit'====== Args={'shot': 'sling_left'}
2026-03-02 16:16:49,938 : INFO : EventManager : Event: ======'player_score'====== Args={'value': 1500, 'prev_value': 1400, 'change': 100, 'player_num': 1, 'source': 'bumpers'}
2026-03-02 16:16:49,952 : INFO : SwitchController : <<<<<<< 's_sling_left' inactive >>>>>>>
2026-03-02 16:16:49,954 : INFO : SwitchController : <<<<<<< 's_inlane_right_1' inactive >>>>>>>
2026-03-02 16:16:49,961 : INFO : SwitchController : <<<<<<< 's_inlane_right_1' active >>>>>>>
2026-03-02 16:16:49,961 : INFO : EventManager : Event: ======'sw_playfield_active'====== Args={}
2026-03-02 16:16:49,961 : INFO : EventManager : Event: ======'machine_var_audits_switches_s_inlane_right_1'====== Args={'value': 266, 'prev_value': 265, 'change': 1}
2026-03-02 16:16:50,084 : INFO : SwitchController : <<<<<<< 's_flipper_right_lower' active >>>>>>>
2026-03-02 16:16:50,084 : INFO : EventManager : Event: ======'machine_var_audits_switches_s_flipper_right_lower'====== Args={'value': 384, 'prev_value': 383, 'change': 1}
2026-03-02 16:16:50,113 : INFO : SwitchController : <<<<<<< 's_flipper_right_upper' active >>>>>>>
2026-03-02 16:16:50,113 : INFO : EventManager : Event: ======'machine_var_audits_switches_s_flipper_right_upper'====== Args={'value': 254, 'prev_value': 253, 'change': 1}
2026-03-02 16:16:50,118 : INFO : SwitchController : <<<<<<< 's_flipper_right_lower_eos' inactive >>>>>>>
2026-03-02 16:16:50,119 : INFO : SwitchController : <<<<<<< 's_inlane_right_1' inactive >>>>>>>
2026-03-02 16:16:50,144 : INFO : SwitchController : <<<<<<< 's_flipper_right_upper_eos' active >>>>>>>
2026-03-02 16:16:50,144 : INFO : EventManager : Event: ======'machine_var_audits_switches_s_flipper_right_upper_eos'====== Args={'value': 119, 'prev_value': 118, 'change': 1}
2026-03-02 16:16:50,145 : INFO : SwitchController : <<<<<<< 's_inlane_right_1' active >>>>>>>
2026-03-02 16:16:50,145 : INFO : EventManager : Event: ======'sw_playfield_active'====== Args={}
2026-03-02 16:16:50,145 : INFO : EventManager : Event: ======'machine_var_audits_switches_s_inlane_right_1'====== Args={'value': 267, 'prev_value': 266, 'change': 1}
2026-03-02 16:16:50,176 : INFO : SwitchController : <<<<<<< 's_flipper_right_upper' inactive >>>>>>>
2026-03-02 16:16:50,195 : INFO : SwitchController : <<<<<<< 's_flipper_right_lower' inactive >>>>>>>
2026-03-02 16:16:50,274 : INFO : SwitchController : <<<<<<< 's_flipper_right_upper_eos' inactive >>>>>>>
2026-03-02 16:16:50,290 : INFO : SwitchController : <<<<<<< 's_flipper_right_lower_eos' active >>>>>>>
2026-03-02 16:16:50,290 : INFO : EventManager : Event: ======'machine_var_audits_switches_s_flipper_right_lower_eos'====== Args={'value': 291, 'prev_value': 290, 'change': 1}
2026-03-02 16:16:50,807 : INFO : SwitchController : <<<<<<< 's_flipper_right_lower' active >>>>>>>
2026-03-02 16:16:50,807 : INFO : EventManager : Event: ======'machine_var_audits_switches_s_flipper_right_lower'====== Args={'value': 385, 'prev_value': 384, 'change': 1}
2026-03-02 16:16:50,825 : INFO : SwitchController : <<<<<<< 's_flipper_right_upper' active >>>>>>>
2026-03-02 16:16:50,826 : INFO : EventManager : Event: ======'machine_var_audits_switches_s_flipper_right_upper'====== Args={'value': 255, 'prev_value': 254, 'change': 1}
2026-03-02 16:16:50,840 : INFO : SwitchController : <<<<<<< 's_flipper_right_lower_eos' inactive >>>>>>>
2026-03-02 16:16:50,841 : INFO : SwitchController : <<<<<<< 's_inlane_right_1' inactive >>>>>>>
2026-03-02 16:16:50,856 : INFO : SwitchController : <<<<<<< 's_flipper_right_upper_eos' active >>>>>>>
2026-03-02 16:16:50,857 : INFO : EventManager : Event: ======'machine_var_audits_switches_s_flipper_right_upper_eos'====== Args={'value': 120, 'prev_value': 119, 'change': 1}
2026-03-02 16:16:50,857 : INFO : SwitchController : <<<<<<< 's_inlane_right_1' active >>>>>>>
2026-03-02 16:16:50,858 : INFO : EventManager : Event: ======'sw_playfield_active'====== Args={}
2026-03-02 16:16:50,858 : INFO : EventManager : Event: ======'machine_var_audits_switches_s_inlane_right_1'====== Args={'value': 268, 'prev_value': 267, 'change': 1}
2026-03-02 16:16:51,185 : INFO : SwitchController : <<<<<<< 's_flipper_right_upper' inactive >>>>>>>
2026-03-02 16:16:51,193 : INFO : SwitchController : <<<<<<< 's_flipper_right_lower' inactive >>>>>>>
2026-03-02 16:16:51,267 : INFO : SwitchController : <<<<<<< 's_flipper_left' active >>>>>>>
2026-03-02 16:16:51,267 : INFO : EventManager : Event: ======'machine_var_audits_switches_s_flipper_left'====== Args={'value': 186, 'prev_value': 185, 'change': 1}
2026-03-02 16:16:51,282 : INFO : SwitchController : <<<<<<< 's_flipper_right_upper_eos' inactive >>>>>>>
2026-03-02 16:16:51,287 : INFO : SwitchController : <<<<<<< 's_flipper_right_lower_eos' active >>>>>>>
2026-03-02 16:16:51,287 : INFO : EventManager : Event: ======'machine_var_audits_switches_s_flipper_right_lower_eos'====== Args={'value': 292, 'prev_value': 291, 'change': 1}
2026-03-02 16:16:51,300 : INFO : SwitchController : <<<<<<< 's_flipper_left_eos' inactive >>>>>>>
2026-03-02 16:16:51,441 : INFO : SwitchController : <<<<<<< 's_flipper_left' inactive >>>>>>>
2026-03-02 16:16:51,530 : INFO : SwitchController : <<<<<<< 's_flipper_left_eos' active >>>>>>>
2026-03-02 16:16:51,530 : INFO : EventManager : Event: ======'machine_var_audits_switches_s_flipper_left_eos'====== Args={'value': 166, 'prev_value': 165, 'change': 1}
2026-03-02 16:16:54,852 : INFO : SwitchController : <<<<<<< 's_flipper_right_lower' active >>>>>>>
2026-03-02 16:16:54,852 : INFO : EventManager : Event: ======'machine_var_audits_switches_s_flipper_right_lower'====== Args={'value': 386, 'prev_value': 385, 'change': 1}
2026-03-02 16:16:54,859 : INFO : SwitchController : <<<<<<< 's_flipper_right_lower' inactive >>>>>>>
2026-03-02 16:16:54,859 : INFO : SwitchController : <<<<<<< 's_flipper_right_lower' active >>>>>>>
2026-03-02 16:16:54,859 : INFO : EventManager : Event: ======'machine_var_audits_switches_s_flipper_right_lower'====== Args={'value': 387, 'prev_value': 386, 'change': 1}
2026-03-02 16:16:54,971 : INFO : SwitchController : <<<<<<< 's_flipper_right_lower' inactive >>>>>>>
2026-03-02 16:16:55,894 : INFO : SwitchController : <<<<<<< 's_flipper_right_lower' active >>>>>>>
2026-03-02 16:16:55,894 : INFO : EventManager : Event: ======'machine_var_audits_switches_s_flipper_right_lower'====== Args={'value': 388, 'prev_value': 387, 'change': 1}
2026-03-02 16:16:55,925 : INFO : SwitchController : <<<<<<< 's_flipper_right_lower_eos' inactive >>>>>>>
2026-03-02 16:16:55,927 : INFO : SwitchController : <<<<<<< 's_inlane_right_1' inactive >>>>>>>
2026-03-02 16:16:55,935 : INFO : SwitchController : <<<<<<< 's_inlane_right_1' active >>>>>>>
2026-03-02 16:16:55,935 : INFO : EventManager : Event: ======'sw_playfield_active'====== Args={}
2026-03-02 16:16:55,936 : INFO : EventManager : Event: ======'machine_var_audits_switches_s_inlane_right_1'====== Args={'value': 269, 'prev_value': 268, 'change': 1}
2026-03-02 16:16:56,029 : INFO : SwitchController : <<<<<<< 's_flipper_right_lower' inactive >>>>>>>
2026-03-02 16:16:56,128 : INFO : SwitchController : <<<<<<< 's_flipper_right_lower_eos' active >>>>>>>
2026-03-02 16:16:56,128 : INFO : EventManager : Event: ======'machine_var_audits_switches_s_flipper_right_lower_eos'====== Args={'value': 293, 'prev_value': 292, 'change': 1}
2026-03-02 16:16:58,069 : INFO : SwitchController : <<<<<<< 's_flipper_left' active >>>>>>>
2026-03-02 16:16:58,069 : INFO : EventManager : Event: ======'machine_var_audits_switches_s_flipper_left'====== Args={'value': 187, 'prev_value': 186, 'change': 1}
2026-03-02 16:16:58,092 : INFO : SwitchController : <<<<<<< 's_flipper_left_eos' inactive >>>>>>>
2026-03-02 16:16:58,096 : INFO : SwitchController : <<<<<<< 's_inlane_right_1' inactive >>>>>>>
2026-03-02 16:16:58,108 : INFO : SwitchController : <<<<<<< 's_inlane_right_1' active >>>>>>>
2026-03-02 16:16:58,108 : INFO : EventManager : Event: ======'sw_playfield_active'====== Args={}
2026-03-02 16:16:58,108 : INFO : EventManager : Event: ======'machine_var_audits_switches_s_inlane_right_1'====== Args={'value': 270, 'prev_value': 269, 'change': 1}
2026-03-02 16:16:59,349 : INFO : SwitchController : <<<<<<< 's_flipper_left' inactive >>>>>>>
2026-03-02 16:16:59,410 : INFO : SwitchController : <<<<<<< 's_flipper_right_lower' active >>>>>>>
2026-03-02 16:16:59,410 : INFO : EventManager : Event: ======'machine_var_audits_switches_s_flipper_right_lower'====== Args={'value': 389, 'prev_value': 388, 'change': 1}
2026-03-02 16:16:59,437 : INFO : SwitchController : <<<<<<< 's_flipper_left_eos' active >>>>>>>
2026-03-02 16:16:59,437 : INFO : EventManager : Event: ======'machine_var_audits_switches_s_flipper_left_eos'====== Args={'value': 167, 'prev_value': 166, 'change': 1}
2026-03-02 16:16:59,441 : INFO : SwitchController : <<<<<<< 's_flipper_right_lower_eos' inactive >>>>>>>
2026-03-02 16:16:59,445 : INFO : SwitchController : <<<<<<< 's_inlane_right_1' inactive >>>>>>>
2026-03-02 16:16:59,456 : INFO : SwitchController : <<<<<<< 's_inlane_right_1' active >>>>>>>
2026-03-02 16:16:59,457 : INFO : EventManager : Event: ======'sw_playfield_active'====== Args={}
2026-03-02 16:16:59,457 : INFO : EventManager : Event: ======'machine_var_audits_switches_s_inlane_right_1'====== Args={'value': 271, 'prev_value': 270, 'change': 1}
2026-03-02 16:16:59,992 : INFO : SwitchController : <<<<<<< 's_flipper_right_lower' inactive >>>>>>>
2026-03-02 16:17:00,096 : INFO : SwitchController : <<<<<<< 's_flipper_right_lower_eos' active >>>>>>>
2026-03-02 16:17:00,097 : INFO : EventManager : Event: ======'machine_var_audits_switches_s_flipper_right_lower_eos'====== Args={'value': 294, 'prev_value': 293, 'change': 1}
2026-03-02 16:17:01,850 : INFO : SwitchController : <<<<<<< 's_flipper_right_lower' active >>>>>>>
2026-03-02 16:17:01,850 : INFO : EventManager : Event: ======'machine_var_audits_switches_s_flipper_right_lower'====== Args={'value': 390, 'prev_value': 389, 'change': 1}
2026-03-02 16:17:01,878 : INFO : SwitchController : <<<<<<< 's_flipper_right_upper' active >>>>>>>
2026-03-02 16:17:01,878 : INFO : EventManager : Event: ======'machine_var_audits_switches_s_flipper_right_upper'====== Args={'value': 256, 'prev_value': 255, 'change': 1}
2026-03-02 16:17:01,914 : INFO : SwitchController : <<<<<<< 's_flipper_right_upper_eos' active >>>>>>>
2026-03-02 16:17:01,914 : INFO : EventManager : Event: ======'machine_var_audits_switches_s_flipper_right_upper_eos'====== Args={'value': 121, 'prev_value': 120, 'change': 1}
2026-03-02 16:17:01,981 : INFO : SwitchController : <<<<<<< 's_flipper_right_upper' inactive >>>>>>>
2026-03-02 16:17:01,997 : INFO : SwitchController : <<<<<<< 's_flipper_right_lower' inactive >>>>>>>
2026-03-02 16:17:02,079 : INFO : SwitchController : <<<<<<< 's_flipper_right_upper_eos' inactive >>>>>>>
2026-03-02 16:17:03,634 : INFO : SwitchController : <<<<<<< 's_sling_right' active >>>>>>>
2026-03-02 16:17:03,634 : INFO : EventManager : Event: ======'s_sling_right_active'====== Args={}
2026-03-02 16:17:03,634 : INFO : EventManager : Event: ======'machine_var_audits_switches_s_sling_right'====== Args={'value': 28, 'prev_value': 27, 'change': 1}
2026-03-02 16:17:03,635 : INFO : EventManager : Event: ======'machine_var_audits_shots_sling_right'====== Args={'value': 28, 'prev_value': 27, 'change': 1}
2026-03-02 16:17:03,635 : INFO : EventManager : Event: ======'sling_right_hit'====== Args={'profile': 'default', 'state': 'lit', 'advancing': False}
2026-03-02 16:17:03,635 : INFO : EventManager : Event: ======'sling_right_default_hit'====== Args={'profile': 'default', 'state': 'lit', 'advancing': False}
2026-03-02 16:17:03,635 : INFO : EventManager : Event: ======'sling_right_default_lit_hit'====== Args={'profile': 'default', 'state': 'lit', 'advancing': False}
2026-03-02 16:17:03,636 : INFO : EventManager : Event: ======'sling_right_lit_hit'====== Args={'profile': 'default', 'state': 'lit', 'advancing': False}
2026-03-02 16:17:03,636 : INFO : EventManager : Event: ======'slings_hit'====== Args={'shot': 'sling_right'}
2026-03-02 16:17:03,636 : INFO : EventManager : Event: ======'slings_lit_hit'====== Args={'shot': 'sling_right'}
2026-03-02 16:17:03,636 : INFO : EventManager : Event: ======'player_score'====== Args={'value': 1600, 'prev_value': 1500, 'change': 100, 'player_num': 1, 'source': 'bumpers'}
2026-03-02 16:17:03,653 : INFO : SwitchController : <<<<<<< 's_sling_right' inactive >>>>>>>
2026-03-02 16:17:03,653 : INFO : SwitchController : <<<<<<< 's_inlane_right_1' inactive >>>>>>>
2026-03-02 16:17:03,658 : INFO : SwitchController : <<<<<<< 's_inlane_right_1' active >>>>>>>
2026-03-02 16:17:03,658 : INFO : EventManager : Event: ======'sw_playfield_active'====== Args={}
2026-03-02 16:17:03,659 : INFO : EventManager : Event: ======'machine_var_audits_switches_s_inlane_right_1'====== Args={'value': 272, 'prev_value': 271, 'change': 1}
2026-03-02 16:17:03,715 : INFO : SwitchController : <<<<<<< 's_inlane_right_1' inactive >>>>>>>
2026-03-02 16:17:03,721 : INFO : SwitchController : <<<<<<< 's_inlane_right_1' active >>>>>>>
2026-03-02 16:17:03,722 : INFO : EventManager : Event: ======'sw_playfield_active'====== Args={}
2026-03-02 16:17:03,722 : INFO : EventManager : Event: ======'machine_var_audits_switches_s_inlane_right_1'====== Args={'value': 273, 'prev_value': 272, 'change': 1}
2026-03-02 16:17:04,767 : INFO : SwitchController : <<<<<<< 's_flipper_left' active >>>>>>>
2026-03-02 16:17:04,767 : INFO : EventManager : Event: ======'machine_var_audits_switches_s_flipper_left'====== Args={'value': 188, 'prev_value': 187, 'change': 1}
2026-03-02 16:17:04,803 : INFO : SwitchController : <<<<<<< 's_flipper_left_eos' inactive >>>>>>>
2026-03-02 16:17:04,933 : INFO : SwitchController : <<<<<<< 's_flipper_left' inactive >>>>>>>
2026-03-02 16:17:05,019 : INFO : SwitchController : <<<<<<< 's_flipper_left_eos' active >>>>>>>
2026-03-02 16:17:05,019 : INFO : EventManager : Event: ======'machine_var_audits_switches_s_flipper_left_eos'====== Args={'value': 168, 'prev_value': 167, 'change': 1}
2026-03-02 16:17:06,292 : INFO : SwitchController : <<<<<<< 's_flipper_right_lower' active >>>>>>>
2026-03-02 16:17:06,293 : INFO : EventManager : Event: ======'machine_var_audits_switches_s_flipper_right_lower'====== Args={'value': 391, 'prev_value': 390, 'change': 1}
2026-03-02 16:17:06,324 : INFO : SwitchController : <<<<<<< 's_flipper_right_lower_eos' inactive >>>>>>>
2026-03-02 16:17:06,326 : INFO : SwitchController : <<<<<<< 's_inlane_right_1' inactive >>>>>>>
2026-03-02 16:17:06,339 : INFO : SwitchController : <<<<<<< 's_inlane_right_1' active >>>>>>>
2026-03-02 16:17:06,339 : INFO : EventManager : Event: ======'sw_playfield_active'====== Args={}
2026-03-02 16:17:06,339 : INFO : EventManager : Event: ======'machine_var_audits_switches_s_inlane_right_1'====== Args={'value': 274, 'prev_value': 273, 'change': 1}
2026-03-02 16:17:06,443 : INFO : SwitchController : <<<<<<< 's_flipper_right_lower' inactive >>>>>>>
2026-03-02 16:17:06,544 : INFO : SwitchController : <<<<<<< 's_flipper_right_lower_eos' active >>>>>>>
2026-03-02 16:17:06,544 : INFO : EventManager : Event: ======'machine_var_audits_switches_s_flipper_right_lower_eos'====== Args={'value': 295, 'prev_value': 294, 'change': 1}
2026-03-02 16:17:07,063 : INFO : SwitchController : <<<<<<< 's_flipper_right_lower' active >>>>>>>
2026-03-02 16:17:07,063 : INFO : EventManager : Event: ======'machine_var_audits_switches_s_flipper_right_lower'====== Args={'value': 392, 'prev_value': 391, 'change': 1}
2026-03-02 16:17:07,167 : INFO : SwitchController : <<<<<<< 's_flipper_right_lower' inactive >>>>>>>
2026-03-02 16:17:10,258 : INFO : SwitchController : <<<<<<< 's_flipper_right_lower' active >>>>>>>
2026-03-02 16:17:10,259 : INFO : EventManager : Event: ======'machine_var_audits_switches_s_flipper_right_lower'====== Args={'value': 393, 'prev_value': 392, 'change': 1}
2026-03-02 16:17:10,277 : INFO : SwitchController : <<<<<<< 's_flipper_right_upper' active >>>>>>>
2026-03-02 16:17:10,277 : INFO : EventManager : Event: ======'machine_var_audits_switches_s_flipper_right_upper'====== Args={'value': 257, 'prev_value': 256, 'change': 1}
2026-03-02 16:17:10,294 : INFO : SwitchController : <<<<<<< 's_flipper_right_lower_eos' inactive >>>>>>>
2026-03-02 16:17:10,294 : INFO : SwitchController : <<<<<<< 's_inlane_right_1' inactive >>>>>>>
2026-03-02 16:17:10,315 : INFO : SwitchController : <<<<<<< 's_inlane_right_1' active >>>>>>>
2026-03-02 16:17:10,315 : INFO : EventManager : Event: ======'sw_playfield_active'====== Args={}
2026-03-02 16:17:10,315 : INFO : EventManager : Event: ======'machine_var_audits_switches_s_inlane_right_1'====== Args={'value': 275, 'prev_value': 274, 'change': 1}
2026-03-02 16:17:10,315 : INFO : SwitchController : <<<<<<< 's_flipper_right_upper_eos' active >>>>>>>
2026-03-02 16:17:10,316 : INFO : EventManager : Event: ======'machine_var_audits_switches_s_flipper_right_upper_eos'====== Args={'value': 122, 'prev_value': 121, 'change': 1}
2026-03-02 16:17:10,831 : INFO : SwitchController : <<<<<<< 's_flipper_right_upper' inactive >>>>>>>
2026-03-02 16:17:10,846 : INFO : SwitchController : <<<<<<< 's_flipper_right_lower' inactive >>>>>>>
2026-03-02 16:17:10,930 : INFO : SwitchController : <<<<<<< 's_flipper_right_upper_eos' inactive >>>>>>>
2026-03-02 16:17:10,946 : INFO : SwitchController : <<<<<<< 's_flipper_right_lower_eos' active >>>>>>>
2026-03-02 16:17:10,946 : INFO : EventManager : Event: ======'machine_var_audits_switches_s_flipper_right_lower_eos'====== Args={'value': 296, 'prev_value': 295, 'change': 1}
2026-03-02 16:17:11,387 : INFO : SwitchController : <<<<<<< 's_flipper_right_lower' active >>>>>>>
2026-03-02 16:17:11,387 : INFO : EventManager : Event: ======'machine_var_audits_switches_s_flipper_right_lower'====== Args={'value': 394, 'prev_value': 393, 'change': 1}
2026-03-02 16:17:11,424 : INFO : SwitchController : <<<<<<< 's_flipper_right_lower_eos' inactive >>>>>>>
2026-03-02 16:17:11,441 : INFO : SwitchController : <<<<<<< 's_flipper_right_upper' active >>>>>>>
2026-03-02 16:17:11,441 : INFO : EventManager : Event: ======'machine_var_audits_switches_s_flipper_right_upper'====== Args={'value': 258, 'prev_value': 257, 'change': 1}
2026-03-02 16:17:11,462 : INFO : SwitchController : <<<<<<< 's_inlane_right_1' inactive >>>>>>>
2026-03-02 16:17:11,471 : INFO : SwitchController : <<<<<<< 's_inlane_right_1' active >>>>>>>
2026-03-02 16:17:11,471 : INFO : EventManager : Event: ======'sw_playfield_active'====== Args={}
2026-03-02 16:17:11,471 : INFO : EventManager : Event: ======'machine_var_audits_switches_s_inlane_right_1'====== Args={'value': 276, 'prev_value': 275, 'change': 1}
2026-03-02 16:17:11,479 : INFO : SwitchController : <<<<<<< 's_flipper_right_upper_eos' active >>>>>>>
2026-03-02 16:17:11,479 : INFO : EventManager : Event: ======'machine_var_audits_switches_s_flipper_right_upper_eos'====== Args={'value': 123, 'prev_value': 122, 'change': 1}
2026-03-02 16:17:11,559 : INFO : SwitchController : <<<<<<< 's_flipper_right_upper' inactive >>>>>>>
2026-03-02 16:17:11,569 : INFO : SwitchController : <<<<<<< 's_flipper_right_lower' inactive >>>>>>>
2026-03-02 16:17:11,658 : INFO : SwitchController : <<<<<<< 's_flipper_right_upper_eos' inactive >>>>>>>
2026-03-02 16:17:11,673 : INFO : SwitchController : <<<<<<< 's_flipper_right_lower_eos' active >>>>>>>
2026-03-02 16:17:11,673 : INFO : EventManager : Event: ======'machine_var_audits_switches_s_flipper_right_lower_eos'====== Args={'value': 297, 'prev_value': 296, 'change': 1}
2026-03-02 16:17:13,611 : INFO : SwitchController : <<<<<<< 's_flipper_right_lower' active >>>>>>>
2026-03-02 16:17:13,612 : INFO : EventManager : Event: ======'machine_var_audits_switches_s_flipper_right_lower'====== Args={'value': 395, 'prev_value': 394, 'change': 1}
2026-03-02 16:17:13,647 : INFO : SwitchController : <<<<<<< 's_flipper_right_lower_eos' inactive >>>>>>>
2026-03-02 16:17:13,705 : INFO : SwitchController : <<<<<<< 's_flipper_right_upper' active >>>>>>>
2026-03-02 16:17:13,706 : INFO : EventManager : Event: ======'machine_var_audits_switches_s_flipper_right_upper'====== Args={'value': 259, 'prev_value': 258, 'change': 1}
2026-03-02 16:17:13,733 : INFO : SwitchController : <<<<<<< 's_inlane_right_1' inactive >>>>>>>
2026-03-02 16:17:13,739 : INFO : SwitchController : <<<<<<< 's_inlane_right_1' active >>>>>>>
2026-03-02 16:17:13,740 : INFO : EventManager : Event: ======'sw_playfield_active'====== Args={}
2026-03-02 16:17:13,740 : INFO : EventManager : Event: ======'machine_var_audits_switches_s_inlane_right_1'====== Args={'value': 277, 'prev_value': 276, 'change': 1}
2026-03-02 16:17:13,743 : INFO : SwitchController : <<<<<<< 's_flipper_right_upper_eos' active >>>>>>>
2026-03-02 16:17:13,743 : INFO : EventManager : Event: ======'machine_var_audits_switches_s_flipper_right_upper_eos'====== Args={'value': 124, 'prev_value': 123, 'change': 1}
2026-03-02 16:17:14,165 : INFO : SwitchController : <<<<<<< 's_flipper_right_upper' inactive >>>>>>>
2026-03-02 16:17:14,263 : INFO : SwitchController : <<<<<<< 's_flipper_right_upper_eos' inactive >>>>>>>
2026-03-02 16:17:14,517 : INFO : SwitchController : <<<<<<< 's_flipper_right_lower' inactive >>>>>>>
2026-03-02 16:17:14,583 : INFO : SwitchController : <<<<<<< 's_flipper_right_lower' active >>>>>>>
2026-03-02 16:17:14,584 : INFO : EventManager : Event: ======'machine_var_audits_switches_s_flipper_right_lower'====== Args={'value': 396, 'prev_value': 395, 'change': 1}
2026-03-02 16:17:14,855 : INFO : SwitchController : <<<<<<< 's_flipper_right_lower' inactive >>>>>>>
2026-03-02 16:17:14,946 : INFO : SwitchController : <<<<<<< 's_flipper_right_lower_eos' active >>>>>>>
2026-03-02 16:17:14,946 : INFO : EventManager : Event: ======'machine_var_audits_switches_s_flipper_right_lower_eos'====== Args={'value': 298, 'prev_value': 297, 'change': 1}
2026-03-02 16:17:15,412 : INFO : SwitchController : <<<<<<< 's_flipper_right_lower' active >>>>>>>
2026-03-02 16:17:15,412 : INFO : EventManager : Event: ======'machine_var_audits_switches_s_flipper_right_lower'====== Args={'value': 397, 'prev_value': 396, 'change': 1}
2026-03-02 16:17:15,571 : INFO : SwitchController : <<<<<<< 's_flipper_right_lower' inactive >>>>>>>
2026-03-02 16:17:15,970 : INFO : SwitchController : <<<<<<< 's_flipper_right_lower' active >>>>>>>
2026-03-02 16:17:15,970 : INFO : EventManager : Event: ======'machine_var_audits_switches_s_flipper_right_lower'====== Args={'value': 398, 'prev_value': 397, 'change': 1}
2026-03-02 16:17:15,979 : INFO : SwitchController : <<<<<<< 's_flipper_left' active >>>>>>>
2026-03-02 16:17:15,979 : INFO : EventManager : Event: ======'machine_var_audits_switches_s_flipper_left'====== Args={'value': 189, 'prev_value': 188, 'change': 1}
2026-03-02 16:17:16,003 : INFO : SwitchController : <<<<<<< 's_flipper_left_eos' inactive >>>>>>>
2026-03-02 16:17:16,007 : INFO : SwitchController : <<<<<<< 's_inlane_right_1' inactive >>>>>>>
2026-03-02 16:17:16,018 : INFO : SwitchController : <<<<<<< 's_inlane_right_1' active >>>>>>>
2026-03-02 16:17:16,018 : INFO : EventManager : Event: ======'sw_playfield_active'====== Args={}
2026-03-02 16:17:16,018 : INFO : EventManager : Event: ======'machine_var_audits_switches_s_inlane_right_1'====== Args={'value': 278, 'prev_value': 277, 'change': 1}
2026-03-02 16:17:16,139 : INFO : SwitchController : <<<<<<< 's_flipper_right_lower' inactive >>>>>>>
2026-03-02 16:17:16,703 : INFO : SwitchController : <<<<<<< 's_flipper_left' inactive >>>>>>>
2026-03-02 16:17:16,793 : INFO : SwitchController : <<<<<<< 's_flipper_left_eos' active >>>>>>>
2026-03-02 16:17:16,793 : INFO : EventManager : Event: ======'machine_var_audits_switches_s_flipper_left_eos'====== Args={'value': 169, 'prev_value': 168, 'change': 1}
2026-03-02 16:17:17,559 : INFO : SwitchController : <<<<<<< 's_flipper_left' active >>>>>>>
2026-03-02 16:17:17,559 : INFO : EventManager : Event: ======'machine_var_audits_switches_s_flipper_left'====== Args={'value': 190, 'prev_value': 189, 'change': 1}
2026-03-02 16:17:17,562 : INFO : SwitchController : <<<<<<< 's_flipper_left' inactive >>>>>>>
2026-03-02 16:17:17,566 : INFO : SwitchController : <<<<<<< 's_flipper_left' active >>>>>>>
2026-03-02 16:17:17,566 : INFO : EventManager : Event: ======'machine_var_audits_switches_s_flipper_left'====== Args={'value': 191, 'prev_value': 190, 'change': 1}
2026-03-02 16:17:17,599 : INFO : SwitchController : <<<<<<< 's_flipper_left_eos' inactive >>>>>>>
2026-03-02 16:17:17,603 : INFO : SwitchController : <<<<<<< 's_inlane_right_1' inactive >>>>>>>
2026-03-02 16:17:17,609 : INFO : SwitchController : <<<<<<< 's_inlane_right_1' active >>>>>>>
2026-03-02 16:17:17,609 : INFO : EventManager : Event: ======'sw_playfield_active'====== Args={}
2026-03-02 16:17:17,610 : INFO : EventManager : Event: ======'machine_var_audits_switches_s_inlane_right_1'====== Args={'value': 279, 'prev_value': 278, 'change': 1}
2026-03-02 16:17:17,690 : INFO : SwitchController : <<<<<<< 's_flipper_left' inactive >>>>>>>
2026-03-02 16:17:17,778 : INFO : SwitchController : <<<<<<< 's_flipper_left_eos' active >>>>>>>
2026-03-02 16:17:17,779 : INFO : EventManager : Event: ======'machine_var_audits_switches_s_flipper_left_eos'====== Args={'value': 170, 'prev_value': 169, 'change': 1}
2026-03-02 16:17:18,911 : INFO : SwitchController : <<<<<<< 's_flipper_right_lower' active >>>>>>>
2026-03-02 16:17:18,912 : INFO : EventManager : Event: ======'machine_var_audits_switches_s_flipper_right_lower'====== Args={'value': 399, 'prev_value': 398, 'change': 1}
2026-03-02 16:17:18,946 : INFO : SwitchController : <<<<<<< 's_flipper_right_lower_eos' inactive >>>>>>>
2026-03-02 16:17:18,948 : INFO : SwitchController : <<<<<<< 's_inlane_right_1' inactive >>>>>>>
2026-03-02 16:17:18,963 : INFO : SwitchController : <<<<<<< 's_inlane_right_1' active >>>>>>>
2026-03-02 16:17:18,963 : INFO : EventManager : Event: ======'sw_playfield_active'====== Args={}
2026-03-02 16:17:18,963 : INFO : EventManager : Event: ======'machine_var_audits_switches_s_inlane_right_1'====== Args={'value': 280, 'prev_value': 279, 'change': 1}
2026-03-02 16:17:19,072 : INFO : SwitchController : <<<<<<< 's_flipper_right_lower' inactive >>>>>>>
2026-03-02 16:17:19,174 : INFO : SwitchController : <<<<<<< 's_flipper_right_lower_eos' active >>>>>>>
2026-03-02 16:17:19,174 : INFO : EventManager : Event: ======'machine_var_audits_switches_s_flipper_right_lower_eos'====== Args={'value': 299, 'prev_value': 298, 'change': 1}
2026-03-02 16:17:19,634 : INFO : SwitchController : <<<<<<< 's_flipper_right_lower' active >>>>>>>
2026-03-02 16:17:19,635 : INFO : EventManager : Event: ======'machine_var_audits_switches_s_flipper_right_lower'====== Args={'value': 400, 'prev_value': 399, 'change': 1}
2026-03-02 16:17:19,668 : INFO : SwitchController : <<<<<<< 's_flipper_right_lower_eos' inactive >>>>>>>
2026-03-02 16:17:19,672 : INFO : SwitchController : <<<<<<< 's_inlane_right_1' inactive >>>>>>>
2026-03-02 16:17:19,687 : INFO : SwitchController : <<<<<<< 's_inlane_right_1' active >>>>>>>
2026-03-02 16:17:19,687 : INFO : EventManager : Event: ======'sw_playfield_active'====== Args={}
2026-03-02 16:17:19,687 : INFO : EventManager : Event: ======'machine_var_audits_switches_s_inlane_right_1'====== Args={'value': 281, 'prev_value': 280, 'change': 1}
2026-03-02 16:17:19,956 : INFO : SwitchController : <<<<<<< 's_flipper_right_lower' inactive >>>>>>>
2026-03-02 16:17:20,059 : INFO : SwitchController : <<<<<<< 's_flipper_right_lower_eos' active >>>>>>>
2026-03-02 16:17:20,060 : INFO : EventManager : Event: ======'machine_var_audits_switches_s_flipper_right_lower_eos'====== Args={'value': 300, 'prev_value': 299, 'change': 1}
2026-03-02 16:17:21,366 : INFO : SwitchController : <<<<<<< 's_flipper_right_lower' active >>>>>>>
2026-03-02 16:17:21,367 : INFO : EventManager : Event: ======'machine_var_audits_switches_s_flipper_right_lower'====== Args={'value': 401, 'prev_value': 400, 'change': 1}
2026-03-02 16:17:21,371 : INFO : SwitchController : <<<<<<< 's_flipper_right_lower' inactive >>>>>>>
2026-03-02 16:17:21,373 : INFO : SwitchController : <<<<<<< 's_flipper_right_lower' active >>>>>>>
2026-03-02 16:17:21,374 : INFO : EventManager : Event: ======'machine_var_audits_switches_s_flipper_right_lower'====== Args={'value': 402, 'prev_value': 401, 'change': 1}
2026-03-02 16:17:21,419 : INFO : SwitchController : <<<<<<< 's_flipper_right_upper' active >>>>>>>
2026-03-02 16:17:21,419 : INFO : EventManager : Event: ======'machine_var_audits_switches_s_flipper_right_upper'====== Args={'value': 260, 'prev_value': 259, 'change': 1}
2026-03-02 16:17:21,445 : INFO : SwitchController : <<<<<<< 's_inlane_right_1' inactive >>>>>>>
2026-03-02 16:17:21,453 : INFO : SwitchController : <<<<<<< 's_inlane_right_1' active >>>>>>>
2026-03-02 16:17:21,453 : INFO : EventManager : Event: ======'sw_playfield_active'====== Args={}
2026-03-02 16:17:21,454 : INFO : EventManager : Event: ======'machine_var_audits_switches_s_inlane_right_1'====== Args={'value': 282, 'prev_value': 281, 'change': 1}
2026-03-02 16:17:21,465 : INFO : SwitchController : <<<<<<< 's_flipper_right_upper_eos' active >>>>>>>
2026-03-02 16:17:21,465 : INFO : EventManager : Event: ======'machine_var_audits_switches_s_flipper_right_upper_eos'====== Args={'value': 125, 'prev_value': 124, 'change': 1}
2026-03-02 16:17:21,466 : INFO : SwitchController : <<<<<<< 's_flipper_right_upper' inactive >>>>>>>
2026-03-02 16:17:21,466 : INFO : SwitchController : <<<<<<< 's_flipper_right_upper' active >>>>>>>
2026-03-02 16:17:21,466 : INFO : EventManager : Event: ======'machine_var_audits_switches_s_flipper_right_upper'====== Args={'value': 261, 'prev_value': 260, 'change': 1}
2026-03-02 16:17:21,486 : INFO : SwitchController : <<<<<<< 's_flipper_right_upper' inactive >>>>>>>
2026-03-02 16:17:21,518 : INFO : SwitchController : <<<<<<< 's_flipper_right_lower' inactive >>>>>>>
2026-03-02 16:17:21,588 : INFO : SwitchController : <<<<<<< 's_flipper_right_upper_eos' inactive >>>>>>>
2026-03-02 16:17:22,980 : INFO : SwitchController : <<<<<<< 's_flipper_left' active >>>>>>>
2026-03-02 16:17:22,980 : INFO : EventManager : Event: ======'machine_var_audits_switches_s_flipper_left'====== Args={'value': 192, 'prev_value': 191, 'change': 1}
2026-03-02 16:17:23,002 : INFO : SwitchController : <<<<<<< 's_flipper_left_eos' inactive >>>>>>>
2026-03-02 16:17:23,005 : INFO : SwitchController : <<<<<<< 's_inlane_right_1' inactive >>>>>>>
2026-03-02 16:17:23,019 : INFO : SwitchController : <<<<<<< 's_inlane_right_1' active >>>>>>>
2026-03-02 16:17:23,019 : INFO : EventManager : Event: ======'sw_playfield_active'====== Args={}
2026-03-02 16:17:23,019 : INFO : EventManager : Event: ======'machine_var_audits_switches_s_inlane_right_1'====== Args={'value': 283, 'prev_value': 282, 'change': 1}
2026-03-02 16:17:23,167 : INFO : SwitchController : <<<<<<< 's_flipper_left' inactive >>>>>>>
2026-03-02 16:17:23,255 : INFO : SwitchController : <<<<<<< 's_flipper_left_eos' active >>>>>>>
2026-03-02 16:17:23,255 : INFO : EventManager : Event: ======'machine_var_audits_switches_s_flipper_left_eos'====== Args={'value': 171, 'prev_value': 170, 'change': 1}
2026-03-02 16:17:23,537 : INFO : SwitchController : <<<<<<< 's_flipper_right_lower' active >>>>>>>
2026-03-02 16:17:23,537 : INFO : EventManager : Event: ======'machine_var_audits_switches_s_flipper_right_lower'====== Args={'value': 403, 'prev_value': 402, 'change': 1}
2026-03-02 16:17:23,776 : INFO : SwitchController : <<<<<<< 's_flipper_right_lower' inactive >>>>>>>
2026-03-02 16:17:24,235 : INFO : SwitchController : <<<<<<< 's_flipper_right_lower' active >>>>>>>
2026-03-02 16:17:24,235 : INFO : EventManager : Event: ======'machine_var_audits_switches_s_flipper_right_lower'====== Args={'value': 404, 'prev_value': 403, 'change': 1}
2026-03-02 16:17:24,270 : INFO : SwitchController : <<<<<<< 's_flipper_right_lower_eos' inactive >>>>>>>
2026-03-02 16:17:24,274 : INFO : SwitchController : <<<<<<< 's_inlane_right_1' inactive >>>>>>>
2026-03-02 16:17:24,287 : INFO : SwitchController : <<<<<<< 's_inlane_right_1' active >>>>>>>
2026-03-02 16:17:24,287 : INFO : EventManager : Event: ======'sw_playfield_active'====== Args={}
2026-03-02 16:17:24,287 : INFO : EventManager : Event: ======'machine_var_audits_switches_s_inlane_right_1'====== Args={'value': 284, 'prev_value': 283, 'change': 1}
2026-03-02 16:17:24,460 : INFO : SwitchController : <<<<<<< 's_flipper_right_lower' inactive >>>>>>>
2026-03-02 16:17:24,561 : INFO : SwitchController : <<<<<<< 's_flipper_right_lower_eos' active >>>>>>>
2026-03-02 16:17:24,561 : INFO : EventManager : Event: ======'machine_var_audits_switches_s_flipper_right_lower_eos'====== Args={'value': 301, 'prev_value': 300, 'change': 1}
2026-03-02 16:17:28,012 : INFO : SwitchController : <<<<<<< 's_flipper_left' active >>>>>>>
2026-03-02 16:17:28,012 : INFO : EventManager : Event: ======'machine_var_audits_switches_s_flipper_left'====== Args={'value': 193, 'prev_value': 192, 'change': 1}
2026-03-02 16:17:28,019 : INFO : SwitchController : <<<<<<< 's_flipper_left' inactive >>>>>>>
2026-03-02 16:17:28,019 : INFO : SwitchController : <<<<<<< 's_flipper_left' active >>>>>>>
2026-03-02 16:17:28,019 : INFO : EventManager : Event: ======'machine_var_audits_switches_s_flipper_left'====== Args={'value': 194, 'prev_value': 193, 'change': 1}
2026-03-02 16:17:28,050 : INFO : SwitchController : <<<<<<< 's_flipper_left_eos' inactive >>>>>>>
2026-03-02 16:17:28,093 : INFO : SwitchController : <<<<<<< 's_flipper_left' inactive >>>>>>>
2026-03-02 16:17:28,179 : INFO : SwitchController : <<<<<<< 's_flipper_left_eos' active >>>>>>>
2026-03-02 16:17:28,179 : INFO : EventManager : Event: ======'machine_var_audits_switches_s_flipper_left_eos'====== Args={'value': 172, 'prev_value': 171, 'change': 1}
2026-03-02 16:17:30,820 : INFO : SwitchController : <<<<<<< 's_flipper_left' active >>>>>>>
2026-03-02 16:17:30,821 : INFO : EventManager : Event: ======'machine_var_audits_switches_s_flipper_left'====== Args={'value': 195, 'prev_value': 194, 'change': 1}
2026-03-02 16:17:30,855 : INFO : SwitchController : <<<<<<< 's_flipper_left_eos' inactive >>>>>>>
2026-03-02 16:17:30,859 : INFO : SwitchController : <<<<<<< 's_inlane_right_1' inactive >>>>>>>
2026-03-02 16:17:30,863 : INFO : SwitchController : <<<<<<< 's_inlane_right_1' active >>>>>>>
2026-03-02 16:17:30,863 : INFO : EventManager : Event: ======'sw_playfield_active'====== Args={}
2026-03-02 16:17:30,863 : INFO : EventManager : Event: ======'machine_var_audits_switches_s_inlane_right_1'====== Args={'value': 285, 'prev_value': 284, 'change': 1}
2026-03-02 16:17:30,923 : INFO : SwitchController : <<<<<<< 's_flipper_left' inactive >>>>>>>
2026-03-02 16:17:31,012 : INFO : SwitchController : <<<<<<< 's_flipper_left_eos' active >>>>>>>
2026-03-02 16:17:31,012 : INFO : EventManager : Event: ======'machine_var_audits_switches_s_flipper_left_eos'====== Args={'value': 173, 'prev_value': 172, 'change': 1}
2026-03-02 16:17:35,282 : INFO : SwitchController : <<<<<<< 's_flipper_left' active >>>>>>>
2026-03-02 16:17:35,283 : INFO : EventManager : Event: ======'machine_var_audits_switches_s_flipper_left'====== Args={'value': 196, 'prev_value': 195, 'change': 1}
2026-03-02 16:17:35,291 : INFO : SwitchController : <<<<<<< 's_flipper_left' inactive >>>>>>>
2026-03-02 16:17:35,291 : INFO : SwitchController : <<<<<<< 's_flipper_left' active >>>>>>>
2026-03-02 16:17:35,292 : INFO : EventManager : Event: ======'machine_var_audits_switches_s_flipper_left'====== Args={'value': 197, 'prev_value': 196, 'change': 1}
2026-03-02 16:17:35,320 : INFO : SwitchController : <<<<<<< 's_flipper_left_eos' inactive >>>>>>>
2026-03-02 16:17:35,324 : INFO : SwitchController : <<<<<<< 's_inlane_right_1' inactive >>>>>>>
2026-03-02 16:17:35,329 : INFO : SwitchController : <<<<<<< 's_inlane_right_1' active >>>>>>>
2026-03-02 16:17:35,329 : INFO : EventManager : Event: ======'sw_playfield_active'====== Args={}
2026-03-02 16:17:35,329 : INFO : EventManager : Event: ======'machine_var_audits_switches_s_inlane_right_1'====== Args={'value': 286, 'prev_value': 285, 'change': 1}
2026-03-02 16:17:35,421 : INFO : SwitchController : <<<<<<< 's_flipper_left' inactive >>>>>>>
2026-03-02 16:17:35,510 : INFO : SwitchController : <<<<<<< 's_flipper_left_eos' active >>>>>>>
2026-03-02 16:17:35,510 : INFO : EventManager : Event: ======'machine_var_audits_switches_s_flipper_left_eos'====== Args={'value': 174, 'prev_value': 173, 'change': 1}
2026-03-02 16:17:38,252 : INFO : SwitchController : <<<<<<< 's_flipper_left' active >>>>>>>
2026-03-02 16:17:38,253 : INFO : EventManager : Event: ======'machine_var_audits_switches_s_flipper_left'====== Args={'value': 198, 'prev_value': 197, 'change': 1}
2026-03-02 16:17:38,262 : INFO : SwitchController : <<<<<<< 's_flipper_left' inactive >>>>>>>
2026-03-02 16:17:38,262 : INFO : SwitchController : <<<<<<< 's_flipper_left' active >>>>>>>
2026-03-02 16:17:38,262 : INFO : EventManager : Event: ======'machine_var_audits_switches_s_flipper_left'====== Args={'value': 199, 'prev_value': 198, 'change': 1}
2026-03-02 16:17:38,293 : INFO : SwitchController : <<<<<<< 's_flipper_left_eos' inactive >>>>>>>
2026-03-02 16:17:38,443 : INFO : SwitchController : <<<<<<< 's_flipper_left' inactive >>>>>>>
2026-03-02 16:17:38,531 : INFO : SwitchController : <<<<<<< 's_flipper_left_eos' active >>>>>>>
2026-03-02 16:17:38,531 : INFO : EventManager : Event: ======'machine_var_audits_switches_s_flipper_left_eos'====== Args={'value': 175, 'prev_value': 174, 'change': 1}
2026-03-02 16:17:41,496 : INFO : SwitchController : <<<<<<< 's_flipper_left' active >>>>>>>
2026-03-02 16:17:41,496 : INFO : EventManager : Event: ======'machine_var_audits_switches_s_flipper_left'====== Args={'value': 200, 'prev_value': 199, 'change': 1}
2026-03-02 16:17:41,532 : INFO : SwitchController : <<<<<<< 's_flipper_left_eos' inactive >>>>>>>
2026-03-02 16:17:41,642 : INFO : SwitchController : <<<<<<< 's_flipper_left' inactive >>>>>>>
2026-03-02 16:17:41,729 : INFO : SwitchController : <<<<<<< 's_flipper_left_eos' active >>>>>>>
2026-03-02 16:17:41,730 : INFO : EventManager : Event: ======'machine_var_audits_switches_s_flipper_left_eos'====== Args={'value': 176, 'prev_value': 175, 'change': 1}
2026-03-02 16:17:44,400 : INFO : SwitchController : <<<<<<< 's_flipper_left' active >>>>>>>
2026-03-02 16:17:44,400 : INFO : EventManager : Event: ======'machine_var_audits_switches_s_flipper_left'====== Args={'value': 201, 'prev_value': 200, 'change': 1}
2026-03-02 16:17:44,435 : INFO : SwitchController : <<<<<<< 's_flipper_left_eos' inactive >>>>>>>
2026-03-02 16:17:44,438 : INFO : SwitchController : <<<<<<< 's_inlane_right_1' inactive >>>>>>>
2026-03-02 16:17:44,442 : INFO : SwitchController : <<<<<<< 's_inlane_right_1' active >>>>>>>
2026-03-02 16:17:44,442 : INFO : EventManager : Event: ======'sw_playfield_active'====== Args={}
2026-03-02 16:17:44,442 : INFO : EventManager : Event: ======'machine_var_audits_switches_s_inlane_right_1'====== Args={'value': 287, 'prev_value': 286, 'change': 1}
2026-03-02 16:17:44,539 : INFO : SwitchController : <<<<<<< 's_flipper_left' inactive >>>>>>>
2026-03-02 16:17:44,626 : INFO : SwitchController : <<<<<<< 's_flipper_left_eos' active >>>>>>>
2026-03-02 16:17:44,626 : INFO : EventManager : Event: ======'machine_var_audits_switches_s_flipper_left_eos'====== Args={'value': 177, 'prev_value': 176, 'change': 1}
2026-03-02 16:17:48,148 : INFO : SwitchController : <<<<<<< 's_flipper_left' active >>>>>>>
2026-03-02 16:17:48,148 : INFO : EventManager : Event: ======'machine_var_audits_switches_s_flipper_left'====== Args={'value': 202, 'prev_value': 201, 'change': 1}
2026-03-02 16:17:48,185 : INFO : SwitchController : <<<<<<< 's_flipper_left_eos' inactive >>>>>>>
2026-03-02 16:17:48,274 : INFO : SwitchController : <<<<<<< 's_flipper_left' inactive >>>>>>>
2026-03-02 16:17:48,362 : INFO : SwitchController : <<<<<<< 's_flipper_left_eos' active >>>>>>>
2026-03-02 16:17:48,362 : INFO : EventManager : Event: ======'machine_var_audits_switches_s_flipper_left_eos'====== Args={'value': 178, 'prev_value': 177, 'change': 1}
2026-03-02 16:17:51,230 : INFO : SwitchController : <<<<<<< 's_flipper_left' active >>>>>>>
2026-03-02 16:17:51,231 : INFO : EventManager : Event: ======'machine_var_audits_switches_s_flipper_left'====== Args={'value': 203, 'prev_value': 202, 'change': 1}
2026-03-02 16:17:51,267 : INFO : SwitchController : <<<<<<< 's_flipper_left_eos' inactive >>>>>>>
2026-03-02 16:17:51,398 : INFO : SwitchController : <<<<<<< 's_flipper_left' inactive >>>>>>>
2026-03-02 16:17:51,485 : INFO : SwitchController : <<<<<<< 's_flipper_left_eos' active >>>>>>>
2026-03-02 16:17:51,486 : INFO : EventManager : Event: ======'machine_var_audits_switches_s_flipper_left_eos'====== Args={'value': 179, 'prev_value': 178, 'change': 1}
2026-03-02 16:17:54,018 : INFO : SwitchController : <<<<<<< 's_flipper_right_lower' active >>>>>>>
2026-03-02 16:17:54,018 : INFO : EventManager : Event: ======'machine_var_audits_switches_s_flipper_right_lower'====== Args={'value': 405, 'prev_value': 404, 'change': 1}
2026-03-02 16:17:54,105 : INFO : SwitchController : <<<<<<< 's_flipper_left' active >>>>>>>
2026-03-02 16:17:54,106 : INFO : EventManager : Event: ======'machine_var_audits_switches_s_flipper_left'====== Args={'value': 204, 'prev_value': 203, 'change': 1}
2026-03-02 16:17:54,129 : INFO : SwitchController : <<<<<<< 's_flipper_left_eos' inactive >>>>>>>
2026-03-02 16:17:54,131 : INFO : SwitchController : <<<<<<< 's_inlane_right_1' inactive >>>>>>>
2026-03-02 16:17:54,146 : INFO : SwitchController : <<<<<<< 's_inlane_right_1' active >>>>>>>
2026-03-02 16:17:54,146 : INFO : EventManager : Event: ======'sw_playfield_active'====== Args={}
2026-03-02 16:17:54,146 : INFO : EventManager : Event: ======'machine_var_audits_switches_s_inlane_right_1'====== Args={'value': 288, 'prev_value': 287, 'change': 1}
2026-03-02 16:17:54,184 : INFO : SwitchController : <<<<<<< 's_flipper_right_lower' inactive >>>>>>>
2026-03-02 16:17:54,226 : INFO : SwitchController : <<<<<<< 's_flipper_left' inactive >>>>>>>
2026-03-02 16:17:54,314 : INFO : SwitchController : <<<<<<< 's_flipper_left_eos' active >>>>>>>
2026-03-02 16:17:54,314 : INFO : EventManager : Event: ======'machine_var_audits_switches_s_flipper_left_eos'====== Args={'value': 180, 'prev_value': 179, 'change': 1}
2026-03-02 16:17:54,455 : INFO : SwitchController : <<<<<<< 's_flipper_right_lower' active >>>>>>>
2026-03-02 16:17:54,455 : INFO : EventManager : Event: ======'machine_var_audits_switches_s_flipper_right_lower'====== Args={'value': 406, 'prev_value': 405, 'change': 1}
2026-03-02 16:17:54,492 : INFO : SwitchController : <<<<<<< 's_flipper_right_lower_eos' inactive >>>>>>>
2026-03-02 16:17:54,494 : INFO : SwitchController : <<<<<<< 's_inlane_right_1' inactive >>>>>>>
2026-03-02 16:17:54,508 : INFO : SwitchController : <<<<<<< 's_inlane_right_1' active >>>>>>>
2026-03-02 16:17:54,508 : INFO : EventManager : Event: ======'sw_playfield_active'====== Args={}
2026-03-02 16:17:54,508 : INFO : EventManager : Event: ======'machine_var_audits_switches_s_inlane_right_1'====== Args={'value': 289, 'prev_value': 288, 'change': 1}
2026-03-02 16:17:54,574 : INFO : SwitchController : <<<<<<< 's_flipper_right_lower' inactive >>>>>>>
2026-03-02 16:17:54,645 : INFO : SwitchController : <<<<<<< 's_flipper_right_lower' active >>>>>>>
2026-03-02 16:17:54,645 : INFO : EventManager : Event: ======'machine_var_audits_switches_s_flipper_right_lower'====== Args={'value': 407, 'prev_value': 406, 'change': 1}
2026-03-02 16:17:54,651 : INFO : SwitchController : <<<<<<< 's_flipper_right_upper' active >>>>>>>
2026-03-02 16:17:54,651 : INFO : EventManager : Event: ======'machine_var_audits_switches_s_flipper_right_upper'====== Args={'value': 262, 'prev_value': 261, 'change': 1}
2026-03-02 16:17:54,677 : INFO : SwitchController : <<<<<<< 's_inlane_right_1' inactive >>>>>>>
2026-03-02 16:17:54,688 : INFO : SwitchController : <<<<<<< 's_flipper_right_upper_eos' active >>>>>>>
2026-03-02 16:17:54,688 : INFO : EventManager : Event: ======'machine_var_audits_switches_s_flipper_right_upper_eos'====== Args={'value': 126, 'prev_value': 125, 'change': 1}
2026-03-02 16:17:54,693 : INFO : SwitchController : <<<<<<< 's_inlane_right_1' active >>>>>>>
2026-03-02 16:17:54,694 : INFO : EventManager : Event: ======'sw_playfield_active'====== Args={}
2026-03-02 16:17:54,694 : INFO : EventManager : Event: ======'machine_var_audits_switches_s_inlane_right_1'====== Args={'value': 290, 'prev_value': 289, 'change': 1}
2026-03-02 16:17:54,697 : INFO : SwitchController : <<<<<<< 's_flipper_right_upper' inactive >>>>>>>
2026-03-02 16:17:54,710 : INFO : SwitchController : <<<<<<< 's_flipper_right_lower' inactive >>>>>>>
2026-03-02 16:17:54,792 : INFO : SwitchController : <<<<<<< 's_flipper_right_lower' active >>>>>>>
2026-03-02 16:17:54,792 : INFO : EventManager : Event: ======'machine_var_audits_switches_s_flipper_right_lower'====== Args={'value': 408, 'prev_value': 407, 'change': 1}
2026-03-02 16:17:54,794 : INFO : SwitchController : <<<<<<< 's_flipper_right_upper' active >>>>>>>
2026-03-02 16:17:54,794 : INFO : EventManager : Event: ======'machine_var_audits_switches_s_flipper_right_upper'====== Args={'value': 263, 'prev_value': 262, 'change': 1}
2026-03-02 16:17:54,795 : INFO : SwitchController : <<<<<<< 's_flipper_right_upper_eos' inactive >>>>>>>
2026-03-02 16:17:54,798 : INFO : SwitchController : <<<<<<< 's_flipper_right_upper' inactive >>>>>>>
2026-03-02 16:17:54,800 : INFO : SwitchController : <<<<<<< 's_flipper_right_upper' active >>>>>>>
2026-03-02 16:17:54,800 : INFO : EventManager : Event: ======'machine_var_audits_switches_s_flipper_right_upper'====== Args={'value': 264, 'prev_value': 263, 'change': 1}
2026-03-02 16:17:54,813 : INFO : SwitchController : <<<<<<< 's_flipper_right_upper_eos' active >>>>>>>
2026-03-02 16:17:54,814 : INFO : EventManager : Event: ======'machine_var_audits_switches_s_flipper_right_upper_eos'====== Args={'value': 127, 'prev_value': 126, 'change': 1}
2026-03-02 16:17:54,821 : INFO : SwitchController : <<<<<<< 's_flipper_right_upper_eos' inactive >>>>>>>
2026-03-02 16:17:54,829 : INFO : SwitchController : <<<<<<< 's_flipper_right_upper_eos' active >>>>>>>
2026-03-02 16:17:54,829 : INFO : EventManager : Event: ======'machine_var_audits_switches_s_flipper_right_upper_eos'====== Args={'value': 128, 'prev_value': 127, 'change': 1}
2026-03-02 16:17:54,832 : INFO : SwitchController : <<<<<<< 's_flipper_right_upper' inactive >>>>>>>
2026-03-02 16:17:54,846 : INFO : SwitchController : <<<<<<< 's_flipper_right_lower' inactive >>>>>>>
2026-03-02 16:17:54,935 : INFO : SwitchController : <<<<<<< 's_flipper_right_upper_eos' inactive >>>>>>>
2026-03-02 16:17:54,941 : INFO : SwitchController : <<<<<<< 's_flipper_right_lower_eos' active >>>>>>>
2026-03-02 16:17:54,941 : INFO : EventManager : Event: ======'machine_var_audits_switches_s_flipper_right_lower_eos'====== Args={'value': 302, 'prev_value': 301, 'change': 1}
2026-03-02 16:17:54,945 : INFO : SwitchController : <<<<<<< 's_flipper_right_lower' active >>>>>>>
2026-03-02 16:17:54,945 : INFO : EventManager : Event: ======'machine_var_audits_switches_s_flipper_right_lower'====== Args={'value': 409, 'prev_value': 408, 'change': 1}
2026-03-02 16:17:54,961 : INFO : SwitchController : <<<<<<< 's_flipper_right_upper' active >>>>>>>
2026-03-02 16:17:54,962 : INFO : EventManager : Event: ======'machine_var_audits_switches_s_flipper_right_upper'====== Args={'value': 265, 'prev_value': 264, 'change': 1}
2026-03-02 16:17:54,967 : INFO : SwitchController : <<<<<<< 's_flipper_right_lower_eos' inactive >>>>>>>
2026-03-02 16:17:54,971 : INFO : SwitchController : <<<<<<< 's_inlane_right_1' inactive >>>>>>>
2026-03-02 16:17:54,978 : INFO : SwitchController : <<<<<<< 's_flipper_right_upper' inactive >>>>>>>
2026-03-02 16:17:54,983 : INFO : SwitchController : <<<<<<< 's_inlane_right_1' active >>>>>>>
2026-03-02 16:17:54,983 : INFO : EventManager : Event: ======'sw_playfield_active'====== Args={}
2026-03-02 16:17:54,983 : INFO : EventManager : Event: ======'machine_var_audits_switches_s_inlane_right_1'====== Args={'value': 291, 'prev_value': 290, 'change': 1}
2026-03-02 16:17:54,988 : INFO : SwitchController : <<<<<<< 's_flipper_right_lower' inactive >>>>>>>
2026-03-02 16:17:55,000 : INFO : SwitchController : <<<<<<< 's_flipper_right_upper_eos' active >>>>>>>
2026-03-02 16:17:55,000 : INFO : EventManager : Event: ======'machine_var_audits_switches_s_flipper_right_upper_eos'====== Args={'value': 129, 'prev_value': 128, 'change': 1}
2026-03-02 16:17:55,007 : INFO : SwitchController : <<<<<<< 's_flipper_right_upper_eos' inactive >>>>>>>
2026-03-02 16:17:55,017 : INFO : SwitchController : <<<<<<< 's_flipper_right_upper_eos' active >>>>>>>
2026-03-02 16:17:55,017 : INFO : EventManager : Event: ======'machine_var_audits_switches_s_flipper_right_upper_eos'====== Args={'value': 130, 'prev_value': 129, 'change': 1}
2026-03-02 16:17:55,080 : INFO : SwitchController : <<<<<<< 's_flipper_right_upper_eos' inactive >>>>>>>
2026-03-02 16:17:55,084 : INFO : SwitchController : <<<<<<< 's_flipper_right_lower' active >>>>>>>
2026-03-02 16:17:55,084 : INFO : EventManager : Event: ======'machine_var_audits_switches_s_flipper_right_lower'====== Args={'value': 410, 'prev_value': 409, 'change': 1}
2026-03-02 16:17:55,089 : INFO : SwitchController : <<<<<<< 's_flipper_right_lower_eos' active >>>>>>>
2026-03-02 16:17:55,090 : INFO : EventManager : Event: ======'machine_var_audits_switches_s_flipper_right_lower_eos'====== Args={'value': 303, 'prev_value': 302, 'change': 1}
2026-03-02 16:17:55,101 : INFO : SwitchController : <<<<<<< 's_flipper_right_lower_eos' inactive >>>>>>>
2026-03-02 16:17:55,104 : INFO : SwitchController : <<<<<<< 's_inlane_right_1' inactive >>>>>>>
2026-03-02 16:17:55,112 : INFO : SwitchController : <<<<<<< 's_inlane_right_1' active >>>>>>>
2026-03-02 16:17:55,112 : INFO : EventManager : Event: ======'sw_playfield_active'====== Args={}
2026-03-02 16:17:55,112 : INFO : EventManager : Event: ======'machine_var_audits_switches_s_inlane_right_1'====== Args={'value': 292, 'prev_value': 291, 'change': 1}
2026-03-02 16:17:55,155 : INFO : SwitchController : <<<<<<< 's_flipper_right_lower' inactive >>>>>>>
2026-03-02 16:17:55,251 : INFO : SwitchController : <<<<<<< 's_flipper_right_lower_eos' active >>>>>>>
2026-03-02 16:17:55,252 : INFO : EventManager : Event: ======'machine_var_audits_switches_s_flipper_right_lower_eos'====== Args={'value': 304, 'prev_value': 303, 'change': 1}
2026-03-02 16:17:55,352 : INFO : SwitchController : <<<<<<< 's_flipper_left' active >>>>>>>
2026-03-02 16:17:55,352 : INFO : EventManager : Event: ======'machine_var_audits_switches_s_flipper_left'====== Args={'value': 205, 'prev_value': 204, 'change': 1}
2026-03-02 16:17:55,373 : INFO : SwitchController : <<<<<<< 's_flipper_left_eos' inactive >>>>>>>
2026-03-02 16:17:55,376 : INFO : SwitchController : <<<<<<< 's_inlane_right_1' inactive >>>>>>>
2026-03-02 16:17:55,394 : INFO : SwitchController : <<<<<<< 's_inlane_right_1' active >>>>>>>
2026-03-02 16:17:55,395 : INFO : EventManager : Event: ======'sw_playfield_active'====== Args={}
2026-03-02 16:17:55,395 : INFO : EventManager : Event: ======'machine_var_audits_switches_s_inlane_right_1'====== Args={'value': 293, 'prev_value': 292, 'change': 1}
2026-03-02 16:17:55,498 : INFO : SwitchController : <<<<<<< 's_flipper_left' inactive >>>>>>>
2026-03-02 16:17:55,531 : INFO : SwitchController : <<<<<<< 's_sling_left' active >>>>>>>
2026-03-02 16:17:55,532 : INFO : EventManager : Event: ======'s_sling_left_active'====== Args={}
2026-03-02 16:17:55,532 : INFO : EventManager : Event: ======'machine_var_audits_switches_s_sling_left'====== Args={'value': 21, 'prev_value': 20, 'change': 1}
2026-03-02 16:17:55,532 : INFO : EventManager : Event: ======'machine_var_audits_shots_sling_left'====== Args={'value': 21, 'prev_value': 20, 'change': 1}
2026-03-02 16:17:55,532 : INFO : EventManager : Event: ======'sling_left_hit'====== Args={'profile': 'default', 'state': 'lit', 'advancing': False}
2026-03-02 16:17:55,533 : INFO : EventManager : Event: ======'sling_left_default_hit'====== Args={'profile': 'default', 'state': 'lit', 'advancing': False}
2026-03-02 16:17:55,533 : INFO : EventManager : Event: ======'sling_left_default_lit_hit'====== Args={'profile': 'default', 'state': 'lit', 'advancing': False}
2026-03-02 16:17:55,533 : INFO : EventManager : Event: ======'sling_left_lit_hit'====== Args={'profile': 'default', 'state': 'lit', 'advancing': False}
2026-03-02 16:17:55,533 : INFO : EventManager : Event: ======'slings_hit'====== Args={'shot': 'sling_left'}
2026-03-02 16:17:55,533 : INFO : EventManager : Event: ======'slings_lit_hit'====== Args={'shot': 'sling_left'}
2026-03-02 16:17:55,533 : INFO : EventManager : Event: ======'player_score'====== Args={'value': 1700, 'prev_value': 1600, 'change': 100, 'player_num': 1, 'source': 'bumpers'}
2026-03-02 16:17:55,547 : INFO : SwitchController : <<<<<<< 's_sling_left' inactive >>>>>>>
2026-03-02 16:17:55,550 : INFO : SwitchController : <<<<<<< 's_inlane_right_1' inactive >>>>>>>
2026-03-02 16:17:55,563 : INFO : SwitchController : <<<<<<< 's_inlane_right_1' active >>>>>>>
2026-03-02 16:17:55,563 : INFO : EventManager : Event: ======'sw_playfield_active'====== Args={}
2026-03-02 16:17:55,563 : INFO : EventManager : Event: ======'machine_var_audits_switches_s_inlane_right_1'====== Args={'value': 294, 'prev_value': 293, 'change': 1}
2026-03-02 16:17:55,580 : INFO : SwitchController : <<<<<<< 's_flipper_left_eos' active >>>>>>>
2026-03-02 16:17:55,580 : INFO : EventManager : Event: ======'machine_var_audits_switches_s_flipper_left_eos'====== Args={'value': 181, 'prev_value': 180, 'change': 1}
2026-03-02 16:17:56,877 : INFO : SwitchController : <<<<<<< 's_trough_6' active >>>>>>>
2026-03-02 16:17:56,877 : INFO : EventManager : Event: ======'machine_var_audits_switches_s_trough_6'====== Args={'value': 36, 'prev_value': 35, 'change': 1}
2026-03-02 16:17:57,377 : INFO : EventManager : Event: ======'balldevice_bd_trough_ball_count_changed'====== Args={'balls': 6}
2026-03-02 16:17:57,377 : INFO : ball_device.bd_trough : Received unexpected ball
2026-03-02 16:17:57,378 : INFO : EventManager : Event: ======'balldevice_captured_from_playfield'====== Args={'balls': 1}
2026-03-02 16:17:57,378 : INFO : EventManager : Event: ======'sw_playfield_active'====== Args={'balls': 1}
2026-03-02 16:17:57,378 : INFO : EventManager : Event: ======'playfield_ball_count_change'====== Args={'balls': 0, 'change': -1}
2026-03-02 16:17:57,378 : INFO : EventManager : Event: ======'balldevice_bd_trough_ball_enter'====== Args={'new_balls': 1, 'unclaimed_balls': 1, 'new_available_balls': 1, 'device': <ball_device.bd_trough>}
2026-03-02 16:17:57,378 : INFO : EventManager : Event: ======'ball_drain'====== Args={'device': <ball_device.bd_trough>, 'balls': 1}
2026-03-02 16:17:57,379 : INFO : EventManager : Event: ======'ball_will_end'====== Args={}
2026-03-02 16:17:57,379 : INFO : EventManager : Event: ======'balldevice_balls_available'====== Args={}
2026-03-02 16:17:57,379 : INFO : EventManager : Event: ======'balldevice_bd_trough_ball_entered'====== Args={'new_balls': 1, 'device': <ball_device.bd_trough>}
2026-03-02 16:17:57,379 : INFO : EventManager : Event: ======'mode_base_will_stop'====== Args={}
2026-03-02 16:17:57,379 : INFO : EventManager : Event: ======'mode_base_stopping'====== Args={}
2026-03-02 16:17:57,380 : INFO : EventManager : Event: ======'stop_mode_bumpers'====== Args={'priority': 0}
2026-03-02 16:17:57,380 : INFO : EventManager : Event: ======'mode_bumpers_will_stop'====== Args={}
2026-03-02 16:17:57,380 : INFO : EventManager : Event: ======'mode_bumpers_stopping'====== Args={}
2026-03-02 16:17:57,380 : INFO : Mode.base : Stopped.
2026-03-02 16:17:57,380 : INFO : EventManager : Event: ======'modes_active_modes_changed'====== Args={}
2026-03-02 16:17:57,380 : INFO : EventManager : Event: ======'mode_base_stopped'====== Args={}
2026-03-02 16:17:57,380 : INFO : EventManager : Event: ======'clear'====== Args={'key': 'base'}
2026-03-02 16:17:57,381 : INFO : Mode.bumpers : Stopped.
2026-03-02 16:17:57,381 : INFO : EventManager : Event: ======'modes_active_modes_changed'====== Args={}
2026-03-02 16:17:57,381 : INFO : EventManager : Event: ======'mode_bumpers_stopped'====== Args={}
2026-03-02 16:17:57,381 : INFO : EventManager : Event: ======'clear'====== Args={'key': 'bumpers'}
2026-03-02 16:17:57,382 : INFO : EventManager : Event: ======'ball_ending'====== Args={}
2026-03-02 16:17:57,382 : INFO : EventManager : Event: ======'ball_ended'====== Args={}
2026-03-02 16:17:57,384 : INFO : EventManager : Event: ======'player_turn_will_end'====== Args={'player': <Player 1>, 'number': 1}
2026-03-02 16:17:57,385 : INFO : EventManager : Event: ======'player_turn_ending'====== Args={'player': <Player 1>, 'number': 1}
2026-03-02 16:17:57,385 : INFO : EventManager : Event: ======'player_turn_ended'====== Args={'player': <Player 1>, 'number': 1}
2026-03-02 16:17:57,385 : INFO : EventManager : Event: ======'player_turn_will_start'====== Args={'player': <Player 1>, 'number': 1}
2026-03-02 16:17:57,386 : INFO : EventManager : Event: ======'player_turn_starting'====== Args={'player': <Player 1>, 'number': 1}
2026-03-02 16:17:57,386 : INFO : EventManager : Event: ======'player_ball'====== Args={'value': 3, 'prev_value': 2, 'change': 1, 'player_num': 1}
2026-03-02 16:17:57,386 : INFO : EventManager : Event: ======'player_turn_started'====== Args={'player': <Player 1>, 'number': 1}
2026-03-02 16:17:57,387 : INFO : EventManager : Event: ======'ball_will_start'====== Args={'player': 1, 'ball': 3, 'balls_remaining': 0, 'is_extra_ball': False}
2026-03-02 16:17:57,388 : INFO : EventManager : Event: ======'ball_starting'====== Args={'player': 1, 'ball': 3, 'balls_remaining': 0, 'is_extra_ball': False}
2026-03-02 16:17:57,388 : INFO : EventManager : Event: ======'mode_base_will_start'====== Args={'queue': <QueuedEvent>, 'player': 1, 'ball': 3, 'balls_remaining': 0, 'is_extra_ball': False}
2026-03-02 16:17:57,389 : INFO : EventManager : Event: ======'mode_base_starting'====== Args={'queue': <QueuedEvent>, 'player': 1, 'ball': 3, 'balls_remaining': 0, 'is_extra_ball': False}
2026-03-02 16:17:57,389 : INFO : Mode.base : Started. Priority: 100
2026-03-02 16:17:57,389 : INFO : EventManager : Event: ======'modes_active_modes_changed'====== Args={}
2026-03-02 16:17:57,389 : INFO : EventManager : Event: ======'mode_base_started'====== Args={'queue': <QueuedEvent>, 'player': 1, 'ball': 3, 'balls_remaining': 0, 'is_extra_ball': False}
2026-03-02 16:17:57,389 : INFO : EventManager : Event: ======'start_mode_bumpers'====== Args={'priority': 0}
2026-03-02 16:17:57,390 : INFO : EventManager : Event: ======'mode_bumpers_will_start'====== Args={'priority': 0}
2026-03-02 16:17:57,391 : INFO : EventManager : Event: ======'mode_bumpers_starting'====== Args={'priority': 0}
2026-03-02 16:17:57,391 : INFO : Mode.bumpers : Started. Priority: 200
2026-03-02 16:17:57,391 : INFO : EventManager : Event: ======'modes_active_modes_changed'====== Args={}
2026-03-02 16:17:57,391 : INFO : EventManager : Event: ======'mode_bumpers_started'====== Args={'priority': 0}
2026-03-02 16:17:57,392 : INFO : EventManager : Event: ======'balls_in_play'====== Args={'balls': 1}
2026-03-02 16:17:57,392 : INFO : EventManager : Event: ======'ball_started'====== Args={'player': 1, 'ball': 3, 'balls_remaining': 0, 'is_extra_ball': False}
2026-03-02 16:17:57,400 : INFO : EventManager : Event: ======'single_player_ball_started'====== Args={}
2026-03-02 16:17:57,401 : INFO : EventManager : Event: ======'ball_start_target'====== Args={'target': 'playfield'}
2026-03-02 16:17:57,402 : INFO : ball_device.bd_plunger : Setting up player-controlled eject. Balls: 1, Target: <playfield.playfield>, player_controlled_eject_event: None
2026-03-02 16:17:57,402 : INFO : EventManager : Event: ======'balldevice_balls_available'====== Args={}
2026-03-02 16:17:57,403 : INFO : ball_device.bd_trough : State: waiting_for_target_ready
2026-03-02 16:17:57,403 : INFO : EventManager : Event: ======'balldevice_bd_trough_ball_eject_attempt'====== Args={'balls': 1, 'target': <ball_device.bd_plunger>, 'source': <ball_device.bd_trough>, 'mechanical_eject': True, 'num_attempts': 0}
2026-03-02 16:17:57,404 : INFO : ball_device.bd_plunger : State: waiting_for_ball
2026-03-02 16:17:57,404 : INFO : ball_device.bd_trough : State: ejecting
2026-03-02 16:17:57,404 : INFO : ball_device.bd_trough : Ejecting ball to <ball_device.bd_plunger>
2026-03-02 16:17:57,404 : INFO : EventManager : Event: ======'balldevice_bd_trough_ejecting_ball'====== Args={'balls': 1, 'target': <ball_device.bd_plunger>, 'source': <ball_device.bd_trough>, 'mechanical_eject': True, 'num_attempts': 0}
2026-03-02 16:17:57,405 : INFO : ball_device.bd_trough : Wait for ball to leave device
2026-03-02 16:17:57,405 : INFO : coil.c_trough_eject : Pulsing Driver for 20ms (1.0 pulse_power)
2026-03-02 16:17:57,433 : INFO : SwitchController : <<<<<<< 's_trough_1' inactive >>>>>>>
2026-03-02 16:17:57,433 : INFO : SwitchController : <<<<<<< 's_trough_7' active >>>>>>>
2026-03-02 16:17:57,433 : INFO : EventManager : Event: ======'machine_var_audits_switches_s_trough_7'====== Args={'value': 20, 'prev_value': 19, 'change': 1}
2026-03-02 16:17:57,434 : INFO : ball_device.bd_trough : State: ball_left
2026-03-02 16:17:57,435 : INFO : ball_device.bd_trough : Ball left
2026-03-02 16:17:57,435 : INFO : ball_device.bd_trough : Wait for confirm with timeout 3.0
2026-03-02 16:17:57,458 : INFO : SwitchController : <<<<<<< 's_trough_7' inactive >>>>>>>
2026-03-02 16:17:57,520 : INFO : EventManager : Event: ======'slide_base_slide_created'====== Args={'_from_bcp': True}
2026-03-02 16:17:57,521 : INFO : EventManager : Event: ======'slide_base_slide_inactive'====== Args={'is_removing': True, '_from_bcp': True}
2026-03-02 16:17:57,521 : INFO : EventManager : Event: ======'slide_base_slide_active'====== Args={'original_context': 'base', 'original_calling_context': 'mode_base_started', 'priority': 100.0, 'queue': '<QueuedEvent>', 'player': 1.0, 'ball': 3.0, 'balls_remaining': 0.0, 'is_extra_ball': False, 'cmd': 'slides_play', '_from_bcp': True}
2026-03-02 16:17:57,522 : INFO : EventManager : Event: ======'slide_base_slide_removed'====== Args={'_from_bcp': True}
2026-03-02 16:17:57,573 : INFO : SwitchController : <<<<<<< 's_plunger' active >>>>>>>
2026-03-02 16:17:57,573 : INFO : EventManager : Event: ======'machine_var_audits_switches_s_plunger'====== Args={'value': 24, 'prev_value': 23, 'change': 1}
2026-03-02 16:17:57,648 : INFO : SwitchController : <<<<<<< 's_trough_2' inactive >>>>>>>
2026-03-02 16:17:57,656 : INFO : SwitchController : <<<<<<< 's_trough_4' inactive >>>>>>>
2026-03-02 16:17:57,657 : INFO : SwitchController : <<<<<<< 's_trough_5' inactive >>>>>>>
2026-03-02 16:17:57,663 : INFO : SwitchController : <<<<<<< 's_trough_3' inactive >>>>>>>
2026-03-02 16:17:57,663 : INFO : SwitchController : <<<<<<< 's_trough_6' inactive >>>>>>>
2026-03-02 16:17:57,665 : INFO : SwitchController : <<<<<<< 's_trough_1' active >>>>>>>
2026-03-02 16:17:57,665 : INFO : EventManager : Event: ======'machine_var_audits_switches_s_trough_1'====== Args={'value': 17, 'prev_value': 16, 'change': 1}
2026-03-02 16:17:57,680 : INFO : SwitchController : <<<<<<< 's_trough_4' active >>>>>>>
2026-03-02 16:17:57,680 : INFO : EventManager : Event: ======'machine_var_audits_switches_s_trough_4'====== Args={'value': 31, 'prev_value': 30, 'change': 1}
2026-03-02 16:17:57,680 : INFO : SwitchController : <<<<<<< 's_trough_3' active >>>>>>>
2026-03-02 16:17:57,680 : INFO : EventManager : Event: ======'machine_var_audits_switches_s_trough_3'====== Args={'value': 32, 'prev_value': 31, 'change': 1}
2026-03-02 16:17:57,681 : INFO : SwitchController : <<<<<<< 's_trough_2' active >>>>>>>
2026-03-02 16:17:57,681 : INFO : EventManager : Event: ======'machine_var_audits_switches_s_trough_2'====== Args={'value': 27, 'prev_value': 26, 'change': 1}
2026-03-02 16:17:57,682 : INFO : SwitchController : <<<<<<< 's_trough_5' active >>>>>>>
2026-03-02 16:17:57,682 : INFO : EventManager : Event: ======'machine_var_audits_switches_s_trough_5'====== Args={'value': 33, 'prev_value': 32, 'change': 1}
2026-03-02 16:17:58,073 : INFO : ball_device.bd_plunger : Received ball from <ball_device.bd_trough>
2026-03-02 16:17:58,074 : INFO : EventManager : Event: ======'balldevice_bd_plunger_ball_enter'====== Args={'new_balls': 1, 'unclaimed_balls': 0, 'new_available_balls': 0, 'device': <ball_device.bd_plunger>}
2026-03-02 16:17:58,074 : INFO : EventManager : Event: ======'balldevice_bd_plunger_ball_entered'====== Args={'new_balls': 0, 'device': <ball_device.bd_plunger>}
2026-03-02 16:17:58,074 : INFO : EventManager : Event: ======'balldevice_bd_plunger_ball_count_changed'====== Args={'balls': 1}
2026-03-02 16:17:58,074 : INFO : ball_device.bd_trough : Got eject confirm
2026-03-02 16:17:58,074 : INFO : ball_device.bd_trough : Eject successful
2026-03-02 16:17:58,075 : INFO : EventManager : Event: ======'balldevice_bd_trough_ball_eject_success'====== Args={'balls': 1, 'target': <ball_device.bd_plunger>}
2026-03-02 16:17:58,075 : INFO : ball_device.bd_plunger : State: waiting_for_target_ready
2026-03-02 16:17:58,075 : INFO : EventManager : Event: ======'balldevice_bd_plunger_ball_eject_attempt'====== Args={'balls': 1, 'target': <playfield.playfield>, 'source': <ball_device.bd_plunger>, 'mechanical_eject': True, 'num_attempts': 0}
2026-03-02 16:17:58,075 : INFO : EventManager : Event: ======'balldevice_bd_trough_ball_count_changed'====== Args={'balls': 5}
2026-03-02 16:17:58,075 : INFO : ball_device.bd_trough : State: idle
2026-03-02 16:17:58,075 : INFO : ball_device.bd_plunger : State: ejecting
2026-03-02 16:17:58,076 : INFO : ball_device.bd_plunger : Ejecting ball to <playfield.playfield>
2026-03-02 16:17:58,076 : INFO : EventManager : Event: ======'balldevice_bd_plunger_ejecting_ball'====== Args={'balls': 1, 'target': <playfield.playfield>, 'source': <ball_device.bd_plunger>, 'mechanical_eject': True, 'num_attempts': 0}
2026-03-02 16:17:58,076 : INFO : ball_device.bd_plunger : Wait for ball to leave device
2026-03-02 16:17:58,922 : INFO : SwitchController : <<<<<<< 's_plunger' inactive >>>>>>>
2026-03-02 16:17:58,923 : INFO : ball_device.bd_plunger : State: ball_left
2026-03-02 16:17:58,923 : INFO : ball_device.bd_plunger : Ball left
2026-03-02 16:17:58,923 : INFO : ball_device.bd_plunger : Wait for confirm with timeout 5.0
2026-03-02 16:17:58,931 : INFO : SwitchController : <<<<<<< 's_plunger' active >>>>>>>
2026-03-02 16:17:58,931 : INFO : EventManager : Event: ======'machine_var_audits_switches_s_plunger'====== Args={'value': 25, 'prev_value': 24, 'change': 1}
2026-03-02 16:17:58,938 : INFO : SwitchController : <<<<<<< 's_plunger' inactive >>>>>>>
2026-03-02 16:17:59,894 : INFO : SwitchController : <<<<<<< 's_flipper_right_lower' active >>>>>>>
2026-03-02 16:17:59,894 : INFO : EventManager : Event: ======'machine_var_audits_switches_s_flipper_right_lower'====== Args={'value': 411, 'prev_value': 410, 'change': 1}
2026-03-02 16:17:59,928 : INFO : SwitchController : <<<<<<< 's_flipper_right_lower_eos' inactive >>>>>>>
2026-03-02 16:17:59,932 : INFO : SwitchController : <<<<<<< 's_inlane_right_1' inactive >>>>>>>
2026-03-02 16:17:59,944 : INFO : SwitchController : <<<<<<< 's_inlane_right_1' active >>>>>>>
2026-03-02 16:17:59,944 : INFO : EventManager : Event: ======'sw_playfield_active'====== Args={}
2026-03-02 16:17:59,945 : INFO : EventManager : Event: ======'machine_var_audits_switches_s_inlane_right_1'====== Args={'value': 295, 'prev_value': 294, 'change': 1}
2026-03-02 16:17:59,945 : INFO : EventManager : Event: ======'playfield_active'====== Args={'source': None}
2026-03-02 16:17:59,945 : INFO : ball_device.bd_plunger : Got eject confirm
2026-03-02 16:17:59,946 : INFO : ball_device.bd_plunger : Eject successful
2026-03-02 16:17:59,946 : INFO : EventManager : Event: ======'balldevice_bd_plunger_ball_eject_success'====== Args={'balls': 1, 'target': <playfield.playfield>}
2026-03-02 16:17:59,946 : INFO : EventManager : Event: ======'balldevice_playfield_ball_enter'====== Args={'new_balls': 1, 'unclaimed_balls': 1, 'device': <playfield.playfield>}
2026-03-02 16:17:59,946 : INFO : EventManager : Event: ======'playfield_ball_count_change'====== Args={'balls': 1, 'change': 1}
2026-03-02 16:17:59,946 : INFO : EventManager : Event: ======'balldevice_bd_plunger_ball_count_changed'====== Args={'balls': 0}
2026-03-02 16:17:59,946 : INFO : ball_device.bd_plunger : State: idle
2026-03-02 16:17:59,973 : INFO : SwitchController : <<<<<<< 's_flipper_left' active >>>>>>>
2026-03-02 16:17:59,974 : INFO : EventManager : Event: ======'machine_var_audits_switches_s_flipper_left'====== Args={'value': 206, 'prev_value': 205, 'change': 1}
2026-03-02 16:17:59,996 : INFO : SwitchController : <<<<<<< 's_flipper_left_eos' inactive >>>>>>>
2026-03-02 16:17:59,999 : INFO : SwitchController : <<<<<<< 's_inlane_right_1' inactive >>>>>>>
2026-03-02 16:18:00,011 : INFO : SwitchController : <<<<<<< 's_inlane_right_1' active >>>>>>>
2026-03-02 16:18:00,011 : INFO : EventManager : Event: ======'sw_playfield_active'====== Args={}
2026-03-02 16:18:00,011 : INFO : EventManager : Event: ======'machine_var_audits_switches_s_inlane_right_1'====== Args={'value': 296, 'prev_value': 295, 'change': 1}
2026-03-02 16:18:00,037 : INFO : SwitchController : <<<<<<< 's_flipper_right_lower' inactive >>>>>>>
2026-03-02 16:18:00,045 : INFO : SwitchController : <<<<<<< 's_flipper_left' inactive >>>>>>>
2026-03-02 16:18:00,130 : INFO : SwitchController : <<<<<<< 's_flipper_left_eos' active >>>>>>>
2026-03-02 16:18:00,130 : INFO : EventManager : Event: ======'machine_var_audits_switches_s_flipper_left_eos'====== Args={'value': 182, 'prev_value': 181, 'change': 1}
2026-03-02 16:18:00,147 : INFO : SwitchController : <<<<<<< 's_flipper_right_lower_eos' active >>>>>>>
2026-03-02 16:18:00,148 : INFO : EventManager : Event: ======'machine_var_audits_switches_s_flipper_right_lower_eos'====== Args={'value': 305, 'prev_value': 304, 'change': 1}
2026-03-02 16:18:00,186 : INFO : SwitchController : <<<<<<< 's_flipper_right_lower' active >>>>>>>
2026-03-02 16:18:00,186 : INFO : EventManager : Event: ======'machine_var_audits_switches_s_flipper_right_lower'====== Args={'value': 412, 'prev_value': 411, 'change': 1}
2026-03-02 16:18:00,223 : INFO : SwitchController : <<<<<<< 's_flipper_right_lower_eos' inactive >>>>>>>
2026-03-02 16:18:00,224 : INFO : SwitchController : <<<<<<< 's_inlane_right_1' inactive >>>>>>>
2026-03-02 16:18:00,241 : INFO : SwitchController : <<<<<<< 's_inlane_right_1' active >>>>>>>
2026-03-02 16:18:00,241 : INFO : EventManager : Event: ======'sw_playfield_active'====== Args={}
2026-03-02 16:18:00,242 : INFO : EventManager : Event: ======'machine_var_audits_switches_s_inlane_right_1'====== Args={'value': 297, 'prev_value': 296, 'change': 1}
2026-03-02 16:18:00,293 : INFO : SwitchController : <<<<<<< 's_flipper_right_lower' inactive >>>>>>>
2026-03-02 16:18:00,393 : INFO : SwitchController : <<<<<<< 's_flipper_right_lower' active >>>>>>>
2026-03-02 16:18:00,393 : INFO : EventManager : Event: ======'machine_var_audits_switches_s_flipper_right_lower'====== Args={'value': 413, 'prev_value': 412, 'change': 1}
2026-03-02 16:18:00,396 : INFO : SwitchController : <<<<<<< 's_flipper_right_upper' active >>>>>>>
2026-03-02 16:18:00,396 : INFO : EventManager : Event: ======'machine_var_audits_switches_s_flipper_right_upper'====== Args={'value': 266, 'prev_value': 265, 'change': 1}
2026-03-02 16:18:00,399 : INFO : SwitchController : <<<<<<< 's_flipper_right_lower_eos' active >>>>>>>
2026-03-02 16:18:00,399 : INFO : EventManager : Event: ======'machine_var_audits_switches_s_flipper_right_lower_eos'====== Args={'value': 306, 'prev_value': 305, 'change': 1}
2026-03-02 16:18:00,402 : INFO : SwitchController : <<<<<<< 's_flipper_right_upper' inactive >>>>>>>
2026-03-02 16:18:00,409 : INFO : SwitchController : <<<<<<< 's_flipper_right_lower_eos' inactive >>>>>>>
2026-03-02 16:18:00,426 : INFO : SwitchController : <<<<<<< 's_flipper_right_upper' active >>>>>>>
2026-03-02 16:18:00,426 : INFO : EventManager : Event: ======'machine_var_audits_switches_s_flipper_right_upper'====== Args={'value': 267, 'prev_value': 266, 'change': 1}
2026-03-02 16:18:00,431 : INFO : SwitchController : <<<<<<< 's_flipper_right_upper' inactive >>>>>>>
2026-03-02 16:18:00,433 : INFO : SwitchController : <<<<<<< 's_flipper_right_upper_eos' active >>>>>>>
2026-03-02 16:18:00,434 : INFO : EventManager : Event: ======'machine_var_audits_switches_s_flipper_right_upper_eos'====== Args={'value': 131, 'prev_value': 130, 'change': 1}
2026-03-02 16:18:00,440 : INFO : SwitchController : <<<<<<< 's_flipper_right_lower' inactive >>>>>>>
2026-03-02 16:18:00,525 : INFO : SwitchController : <<<<<<< 's_flipper_right_upper_eos' inactive >>>>>>>
2026-03-02 16:18:00,535 : INFO : SwitchController : <<<<<<< 's_flipper_right_lower' active >>>>>>>
2026-03-02 16:18:00,536 : INFO : EventManager : Event: ======'machine_var_audits_switches_s_flipper_right_lower'====== Args={'value': 414, 'prev_value': 413, 'change': 1}
2026-03-02 16:18:00,543 : INFO : SwitchController : <<<<<<< 's_flipper_right_lower' inactive >>>>>>>
2026-03-02 16:18:00,543 : INFO : SwitchController : <<<<<<< 's_flipper_right_lower' active >>>>>>>
2026-03-02 16:18:00,543 : INFO : EventManager : Event: ======'machine_var_audits_switches_s_flipper_right_lower'====== Args={'value': 415, 'prev_value': 414, 'change': 1}
2026-03-02 16:18:00,547 : INFO : SwitchController : <<<<<<< 's_flipper_right_upper' active >>>>>>>
2026-03-02 16:18:00,547 : INFO : EventManager : Event: ======'machine_var_audits_switches_s_flipper_right_upper'====== Args={'value': 268, 'prev_value': 267, 'change': 1}
2026-03-02 16:18:00,559 : INFO : SwitchController : <<<<<<< 's_inlane_right_1' inactive >>>>>>>
2026-03-02 16:18:00,560 : INFO : SwitchController : <<<<<<< 's_inlane_right_1' active >>>>>>>
2026-03-02 16:18:00,561 : INFO : EventManager : Event: ======'sw_playfield_active'====== Args={}
2026-03-02 16:18:00,561 : INFO : EventManager : Event: ======'machine_var_audits_switches_s_inlane_right_1'====== Args={'value': 298, 'prev_value': 297, 'change': 1}
2026-03-02 16:18:00,575 : INFO : SwitchController : <<<<<<< 's_inlane_right_1' inactive >>>>>>>
2026-03-02 16:18:00,579 : INFO : SwitchController : <<<<<<< 's_flipper_right_upper' inactive >>>>>>>
2026-03-02 16:18:00,584 : INFO : SwitchController : <<<<<<< 's_flipper_right_lower' inactive >>>>>>>
2026-03-02 16:18:00,584 : INFO : SwitchController : <<<<<<< 's_inlane_right_1' active >>>>>>>
2026-03-02 16:18:00,584 : INFO : EventManager : Event: ======'sw_playfield_active'====== Args={}
2026-03-02 16:18:00,584 : INFO : EventManager : Event: ======'machine_var_audits_switches_s_inlane_right_1'====== Args={'value': 299, 'prev_value': 298, 'change': 1}
2026-03-02 16:18:00,601 : INFO : SwitchController : <<<<<<< 's_flipper_right_upper_eos' active >>>>>>>
2026-03-02 16:18:00,602 : INFO : EventManager : Event: ======'machine_var_audits_switches_s_flipper_right_upper_eos'====== Args={'value': 132, 'prev_value': 131, 'change': 1}
2026-03-02 16:18:00,679 : INFO : SwitchController : <<<<<<< 's_flipper_right_upper_eos' inactive >>>>>>>
2026-03-02 16:18:00,685 : INFO : SwitchController : <<<<<<< 's_flipper_right_lower_eos' active >>>>>>>
2026-03-02 16:18:00,686 : INFO : EventManager : Event: ======'machine_var_audits_switches_s_flipper_right_lower_eos'====== Args={'value': 307, 'prev_value': 306, 'change': 1}
2026-03-02 16:18:00,833 : INFO : SwitchController : <<<<<<< 's_flipper_right_lower' active >>>>>>>
2026-03-02 16:18:00,834 : INFO : EventManager : Event: ======'machine_var_audits_switches_s_flipper_right_lower'====== Args={'value': 416, 'prev_value': 415, 'change': 1}
2026-03-02 16:18:00,838 : INFO : SwitchController : <<<<<<< 's_flipper_right_upper' active >>>>>>>
2026-03-02 16:18:00,838 : INFO : EventManager : Event: ======'machine_var_audits_switches_s_flipper_right_upper'====== Args={'value': 269, 'prev_value': 268, 'change': 1}
2026-03-02 16:18:00,864 : INFO : SwitchController : <<<<<<< 's_inlane_right_1' inactive >>>>>>>
2026-03-02 16:18:00,871 : INFO : SwitchController : <<<<<<< 's_inlane_right_1' active >>>>>>>
2026-03-02 16:18:00,871 : INFO : EventManager : Event: ======'sw_playfield_active'====== Args={}
2026-03-02 16:18:00,871 : INFO : EventManager : Event: ======'machine_var_audits_switches_s_inlane_right_1'====== Args={'value': 300, 'prev_value': 299, 'change': 1}
2026-03-02 16:18:00,879 : INFO : SwitchController : <<<<<<< 's_flipper_right_upper_eos' active >>>>>>>
2026-03-02 16:18:00,880 : INFO : EventManager : Event: ======'machine_var_audits_switches_s_flipper_right_upper_eos'====== Args={'value': 133, 'prev_value': 132, 'change': 1}
2026-03-02 16:18:00,880 : INFO : SwitchController : <<<<<<< 's_flipper_right_upper' inactive >>>>>>>
2026-03-02 16:18:00,882 : INFO : SwitchController : <<<<<<< 's_flipper_right_lower' inactive >>>>>>>
2026-03-02 16:18:00,974 : INFO : SwitchController : <<<<<<< 's_flipper_right_upper_eos' inactive >>>>>>>
2026-03-02 16:18:00,983 : INFO : SwitchController : <<<<<<< 's_flipper_right_lower' active >>>>>>>
2026-03-02 16:18:00,984 : INFO : EventManager : Event: ======'machine_var_audits_switches_s_flipper_right_lower'====== Args={'value': 417, 'prev_value': 416, 'change': 1}
2026-03-02 16:18:01,035 : INFO : SwitchController : <<<<<<< 's_flipper_right_lower' inactive >>>>>>>
2026-03-02 16:18:01,146 : INFO : SwitchController : <<<<<<< 's_flipper_right_lower' active >>>>>>>
2026-03-02 16:18:01,146 : INFO : EventManager : Event: ======'machine_var_audits_switches_s_flipper_right_lower'====== Args={'value': 418, 'prev_value': 417, 'change': 1}
2026-03-02 16:18:01,180 : INFO : SwitchController : <<<<<<< 's_flipper_right_lower_eos' inactive >>>>>>>
2026-03-02 16:18:01,183 : INFO : SwitchController : <<<<<<< 's_inlane_right_1' inactive >>>>>>>
2026-03-02 16:18:01,196 : INFO : SwitchController : <<<<<<< 's_inlane_right_1' active >>>>>>>
2026-03-02 16:18:01,196 : INFO : EventManager : Event: ======'sw_playfield_active'====== Args={}
2026-03-02 16:18:01,196 : INFO : EventManager : Event: ======'machine_var_audits_switches_s_inlane_right_1'====== Args={'value': 301, 'prev_value': 300, 'change': 1}
2026-03-02 16:18:01,217 : INFO : SwitchController : <<<<<<< 's_flipper_right_lower' inactive >>>>>>>
2026-03-02 16:18:01,312 : INFO : SwitchController : <<<<<<< 's_flipper_right_lower' active >>>>>>>
2026-03-02 16:18:01,312 : INFO : EventManager : Event: ======'machine_var_audits_switches_s_flipper_right_lower'====== Args={'value': 419, 'prev_value': 418, 'change': 1}
2026-03-02 16:18:01,317 : INFO : SwitchController : <<<<<<< 's_flipper_right_lower_eos' active >>>>>>>
2026-03-02 16:18:01,318 : INFO : EventManager : Event: ======'machine_var_audits_switches_s_flipper_right_lower_eos'====== Args={'value': 308, 'prev_value': 307, 'change': 1}
2026-03-02 16:18:01,328 : INFO : SwitchController : <<<<<<< 's_flipper_right_lower_eos' inactive >>>>>>>
2026-03-02 16:18:01,333 : INFO : SwitchController : <<<<<<< 's_inlane_right_1' inactive >>>>>>>
2026-03-02 16:18:01,338 : INFO : SwitchController : <<<<<<< 's_inlane_right_1' active >>>>>>>
2026-03-02 16:18:01,338 : INFO : EventManager : Event: ======'sw_playfield_active'====== Args={}
2026-03-02 16:18:01,338 : INFO : EventManager : Event: ======'machine_var_audits_switches_s_inlane_right_1'====== Args={'value': 302, 'prev_value': 301, 'change': 1}
2026-03-02 16:18:01,369 : INFO : SwitchController : <<<<<<< 's_flipper_right_lower' inactive >>>>>>>
2026-03-02 16:18:01,464 : INFO : SwitchController : <<<<<<< 's_flipper_right_lower_eos' active >>>>>>>
2026-03-02 16:18:01,464 : INFO : EventManager : Event: ======'machine_var_audits_switches_s_flipper_right_lower_eos'====== Args={'value': 309, 'prev_value': 308, 'change': 1}
2026-03-02 16:18:01,468 : INFO : SwitchController : <<<<<<< 's_flipper_right_lower' active >>>>>>>
2026-03-02 16:18:01,468 : INFO : EventManager : Event: ======'machine_var_audits_switches_s_flipper_right_lower'====== Args={'value': 420, 'prev_value': 419, 'change': 1}
2026-03-02 16:18:01,494 : INFO : SwitchController : <<<<<<< 's_flipper_right_lower_eos' inactive >>>>>>>
2026-03-02 16:18:01,498 : INFO : SwitchController : <<<<<<< 's_inlane_right_1' inactive >>>>>>>
2026-03-02 16:18:01,503 : INFO : SwitchController : <<<<<<< 's_inlane_right_1' active >>>>>>>
2026-03-02 16:18:01,503 : INFO : EventManager : Event: ======'sw_playfield_active'====== Args={}
2026-03-02 16:18:01,503 : INFO : EventManager : Event: ======'machine_var_audits_switches_s_inlane_right_1'====== Args={'value': 303, 'prev_value': 302, 'change': 1}
2026-03-02 16:18:01,535 : INFO : SwitchController : <<<<<<< 's_flipper_right_lower' inactive >>>>>>>
2026-03-02 16:18:01,619 : INFO : SwitchController : <<<<<<< 's_flipper_right_lower' active >>>>>>>
2026-03-02 16:18:01,619 : INFO : EventManager : Event: ======'machine_var_audits_switches_s_flipper_right_lower'====== Args={'value': 421, 'prev_value': 420, 'change': 1}
2026-03-02 16:18:01,641 : INFO : SwitchController : <<<<<<< 's_inlane_right_1' inactive >>>>>>>
2026-03-02 16:18:01,647 : INFO : SwitchController : <<<<<<< 's_inlane_right_1' active >>>>>>>
2026-03-02 16:18:01,647 : INFO : EventManager : Event: ======'sw_playfield_active'====== Args={}
2026-03-02 16:18:01,647 : INFO : EventManager : Event: ======'machine_var_audits_switches_s_inlane_right_1'====== Args={'value': 304, 'prev_value': 303, 'change': 1}
2026-03-02 16:18:01,702 : INFO : SwitchController : <<<<<<< 's_flipper_right_lower' inactive >>>>>>>
2026-03-02 16:18:01,793 : INFO : SwitchController : <<<<<<< 's_flipper_right_lower' active >>>>>>>
2026-03-02 16:18:01,793 : INFO : EventManager : Event: ======'machine_var_audits_switches_s_flipper_right_lower'====== Args={'value': 422, 'prev_value': 421, 'change': 1}
2026-03-02 16:18:01,801 : INFO : SwitchController : <<<<<<< 's_flipper_right_lower_eos' active >>>>>>>
2026-03-02 16:18:01,801 : INFO : EventManager : Event: ======'machine_var_audits_switches_s_flipper_right_lower_eos'====== Args={'value': 310, 'prev_value': 309, 'change': 1}
2026-03-02 16:18:01,810 : INFO : SwitchController : <<<<<<< 's_flipper_right_lower_eos' inactive >>>>>>>
2026-03-02 16:18:01,813 : INFO : SwitchController : <<<<<<< 's_inlane_right_1' inactive >>>>>>>
2026-03-02 16:18:01,819 : INFO : SwitchController : <<<<<<< 's_inlane_right_1' active >>>>>>>
2026-03-02 16:18:01,820 : INFO : EventManager : Event: ======'sw_playfield_active'====== Args={}
2026-03-02 16:18:01,820 : INFO : EventManager : Event: ======'machine_var_audits_switches_s_inlane_right_1'====== Args={'value': 305, 'prev_value': 304, 'change': 1}
2026-03-02 16:18:01,862 : INFO : SwitchController : <<<<<<< 's_flipper_right_lower' inactive >>>>>>>
2026-03-02 16:18:01,957 : INFO : SwitchController : <<<<<<< 's_flipper_right_lower_eos' active >>>>>>>
2026-03-02 16:18:01,957 : INFO : EventManager : Event: ======'machine_var_audits_switches_s_flipper_right_lower_eos'====== Args={'value': 311, 'prev_value': 310, 'change': 1}
2026-03-02 16:18:02,112 : INFO : SwitchController : <<<<<<< 's_flipper_left' active >>>>>>>
2026-03-02 16:18:02,113 : INFO : EventManager : Event: ======'machine_var_audits_switches_s_flipper_left'====== Args={'value': 207, 'prev_value': 206, 'change': 1}
2026-03-02 16:18:02,122 : INFO : SwitchController : <<<<<<< 's_flipper_left' inactive >>>>>>>
2026-03-02 16:18:02,127 : INFO : SwitchController : <<<<<<< 's_flipper_left' active >>>>>>>
2026-03-02 16:18:02,127 : INFO : EventManager : Event: ======'machine_var_audits_switches_s_flipper_left'====== Args={'value': 208, 'prev_value': 207, 'change': 1}
2026-03-02 16:18:02,145 : INFO : SwitchController : <<<<<<< 's_flipper_left_eos' inactive >>>>>>>
2026-03-02 16:18:02,191 : INFO : SwitchController : <<<<<<< 's_flipper_left' inactive >>>>>>>
2026-03-02 16:18:02,279 : INFO : SwitchController : <<<<<<< 's_flipper_left_eos' active >>>>>>>
2026-03-02 16:18:02,280 : INFO : EventManager : Event: ======'machine_var_audits_switches_s_flipper_left_eos'====== Args={'value': 183, 'prev_value': 182, 'change': 1}
2026-03-02 16:18:08,259 : INFO : SwitchController : <<<<<<< 's_trough_6' active >>>>>>>
2026-03-02 16:18:08,260 : INFO : EventManager : Event: ======'machine_var_audits_switches_s_trough_6'====== Args={'value': 37, 'prev_value': 36, 'change': 1}
2026-03-02 16:18:08,760 : INFO : EventManager : Event: ======'balldevice_bd_trough_ball_count_changed'====== Args={'balls': 6}
2026-03-02 16:18:08,760 : INFO : ball_device.bd_trough : Received unexpected ball
2026-03-02 16:18:08,760 : INFO : EventManager : Event: ======'balldevice_captured_from_playfield'====== Args={'balls': 1}
2026-03-02 16:18:08,761 : INFO : EventManager : Event: ======'sw_playfield_active'====== Args={'balls': 1}
2026-03-02 16:18:08,761 : INFO : EventManager : Event: ======'playfield_ball_count_change'====== Args={'balls': 0, 'change': -1}
2026-03-02 16:18:08,761 : INFO : EventManager : Event: ======'balldevice_bd_trough_ball_enter'====== Args={'new_balls': 1, 'unclaimed_balls': 1, 'new_available_balls': 1, 'device': <ball_device.bd_trough>}
2026-03-02 16:18:08,762 : INFO : EventManager : Event: ======'ball_drain'====== Args={'device': <ball_device.bd_trough>, 'balls': 1}
2026-03-02 16:18:08,762 : INFO : EventManager : Event: ======'ball_will_end'====== Args={}
2026-03-02 16:18:08,762 : INFO : EventManager : Event: ======'balldevice_balls_available'====== Args={}
2026-03-02 16:18:08,762 : INFO : EventManager : Event: ======'balldevice_bd_trough_ball_entered'====== Args={'new_balls': 1, 'device': <ball_device.bd_trough>}
2026-03-02 16:18:08,762 : INFO : EventManager : Event: ======'mode_base_will_stop'====== Args={}
2026-03-02 16:18:08,762 : INFO : EventManager : Event: ======'mode_base_stopping'====== Args={}
2026-03-02 16:18:08,763 : INFO : EventManager : Event: ======'stop_mode_bumpers'====== Args={'priority': 0}
2026-03-02 16:18:08,763 : INFO : EventManager : Event: ======'mode_bumpers_will_stop'====== Args={}
2026-03-02 16:18:08,763 : INFO : EventManager : Event: ======'mode_bumpers_stopping'====== Args={}
2026-03-02 16:18:08,763 : INFO : Mode.base : Stopped.
2026-03-02 16:18:08,763 : INFO : EventManager : Event: ======'modes_active_modes_changed'====== Args={}
2026-03-02 16:18:08,764 : INFO : EventManager : Event: ======'mode_base_stopped'====== Args={}
2026-03-02 16:18:08,764 : INFO : EventManager : Event: ======'clear'====== Args={'key': 'base'}
2026-03-02 16:18:08,764 : INFO : Mode.bumpers : Stopped.
2026-03-02 16:18:08,764 : INFO : EventManager : Event: ======'modes_active_modes_changed'====== Args={}
2026-03-02 16:18:08,764 : INFO : EventManager : Event: ======'mode_bumpers_stopped'====== Args={}
2026-03-02 16:18:08,764 : INFO : EventManager : Event: ======'clear'====== Args={'key': 'bumpers'}
2026-03-02 16:18:08,765 : INFO : EventManager : Event: ======'ball_ending'====== Args={}
2026-03-02 16:18:08,766 : INFO : EventManager : Event: ======'ball_ended'====== Args={}
2026-03-02 16:18:08,767 : INFO : EventManager : Event: ======'player_turn_will_end'====== Args={'player': <Player 1>, 'number': 1}
2026-03-02 16:18:08,768 : INFO : EventManager : Event: ======'player_turn_ending'====== Args={'player': <Player 1>, 'number': 1}
2026-03-02 16:18:08,768 : INFO : EventManager : Event: ======'player_turn_ended'====== Args={'player': <Player 1>, 'number': 1}
2026-03-02 16:18:08,768 : INFO : EventManager : Event: ======'game_will_end'====== Args={}
2026-03-02 16:18:08,768 : INFO : EventManager : Event: ======'game_ending'====== Args={}
2026-03-02 16:18:08,769 : INFO : EventManager : Event: ======'machine_var_player1_score'====== Args={'value': 1700, 'prev_value': 400, 'change': 1300}
2026-03-02 16:18:08,769 : INFO : EventManager : Event: ======'game_ended'====== Args={}
2026-03-02 16:18:08,769 : INFO : EventManager : Event: ======'mode_game_will_stop'====== Args={}
2026-03-02 16:18:08,769 : INFO : EventManager : Event: ======'mode_game_stopping'====== Args={}
2026-03-02 16:18:08,769 : INFO : EventManager : Event: ======'mode_attract_will_start'====== Args={}
2026-03-02 16:18:08,770 : INFO : Timer.attract_carousel_timer : Starting Timer.
2026-03-02 16:18:08,770 : INFO : EventManager : Event: ======'timer_attract_carousel_timer_started'====== Args={'ticks': 0, 'ticks_remaining': 1}
2026-03-02 16:18:08,770 : INFO : EventManager : Event: ======'timer_attract_carousel_timer_tick'====== Args={'ticks': 0, 'ticks_remaining': 1}
2026-03-02 16:18:08,771 : INFO : EventManager : Event: ======'mode_attract_starting'====== Args={}
2026-03-02 16:18:08,771 : INFO : Mode.attract : Started. Priority: 10
2026-03-02 16:18:08,771 : INFO : EventManager : Event: ======'modes_active_modes_changed'====== Args={}
2026-03-02 16:18:08,772 : INFO : EventManager : Event: ======'mode_attract_started'====== Args={}
2026-03-02 16:18:08,774 : INFO : EventManager : Event: ======'collecting_balls_complete'====== Args={}
2026-03-02 16:18:08,774 : INFO : EventManager : Event: ======'carousel_item_highlighted'====== Args={'carousel': 'attract', 'direction': None, 'item': 'title'}
2026-03-02 16:18:08,775 : INFO : EventManager : Event: ======'timer_attract_carousel_timer_tick'====== Args={'ticks': 0, 'ticks_remaining': 1}
2026-03-02 16:18:08,775 : INFO : Mode.game : Stopped.
2026-03-02 16:18:08,775 : INFO : EventManager : Event: ======'modes_active_modes_changed'====== Args={}
2026-03-02 16:18:08,775 : INFO : EventManager : Event: ======'mode_game_stopped'====== Args={}
2026-03-02 16:18:08,775 : INFO : EventManager : Event: ======'clear'====== Args={'key': 'game'}
2026-03-02 16:18:08,857 : INFO : EventManager : Event: ======'slide_attract_created'====== Args={'_from_bcp': True}
2026-03-02 16:18:08,857 : INFO : EventManager : Event: ======'slide_base_slide_inactive'====== Args={'is_removing': True, '_from_bcp': True}
2026-03-02 16:18:08,857 : INFO : EventManager : Event: ======'slide_attract_active'====== Args={'original_context': 'attract', 'original_calling_context': 'mode_attract_started', 'priority': 10.0, 'cmd': 'slides_play', '_from_bcp': True}
2026-03-02 16:18:08,858 : INFO : EventManager : Event: ======'slide_base_slide_removed'====== Args={'_from_bcp': True}
2026-03-02 16:18:13,775 : INFO : Timer.attract_carousel_timer : Timer Complete
2026-03-02 16:18:13,775 : INFO : Timer.attract_carousel_timer : Stopping Timer
2026-03-02 16:18:13,776 : INFO : EventManager : Event: ======'timer_attract_carousel_timer_stopped'====== Args={'ticks': 1, 'ticks_remaining': 1}
2026-03-02 16:18:13,776 : INFO : EventManager : Event: ======'timer_attract_carousel_timer_complete'====== Args={'ticks': 1, 'ticks_remaining': 1}
2026-03-02 16:18:13,776 : INFO : EventManager : Event: ======'carousel_item_highlighted'====== Args={'carousel': 'attract', 'direction': 'forwards', 'item': 'credits'}
2026-03-02 16:18:13,776 : INFO : Timer.attract_carousel_timer : Starting Timer.
2026-03-02 16:18:13,776 : INFO : EventManager : Event: ======'timer_attract_carousel_timer_started'====== Args={'ticks': 0, 'ticks_remaining': 1}
2026-03-02 16:18:13,776 : INFO : EventManager : Event: ======'timer_attract_carousel_timer_tick'====== Args={'ticks': 0, 'ticks_remaining': 1}
2026-03-02 16:18:14,532 : INFO : SwitchController : <<<<<<< 's_start' active >>>>>>>
2026-03-02 16:18:14,708 : INFO : SwitchController : <<<<<<< 's_start' inactive >>>>>>>
2026-03-02 16:18:14,708 : INFO : EventManager : Event: ======'request_to_start_game'====== Args={}
2026-03-02 16:18:14,708 : INFO : EventManager : Event: ======'game_start'====== Args={'buttons': [], 'hold_time': 0.17609298300521914}
2026-03-02 16:18:14,708 : INFO : EventManager : Event: ======'mode_game_will_start'====== Args={'buttons': [], 'hold_time': 0.17609298300521914}
2026-03-02 16:18:14,709 : INFO : EventManager : Event: ======'mode_game_starting'====== Args={'buttons': [], 'hold_time': 0.17609298300521914}
2026-03-02 16:18:14,709 : INFO : EventManager : Event: ======'mode_attract_will_stop'====== Args={}
2026-03-02 16:18:14,709 : INFO : EventManager : Event: ======'mode_attract_stopping'====== Args={}
2026-03-02 16:18:14,709 : INFO : Mode.attract : Stopped.
2026-03-02 16:18:14,709 : INFO : EventManager : Event: ======'modes_active_modes_changed'====== Args={}
2026-03-02 16:18:14,710 : INFO : EventManager : Event: ======'mode_attract_stopped'====== Args={}
2026-03-02 16:18:14,710 : INFO : EventManager : Event: ======'clear'====== Args={'key': 'attract'}
2026-03-02 16:18:14,710 : INFO : Timer.attract_carousel_timer : Stopping Timer
2026-03-02 16:18:14,711 : INFO : EventManager : Event: ======'timer_attract_carousel_timer_stopped'====== Args={'ticks': 0, 'ticks_remaining': 1}
2026-03-02 16:18:14,711 : INFO : Mode.game : Started. Priority: 20
2026-03-02 16:18:14,711 : INFO : EventManager : Event: ======'modes_active_modes_changed'====== Args={}
2026-03-02 16:18:14,711 : INFO : EventManager : Event: ======'mode_game_started'====== Args={'buttons': [], 'hold_time': 0.17609298300521914}
2026-03-02 16:18:14,711 : INFO : EventManager : Event: ======'game_will_start'====== Args={}
2026-03-02 16:18:14,712 : INFO : EventManager : Event: ======'game_starting'====== Args={'game': <Mode.game>}
2026-03-02 16:18:14,712 : INFO : EventManager : Unordered handler for class <Auditor> on event game_ended with priority 1. Handlers: [RegisteredHandler(callback=<bound method Auditor.disable of <Auditor>>, priority=1, kwargs={}, key=UUID('c54c7c8d-1a3d-46f7-ac29-c02e0ca9c7b8'), condition=None, blocking_facility=None), RegisteredHandler(callback=<bound method Auditor._save_audits of <Auditor>>, priority=1, kwargs={}, key=UUID('bc4578d7-f161-4661-ae9a-ba1facb89c95'), condition=None, blocking_facility=None)]. The order of those handlers is not defined and they will be executed in random order. This might lead to race conditions and potential bugs.
2026-03-02 16:18:14,713 : INFO : EventManager : Event: ======'player_add_request'====== Args={}
2026-03-02 16:18:14,713 : INFO : EventManager : Event: ======'player_will_add'====== Args={'number': 1}
2026-03-02 16:18:14,713 : INFO : EventManager : Event: ======'player_adding'====== Args={'player': <Player 1>, 'number': 1}
2026-03-02 16:18:14,713 : INFO : EventManager : Event: ======'player_added'====== Args={'player': <Player 1>, 'num': 1}
2026-03-02 16:18:14,713 : INFO : Mode.game : Player added successfully. Total players: 1
2026-03-02 16:18:14,713 : INFO : EventManager : Event: ======'player_index'====== Args={'value': 0, 'prev_value': 0, 'change': 0, 'player_num': 1}
2026-03-02 16:18:14,714 : INFO : EventManager : Event: ======'player_number'====== Args={'value': 1, 'prev_value': 1, 'change': 0, 'player_num': 1}
2026-03-02 16:18:14,714 : INFO : EventManager : Event: ======'player_score'====== Args={'value': 0, 'prev_value': 0, 'change': 0, 'player_num': 1}
2026-03-02 16:18:14,715 : INFO : EventManager : Event: ======'game_started'====== Args={}
2026-03-02 16:18:14,715 : INFO : EventManager : Event: ======'player_turn_will_start'====== Args={'player': <Player 1>, 'number': 1}
2026-03-02 16:18:14,722 : INFO : EventManager : Event: ======'player_turn_starting'====== Args={'player': <Player 1>, 'number': 1}
2026-03-02 16:18:14,733 : INFO : EventManager : Event: ======'player_ball'====== Args={'value': 1, 'prev_value': 0, 'change': 1, 'player_num': 1}
2026-03-02 16:18:14,734 : INFO : EventManager : Event: ======'player_turn_started'====== Args={'player': <Player 1>, 'number': 1}
2026-03-02 16:18:14,735 : INFO : EventManager : Event: ======'ball_will_start'====== Args={'player': 1, 'ball': 1, 'balls_remaining': 2, 'is_extra_ball': False}
2026-03-02 16:18:14,735 : INFO : EventManager : Event: ======'ball_starting'====== Args={'player': 1, 'ball': 1, 'balls_remaining': 2, 'is_extra_ball': False}
2026-03-02 16:18:14,736 : INFO : EventManager : Event: ======'mode_base_will_start'====== Args={'queue': <QueuedEvent>, 'player': 1, 'ball': 1, 'balls_remaining': 2, 'is_extra_ball': False}
2026-03-02 16:18:14,737 : INFO : EventManager : Event: ======'mode_base_starting'====== Args={'queue': <QueuedEvent>, 'player': 1, 'ball': 1, 'balls_remaining': 2, 'is_extra_ball': False}
2026-03-02 16:18:14,737 : INFO : Mode.base : Started. Priority: 100
2026-03-02 16:18:14,737 : INFO : EventManager : Event: ======'modes_active_modes_changed'====== Args={}
2026-03-02 16:18:14,737 : INFO : EventManager : Event: ======'mode_base_started'====== Args={'queue': <QueuedEvent>, 'player': 1, 'ball': 1, 'balls_remaining': 2, 'is_extra_ball': False}
2026-03-02 16:18:14,738 : INFO : EventManager : Event: ======'start_mode_bumpers'====== Args={'priority': 0}
2026-03-02 16:18:14,739 : INFO : EventManager : Event: ======'mode_bumpers_will_start'====== Args={'priority': 0}
2026-03-02 16:18:14,739 : INFO : EventManager : Event: ======'player_shot_sling_left_enabled'====== Args={'value': True, 'prev_value': 0, 'change': 1, 'player_num': 1}
2026-03-02 16:18:14,740 : INFO : EventManager : Event: ======'player_shot_sling_right_enabled'====== Args={'value': True, 'prev_value': 0, 'change': 1, 'player_num': 1}
2026-03-02 16:18:14,740 : INFO : EventManager : Event: ======'slings_complete'====== Args={'state': 'unlit'}
2026-03-02 16:18:14,740 : INFO : EventManager : Event: ======'slings_unlit_complete'====== Args={}
2026-03-02 16:18:14,741 : INFO : EventManager : Event: ======'mode_bumpers_starting'====== Args={'priority': 0}
2026-03-02 16:18:14,742 : INFO : Mode.bumpers : Started. Priority: 200
2026-03-02 16:18:14,743 : INFO : EventManager : Event: ======'modes_active_modes_changed'====== Args={}
2026-03-02 16:18:14,743 : INFO : EventManager : Event: ======'mode_bumpers_started'====== Args={'priority': 0}
2026-03-02 16:18:14,743 : INFO : EventManager : Event: ======'balls_in_play'====== Args={'balls': 1}
2026-03-02 16:18:14,743 : INFO : EventManager : Event: ======'ball_started'====== Args={'player': 1, 'ball': 1, 'balls_remaining': 2, 'is_extra_ball': False}
2026-03-02 16:18:14,744 : INFO : EventManager : Event: ======'single_player_ball_started'====== Args={}
2026-03-02 16:18:14,752 : INFO : EventManager : Event: ======'ball_start_target'====== Args={'target': 'playfield'}
2026-03-02 16:18:14,756 : INFO : ball_device.bd_plunger : Setting up player-controlled eject. Balls: 1, Target: <playfield.playfield>, player_controlled_eject_event: None
2026-03-02 16:18:14,757 : INFO : EventManager : Event: ======'balldevice_balls_available'====== Args={}
2026-03-02 16:18:14,758 : INFO : ball_device.bd_trough : State: waiting_for_target_ready
2026-03-02 16:18:14,758 : INFO : EventManager : Event: ======'balldevice_bd_trough_ball_eject_attempt'====== Args={'balls': 1, 'target': <ball_device.bd_plunger>, 'source': <ball_device.bd_trough>, 'mechanical_eject': True, 'num_attempts': 0}
2026-03-02 16:18:14,758 : INFO : ball_device.bd_plunger : State: waiting_for_ball
2026-03-02 16:18:14,759 : INFO : ball_device.bd_trough : State: ejecting
2026-03-02 16:18:14,759 : INFO : ball_device.bd_trough : Ejecting ball to <ball_device.bd_plunger>
2026-03-02 16:18:14,759 : INFO : EventManager : Event: ======'balldevice_bd_trough_ejecting_ball'====== Args={'balls': 1, 'target': <ball_device.bd_plunger>, 'source': <ball_device.bd_trough>, 'mechanical_eject': True, 'num_attempts': 0}
2026-03-02 16:18:14,760 : INFO : ball_device.bd_trough : Wait for ball to leave device
2026-03-02 16:18:14,760 : INFO : coil.c_trough_eject : Pulsing Driver for 20ms (1.0 pulse_power)
2026-03-02 16:18:14,787 : INFO : SwitchController : <<<<<<< 's_trough_1' inactive >>>>>>>
2026-03-02 16:18:14,787 : INFO : SwitchController : <<<<<<< 's_trough_7' active >>>>>>>
2026-03-02 16:18:14,787 : INFO : EventManager : Event: ======'machine_var_audits_switches_s_trough_7'====== Args={'value': 21, 'prev_value': 20, 'change': 1}
2026-03-02 16:18:14,788 : INFO : ball_device.bd_trough : State: ball_left
2026-03-02 16:18:14,788 : INFO : ball_device.bd_trough : Ball left
2026-03-02 16:18:14,788 : INFO : ball_device.bd_trough : Wait for confirm with timeout 3.0
2026-03-02 16:18:14,804 : INFO : SwitchController : <<<<<<< 's_trough_7' inactive >>>>>>>
2026-03-02 16:18:14,825 : INFO : EventManager : Event: ======'slide_base_slide_created'====== Args={'_from_bcp': True}
2026-03-02 16:18:14,825 : INFO : EventManager : Event: ======'slide_attract_inactive'====== Args={'is_removing': True, '_from_bcp': True}
2026-03-02 16:18:14,825 : INFO : EventManager : Event: ======'slide_base_slide_active'====== Args={'original_context': 'base', 'original_calling_context': 'mode_base_started', 'priority': 100.0, 'queue': '<QueuedEvent>', 'player': 1.0, 'ball': 1.0, 'balls_remaining': 2.0, 'is_extra_ball': False, 'cmd': 'slides_play', '_from_bcp': True}
2026-03-02 16:18:14,825 : INFO : EventManager : Event: ======'slide_attract_removed'====== Args={'_from_bcp': True}
2026-03-02 16:18:14,927 : INFO : SwitchController : <<<<<<< 's_plunger' active >>>>>>>
2026-03-02 16:18:14,928 : INFO : EventManager : Event: ======'machine_var_audits_switches_s_plunger'====== Args={'value': 26, 'prev_value': 25, 'change': 1}
2026-03-02 16:18:15,000 : INFO : SwitchController : <<<<<<< 's_trough_2' inactive >>>>>>>
2026-03-02 16:18:15,008 : INFO : SwitchController : <<<<<<< 's_trough_3' inactive >>>>>>>
2026-03-02 16:18:15,009 : INFO : SwitchController : <<<<<<< 's_trough_4' inactive >>>>>>>
2026-03-02 16:18:15,010 : INFO : SwitchController : <<<<<<< 's_trough_5' inactive >>>>>>>
2026-03-02 16:18:15,011 : INFO : SwitchController : <<<<<<< 's_trough_6' inactive >>>>>>>
2026-03-02 16:18:15,016 : INFO : SwitchController : <<<<<<< 's_trough_1' active >>>>>>>
2026-03-02 16:18:15,016 : INFO : EventManager : Event: ======'machine_var_audits_switches_s_trough_1'====== Args={'value': 18, 'prev_value': 17, 'change': 1}
2026-03-02 16:18:15,032 : INFO : SwitchController : <<<<<<< 's_trough_2' active >>>>>>>
2026-03-02 16:18:15,032 : INFO : EventManager : Event: ======'machine_var_audits_switches_s_trough_2'====== Args={'value': 28, 'prev_value': 27, 'change': 1}
2026-03-02 16:18:15,032 : INFO : SwitchController : <<<<<<< 's_trough_3' active >>>>>>>
2026-03-02 16:18:15,032 : INFO : EventManager : Event: ======'machine_var_audits_switches_s_trough_3'====== Args={'value': 33, 'prev_value': 32, 'change': 1}
2026-03-02 16:18:15,033 : INFO : SwitchController : <<<<<<< 's_trough_4' active >>>>>>>
2026-03-02 16:18:15,033 : INFO : EventManager : Event: ======'machine_var_audits_switches_s_trough_4'====== Args={'value': 32, 'prev_value': 31, 'change': 1}
2026-03-02 16:18:15,033 : INFO : SwitchController : <<<<<<< 's_trough_5' active >>>>>>>
2026-03-02 16:18:15,033 : INFO : EventManager : Event: ======'machine_var_audits_switches_s_trough_5'====== Args={'value': 34, 'prev_value': 33, 'change': 1}
2026-03-02 16:18:15,307 : INFO : SwitchController : <<<<<<< 's_start' active >>>>>>>
2026-03-02 16:18:15,307 : INFO : EventManager : Event: ======'sw_start'====== Args={}
2026-03-02 16:18:15,307 : INFO : EventManager : Event: ======'machine_var_audits_switches_s_start'====== Args={'value': 5, 'prev_value': 4, 'change': 1}
2026-03-02 16:18:15,308 : INFO : EventManager : Event: ======'player_add_request'====== Args={}
2026-03-02 16:18:15,308 : INFO : EventManager : Event: ======'player_will_add'====== Args={'number': 2}
2026-03-02 16:18:15,308 : INFO : EventManager : Event: ======'player_adding'====== Args={'player': <Player 2>, 'number': 2}
2026-03-02 16:18:15,309 : INFO : EventManager : Event: ======'player_added'====== Args={'player': <Player 2>, 'num': 2}
2026-03-02 16:18:15,309 : INFO : Mode.game : Player added successfully. Total players: 2
2026-03-02 16:18:15,309 : INFO : EventManager : Event: ======'multiplayer_game'====== Args={}
2026-03-02 16:18:15,310 : INFO : EventManager : Event: ======'player_index'====== Args={'value': 1, 'prev_value': 1, 'change': 0, 'player_num': 2}
2026-03-02 16:18:15,310 : INFO : EventManager : Event: ======'player_number'====== Args={'value': 2, 'prev_value': 2, 'change': 0, 'player_num': 2}
2026-03-02 16:18:15,311 : INFO : EventManager : Event: ======'player_score'====== Args={'value': 0, 'prev_value': 0, 'change': 0, 'player_num': 2}
2026-03-02 16:18:15,430 : INFO : ball_device.bd_plunger : Received ball from <ball_device.bd_trough>
2026-03-02 16:18:15,430 : INFO : EventManager : Event: ======'balldevice_bd_plunger_ball_enter'====== Args={'new_balls': 1, 'unclaimed_balls': 0, 'new_available_balls': 0, 'device': <ball_device.bd_plunger>}
2026-03-02 16:18:15,431 : INFO : EventManager : Event: ======'balldevice_bd_plunger_ball_entered'====== Args={'new_balls': 0, 'device': <ball_device.bd_plunger>}
2026-03-02 16:18:15,431 : INFO : EventManager : Event: ======'balldevice_bd_plunger_ball_count_changed'====== Args={'balls': 1}
2026-03-02 16:18:15,432 : INFO : ball_device.bd_trough : Got eject confirm
2026-03-02 16:18:15,432 : INFO : ball_device.bd_trough : Eject successful
2026-03-02 16:18:15,432 : INFO : EventManager : Event: ======'balldevice_bd_trough_ball_eject_success'====== Args={'balls': 1, 'target': <ball_device.bd_plunger>}
2026-03-02 16:18:15,432 : INFO : ball_device.bd_plunger : State: waiting_for_target_ready
2026-03-02 16:18:15,433 : INFO : EventManager : Event: ======'balldevice_bd_plunger_ball_eject_attempt'====== Args={'balls': 1, 'target': <playfield.playfield>, 'source': <ball_device.bd_plunger>, 'mechanical_eject': True, 'num_attempts': 0}
2026-03-02 16:18:15,433 : INFO : EventManager : Event: ======'balldevice_bd_trough_ball_count_changed'====== Args={'balls': 5}
2026-03-02 16:18:15,433 : INFO : ball_device.bd_trough : State: idle
2026-03-02 16:18:15,434 : INFO : ball_device.bd_plunger : State: ejecting
2026-03-02 16:18:15,434 : INFO : ball_device.bd_plunger : Ejecting ball to <playfield.playfield>
2026-03-02 16:18:15,434 : INFO : EventManager : Event: ======'balldevice_bd_plunger_ejecting_ball'====== Args={'balls': 1, 'target': <playfield.playfield>, 'source': <ball_device.bd_plunger>, 'mechanical_eject': True, 'num_attempts': 0}
2026-03-02 16:18:15,435 : INFO : ball_device.bd_plunger : Wait for ball to leave device
2026-03-02 16:18:15,525 : INFO : SwitchController : <<<<<<< 's_start' inactive >>>>>>>
2026-03-02 16:18:17,428 : INFO : SwitchController : <<<<<<< 's_plunger' inactive >>>>>>>
2026-03-02 16:18:17,429 : INFO : ball_device.bd_plunger : State: ball_left
2026-03-02 16:18:17,429 : INFO : ball_device.bd_plunger : Ball left
2026-03-02 16:18:17,429 : INFO : ball_device.bd_plunger : Wait for confirm with timeout 5.0
2026-03-02 16:18:20,047 : INFO : SwitchController : <<<<<<< 's_inlane_right_1' inactive >>>>>>>
2026-03-02 16:18:20,053 : INFO : SwitchController : <<<<<<< 's_inlane_right_1' active >>>>>>>
2026-03-02 16:18:20,053 : INFO : EventManager : Event: ======'sw_playfield_active'====== Args={}
2026-03-02 16:18:20,053 : INFO : EventManager : Event: ======'machine_var_audits_switches_s_inlane_right_1'====== Args={'value': 306, 'prev_value': 305, 'change': 1}
2026-03-02 16:18:20,054 : INFO : EventManager : Event: ======'playfield_active'====== Args={'source': None}
2026-03-02 16:18:20,071 : INFO : ball_device.bd_plunger : Got eject confirm
2026-03-02 16:18:20,071 : INFO : ball_device.bd_plunger : Eject successful
2026-03-02 16:18:20,071 : INFO : EventManager : Event: ======'balldevice_bd_plunger_ball_eject_success'====== Args={'balls': 1, 'target': <playfield.playfield>}
2026-03-02 16:18:20,071 : INFO : EventManager : Event: ======'balldevice_playfield_ball_enter'====== Args={'new_balls': 1, 'unclaimed_balls': 1, 'device': <playfield.playfield>}
2026-03-02 16:18:20,071 : INFO : EventManager : Event: ======'playfield_ball_count_change'====== Args={'balls': 1, 'change': 1}
2026-03-02 16:18:20,072 : INFO : EventManager : Event: ======'balldevice_bd_plunger_ball_count_changed'====== Args={'balls': 0}
2026-03-02 16:18:20,072 : INFO : ball_device.bd_plunger : State: idle
2026-03-02 16:18:20,080 : INFO : SwitchController : <<<<<<< 's_trough_6' active >>>>>>>
2026-03-02 16:18:20,081 : INFO : EventManager : Event: ======'machine_var_audits_switches_s_trough_6'====== Args={'value': 38, 'prev_value': 37, 'change': 1}
2026-03-02 16:18:20,582 : INFO : EventManager : Event: ======'balldevice_bd_trough_ball_count_changed'====== Args={'balls': 6}
2026-03-02 16:18:20,582 : INFO : ball_device.bd_trough : Received unexpected ball
2026-03-02 16:18:20,582 : INFO : EventManager : Event: ======'balldevice_captured_from_playfield'====== Args={'balls': 1}
2026-03-02 16:18:20,582 : INFO : EventManager : Event: ======'sw_playfield_active'====== Args={'balls': 1}
2026-03-02 16:18:20,582 : INFO : EventManager : Event: ======'playfield_ball_count_change'====== Args={'balls': 0, 'change': -1}
2026-03-02 16:18:20,583 : INFO : EventManager : Event: ======'balldevice_bd_trough_ball_enter'====== Args={'new_balls': 1, 'unclaimed_balls': 1, 'new_available_balls': 1, 'device': <ball_device.bd_trough>}
2026-03-02 16:18:20,583 : INFO : EventManager : Event: ======'ball_drain'====== Args={'device': <ball_device.bd_trough>, 'balls': 1}
2026-03-02 16:18:20,584 : INFO : EventManager : Event: ======'ball_will_end'====== Args={}
2026-03-02 16:18:20,584 : INFO : EventManager : Event: ======'balldevice_balls_available'====== Args={}
2026-03-02 16:18:20,584 : INFO : EventManager : Event: ======'balldevice_bd_trough_ball_entered'====== Args={'new_balls': 1, 'device': <ball_device.bd_trough>}
2026-03-02 16:18:20,584 : INFO : EventManager : Event: ======'mode_base_will_stop'====== Args={}
2026-03-02 16:18:20,584 : INFO : EventManager : Event: ======'mode_base_stopping'====== Args={}
2026-03-02 16:18:20,585 : INFO : EventManager : Event: ======'stop_mode_bumpers'====== Args={'priority': 0}
2026-03-02 16:18:20,585 : INFO : EventManager : Event: ======'mode_bumpers_will_stop'====== Args={}
2026-03-02 16:18:20,585 : INFO : EventManager : Event: ======'mode_bumpers_stopping'====== Args={}
2026-03-02 16:18:20,585 : INFO : Mode.base : Stopped.
2026-03-02 16:18:20,585 : INFO : EventManager : Event: ======'modes_active_modes_changed'====== Args={}
2026-03-02 16:18:20,585 : INFO : EventManager : Event: ======'mode_base_stopped'====== Args={}
2026-03-02 16:18:20,586 : INFO : EventManager : Event: ======'clear'====== Args={'key': 'base'}
2026-03-02 16:18:20,586 : INFO : Mode.bumpers : Stopped.
2026-03-02 16:18:20,586 : INFO : EventManager : Event: ======'modes_active_modes_changed'====== Args={}
2026-03-02 16:18:20,586 : INFO : EventManager : Event: ======'mode_bumpers_stopped'====== Args={}
2026-03-02 16:18:20,586 : INFO : EventManager : Event: ======'clear'====== Args={'key': 'bumpers'}
2026-03-02 16:18:20,588 : INFO : EventManager : Event: ======'ball_ending'====== Args={}
2026-03-02 16:18:20,589 : INFO : EventManager : Event: ======'ball_ended'====== Args={}
2026-03-02 16:18:20,590 : INFO : EventManager : Event: ======'player_turn_will_end'====== Args={'player': <Player 1>, 'number': 1}
2026-03-02 16:18:20,590 : INFO : EventManager : Event: ======'player_turn_ending'====== Args={'player': <Player 1>, 'number': 1}
2026-03-02 16:18:20,591 : INFO : EventManager : Event: ======'player_turn_ended'====== Args={'player': <Player 1>, 'number': 1}
2026-03-02 16:18:20,591 : INFO : EventManager : Event: ======'player_turn_will_start'====== Args={'player': <Player 2>, 'number': 2}
2026-03-02 16:18:20,592 : INFO : EventManager : Event: ======'player_turn_starting'====== Args={'player': <Player 2>, 'number': 2}
2026-03-02 16:18:20,592 : INFO : EventManager : Event: ======'player_ball'====== Args={'value': 1, 'prev_value': 0, 'change': 1, 'player_num': 2}
2026-03-02 16:18:20,593 : INFO : EventManager : Event: ======'player_turn_started'====== Args={'player': <Player 2>, 'number': 2}
2026-03-02 16:18:20,593 : INFO : EventManager : Event: ======'ball_will_start'====== Args={'player': 2, 'ball': 1, 'balls_remaining': 2, 'is_extra_ball': False}
2026-03-02 16:18:20,594 : INFO : EventManager : Event: ======'ball_starting'====== Args={'player': 2, 'ball': 1, 'balls_remaining': 2, 'is_extra_ball': False}
2026-03-02 16:18:20,594 : INFO : EventManager : Event: ======'mode_base_will_start'====== Args={'queue': <QueuedEvent>, 'player': 2, 'ball': 1, 'balls_remaining': 2, 'is_extra_ball': False}
2026-03-02 16:18:20,595 : INFO : EventManager : Event: ======'mode_base_starting'====== Args={'queue': <QueuedEvent>, 'player': 2, 'ball': 1, 'balls_remaining': 2, 'is_extra_ball': False}
2026-03-02 16:18:20,596 : INFO : Mode.base : Started. Priority: 100
2026-03-02 16:18:20,596 : INFO : EventManager : Event: ======'modes_active_modes_changed'====== Args={}
2026-03-02 16:18:20,596 : INFO : EventManager : Event: ======'mode_base_started'====== Args={'queue': <QueuedEvent>, 'player': 2, 'ball': 1, 'balls_remaining': 2, 'is_extra_ball': False}
2026-03-02 16:18:20,596 : INFO : EventManager : Event: ======'start_mode_bumpers'====== Args={'priority': 0}
2026-03-02 16:18:20,597 : INFO : EventManager : Event: ======'mode_bumpers_will_start'====== Args={'priority': 0}
2026-03-02 16:18:20,598 : INFO : EventManager : Event: ======'player_shot_sling_left_enabled'====== Args={'value': True, 'prev_value': 0, 'change': 1, 'player_num': 2}
2026-03-02 16:18:20,598 : INFO : EventManager : Event: ======'player_shot_sling_right_enabled'====== Args={'value': True, 'prev_value': 0, 'change': 1, 'player_num': 2}
2026-03-02 16:18:20,599 : INFO : EventManager : Event: ======'mode_bumpers_starting'====== Args={'priority': 0}
2026-03-02 16:18:20,600 : INFO : Mode.bumpers : Started. Priority: 200
2026-03-02 16:18:20,600 : INFO : EventManager : Event: ======'modes_active_modes_changed'====== Args={}
2026-03-02 16:18:20,600 : INFO : EventManager : Event: ======'mode_bumpers_started'====== Args={'priority': 0}
2026-03-02 16:18:20,600 : INFO : EventManager : Event: ======'balls_in_play'====== Args={'balls': 1}
2026-03-02 16:18:20,601 : INFO : EventManager : Event: ======'ball_started'====== Args={'player': 2, 'ball': 1, 'balls_remaining': 2, 'is_extra_ball': False}
2026-03-02 16:18:20,605 : INFO : EventManager : Event: ======'multi_player_ball_started'====== Args={}
2026-03-02 16:18:20,606 : INFO : EventManager : Event: ======'player_2_ball_started'====== Args={}
2026-03-02 16:18:20,607 : INFO : EventManager : Event: ======'ball_start_target'====== Args={'target': 'playfield'}
2026-03-02 16:18:20,607 : INFO : ball_device.bd_plunger : Setting up player-controlled eject. Balls: 1, Target: <playfield.playfield>, player_controlled_eject_event: None
2026-03-02 16:18:20,607 : INFO : EventManager : Event: ======'balldevice_balls_available'====== Args={}
2026-03-02 16:18:20,608 : INFO : ball_device.bd_trough : State: waiting_for_target_ready
2026-03-02 16:18:20,608 : INFO : EventManager : Event: ======'balldevice_bd_trough_ball_eject_attempt'====== Args={'balls': 1, 'target': <ball_device.bd_plunger>, 'source': <ball_device.bd_trough>, 'mechanical_eject': True, 'num_attempts': 0}
2026-03-02 16:18:20,608 : INFO : ball_device.bd_plunger : State: waiting_for_ball
2026-03-02 16:18:20,609 : INFO : ball_device.bd_trough : State: ejecting
2026-03-02 16:18:20,609 : INFO : ball_device.bd_trough : Ejecting ball to <ball_device.bd_plunger>
2026-03-02 16:18:20,609 : INFO : EventManager : Event: ======'balldevice_bd_trough_ejecting_ball'====== Args={'balls': 1, 'target': <ball_device.bd_plunger>, 'source': <ball_device.bd_trough>, 'mechanical_eject': True, 'num_attempts': 0}
2026-03-02 16:18:20,609 : INFO : ball_device.bd_trough : Wait for ball to leave device
2026-03-02 16:18:20,610 : INFO : coil.c_trough_eject : Pulsing Driver for 20ms (1.0 pulse_power)
2026-03-02 16:18:20,636 : INFO : SwitchController : <<<<<<< 's_trough_1' inactive >>>>>>>
2026-03-02 16:18:20,637 : INFO : SwitchController : <<<<<<< 's_trough_7' active >>>>>>>
2026-03-02 16:18:20,637 : INFO : EventManager : Event: ======'machine_var_audits_switches_s_trough_7'====== Args={'value': 22, 'prev_value': 21, 'change': 1}
2026-03-02 16:18:20,638 : INFO : ball_device.bd_trough : State: ball_left
2026-03-02 16:18:20,638 : INFO : ball_device.bd_trough : Ball left
2026-03-02 16:18:20,638 : INFO : ball_device.bd_trough : Wait for confirm with timeout 3.0
2026-03-02 16:18:20,653 : INFO : SwitchController : <<<<<<< 's_trough_7' inactive >>>>>>>
2026-03-02 16:18:20,709 : INFO : EventManager : Event: ======'slide_base_slide_created'====== Args={'_from_bcp': True}
2026-03-02 16:18:20,710 : INFO : EventManager : Event: ======'slide_base_slide_inactive'====== Args={'is_removing': True, '_from_bcp': True}
2026-03-02 16:18:20,710 : INFO : EventManager : Event: ======'slide_base_slide_active'====== Args={'original_context': 'base', 'original_calling_context': 'mode_base_started', 'priority': 100.0, 'queue': '<QueuedEvent>', 'player': 2.0, 'ball': 1.0, 'balls_remaining': 2.0, 'is_extra_ball': False, 'cmd': 'slides_play', '_from_bcp': True}
2026-03-02 16:18:20,711 : INFO : EventManager : Event: ======'slide_base_slide_removed'====== Args={'_from_bcp': True}
2026-03-02 16:18:20,785 : INFO : SwitchController : <<<<<<< 's_plunger' active >>>>>>>
2026-03-02 16:18:20,786 : INFO : EventManager : Event: ======'machine_var_audits_switches_s_plunger'====== Args={'value': 27, 'prev_value': 26, 'change': 1}
2026-03-02 16:18:20,853 : INFO : SwitchController : <<<<<<< 's_trough_4' inactive >>>>>>>
2026-03-02 16:18:20,854 : INFO : SwitchController : <<<<<<< 's_trough_2' inactive >>>>>>>
2026-03-02 16:18:20,854 : INFO : SwitchController : <<<<<<< 's_trough_5' inactive >>>>>>>
2026-03-02 16:18:20,855 : INFO : SwitchController : <<<<<<< 's_trough_3' inactive >>>>>>>
2026-03-02 16:18:20,855 : INFO : SwitchController : <<<<<<< 's_trough_6' inactive >>>>>>>
2026-03-02 16:18:20,870 : INFO : SwitchController : <<<<<<< 's_trough_1' active >>>>>>>
2026-03-02 16:18:20,870 : INFO : EventManager : Event: ======'machine_var_audits_switches_s_trough_1'====== Args={'value': 19, 'prev_value': 18, 'change': 1}
2026-03-02 16:18:20,874 : INFO : SwitchController : <<<<<<< 's_trough_4' active >>>>>>>
2026-03-02 16:18:20,874 : INFO : EventManager : Event: ======'machine_var_audits_switches_s_trough_4'====== Args={'value': 33, 'prev_value': 32, 'change': 1}
2026-03-02 16:18:20,875 : INFO : SwitchController : <<<<<<< 's_trough_3' active >>>>>>>
2026-03-02 16:18:20,875 : INFO : EventManager : Event: ======'machine_var_audits_switches_s_trough_3'====== Args={'value': 34, 'prev_value': 33, 'change': 1}
2026-03-02 16:18:20,875 : INFO : SwitchController : <<<<<<< 's_trough_5' active >>>>>>>
2026-03-02 16:18:20,875 : INFO : EventManager : Event: ======'machine_var_audits_switches_s_trough_5'====== Args={'value': 35, 'prev_value': 34, 'change': 1}
2026-03-02 16:18:20,876 : INFO : SwitchController : <<<<<<< 's_trough_2' active >>>>>>>
2026-03-02 16:18:20,876 : INFO : EventManager : Event: ======'machine_var_audits_switches_s_trough_2'====== Args={'value': 29, 'prev_value': 28, 'change': 1}
2026-03-02 16:18:20,934 : INFO : SwitchController : <<<<<<< 's_inlane_right_1' inactive >>>>>>>
2026-03-02 16:18:20,938 : INFO : SwitchController : <<<<<<< 's_inlane_right_1' active >>>>>>>
2026-03-02 16:18:20,938 : INFO : EventManager : Event: ======'sw_playfield_active'====== Args={}
2026-03-02 16:18:20,939 : INFO : EventManager : Event: ======'machine_var_audits_switches_s_inlane_right_1'====== Args={'value': 307, 'prev_value': 306, 'change': 1}
2026-03-02 16:18:20,939 : INFO : EventManager : Event: ======'playfield_active'====== Args={'source': None}
2026-03-02 16:18:20,939 : INFO : EventManager : Event: ======'unexpected_ball_on_playfield'====== Args={}
2026-03-02 16:18:21,287 : INFO : ball_device.bd_plunger : Received ball from <ball_device.bd_trough>
2026-03-02 16:18:21,287 : INFO : EventManager : Event: ======'balldevice_bd_plunger_ball_enter'====== Args={'new_balls': 1, 'unclaimed_balls': 0, 'new_available_balls': 0, 'device': <ball_device.bd_plunger>}
2026-03-02 16:18:21,288 : INFO : EventManager : Event: ======'balldevice_bd_plunger_ball_entered'====== Args={'new_balls': 0, 'device': <ball_device.bd_plunger>}
2026-03-02 16:18:21,288 : INFO : EventManager : Event: ======'balldevice_bd_plunger_ball_count_changed'====== Args={'balls': 1}
2026-03-02 16:18:21,288 : INFO : ball_device.bd_trough : Got eject confirm
2026-03-02 16:18:21,288 : INFO : ball_device.bd_trough : Eject successful
2026-03-02 16:18:21,288 : INFO : EventManager : Event: ======'balldevice_bd_trough_ball_eject_success'====== Args={'balls': 1, 'target': <ball_device.bd_plunger>}
2026-03-02 16:18:21,288 : INFO : ball_device.bd_plunger : State: waiting_for_target_ready
2026-03-02 16:18:21,289 : INFO : EventManager : Event: ======'balldevice_bd_plunger_ball_eject_attempt'====== Args={'balls': 1, 'target': <playfield.playfield>, 'source': <ball_device.bd_plunger>, 'mechanical_eject': True, 'num_attempts': 0}
2026-03-02 16:18:21,289 : INFO : EventManager : Event: ======'balldevice_bd_trough_ball_count_changed'====== Args={'balls': 5}
2026-03-02 16:18:21,289 : INFO : ball_device.bd_trough : State: idle
2026-03-02 16:18:21,289 : INFO : ball_device.bd_plunger : State: ejecting
2026-03-02 16:18:21,289 : INFO : ball_device.bd_plunger : Ejecting ball to <playfield.playfield>
2026-03-02 16:18:21,289 : INFO : EventManager : Event: ======'balldevice_bd_plunger_ejecting_ball'====== Args={'balls': 1, 'target': <playfield.playfield>, 'source': <ball_device.bd_plunger>, 'mechanical_eject': True, 'num_attempts': 0}
2026-03-02 16:18:21,290 : INFO : ball_device.bd_plunger : Wait for ball to leave device
2026-03-02 16:18:21,898 : INFO : SwitchController : <<<<<<< 's_plunger' inactive >>>>>>>
2026-03-02 16:18:21,899 : INFO : ball_device.bd_plunger : State: ball_left
2026-03-02 16:18:21,899 : INFO : ball_device.bd_plunger : Ball left
2026-03-02 16:18:21,899 : INFO : ball_device.bd_plunger : Wait for confirm with timeout 5.0
2026-03-02 16:18:22,119 : INFO : SwitchController : <<<<<<< 's_inlane_right_1' inactive >>>>>>>
2026-03-02 16:18:22,123 : INFO : SwitchController : <<<<<<< 's_inlane_right_1' active >>>>>>>
2026-03-02 16:18:22,123 : INFO : EventManager : Event: ======'sw_playfield_active'====== Args={}
2026-03-02 16:18:22,123 : INFO : EventManager : Event: ======'machine_var_audits_switches_s_inlane_right_1'====== Args={'value': 308, 'prev_value': 307, 'change': 1}
2026-03-02 16:18:22,125 : INFO : EventManager : Event: ======'playfield_active'====== Args={'source': None}
2026-03-02 16:18:22,132 : INFO : ball_device.bd_plunger : Got eject confirm
2026-03-02 16:18:22,132 : INFO : ball_device.bd_plunger : Eject successful
2026-03-02 16:18:22,132 : INFO : EventManager : Event: ======'balldevice_bd_plunger_ball_eject_success'====== Args={'balls': 1, 'target': <playfield.playfield>}
2026-03-02 16:18:22,141 : INFO : EventManager : Event: ======'balldevice_playfield_ball_enter'====== Args={'new_balls': 1, 'unclaimed_balls': 1, 'device': <playfield.playfield>}
2026-03-02 16:18:22,142 : INFO : EventManager : Event: ======'playfield_ball_count_change'====== Args={'balls': 1, 'change': 1}
2026-03-02 16:18:22,142 : INFO : EventManager : Event: ======'balldevice_bd_plunger_ball_count_changed'====== Args={'balls': 0}
2026-03-02 16:18:22,142 : INFO : ball_device.bd_plunger : State: idle
2026-03-02 16:18:23,353 : INFO : SwitchController : <<<<<<< 's_flipper_right_lower' active >>>>>>>
2026-03-02 16:18:23,354 : INFO : EventManager : Event: ======'machine_var_audits_switches_s_flipper_right_lower'====== Args={'value': 423, 'prev_value': 422, 'change': 1}
2026-03-02 16:18:23,387 : INFO : SwitchController : <<<<<<< 's_flipper_right_lower_eos' inactive >>>>>>>
2026-03-02 16:18:23,389 : INFO : SwitchController : <<<<<<< 's_inlane_right_1' inactive >>>>>>>
2026-03-02 16:18:23,396 : INFO : SwitchController : <<<<<<< 's_inlane_right_1' active >>>>>>>
2026-03-02 16:18:23,396 : INFO : EventManager : Event: ======'sw_playfield_active'====== Args={}
2026-03-02 16:18:23,396 : INFO : EventManager : Event: ======'machine_var_audits_switches_s_inlane_right_1'====== Args={'value': 309, 'prev_value': 308, 'change': 1}
2026-03-02 16:18:23,463 : INFO : SwitchController : <<<<<<< 's_flipper_right_lower' inactive >>>>>>>
2026-03-02 16:18:23,490 : INFO : SwitchController : <<<<<<< 's_flipper_left' active >>>>>>>
2026-03-02 16:18:23,490 : INFO : EventManager : Event: ======'machine_var_audits_switches_s_flipper_left'====== Args={'value': 209, 'prev_value': 208, 'change': 1}
2026-03-02 16:18:23,515 : INFO : SwitchController : <<<<<<< 's_flipper_left_eos' inactive >>>>>>>
2026-03-02 16:18:23,515 : INFO : SwitchController : <<<<<<< 's_inlane_right_1' inactive >>>>>>>
2026-03-02 16:18:23,524 : INFO : SwitchController : <<<<<<< 's_inlane_right_1' active >>>>>>>
2026-03-02 16:18:23,525 : INFO : EventManager : Event: ======'sw_playfield_active'====== Args={}
2026-03-02 16:18:23,525 : INFO : EventManager : Event: ======'machine_var_audits_switches_s_inlane_right_1'====== Args={'value': 310, 'prev_value': 309, 'change': 1}
2026-03-02 16:18:23,564 : INFO : SwitchController : <<<<<<< 's_flipper_right_lower_eos' active >>>>>>>
2026-03-02 16:18:23,564 : INFO : EventManager : Event: ======'machine_var_audits_switches_s_flipper_right_lower_eos'====== Args={'value': 312, 'prev_value': 311, 'change': 1}
2026-03-02 16:18:23,601 : INFO : SwitchController : <<<<<<< 's_flipper_left' inactive >>>>>>>
2026-03-02 16:18:23,676 : INFO : SwitchController : <<<<<<< 's_flipper_right_lower' active >>>>>>>
2026-03-02 16:18:23,677 : INFO : EventManager : Event: ======'machine_var_audits_switches_s_flipper_right_lower'====== Args={'value': 424, 'prev_value': 423, 'change': 1}
2026-03-02 16:18:23,683 : INFO : SwitchController : <<<<<<< 's_flipper_right_lower_eos' inactive >>>>>>>
2026-03-02 16:18:23,685 : INFO : SwitchController : <<<<<<< 's_inlane_right_1' inactive >>>>>>>
2026-03-02 16:18:23,692 : INFO : SwitchController : <<<<<<< 's_flipper_left_eos' active >>>>>>>
2026-03-02 16:18:23,692 : INFO : EventManager : Event: ======'machine_var_audits_switches_s_flipper_left_eos'====== Args={'value': 184, 'prev_value': 183, 'change': 1}
2026-03-02 16:18:23,699 : INFO : SwitchController : <<<<<<< 's_inlane_right_1' active >>>>>>>
2026-03-02 16:18:23,699 : INFO : EventManager : Event: ======'sw_playfield_active'====== Args={}
2026-03-02 16:18:23,699 : INFO : EventManager : Event: ======'machine_var_audits_switches_s_inlane_right_1'====== Args={'value': 311, 'prev_value': 310, 'change': 1}
2026-03-02 16:18:23,710 : INFO : SwitchController : <<<<<<< 's_flipper_right_lower' inactive >>>>>>>
2026-03-02 16:18:23,803 : INFO : SwitchController : <<<<<<< 's_flipper_left' active >>>>>>>
2026-03-02 16:18:23,804 : INFO : EventManager : Event: ======'machine_var_audits_switches_s_flipper_left'====== Args={'value': 210, 'prev_value': 209, 'change': 1}
2026-03-02 16:18:23,806 : INFO : SwitchController : <<<<<<< 's_flipper_right_lower_eos' active >>>>>>>
2026-03-02 16:18:23,806 : INFO : EventManager : Event: ======'machine_var_audits_switches_s_flipper_right_lower_eos'====== Args={'value': 313, 'prev_value': 312, 'change': 1}
2026-03-02 16:18:23,826 : INFO : SwitchController : <<<<<<< 's_flipper_left_eos' inactive >>>>>>>
2026-03-02 16:18:23,830 : INFO : SwitchController : <<<<<<< 's_inlane_right_1' inactive >>>>>>>
2026-03-02 16:18:23,842 : INFO : SwitchController : <<<<<<< 's_inlane_right_1' active >>>>>>>
2026-03-02 16:18:23,842 : INFO : EventManager : Event: ======'sw_playfield_active'====== Args={}
2026-03-02 16:18:23,842 : INFO : EventManager : Event: ======'machine_var_audits_switches_s_inlane_right_1'====== Args={'value': 312, 'prev_value': 311, 'change': 1}
2026-03-02 16:18:23,862 : INFO : SwitchController : <<<<<<< 's_flipper_left' inactive >>>>>>>
2026-03-02 16:18:23,896 : INFO : SwitchController : <<<<<<< 's_flipper_right_lower' active >>>>>>>
2026-03-02 16:18:23,896 : INFO : EventManager : Event: ======'machine_var_audits_switches_s_flipper_right_lower'====== Args={'value': 425, 'prev_value': 424, 'change': 1}
2026-03-02 16:18:23,935 : INFO : SwitchController : <<<<<<< 's_flipper_right_lower_eos' inactive >>>>>>>
2026-03-02 16:18:23,940 : INFO : SwitchController : <<<<<<< 's_inlane_right_1' inactive >>>>>>>
2026-03-02 16:18:23,951 : INFO : SwitchController : <<<<<<< 's_inlane_right_1' active >>>>>>>
2026-03-02 16:18:23,951 : INFO : EventManager : Event: ======'sw_playfield_active'====== Args={}
2026-03-02 16:18:23,951 : INFO : EventManager : Event: ======'machine_var_audits_switches_s_inlane_right_1'====== Args={'value': 313, 'prev_value': 312, 'change': 1}
2026-03-02 16:18:23,952 : INFO : SwitchController : <<<<<<< 's_flipper_left_eos' active >>>>>>>
2026-03-02 16:18:23,952 : INFO : EventManager : Event: ======'machine_var_audits_switches_s_flipper_left_eos'====== Args={'value': 185, 'prev_value': 184, 'change': 1}
2026-03-02 16:18:23,952 : INFO : SwitchController : <<<<<<< 's_flipper_right_lower' inactive >>>>>>>
2026-03-02 16:18:24,011 : INFO : SwitchController : <<<<<<< 's_flipper_left' active >>>>>>>
2026-03-02 16:18:24,011 : INFO : EventManager : Event: ======'machine_var_audits_switches_s_flipper_left'====== Args={'value': 211, 'prev_value': 210, 'change': 1}
2026-03-02 16:18:24,034 : INFO : SwitchController : <<<<<<< 's_flipper_left_eos' inactive >>>>>>>
2026-03-02 16:18:24,037 : INFO : SwitchController : <<<<<<< 's_inlane_right_1' inactive >>>>>>>
2026-03-02 16:18:24,046 : INFO : SwitchController : <<<<<<< 's_inlane_right_1' active >>>>>>>
2026-03-02 16:18:24,046 : INFO : EventManager : Event: ======'sw_playfield_active'====== Args={}
2026-03-02 16:18:24,046 : INFO : EventManager : Event: ======'machine_var_audits_switches_s_inlane_right_1'====== Args={'value': 314, 'prev_value': 313, 'change': 1}
2026-03-02 16:18:24,053 : INFO : SwitchController : <<<<<<< 's_flipper_right_lower_eos' active >>>>>>>
2026-03-02 16:18:24,053 : INFO : EventManager : Event: ======'machine_var_audits_switches_s_flipper_right_lower_eos'====== Args={'value': 314, 'prev_value': 313, 'change': 1}
2026-03-02 16:18:24,065 : INFO : SwitchController : <<<<<<< 's_flipper_right_lower' active >>>>>>>
2026-03-02 16:18:24,066 : INFO : EventManager : Event: ======'machine_var_audits_switches_s_flipper_right_lower'====== Args={'value': 426, 'prev_value': 425, 'change': 1}
2026-03-02 16:18:24,066 : INFO : SwitchController : <<<<<<< 's_flipper_right_upper' active >>>>>>>
2026-03-02 16:18:24,066 : INFO : EventManager : Event: ======'machine_var_audits_switches_s_flipper_right_upper'====== Args={'value': 270, 'prev_value': 269, 'change': 1}
2026-03-02 16:18:24,068 : INFO : SwitchController : <<<<<<< 's_flipper_left' inactive >>>>>>>
2026-03-02 16:18:24,069 : INFO : SwitchController : <<<<<<< 's_flipper_right_upper' inactive >>>>>>>
2026-03-02 16:18:24,071 : INFO : SwitchController : <<<<<<< 's_flipper_right_upper' active >>>>>>>
2026-03-02 16:18:24,071 : INFO : EventManager : Event: ======'machine_var_audits_switches_s_flipper_right_upper'====== Args={'value': 271, 'prev_value': 270, 'change': 1}
2026-03-02 16:18:24,094 : INFO : SwitchController : <<<<<<< 's_flipper_right_lower_eos' inactive >>>>>>>
2026-03-02 16:18:24,095 : INFO : SwitchController : <<<<<<< 's_inlane_right_1' inactive >>>>>>>
2026-03-02 16:18:24,104 : INFO : SwitchController : <<<<<<< 's_inlane_right_1' active >>>>>>>
2026-03-02 16:18:24,105 : INFO : EventManager : Event: ======'sw_playfield_active'====== Args={}
2026-03-02 16:18:24,105 : INFO : EventManager : Event: ======'machine_var_audits_switches_s_inlane_right_1'====== Args={'value': 315, 'prev_value': 314, 'change': 1}
2026-03-02 16:18:24,110 : INFO : SwitchController : <<<<<<< 's_flipper_right_upper_eos' active >>>>>>>
2026-03-02 16:18:24,110 : INFO : EventManager : Event: ======'machine_var_audits_switches_s_flipper_right_upper_eos'====== Args={'value': 134, 'prev_value': 133, 'change': 1}
2026-03-02 16:18:24,153 : INFO : SwitchController : <<<<<<< 's_flipper_right_upper' inactive >>>>>>>
2026-03-02 16:18:24,160 : INFO : SwitchController : <<<<<<< 's_flipper_right_lower' inactive >>>>>>>
2026-03-02 16:18:24,160 : INFO : SwitchController : <<<<<<< 's_flipper_left_eos' active >>>>>>>
2026-03-02 16:18:24,160 : INFO : EventManager : Event: ======'machine_var_audits_switches_s_flipper_left_eos'====== Args={'value': 186, 'prev_value': 185, 'change': 1}
2026-03-02 16:18:24,219 : INFO : SwitchController : <<<<<<< 's_flipper_left' active >>>>>>>
2026-03-02 16:18:24,219 : INFO : EventManager : Event: ======'machine_var_audits_switches_s_flipper_left'====== Args={'value': 212, 'prev_value': 211, 'change': 1}
2026-03-02 16:18:24,242 : INFO : SwitchController : <<<<<<< 's_flipper_left_eos' inactive >>>>>>>
2026-03-02 16:18:24,244 : INFO : SwitchController : <<<<<<< 's_inlane_right_1' inactive >>>>>>>
2026-03-02 16:18:24,251 : INFO : SwitchController : <<<<<<< 's_flipper_right_upper_eos' inactive >>>>>>>
2026-03-02 16:18:24,257 : INFO : SwitchController : <<<<<<< 's_inlane_right_1' active >>>>>>>
2026-03-02 16:18:24,257 : INFO : EventManager : Event: ======'sw_playfield_active'====== Args={}
2026-03-02 16:18:24,257 : INFO : EventManager : Event: ======'machine_var_audits_switches_s_inlane_right_1'====== Args={'value': 316, 'prev_value': 315, 'change': 1}
2026-03-02 16:18:24,262 : INFO : SwitchController : <<<<<<< 's_flipper_right_lower_eos' active >>>>>>>
2026-03-02 16:18:24,263 : INFO : EventManager : Event: ======'machine_var_audits_switches_s_flipper_right_lower_eos'====== Args={'value': 315, 'prev_value': 314, 'change': 1}
2026-03-02 16:18:24,297 : INFO : SwitchController : <<<<<<< 's_flipper_left' inactive >>>>>>>
2026-03-02 16:18:24,388 : INFO : SwitchController : <<<<<<< 's_flipper_left_eos' active >>>>>>>
2026-03-02 16:18:24,389 : INFO : EventManager : Event: ======'machine_var_audits_switches_s_flipper_left_eos'====== Args={'value': 187, 'prev_value': 186, 'change': 1}
2026-03-02 16:18:24,439 : INFO : SwitchController : <<<<<<< 's_flipper_right_lower' active >>>>>>>
2026-03-02 16:18:24,439 : INFO : EventManager : Event: ======'machine_var_audits_switches_s_flipper_right_lower'====== Args={'value': 427, 'prev_value': 426, 'change': 1}
2026-03-02 16:18:24,441 : INFO : SwitchController : <<<<<<< 's_flipper_right_lower' inactive >>>>>>>
2026-03-02 16:18:24,442 : INFO : SwitchController : <<<<<<< 's_flipper_right_upper' active >>>>>>>
2026-03-02 16:18:24,442 : INFO : EventManager : Event: ======'machine_var_audits_switches_s_flipper_right_upper'====== Args={'value': 272, 'prev_value': 271, 'change': 1}
2026-03-02 16:18:24,449 : INFO : SwitchController : <<<<<<< 's_flipper_right_lower' active >>>>>>>
2026-03-02 16:18:24,449 : INFO : EventManager : Event: ======'machine_var_audits_switches_s_flipper_right_lower'====== Args={'value': 428, 'prev_value': 427, 'change': 1}
2026-03-02 16:18:24,454 : INFO : SwitchController : <<<<<<< 's_flipper_right_upper' inactive >>>>>>>
2026-03-02 16:18:24,454 : INFO : SwitchController : <<<<<<< 's_flipper_right_upper' active >>>>>>>
2026-03-02 16:18:24,454 : INFO : EventManager : Event: ======'machine_var_audits_switches_s_flipper_right_upper'====== Args={'value': 273, 'prev_value': 272, 'change': 1}
2026-03-02 16:18:24,474 : INFO : SwitchController : <<<<<<< 's_inlane_right_1' inactive >>>>>>>
2026-03-02 16:18:24,477 : INFO : SwitchController : <<<<<<< 's_inlane_right_1' active >>>>>>>
2026-03-02 16:18:24,477 : INFO : EventManager : Event: ======'sw_playfield_active'====== Args={}
2026-03-02 16:18:24,478 : INFO : EventManager : Event: ======'machine_var_audits_switches_s_inlane_right_1'====== Args={'value': 317, 'prev_value': 316, 'change': 1}
2026-03-02 16:18:24,483 : INFO : SwitchController : <<<<<<< 's_flipper_right_upper_eos' active >>>>>>>
2026-03-02 16:18:24,483 : INFO : EventManager : Event: ======'machine_var_audits_switches_s_flipper_right_upper_eos'====== Args={'value': 135, 'prev_value': 134, 'change': 1}
2026-03-02 16:18:24,489 : INFO : SwitchController : <<<<<<< 's_flipper_right_upper_eos' inactive >>>>>>>
2026-03-02 16:18:24,494 : INFO : SwitchController : <<<<<<< 's_flipper_right_upper_eos' active >>>>>>>
2026-03-02 16:18:24,494 : INFO : EventManager : Event: ======'machine_var_audits_switches_s_flipper_right_upper_eos'====== Args={'value': 136, 'prev_value': 135, 'change': 1}
2026-03-02 16:18:24,556 : INFO : SwitchController : <<<<<<< 's_flipper_right_upper' inactive >>>>>>>
2026-03-02 16:18:24,562 : INFO : SwitchController : <<<<<<< 's_flipper_right_lower' inactive >>>>>>>
2026-03-02 16:18:24,649 : INFO : SwitchController : <<<<<<< 's_flipper_right_upper_eos' inactive >>>>>>>
2026-03-02 16:18:24,713 : INFO : SwitchController : <<<<<<< 's_flipper_right_lower' active >>>>>>>
2026-03-02 16:18:24,713 : INFO : EventManager : Event: ======'machine_var_audits_switches_s_flipper_right_lower'====== Args={'value': 429, 'prev_value': 428, 'change': 1}
2026-03-02 16:18:24,737 : INFO : SwitchController : <<<<<<< 's_flipper_right_lower_eos' inactive >>>>>>>
2026-03-02 16:18:24,739 : INFO : SwitchController : <<<<<<< 's_inlane_right_1' inactive >>>>>>>
2026-03-02 16:18:24,748 : INFO : SwitchController : <<<<<<< 's_inlane_right_1' active >>>>>>>
2026-03-02 16:18:24,748 : INFO : EventManager : Event: ======'sw_playfield_active'====== Args={}
2026-03-02 16:18:24,748 : INFO : EventManager : Event: ======'machine_var_audits_switches_s_inlane_right_1'====== Args={'value': 318, 'prev_value': 317, 'change': 1}
2026-03-02 16:18:24,762 : INFO : SwitchController : <<<<<<< 's_flipper_right_lower' inactive >>>>>>>
2026-03-02 16:18:24,869 : INFO : SwitchController : <<<<<<< 's_flipper_right_lower_eos' active >>>>>>>
2026-03-02 16:18:24,869 : INFO : EventManager : Event: ======'machine_var_audits_switches_s_flipper_right_lower_eos'====== Args={'value': 316, 'prev_value': 315, 'change': 1}
2026-03-02 16:18:24,896 : INFO : SwitchController : <<<<<<< 's_flipper_right_lower' active >>>>>>>
2026-03-02 16:18:24,897 : INFO : EventManager : Event: ======'machine_var_audits_switches_s_flipper_right_lower'====== Args={'value': 430, 'prev_value': 429, 'change': 1}
2026-03-02 16:18:24,921 : INFO : SwitchController : <<<<<<< 's_flipper_right_lower' inactive >>>>>>>
2026-03-02 16:18:24,931 : INFO : SwitchController : <<<<<<< 's_flipper_right_lower_eos' inactive >>>>>>>
2026-03-02 16:18:25,017 : INFO : SwitchController : <<<<<<< 's_flipper_right_lower_eos' active >>>>>>>
2026-03-02 16:18:25,017 : INFO : EventManager : Event: ======'machine_var_audits_switches_s_flipper_right_lower_eos'====== Args={'value': 317, 'prev_value': 316, 'change': 1}
2026-03-02 16:18:25,037 : INFO : SwitchController : <<<<<<< 's_flipper_right_lower' active >>>>>>>
2026-03-02 16:18:25,037 : INFO : EventManager : Event: ======'machine_var_audits_switches_s_flipper_right_lower'====== Args={'value': 431, 'prev_value': 430, 'change': 1}
2026-03-02 16:18:25,069 : INFO : SwitchController : <<<<<<< 's_flipper_right_lower' inactive >>>>>>>
2026-03-02 16:18:25,180 : INFO : SwitchController : <<<<<<< 's_flipper_right_lower' active >>>>>>>
2026-03-02 16:18:25,180 : INFO : EventManager : Event: ======'machine_var_audits_switches_s_flipper_right_lower'====== Args={'value': 432, 'prev_value': 431, 'change': 1}
2026-03-02 16:18:25,217 : INFO : SwitchController : <<<<<<< 's_flipper_right_lower_eos' inactive >>>>>>>
2026-03-02 16:18:25,222 : INFO : SwitchController : <<<<<<< 's_flipper_right_lower' inactive >>>>>>>
2026-03-02 16:18:25,223 : INFO : SwitchController : <<<<<<< 's_inlane_right_1' inactive >>>>>>>
2026-03-02 16:18:25,235 : INFO : SwitchController : <<<<<<< 's_inlane_right_1' active >>>>>>>
2026-03-02 16:18:25,235 : INFO : EventManager : Event: ======'sw_playfield_active'====== Args={}
2026-03-02 16:18:25,235 : INFO : EventManager : Event: ======'machine_var_audits_switches_s_inlane_right_1'====== Args={'value': 319, 'prev_value': 318, 'change': 1}
2026-03-02 16:18:25,303 : INFO : SwitchController : <<<<<<< 's_flipper_right_lower' active >>>>>>>
2026-03-02 16:18:25,303 : INFO : EventManager : Event: ======'machine_var_audits_switches_s_flipper_right_lower'====== Args={'value': 433, 'prev_value': 432, 'change': 1}
2026-03-02 16:18:25,306 : INFO : SwitchController : <<<<<<< 's_flipper_right_upper' active >>>>>>>
2026-03-02 16:18:25,306 : INFO : EventManager : Event: ======'machine_var_audits_switches_s_flipper_right_upper'====== Args={'value': 274, 'prev_value': 273, 'change': 1}
2026-03-02 16:18:25,334 : INFO : SwitchController : <<<<<<< 's_inlane_right_1' inactive >>>>>>>
2026-03-02 16:18:25,338 : INFO : SwitchController : <<<<<<< 's_inlane_right_1' active >>>>>>>
2026-03-02 16:18:25,338 : INFO : EventManager : Event: ======'sw_playfield_active'====== Args={}
2026-03-02 16:18:25,338 : INFO : EventManager : Event: ======'machine_var_audits_switches_s_inlane_right_1'====== Args={'value': 320, 'prev_value': 319, 'change': 1}
2026-03-02 16:18:25,352 : INFO : SwitchController : <<<<<<< 's_flipper_right_upper' inactive >>>>>>>
2026-03-02 16:18:25,353 : INFO : SwitchController : <<<<<<< 's_flipper_right_lower' inactive >>>>>>>
2026-03-02 16:18:25,357 : INFO : SwitchController : <<<<<<< 's_flipper_right_upper_eos' active >>>>>>>
2026-03-02 16:18:25,357 : INFO : EventManager : Event: ======'machine_var_audits_switches_s_flipper_right_upper_eos'====== Args={'value': 137, 'prev_value': 136, 'change': 1}
2026-03-02 16:18:25,445 : INFO : SwitchController : <<<<<<< 's_flipper_right_upper_eos' inactive >>>>>>>
2026-03-02 16:18:25,449 : INFO : SwitchController : <<<<<<< 's_flipper_right_lower' active >>>>>>>
2026-03-02 16:18:25,449 : INFO : EventManager : Event: ======'machine_var_audits_switches_s_flipper_right_lower'====== Args={'value': 434, 'prev_value': 433, 'change': 1}
2026-03-02 16:18:25,450 : INFO : SwitchController : <<<<<<< 's_flipper_right_upper' active >>>>>>>
2026-03-02 16:18:25,450 : INFO : EventManager : Event: ======'machine_var_audits_switches_s_flipper_right_upper'====== Args={'value': 275, 'prev_value': 274, 'change': 1}
2026-03-02 16:18:25,454 : INFO : SwitchController : <<<<<<< 's_flipper_right_upper' inactive >>>>>>>
2026-03-02 16:18:25,461 : INFO : SwitchController : <<<<<<< 's_flipper_right_upper' active >>>>>>>
2026-03-02 16:18:25,461 : INFO : EventManager : Event: ======'machine_var_audits_switches_s_flipper_right_upper'====== Args={'value': 276, 'prev_value': 275, 'change': 1}
2026-03-02 16:18:25,476 : INFO : SwitchController : <<<<<<< 's_inlane_right_1' inactive >>>>>>>
2026-03-02 16:18:25,483 : INFO : SwitchController : <<<<<<< 's_flipper_right_upper' inactive >>>>>>>
2026-03-02 16:18:25,484 : INFO : SwitchController : <<<<<<< 's_inlane_right_1' active >>>>>>>
2026-03-02 16:18:25,484 : INFO : EventManager : Event: ======'sw_playfield_active'====== Args={}
2026-03-02 16:18:25,484 : INFO : EventManager : Event: ======'machine_var_audits_switches_s_inlane_right_1'====== Args={'value': 321, 'prev_value': 320, 'change': 1}
2026-03-02 16:18:25,486 : INFO : SwitchController : <<<<<<< 's_flipper_right_upper_eos' active >>>>>>>
2026-03-02 16:18:25,486 : INFO : EventManager : Event: ======'machine_var_audits_switches_s_flipper_right_upper_eos'====== Args={'value': 138, 'prev_value': 137, 'change': 1}
2026-03-02 16:18:25,497 : INFO : SwitchController : <<<<<<< 's_flipper_right_lower' inactive >>>>>>>
2026-03-02 16:18:25,586 : INFO : SwitchController : <<<<<<< 's_flipper_right_lower' active >>>>>>>
2026-03-02 16:18:25,586 : INFO : EventManager : Event: ======'machine_var_audits_switches_s_flipper_right_lower'====== Args={'value': 435, 'prev_value': 434, 'change': 1}
2026-03-02 16:18:25,588 : INFO : SwitchController : <<<<<<< 's_flipper_right_upper_eos' inactive >>>>>>>
2026-03-02 16:18:25,635 : INFO : SwitchController : <<<<<<< 's_flipper_right_lower' inactive >>>>>>>
2026-03-02 16:18:25,748 : INFO : SwitchController : <<<<<<< 's_flipper_right_lower_eos' active >>>>>>>
2026-03-02 16:18:25,748 : INFO : EventManager : Event: ======'machine_var_audits_switches_s_flipper_right_lower_eos'====== Args={'value': 318, 'prev_value': 317, 'change': 1}
2026-03-02 16:18:25,929 : INFO : SwitchController : <<<<<<< 's_flipper_right_lower' active >>>>>>>
2026-03-02 16:18:25,929 : INFO : EventManager : Event: ======'machine_var_audits_switches_s_flipper_right_lower'====== Args={'value': 436, 'prev_value': 435, 'change': 1}
2026-03-02 16:18:25,931 : INFO : SwitchController : <<<<<<< 's_flipper_right_lower' inactive >>>>>>>
2026-03-02 16:18:25,934 : INFO : SwitchController : <<<<<<< 's_flipper_right_lower' active >>>>>>>
2026-03-02 16:18:25,934 : INFO : EventManager : Event: ======'machine_var_audits_switches_s_flipper_right_lower'====== Args={'value': 437, 'prev_value': 436, 'change': 1}
2026-03-02 16:18:25,973 : INFO : SwitchController : <<<<<<< 's_flipper_right_lower_eos' inactive >>>>>>>
2026-03-02 16:18:25,977 : INFO : SwitchController : <<<<<<< 's_inlane_right_1' inactive >>>>>>>
2026-03-02 16:18:25,989 : INFO : SwitchController : <<<<<<< 's_inlane_right_1' active >>>>>>>
2026-03-02 16:18:25,990 : INFO : EventManager : Event: ======'sw_playfield_active'====== Args={}
2026-03-02 16:18:25,990 : INFO : EventManager : Event: ======'machine_var_audits_switches_s_inlane_right_1'====== Args={'value': 322, 'prev_value': 321, 'change': 1}
2026-03-02 16:18:25,998 : INFO : SwitchController : <<<<<<< 's_flipper_right_lower' inactive >>>>>>>
2026-03-02 16:18:26,106 : INFO : SwitchController : <<<<<<< 's_flipper_right_lower_eos' active >>>>>>>
2026-03-02 16:18:26,107 : INFO : EventManager : Event: ======'machine_var_audits_switches_s_flipper_right_lower_eos'====== Args={'value': 319, 'prev_value': 318, 'change': 1}
2026-03-02 16:18:26,216 : INFO : SwitchController : <<<<<<< 's_flipper_right_upper' active >>>>>>>
2026-03-02 16:18:26,216 : INFO : EventManager : Event: ======'machine_var_audits_switches_s_flipper_right_upper'====== Args={'value': 277, 'prev_value': 276, 'change': 1}
2026-03-02 16:18:26,218 : INFO : SwitchController : <<<<<<< 's_flipper_right_upper' inactive >>>>>>>
2026-03-02 16:18:26,223 : INFO : SwitchController : <<<<<<< 's_flipper_right_lower' active >>>>>>>
2026-03-02 16:18:26,223 : INFO : EventManager : Event: ======'machine_var_audits_switches_s_flipper_right_lower'====== Args={'value': 438, 'prev_value': 437, 'change': 1}
2026-03-02 16:18:26,224 : INFO : SwitchController : <<<<<<< 's_flipper_right_upper' active >>>>>>>
2026-03-02 16:18:26,224 : INFO : EventManager : Event: ======'machine_var_audits_switches_s_flipper_right_upper'====== Args={'value': 278, 'prev_value': 277, 'change': 1}
2026-03-02 16:18:26,231 : INFO : SwitchController : <<<<<<< 's_flipper_right_upper' inactive >>>>>>>
2026-03-02 16:18:26,233 : INFO : SwitchController : <<<<<<< 's_flipper_right_upper' active >>>>>>>
2026-03-02 16:18:26,233 : INFO : EventManager : Event: ======'machine_var_audits_switches_s_flipper_right_upper'====== Args={'value': 279, 'prev_value': 278, 'change': 1}
2026-03-02 16:18:26,236 : INFO : SwitchController : <<<<<<< 's_flipper_right_upper' inactive >>>>>>>
2026-03-02 16:18:26,262 : INFO : SwitchController : <<<<<<< 's_flipper_right_lower_eos' inactive >>>>>>>
2026-03-02 16:18:26,267 : INFO : SwitchController : <<<<<<< 's_inlane_right_1' inactive >>>>>>>
2026-03-02 16:18:26,270 : INFO : SwitchController : <<<<<<< 's_inlane_right_1' active >>>>>>>
2026-03-02 16:18:26,271 : INFO : EventManager : Event: ======'sw_playfield_active'====== Args={}
2026-03-02 16:18:26,271 : INFO : EventManager : Event: ======'machine_var_audits_switches_s_inlane_right_1'====== Args={'value': 323, 'prev_value': 322, 'change': 1}
2026-03-02 16:18:26,305 : INFO : SwitchController : <<<<<<< 's_flipper_right_lower' inactive >>>>>>>
2026-03-02 16:18:26,419 : INFO : SwitchController : <<<<<<< 's_flipper_right_lower_eos' active >>>>>>>
2026-03-02 16:18:26,419 : INFO : EventManager : Event: ======'machine_var_audits_switches_s_flipper_right_lower_eos'====== Args={'value': 320, 'prev_value': 319, 'change': 1}
2026-03-02 16:18:26,772 : INFO : SwitchController : <<<<<<< 's_flipper_left' active >>>>>>>
2026-03-02 16:18:26,772 : INFO : EventManager : Event: ======'machine_var_audits_switches_s_flipper_left'====== Args={'value': 213, 'prev_value': 212, 'change': 1}
2026-03-02 16:18:26,794 : INFO : SwitchController : <<<<<<< 's_flipper_left_eos' inactive >>>>>>>
2026-03-02 16:18:26,798 : INFO : SwitchController : <<<<<<< 's_inlane_right_1' inactive >>>>>>>
2026-03-02 16:18:26,812 : INFO : SwitchController : <<<<<<< 's_inlane_right_1' active >>>>>>>
2026-03-02 16:18:26,812 : INFO : EventManager : Event: ======'sw_playfield_active'====== Args={}
2026-03-02 16:18:26,812 : INFO : EventManager : Event: ======'machine_var_audits_switches_s_inlane_right_1'====== Args={'value': 324, 'prev_value': 323, 'change': 1}
2026-03-02 16:18:26,929 : INFO : SwitchController : <<<<<<< 's_flipper_left' inactive >>>>>>>
2026-03-02 16:18:27,018 : INFO : SwitchController : <<<<<<< 's_flipper_left_eos' active >>>>>>>
2026-03-02 16:18:27,018 : INFO : EventManager : Event: ======'machine_var_audits_switches_s_flipper_left_eos'====== Args={'value': 188, 'prev_value': 187, 'change': 1}
2026-03-02 16:18:27,588 : INFO : SwitchController : <<<<<<< 's_flipper_right_lower' active >>>>>>>
2026-03-02 16:18:27,588 : INFO : EventManager : Event: ======'machine_var_audits_switches_s_flipper_right_lower'====== Args={'value': 439, 'prev_value': 438, 'change': 1}
2026-03-02 16:18:27,594 : INFO : SwitchController : <<<<<<< 's_flipper_right_upper' active >>>>>>>
2026-03-02 16:18:27,594 : INFO : EventManager : Event: ======'machine_var_audits_switches_s_flipper_right_upper'====== Args={'value': 280, 'prev_value': 279, 'change': 1}
2026-03-02 16:18:27,621 : INFO : SwitchController : <<<<<<< 's_inlane_right_1' inactive >>>>>>>
2026-03-02 16:18:27,626 : INFO : SwitchController : <<<<<<< 's_inlane_right_1' active >>>>>>>
2026-03-02 16:18:27,626 : INFO : EventManager : Event: ======'sw_playfield_active'====== Args={}
2026-03-02 16:18:27,627 : INFO : EventManager : Event: ======'machine_var_audits_switches_s_inlane_right_1'====== Args={'value': 325, 'prev_value': 324, 'change': 1}
2026-03-02 16:18:27,638 : INFO : SwitchController : <<<<<<< 's_flipper_right_lower_eos' inactive >>>>>>>
2026-03-02 16:18:27,639 : INFO : SwitchController : <<<<<<< 's_flipper_right_upper_eos' active >>>>>>>
2026-03-02 16:18:27,639 : INFO : EventManager : Event: ======'machine_var_audits_switches_s_flipper_right_upper_eos'====== Args={'value': 139, 'prev_value': 138, 'change': 1}
2026-03-02 16:18:27,640 : INFO : SwitchController : <<<<<<< 's_flipper_right_lower_eos' active >>>>>>>
2026-03-02 16:18:27,640 : INFO : EventManager : Event: ======'machine_var_audits_switches_s_flipper_right_lower_eos'====== Args={'value': 321, 'prev_value': 320, 'change': 1}
2026-03-02 16:18:27,640 : INFO : SwitchController : <<<<<<< 's_flipper_right_upper_eos' inactive >>>>>>>
2026-03-02 16:18:27,645 : INFO : SwitchController : <<<<<<< 's_flipper_right_upper_eos' active >>>>>>>
2026-03-02 16:18:27,645 : INFO : EventManager : Event: ======'machine_var_audits_switches_s_flipper_right_upper_eos'====== Args={'value': 140, 'prev_value': 139, 'change': 1}
2026-03-02 16:18:28,252 : INFO : SwitchController : <<<<<<< 's_flipper_right_upper' inactive >>>>>>>
2026-03-02 16:18:28,259 : INFO : SwitchController : <<<<<<< 's_flipper_right_lower' inactive >>>>>>>
2026-03-02 16:18:28,350 : INFO : SwitchController : <<<<<<< 's_flipper_right_upper_eos' inactive >>>>>>>
2026-03-02 16:18:28,400 : INFO : SwitchController : <<<<<<< 's_flipper_left' active >>>>>>>
2026-03-02 16:18:28,400 : INFO : EventManager : Event: ======'machine_var_audits_switches_s_flipper_left'====== Args={'value': 214, 'prev_value': 213, 'change': 1}
2026-03-02 16:18:28,423 : INFO : SwitchController : <<<<<<< 's_flipper_left_eos' inactive >>>>>>>
2026-03-02 16:18:28,426 : INFO : SwitchController : <<<<<<< 's_inlane_right_1' inactive >>>>>>>
2026-03-02 16:18:28,449 : INFO : SwitchController : <<<<<<< 's_inlane_right_1' active >>>>>>>
2026-03-02 16:18:28,450 : INFO : EventManager : Event: ======'sw_playfield_active'====== Args={}
2026-03-02 16:18:28,450 : INFO : EventManager : Event: ======'machine_var_audits_switches_s_inlane_right_1'====== Args={'value': 326, 'prev_value': 325, 'change': 1}
2026-03-02 16:18:28,578 : INFO : SwitchController : <<<<<<< 's_flipper_left' inactive >>>>>>>
2026-03-02 16:18:28,663 : INFO : SwitchController : <<<<<<< 's_flipper_left_eos' active >>>>>>>
2026-03-02 16:18:28,663 : INFO : EventManager : Event: ======'machine_var_audits_switches_s_flipper_left_eos'====== Args={'value': 189, 'prev_value': 188, 'change': 1}
2026-03-02 16:18:29,867 : INFO : SwitchController : <<<<<<< 's_flipper_left' active >>>>>>>
2026-03-02 16:18:29,868 : INFO : EventManager : Event: ======'machine_var_audits_switches_s_flipper_left'====== Args={'value': 215, 'prev_value': 214, 'change': 1}
2026-03-02 16:18:29,906 : INFO : SwitchController : <<<<<<< 's_flipper_left_eos' inactive >>>>>>>
2026-03-02 16:18:30,017 : INFO : SwitchController : <<<<<<< 's_flipper_left' inactive >>>>>>>
2026-03-02 16:18:30,104 : INFO : SwitchController : <<<<<<< 's_flipper_left_eos' active >>>>>>>
2026-03-02 16:18:30,105 : INFO : EventManager : Event: ======'machine_var_audits_switches_s_flipper_left_eos'====== Args={'value': 190, 'prev_value': 189, 'change': 1}
2026-03-02 16:18:35,731 : INFO : SwitchController : <<<<<<< 's_trough_6' active >>>>>>>
2026-03-02 16:18:35,732 : INFO : EventManager : Event: ======'machine_var_audits_switches_s_trough_6'====== Args={'value': 39, 'prev_value': 38, 'change': 1}
2026-03-02 16:18:36,232 : INFO : EventManager : Event: ======'balldevice_bd_trough_ball_count_changed'====== Args={'balls': 6}
2026-03-02 16:18:36,233 : INFO : ball_device.bd_trough : Received unexpected ball
2026-03-02 16:18:36,233 : INFO : EventManager : Event: ======'balldevice_captured_from_playfield'====== Args={'balls': 1}
2026-03-02 16:18:36,234 : INFO : EventManager : Event: ======'sw_playfield_active'====== Args={'balls': 1}
2026-03-02 16:18:36,234 : INFO : EventManager : Event: ======'playfield_ball_count_change'====== Args={'balls': 0, 'change': -1}
2026-03-02 16:18:36,235 : INFO : EventManager : Event: ======'balldevice_bd_trough_ball_enter'====== Args={'new_balls': 1, 'unclaimed_balls': 1, 'new_available_balls': 1, 'device': <ball_device.bd_trough>}
2026-03-02 16:18:36,235 : INFO : EventManager : Event: ======'ball_drain'====== Args={'device': <ball_device.bd_trough>, 'balls': 1}
2026-03-02 16:18:36,235 : INFO : EventManager : Event: ======'ball_will_end'====== Args={}
2026-03-02 16:18:36,236 : INFO : EventManager : Event: ======'balldevice_balls_available'====== Args={}
2026-03-02 16:18:36,236 : INFO : EventManager : Event: ======'balldevice_bd_trough_ball_entered'====== Args={'new_balls': 1, 'device': <ball_device.bd_trough>}
2026-03-02 16:18:36,236 : INFO : EventManager : Event: ======'mode_base_will_stop'====== Args={}
2026-03-02 16:18:36,236 : INFO : EventManager : Event: ======'mode_base_stopping'====== Args={}
2026-03-02 16:18:36,237 : INFO : EventManager : Event: ======'stop_mode_bumpers'====== Args={'priority': 0}
2026-03-02 16:18:36,237 : INFO : EventManager : Event: ======'mode_bumpers_will_stop'====== Args={}
2026-03-02 16:18:36,237 : INFO : EventManager : Event: ======'mode_bumpers_stopping'====== Args={}
2026-03-02 16:18:36,237 : INFO : Mode.base : Stopped.
2026-03-02 16:18:36,237 : INFO : EventManager : Event: ======'modes_active_modes_changed'====== Args={}
2026-03-02 16:18:36,238 : INFO : EventManager : Event: ======'mode_base_stopped'====== Args={}
2026-03-02 16:18:36,238 : INFO : EventManager : Event: ======'clear'====== Args={'key': 'base'}
2026-03-02 16:18:36,238 : INFO : Mode.bumpers : Stopped.
2026-03-02 16:18:36,238 : INFO : EventManager : Event: ======'modes_active_modes_changed'====== Args={}
2026-03-02 16:18:36,239 : INFO : EventManager : Event: ======'mode_bumpers_stopped'====== Args={}
2026-03-02 16:18:36,239 : INFO : EventManager : Event: ======'clear'====== Args={'key': 'bumpers'}
2026-03-02 16:18:36,240 : INFO : EventManager : Event: ======'ball_ending'====== Args={}
2026-03-02 16:18:36,240 : INFO : EventManager : Event: ======'ball_ended'====== Args={}
2026-03-02 16:18:36,241 : INFO : EventManager : Event: ======'player_turn_will_end'====== Args={'player': <Player 2>, 'number': 2}
2026-03-02 16:18:36,242 : INFO : EventManager : Event: ======'player_turn_ending'====== Args={'player': <Player 2>, 'number': 2}
2026-03-02 16:18:36,242 : INFO : EventManager : Event: ======'player_turn_ended'====== Args={'player': <Player 2>, 'number': 2}
2026-03-02 16:18:36,242 : INFO : EventManager : Event: ======'player_turn_will_start'====== Args={'player': <Player 1>, 'number': 1}
2026-03-02 16:18:36,242 : INFO : EventManager : Event: ======'player_turn_starting'====== Args={'player': <Player 1>, 'number': 1}
2026-03-02 16:18:36,242 : INFO : EventManager : Event: ======'player_ball'====== Args={'value': 2, 'prev_value': 1, 'change': 1, 'player_num': 1}
2026-03-02 16:18:36,243 : INFO : EventManager : Event: ======'player_turn_started'====== Args={'player': <Player 1>, 'number': 1}
2026-03-02 16:18:36,243 : INFO : EventManager : Event: ======'ball_will_start'====== Args={'player': 1, 'ball': 2, 'balls_remaining': 1, 'is_extra_ball': False}
2026-03-02 16:18:36,244 : INFO : EventManager : Event: ======'ball_starting'====== Args={'player': 1, 'ball': 2, 'balls_remaining': 1, 'is_extra_ball': False}
2026-03-02 16:18:36,244 : INFO : EventManager : Event: ======'mode_base_will_start'====== Args={'queue': <QueuedEvent>, 'player': 1, 'ball': 2, 'balls_remaining': 1, 'is_extra_ball': False}
2026-03-02 16:18:36,245 : INFO : EventManager : Event: ======'mode_base_starting'====== Args={'queue': <QueuedEvent>, 'player': 1, 'ball': 2, 'balls_remaining': 1, 'is_extra_ball': False}
2026-03-02 16:18:36,245 : INFO : Mode.base : Started. Priority: 100
2026-03-02 16:18:36,245 : INFO : EventManager : Event: ======'modes_active_modes_changed'====== Args={}
2026-03-02 16:18:36,245 : INFO : EventManager : Event: ======'mode_base_started'====== Args={'queue': <QueuedEvent>, 'player': 1, 'ball': 2, 'balls_remaining': 1, 'is_extra_ball': False}
2026-03-02 16:18:36,246 : INFO : EventManager : Event: ======'start_mode_bumpers'====== Args={'priority': 0}
2026-03-02 16:18:36,247 : INFO : EventManager : Event: ======'mode_bumpers_will_start'====== Args={'priority': 0}
2026-03-02 16:18:36,248 : INFO : EventManager : Event: ======'mode_bumpers_starting'====== Args={'priority': 0}
2026-03-02 16:18:36,248 : INFO : Mode.bumpers : Started. Priority: 200
2026-03-02 16:18:36,249 : INFO : EventManager : Event: ======'modes_active_modes_changed'====== Args={}
2026-03-02 16:18:36,249 : INFO : EventManager : Event: ======'mode_bumpers_started'====== Args={'priority': 0}
2026-03-02 16:18:36,249 : INFO : EventManager : Event: ======'balls_in_play'====== Args={'balls': 1}
2026-03-02 16:18:36,249 : INFO : EventManager : Event: ======'ball_started'====== Args={'player': 1, 'ball': 2, 'balls_remaining': 1, 'is_extra_ball': False}
2026-03-02 16:18:36,255 : INFO : EventManager : Event: ======'multi_player_ball_started'====== Args={}
2026-03-02 16:18:36,255 : INFO : EventManager : Event: ======'player_1_ball_started'====== Args={}
2026-03-02 16:18:36,256 : INFO : EventManager : Event: ======'ball_start_target'====== Args={'target': 'playfield'}
2026-03-02 16:18:36,256 : INFO : ball_device.bd_plunger : Setting up player-controlled eject. Balls: 1, Target: <playfield.playfield>, player_controlled_eject_event: None
2026-03-02 16:18:36,257 : INFO : EventManager : Event: ======'balldevice_balls_available'====== Args={}
2026-03-02 16:18:36,257 : INFO : ball_device.bd_trough : State: waiting_for_target_ready
2026-03-02 16:18:36,257 : INFO : EventManager : Event: ======'balldevice_bd_trough_ball_eject_attempt'====== Args={'balls': 1, 'target': <ball_device.bd_plunger>, 'source': <ball_device.bd_trough>, 'mechanical_eject': True, 'num_attempts': 0}
2026-03-02 16:18:36,257 : INFO : ball_device.bd_plunger : State: waiting_for_ball
2026-03-02 16:18:36,258 : INFO : ball_device.bd_trough : State: ejecting
2026-03-02 16:18:36,258 : INFO : ball_device.bd_trough : Ejecting ball to <ball_device.bd_plunger>
2026-03-02 16:18:36,258 : INFO : EventManager : Event: ======'balldevice_bd_trough_ejecting_ball'====== Args={'balls': 1, 'target': <ball_device.bd_plunger>, 'source': <ball_device.bd_trough>, 'mechanical_eject': True, 'num_attempts': 0}
2026-03-02 16:18:36,259 : INFO : ball_device.bd_trough : Wait for ball to leave device
2026-03-02 16:18:36,259 : INFO : coil.c_trough_eject : Pulsing Driver for 20ms (1.0 pulse_power)
2026-03-02 16:18:36,286 : INFO : SwitchController : <<<<<<< 's_trough_1' inactive >>>>>>>
2026-03-02 16:18:36,287 : INFO : SwitchController : <<<<<<< 's_trough_7' active >>>>>>>
2026-03-02 16:18:36,287 : INFO : EventManager : Event: ======'machine_var_audits_switches_s_trough_7'====== Args={'value': 23, 'prev_value': 22, 'change': 1}
2026-03-02 16:18:36,288 : INFO : ball_device.bd_trough : State: ball_left
2026-03-02 16:18:36,288 : INFO : ball_device.bd_trough : Ball left
2026-03-02 16:18:36,288 : INFO : ball_device.bd_trough : Wait for confirm with timeout 3.0
2026-03-02 16:18:36,295 : INFO : EventManager : Event: ======'slide_base_slide_created'====== Args={'_from_bcp': True}
2026-03-02 16:18:36,295 : INFO : EventManager : Event: ======'slide_base_slide_inactive'====== Args={'is_removing': True, '_from_bcp': True}
2026-03-02 16:18:36,296 : INFO : EventManager : Event: ======'slide_base_slide_active'====== Args={'original_context': 'base', 'original_calling_context': 'mode_base_started', 'priority': 100.0, 'queue': '<QueuedEvent>', 'player': 1.0, 'ball': 2.0, 'balls_remaining': 1.0, 'is_extra_ball': False, 'cmd': 'slides_play', '_from_bcp': True}
2026-03-02 16:18:36,297 : INFO : EventManager : Event: ======'slide_base_slide_removed'====== Args={'_from_bcp': True}
2026-03-02 16:18:36,306 : INFO : SwitchController : <<<<<<< 's_trough_7' inactive >>>>>>>
2026-03-02 16:18:36,393 : INFO : SwitchController : <<<<<<< 's_plunger' active >>>>>>>
2026-03-02 16:18:36,393 : INFO : EventManager : Event: ======'machine_var_audits_switches_s_plunger'====== Args={'value': 28, 'prev_value': 27, 'change': 1}
2026-03-02 16:18:36,503 : INFO : SwitchController : <<<<<<< 's_trough_2' inactive >>>>>>>
2026-03-02 16:18:36,507 : INFO : SwitchController : <<<<<<< 's_trough_4' inactive >>>>>>>
2026-03-02 16:18:36,507 : INFO : SwitchController : <<<<<<< 's_trough_5' inactive >>>>>>>
2026-03-02 16:18:36,508 : INFO : SwitchController : <<<<<<< 's_trough_6' inactive >>>>>>>
2026-03-02 16:18:36,510 : INFO : SwitchController : <<<<<<< 's_trough_3' inactive >>>>>>>
2026-03-02 16:18:36,519 : INFO : SwitchController : <<<<<<< 's_trough_1' active >>>>>>>
2026-03-02 16:18:36,519 : INFO : EventManager : Event: ======'machine_var_audits_switches_s_trough_1'====== Args={'value': 20, 'prev_value': 19, 'change': 1}
2026-03-02 16:18:36,528 : INFO : SwitchController : <<<<<<< 's_trough_4' active >>>>>>>
2026-03-02 16:18:36,528 : INFO : EventManager : Event: ======'machine_var_audits_switches_s_trough_4'====== Args={'value': 34, 'prev_value': 33, 'change': 1}
2026-03-02 16:18:36,529 : INFO : SwitchController : <<<<<<< 's_trough_3' active >>>>>>>
2026-03-02 16:18:36,529 : INFO : EventManager : Event: ======'machine_var_audits_switches_s_trough_3'====== Args={'value': 35, 'prev_value': 34, 'change': 1}
2026-03-02 16:18:36,529 : INFO : SwitchController : <<<<<<< 's_trough_5' active >>>>>>>
2026-03-02 16:18:36,529 : INFO : EventManager : Event: ======'machine_var_audits_switches_s_trough_5'====== Args={'value': 36, 'prev_value': 35, 'change': 1}
2026-03-02 16:18:36,534 : INFO : SwitchController : <<<<<<< 's_trough_2' active >>>>>>>
2026-03-02 16:18:36,534 : INFO : EventManager : Event: ======'machine_var_audits_switches_s_trough_2'====== Args={'value': 30, 'prev_value': 29, 'change': 1}
2026-03-02 16:18:36,895 : INFO : ball_device.bd_plunger : Received ball from <ball_device.bd_trough>
2026-03-02 16:18:36,895 : INFO : EventManager : Event: ======'balldevice_bd_plunger_ball_enter'====== Args={'new_balls': 1, 'unclaimed_balls': 0, 'new_available_balls': 0, 'device': <ball_device.bd_plunger>}
2026-03-02 16:18:36,896 : INFO : EventManager : Event: ======'balldevice_bd_plunger_ball_entered'====== Args={'new_balls': 0, 'device': <ball_device.bd_plunger>}
2026-03-02 16:18:36,896 : INFO : EventManager : Event: ======'balldevice_bd_plunger_ball_count_changed'====== Args={'balls': 1}
2026-03-02 16:18:36,896 : INFO : ball_device.bd_trough : Got eject confirm
2026-03-02 16:18:36,896 : INFO : ball_device.bd_trough : Eject successful
2026-03-02 16:18:36,897 : INFO : EventManager : Event: ======'balldevice_bd_trough_ball_eject_success'====== Args={'balls': 1, 'target': <ball_device.bd_plunger>}
2026-03-02 16:18:36,897 : INFO : ball_device.bd_plunger : State: waiting_for_target_ready
2026-03-02 16:18:36,897 : INFO : EventManager : Event: ======'balldevice_bd_plunger_ball_eject_attempt'====== Args={'balls': 1, 'target': <playfield.playfield>, 'source': <ball_device.bd_plunger>, 'mechanical_eject': True, 'num_attempts': 0}
2026-03-02 16:18:36,897 : INFO : EventManager : Event: ======'balldevice_bd_trough_ball_count_changed'====== Args={'balls': 5}
2026-03-02 16:18:36,897 : INFO : ball_device.bd_trough : State: idle
2026-03-02 16:18:36,897 : INFO : ball_device.bd_plunger : State: ejecting
2026-03-02 16:18:36,898 : INFO : ball_device.bd_plunger : Ejecting ball to <playfield.playfield>
2026-03-02 16:18:36,898 : INFO : EventManager : Event: ======'balldevice_bd_plunger_ejecting_ball'====== Args={'balls': 1, 'target': <playfield.playfield>, 'source': <ball_device.bd_plunger>, 'mechanical_eject': True, 'num_attempts': 0}
2026-03-02 16:18:36,898 : INFO : ball_device.bd_plunger : Wait for ball to leave device
2026-03-02 16:18:37,490 : INFO : SwitchController : <<<<<<< 's_plunger' inactive >>>>>>>
2026-03-02 16:18:37,490 : INFO : ball_device.bd_plunger : State: ball_left
2026-03-02 16:18:37,490 : INFO : ball_device.bd_plunger : Ball left
2026-03-02 16:18:37,490 : INFO : ball_device.bd_plunger : Wait for confirm with timeout 5.0
2026-03-02 16:18:37,722 : INFO : SwitchController : <<<<<<< 's_plunger' active >>>>>>>
2026-03-02 16:18:37,722 : INFO : EventManager : Event: ======'machine_var_audits_switches_s_plunger'====== Args={'value': 29, 'prev_value': 28, 'change': 1}
2026-03-02 16:18:37,792 : INFO : SwitchController : <<<<<<< 's_plunger' inactive >>>>>>>
2026-03-02 16:18:37,882 : INFO : SwitchController : <<<<<<< 's_plunger' active >>>>>>>
2026-03-02 16:18:37,882 : INFO : EventManager : Event: ======'machine_var_audits_switches_s_plunger'====== Args={'value': 30, 'prev_value': 29, 'change': 1}
2026-03-02 16:18:37,934 : INFO : SwitchController : <<<<<<< 's_plunger' inactive >>>>>>>
2026-03-02 16:18:37,971 : INFO : SwitchController : <<<<<<< 's_plunger' active >>>>>>>
2026-03-02 16:18:37,971 : INFO : EventManager : Event: ======'machine_var_audits_switches_s_plunger'====== Args={'value': 31, 'prev_value': 30, 'change': 1}
2026-03-02 16:18:37,991 : INFO : SwitchController : <<<<<<< 's_plunger' inactive >>>>>>>
2026-03-02 16:18:39,000 : INFO : SwitchController : <<<<<<< 's_inlane_right_1' inactive >>>>>>>
2026-03-02 16:18:39,006 : INFO : SwitchController : <<<<<<< 's_inlane_right_1' active >>>>>>>
2026-03-02 16:18:39,006 : INFO : EventManager : Event: ======'sw_playfield_active'====== Args={}
2026-03-02 16:18:39,006 : INFO : EventManager : Event: ======'machine_var_audits_switches_s_inlane_right_1'====== Args={'value': 327, 'prev_value': 326, 'change': 1}
2026-03-02 16:18:39,007 : INFO : EventManager : Event: ======'playfield_active'====== Args={'source': None}
2026-03-02 16:18:39,007 : INFO : ball_device.bd_plunger : Got eject confirm
2026-03-02 16:18:39,007 : INFO : ball_device.bd_plunger : Eject successful
2026-03-02 16:18:39,007 : INFO : EventManager : Event: ======'balldevice_bd_plunger_ball_eject_success'====== Args={'balls': 1, 'target': <playfield.playfield>}
2026-03-02 16:18:39,007 : INFO : EventManager : Event: ======'balldevice_playfield_ball_enter'====== Args={'new_balls': 1, 'unclaimed_balls': 1, 'device': <playfield.playfield>}
2026-03-02 16:18:39,007 : INFO : EventManager : Event: ======'playfield_ball_count_change'====== Args={'balls': 1, 'change': 1}
2026-03-02 16:18:39,008 : INFO : EventManager : Event: ======'balldevice_bd_plunger_ball_count_changed'====== Args={'balls': 0}
2026-03-02 16:18:39,008 : INFO : ball_device.bd_plunger : State: idle
2026-03-02 16:18:39,178 : INFO : SwitchController : <<<<<<< 's_trough_6' active >>>>>>>
2026-03-02 16:18:39,178 : INFO : EventManager : Event: ======'machine_var_audits_switches_s_trough_6'====== Args={'value': 40, 'prev_value': 39, 'change': 1}
2026-03-02 16:18:39,680 : INFO : EventManager : Event: ======'balldevice_bd_trough_ball_count_changed'====== Args={'balls': 6}
2026-03-02 16:18:39,680 : INFO : ball_device.bd_trough : Received unexpected ball
2026-03-02 16:18:39,680 : INFO : EventManager : Event: ======'balldevice_captured_from_playfield'====== Args={'balls': 1}
2026-03-02 16:18:39,680 : INFO : EventManager : Event: ======'sw_playfield_active'====== Args={'balls': 1}
2026-03-02 16:18:39,680 : INFO : EventManager : Event: ======'playfield_ball_count_change'====== Args={'balls': 0, 'change': -1}
2026-03-02 16:18:39,681 : INFO : EventManager : Event: ======'balldevice_bd_trough_ball_enter'====== Args={'new_balls': 1, 'unclaimed_balls': 1, 'new_available_balls': 1, 'device': <ball_device.bd_trough>}
2026-03-02 16:18:39,681 : INFO : EventManager : Event: ======'ball_drain'====== Args={'device': <ball_device.bd_trough>, 'balls': 1}
2026-03-02 16:18:39,681 : INFO : EventManager : Event: ======'ball_will_end'====== Args={}
2026-03-02 16:18:39,681 : INFO : EventManager : Event: ======'balldevice_balls_available'====== Args={}
2026-03-02 16:18:39,681 : INFO : EventManager : Event: ======'balldevice_bd_trough_ball_entered'====== Args={'new_balls': 1, 'device': <ball_device.bd_trough>}
2026-03-02 16:18:39,681 : INFO : EventManager : Event: ======'mode_base_will_stop'====== Args={}
2026-03-02 16:18:39,682 : INFO : EventManager : Event: ======'mode_base_stopping'====== Args={}
2026-03-02 16:18:39,682 : INFO : EventManager : Event: ======'stop_mode_bumpers'====== Args={'priority': 0}
2026-03-02 16:18:39,682 : INFO : EventManager : Event: ======'mode_bumpers_will_stop'====== Args={}
2026-03-02 16:18:39,682 : INFO : EventManager : Event: ======'mode_bumpers_stopping'====== Args={}
2026-03-02 16:18:39,682 : INFO : Mode.base : Stopped.
2026-03-02 16:18:39,682 : INFO : EventManager : Event: ======'modes_active_modes_changed'====== Args={}
2026-03-02 16:18:39,683 : INFO : EventManager : Event: ======'mode_base_stopped'====== Args={}
2026-03-02 16:18:39,683 : INFO : EventManager : Event: ======'clear'====== Args={'key': 'base'}
2026-03-02 16:18:39,683 : INFO : Mode.bumpers : Stopped.
2026-03-02 16:18:39,683 : INFO : EventManager : Event: ======'modes_active_modes_changed'====== Args={}
2026-03-02 16:18:39,684 : INFO : EventManager : Event: ======'mode_bumpers_stopped'====== Args={}
2026-03-02 16:18:39,684 : INFO : EventManager : Event: ======'clear'====== Args={'key': 'bumpers'}
2026-03-02 16:18:39,685 : INFO : EventManager : Event: ======'ball_ending'====== Args={}
2026-03-02 16:18:39,686 : INFO : EventManager : Event: ======'ball_ended'====== Args={}
2026-03-02 16:18:39,687 : INFO : EventManager : Event: ======'player_turn_will_end'====== Args={'player': <Player 1>, 'number': 1}
2026-03-02 16:18:39,688 : INFO : EventManager : Event: ======'player_turn_ending'====== Args={'player': <Player 1>, 'number': 1}
2026-03-02 16:18:39,688 : INFO : EventManager : Event: ======'player_turn_ended'====== Args={'player': <Player 1>, 'number': 1}
2026-03-02 16:18:39,688 : INFO : EventManager : Event: ======'player_turn_will_start'====== Args={'player': <Player 2>, 'number': 2}
2026-03-02 16:18:39,689 : INFO : EventManager : Event: ======'player_turn_starting'====== Args={'player': <Player 2>, 'number': 2}
2026-03-02 16:18:39,689 : INFO : EventManager : Event: ======'player_ball'====== Args={'value': 2, 'prev_value': 1, 'change': 1, 'player_num': 2}
2026-03-02 16:18:39,689 : INFO : EventManager : Event: ======'player_turn_started'====== Args={'player': <Player 2>, 'number': 2}
2026-03-02 16:18:39,690 : INFO : EventManager : Event: ======'ball_will_start'====== Args={'player': 2, 'ball': 2, 'balls_remaining': 1, 'is_extra_ball': False}
2026-03-02 16:18:39,690 : INFO : EventManager : Event: ======'ball_starting'====== Args={'player': 2, 'ball': 2, 'balls_remaining': 1, 'is_extra_ball': False}
2026-03-02 16:18:39,690 : INFO : EventManager : Event: ======'mode_base_will_start'====== Args={'queue': <QueuedEvent>, 'player': 2, 'ball': 2, 'balls_remaining': 1, 'is_extra_ball': False}
2026-03-02 16:18:39,691 : INFO : EventManager : Event: ======'mode_base_starting'====== Args={'queue': <QueuedEvent>, 'player': 2, 'ball': 2, 'balls_remaining': 1, 'is_extra_ball': False}
2026-03-02 16:18:39,691 : INFO : Mode.base : Started. Priority: 100
2026-03-02 16:18:39,692 : INFO : EventManager : Event: ======'modes_active_modes_changed'====== Args={}
2026-03-02 16:18:39,692 : INFO : EventManager : Event: ======'mode_base_started'====== Args={'queue': <QueuedEvent>, 'player': 2, 'ball': 2, 'balls_remaining': 1, 'is_extra_ball': False}
2026-03-02 16:18:39,692 : INFO : EventManager : Event: ======'start_mode_bumpers'====== Args={'priority': 0}
2026-03-02 16:18:39,693 : INFO : EventManager : Event: ======'mode_bumpers_will_start'====== Args={'priority': 0}
2026-03-02 16:18:39,695 : INFO : EventManager : Event: ======'mode_bumpers_starting'====== Args={'priority': 0}
2026-03-02 16:18:39,695 : INFO : Mode.bumpers : Started. Priority: 200
2026-03-02 16:18:39,695 : INFO : EventManager : Event: ======'modes_active_modes_changed'====== Args={}
2026-03-02 16:18:39,695 : INFO : EventManager : Event: ======'mode_bumpers_started'====== Args={'priority': 0}
2026-03-02 16:18:39,696 : INFO : EventManager : Event: ======'balls_in_play'====== Args={'balls': 1}
2026-03-02 16:18:39,696 : INFO : EventManager : Event: ======'ball_started'====== Args={'player': 2, 'ball': 2, 'balls_remaining': 1, 'is_extra_ball': False}
2026-03-02 16:18:39,701 : INFO : EventManager : Event: ======'multi_player_ball_started'====== Args={}
2026-03-02 16:18:39,702 : INFO : EventManager : Event: ======'player_2_ball_started'====== Args={}
2026-03-02 16:18:39,703 : INFO : EventManager : Event: ======'ball_start_target'====== Args={'target': 'playfield'}
2026-03-02 16:18:39,704 : INFO : ball_device.bd_plunger : Setting up player-controlled eject. Balls: 1, Target: <playfield.playfield>, player_controlled_eject_event: None
2026-03-02 16:18:39,704 : INFO : EventManager : Event: ======'balldevice_balls_available'====== Args={}
2026-03-02 16:18:39,705 : INFO : ball_device.bd_trough : State: waiting_for_target_ready
2026-03-02 16:18:39,705 : INFO : EventManager : Event: ======'balldevice_bd_trough_ball_eject_attempt'====== Args={'balls': 1, 'target': <ball_device.bd_plunger>, 'source': <ball_device.bd_trough>, 'mechanical_eject': True, 'num_attempts': 0}
2026-03-02 16:18:39,705 : INFO : ball_device.bd_plunger : State: waiting_for_ball
2026-03-02 16:18:39,706 : INFO : ball_device.bd_trough : State: ejecting
2026-03-02 16:18:39,706 : INFO : ball_device.bd_trough : Ejecting ball to <ball_device.bd_plunger>
2026-03-02 16:18:39,706 : INFO : EventManager : Event: ======'balldevice_bd_trough_ejecting_ball'====== Args={'balls': 1, 'target': <ball_device.bd_plunger>, 'source': <ball_device.bd_trough>, 'mechanical_eject': True, 'num_attempts': 0}
2026-03-02 16:18:39,707 : INFO : ball_device.bd_trough : Wait for ball to leave device
2026-03-02 16:18:39,708 : INFO : coil.c_trough_eject : Pulsing Driver for 20ms (1.0 pulse_power)
2026-03-02 16:18:39,735 : INFO : SwitchController : <<<<<<< 's_trough_1' inactive >>>>>>>
2026-03-02 16:18:39,736 : INFO : SwitchController : <<<<<<< 's_trough_7' active >>>>>>>
2026-03-02 16:18:39,736 : INFO : EventManager : Event: ======'machine_var_audits_switches_s_trough_7'====== Args={'value': 24, 'prev_value': 23, 'change': 1}
2026-03-02 16:18:39,737 : INFO : ball_device.bd_trough : State: ball_left
2026-03-02 16:18:39,737 : INFO : ball_device.bd_trough : Ball left
2026-03-02 16:18:39,737 : INFO : ball_device.bd_trough : Wait for confirm with timeout 3.0
2026-03-02 16:18:39,751 : INFO : SwitchController : <<<<<<< 's_trough_7' inactive >>>>>>>
2026-03-02 16:18:39,783 : INFO : EventManager : Event: ======'slide_base_slide_created'====== Args={'_from_bcp': True}
2026-03-02 16:18:39,784 : INFO : EventManager : Event: ======'slide_base_slide_inactive'====== Args={'is_removing': True, '_from_bcp': True}
2026-03-02 16:18:39,785 : INFO : EventManager : Event: ======'slide_base_slide_active'====== Args={'original_context': 'base', 'original_calling_context': 'mode_base_started', 'priority': 100.0, 'queue': '<QueuedEvent>', 'player': 2.0, 'ball': 2.0, 'balls_remaining': 1.0, 'is_extra_ball': False, 'cmd': 'slides_play', '_from_bcp': True}
2026-03-02 16:18:39,785 : INFO : EventManager : Event: ======'slide_base_slide_removed'====== Args={'_from_bcp': True}
2026-03-02 16:18:39,792 : INFO : SwitchController : <<<<<<< 's_inlane_right_1' inactive >>>>>>>
2026-03-02 16:18:39,809 : INFO : SwitchController : <<<<<<< 's_inlane_right_1' active >>>>>>>
2026-03-02 16:18:39,809 : INFO : EventManager : Event: ======'sw_playfield_active'====== Args={}
2026-03-02 16:18:39,809 : INFO : EventManager : Event: ======'machine_var_audits_switches_s_inlane_right_1'====== Args={'value': 328, 'prev_value': 327, 'change': 1}
2026-03-02 16:18:39,810 : INFO : EventManager : Event: ======'playfield_active'====== Args={'source': None}
2026-03-02 16:18:39,810 : INFO : EventManager : Event: ======'unexpected_ball_on_playfield'====== Args={}
2026-03-02 16:18:39,875 : INFO : SwitchController : <<<<<<< 's_plunger' active >>>>>>>
2026-03-02 16:18:39,875 : INFO : EventManager : Event: ======'machine_var_audits_switches_s_plunger'====== Args={'value': 32, 'prev_value': 31, 'change': 1}
2026-03-02 16:18:39,951 : INFO : SwitchController : <<<<<<< 's_trough_2' inactive >>>>>>>
2026-03-02 16:18:39,957 : INFO : SwitchController : <<<<<<< 's_trough_4' inactive >>>>>>>
2026-03-02 16:18:39,957 : INFO : SwitchController : <<<<<<< 's_trough_5' inactive >>>>>>>
2026-03-02 16:18:39,957 : INFO : SwitchController : <<<<<<< 's_trough_6' inactive >>>>>>>
2026-03-02 16:18:39,960 : INFO : SwitchController : <<<<<<< 's_trough_3' inactive >>>>>>>
2026-03-02 16:18:39,967 : INFO : SwitchController : <<<<<<< 's_trough_1' active >>>>>>>
2026-03-02 16:18:39,967 : INFO : EventManager : Event: ======'machine_var_audits_switches_s_trough_1'====== Args={'value': 21, 'prev_value': 20, 'change': 1}
2026-03-02 16:18:39,977 : INFO : SwitchController : <<<<<<< 's_trough_4' active >>>>>>>
2026-03-02 16:18:39,977 : INFO : EventManager : Event: ======'machine_var_audits_switches_s_trough_4'====== Args={'value': 35, 'prev_value': 34, 'change': 1}
2026-03-02 16:18:39,982 : INFO : SwitchController : <<<<<<< 's_trough_3' active >>>>>>>
2026-03-02 16:18:39,982 : INFO : EventManager : Event: ======'machine_var_audits_switches_s_trough_3'====== Args={'value': 36, 'prev_value': 35, 'change': 1}
2026-03-02 16:18:39,982 : INFO : SwitchController : <<<<<<< 's_trough_5' active >>>>>>>
2026-03-02 16:18:39,983 : INFO : EventManager : Event: ======'machine_var_audits_switches_s_trough_5'====== Args={'value': 37, 'prev_value': 36, 'change': 1}
2026-03-02 16:18:39,983 : INFO : SwitchController : <<<<<<< 's_trough_2' active >>>>>>>
2026-03-02 16:18:39,983 : INFO : EventManager : Event: ======'machine_var_audits_switches_s_trough_2'====== Args={'value': 31, 'prev_value': 30, 'change': 1}
2026-03-02 16:18:40,376 : INFO : ball_device.bd_plunger : Received ball from <ball_device.bd_trough>
2026-03-02 16:18:40,377 : INFO : EventManager : Event: ======'balldevice_bd_plunger_ball_enter'====== Args={'new_balls': 1, 'unclaimed_balls': 0, 'new_available_balls': 0, 'device': <ball_device.bd_plunger>}
2026-03-02 16:18:40,377 : INFO : EventManager : Event: ======'balldevice_bd_plunger_ball_entered'====== Args={'new_balls': 0, 'device': <ball_device.bd_plunger>}
2026-03-02 16:18:40,377 : INFO : EventManager : Event: ======'balldevice_bd_plunger_ball_count_changed'====== Args={'balls': 1}
2026-03-02 16:18:40,377 : INFO : ball_device.bd_trough : Got eject confirm
2026-03-02 16:18:40,378 : INFO : ball_device.bd_trough : Eject successful
2026-03-02 16:18:40,378 : INFO : EventManager : Event: ======'balldevice_bd_trough_ball_eject_success'====== Args={'balls': 1, 'target': <ball_device.bd_plunger>}
2026-03-02 16:18:40,378 : INFO : ball_device.bd_plunger : State: waiting_for_target_ready
2026-03-02 16:18:40,378 : INFO : EventManager : Event: ======'balldevice_bd_plunger_ball_eject_attempt'====== Args={'balls': 1, 'target': <playfield.playfield>, 'source': <ball_device.bd_plunger>, 'mechanical_eject': True, 'num_attempts': 0}
2026-03-02 16:18:40,378 : INFO : EventManager : Event: ======'balldevice_bd_trough_ball_count_changed'====== Args={'balls': 5}
2026-03-02 16:18:40,378 : INFO : ball_device.bd_trough : State: idle
2026-03-02 16:18:40,379 : INFO : ball_device.bd_plunger : State: ejecting
2026-03-02 16:18:40,379 : INFO : ball_device.bd_plunger : Ejecting ball to <playfield.playfield>
2026-03-02 16:18:40,379 : INFO : EventManager : Event: ======'balldevice_bd_plunger_ejecting_ball'====== Args={'balls': 1, 'target': <playfield.playfield>, 'source': <ball_device.bd_plunger>, 'mechanical_eject': True, 'num_attempts': 0}
2026-03-02 16:18:40,380 : INFO : ball_device.bd_plunger : Wait for ball to leave device
2026-03-02 16:18:40,435 : INFO : SwitchController : <<<<<<< 's_plunger' inactive >>>>>>>
2026-03-02 16:18:40,436 : INFO : ball_device.bd_plunger : State: ball_left
2026-03-02 16:18:40,436 : INFO : ball_device.bd_plunger : Ball left
2026-03-02 16:18:40,436 : INFO : ball_device.bd_plunger : Wait for confirm with timeout 5.0
2026-03-02 16:18:40,778 : INFO : SwitchController : <<<<<<< 's_inlane_right_1' inactive >>>>>>>
2026-03-02 16:18:40,784 : INFO : SwitchController : <<<<<<< 's_inlane_right_1' active >>>>>>>
2026-03-02 16:18:40,785 : INFO : EventManager : Event: ======'sw_playfield_active'====== Args={}
2026-03-02 16:18:40,785 : INFO : EventManager : Event: ======'machine_var_audits_switches_s_inlane_right_1'====== Args={'value': 329, 'prev_value': 328, 'change': 1}
2026-03-02 16:18:40,785 : INFO : EventManager : Event: ======'playfield_active'====== Args={'source': None}
2026-03-02 16:18:40,786 : INFO : ball_device.bd_plunger : Got eject confirm
2026-03-02 16:18:40,786 : INFO : ball_device.bd_plunger : Eject successful
2026-03-02 16:18:40,786 : INFO : EventManager : Event: ======'balldevice_bd_plunger_ball_eject_success'====== Args={'balls': 1, 'target': <playfield.playfield>}
2026-03-02 16:18:40,786 : INFO : EventManager : Event: ======'balldevice_playfield_ball_enter'====== Args={'new_balls': 1, 'unclaimed_balls': 1, 'device': <playfield.playfield>}
2026-03-02 16:18:40,786 : INFO : EventManager : Event: ======'playfield_ball_count_change'====== Args={'balls': 1, 'change': 1}
2026-03-02 16:18:40,787 : INFO : EventManager : Event: ======'balldevice_bd_plunger_ball_count_changed'====== Args={'balls': 0}
2026-03-02 16:18:40,787 : INFO : ball_device.bd_plunger : State: idle
2026-03-02 16:18:41,090 : INFO : SwitchController : <<<<<<< 's_trough_5' inactive >>>>>>>
2026-03-02 16:18:41,117 : INFO : SwitchController : <<<<<<< 's_trough_6' active >>>>>>>
2026-03-02 16:18:41,117 : INFO : EventManager : Event: ======'machine_var_audits_switches_s_trough_6'====== Args={'value': 41, 'prev_value': 40, 'change': 1}
2026-03-02 16:18:41,190 : INFO : SwitchController : <<<<<<< 's_trough_5' active >>>>>>>
2026-03-02 16:18:41,191 : INFO : EventManager : Event: ======'machine_var_audits_switches_s_trough_5'====== Args={'value': 38, 'prev_value': 37, 'change': 1}
2026-03-02 16:18:41,266 : INFO : SwitchController : <<<<<<< 's_trough_6' inactive >>>>>>>
2026-03-02 16:18:41,718 : INFO : SwitchController : <<<<<<< 's_trough_6' active >>>>>>>
2026-03-02 16:18:41,718 : INFO : EventManager : Event: ======'machine_var_audits_switches_s_trough_6'====== Args={'value': 42, 'prev_value': 41, 'change': 1}
2026-03-02 16:18:42,220 : INFO : EventManager : Event: ======'balldevice_bd_trough_ball_count_changed'====== Args={'balls': 6}
2026-03-02 16:18:42,220 : INFO : ball_device.bd_trough : Received unexpected ball
2026-03-02 16:18:42,220 : INFO : EventManager : Event: ======'balldevice_captured_from_playfield'====== Args={'balls': 1}
2026-03-02 16:18:42,220 : INFO : EventManager : Event: ======'sw_playfield_active'====== Args={'balls': 1}
2026-03-02 16:18:42,220 : INFO : EventManager : Event: ======'playfield_ball_count_change'====== Args={'balls': 0, 'change': -1}
2026-03-02 16:18:42,220 : INFO : EventManager : Event: ======'balldevice_bd_trough_ball_enter'====== Args={'new_balls': 1, 'unclaimed_balls': 1, 'new_available_balls': 1, 'device': <ball_device.bd_trough>}
2026-03-02 16:18:42,221 : INFO : EventManager : Event: ======'ball_drain'====== Args={'device': <ball_device.bd_trough>, 'balls': 1}
2026-03-02 16:18:42,221 : INFO : EventManager : Event: ======'ball_will_end'====== Args={}
2026-03-02 16:18:42,221 : INFO : EventManager : Event: ======'balldevice_balls_available'====== Args={}
2026-03-02 16:18:42,221 : INFO : EventManager : Event: ======'balldevice_bd_trough_ball_entered'====== Args={'new_balls': 1, 'device': <ball_device.bd_trough>}
2026-03-02 16:18:42,221 : INFO : EventManager : Event: ======'mode_base_will_stop'====== Args={}
2026-03-02 16:18:42,221 : INFO : EventManager : Event: ======'mode_base_stopping'====== Args={}
2026-03-02 16:18:42,222 : INFO : EventManager : Event: ======'stop_mode_bumpers'====== Args={'priority': 0}
2026-03-02 16:18:42,222 : INFO : EventManager : Event: ======'mode_bumpers_will_stop'====== Args={}
2026-03-02 16:18:42,222 : INFO : EventManager : Event: ======'mode_bumpers_stopping'====== Args={}
2026-03-02 16:18:42,222 : INFO : Mode.base : Stopped.
2026-03-02 16:18:42,222 : INFO : EventManager : Event: ======'modes_active_modes_changed'====== Args={}
2026-03-02 16:18:42,222 : INFO : EventManager : Event: ======'mode_base_stopped'====== Args={}
2026-03-02 16:18:42,223 : INFO : EventManager : Event: ======'clear'====== Args={'key': 'base'}
2026-03-02 16:18:42,223 : INFO : Mode.bumpers : Stopped.
2026-03-02 16:18:42,223 : INFO : EventManager : Event: ======'modes_active_modes_changed'====== Args={}
2026-03-02 16:18:42,223 : INFO : EventManager : Event: ======'mode_bumpers_stopped'====== Args={}
2026-03-02 16:18:42,223 : INFO : EventManager : Event: ======'clear'====== Args={'key': 'bumpers'}
2026-03-02 16:18:42,224 : INFO : EventManager : Event: ======'ball_ending'====== Args={}
2026-03-02 16:18:42,225 : INFO : EventManager : Event: ======'ball_ended'====== Args={}
2026-03-02 16:18:42,228 : INFO : EventManager : Event: ======'player_turn_will_end'====== Args={'player': <Player 2>, 'number': 2}
2026-03-02 16:18:42,229 : INFO : EventManager : Event: ======'player_turn_ending'====== Args={'player': <Player 2>, 'number': 2}
2026-03-02 16:18:42,229 : INFO : EventManager : Event: ======'player_turn_ended'====== Args={'player': <Player 2>, 'number': 2}
2026-03-02 16:18:42,229 : INFO : EventManager : Event: ======'player_turn_will_start'====== Args={'player': <Player 1>, 'number': 1}
2026-03-02 16:18:42,230 : INFO : EventManager : Event: ======'player_turn_starting'====== Args={'player': <Player 1>, 'number': 1}
2026-03-02 16:18:42,230 : INFO : EventManager : Event: ======'player_ball'====== Args={'value': 3, 'prev_value': 2, 'change': 1, 'player_num': 1}
2026-03-02 16:18:42,230 : INFO : EventManager : Event: ======'player_turn_started'====== Args={'player': <Player 1>, 'number': 1}
2026-03-02 16:18:42,231 : INFO : EventManager : Event: ======'ball_will_start'====== Args={'player': 1, 'ball': 3, 'balls_remaining': 0, 'is_extra_ball': False}
2026-03-02 16:18:42,231 : INFO : EventManager : Event: ======'ball_starting'====== Args={'player': 1, 'ball': 3, 'balls_remaining': 0, 'is_extra_ball': False}
2026-03-02 16:18:42,232 : INFO : EventManager : Event: ======'mode_base_will_start'====== Args={'queue': <QueuedEvent>, 'player': 1, 'ball': 3, 'balls_remaining': 0, 'is_extra_ball': False}
2026-03-02 16:18:42,232 : INFO : EventManager : Event: ======'mode_base_starting'====== Args={'queue': <QueuedEvent>, 'player': 1, 'ball': 3, 'balls_remaining': 0, 'is_extra_ball': False}
2026-03-02 16:18:42,233 : INFO : Mode.base : Started. Priority: 100
2026-03-02 16:18:42,233 : INFO : EventManager : Event: ======'modes_active_modes_changed'====== Args={}
2026-03-02 16:18:42,233 : INFO : EventManager : Event: ======'mode_base_started'====== Args={'queue': <QueuedEvent>, 'player': 1, 'ball': 3, 'balls_remaining': 0, 'is_extra_ball': False}
2026-03-02 16:18:42,233 : INFO : EventManager : Event: ======'start_mode_bumpers'====== Args={'priority': 0}
2026-03-02 16:18:42,234 : INFO : EventManager : Event: ======'mode_bumpers_will_start'====== Args={'priority': 0}
2026-03-02 16:18:42,235 : INFO : EventManager : Event: ======'mode_bumpers_starting'====== Args={'priority': 0}
2026-03-02 16:18:42,235 : INFO : Mode.bumpers : Started. Priority: 200
2026-03-02 16:18:42,235 : INFO : EventManager : Event: ======'modes_active_modes_changed'====== Args={}
2026-03-02 16:18:42,235 : INFO : EventManager : Event: ======'mode_bumpers_started'====== Args={'priority': 0}
2026-03-02 16:18:42,235 : INFO : EventManager : Event: ======'balls_in_play'====== Args={'balls': 1}
2026-03-02 16:18:42,236 : INFO : EventManager : Event: ======'ball_started'====== Args={'player': 1, 'ball': 3, 'balls_remaining': 0, 'is_extra_ball': False}
2026-03-02 16:18:42,244 : INFO : EventManager : Event: ======'multi_player_ball_started'====== Args={}
2026-03-02 16:18:42,244 : INFO : EventManager : Event: ======'player_1_ball_started'====== Args={}
2026-03-02 16:18:42,245 : INFO : EventManager : Event: ======'ball_start_target'====== Args={'target': 'playfield'}
2026-03-02 16:18:42,245 : INFO : ball_device.bd_plunger : Setting up player-controlled eject. Balls: 1, Target: <playfield.playfield>, player_controlled_eject_event: None
2026-03-02 16:18:42,246 : INFO : EventManager : Event: ======'balldevice_balls_available'====== Args={}
2026-03-02 16:18:42,247 : INFO : ball_device.bd_trough : State: waiting_for_target_ready
2026-03-02 16:18:42,247 : INFO : EventManager : Event: ======'balldevice_bd_trough_ball_eject_attempt'====== Args={'balls': 1, 'target': <ball_device.bd_plunger>, 'source': <ball_device.bd_trough>, 'mechanical_eject': True, 'num_attempts': 0}
2026-03-02 16:18:42,247 : INFO : ball_device.bd_plunger : State: waiting_for_ball
2026-03-02 16:18:42,248 : INFO : ball_device.bd_trough : State: ejecting
2026-03-02 16:18:42,248 : INFO : ball_device.bd_trough : Ejecting ball to <ball_device.bd_plunger>
2026-03-02 16:18:42,248 : INFO : EventManager : Event: ======'balldevice_bd_trough_ejecting_ball'====== Args={'balls': 1, 'target': <ball_device.bd_plunger>, 'source': <ball_device.bd_trough>, 'mechanical_eject': True, 'num_attempts': 0}
2026-03-02 16:18:42,249 : INFO : ball_device.bd_trough : Wait for ball to leave device
2026-03-02 16:18:42,250 : INFO : coil.c_trough_eject : Pulsing Driver for 20ms (1.0 pulse_power)
2026-03-02 16:18:42,277 : INFO : SwitchController : <<<<<<< 's_trough_1' inactive >>>>>>>
2026-03-02 16:18:42,277 : INFO : SwitchController : <<<<<<< 's_trough_7' active >>>>>>>
2026-03-02 16:18:42,277 : INFO : EventManager : Event: ======'machine_var_audits_switches_s_trough_7'====== Args={'value': 25, 'prev_value': 24, 'change': 1}
2026-03-02 16:18:42,278 : INFO : ball_device.bd_trough : State: ball_left
2026-03-02 16:18:42,279 : INFO : ball_device.bd_trough : Ball left
2026-03-02 16:18:42,279 : INFO : ball_device.bd_trough : Wait for confirm with timeout 3.0
2026-03-02 16:18:42,297 : INFO : SwitchController : <<<<<<< 's_trough_7' inactive >>>>>>>
2026-03-02 16:18:42,298 : INFO : EventManager : Event: ======'slide_base_slide_created'====== Args={'_from_bcp': True}
2026-03-02 16:18:42,298 : INFO : EventManager : Event: ======'slide_base_slide_inactive'====== Args={'is_removing': True, '_from_bcp': True}
2026-03-02 16:18:42,298 : INFO : EventManager : Event: ======'slide_base_slide_active'====== Args={'original_context': 'base', 'original_calling_context': 'mode_base_started', 'priority': 100.0, 'queue': '<QueuedEvent>', 'player': 1.0, 'ball': 3.0, 'balls_remaining': 0.0, 'is_extra_ball': False, 'cmd': 'slides_play', '_from_bcp': True}
2026-03-02 16:18:42,298 : INFO : EventManager : Event: ======'slide_base_slide_removed'====== Args={'_from_bcp': True}
2026-03-02 16:18:42,336 : INFO : SwitchController : <<<<<<< 's_inlane_right_1' inactive >>>>>>>
2026-03-02 16:18:42,340 : INFO : SwitchController : <<<<<<< 's_inlane_right_1' active >>>>>>>
2026-03-02 16:18:42,341 : INFO : EventManager : Event: ======'sw_playfield_active'====== Args={}
2026-03-02 16:18:42,341 : INFO : EventManager : Event: ======'machine_var_audits_switches_s_inlane_right_1'====== Args={'value': 330, 'prev_value': 329, 'change': 1}
2026-03-02 16:18:42,341 : INFO : EventManager : Event: ======'playfield_active'====== Args={'source': None}
2026-03-02 16:18:42,341 : INFO : EventManager : Event: ======'unexpected_ball_on_playfield'====== Args={}
2026-03-02 16:18:42,430 : INFO : SwitchController : <<<<<<< 's_plunger' active >>>>>>>
2026-03-02 16:18:42,430 : INFO : EventManager : Event: ======'machine_var_audits_switches_s_plunger'====== Args={'value': 33, 'prev_value': 32, 'change': 1}
2026-03-02 16:18:42,492 : INFO : SwitchController : <<<<<<< 's_trough_2' inactive >>>>>>>
2026-03-02 16:18:42,492 : INFO : SwitchController : <<<<<<< 's_trough_4' inactive >>>>>>>
2026-03-02 16:18:42,495 : INFO : SwitchController : <<<<<<< 's_trough_3' inactive >>>>>>>
2026-03-02 16:18:42,496 : INFO : SwitchController : <<<<<<< 's_trough_5' inactive >>>>>>>
2026-03-02 16:18:42,496 : INFO : SwitchController : <<<<<<< 's_trough_6' inactive >>>>>>>
2026-03-02 16:18:42,508 : INFO : SwitchController : <<<<<<< 's_trough_1' active >>>>>>>
2026-03-02 16:18:42,509 : INFO : EventManager : Event: ======'machine_var_audits_switches_s_trough_1'====== Args={'value': 22, 'prev_value': 21, 'change': 1}
2026-03-02 16:18:42,515 : INFO : SwitchController : <<<<<<< 's_trough_3' active >>>>>>>
2026-03-02 16:18:42,515 : INFO : EventManager : Event: ======'machine_var_audits_switches_s_trough_3'====== Args={'value': 37, 'prev_value': 36, 'change': 1}
2026-03-02 16:18:42,516 : INFO : SwitchController : <<<<<<< 's_trough_2' active >>>>>>>
2026-03-02 16:18:42,517 : INFO : EventManager : Event: ======'machine_var_audits_switches_s_trough_2'====== Args={'value': 32, 'prev_value': 31, 'change': 1}
2026-03-02 16:18:42,517 : INFO : SwitchController : <<<<<<< 's_trough_4' active >>>>>>>
2026-03-02 16:18:42,517 : INFO : EventManager : Event: ======'machine_var_audits_switches_s_trough_4'====== Args={'value': 36, 'prev_value': 35, 'change': 1}
2026-03-02 16:18:42,518 : INFO : SwitchController : <<<<<<< 's_trough_5' active >>>>>>>
2026-03-02 16:18:42,518 : INFO : EventManager : Event: ======'machine_var_audits_switches_s_trough_5'====== Args={'value': 39, 'prev_value': 38, 'change': 1}
2026-03-02 16:18:42,932 : INFO : ball_device.bd_plunger : Received ball from <ball_device.bd_trough>
2026-03-02 16:18:42,933 : INFO : EventManager : Event: ======'balldevice_bd_plunger_ball_enter'====== Args={'new_balls': 1, 'unclaimed_balls': 0, 'new_available_balls': 0, 'device': <ball_device.bd_plunger>}
2026-03-02 16:18:42,933 : INFO : EventManager : Event: ======'balldevice_bd_plunger_ball_entered'====== Args={'new_balls': 0, 'device': <ball_device.bd_plunger>}
2026-03-02 16:18:42,933 : INFO : EventManager : Event: ======'balldevice_bd_plunger_ball_count_changed'====== Args={'balls': 1}
2026-03-02 16:18:42,934 : INFO : ball_device.bd_trough : Got eject confirm
2026-03-02 16:18:42,934 : INFO : ball_device.bd_trough : Eject successful
2026-03-02 16:18:42,934 : INFO : EventManager : Event: ======'balldevice_bd_trough_ball_eject_success'====== Args={'balls': 1, 'target': <ball_device.bd_plunger>}
2026-03-02 16:18:42,934 : INFO : ball_device.bd_plunger : State: waiting_for_target_ready
2026-03-02 16:18:42,934 : INFO : EventManager : Event: ======'balldevice_bd_plunger_ball_eject_attempt'====== Args={'balls': 1, 'target': <playfield.playfield>, 'source': <ball_device.bd_plunger>, 'mechanical_eject': True, 'num_attempts': 0}
2026-03-02 16:18:42,934 : INFO : EventManager : Event: ======'balldevice_bd_trough_ball_count_changed'====== Args={'balls': 5}
2026-03-02 16:18:42,934 : INFO : ball_device.bd_trough : State: idle
2026-03-02 16:18:42,935 : INFO : ball_device.bd_plunger : State: ejecting
2026-03-02 16:18:42,935 : INFO : ball_device.bd_plunger : Ejecting ball to <playfield.playfield>
2026-03-02 16:18:42,935 : INFO : EventManager : Event: ======'balldevice_bd_plunger_ejecting_ball'====== Args={'balls': 1, 'target': <playfield.playfield>, 'source': <ball_device.bd_plunger>, 'mechanical_eject': True, 'num_attempts': 0}
2026-03-02 16:18:42,935 : INFO : ball_device.bd_plunger : Wait for ball to leave device
2026-03-02 16:18:43,340 : INFO : SwitchController : <<<<<<< 's_plunger' inactive >>>>>>>
2026-03-02 16:18:43,341 : INFO : ball_device.bd_plunger : State: ball_left
2026-03-02 16:18:43,342 : INFO : ball_device.bd_plunger : Ball left
2026-03-02 16:18:43,342 : INFO : ball_device.bd_plunger : Wait for confirm with timeout 5.0
2026-03-02 16:18:43,858 : INFO : SwitchController : <<<<<<< 's_trough_6' active >>>>>>>
2026-03-02 16:18:43,858 : INFO : EventManager : Event: ======'machine_var_audits_switches_s_trough_6'====== Args={'value': 43, 'prev_value': 42, 'change': 1}
2026-03-02 16:18:43,868 : INFO : SwitchController : <<<<<<< 's_trough_6' inactive >>>>>>>
2026-03-02 16:18:44,230 : INFO : SwitchController : <<<<<<< 's_trough_6' active >>>>>>>
2026-03-02 16:18:44,230 : INFO : EventManager : Event: ======'machine_var_audits_switches_s_trough_6'====== Args={'value': 44, 'prev_value': 43, 'change': 1}
2026-03-02 16:18:44,732 : INFO : EventManager : Event: ======'balldevice_bd_trough_ball_count_changed'====== Args={'balls': 6}
2026-03-02 16:18:44,732 : INFO : ball_device.bd_trough : Received unexpected ball
2026-03-02 16:18:44,732 : INFO : EventManager : Event: ======'balldevice_captured_from_playfield'====== Args={'balls': 1}
2026-03-02 16:18:44,732 : INFO : EventManager : Event: ======'sw_playfield_active'====== Args={'balls': 1}
2026-03-02 16:18:44,732 : INFO : EventManager : Event: ======'playfield_active'====== Args={'source': None}
2026-03-02 16:18:44,732 : INFO : EventManager : Event: ======'playfield_ball_count_change'====== Args={'balls': -1, 'change': -1}
2026-03-02 16:18:44,733 : INFO : EventManager : Event: ======'balldevice_bd_trough_ball_enter'====== Args={'new_balls': 1, 'unclaimed_balls': 1, 'new_available_balls': 1, 'device': <ball_device.bd_trough>}
2026-03-02 16:18:44,733 : INFO : EventManager : Event: ======'ball_drain'====== Args={'device': <ball_device.bd_trough>, 'balls': 1}
2026-03-02 16:18:44,733 : INFO : ball_device.bd_plunger : Got eject confirm
2026-03-02 16:18:44,733 : INFO : ball_device.bd_plunger : Eject successful
2026-03-02 16:18:44,733 : INFO : EventManager : Event: ======'balldevice_bd_plunger_ball_eject_success'====== Args={'balls': 1, 'target': <playfield.playfield>}
2026-03-02 16:18:44,734 : INFO : EventManager : Event: ======'balldevice_playfield_ball_enter'====== Args={'new_balls': 1, 'unclaimed_balls': 1, 'device': <playfield.playfield>}
2026-03-02 16:18:44,734 : INFO : EventManager : Event: ======'playfield_ball_count_change'====== Args={'balls': 0, 'change': 1}
2026-03-02 16:18:44,734 : INFO : EventManager : Event: ======'ball_will_end'====== Args={}
2026-03-02 16:18:44,734 : INFO : EventManager : Event: ======'balldevice_balls_available'====== Args={}
2026-03-02 16:18:44,734 : INFO : EventManager : Event: ======'balldevice_bd_trough_ball_entered'====== Args={'new_balls': 1, 'device': <ball_device.bd_trough>}
2026-03-02 16:18:44,734 : INFO : EventManager : Event: ======'mode_base_will_stop'====== Args={}
2026-03-02 16:18:44,734 : INFO : EventManager : Event: ======'mode_base_stopping'====== Args={}
2026-03-02 16:18:44,735 : INFO : EventManager : Event: ======'stop_mode_bumpers'====== Args={'priority': 0}
2026-03-02 16:18:44,735 : INFO : EventManager : Event: ======'mode_bumpers_will_stop'====== Args={}
2026-03-02 16:18:44,735 : INFO : EventManager : Event: ======'mode_bumpers_stopping'====== Args={}
2026-03-02 16:18:44,735 : INFO : Mode.base : Stopped.
2026-03-02 16:18:44,735 : INFO : EventManager : Event: ======'modes_active_modes_changed'====== Args={}
2026-03-02 16:18:44,735 : INFO : EventManager : Event: ======'mode_base_stopped'====== Args={}
2026-03-02 16:18:44,735 : INFO : EventManager : Event: ======'clear'====== Args={'key': 'base'}
2026-03-02 16:18:44,736 : INFO : Mode.bumpers : Stopped.
2026-03-02 16:18:44,736 : INFO : EventManager : Event: ======'modes_active_modes_changed'====== Args={}
2026-03-02 16:18:44,736 : INFO : EventManager : Event: ======'mode_bumpers_stopped'====== Args={}
2026-03-02 16:18:44,736 : INFO : EventManager : Event: ======'clear'====== Args={'key': 'bumpers'}
2026-03-02 16:18:44,736 : INFO : EventManager : Event: ======'balldevice_bd_plunger_ball_count_changed'====== Args={'balls': 0}
2026-03-02 16:18:44,737 : INFO : ball_device.bd_plunger : State: idle
2026-03-02 16:18:44,737 : INFO : EventManager : Event: ======'ball_ending'====== Args={}
2026-03-02 16:18:44,738 : INFO : EventManager : Event: ======'ball_ended'====== Args={}
2026-03-02 16:18:44,739 : INFO : EventManager : Event: ======'player_turn_will_end'====== Args={'player': <Player 1>, 'number': 1}
2026-03-02 16:18:44,739 : INFO : EventManager : Event: ======'player_turn_ending'====== Args={'player': <Player 1>, 'number': 1}
2026-03-02 16:18:44,740 : INFO : EventManager : Event: ======'player_turn_ended'====== Args={'player': <Player 1>, 'number': 1}
2026-03-02 16:18:44,741 : INFO : EventManager : Event: ======'player_turn_will_start'====== Args={'player': <Player 2>, 'number': 2}
2026-03-02 16:18:44,742 : INFO : EventManager : Event: ======'player_turn_starting'====== Args={'player': <Player 2>, 'number': 2}
2026-03-02 16:18:44,743 : INFO : EventManager : Event: ======'player_ball'====== Args={'value': 3, 'prev_value': 2, 'change': 1, 'player_num': 2}
2026-03-02 16:18:44,744 : INFO : EventManager : Event: ======'player_turn_started'====== Args={'player': <Player 2>, 'number': 2}
2026-03-02 16:18:44,745 : INFO : EventManager : Event: ======'ball_will_start'====== Args={'player': 2, 'ball': 3, 'balls_remaining': 0, 'is_extra_ball': False}
2026-03-02 16:18:44,751 : INFO : EventManager : Event: ======'ball_starting'====== Args={'player': 2, 'ball': 3, 'balls_remaining': 0, 'is_extra_ball': False}
2026-03-02 16:18:44,751 : INFO : EventManager : Event: ======'mode_base_will_start'====== Args={'queue': <QueuedEvent>, 'player': 2, 'ball': 3, 'balls_remaining': 0, 'is_extra_ball': False}
2026-03-02 16:18:44,752 : INFO : EventManager : Event: ======'mode_base_starting'====== Args={'queue': <QueuedEvent>, 'player': 2, 'ball': 3, 'balls_remaining': 0, 'is_extra_ball': False}
2026-03-02 16:18:44,753 : INFO : Mode.base : Started. Priority: 100
2026-03-02 16:18:44,753 : INFO : EventManager : Event: ======'modes_active_modes_changed'====== Args={}
2026-03-02 16:18:44,753 : INFO : EventManager : Event: ======'mode_base_started'====== Args={'queue': <QueuedEvent>, 'player': 2, 'ball': 3, 'balls_remaining': 0, 'is_extra_ball': False}
2026-03-02 16:18:44,753 : INFO : EventManager : Event: ======'start_mode_bumpers'====== Args={'priority': 0}
2026-03-02 16:18:44,754 : INFO : EventManager : Event: ======'mode_bumpers_will_start'====== Args={'priority': 0}
2026-03-02 16:18:44,755 : INFO : EventManager : Event: ======'mode_bumpers_starting'====== Args={'priority': 0}
2026-03-02 16:18:44,756 : INFO : Mode.bumpers : Started. Priority: 200
2026-03-02 16:18:44,756 : INFO : EventManager : Event: ======'modes_active_modes_changed'====== Args={}
2026-03-02 16:18:44,756 : INFO : EventManager : Event: ======'mode_bumpers_started'====== Args={'priority': 0}
2026-03-02 16:18:44,756 : INFO : EventManager : Event: ======'balls_in_play'====== Args={'balls': 1}
2026-03-02 16:18:44,756 : INFO : EventManager : Event: ======'ball_started'====== Args={'player': 2, 'ball': 3, 'balls_remaining': 0, 'is_extra_ball': False}
2026-03-02 16:18:44,757 : INFO : EventManager : Event: ======'multi_player_ball_started'====== Args={}
2026-03-02 16:18:44,758 : INFO : EventManager : Event: ======'player_2_ball_started'====== Args={}
2026-03-02 16:18:44,758 : INFO : EventManager : Event: ======'ball_start_target'====== Args={'target': 'playfield'}
2026-03-02 16:18:44,759 : INFO : ball_device.bd_plunger : Setting up player-controlled eject. Balls: 1, Target: <playfield.playfield>, player_controlled_eject_event: None
2026-03-02 16:18:44,759 : INFO : EventManager : Event: ======'balldevice_balls_available'====== Args={}
2026-03-02 16:18:44,760 : INFO : ball_device.bd_trough : State: waiting_for_target_ready
2026-03-02 16:18:44,760 : INFO : EventManager : Event: ======'balldevice_bd_trough_ball_eject_attempt'====== Args={'balls': 1, 'target': <ball_device.bd_plunger>, 'source': <ball_device.bd_trough>, 'mechanical_eject': True, 'num_attempts': 0}
2026-03-02 16:18:44,760 : INFO : ball_device.bd_plunger : State: waiting_for_ball
2026-03-02 16:18:44,760 : INFO : ball_device.bd_trough : State: ejecting
2026-03-02 16:18:44,761 : INFO : ball_device.bd_trough : Ejecting ball to <ball_device.bd_plunger>
2026-03-02 16:18:44,761 : INFO : EventManager : Event: ======'balldevice_bd_trough_ejecting_ball'====== Args={'balls': 1, 'target': <ball_device.bd_plunger>, 'source': <ball_device.bd_trough>, 'mechanical_eject': True, 'num_attempts': 0}
2026-03-02 16:18:44,762 : INFO : ball_device.bd_trough : Wait for ball to leave device
2026-03-02 16:18:44,762 : INFO : coil.c_trough_eject : Pulsing Driver for 20ms (1.0 pulse_power)
2026-03-02 16:18:44,789 : INFO : SwitchController : <<<<<<< 's_trough_1' inactive >>>>>>>
2026-03-02 16:18:44,790 : INFO : SwitchController : <<<<<<< 's_trough_7' active >>>>>>>
2026-03-02 16:18:44,790 : INFO : EventManager : Event: ======'machine_var_audits_switches_s_trough_7'====== Args={'value': 26, 'prev_value': 25, 'change': 1}
2026-03-02 16:18:44,791 : INFO : EventManager : Event: ======'slide_base_slide_created'====== Args={'_from_bcp': True}
2026-03-02 16:18:44,791 : INFO : EventManager : Event: ======'slide_base_slide_inactive'====== Args={'is_removing': True, '_from_bcp': True}
2026-03-02 16:18:44,791 : INFO : EventManager : Event: ======'slide_base_slide_active'====== Args={'original_context': 'base', 'original_calling_context': 'mode_base_started', 'priority': 100.0, 'queue': '<QueuedEvent>', 'player': 2.0, 'ball': 3.0, 'balls_remaining': 0.0, 'is_extra_ball': False, 'cmd': 'slides_play', '_from_bcp': True}
2026-03-02 16:18:44,791 : INFO : EventManager : Event: ======'slide_base_slide_removed'====== Args={'_from_bcp': True}
2026-03-02 16:18:44,792 : INFO : ball_device.bd_trough : State: ball_left
2026-03-02 16:18:44,792 : INFO : ball_device.bd_trough : Ball left
2026-03-02 16:18:44,792 : INFO : ball_device.bd_trough : Wait for confirm with timeout 3.0
2026-03-02 16:18:44,804 : INFO : SwitchController : <<<<<<< 's_trough_7' inactive >>>>>>>
2026-03-02 16:18:44,849 : INFO : SwitchController : <<<<<<< 's_inlane_right_1' inactive >>>>>>>
2026-03-02 16:18:44,853 : INFO : SwitchController : <<<<<<< 's_inlane_right_1' active >>>>>>>
2026-03-02 16:18:44,853 : INFO : EventManager : Event: ======'sw_playfield_active'====== Args={}
2026-03-02 16:18:44,853 : INFO : EventManager : Event: ======'machine_var_audits_switches_s_inlane_right_1'====== Args={'value': 331, 'prev_value': 330, 'change': 1}
2026-03-02 16:18:44,854 : INFO : EventManager : Event: ======'playfield_active'====== Args={'source': None}
2026-03-02 16:18:44,854 : INFO : EventManager : Event: ======'unexpected_ball_on_playfield'====== Args={}
2026-03-02 16:18:44,909 : INFO : SwitchController : <<<<<<< 's_plunger' active >>>>>>>
2026-03-02 16:18:44,909 : INFO : EventManager : Event: ======'machine_var_audits_switches_s_plunger'====== Args={'value': 34, 'prev_value': 33, 'change': 1}
2026-03-02 16:18:45,010 : INFO : SwitchController : <<<<<<< 's_trough_2' inactive >>>>>>>
2026-03-02 16:18:45,011 : INFO : SwitchController : <<<<<<< 's_trough_3' inactive >>>>>>>
2026-03-02 16:18:45,011 : INFO : SwitchController : <<<<<<< 's_trough_4' inactive >>>>>>>
2026-03-02 16:18:45,016 : INFO : SwitchController : <<<<<<< 's_trough_5' inactive >>>>>>>
2026-03-02 16:18:45,026 : INFO : SwitchController : <<<<<<< 's_trough_6' inactive >>>>>>>
2026-03-02 16:18:45,027 : INFO : SwitchController : <<<<<<< 's_trough_1' active >>>>>>>
2026-03-02 16:18:45,027 : INFO : EventManager : Event: ======'machine_var_audits_switches_s_trough_1'====== Args={'value': 23, 'prev_value': 22, 'change': 1}
2026-03-02 16:18:45,032 : INFO : SwitchController : <<<<<<< 's_trough_2' active >>>>>>>
2026-03-02 16:18:45,032 : INFO : EventManager : Event: ======'machine_var_audits_switches_s_trough_2'====== Args={'value': 33, 'prev_value': 32, 'change': 1}
2026-03-02 16:18:45,033 : INFO : SwitchController : <<<<<<< 's_trough_3' active >>>>>>>
2026-03-02 16:18:45,033 : INFO : EventManager : Event: ======'machine_var_audits_switches_s_trough_3'====== Args={'value': 38, 'prev_value': 37, 'change': 1}
2026-03-02 16:18:45,042 : INFO : SwitchController : <<<<<<< 's_trough_4' active >>>>>>>
2026-03-02 16:18:45,042 : INFO : EventManager : Event: ======'machine_var_audits_switches_s_trough_4'====== Args={'value': 37, 'prev_value': 36, 'change': 1}
2026-03-02 16:18:45,046 : INFO : SwitchController : <<<<<<< 's_trough_5' active >>>>>>>
2026-03-02 16:18:45,046 : INFO : EventManager : Event: ======'machine_var_audits_switches_s_trough_5'====== Args={'value': 40, 'prev_value': 39, 'change': 1}
2026-03-02 16:18:45,410 : INFO : ball_device.bd_plunger : Received ball from <ball_device.bd_trough>
2026-03-02 16:18:45,410 : INFO : EventManager : Event: ======'balldevice_bd_plunger_ball_enter'====== Args={'new_balls': 1, 'unclaimed_balls': 0, 'new_available_balls': 0, 'device': <ball_device.bd_plunger>}
2026-03-02 16:18:45,411 : INFO : EventManager : Event: ======'balldevice_bd_plunger_ball_entered'====== Args={'new_balls': 0, 'device': <ball_device.bd_plunger>}
2026-03-02 16:18:45,411 : INFO : EventManager : Event: ======'balldevice_bd_plunger_ball_count_changed'====== Args={'balls': 1}
2026-03-02 16:18:45,411 : INFO : ball_device.bd_trough : Got eject confirm
2026-03-02 16:18:45,411 : INFO : ball_device.bd_trough : Eject successful
2026-03-02 16:18:45,411 : INFO : EventManager : Event: ======'balldevice_bd_trough_ball_eject_success'====== Args={'balls': 1, 'target': <ball_device.bd_plunger>}
2026-03-02 16:18:45,411 : INFO : ball_device.bd_plunger : State: waiting_for_target_ready
2026-03-02 16:18:45,412 : INFO : EventManager : Event: ======'balldevice_bd_plunger_ball_eject_attempt'====== Args={'balls': 1, 'target': <playfield.playfield>, 'source': <ball_device.bd_plunger>, 'mechanical_eject': True, 'num_attempts': 0}
2026-03-02 16:18:45,412 : INFO : EventManager : Event: ======'balldevice_bd_trough_ball_count_changed'====== Args={'balls': 5}
2026-03-02 16:18:45,412 : INFO : ball_device.bd_trough : State: idle
2026-03-02 16:18:45,412 : INFO : ball_device.bd_plunger : State: ejecting
2026-03-02 16:18:45,412 : INFO : ball_device.bd_plunger : Ejecting ball to <playfield.playfield>
2026-03-02 16:18:45,412 : INFO : EventManager : Event: ======'balldevice_bd_plunger_ejecting_ball'====== Args={'balls': 1, 'target': <playfield.playfield>, 'source': <ball_device.bd_plunger>, 'mechanical_eject': True, 'num_attempts': 0}
2026-03-02 16:18:45,413 : INFO : ball_device.bd_plunger : Wait for ball to leave device
2026-03-02 16:18:45,536 : INFO : SwitchController : <<<<<<< 's_plunger' inactive >>>>>>>
2026-03-02 16:18:45,536 : INFO : ball_device.bd_plunger : State: ball_left
2026-03-02 16:18:45,536 : INFO : ball_device.bd_plunger : Ball left
2026-03-02 16:18:45,537 : INFO : ball_device.bd_plunger : Wait for confirm with timeout 5.0
2026-03-02 16:18:46,108 : INFO : SwitchController : <<<<<<< 's_trough_6' active >>>>>>>
2026-03-02 16:18:46,108 : INFO : EventManager : Event: ======'machine_var_audits_switches_s_trough_6'====== Args={'value': 45, 'prev_value': 44, 'change': 1}
2026-03-02 16:18:46,609 : INFO : EventManager : Event: ======'balldevice_bd_trough_ball_count_changed'====== Args={'balls': 6}
2026-03-02 16:18:46,609 : INFO : ball_device.bd_trough : Received unexpected ball
2026-03-02 16:18:46,610 : INFO : EventManager : Event: ======'balldevice_captured_from_playfield'====== Args={'balls': 1}
2026-03-02 16:18:46,610 : INFO : EventManager : Event: ======'sw_playfield_active'====== Args={'balls': 1}
2026-03-02 16:18:46,610 : INFO : EventManager : Event: ======'playfield_active'====== Args={'source': None}
2026-03-02 16:18:46,610 : INFO : EventManager : Event: ======'playfield_ball_count_change'====== Args={'balls': -1, 'change': -1}
2026-03-02 16:18:46,610 : INFO : EventManager : Event: ======'balldevice_bd_trough_ball_enter'====== Args={'new_balls': 1, 'unclaimed_balls': 1, 'new_available_balls': 1, 'device': <ball_device.bd_trough>}
2026-03-02 16:18:46,611 : INFO : EventManager : Event: ======'ball_drain'====== Args={'device': <ball_device.bd_trough>, 'balls': 1}
2026-03-02 16:18:46,611 : INFO : ball_device.bd_plunger : Got eject confirm
2026-03-02 16:18:46,611 : INFO : ball_device.bd_plunger : Eject successful
2026-03-02 16:18:46,611 : INFO : EventManager : Event: ======'balldevice_bd_plunger_ball_eject_success'====== Args={'balls': 1, 'target': <playfield.playfield>}
2026-03-02 16:18:46,611 : INFO : EventManager : Event: ======'balldevice_playfield_ball_enter'====== Args={'new_balls': 1, 'unclaimed_balls': 1, 'device': <playfield.playfield>}
2026-03-02 16:18:46,611 : INFO : EventManager : Event: ======'playfield_ball_count_change'====== Args={'balls': 0, 'change': 1}
2026-03-02 16:18:46,611 : INFO : EventManager : Event: ======'ball_will_end'====== Args={}
2026-03-02 16:18:46,611 : INFO : EventManager : Event: ======'balldevice_balls_available'====== Args={}
2026-03-02 16:18:46,612 : INFO : EventManager : Event: ======'balldevice_bd_trough_ball_entered'====== Args={'new_balls': 1, 'device': <ball_device.bd_trough>}
2026-03-02 16:18:46,612 : INFO : EventManager : Event: ======'mode_base_will_stop'====== Args={}
2026-03-02 16:18:46,612 : INFO : EventManager : Event: ======'mode_base_stopping'====== Args={}
2026-03-02 16:18:46,612 : INFO : EventManager : Event: ======'stop_mode_bumpers'====== Args={'priority': 0}
2026-03-02 16:18:46,612 : INFO : EventManager : Event: ======'mode_bumpers_will_stop'====== Args={}
2026-03-02 16:18:46,612 : INFO : EventManager : Event: ======'mode_bumpers_stopping'====== Args={}
2026-03-02 16:18:46,613 : INFO : Mode.base : Stopped.
2026-03-02 16:18:46,613 : INFO : EventManager : Event: ======'modes_active_modes_changed'====== Args={}
2026-03-02 16:18:46,613 : INFO : EventManager : Event: ======'mode_base_stopped'====== Args={}
2026-03-02 16:18:46,613 : INFO : EventManager : Event: ======'clear'====== Args={'key': 'base'}
2026-03-02 16:18:46,613 : INFO : Mode.bumpers : Stopped.
2026-03-02 16:18:46,614 : INFO : EventManager : Event: ======'modes_active_modes_changed'====== Args={}
2026-03-02 16:18:46,614 : INFO : EventManager : Event: ======'mode_bumpers_stopped'====== Args={}
2026-03-02 16:18:46,614 : INFO : EventManager : Event: ======'clear'====== Args={'key': 'bumpers'}
2026-03-02 16:18:46,614 : INFO : EventManager : Event: ======'balldevice_bd_plunger_ball_count_changed'====== Args={'balls': 0}
2026-03-02 16:18:46,614 : INFO : ball_device.bd_plunger : State: idle
2026-03-02 16:18:46,615 : INFO : EventManager : Event: ======'ball_ending'====== Args={}
2026-03-02 16:18:46,615 : INFO : EventManager : Event: ======'ball_ended'====== Args={}
2026-03-02 16:18:46,617 : INFO : EventManager : Event: ======'player_turn_will_end'====== Args={'player': <Player 2>, 'number': 2}
2026-03-02 16:18:46,617 : INFO : EventManager : Event: ======'player_turn_ending'====== Args={'player': <Player 2>, 'number': 2}
2026-03-02 16:18:46,617 : INFO : EventManager : Event: ======'player_turn_ended'====== Args={'player': <Player 2>, 'number': 2}
2026-03-02 16:18:46,618 : INFO : EventManager : Event: ======'game_will_end'====== Args={}
2026-03-02 16:18:46,618 : INFO : EventManager : Event: ======'game_ending'====== Args={}
2026-03-02 16:18:46,618 : INFO : EventManager : Event: ======'machine_var_player1_score'====== Args={'value': 0, 'prev_value': 1700, 'change': -1700}
2026-03-02 16:18:46,619 : INFO : EventManager : Event: ======'machine_var_player2_score'====== Args={'value': 0, 'prev_value': None, 'change': True}
2026-03-02 16:18:46,621 : INFO : EventManager : Event: ======'game_ended'====== Args={}
2026-03-02 16:18:46,621 : INFO : EventManager : Event: ======'mode_game_will_stop'====== Args={}
2026-03-02 16:18:46,621 : INFO : EventManager : Event: ======'mode_game_stopping'====== Args={}
2026-03-02 16:18:46,621 : INFO : EventManager : Event: ======'mode_attract_will_start'====== Args={}
2026-03-02 16:18:46,622 : INFO : Timer.attract_carousel_timer : Starting Timer.
2026-03-02 16:18:46,622 : INFO : EventManager : Event: ======'timer_attract_carousel_timer_started'====== Args={'ticks': 0, 'ticks_remaining': 1}
2026-03-02 16:18:46,622 : INFO : EventManager : Event: ======'timer_attract_carousel_timer_tick'====== Args={'ticks': 0, 'ticks_remaining': 1}
2026-03-02 16:18:46,622 : INFO : EventManager : Event: ======'mode_attract_starting'====== Args={}
2026-03-02 16:18:46,623 : INFO : Mode.attract : Started. Priority: 10
2026-03-02 16:18:46,623 : INFO : EventManager : Event: ======'modes_active_modes_changed'====== Args={}
2026-03-02 16:18:46,623 : INFO : EventManager : Event: ======'mode_attract_started'====== Args={}
2026-03-02 16:18:46,623 : INFO : EventManager : Event: ======'collecting_balls_complete'====== Args={}
2026-03-02 16:18:46,624 : INFO : EventManager : Event: ======'carousel_item_highlighted'====== Args={'carousel': 'attract', 'direction': None, 'item': 'title'}
2026-03-02 16:18:46,624 : INFO : EventManager : Event: ======'timer_attract_carousel_timer_tick'====== Args={'ticks': 0, 'ticks_remaining': 1}
2026-03-02 16:18:46,624 : INFO : Mode.game : Stopped.
2026-03-02 16:18:46,624 : INFO : EventManager : Event: ======'modes_active_modes_changed'====== Args={}
2026-03-02 16:18:46,625 : INFO : EventManager : Event: ======'mode_game_stopped'====== Args={}
2026-03-02 16:18:46,625 : INFO : EventManager : Event: ======'clear'====== Args={'key': 'game'}
2026-03-02 16:18:46,709 : INFO : EventManager : Event: ======'slide_attract_created'====== Args={'_from_bcp': True}
2026-03-02 16:18:46,710 : INFO : EventManager : Event: ======'slide_base_slide_inactive'====== Args={'is_removing': True, '_from_bcp': True}
2026-03-02 16:18:46,710 : INFO : EventManager : Event: ======'slide_attract_active'====== Args={'original_context': 'attract', 'original_calling_context': 'mode_attract_started', 'priority': 10.0, 'cmd': 'slides_play', '_from_bcp': True}
2026-03-02 16:18:46,711 : INFO : EventManager : Event: ======'slide_base_slide_removed'====== Args={'_from_bcp': True}
2026-03-02 16:18:51,624 : INFO : Timer.attract_carousel_timer : Timer Complete
2026-03-02 16:18:51,624 : INFO : Timer.attract_carousel_timer : Stopping Timer
2026-03-02 16:18:51,625 : INFO : EventManager : Event: ======'timer_attract_carousel_timer_stopped'====== Args={'ticks': 1, 'ticks_remaining': 1}
2026-03-02 16:18:51,625 : INFO : EventManager : Event: ======'timer_attract_carousel_timer_complete'====== Args={'ticks': 1, 'ticks_remaining': 1}
2026-03-02 16:18:51,625 : INFO : EventManager : Event: ======'carousel_item_highlighted'====== Args={'carousel': 'attract', 'direction': 'forwards', 'item': 'credits'}
2026-03-02 16:18:51,625 : INFO : Timer.attract_carousel_timer : Starting Timer.
2026-03-02 16:18:51,626 : INFO : EventManager : Event: ======'timer_attract_carousel_timer_started'====== Args={'ticks': 0, 'ticks_remaining': 1}
2026-03-02 16:18:51,626 : INFO : EventManager : Event: ======'timer_attract_carousel_timer_tick'====== Args={'ticks': 0, 'ticks_remaining': 1}
2026-03-02 16:18:56,627 : INFO : Timer.attract_carousel_timer : Timer Complete
2026-03-02 16:18:56,627 : INFO : Timer.attract_carousel_timer : Stopping Timer
2026-03-02 16:18:56,628 : INFO : EventManager : Event: ======'timer_attract_carousel_timer_stopped'====== Args={'ticks': 1, 'ticks_remaining': 1}
2026-03-02 16:18:56,628 : INFO : EventManager : Event: ======'timer_attract_carousel_timer_complete'====== Args={'ticks': 1, 'ticks_remaining': 1}
2026-03-02 16:18:56,629 : INFO : EventManager : Event: ======'carousel_item_highlighted'====== Args={'carousel': 'attract', 'direction': 'forwards', 'item': 'logo'}
2026-03-02 16:18:56,630 : INFO : Timer.attract_carousel_timer : Starting Timer.
2026-03-02 16:18:56,630 : INFO : EventManager : Event: ======'timer_attract_carousel_timer_started'====== Args={'ticks': 0, 'ticks_remaining': 1}
2026-03-02 16:18:56,630 : INFO : EventManager : Event: ======'timer_attract_carousel_timer_tick'====== Args={'ticks': 0, 'ticks_remaining': 1}
2026-03-02 16:18:57,816 : INFO : Machine : Shutting down...
2026-03-02 16:18:57,816 : INFO : EventManager : Event: ======'shutdown'====== Args={}
2026-03-02 16:18:57,929 : INFO : root : MPF run loop ended.
