2026-03-02 12:22:46,653 : INFO : root : Loading config.
2026-03-02 12:22:47,023 : INFO : ConfigProcessor : Config spec file cache created: /var/folders/1s/015t8n3n70gcr2ch4xflj4yr0000gn/T/config_spec.mpf_cache
2026-03-02 12:22:47,024 : INFO : YamlMultifileConfigLoader : Machine config file #1: config.yaml
2026-03-02 12:22:47,024 : WARNING : ConfigProcessor : Config file in cache changed: /Users/pinball/NapoleonDynamite/config/config.yaml
2026-03-02 12:22:47,025 : INFO : ConfigProcessor : Loading config from file /Users/pinball/mpf/lib/python3.14/site-packages/mpf/mpfconfig.yaml.
2026-03-02 12:22:47,107 : INFO : ConfigProcessor : Loading config: /Users/pinball/mpf/lib/python3.14/site-packages/mpf/mpfconfig.yaml
2026-03-02 12:22:47,107 : INFO : ConfigProcessor : Loading config from file /Users/pinball/NapoleonDynamite/config/config.yaml.
2026-03-02 12:22:47,121 : INFO : ConfigProcessor : Loading config: /Users/pinball/NapoleonDynamite/config/config.yaml
2026-03-02 12:22:47,130 : INFO : ConfigProcessor : Loading config: /Users/pinball/NapoleonDynamite/config/config_ball_devices.yaml
2026-03-02 12:22:47,136 : INFO : ConfigProcessor : Loading config: /Users/pinball/NapoleonDynamite/config/config_coils.yaml
2026-03-02 12:22:47,148 : INFO : ConfigProcessor : Loading config: /Users/pinball/NapoleonDynamite/config/config_switches.yaml
2026-03-02 12:22:47,154 : INFO : ConfigProcessor : Config file cache created: /var/folders/1s/015t8n3n70gcr2ch4xflj4yr0000gn/T/954ddabc670342668a09b03520c7eb79.mpf_cache
2026-03-02 12:22:47,248 : INFO : ConfigProcessor : Loading config from cache: /var/folders/1s/015t8n3n70gcr2ch4xflj4yr0000gn/T/64218df07edc412f774c53ffb33c812d.mpf_cache
2026-03-02 12:22:47,249 : INFO : ConfigProcessor : Loading config from cache: /var/folders/1s/015t8n3n70gcr2ch4xflj4yr0000gn/T/767518d75df2d86a4d35c1fb94c70abd.mpf_cache
2026-03-02 12:22:47,250 : INFO : ConfigProcessor : Loading config from cache: /var/folders/1s/015t8n3n70gcr2ch4xflj4yr0000gn/T/64218df07edc412f774c53ffb33c812d.mpf_cache
2026-03-02 12:22:47,250 : WARNING : ConfigProcessor : Config file in cache changed: /Users/pinball/NapoleonDynamite/modes/base/config/base.yaml
2026-03-02 12:22:47,250 : INFO : ConfigProcessor : Loading config from file /Users/pinball/NapoleonDynamite/modes/base/config/base.yaml.
2026-03-02 12:22:47,253 : INFO : ConfigProcessor : Loading config: /Users/pinball/NapoleonDynamite/modes/base/config/base.yaml
2026-03-02 12:22:47,254 : INFO : ConfigProcessor : Config file cache created: /var/folders/1s/015t8n3n70gcr2ch4xflj4yr0000gn/T/73548cb541cc3751ae5711fe0817282a.mpf_cache
2026-03-02 12:22:47,254 : WARNING : ConfigProcessor : Config file in cache changed: /Users/pinball/NapoleonDynamite/modes/bumpers/config/bumpers.yaml
2026-03-02 12:22:47,254 : INFO : ConfigProcessor : Loading config from file /Users/pinball/NapoleonDynamite/modes/bumpers/config/bumpers.yaml.
2026-03-02 12:22:47,258 : INFO : ConfigProcessor : Loading config: /Users/pinball/NapoleonDynamite/modes/bumpers/config/bumpers.yaml
2026-03-02 12:22:47,258 : INFO : ConfigProcessor : Config file cache created: /var/folders/1s/015t8n3n70gcr2ch4xflj4yr0000gn/T/57f006170cd447d443f971cd8b826597.mpf_cache
2026-03-02 12:22:47,259 : INFO : Machine : Mission Pinball Framework Core Engine v0.80.0.dev13
2026-03-02 12:22:47,259 : INFO : Machine : Command line arguments: {'no_load_cache': False, 'create_config_cache': True, 'bcp': True, 'configfile': ['config.yaml'], 'force_assets_load': False, 'platform_integration_test': False, 'jsonlogging': False, 'logfile': 'logs/2026-03-02-12-22-46-mpf-ANDREs-Mac-mini.local.log', 'pause': False, 'production': False, 'text_ui': True, 'loglevel': 15, 'consoleloglevel': 20, 'force_platform': None, 'syslog_address': None, 'full_logfile_path': '/Users/pinball/NapoleonDynamite/logs/2026-03-02-12-22-46-mpf-ANDREs-Mac-mini.local.log'}
2026-03-02 12:22:47,259 : INFO : Machine : MPF path: /Users/pinball/mpf/lib/python3.14/site-packages/mpf
2026-03-02 12:22:47,259 : INFO : Machine : Machine path: /Users/pinball/NapoleonDynamite
2026-03-02 12:22:47,259 : INFO : Machine : Platform: darwin
2026-03-02 12:22:47,259 : INFO : Machine : Python executable location: /Users/pinball/mpf/bin/python3.14
2026-03-02 12:22:47,259 : INFO : Machine : Python version: 3.14.3 (64-bit)
2026-03-02 12:22:47,261 : INFO : Machine : Initializing MPF...
2026-03-02 12:22:47,415 : INFO : FAST : Auto-detecting ports for the following connections: ['net', 'exp']
2026-03-02 12:22:47,440 : INFO : FAST : Detected NET on port /dev/cu.usbmodem14101
2026-03-02 12:22:47,449 : INFO : FAST : Detected EXP on port /dev/cu.usbmodem14103
2026-03-02 12:22:47,557 : INFO : FAST [NET] : Trying to connect to /dev/cu.usbmodem14101 at 921600bps
2026-03-02 12:22:47,562 : INFO : FAST [NET] : Connected to /dev/cu.usbmodem14101 at 921600bps
2026-03-02 12:22:47,564 : INFO : FAST [NET] : Connected to FP-CPU-2000 with firmware v02.26
2026-03-02 12:22:47,566 : INFO : FAST [NET] : Registered I/O Board 0: Model: FP-I/O-0024, Firmware: 01.10, Switches: 24, Drivers: 8
2026-03-02 12:22:47,568 : INFO : FAST [NET] : Registered I/O Board 1: Model: FP-I/O-3208, Firmware: 01.10, Switches: 32, Drivers: 8
2026-03-02 12:22:47,569 : INFO : FAST [NET] : Registered I/O Board 2: Model: FP-I/O-0804, Firmware: 01.10, Switches: 8, Drivers: 4
2026-03-02 12:22:47,575 : INFO : FAST [EXP] : Trying to connect to /dev/cu.usbmodem14103 at 921600bps
2026-03-02 12:22:47,580 : INFO : FAST [EXP] : Connected to /dev/cu.usbmodem14103 at 921600bps
2026-03-02 12:22:47,582 : INFO : FAST [EXP] : Verifying hardware for EXP "neuron" (FP-EXP-2000, @48) with ID string "EXP FP-EXP-2000  0.34", board address 48
2026-03-02 12:22:47,583 : INFO : FAST [EXP] : Verifying hardware for EXP "neuron" (FP-EXP-2000, @48) with ID string "LED FP-BRK-0001  0.8", board address 480
2026-03-02 12:22:47,584 : INFO : EventManager : Event: ======'machine_var_credits_string'====== Args={'value': 'FREE PLAY', 'prev_value': None, 'change': True}
2026-03-02 12:22:47,609 : INFO : EventManager : Event: ======'machine_var_master_volume'====== Args={'value': 0.5, 'prev_value': None, 'change': True}
2026-03-02 12:22:47,609 : INFO : EventManager : Event: ======'machine_var_mpf_version'====== Args={'value': 'Mission Pinball Framework v0.80.0.dev13', 'prev_value': None, 'change': True}
2026-03-02 12:22:47,609 : INFO : EventManager : Event: ======'machine_var_mpf_extended_version'====== Args={'value': 'Mission Pinball Framework v0.80.0.dev13, Config version:6, Show version: 6, BCP version:1.1', 'prev_value': None, 'change': True}
2026-03-02 12:22:47,610 : INFO : EventManager : Event: ======'machine_var_python_version'====== Args={'value': '3.14.3', 'prev_value': None, 'change': True}
2026-03-02 12:22:47,648 : INFO : EventManager : Event: ======'machine_var_platform'====== Args={'value': 'macOS-14.8.4-x86_64-i386-64bit-Mach-O', 'prev_value': None, 'change': True}
2026-03-02 12:22:47,649 : INFO : EventManager : Event: ======'machine_var_platform_system'====== Args={'value': 'Darwin', 'prev_value': None, 'change': True}
2026-03-02 12:22:47,649 : INFO : EventManager : Event: ======'machine_var_platform_release'====== Args={'value': '23.6.0', 'prev_value': None, 'change': True}
2026-03-02 12:22:47,649 : INFO : EventManager : Event: ======'machine_var_platform_version'====== Args={'value': 'Darwin Kernel Version 23.6.0: Mon Jan 19 22:02:22 PST 2026; root:xnu-10063.141.1.710.3~1/RELEASE_X86_64', 'prev_value': None, 'change': True}
2026-03-02 12:22:47,649 : INFO : EventManager : Event: ======'machine_var_platform_machine'====== Args={'value': 'x86_64', 'prev_value': None, 'change': True}
2026-03-02 12:22:47,649 : INFO : EventManager : Event: ======'machine_var_log_file_path'====== Args={'value': '/Users/pinball/NapoleonDynamite/logs/2026-03-02-12-22-46-mpf-ANDREs-Mac-mini.local.log', 'prev_value': None, 'change': True}
2026-03-02 12:22:47,649 : INFO : EventManager : Event: ======'init_phase_1'====== Args={}
2026-03-02 12:22:47,827 : INFO : SwitchController : <<<<<<< 's_flipper_left_eos' active >>>>>>>
2026-03-02 12:22:47,827 : INFO : SwitchController : <<<<<<< 's_flipper_right_lower_eos' active >>>>>>>
2026-03-02 12:22:47,827 : INFO : SwitchController : <<<<<<< 's_trough_1' active >>>>>>>
2026-03-02 12:22:47,827 : INFO : SwitchController : <<<<<<< 's_trough_2' active >>>>>>>
2026-03-02 12:22:47,827 : INFO : SwitchController : <<<<<<< 's_trough_3' active >>>>>>>
2026-03-02 12:22:47,827 : INFO : SwitchController : <<<<<<< 's_trough_4' active >>>>>>>
2026-03-02 12:22:47,827 : INFO : SwitchController : <<<<<<< 's_trough_5' active >>>>>>>
2026-03-02 12:22:47,827 : INFO : SwitchController : <<<<<<< 's_trough_6' active >>>>>>>
2026-03-02 12:22:47,859 : INFO : EventManager : Event: ======'init_phase_2'====== Args={}
2026-03-02 12:22:47,860 : INFO : SwitchController : Found active switch: (37, [FAST Platform Interface]) <switch.s_flipper_left_eos>
2026-03-02 12:22:47,860 : INFO : SwitchController : Found active switch: (32, [FAST Platform Interface]) <switch.s_flipper_right_lower_eos>
2026-03-02 12:22:47,860 : INFO : SwitchController : Found active switch: (24, [FAST Platform Interface]) <switch.s_trough_1>
2026-03-02 12:22:47,860 : INFO : SwitchController : Found active switch: (25, [FAST Platform Interface]) <switch.s_trough_2>
2026-03-02 12:22:47,860 : INFO : SwitchController : Found active switch: (26, [FAST Platform Interface]) <switch.s_trough_3>
2026-03-02 12:22:47,860 : INFO : SwitchController : Found active switch: (27, [FAST Platform Interface]) <switch.s_trough_4>
2026-03-02 12:22:47,860 : INFO : SwitchController : Found active switch: (28, [FAST Platform Interface]) <switch.s_trough_5>
2026-03-02 12:22:47,860 : INFO : SwitchController : Found active switch: (29, [FAST Platform Interface]) <switch.s_trough_6>
2026-03-02 12:22:47,867 : INFO : EventManager : Event: ======'bcp_connection_attempt'====== Args={'name': 'local_display', 'host': 'localhost', 'port': 5050}
2026-03-02 12:22:47,873 : INFO : BCPClientSocket : Connecting BCP to 'local_display' at localhost:5050...
2026-03-02 12:22:47,885 : INFO : BCPClientSocket : Connected BCP to 'local_display' localhost:5050
2026-03-02 12:22:47,885 : INFO : EventManager : Event: ======'bcp_clients_connected'====== Args={}
2026-03-02 12:22:48,328 : INFO : ball_device.bd_trough : BCH: Initial count: 6
2026-03-02 12:22:48,329 : INFO : ball_device.bd_trough : State: idle
2026-03-02 12:22:48,330 : INFO : ball_device.bd_plunger : BCH: Initial count: 0
2026-03-02 12:22:48,330 : INFO : ball_device.bd_plunger : State: idle
2026-03-02 12:22:48,355 : INFO : EventManager : Event: ======'init_phase_3'====== Args={}
2026-03-02 12:22:48,358 : INFO : EventManager : Event: ======'init_phase_4'====== Args={}
2026-03-02 12:22:48,359 : INFO : BallController : Initial balls found: 6
2026-03-02 12:22:48,360 : INFO : EventManager : Event: ======'machine_var_audits_events_game_ended'====== Args={'value': 0, 'prev_value': None, 'change': True}
2026-03-02 12:22:48,360 : INFO : EventManager : Event: ======'machine_var_audits_events_game_started'====== Args={'value': 2, 'prev_value': None, 'change': True}
2026-03-02 12:22:48,360 : INFO : EventManager : Event: ======'machine_var_audits_missing_switches_s_bumper_lower'====== Args={'value': 2, 'prev_value': None, 'change': True}
2026-03-02 12:22:48,360 : INFO : EventManager : Event: ======'machine_var_audits_missing_switches_s_bumper_upper'====== Args={'value': 2, 'prev_value': None, 'change': True}
2026-03-02 12:22:48,360 : INFO : EventManager : Event: ======'machine_var_audits_missing_switches_s_flipper_left_eos'====== Args={'value': 2, 'prev_value': None, 'change': True}
2026-03-02 12:22:48,361 : INFO : EventManager : Event: ======'machine_var_audits_missing_switches_s_flipper_right_lower_eos'====== Args={'value': 2, 'prev_value': None, 'change': True}
2026-03-02 12:22:48,361 : INFO : EventManager : Event: ======'machine_var_audits_missing_switches_s_flipper_right_upper_eos'====== Args={'value': 2, 'prev_value': None, 'change': True}
2026-03-02 12:22:48,361 : INFO : EventManager : Event: ======'machine_var_audits_missing_switches_s_inlane_left'====== Args={'value': 2, 'prev_value': None, 'change': True}
2026-03-02 12:22:48,361 : INFO : EventManager : Event: ======'machine_var_audits_missing_switches_s_inlane_right_1'====== Args={'value': 2, 'prev_value': None, 'change': True}
2026-03-02 12:22:48,361 : INFO : EventManager : Event: ======'machine_var_audits_missing_switches_s_inlane_right_2'====== Args={'value': 2, 'prev_value': None, 'change': True}
2026-03-02 12:22:48,361 : INFO : EventManager : Event: ======'machine_var_audits_missing_switches_s_sling_left'====== Args={'value': 2, 'prev_value': None, 'change': True}
2026-03-02 12:22:48,361 : INFO : EventManager : Event: ======'machine_var_audits_missing_switches_s_sling_right'====== Args={'value': 2, 'prev_value': None, 'change': True}
2026-03-02 12:22:48,361 : INFO : EventManager : Event: ======'machine_var_audits_player_score'====== Args={'value': {'average': 0, 'top': [], 'total': 0}, 'prev_value': None, 'change': True}
2026-03-02 12:22:48,362 : INFO : EventManager : Event: ======'machine_var_audits_switches_s_bumper_lower'====== Args={'value': 0, 'prev_value': None, 'change': True}
2026-03-02 12:22:48,362 : INFO : EventManager : Event: ======'machine_var_audits_switches_s_bumper_upper'====== Args={'value': 0, 'prev_value': None, 'change': True}
2026-03-02 12:22:48,362 : INFO : EventManager : Event: ======'machine_var_audits_switches_s_flipper_left'====== Args={'value': 11, 'prev_value': None, 'change': True}
2026-03-02 12:22:48,362 : INFO : EventManager : Event: ======'machine_var_audits_switches_s_flipper_left_eos'====== Args={'value': 0, 'prev_value': None, 'change': True}
2026-03-02 12:22:48,362 : INFO : EventManager : Event: ======'machine_var_audits_switches_s_flipper_right_lower'====== Args={'value': 7, 'prev_value': None, 'change': True}
2026-03-02 12:22:48,362 : INFO : EventManager : Event: ======'machine_var_audits_switches_s_flipper_right_lower_eos'====== Args={'value': 0, 'prev_value': None, 'change': True}
2026-03-02 12:22:48,362 : INFO : EventManager : Event: ======'machine_var_audits_switches_s_flipper_right_upper'====== Args={'value': 7, 'prev_value': None, 'change': True}
2026-03-02 12:22:48,362 : INFO : EventManager : Event: ======'machine_var_audits_switches_s_flipper_right_upper_eos'====== Args={'value': 0, 'prev_value': None, 'change': True}
2026-03-02 12:22:48,362 : INFO : EventManager : Event: ======'machine_var_audits_switches_s_inlane_left'====== Args={'value': 0, 'prev_value': None, 'change': True}
2026-03-02 12:22:48,363 : INFO : EventManager : Event: ======'machine_var_audits_switches_s_inlane_right_1'====== Args={'value': 0, 'prev_value': None, 'change': True}
2026-03-02 12:22:48,363 : INFO : EventManager : Event: ======'machine_var_audits_switches_s_inlane_right_2'====== Args={'value': 0, 'prev_value': None, 'change': True}
2026-03-02 12:22:48,363 : INFO : EventManager : Event: ======'machine_var_audits_switches_s_plunger'====== Args={'value': 4, 'prev_value': None, 'change': True}
2026-03-02 12:22:48,363 : INFO : EventManager : Event: ======'machine_var_audits_switches_s_sling_left'====== Args={'value': 0, 'prev_value': None, 'change': True}
2026-03-02 12:22:48,363 : INFO : EventManager : Event: ======'machine_var_audits_switches_s_sling_right'====== Args={'value': 0, 'prev_value': None, 'change': True}
2026-03-02 12:22:48,363 : INFO : EventManager : Event: ======'machine_var_audits_switches_s_start'====== Args={'value': 4, 'prev_value': None, 'change': True}
2026-03-02 12:22:48,363 : INFO : EventManager : Event: ======'machine_var_audits_switches_s_trough_1'====== Args={'value': 3, 'prev_value': None, 'change': True}
2026-03-02 12:22:48,363 : INFO : EventManager : Event: ======'machine_var_audits_switches_s_trough_2'====== Args={'value': 13, 'prev_value': None, 'change': True}
2026-03-02 12:22:48,363 : INFO : EventManager : Event: ======'machine_var_audits_switches_s_trough_3'====== Args={'value': 15, 'prev_value': None, 'change': True}
2026-03-02 12:22:48,364 : INFO : EventManager : Event: ======'machine_var_audits_switches_s_trough_4'====== Args={'value': 16, 'prev_value': None, 'change': True}
2026-03-02 12:22:48,364 : INFO : EventManager : Event: ======'machine_var_audits_switches_s_trough_5'====== Args={'value': 17, 'prev_value': None, 'change': True}
2026-03-02 12:22:48,364 : INFO : EventManager : Event: ======'machine_var_audits_switches_s_trough_6'====== Args={'value': 18, 'prev_value': None, 'change': True}
2026-03-02 12:22:48,364 : INFO : EventManager : Event: ======'machine_var_audits_switches_s_trough_7'====== Args={'value': 5, 'prev_value': None, 'change': True}
2026-03-02 12:22:48,365 : INFO : EventManager : Event: ======'init_phase_5'====== Args={}
2026-03-02 12:22:48,366 : INFO : EventManager : Event: ======'init_done'====== Args={}
2026-03-02 12:22:48,366 : INFO : EventManager : Event: ======'machine_reset_phase_1'====== Args={}
2026-03-02 12:22:48,379 : INFO : EventManager : Event: ======'machine_reset_phase_2'====== Args={}
2026-03-02 12:22:48,380 : INFO : EventManager : Event: ======'machine_reset_phase_3'====== Args={}
2026-03-02 12:22:48,380 : INFO : EventManager : Event: ======'reset_complete'====== Args={}
2026-03-02 12:22:48,380 : INFO : EventManager : Event: ======'mode_attract_will_start'====== Args={}
2026-03-02 12:22:48,381 : INFO : Timer.attract_carousel_timer : Starting Timer.
2026-03-02 12:22:48,381 : INFO : EventManager : Event: ======'timer_attract_carousel_timer_started'====== Args={'ticks': 0, 'ticks_remaining': 1}
2026-03-02 12:22:48,381 : INFO : EventManager : Event: ======'timer_attract_carousel_timer_tick'====== Args={'ticks': 0, 'ticks_remaining': 1}
2026-03-02 12:22:48,382 : INFO : EventManager : Event: ======'mode_attract_starting'====== Args={}
2026-03-02 12:22:48,382 : INFO : Mode.attract : Started. Priority: 10
2026-03-02 12:22:48,382 : INFO : EventManager : Event: ======'modes_active_modes_changed'====== Args={}
2026-03-02 12:22:48,382 : INFO : EventManager : Event: ======'mode_attract_started'====== Args={}
2026-03-02 12:22:48,383 : INFO : EventManager : Event: ======'collecting_balls_complete'====== Args={}
2026-03-02 12:22:48,384 : INFO : EventManager : Event: ======'carousel_item_highlighted'====== Args={'carousel': 'attract', 'direction': None, 'item': 'title'}
2026-03-02 12:22:48,384 : INFO : EventManager : Event: ======'timer_attract_carousel_timer_tick'====== Args={'ticks': 0, 'ticks_remaining': 1}
2026-03-02 12:22:48,385 : INFO : Machine : Starting the main run loop with active modes: [<Mode.attract>]
2026-03-02 12:22:48,589 : INFO : EventManager : Event: ======'slide_attract_created'====== Args={'_from_bcp': True}
2026-03-02 12:22:48,590 : INFO : EventManager : Event: ======'slide__removed'====== Args={'_from_bcp': True}
2026-03-02 12:22:48,590 : INFO : EventManager : Event: ======'slide_attract_active'====== Args={'original_context': 'attract', 'original_calling_context': 'mode_attract_started', 'priority': 10.0, 'cmd': 'slides_play', '_from_bcp': True}
2026-03-02 12:22:53,386 : INFO : Timer.attract_carousel_timer : Timer Complete
2026-03-02 12:22:53,386 : INFO : Timer.attract_carousel_timer : Stopping Timer
2026-03-02 12:22:53,386 : INFO : EventManager : Event: ======'timer_attract_carousel_timer_stopped'====== Args={'ticks': 1, 'ticks_remaining': 1}
2026-03-02 12:22:53,386 : INFO : EventManager : Event: ======'timer_attract_carousel_timer_complete'====== Args={'ticks': 1, 'ticks_remaining': 1}
2026-03-02 12:22:53,387 : INFO : EventManager : Event: ======'carousel_item_highlighted'====== Args={'carousel': 'attract', 'direction': 'forwards', 'item': 'credits'}
2026-03-02 12:22:53,387 : INFO : Timer.attract_carousel_timer : Starting Timer.
2026-03-02 12:22:53,387 : INFO : EventManager : Event: ======'timer_attract_carousel_timer_started'====== Args={'ticks': 0, 'ticks_remaining': 1}
2026-03-02 12:22:53,387 : INFO : EventManager : Event: ======'timer_attract_carousel_timer_tick'====== Args={'ticks': 0, 'ticks_remaining': 1}
2026-03-02 12:22:54,538 : INFO : SwitchController : <<<<<<< 's_start' active >>>>>>>
2026-03-02 12:22:54,652 : INFO : SwitchController : <<<<<<< 's_start' inactive >>>>>>>
2026-03-02 12:22:54,652 : INFO : EventManager : Event: ======'request_to_start_game'====== Args={}
2026-03-02 12:22:54,653 : INFO : EventManager : Event: ======'game_start'====== Args={'buttons': [], 'hold_time': 0.113774363999255}
2026-03-02 12:22:54,653 : INFO : EventManager : Event: ======'mode_game_will_start'====== Args={'buttons': [], 'hold_time': 0.113774363999255}
2026-03-02 12:22:54,653 : INFO : EventManager : Event: ======'mode_game_starting'====== Args={'buttons': [], 'hold_time': 0.113774363999255}
2026-03-02 12:22:54,653 : INFO : EventManager : Event: ======'mode_attract_will_stop'====== Args={}
2026-03-02 12:22:54,654 : INFO : EventManager : Event: ======'mode_attract_stopping'====== Args={}
2026-03-02 12:22:54,654 : INFO : Mode.attract : Stopped.
2026-03-02 12:22:54,654 : INFO : EventManager : Event: ======'modes_active_modes_changed'====== Args={}
2026-03-02 12:22:54,654 : INFO : EventManager : Event: ======'mode_attract_stopped'====== Args={}
2026-03-02 12:22:54,654 : INFO : EventManager : Event: ======'clear'====== Args={'key': 'attract'}
2026-03-02 12:22:54,655 : INFO : Timer.attract_carousel_timer : Stopping Timer
2026-03-02 12:22:54,655 : INFO : EventManager : Event: ======'timer_attract_carousel_timer_stopped'====== Args={'ticks': 0, 'ticks_remaining': 1}
2026-03-02 12:22:54,655 : INFO : Mode.game : Started. Priority: 20
2026-03-02 12:22:54,655 : INFO : EventManager : Event: ======'modes_active_modes_changed'====== Args={}
2026-03-02 12:22:54,655 : INFO : EventManager : Event: ======'mode_game_started'====== Args={'buttons': [], 'hold_time': 0.113774363999255}
2026-03-02 12:22:54,655 : INFO : EventManager : Event: ======'game_will_start'====== Args={}
2026-03-02 12:22:54,656 : INFO : EventManager : Event: ======'game_starting'====== Args={'game': <Mode.game>}
2026-03-02 12:22:54,657 : INFO : EventManager : Unordered handler for class <Auditor> on event game_ended with priority 1. Handlers: [RegisteredHandler(callback=<bound method Auditor.disable of <Auditor>>, priority=1, kwargs={}, key=UUID('09b6d858-9274-4181-8826-e5af119f3a0b'), condition=None, blocking_facility=None), RegisteredHandler(callback=<bound method Auditor._save_audits of <Auditor>>, priority=1, kwargs={}, key=UUID('10bcdebf-694d-4082-be78-bf60ccac5b45'), condition=None, blocking_facility=None)]. The order of those handlers is not defined and they will be executed in random order. This might lead to race conditions and potential bugs.
2026-03-02 12:22:54,657 : INFO : EventManager : Event: ======'player_add_request'====== Args={}
2026-03-02 12:22:54,657 : INFO : EventManager : Event: ======'player_will_add'====== Args={'number': 1}
2026-03-02 12:22:54,657 : INFO : EventManager : Event: ======'player_adding'====== Args={'player': <Player 1>, 'number': 1}
2026-03-02 12:22:54,657 : INFO : EventManager : Event: ======'player_added'====== Args={'player': <Player 1>, 'num': 1}
2026-03-02 12:22:54,657 : INFO : Mode.game : Player added successfully. Total players: 1
2026-03-02 12:22:54,657 : INFO : EventManager : Event: ======'player_index'====== Args={'value': 0, 'prev_value': 0, 'change': 0, 'player_num': 1}
2026-03-02 12:22:54,658 : INFO : EventManager : Event: ======'player_number'====== Args={'value': 1, 'prev_value': 1, 'change': 0, 'player_num': 1}
2026-03-02 12:22:54,658 : INFO : EventManager : Event: ======'player_score'====== Args={'value': 0, 'prev_value': 0, 'change': 0, 'player_num': 1}
2026-03-02 12:22:54,659 : INFO : EventManager : Event: ======'game_started'====== Args={}
2026-03-02 12:22:54,659 : INFO : EventManager : Event: ======'player_turn_will_start'====== Args={'player': <Player 1>, 'number': 1}
2026-03-02 12:22:54,664 : INFO : EventManager : Event: ======'player_turn_starting'====== Args={'player': <Player 1>, 'number': 1}
2026-03-02 12:22:54,674 : INFO : EventManager : Event: ======'player_ball'====== Args={'value': 1, 'prev_value': 0, 'change': 1, 'player_num': 1}
2026-03-02 12:22:54,675 : INFO : EventManager : Event: ======'player_turn_started'====== Args={'player': <Player 1>, 'number': 1}
2026-03-02 12:22:54,676 : INFO : EventManager : Event: ======'ball_will_start'====== Args={'player': 1, 'ball': 1, 'balls_remaining': 2, 'is_extra_ball': False}
2026-03-02 12:22:54,676 : INFO : EventManager : Event: ======'ball_starting'====== Args={'player': 1, 'ball': 1, 'balls_remaining': 2, 'is_extra_ball': False}
2026-03-02 12:22:54,676 : INFO : EventManager : Event: ======'mode_base_will_start'====== Args={'queue': <QueuedEvent>, 'player': 1, 'ball': 1, 'balls_remaining': 2, 'is_extra_ball': False}
2026-03-02 12:22:54,677 : INFO : EventManager : Event: ======'mode_base_starting'====== Args={'queue': <QueuedEvent>, 'player': 1, 'ball': 1, 'balls_remaining': 2, 'is_extra_ball': False}
2026-03-02 12:22:54,677 : INFO : Mode.base : Started. Priority: 100
2026-03-02 12:22:54,677 : INFO : EventManager : Event: ======'modes_active_modes_changed'====== Args={}
2026-03-02 12:22:54,677 : INFO : EventManager : Event: ======'mode_base_started'====== Args={'queue': <QueuedEvent>, 'player': 1, 'ball': 1, 'balls_remaining': 2, 'is_extra_ball': False}
2026-03-02 12:22:54,677 : INFO : EventManager : Event: ======'start_mode_bumpers'====== Args={'priority': 0}
2026-03-02 12:22:54,679 : INFO : EventManager : Event: ======'mode_bumpers_will_start'====== Args={'priority': 0}
2026-03-02 12:22:54,679 : INFO : EventManager : Event: ======'player_shot_sling_left_enabled'====== Args={'value': True, 'prev_value': 0, 'change': 1, 'player_num': 1}
2026-03-02 12:22:54,679 : INFO : EventManager : Event: ======'player_shot_sling_right_enabled'====== Args={'value': True, 'prev_value': 0, 'change': 1, 'player_num': 1}
2026-03-02 12:22:54,680 : INFO : EventManager : Event: ======'slings_complete'====== Args={'state': 'unlit'}
2026-03-02 12:22:54,680 : INFO : EventManager : Event: ======'slings_unlit_complete'====== Args={}
2026-03-02 12:22:54,680 : INFO : EventManager : Event: ======'mode_bumpers_starting'====== Args={'priority': 0}
2026-03-02 12:22:54,681 : INFO : Mode.bumpers : Started. Priority: 200
2026-03-02 12:22:54,681 : INFO : EventManager : Event: ======'modes_active_modes_changed'====== Args={}
2026-03-02 12:22:54,681 : INFO : EventManager : Event: ======'mode_bumpers_started'====== Args={'priority': 0}
2026-03-02 12:22:54,681 : INFO : EventManager : Event: ======'balls_in_play'====== Args={'balls': 1}
2026-03-02 12:22:54,681 : INFO : EventManager : Event: ======'ball_started'====== Args={'player': 1, 'ball': 1, 'balls_remaining': 2, 'is_extra_ball': False}
2026-03-02 12:22:54,682 : INFO : EventManager : Event: ======'single_player_ball_started'====== Args={}
2026-03-02 12:22:54,682 : INFO : EventManager : Event: ======'ball_start_target'====== Args={'target': 'playfield'}
2026-03-02 12:22:54,683 : INFO : ball_device.bd_plunger : Setting up player-controlled eject. Balls: 1, Target: <playfield.playfield>, player_controlled_eject_event: None
2026-03-02 12:22:54,683 : INFO : EventManager : Event: ======'balldevice_balls_available'====== Args={}
2026-03-02 12:22:54,684 : INFO : ball_device.bd_trough : State: waiting_for_target_ready
2026-03-02 12:22:54,684 : INFO : EventManager : Event: ======'balldevice_bd_trough_ball_eject_attempt'====== Args={'balls': 1, 'target': <ball_device.bd_plunger>, 'source': <ball_device.bd_trough>, 'mechanical_eject': True, 'num_attempts': 0}
2026-03-02 12:22:54,684 : INFO : ball_device.bd_plunger : State: waiting_for_ball
2026-03-02 12:22:54,684 : INFO : ball_device.bd_trough : State: ejecting
2026-03-02 12:22:54,685 : INFO : ball_device.bd_trough : Ejecting ball to <ball_device.bd_plunger>
2026-03-02 12:22:54,685 : INFO : EventManager : Event: ======'balldevice_bd_trough_ejecting_ball'====== Args={'balls': 1, 'target': <ball_device.bd_plunger>, 'source': <ball_device.bd_trough>, 'mechanical_eject': True, 'num_attempts': 0}
2026-03-02 12:22:54,686 : INFO : ball_device.bd_trough : Wait for ball to leave device
2026-03-02 12:22:54,686 : INFO : coil.c_trough_eject : Pulsing Driver for 20ms (1.0 pulse_power)
2026-03-02 12:22:54,714 : INFO : SwitchController : <<<<<<< 's_trough_1' inactive >>>>>>>
2026-03-02 12:22:54,714 : INFO : SwitchController : <<<<<<< 's_trough_7' active >>>>>>>
2026-03-02 12:22:54,714 : INFO : EventManager : Event: ======'machine_var_audits_switches_s_trough_7'====== Args={'value': 6, 'prev_value': 5, 'change': 1}
2026-03-02 12:22:54,715 : INFO : ball_device.bd_trough : State: ball_left
2026-03-02 12:22:54,716 : INFO : ball_device.bd_trough : Ball left
2026-03-02 12:22:54,716 : INFO : ball_device.bd_trough : Wait for confirm with timeout 3.0
2026-03-02 12:22:54,730 : INFO : SwitchController : <<<<<<< 's_trough_7' inactive >>>>>>>
2026-03-02 12:22:54,792 : INFO : EventManager : Event: ======'slide_base_slide_created'====== Args={'_from_bcp': True}
2026-03-02 12:22:54,792 : INFO : EventManager : Event: ======'slide_attract_inactive'====== Args={'is_removing': True, '_from_bcp': True}
2026-03-02 12:22:54,792 : INFO : EventManager : Event: ======'slide_base_slide_active'====== Args={'original_context': 'base', 'original_calling_context': 'mode_base_started', 'priority': 100.0, 'queue': '<QueuedEvent>', 'player': 1.0, 'ball': 1.0, 'balls_remaining': 2.0, 'is_extra_ball': False, 'cmd': 'slides_play', '_from_bcp': True}
2026-03-02 12:22:54,793 : INFO : EventManager : Event: ======'slide_attract_removed'====== Args={'_from_bcp': True}
2026-03-02 12:22:54,859 : INFO : SwitchController : <<<<<<< 's_plunger' active >>>>>>>
2026-03-02 12:22:54,859 : INFO : EventManager : Event: ======'machine_var_audits_switches_s_plunger'====== Args={'value': 5, 'prev_value': 4, 'change': 1}
2026-03-02 12:22:54,979 : INFO : SwitchController : <<<<<<< 's_trough_6' inactive >>>>>>>
2026-03-02 12:22:54,983 : INFO : SwitchController : <<<<<<< 's_trough_2' inactive >>>>>>>
2026-03-02 12:22:54,989 : INFO : SwitchController : <<<<<<< 's_trough_5' inactive >>>>>>>
2026-03-02 12:22:55,008 : INFO : SwitchController : <<<<<<< 's_trough_4' inactive >>>>>>>
2026-03-02 12:22:55,359 : INFO : ball_device.bd_plunger : Received ball from <ball_device.bd_trough>
2026-03-02 12:22:55,359 : INFO : EventManager : Event: ======'balldevice_bd_plunger_ball_enter'====== Args={'new_balls': 1, 'unclaimed_balls': 0, 'new_available_balls': 0, 'device': <ball_device.bd_plunger>}
2026-03-02 12:22:55,360 : INFO : EventManager : Event: ======'balldevice_bd_plunger_ball_entered'====== Args={'new_balls': 0, 'device': <ball_device.bd_plunger>}
2026-03-02 12:22:55,360 : INFO : EventManager : Event: ======'balldevice_bd_plunger_ball_count_changed'====== Args={'balls': 1}
2026-03-02 12:22:55,361 : INFO : ball_device.bd_trough : Got eject confirm
2026-03-02 12:22:55,361 : INFO : ball_device.bd_trough : Eject successful
2026-03-02 12:22:55,361 : INFO : EventManager : Event: ======'balldevice_bd_trough_ball_eject_success'====== Args={'balls': 1, 'target': <ball_device.bd_plunger>}
2026-03-02 12:22:55,361 : INFO : ball_device.bd_plunger : State: waiting_for_target_ready
2026-03-02 12:22:55,361 : INFO : EventManager : Event: ======'balldevice_bd_plunger_ball_eject_attempt'====== Args={'balls': 1, 'target': <playfield.playfield>, 'source': <ball_device.bd_plunger>, 'mechanical_eject': True, 'num_attempts': 0}
2026-03-02 12:22:55,361 : INFO : EventManager : Event: ======'balldevice_bd_trough_ball_count_changed'====== Args={'balls': 5}
2026-03-02 12:22:55,362 : INFO : ball_device.bd_trough : State: idle
2026-03-02 12:22:55,362 : INFO : ball_device.bd_plunger : State: ejecting
2026-03-02 12:22:55,362 : INFO : ball_device.bd_plunger : Ejecting ball to <playfield.playfield>
2026-03-02 12:22:55,362 : INFO : EventManager : Event: ======'balldevice_bd_plunger_ejecting_ball'====== Args={'balls': 1, 'target': <playfield.playfield>, 'source': <ball_device.bd_plunger>, 'mechanical_eject': True, 'num_attempts': 0}
2026-03-02 12:22:55,363 : INFO : ball_device.bd_plunger : Wait for ball to leave device
2026-03-02 12:22:56,147 : INFO : SwitchController : <<<<<<< 's_flipper_left' active >>>>>>>
2026-03-02 12:22:56,147 : INFO : EventManager : Event: ======'machine_var_audits_switches_s_flipper_left'====== Args={'value': 12, 'prev_value': 11, 'change': 1}
2026-03-02 12:22:56,170 : INFO : SwitchController : <<<<<<< 's_flipper_left_eos' inactive >>>>>>>
2026-03-02 12:22:56,273 : INFO : SwitchController : <<<<<<< 's_trough_3' inactive >>>>>>>
2026-03-02 12:22:56,283 : INFO : SwitchController : <<<<<<< 's_trough_3' active >>>>>>>
2026-03-02 12:22:56,283 : INFO : EventManager : Event: ======'machine_var_audits_switches_s_trough_3'====== Args={'value': 16, 'prev_value': 15, 'change': 1}
2026-03-02 12:22:56,307 : INFO : SwitchController : <<<<<<< 's_flipper_left' inactive >>>>>>>
2026-03-02 12:22:56,327 : INFO : SwitchController : <<<<<<< 's_trough_3' inactive >>>>>>>
2026-03-02 12:22:56,395 : INFO : SwitchController : <<<<<<< 's_flipper_left_eos' active >>>>>>>
2026-03-02 12:22:56,396 : INFO : EventManager : Event: ======'machine_var_audits_switches_s_flipper_left_eos'====== Args={'value': 1, 'prev_value': 0, 'change': 1}
2026-03-02 12:22:56,757 : INFO : SwitchController : <<<<<<< 's_flipper_right_lower' active >>>>>>>
2026-03-02 12:22:56,757 : INFO : EventManager : Event: ======'machine_var_audits_switches_s_flipper_right_lower'====== Args={'value': 8, 'prev_value': 7, 'change': 1}
2026-03-02 12:22:56,757 : INFO : SwitchController : <<<<<<< 's_flipper_right_upper' active >>>>>>>
2026-03-02 12:22:56,758 : INFO : EventManager : Event: ======'machine_var_audits_switches_s_flipper_right_upper'====== Args={'value': 8, 'prev_value': 7, 'change': 1}
2026-03-02 12:22:56,786 : INFO : SwitchController : <<<<<<< 's_flipper_right_lower_eos' inactive >>>>>>>
2026-03-02 12:22:56,793 : INFO : SwitchController : <<<<<<< 's_trough_3' active >>>>>>>
2026-03-02 12:22:56,793 : INFO : EventManager : Event: ======'machine_var_audits_switches_s_trough_3'====== Args={'value': 17, 'prev_value': 16, 'change': 1}
2026-03-02 12:22:56,844 : INFO : SwitchController : <<<<<<< 's_flipper_right_upper' inactive >>>>>>>
2026-03-02 12:22:56,853 : INFO : SwitchController : <<<<<<< 's_flipper_right_lower' inactive >>>>>>>
2026-03-02 12:22:56,954 : INFO : SwitchController : <<<<<<< 's_flipper_right_lower_eos' active >>>>>>>
2026-03-02 12:22:56,955 : INFO : EventManager : Event: ======'machine_var_audits_switches_s_flipper_right_lower_eos'====== Args={'value': 1, 'prev_value': 0, 'change': 1}
2026-03-02 12:22:57,885 : INFO : SwitchController : <<<<<<< 's_plunger' inactive >>>>>>>
2026-03-02 12:22:57,886 : INFO : ball_device.bd_plunger : State: ball_left
2026-03-02 12:22:57,886 : INFO : ball_device.bd_plunger : Ball left
2026-03-02 12:22:57,886 : INFO : ball_device.bd_plunger : Wait for confirm with timeout 5.0
2026-03-02 12:22:57,902 : INFO : SwitchController : <<<<<<< 's_trough_3' inactive >>>>>>>
2026-03-02 12:22:58,915 : INFO : SwitchController : <<<<<<< 's_flipper_right_lower' active >>>>>>>
2026-03-02 12:22:58,916 : INFO : EventManager : Event: ======'machine_var_audits_switches_s_flipper_right_lower'====== Args={'value': 9, 'prev_value': 8, 'change': 1}
2026-03-02 12:22:58,933 : INFO : SwitchController : <<<<<<< 's_flipper_right_upper' active >>>>>>>
2026-03-02 12:22:58,934 : INFO : EventManager : Event: ======'machine_var_audits_switches_s_flipper_right_upper'====== Args={'value': 9, 'prev_value': 8, 'change': 1}
2026-03-02 12:22:58,943 : INFO : SwitchController : <<<<<<< 's_flipper_right_lower_eos' inactive >>>>>>>
2026-03-02 12:22:59,033 : INFO : SwitchController : <<<<<<< 's_flipper_right_upper' inactive >>>>>>>
2026-03-02 12:22:59,040 : INFO : SwitchController : <<<<<<< 's_flipper_right_lower' inactive >>>>>>>
2026-03-02 12:22:59,074 : INFO : SwitchController : <<<<<<< 's_flipper_left' active >>>>>>>
2026-03-02 12:22:59,075 : INFO : EventManager : Event: ======'machine_var_audits_switches_s_flipper_left'====== Args={'value': 13, 'prev_value': 12, 'change': 1}
2026-03-02 12:22:59,097 : INFO : SwitchController : <<<<<<< 's_flipper_left_eos' inactive >>>>>>>
2026-03-02 12:22:59,135 : INFO : SwitchController : <<<<<<< 's_flipper_right_lower_eos' active >>>>>>>
2026-03-02 12:22:59,135 : INFO : EventManager : Event: ======'machine_var_audits_switches_s_flipper_right_lower_eos'====== Args={'value': 2, 'prev_value': 1, 'change': 1}
2026-03-02 12:22:59,188 : INFO : SwitchController : <<<<<<< 's_flipper_left' inactive >>>>>>>
2026-03-02 12:22:59,278 : INFO : SwitchController : <<<<<<< 's_flipper_left_eos' active >>>>>>>
2026-03-02 12:22:59,278 : INFO : EventManager : Event: ======'machine_var_audits_switches_s_flipper_left_eos'====== Args={'value': 2, 'prev_value': 1, 'change': 1}
2026-03-02 12:22:59,355 : INFO : SwitchController : <<<<<<< 's_flipper_right_lower' active >>>>>>>
2026-03-02 12:22:59,356 : INFO : EventManager : Event: ======'machine_var_audits_switches_s_flipper_right_lower'====== Args={'value': 10, 'prev_value': 9, 'change': 1}
2026-03-02 12:22:59,358 : INFO : SwitchController : <<<<<<< 's_flipper_right_upper' active >>>>>>>
2026-03-02 12:22:59,359 : INFO : EventManager : Event: ======'machine_var_audits_switches_s_flipper_right_upper'====== Args={'value': 10, 'prev_value': 9, 'change': 1}
2026-03-02 12:22:59,385 : INFO : SwitchController : <<<<<<< 's_flipper_right_lower_eos' inactive >>>>>>>
2026-03-02 12:22:59,435 : INFO : SwitchController : <<<<<<< 's_flipper_right_upper' inactive >>>>>>>
2026-03-02 12:22:59,450 : INFO : SwitchController : <<<<<<< 's_flipper_right_lower' inactive >>>>>>>
2026-03-02 12:22:59,542 : INFO : SwitchController : <<<<<<< 's_flipper_right_lower_eos' active >>>>>>>
2026-03-02 12:22:59,542 : INFO : EventManager : Event: ======'machine_var_audits_switches_s_flipper_right_lower_eos'====== Args={'value': 3, 'prev_value': 2, 'change': 1}
2026-03-02 12:23:00,386 : INFO : SwitchController : <<<<<<< 's_trough_5' active >>>>>>>
2026-03-02 12:23:00,386 : INFO : EventManager : Event: ======'machine_var_audits_switches_s_trough_5'====== Args={'value': 18, 'prev_value': 17, 'change': 1}
2026-03-02 12:23:00,388 : INFO : SwitchController : <<<<<<< 's_trough_4' active >>>>>>>
2026-03-02 12:23:00,388 : INFO : EventManager : Event: ======'machine_var_audits_switches_s_trough_4'====== Args={'value': 17, 'prev_value': 16, 'change': 1}
2026-03-02 12:23:00,428 : INFO : SwitchController : <<<<<<< 's_trough_3' active >>>>>>>
2026-03-02 12:23:00,428 : INFO : EventManager : Event: ======'machine_var_audits_switches_s_trough_3'====== Args={'value': 18, 'prev_value': 17, 'change': 1}
2026-03-02 12:23:00,444 : INFO : SwitchController : <<<<<<< 's_trough_2' active >>>>>>>
2026-03-02 12:23:00,444 : INFO : EventManager : Event: ======'machine_var_audits_switches_s_trough_2'====== Args={'value': 14, 'prev_value': 13, 'change': 1}
2026-03-02 12:23:00,529 : INFO : SwitchController : <<<<<<< 's_trough_1' active >>>>>>>
2026-03-02 12:23:00,529 : INFO : EventManager : Event: ======'machine_var_audits_switches_s_trough_1'====== Args={'value': 4, 'prev_value': 3, 'change': 1}
2026-03-02 12:23:00,587 : INFO : SwitchController : <<<<<<< 's_flipper_right_lower' active >>>>>>>
2026-03-02 12:23:00,587 : INFO : EventManager : Event: ======'machine_var_audits_switches_s_flipper_right_lower'====== Args={'value': 11, 'prev_value': 10, 'change': 1}
2026-03-02 12:23:00,591 : INFO : SwitchController : <<<<<<< 's_flipper_right_upper' active >>>>>>>
2026-03-02 12:23:00,591 : INFO : EventManager : Event: ======'machine_var_audits_switches_s_flipper_right_upper'====== Args={'value': 11, 'prev_value': 10, 'change': 1}
2026-03-02 12:23:00,614 : INFO : SwitchController : <<<<<<< 's_flipper_right_lower_eos' inactive >>>>>>>
2026-03-02 12:23:00,819 : INFO : SwitchController : <<<<<<< 's_flipper_right_upper' inactive >>>>>>>
2026-03-02 12:23:00,825 : INFO : SwitchController : <<<<<<< 's_flipper_right_lower' inactive >>>>>>>
2026-03-02 12:23:00,921 : INFO : SwitchController : <<<<<<< 's_flipper_right_lower_eos' active >>>>>>>
2026-03-02 12:23:00,922 : INFO : EventManager : Event: ======'machine_var_audits_switches_s_flipper_right_lower_eos'====== Args={'value': 4, 'prev_value': 3, 'change': 1}
2026-03-02 12:23:02,888 : INFO : ball_device.bd_plunger : State: failed_confirm
2026-03-02 12:23:02,888 : INFO : ball_device.bd_plunger : Got timeout (5.0s) before confirm from <playfield.playfield>
2026-03-02 12:23:02,988 : INFO : ball_device.bd_plunger : Confirming eject because target is playfield and ball did not return.
2026-03-02 12:23:02,989 : INFO : ball_device.bd_plunger : Eject successful
2026-03-02 12:23:02,989 : INFO : EventManager : Event: ======'balldevice_bd_plunger_ball_eject_success'====== Args={'balls': 1, 'target': <playfield.playfield>}
2026-03-02 12:23:02,989 : INFO : EventManager : Event: ======'balldevice_playfield_ball_enter'====== Args={'new_balls': 1, 'unclaimed_balls': 1, 'device': <playfield.playfield>}
2026-03-02 12:23:02,989 : INFO : EventManager : Event: ======'playfield_ball_count_change'====== Args={'balls': 1, 'change': 1}
2026-03-02 12:23:02,989 : INFO : EventManager : Event: ======'balldevice_bd_plunger_ball_count_changed'====== Args={'balls': 0}
2026-03-02 12:23:02,989 : INFO : ball_device.bd_plunger : State: idle
2026-03-02 12:23:03,801 : INFO : SwitchController : <<<<<<< 's_flipper_right_upper' active >>>>>>>
2026-03-02 12:23:03,801 : INFO : EventManager : Event: ======'machine_var_audits_switches_s_flipper_right_upper'====== Args={'value': 12, 'prev_value': 11, 'change': 1}
2026-03-02 12:23:03,802 : INFO : SwitchController : <<<<<<< 's_flipper_right_lower' active >>>>>>>
2026-03-02 12:23:03,803 : INFO : EventManager : Event: ======'machine_var_audits_switches_s_flipper_right_lower'====== Args={'value': 12, 'prev_value': 11, 'change': 1}
2026-03-02 12:23:03,954 : INFO : SwitchController : <<<<<<< 's_flipper_right_upper' inactive >>>>>>>
2026-03-02 12:23:03,957 : INFO : SwitchController : <<<<<<< 's_flipper_right_lower' inactive >>>>>>>
2026-03-02 12:23:04,643 : INFO : SwitchController : <<<<<<< 's_sling_left' active >>>>>>>
2026-03-02 12:23:04,643 : INFO : EventManager : Event: ======'s_sling_left_active'====== Args={}
2026-03-02 12:23:04,643 : INFO : EventManager : Event: ======'machine_var_audits_switches_s_sling_left'====== Args={'value': 1, 'prev_value': 0, 'change': 1}
2026-03-02 12:23:04,643 : INFO : EventManager : Event: ======'player_shot_sling_left'====== Args={'value': 1, 'prev_value': 0, 'change': 1, 'player_num': 1}
2026-03-02 12:23:04,644 : INFO : EventManager : Event: ======'machine_var_audits_shots_sling_left'====== Args={'value': 1, 'prev_value': None, 'change': True}
2026-03-02 12:23:04,644 : INFO : EventManager : Event: ======'sling_left_hit'====== Args={'profile': 'default', 'state': 'unlit', 'advancing': True}
2026-03-02 12:23:04,644 : INFO : EventManager : Event: ======'sling_left_default_hit'====== Args={'profile': 'default', 'state': 'unlit', 'advancing': True}
2026-03-02 12:23:04,644 : INFO : EventManager : Event: ======'sling_left_default_unlit_hit'====== Args={'profile': 'default', 'state': 'unlit', 'advancing': True}
2026-03-02 12:23:04,644 : INFO : EventManager : Event: ======'sling_left_unlit_hit'====== Args={'profile': 'default', 'state': 'unlit', 'advancing': True}
2026-03-02 12:23:04,644 : INFO : EventManager : Event: ======'slings_hit'====== Args={'shot': 'sling_left'}
2026-03-02 12:23:04,644 : INFO : EventManager : Event: ======'slings_unlit_hit'====== Args={'shot': 'sling_left'}
2026-03-02 12:23:04,645 : INFO : EventManager : Event: ======'player_initial_value'====== Args={'value': 0, 'prev_value': 0, 'change': 0, 'player_num': 1, 'source': 'bumpers'}
2026-03-02 12:23:04,645 : INFO : EventManager : Event: ======'player_score'====== Args={'value': 100, 'prev_value': 0, 'change': 100, 'player_num': 1, 'source': 'bumpers'}
2026-03-02 12:23:04,660 : INFO : SwitchController : <<<<<<< 's_sling_left' inactive >>>>>>>
2026-03-02 12:23:05,172 : INFO : SwitchController : <<<<<<< 's_flipper_right_lower' active >>>>>>>
2026-03-02 12:23:05,173 : INFO : EventManager : Event: ======'machine_var_audits_switches_s_flipper_right_lower'====== Args={'value': 13, 'prev_value': 12, 'change': 1}
2026-03-02 12:23:05,173 : INFO : SwitchController : <<<<<<< 's_flipper_right_upper' active >>>>>>>
2026-03-02 12:23:05,173 : INFO : EventManager : Event: ======'machine_var_audits_switches_s_flipper_right_upper'====== Args={'value': 13, 'prev_value': 12, 'change': 1}
2026-03-02 12:23:05,205 : INFO : SwitchController : <<<<<<< 's_flipper_right_lower_eos' inactive >>>>>>>
2026-03-02 12:23:05,360 : INFO : SwitchController : <<<<<<< 's_flipper_right_upper' inactive >>>>>>>
2026-03-02 12:23:05,366 : INFO : SwitchController : <<<<<<< 's_flipper_right_lower' inactive >>>>>>>
2026-03-02 12:23:05,520 : INFO : SwitchController : <<<<<<< 's_flipper_right_lower_eos' active >>>>>>>
2026-03-02 12:23:05,521 : INFO : EventManager : Event: ======'machine_var_audits_switches_s_flipper_right_lower_eos'====== Args={'value': 5, 'prev_value': 4, 'change': 1}
2026-03-02 12:23:06,405 : INFO : SwitchController : <<<<<<< 's_flipper_right_lower' active >>>>>>>
2026-03-02 12:23:06,405 : INFO : EventManager : Event: ======'machine_var_audits_switches_s_flipper_right_lower'====== Args={'value': 14, 'prev_value': 13, 'change': 1}
2026-03-02 12:23:06,409 : INFO : SwitchController : <<<<<<< 's_flipper_right_upper' active >>>>>>>
2026-03-02 12:23:06,409 : INFO : EventManager : Event: ======'machine_var_audits_switches_s_flipper_right_upper'====== Args={'value': 14, 'prev_value': 13, 'change': 1}
2026-03-02 12:23:06,443 : INFO : SwitchController : <<<<<<< 's_flipper_right_lower_eos' inactive >>>>>>>
2026-03-02 12:23:06,590 : INFO : SwitchController : <<<<<<< 's_flipper_right_upper' inactive >>>>>>>
2026-03-02 12:23:06,596 : INFO : SwitchController : <<<<<<< 's_flipper_right_lower' inactive >>>>>>>
2026-03-02 12:23:06,699 : INFO : SwitchController : <<<<<<< 's_flipper_right_lower_eos' active >>>>>>>
2026-03-02 12:23:06,699 : INFO : EventManager : Event: ======'machine_var_audits_switches_s_flipper_right_lower_eos'====== Args={'value': 6, 'prev_value': 5, 'change': 1}
2026-03-02 12:23:08,018 : INFO : SwitchController : <<<<<<< 's_flipper_right_lower' active >>>>>>>
2026-03-02 12:23:08,019 : INFO : EventManager : Event: ======'machine_var_audits_switches_s_flipper_right_lower'====== Args={'value': 15, 'prev_value': 14, 'change': 1}
2026-03-02 12:23:08,034 : INFO : SwitchController : <<<<<<< 's_flipper_right_upper' active >>>>>>>
2026-03-02 12:23:08,034 : INFO : EventManager : Event: ======'machine_var_audits_switches_s_flipper_right_upper'====== Args={'value': 15, 'prev_value': 14, 'change': 1}
2026-03-02 12:23:08,048 : INFO : SwitchController : <<<<<<< 's_flipper_right_lower_eos' inactive >>>>>>>
2026-03-02 12:23:08,122 : INFO : SwitchController : <<<<<<< 's_flipper_right_upper' inactive >>>>>>>
2026-03-02 12:23:08,132 : INFO : SwitchController : <<<<<<< 's_flipper_right_lower' inactive >>>>>>>
2026-03-02 12:23:08,198 : INFO : SwitchController : <<<<<<< 's_flipper_left' active >>>>>>>
2026-03-02 12:23:08,198 : INFO : EventManager : Event: ======'machine_var_audits_switches_s_flipper_left'====== Args={'value': 14, 'prev_value': 13, 'change': 1}
2026-03-02 12:23:08,221 : INFO : SwitchController : <<<<<<< 's_flipper_left_eos' inactive >>>>>>>
2026-03-02 12:23:08,236 : INFO : SwitchController : <<<<<<< 's_flipper_right_lower_eos' active >>>>>>>
2026-03-02 12:23:08,236 : INFO : EventManager : Event: ======'machine_var_audits_switches_s_flipper_right_lower_eos'====== Args={'value': 7, 'prev_value': 6, 'change': 1}
2026-03-02 12:23:08,304 : INFO : SwitchController : <<<<<<< 's_flipper_left' inactive >>>>>>>
2026-03-02 12:23:08,393 : INFO : SwitchController : <<<<<<< 's_flipper_left_eos' active >>>>>>>
2026-03-02 12:23:08,393 : INFO : EventManager : Event: ======'machine_var_audits_switches_s_flipper_left_eos'====== Args={'value': 3, 'prev_value': 2, 'change': 1}
2026-03-02 12:23:09,731 : INFO : SwitchController : <<<<<<< 's_flipper_right_upper' active >>>>>>>
2026-03-02 12:23:09,732 : INFO : EventManager : Event: ======'machine_var_audits_switches_s_flipper_right_upper'====== Args={'value': 16, 'prev_value': 15, 'change': 1}
2026-03-02 12:23:09,732 : INFO : SwitchController : <<<<<<< 's_flipper_right_lower' active >>>>>>>
2026-03-02 12:23:09,732 : INFO : EventManager : Event: ======'machine_var_audits_switches_s_flipper_right_lower'====== Args={'value': 16, 'prev_value': 15, 'change': 1}
2026-03-02 12:23:09,771 : INFO : SwitchController : <<<<<<< 's_flipper_right_lower_eos' inactive >>>>>>>
2026-03-02 12:23:10,810 : INFO : SwitchController : <<<<<<< 's_flipper_right_upper' inactive >>>>>>>
2026-03-02 12:23:10,815 : INFO : SwitchController : <<<<<<< 's_flipper_right_lower' inactive >>>>>>>
2026-03-02 12:23:10,918 : INFO : SwitchController : <<<<<<< 's_flipper_right_lower_eos' active >>>>>>>
2026-03-02 12:23:10,918 : INFO : EventManager : Event: ======'machine_var_audits_switches_s_flipper_right_lower_eos'====== Args={'value': 8, 'prev_value': 7, 'change': 1}
2026-03-02 12:23:13,632 : INFO : SwitchController : <<<<<<< 's_flipper_left' active >>>>>>>
2026-03-02 12:23:13,632 : INFO : EventManager : Event: ======'machine_var_audits_switches_s_flipper_left'====== Args={'value': 15, 'prev_value': 14, 'change': 1}
2026-03-02 12:23:13,654 : INFO : SwitchController : <<<<<<< 's_flipper_left_eos' inactive >>>>>>>
2026-03-02 12:23:13,795 : INFO : SwitchController : <<<<<<< 's_flipper_left' inactive >>>>>>>
2026-03-02 12:23:13,885 : INFO : SwitchController : <<<<<<< 's_flipper_left_eos' active >>>>>>>
2026-03-02 12:23:13,885 : INFO : EventManager : Event: ======'machine_var_audits_switches_s_flipper_left_eos'====== Args={'value': 4, 'prev_value': 3, 'change': 1}
2026-03-02 12:23:14,064 : INFO : SwitchController : <<<<<<< 's_flipper_left' active >>>>>>>
2026-03-02 12:23:14,064 : INFO : EventManager : Event: ======'machine_var_audits_switches_s_flipper_left'====== Args={'value': 16, 'prev_value': 15, 'change': 1}
2026-03-02 12:23:14,087 : INFO : SwitchController : <<<<<<< 's_flipper_left_eos' inactive >>>>>>>
2026-03-02 12:23:14,200 : INFO : SwitchController : <<<<<<< 's_flipper_left' inactive >>>>>>>
2026-03-02 12:23:14,287 : INFO : SwitchController : <<<<<<< 's_flipper_left_eos' active >>>>>>>
2026-03-02 12:23:14,288 : INFO : EventManager : Event: ======'machine_var_audits_switches_s_flipper_left_eos'====== Args={'value': 5, 'prev_value': 4, 'change': 1}
2026-03-02 12:23:18,552 : INFO : SwitchController : <<<<<<< 's_flipper_left' active >>>>>>>
2026-03-02 12:23:18,553 : INFO : EventManager : Event: ======'machine_var_audits_switches_s_flipper_left'====== Args={'value': 17, 'prev_value': 16, 'change': 1}
2026-03-02 12:23:18,589 : INFO : SwitchController : <<<<<<< 's_flipper_left_eos' inactive >>>>>>>
2026-03-02 12:23:18,728 : INFO : SwitchController : <<<<<<< 's_flipper_left' inactive >>>>>>>
2026-03-02 12:23:18,816 : INFO : SwitchController : <<<<<<< 's_flipper_left_eos' active >>>>>>>
2026-03-02 12:23:18,816 : INFO : EventManager : Event: ======'machine_var_audits_switches_s_flipper_left_eos'====== Args={'value': 6, 'prev_value': 5, 'change': 1}
2026-03-02 12:23:19,794 : INFO : SwitchController : <<<<<<< 's_flipper_right_lower' active >>>>>>>
2026-03-02 12:23:19,794 : INFO : EventManager : Event: ======'machine_var_audits_switches_s_flipper_right_lower'====== Args={'value': 17, 'prev_value': 16, 'change': 1}
2026-03-02 12:23:19,815 : INFO : SwitchController : <<<<<<< 's_flipper_right_upper' active >>>>>>>
2026-03-02 12:23:19,815 : INFO : EventManager : Event: ======'machine_var_audits_switches_s_flipper_right_upper'====== Args={'value': 17, 'prev_value': 16, 'change': 1}
2026-03-02 12:23:19,821 : INFO : SwitchController : <<<<<<< 's_flipper_right_lower_eos' inactive >>>>>>>
2026-03-02 12:23:19,949 : INFO : SwitchController : <<<<<<< 's_flipper_right_upper' inactive >>>>>>>
2026-03-02 12:23:19,956 : INFO : SwitchController : <<<<<<< 's_flipper_right_lower' inactive >>>>>>>
2026-03-02 12:23:20,058 : INFO : SwitchController : <<<<<<< 's_flipper_right_lower_eos' active >>>>>>>
2026-03-02 12:23:20,058 : INFO : EventManager : Event: ======'machine_var_audits_switches_s_flipper_right_lower_eos'====== Args={'value': 9, 'prev_value': 8, 'change': 1}
2026-03-02 12:23:21,878 : INFO : SwitchController : <<<<<<< 's_flipper_right_upper' active >>>>>>>
2026-03-02 12:23:21,879 : INFO : EventManager : Event: ======'machine_var_audits_switches_s_flipper_right_upper'====== Args={'value': 18, 'prev_value': 17, 'change': 1}
2026-03-02 12:23:21,879 : INFO : SwitchController : <<<<<<< 's_flipper_right_lower' active >>>>>>>
2026-03-02 12:23:21,880 : INFO : EventManager : Event: ======'machine_var_audits_switches_s_flipper_right_lower'====== Args={'value': 18, 'prev_value': 17, 'change': 1}
2026-03-02 12:23:21,916 : INFO : SwitchController : <<<<<<< 's_flipper_right_lower_eos' inactive >>>>>>>
2026-03-02 12:23:22,026 : INFO : SwitchController : <<<<<<< 's_flipper_right_upper' inactive >>>>>>>
2026-03-02 12:23:22,030 : INFO : SwitchController : <<<<<<< 's_flipper_right_lower' inactive >>>>>>>
2026-03-02 12:23:22,131 : INFO : SwitchController : <<<<<<< 's_flipper_right_lower_eos' active >>>>>>>
2026-03-02 12:23:22,131 : INFO : EventManager : Event: ======'machine_var_audits_switches_s_flipper_right_lower_eos'====== Args={'value': 10, 'prev_value': 9, 'change': 1}
2026-03-02 12:23:25,309 : INFO : SwitchController : <<<<<<< 's_flipper_left' active >>>>>>>
2026-03-02 12:23:25,310 : INFO : EventManager : Event: ======'machine_var_audits_switches_s_flipper_left'====== Args={'value': 18, 'prev_value': 17, 'change': 1}
2026-03-02 12:23:25,342 : INFO : SwitchController : <<<<<<< 's_flipper_left_eos' inactive >>>>>>>
2026-03-02 12:23:25,446 : INFO : SwitchController : <<<<<<< 's_flipper_left' inactive >>>>>>>
2026-03-02 12:23:25,534 : INFO : SwitchController : <<<<<<< 's_flipper_left_eos' active >>>>>>>
2026-03-02 12:23:25,535 : INFO : EventManager : Event: ======'machine_var_audits_switches_s_flipper_left_eos'====== Args={'value': 7, 'prev_value': 6, 'change': 1}
2026-03-02 12:23:26,398 : INFO : SwitchController : <<<<<<< 's_flipper_right_lower' active >>>>>>>
2026-03-02 12:23:26,398 : INFO : EventManager : Event: ======'machine_var_audits_switches_s_flipper_right_lower'====== Args={'value': 19, 'prev_value': 18, 'change': 1}
2026-03-02 12:23:26,403 : INFO : SwitchController : <<<<<<< 's_flipper_right_upper' active >>>>>>>
2026-03-02 12:23:26,403 : INFO : EventManager : Event: ======'machine_var_audits_switches_s_flipper_right_upper'====== Args={'value': 19, 'prev_value': 18, 'change': 1}
2026-03-02 12:23:26,427 : INFO : SwitchController : <<<<<<< 's_flipper_right_lower_eos' inactive >>>>>>>
2026-03-02 12:23:26,540 : INFO : SwitchController : <<<<<<< 's_flipper_right_upper' inactive >>>>>>>
2026-03-02 12:23:26,549 : INFO : SwitchController : <<<<<<< 's_flipper_right_lower' inactive >>>>>>>
2026-03-02 12:23:26,651 : INFO : SwitchController : <<<<<<< 's_flipper_right_lower_eos' active >>>>>>>
2026-03-02 12:23:26,651 : INFO : EventManager : Event: ======'machine_var_audits_switches_s_flipper_right_lower_eos'====== Args={'value': 11, 'prev_value': 10, 'change': 1}
2026-03-02 12:23:28,909 : INFO : SwitchController : <<<<<<< 's_flipper_right_lower' active >>>>>>>
2026-03-02 12:23:28,910 : INFO : EventManager : Event: ======'machine_var_audits_switches_s_flipper_right_lower'====== Args={'value': 20, 'prev_value': 19, 'change': 1}
2026-03-02 12:23:28,918 : INFO : SwitchController : <<<<<<< 's_flipper_right_upper' active >>>>>>>
2026-03-02 12:23:28,918 : INFO : EventManager : Event: ======'machine_var_audits_switches_s_flipper_right_upper'====== Args={'value': 20, 'prev_value': 19, 'change': 1}
2026-03-02 12:23:28,938 : INFO : SwitchController : <<<<<<< 's_flipper_right_lower_eos' inactive >>>>>>>
2026-03-02 12:23:29,105 : INFO : SwitchController : <<<<<<< 's_flipper_right_upper' inactive >>>>>>>
2026-03-02 12:23:29,113 : INFO : SwitchController : <<<<<<< 's_flipper_right_lower' inactive >>>>>>>
2026-03-02 12:23:29,218 : INFO : SwitchController : <<<<<<< 's_flipper_right_lower_eos' active >>>>>>>
2026-03-02 12:23:29,218 : INFO : EventManager : Event: ======'machine_var_audits_switches_s_flipper_right_lower_eos'====== Args={'value': 12, 'prev_value': 11, 'change': 1}
2026-03-02 12:23:29,852 : INFO : SwitchController : <<<<<<< 's_flipper_right_upper' active >>>>>>>
2026-03-02 12:23:29,852 : INFO : EventManager : Event: ======'machine_var_audits_switches_s_flipper_right_upper'====== Args={'value': 21, 'prev_value': 20, 'change': 1}
2026-03-02 12:23:29,857 : INFO : SwitchController : <<<<<<< 's_flipper_right_lower' active >>>>>>>
2026-03-02 12:23:29,857 : INFO : EventManager : Event: ======'machine_var_audits_switches_s_flipper_right_lower'====== Args={'value': 21, 'prev_value': 20, 'change': 1}
2026-03-02 12:23:29,885 : INFO : SwitchController : <<<<<<< 's_flipper_right_lower_eos' inactive >>>>>>>
2026-03-02 12:23:29,973 : INFO : SwitchController : <<<<<<< 's_flipper_left' active >>>>>>>
2026-03-02 12:23:29,973 : INFO : EventManager : Event: ======'machine_var_audits_switches_s_flipper_left'====== Args={'value': 19, 'prev_value': 18, 'change': 1}
2026-03-02 12:23:30,009 : INFO : SwitchController : <<<<<<< 's_flipper_right_upper' inactive >>>>>>>
2026-03-02 12:23:30,015 : INFO : SwitchController : <<<<<<< 's_flipper_right_lower' inactive >>>>>>>
2026-03-02 12:23:30,015 : INFO : SwitchController : <<<<<<< 's_flipper_left_eos' inactive >>>>>>>
2026-03-02 12:23:30,116 : INFO : SwitchController : <<<<<<< 's_flipper_right_lower_eos' active >>>>>>>
2026-03-02 12:23:30,116 : INFO : EventManager : Event: ======'machine_var_audits_switches_s_flipper_right_lower_eos'====== Args={'value': 13, 'prev_value': 12, 'change': 1}
2026-03-02 12:23:30,131 : INFO : SwitchController : <<<<<<< 's_flipper_left' inactive >>>>>>>
2026-03-02 12:23:30,216 : INFO : SwitchController : <<<<<<< 's_flipper_left_eos' active >>>>>>>
2026-03-02 12:23:30,216 : INFO : EventManager : Event: ======'machine_var_audits_switches_s_flipper_left_eos'====== Args={'value': 8, 'prev_value': 7, 'change': 1}
2026-03-02 12:23:31,019 : INFO : SwitchController : <<<<<<< 's_flipper_right_lower' active >>>>>>>
2026-03-02 12:23:31,019 : INFO : EventManager : Event: ======'machine_var_audits_switches_s_flipper_right_lower'====== Args={'value': 22, 'prev_value': 21, 'change': 1}
2026-03-02 12:23:31,026 : INFO : SwitchController : <<<<<<< 's_flipper_right_upper' active >>>>>>>
2026-03-02 12:23:31,027 : INFO : EventManager : Event: ======'machine_var_audits_switches_s_flipper_right_upper'====== Args={'value': 22, 'prev_value': 21, 'change': 1}
2026-03-02 12:23:31,046 : INFO : SwitchController : <<<<<<< 's_flipper_right_lower_eos' inactive >>>>>>>
2026-03-02 12:23:31,129 : INFO : SwitchController : <<<<<<< 's_flipper_right_upper' inactive >>>>>>>
2026-03-02 12:23:31,136 : INFO : SwitchController : <<<<<<< 's_flipper_right_lower' inactive >>>>>>>
2026-03-02 12:23:31,236 : INFO : SwitchController : <<<<<<< 's_flipper_right_lower_eos' active >>>>>>>
2026-03-02 12:23:31,236 : INFO : EventManager : Event: ======'machine_var_audits_switches_s_flipper_right_lower_eos'====== Args={'value': 14, 'prev_value': 13, 'change': 1}
2026-03-02 12:23:32,460 : INFO : SwitchController : <<<<<<< 's_flipper_right_lower' active >>>>>>>
2026-03-02 12:23:32,460 : INFO : EventManager : Event: ======'machine_var_audits_switches_s_flipper_right_lower'====== Args={'value': 23, 'prev_value': 22, 'change': 1}
2026-03-02 12:23:32,461 : INFO : SwitchController : <<<<<<< 's_flipper_right_upper' active >>>>>>>
2026-03-02 12:23:32,461 : INFO : EventManager : Event: ======'machine_var_audits_switches_s_flipper_right_upper'====== Args={'value': 23, 'prev_value': 22, 'change': 1}
2026-03-02 12:23:32,607 : INFO : SwitchController : <<<<<<< 's_flipper_right_upper' inactive >>>>>>>
2026-03-02 12:23:32,610 : INFO : SwitchController : <<<<<<< 's_flipper_right_lower' inactive >>>>>>>
2026-03-02 12:23:33,339 : INFO : SwitchController : <<<<<<< 's_flipper_right_lower' active >>>>>>>
2026-03-02 12:23:33,339 : INFO : EventManager : Event: ======'machine_var_audits_switches_s_flipper_right_lower'====== Args={'value': 24, 'prev_value': 23, 'change': 1}
2026-03-02 12:23:33,342 : INFO : SwitchController : <<<<<<< 's_flipper_right_upper' active >>>>>>>
2026-03-02 12:23:33,343 : INFO : EventManager : Event: ======'machine_var_audits_switches_s_flipper_right_upper'====== Args={'value': 24, 'prev_value': 23, 'change': 1}
2026-03-02 12:23:33,368 : INFO : SwitchController : <<<<<<< 's_flipper_right_lower_eos' inactive >>>>>>>
2026-03-02 12:23:33,427 : INFO : SwitchController : <<<<<<< 's_flipper_right_upper' inactive >>>>>>>
2026-03-02 12:23:33,437 : INFO : SwitchController : <<<<<<< 's_flipper_right_lower' inactive >>>>>>>
2026-03-02 12:23:33,542 : INFO : SwitchController : <<<<<<< 's_flipper_right_lower_eos' active >>>>>>>
2026-03-02 12:23:33,542 : INFO : EventManager : Event: ======'machine_var_audits_switches_s_flipper_right_lower_eos'====== Args={'value': 15, 'prev_value': 14, 'change': 1}
2026-03-02 12:23:36,443 : INFO : SwitchController : <<<<<<< 's_flipper_right_upper' active >>>>>>>
2026-03-02 12:23:36,443 : INFO : EventManager : Event: ======'machine_var_audits_switches_s_flipper_right_upper'====== Args={'value': 25, 'prev_value': 24, 'change': 1}
2026-03-02 12:23:36,444 : INFO : SwitchController : <<<<<<< 's_flipper_right_lower' active >>>>>>>
2026-03-02 12:23:36,444 : INFO : EventManager : Event: ======'machine_var_audits_switches_s_flipper_right_lower'====== Args={'value': 25, 'prev_value': 24, 'change': 1}
2026-03-02 12:23:36,608 : INFO : SwitchController : <<<<<<< 's_flipper_right_upper' inactive >>>>>>>
2026-03-02 12:23:36,610 : INFO : SwitchController : <<<<<<< 's_flipper_right_lower' inactive >>>>>>>
2026-03-02 12:23:37,709 : INFO : SwitchController : <<<<<<< 's_flipper_right_upper' active >>>>>>>
2026-03-02 12:23:37,709 : INFO : EventManager : Event: ======'machine_var_audits_switches_s_flipper_right_upper'====== Args={'value': 26, 'prev_value': 25, 'change': 1}
2026-03-02 12:23:37,712 : INFO : SwitchController : <<<<<<< 's_flipper_right_lower' active >>>>>>>
2026-03-02 12:23:37,712 : INFO : EventManager : Event: ======'machine_var_audits_switches_s_flipper_right_lower'====== Args={'value': 26, 'prev_value': 25, 'change': 1}
2026-03-02 12:23:37,864 : INFO : SwitchController : <<<<<<< 's_flipper_right_upper' inactive >>>>>>>
2026-03-02 12:23:37,867 : INFO : SwitchController : <<<<<<< 's_flipper_right_lower' inactive >>>>>>>
2026-03-02 12:23:40,151 : INFO : SwitchController : <<<<<<< 's_flipper_left' active >>>>>>>
2026-03-02 12:23:40,151 : INFO : EventManager : Event: ======'machine_var_audits_switches_s_flipper_left'====== Args={'value': 20, 'prev_value': 19, 'change': 1}
2026-03-02 12:23:40,187 : INFO : SwitchController : <<<<<<< 's_flipper_left_eos' inactive >>>>>>>
2026-03-02 12:23:40,300 : INFO : SwitchController : <<<<<<< 's_sling_right' active >>>>>>>
2026-03-02 12:23:40,300 : INFO : EventManager : Event: ======'s_sling_right_active'====== Args={}
2026-03-02 12:23:40,300 : INFO : EventManager : Event: ======'machine_var_audits_switches_s_sling_right'====== Args={'value': 1, 'prev_value': 0, 'change': 1}
2026-03-02 12:23:40,301 : INFO : EventManager : Event: ======'player_shot_sling_right'====== Args={'value': 1, 'prev_value': 0, 'change': 1, 'player_num': 1}
2026-03-02 12:23:40,302 : INFO : EventManager : Event: ======'machine_var_audits_shots_sling_right'====== Args={'value': 1, 'prev_value': None, 'change': True}
2026-03-02 12:23:40,302 : INFO : EventManager : Event: ======'sling_right_hit'====== Args={'profile': 'default', 'state': 'unlit', 'advancing': True}
2026-03-02 12:23:40,302 : INFO : EventManager : Event: ======'sling_right_default_hit'====== Args={'profile': 'default', 'state': 'unlit', 'advancing': True}
2026-03-02 12:23:40,302 : INFO : EventManager : Event: ======'sling_right_default_unlit_hit'====== Args={'profile': 'default', 'state': 'unlit', 'advancing': True}
2026-03-02 12:23:40,302 : INFO : EventManager : Event: ======'sling_right_unlit_hit'====== Args={'profile': 'default', 'state': 'unlit', 'advancing': True}
2026-03-02 12:23:40,302 : INFO : EventManager : Event: ======'slings_complete'====== Args={'state': 'lit'}
2026-03-02 12:23:40,302 : INFO : EventManager : Event: ======'slings_lit_complete'====== Args={}
2026-03-02 12:23:40,303 : INFO : EventManager : Event: ======'slings_hit'====== Args={'shot': 'sling_right'}
2026-03-02 12:23:40,303 : INFO : EventManager : Event: ======'slings_unlit_hit'====== Args={'shot': 'sling_right'}
2026-03-02 12:23:40,303 : INFO : EventManager : Event: ======'player_score'====== Args={'value': 200, 'prev_value': 100, 'change': 100, 'player_num': 1, 'source': 'bumpers'}
2026-03-02 12:23:40,305 : INFO : SwitchController : <<<<<<< 's_sling_right' inactive >>>>>>>
2026-03-02 12:23:40,320 : INFO : SwitchController : <<<<<<< 's_flipper_left' inactive >>>>>>>
2026-03-02 12:23:40,409 : INFO : SwitchController : <<<<<<< 's_flipper_left_eos' active >>>>>>>
2026-03-02 12:23:40,409 : INFO : EventManager : Event: ======'machine_var_audits_switches_s_flipper_left_eos'====== Args={'value': 9, 'prev_value': 8, 'change': 1}
2026-03-02 12:23:42,298 : INFO : SwitchController : <<<<<<< 's_flipper_right_lower' active >>>>>>>
2026-03-02 12:23:42,298 : INFO : EventManager : Event: ======'machine_var_audits_switches_s_flipper_right_lower'====== Args={'value': 27, 'prev_value': 26, 'change': 1}
2026-03-02 12:23:42,324 : INFO : SwitchController : <<<<<<< 's_flipper_right_lower_eos' inactive >>>>>>>
2026-03-02 12:23:42,343 : INFO : SwitchController : <<<<<<< 's_flipper_right_upper' active >>>>>>>
2026-03-02 12:23:42,343 : INFO : EventManager : Event: ======'machine_var_audits_switches_s_flipper_right_upper'====== Args={'value': 27, 'prev_value': 26, 'change': 1}
2026-03-02 12:23:42,423 : INFO : SwitchController : <<<<<<< 's_flipper_right_upper' inactive >>>>>>>
2026-03-02 12:23:42,432 : INFO : SwitchController : <<<<<<< 's_flipper_right_lower' inactive >>>>>>>
2026-03-02 12:23:42,476 : INFO : SwitchController : <<<<<<< 's_flipper_left' active >>>>>>>
2026-03-02 12:23:42,476 : INFO : EventManager : Event: ======'machine_var_audits_switches_s_flipper_left'====== Args={'value': 21, 'prev_value': 20, 'change': 1}
2026-03-02 12:23:42,498 : INFO : SwitchController : <<<<<<< 's_flipper_left_eos' inactive >>>>>>>
2026-03-02 12:23:42,523 : INFO : SwitchController : <<<<<<< 's_flipper_right_lower_eos' active >>>>>>>
2026-03-02 12:23:42,523 : INFO : EventManager : Event: ======'machine_var_audits_switches_s_flipper_right_lower_eos'====== Args={'value': 16, 'prev_value': 15, 'change': 1}
2026-03-02 12:23:42,561 : INFO : SwitchController : <<<<<<< 's_flipper_left' inactive >>>>>>>
2026-03-02 12:23:42,647 : INFO : SwitchController : <<<<<<< 's_flipper_left_eos' active >>>>>>>
2026-03-02 12:23:42,647 : INFO : EventManager : Event: ======'machine_var_audits_switches_s_flipper_left_eos'====== Args={'value': 10, 'prev_value': 9, 'change': 1}
2026-03-02 12:23:43,941 : INFO : SwitchController : <<<<<<< 's_sling_right' active >>>>>>>
2026-03-02 12:23:43,941 : INFO : EventManager : Event: ======'s_sling_right_active'====== Args={}
2026-03-02 12:23:43,942 : INFO : EventManager : Event: ======'machine_var_audits_switches_s_sling_right'====== Args={'value': 2, 'prev_value': 1, 'change': 1}
2026-03-02 12:23:43,942 : INFO : EventManager : Event: ======'machine_var_audits_shots_sling_right'====== Args={'value': 2, 'prev_value': 1, 'change': 1}
2026-03-02 12:23:43,942 : INFO : EventManager : Event: ======'sling_right_hit'====== Args={'profile': 'default', 'state': 'lit', 'advancing': False}
2026-03-02 12:23:43,942 : INFO : EventManager : Event: ======'sling_right_default_hit'====== Args={'profile': 'default', 'state': 'lit', 'advancing': False}
2026-03-02 12:23:43,943 : INFO : EventManager : Event: ======'sling_right_default_lit_hit'====== Args={'profile': 'default', 'state': 'lit', 'advancing': False}
2026-03-02 12:23:43,943 : INFO : EventManager : Event: ======'sling_right_lit_hit'====== Args={'profile': 'default', 'state': 'lit', 'advancing': False}
2026-03-02 12:23:43,943 : INFO : EventManager : Event: ======'slings_hit'====== Args={'shot': 'sling_right'}
2026-03-02 12:23:43,943 : INFO : EventManager : Event: ======'slings_lit_hit'====== Args={'shot': 'sling_right'}
2026-03-02 12:23:43,943 : INFO : EventManager : Event: ======'player_score'====== Args={'value': 300, 'prev_value': 200, 'change': 100, 'player_num': 1, 'source': 'bumpers'}
2026-03-02 12:23:43,956 : INFO : SwitchController : <<<<<<< 's_sling_right' inactive >>>>>>>
2026-03-02 12:23:44,231 : INFO : SwitchController : <<<<<<< 's_sling_left' active >>>>>>>
2026-03-02 12:23:44,231 : INFO : EventManager : Event: ======'s_sling_left_active'====== Args={}
2026-03-02 12:23:44,232 : INFO : EventManager : Event: ======'machine_var_audits_switches_s_sling_left'====== Args={'value': 2, 'prev_value': 1, 'change': 1}
2026-03-02 12:23:44,232 : INFO : EventManager : Event: ======'machine_var_audits_shots_sling_left'====== Args={'value': 2, 'prev_value': 1, 'change': 1}
2026-03-02 12:23:44,233 : INFO : EventManager : Event: ======'sling_left_hit'====== Args={'profile': 'default', 'state': 'lit', 'advancing': False}
2026-03-02 12:23:44,233 : INFO : EventManager : Event: ======'sling_left_default_hit'====== Args={'profile': 'default', 'state': 'lit', 'advancing': False}
2026-03-02 12:23:44,233 : INFO : EventManager : Event: ======'sling_left_default_lit_hit'====== Args={'profile': 'default', 'state': 'lit', 'advancing': False}
2026-03-02 12:23:44,233 : INFO : EventManager : Event: ======'sling_left_lit_hit'====== Args={'profile': 'default', 'state': 'lit', 'advancing': False}
2026-03-02 12:23:44,233 : INFO : EventManager : Event: ======'slings_hit'====== Args={'shot': 'sling_left'}
2026-03-02 12:23:44,233 : INFO : EventManager : Event: ======'slings_lit_hit'====== Args={'shot': 'sling_left'}
2026-03-02 12:23:44,233 : INFO : EventManager : Event: ======'player_score'====== Args={'value': 400, 'prev_value': 300, 'change': 100, 'player_num': 1, 'source': 'bumpers'}
2026-03-02 12:23:44,247 : INFO : SwitchController : <<<<<<< 's_sling_left' inactive >>>>>>>
2026-03-02 12:23:45,424 : INFO : SwitchController : <<<<<<< 's_flipper_right_lower' active >>>>>>>
2026-03-02 12:23:45,425 : INFO : EventManager : Event: ======'machine_var_audits_switches_s_flipper_right_lower'====== Args={'value': 28, 'prev_value': 27, 'change': 1}
2026-03-02 12:23:45,432 : INFO : SwitchController : <<<<<<< 's_flipper_right_upper' active >>>>>>>
2026-03-02 12:23:45,432 : INFO : EventManager : Event: ======'machine_var_audits_switches_s_flipper_right_upper'====== Args={'value': 28, 'prev_value': 27, 'change': 1}
2026-03-02 12:23:45,453 : INFO : SwitchController : <<<<<<< 's_flipper_right_lower_eos' inactive >>>>>>>
2026-03-02 12:23:45,524 : INFO : SwitchController : <<<<<<< 's_flipper_right_upper' inactive >>>>>>>
2026-03-02 12:23:45,532 : INFO : SwitchController : <<<<<<< 's_flipper_right_lower' inactive >>>>>>>
2026-03-02 12:23:45,631 : INFO : SwitchController : <<<<<<< 's_flipper_right_lower_eos' active >>>>>>>
2026-03-02 12:23:45,631 : INFO : EventManager : Event: ======'machine_var_audits_switches_s_flipper_right_lower_eos'====== Args={'value': 17, 'prev_value': 16, 'change': 1}
2026-03-02 12:23:46,640 : INFO : SwitchController : <<<<<<< 's_flipper_right_upper' active >>>>>>>
2026-03-02 12:23:46,640 : INFO : EventManager : Event: ======'machine_var_audits_switches_s_flipper_right_upper'====== Args={'value': 29, 'prev_value': 28, 'change': 1}
2026-03-02 12:23:46,645 : INFO : SwitchController : <<<<<<< 's_flipper_right_lower' active >>>>>>>
2026-03-02 12:23:46,645 : INFO : EventManager : Event: ======'machine_var_audits_switches_s_flipper_right_lower'====== Args={'value': 29, 'prev_value': 28, 'change': 1}
2026-03-02 12:23:46,655 : INFO : SwitchController : <<<<<<< 's_flipper_right_lower' inactive >>>>>>>
2026-03-02 12:23:46,657 : INFO : SwitchController : <<<<<<< 's_flipper_right_lower' active >>>>>>>
2026-03-02 12:23:46,657 : INFO : EventManager : Event: ======'machine_var_audits_switches_s_flipper_right_lower'====== Args={'value': 30, 'prev_value': 29, 'change': 1}
2026-03-02 12:23:46,676 : INFO : SwitchController : <<<<<<< 's_flipper_right_lower_eos' inactive >>>>>>>
2026-03-02 12:23:46,773 : INFO : SwitchController : <<<<<<< 's_flipper_right_upper' inactive >>>>>>>
2026-03-02 12:23:46,776 : INFO : SwitchController : <<<<<<< 's_flipper_right_lower' inactive >>>>>>>
2026-03-02 12:23:46,878 : INFO : SwitchController : <<<<<<< 's_flipper_right_lower_eos' active >>>>>>>
2026-03-02 12:23:46,878 : INFO : EventManager : Event: ======'machine_var_audits_switches_s_flipper_right_lower_eos'====== Args={'value': 18, 'prev_value': 17, 'change': 1}
2026-03-02 12:23:49,240 : INFO : SwitchController : <<<<<<< 's_flipper_right_lower' active >>>>>>>
2026-03-02 12:23:49,240 : INFO : EventManager : Event: ======'machine_var_audits_switches_s_flipper_right_lower'====== Args={'value': 31, 'prev_value': 30, 'change': 1}
2026-03-02 12:23:49,268 : INFO : SwitchController : <<<<<<< 's_flipper_right_lower_eos' inactive >>>>>>>
2026-03-02 12:23:49,328 : INFO : SwitchController : <<<<<<< 's_flipper_right_lower' inactive >>>>>>>
2026-03-02 12:23:49,429 : INFO : SwitchController : <<<<<<< 's_flipper_right_lower_eos' active >>>>>>>
2026-03-02 12:23:49,430 : INFO : EventManager : Event: ======'machine_var_audits_switches_s_flipper_right_lower_eos'====== Args={'value': 19, 'prev_value': 18, 'change': 1}
2026-03-02 12:23:50,569 : INFO : SwitchController : <<<<<<< 's_flipper_right_lower' active >>>>>>>
2026-03-02 12:23:50,570 : INFO : EventManager : Event: ======'machine_var_audits_switches_s_flipper_right_lower'====== Args={'value': 32, 'prev_value': 31, 'change': 1}
2026-03-02 12:23:50,571 : INFO : SwitchController : <<<<<<< 's_flipper_right_upper' active >>>>>>>
2026-03-02 12:23:50,572 : INFO : EventManager : Event: ======'machine_var_audits_switches_s_flipper_right_upper'====== Args={'value': 30, 'prev_value': 29, 'change': 1}
2026-03-02 12:23:50,722 : INFO : SwitchController : <<<<<<< 's_flipper_right_upper' inactive >>>>>>>
2026-03-02 12:23:50,727 : INFO : SwitchController : <<<<<<< 's_flipper_right_lower' inactive >>>>>>>
2026-03-02 12:23:51,817 : INFO : SwitchController : <<<<<<< 's_flipper_left' active >>>>>>>
2026-03-02 12:23:51,817 : INFO : EventManager : Event: ======'machine_var_audits_switches_s_flipper_left'====== Args={'value': 22, 'prev_value': 21, 'change': 1}
2026-03-02 12:23:51,840 : INFO : SwitchController : <<<<<<< 's_flipper_left_eos' inactive >>>>>>>
2026-03-02 12:23:52,370 : INFO : SwitchController : <<<<<<< 's_flipper_left' inactive >>>>>>>
2026-03-02 12:23:52,456 : INFO : SwitchController : <<<<<<< 's_flipper_left_eos' active >>>>>>>
2026-03-02 12:23:52,457 : INFO : EventManager : Event: ======'machine_var_audits_switches_s_flipper_left_eos'====== Args={'value': 11, 'prev_value': 10, 'change': 1}
2026-03-02 12:23:52,599 : INFO : SwitchController : <<<<<<< 's_flipper_left' active >>>>>>>
2026-03-02 12:23:52,600 : INFO : EventManager : Event: ======'machine_var_audits_switches_s_flipper_left'====== Args={'value': 23, 'prev_value': 22, 'change': 1}
2026-03-02 12:23:52,623 : INFO : SwitchController : <<<<<<< 's_flipper_left_eos' inactive >>>>>>>
2026-03-02 12:23:52,717 : INFO : SwitchController : <<<<<<< 's_flipper_left' inactive >>>>>>>
2026-03-02 12:23:52,804 : INFO : SwitchController : <<<<<<< 's_flipper_left_eos' active >>>>>>>
2026-03-02 12:23:52,804 : INFO : EventManager : Event: ======'machine_var_audits_switches_s_flipper_left_eos'====== Args={'value': 12, 'prev_value': 11, 'change': 1}
2026-03-02 12:23:52,962 : INFO : SwitchController : <<<<<<< 's_flipper_left' active >>>>>>>
2026-03-02 12:23:52,962 : INFO : EventManager : Event: ======'machine_var_audits_switches_s_flipper_left'====== Args={'value': 24, 'prev_value': 23, 'change': 1}
2026-03-02 12:23:52,968 : INFO : SwitchController : <<<<<<< 's_flipper_left' inactive >>>>>>>
2026-03-02 12:23:53,166 : INFO : SwitchController : <<<<<<< 's_flipper_right_lower' active >>>>>>>
2026-03-02 12:23:53,167 : INFO : EventManager : Event: ======'machine_var_audits_switches_s_flipper_right_lower'====== Args={'value': 33, 'prev_value': 32, 'change': 1}
2026-03-02 12:23:53,167 : INFO : SwitchController : <<<<<<< 's_flipper_right_upper' active >>>>>>>
2026-03-02 12:23:53,167 : INFO : EventManager : Event: ======'machine_var_audits_switches_s_flipper_right_upper'====== Args={'value': 31, 'prev_value': 30, 'change': 1}
2026-03-02 12:23:53,194 : INFO : SwitchController : <<<<<<< 's_flipper_right_lower_eos' inactive >>>>>>>
2026-03-02 12:23:53,274 : INFO : SwitchController : <<<<<<< 's_flipper_right_upper' inactive >>>>>>>
2026-03-02 12:23:53,280 : INFO : SwitchController : <<<<<<< 's_flipper_right_lower' inactive >>>>>>>
2026-03-02 12:23:53,382 : INFO : SwitchController : <<<<<<< 's_flipper_right_lower_eos' active >>>>>>>
2026-03-02 12:23:53,382 : INFO : EventManager : Event: ======'machine_var_audits_switches_s_flipper_right_lower_eos'====== Args={'value': 20, 'prev_value': 19, 'change': 1}
2026-03-02 12:23:54,073 : INFO : SwitchController : <<<<<<< 's_flipper_right_lower' active >>>>>>>
2026-03-02 12:23:54,073 : INFO : EventManager : Event: ======'machine_var_audits_switches_s_flipper_right_lower'====== Args={'value': 34, 'prev_value': 33, 'change': 1}
2026-03-02 12:23:54,100 : INFO : SwitchController : <<<<<<< 's_flipper_right_lower_eos' inactive >>>>>>>
2026-03-02 12:23:54,127 : INFO : SwitchController : <<<<<<< 's_flipper_right_lower' inactive >>>>>>>
2026-03-02 12:23:54,229 : INFO : SwitchController : <<<<<<< 's_flipper_right_lower_eos' active >>>>>>>
2026-03-02 12:23:54,229 : INFO : EventManager : Event: ======'machine_var_audits_switches_s_flipper_right_lower_eos'====== Args={'value': 21, 'prev_value': 20, 'change': 1}
2026-03-02 12:23:54,568 : INFO : SwitchController : <<<<<<< 's_flipper_right_lower' active >>>>>>>
2026-03-02 12:23:54,568 : INFO : EventManager : Event: ======'machine_var_audits_switches_s_flipper_right_lower'====== Args={'value': 35, 'prev_value': 34, 'change': 1}
2026-03-02 12:23:54,569 : INFO : SwitchController : <<<<<<< 's_flipper_right_upper' active >>>>>>>
2026-03-02 12:23:54,569 : INFO : EventManager : Event: ======'machine_var_audits_switches_s_flipper_right_upper'====== Args={'value': 32, 'prev_value': 31, 'change': 1}
2026-03-02 12:23:54,597 : INFO : SwitchController : <<<<<<< 's_flipper_right_lower_eos' inactive >>>>>>>
2026-03-02 12:23:54,665 : INFO : SwitchController : <<<<<<< 's_flipper_right_upper' inactive >>>>>>>
2026-03-02 12:23:54,669 : INFO : SwitchController : <<<<<<< 's_flipper_right_lower' inactive >>>>>>>
2026-03-02 12:23:54,773 : INFO : SwitchController : <<<<<<< 's_flipper_right_lower_eos' active >>>>>>>
2026-03-02 12:23:54,773 : INFO : EventManager : Event: ======'machine_var_audits_switches_s_flipper_right_lower_eos'====== Args={'value': 22, 'prev_value': 21, 'change': 1}
2026-03-02 12:23:55,591 : INFO : SwitchController : <<<<<<< 's_flipper_left' active >>>>>>>
2026-03-02 12:23:55,592 : INFO : EventManager : Event: ======'machine_var_audits_switches_s_flipper_left'====== Args={'value': 25, 'prev_value': 24, 'change': 1}
2026-03-02 12:23:55,613 : INFO : SwitchController : <<<<<<< 's_flipper_left_eos' inactive >>>>>>>
2026-03-02 12:23:55,737 : INFO : SwitchController : <<<<<<< 's_flipper_left' inactive >>>>>>>
2026-03-02 12:23:55,825 : INFO : SwitchController : <<<<<<< 's_flipper_left_eos' active >>>>>>>
2026-03-02 12:23:55,825 : INFO : EventManager : Event: ======'machine_var_audits_switches_s_flipper_left_eos'====== Args={'value': 13, 'prev_value': 12, 'change': 1}
2026-03-02 12:23:56,188 : INFO : SwitchController : <<<<<<< 's_flipper_right_lower' active >>>>>>>
2026-03-02 12:23:56,189 : INFO : EventManager : Event: ======'machine_var_audits_switches_s_flipper_right_lower'====== Args={'value': 36, 'prev_value': 35, 'change': 1}
2026-03-02 12:23:56,189 : INFO : SwitchController : <<<<<<< 's_flipper_right_upper' active >>>>>>>
2026-03-02 12:23:56,189 : INFO : EventManager : Event: ======'machine_var_audits_switches_s_flipper_right_upper'====== Args={'value': 33, 'prev_value': 32, 'change': 1}
2026-03-02 12:23:56,217 : INFO : SwitchController : <<<<<<< 's_flipper_right_lower_eos' inactive >>>>>>>
2026-03-02 12:23:56,351 : INFO : SwitchController : <<<<<<< 's_flipper_right_upper' inactive >>>>>>>
2026-03-02 12:23:56,355 : INFO : SwitchController : <<<<<<< 's_flipper_right_lower' inactive >>>>>>>
2026-03-02 12:23:56,453 : INFO : SwitchController : <<<<<<< 's_flipper_right_lower_eos' active >>>>>>>
2026-03-02 12:23:56,453 : INFO : EventManager : Event: ======'machine_var_audits_switches_s_flipper_right_lower_eos'====== Args={'value': 23, 'prev_value': 22, 'change': 1}
2026-03-02 12:23:56,921 : INFO : SwitchController : <<<<<<< 's_flipper_left' active >>>>>>>
2026-03-02 12:23:56,922 : INFO : EventManager : Event: ======'machine_var_audits_switches_s_flipper_left'====== Args={'value': 26, 'prev_value': 25, 'change': 1}
2026-03-02 12:23:56,955 : INFO : SwitchController : <<<<<<< 's_flipper_left_eos' inactive >>>>>>>
2026-03-02 12:23:57,053 : INFO : SwitchController : <<<<<<< 's_flipper_left' inactive >>>>>>>
2026-03-02 12:23:57,143 : INFO : SwitchController : <<<<<<< 's_flipper_left_eos' active >>>>>>>
2026-03-02 12:23:57,143 : INFO : EventManager : Event: ======'machine_var_audits_switches_s_flipper_left_eos'====== Args={'value': 14, 'prev_value': 13, 'change': 1}
2026-03-02 12:23:57,558 : INFO : SwitchController : <<<<<<< 's_flipper_left' active >>>>>>>
2026-03-02 12:23:57,558 : INFO : EventManager : Event: ======'machine_var_audits_switches_s_flipper_left'====== Args={'value': 27, 'prev_value': 26, 'change': 1}
2026-03-02 12:23:57,580 : INFO : SwitchController : <<<<<<< 's_flipper_left_eos' inactive >>>>>>>
2026-03-02 12:23:57,704 : INFO : SwitchController : <<<<<<< 's_flipper_left' inactive >>>>>>>
2026-03-02 12:23:57,735 : INFO : SwitchController : <<<<<<< 's_sling_left' active >>>>>>>
2026-03-02 12:23:57,735 : INFO : EventManager : Event: ======'s_sling_left_active'====== Args={}
2026-03-02 12:23:57,736 : INFO : EventManager : Event: ======'machine_var_audits_switches_s_sling_left'====== Args={'value': 3, 'prev_value': 2, 'change': 1}
2026-03-02 12:23:57,736 : INFO : EventManager : Event: ======'machine_var_audits_shots_sling_left'====== Args={'value': 3, 'prev_value': 2, 'change': 1}
2026-03-02 12:23:57,737 : INFO : EventManager : Event: ======'sling_left_hit'====== Args={'profile': 'default', 'state': 'lit', 'advancing': False}
2026-03-02 12:23:57,737 : INFO : EventManager : Event: ======'sling_left_default_hit'====== Args={'profile': 'default', 'state': 'lit', 'advancing': False}
2026-03-02 12:23:57,737 : INFO : EventManager : Event: ======'sling_left_default_lit_hit'====== Args={'profile': 'default', 'state': 'lit', 'advancing': False}
2026-03-02 12:23:57,737 : INFO : EventManager : Event: ======'sling_left_lit_hit'====== Args={'profile': 'default', 'state': 'lit', 'advancing': False}
2026-03-02 12:23:57,737 : INFO : EventManager : Event: ======'slings_hit'====== Args={'shot': 'sling_left'}
2026-03-02 12:23:57,737 : INFO : EventManager : Event: ======'slings_lit_hit'====== Args={'shot': 'sling_left'}
2026-03-02 12:23:57,737 : INFO : EventManager : Event: ======'player_score'====== Args={'value': 500, 'prev_value': 400, 'change': 100, 'player_num': 1, 'source': 'bumpers'}
2026-03-02 12:23:57,756 : INFO : SwitchController : <<<<<<< 's_sling_left' inactive >>>>>>>
2026-03-02 12:23:57,794 : INFO : SwitchController : <<<<<<< 's_flipper_left_eos' active >>>>>>>
2026-03-02 12:23:57,795 : INFO : EventManager : Event: ======'machine_var_audits_switches_s_flipper_left_eos'====== Args={'value': 15, 'prev_value': 14, 'change': 1}
2026-03-02 12:23:58,067 : INFO : SwitchController : <<<<<<< 's_flipper_left' active >>>>>>>
2026-03-02 12:23:58,068 : INFO : EventManager : Event: ======'machine_var_audits_switches_s_flipper_left'====== Args={'value': 28, 'prev_value': 27, 'change': 1}
2026-03-02 12:23:58,068 : INFO : SwitchController : <<<<<<< 's_flipper_right_lower' active >>>>>>>
2026-03-02 12:23:58,069 : INFO : EventManager : Event: ======'machine_var_audits_switches_s_flipper_right_lower'====== Args={'value': 37, 'prev_value': 36, 'change': 1}
2026-03-02 12:23:58,069 : INFO : SwitchController : <<<<<<< 's_flipper_right_upper' active >>>>>>>
2026-03-02 12:23:58,070 : INFO : EventManager : Event: ======'machine_var_audits_switches_s_flipper_right_upper'====== Args={'value': 34, 'prev_value': 33, 'change': 1}
2026-03-02 12:23:58,092 : INFO : SwitchController : <<<<<<< 's_flipper_left_eos' inactive >>>>>>>
2026-03-02 12:23:58,099 : INFO : SwitchController : <<<<<<< 's_flipper_right_lower_eos' inactive >>>>>>>
2026-03-02 12:23:58,170 : INFO : SwitchController : <<<<<<< 's_flipper_left' inactive >>>>>>>
2026-03-02 12:23:58,225 : INFO : SwitchController : <<<<<<< 's_flipper_right_upper' inactive >>>>>>>
2026-03-02 12:23:58,229 : INFO : SwitchController : <<<<<<< 's_flipper_right_lower' inactive >>>>>>>
2026-03-02 12:23:58,259 : INFO : SwitchController : <<<<<<< 's_flipper_left_eos' active >>>>>>>
2026-03-02 12:23:58,259 : INFO : EventManager : Event: ======'machine_var_audits_switches_s_flipper_left_eos'====== Args={'value': 16, 'prev_value': 15, 'change': 1}
2026-03-02 12:23:58,337 : INFO : SwitchController : <<<<<<< 's_flipper_right_lower_eos' active >>>>>>>
2026-03-02 12:23:58,338 : INFO : EventManager : Event: ======'machine_var_audits_switches_s_flipper_right_lower_eos'====== Args={'value': 24, 'prev_value': 23, 'change': 1}
2026-03-02 12:24:00,396 : INFO : SwitchController : <<<<<<< 's_flipper_right_lower' active >>>>>>>
2026-03-02 12:24:00,396 : INFO : EventManager : Event: ======'machine_var_audits_switches_s_flipper_right_lower'====== Args={'value': 38, 'prev_value': 37, 'change': 1}
2026-03-02 12:24:00,396 : INFO : SwitchController : <<<<<<< 's_flipper_right_upper' active >>>>>>>
2026-03-02 12:24:00,397 : INFO : EventManager : Event: ======'machine_var_audits_switches_s_flipper_right_upper'====== Args={'value': 35, 'prev_value': 34, 'change': 1}
2026-03-02 12:24:00,423 : INFO : SwitchController : <<<<<<< 's_flipper_right_lower_eos' inactive >>>>>>>
2026-03-02 12:24:00,507 : INFO : SwitchController : <<<<<<< 's_flipper_right_upper' inactive >>>>>>>
2026-03-02 12:24:00,509 : INFO : SwitchController : <<<<<<< 's_flipper_right_lower' inactive >>>>>>>
2026-03-02 12:24:00,516 : INFO : SwitchController : <<<<<<< 's_flipper_left' active >>>>>>>
2026-03-02 12:24:00,517 : INFO : EventManager : Event: ======'machine_var_audits_switches_s_flipper_left'====== Args={'value': 29, 'prev_value': 28, 'change': 1}
2026-03-02 12:24:00,554 : INFO : SwitchController : <<<<<<< 's_flipper_left_eos' inactive >>>>>>>
2026-03-02 12:24:00,611 : INFO : SwitchController : <<<<<<< 's_flipper_right_lower_eos' active >>>>>>>
2026-03-02 12:24:00,611 : INFO : EventManager : Event: ======'machine_var_audits_switches_s_flipper_right_lower_eos'====== Args={'value': 25, 'prev_value': 24, 'change': 1}
2026-03-02 12:24:00,660 : INFO : SwitchController : <<<<<<< 's_flipper_left' inactive >>>>>>>
2026-03-02 12:24:00,748 : INFO : SwitchController : <<<<<<< 's_flipper_left_eos' active >>>>>>>
2026-03-02 12:24:00,748 : INFO : EventManager : Event: ======'machine_var_audits_switches_s_flipper_left_eos'====== Args={'value': 17, 'prev_value': 16, 'change': 1}
2026-03-02 12:24:10,741 : INFO : SwitchController : <<<<<<< 's_flipper_right_upper' active >>>>>>>
2026-03-02 12:24:10,741 : INFO : EventManager : Event: ======'machine_var_audits_switches_s_flipper_right_upper'====== Args={'value': 36, 'prev_value': 35, 'change': 1}
2026-03-02 12:24:10,742 : INFO : SwitchController : <<<<<<< 's_flipper_right_lower' active >>>>>>>
2026-03-02 12:24:10,742 : INFO : EventManager : Event: ======'machine_var_audits_switches_s_flipper_right_lower'====== Args={'value': 39, 'prev_value': 38, 'change': 1}
2026-03-02 12:24:11,451 : INFO : SwitchController : <<<<<<< 's_flipper_left' active >>>>>>>
2026-03-02 12:24:11,451 : INFO : EventManager : Event: ======'machine_var_audits_switches_s_flipper_left'====== Args={'value': 30, 'prev_value': 29, 'change': 1}
2026-03-02 12:24:11,474 : INFO : SwitchController : <<<<<<< 's_flipper_left_eos' inactive >>>>>>>
2026-03-02 12:24:11,530 : INFO : SwitchController : <<<<<<< 's_sling_left' active >>>>>>>
2026-03-02 12:24:11,530 : INFO : EventManager : Event: ======'s_sling_left_active'====== Args={}
2026-03-02 12:24:11,530 : INFO : EventManager : Event: ======'machine_var_audits_switches_s_sling_left'====== Args={'value': 4, 'prev_value': 3, 'change': 1}
2026-03-02 12:24:11,531 : INFO : EventManager : Event: ======'machine_var_audits_shots_sling_left'====== Args={'value': 4, 'prev_value': 3, 'change': 1}
2026-03-02 12:24:11,531 : INFO : EventManager : Event: ======'sling_left_hit'====== Args={'profile': 'default', 'state': 'lit', 'advancing': False}
2026-03-02 12:24:11,531 : INFO : EventManager : Event: ======'sling_left_default_hit'====== Args={'profile': 'default', 'state': 'lit', 'advancing': False}
2026-03-02 12:24:11,531 : INFO : EventManager : Event: ======'sling_left_default_lit_hit'====== Args={'profile': 'default', 'state': 'lit', 'advancing': False}
2026-03-02 12:24:11,531 : INFO : EventManager : Event: ======'sling_left_lit_hit'====== Args={'profile': 'default', 'state': 'lit', 'advancing': False}
2026-03-02 12:24:11,532 : INFO : EventManager : Event: ======'slings_hit'====== Args={'shot': 'sling_left'}
2026-03-02 12:24:11,532 : INFO : EventManager : Event: ======'slings_lit_hit'====== Args={'shot': 'sling_left'}
2026-03-02 12:24:11,532 : INFO : EventManager : Event: ======'player_score'====== Args={'value': 600, 'prev_value': 500, 'change': 100, 'player_num': 1, 'source': 'bumpers'}
2026-03-02 12:24:11,547 : INFO : SwitchController : <<<<<<< 's_sling_left' inactive >>>>>>>
2026-03-02 12:24:11,650 : INFO : SwitchController : <<<<<<< 's_flipper_left' inactive >>>>>>>
2026-03-02 12:24:11,738 : INFO : SwitchController : <<<<<<< 's_flipper_left_eos' active >>>>>>>
2026-03-02 12:24:11,738 : INFO : EventManager : Event: ======'machine_var_audits_switches_s_flipper_left_eos'====== Args={'value': 18, 'prev_value': 17, 'change': 1}
2026-03-02 12:24:12,062 : INFO : SwitchController : <<<<<<< 's_flipper_right_upper' inactive >>>>>>>
2026-03-02 12:24:12,067 : INFO : SwitchController : <<<<<<< 's_flipper_right_lower' inactive >>>>>>>
2026-03-02 12:24:12,239 : INFO : SwitchController : <<<<<<< 's_flipper_right_lower' active >>>>>>>
2026-03-02 12:24:12,239 : INFO : EventManager : Event: ======'machine_var_audits_switches_s_flipper_right_lower'====== Args={'value': 40, 'prev_value': 39, 'change': 1}
2026-03-02 12:24:12,245 : INFO : SwitchController : <<<<<<< 's_flipper_right_upper' active >>>>>>>
2026-03-02 12:24:12,245 : INFO : EventManager : Event: ======'machine_var_audits_switches_s_flipper_right_upper'====== Args={'value': 37, 'prev_value': 36, 'change': 1}
2026-03-02 12:24:12,266 : INFO : SwitchController : <<<<<<< 's_flipper_right_lower_eos' inactive >>>>>>>
2026-03-02 12:24:12,327 : INFO : SwitchController : <<<<<<< 's_flipper_right_upper' inactive >>>>>>>
2026-03-02 12:24:12,334 : INFO : SwitchController : <<<<<<< 's_flipper_right_lower' inactive >>>>>>>
2026-03-02 12:24:12,438 : INFO : SwitchController : <<<<<<< 's_flipper_right_lower_eos' active >>>>>>>
2026-03-02 12:24:12,438 : INFO : EventManager : Event: ======'machine_var_audits_switches_s_flipper_right_lower_eos'====== Args={'value': 26, 'prev_value': 25, 'change': 1}
2026-03-02 12:24:12,511 : INFO : SwitchController : <<<<<<< 's_flipper_left' active >>>>>>>
2026-03-02 12:24:12,511 : INFO : EventManager : Event: ======'machine_var_audits_switches_s_flipper_left'====== Args={'value': 31, 'prev_value': 30, 'change': 1}
2026-03-02 12:24:12,544 : INFO : SwitchController : <<<<<<< 's_flipper_left_eos' inactive >>>>>>>
2026-03-02 12:24:12,646 : INFO : SwitchController : <<<<<<< 's_flipper_left' inactive >>>>>>>
2026-03-02 12:24:12,732 : INFO : SwitchController : <<<<<<< 's_flipper_left_eos' active >>>>>>>
2026-03-02 12:24:12,732 : INFO : EventManager : Event: ======'machine_var_audits_switches_s_flipper_left_eos'====== Args={'value': 19, 'prev_value': 18, 'change': 1}
2026-03-02 12:24:13,700 : INFO : SwitchController : <<<<<<< 's_flipper_right_lower' active >>>>>>>
2026-03-02 12:24:13,700 : INFO : EventManager : Event: ======'machine_var_audits_switches_s_flipper_right_lower'====== Args={'value': 41, 'prev_value': 40, 'change': 1}
2026-03-02 12:24:13,727 : INFO : SwitchController : <<<<<<< 's_flipper_right_lower_eos' inactive >>>>>>>
2026-03-02 12:24:13,780 : INFO : SwitchController : <<<<<<< 's_flipper_right_lower' inactive >>>>>>>
2026-03-02 12:24:13,874 : INFO : SwitchController : <<<<<<< 's_flipper_right_lower_eos' active >>>>>>>
2026-03-02 12:24:13,875 : INFO : EventManager : Event: ======'machine_var_audits_switches_s_flipper_right_lower_eos'====== Args={'value': 27, 'prev_value': 26, 'change': 1}
2026-03-02 12:24:15,081 : INFO : SwitchController : <<<<<<< 's_flipper_left' active >>>>>>>
2026-03-02 12:24:15,081 : INFO : EventManager : Event: ======'machine_var_audits_switches_s_flipper_left'====== Args={'value': 32, 'prev_value': 31, 'change': 1}
2026-03-02 12:24:15,119 : INFO : SwitchController : <<<<<<< 's_flipper_left_eos' inactive >>>>>>>
2026-03-02 12:24:15,301 : INFO : SwitchController : <<<<<<< 's_flipper_left' inactive >>>>>>>
2026-03-02 12:24:15,387 : INFO : SwitchController : <<<<<<< 's_flipper_left_eos' active >>>>>>>
2026-03-02 12:24:15,387 : INFO : EventManager : Event: ======'machine_var_audits_switches_s_flipper_left_eos'====== Args={'value': 20, 'prev_value': 19, 'change': 1}
2026-03-02 12:24:16,028 : INFO : SwitchController : <<<<<<< 's_flipper_right_lower' active >>>>>>>
2026-03-02 12:24:16,029 : INFO : EventManager : Event: ======'machine_var_audits_switches_s_flipper_right_lower'====== Args={'value': 42, 'prev_value': 41, 'change': 1}
2026-03-02 12:24:16,045 : INFO : SwitchController : <<<<<<< 's_flipper_right_upper' active >>>>>>>
2026-03-02 12:24:16,045 : INFO : EventManager : Event: ======'machine_var_audits_switches_s_flipper_right_upper'====== Args={'value': 38, 'prev_value': 37, 'change': 1}
2026-03-02 12:24:16,060 : INFO : SwitchController : <<<<<<< 's_flipper_right_lower_eos' inactive >>>>>>>
2026-03-02 12:24:16,132 : INFO : SwitchController : <<<<<<< 's_flipper_right_upper' inactive >>>>>>>
2026-03-02 12:24:16,137 : INFO : SwitchController : <<<<<<< 's_flipper_right_lower' inactive >>>>>>>
2026-03-02 12:24:16,236 : INFO : SwitchController : <<<<<<< 's_flipper_right_lower_eos' active >>>>>>>
2026-03-02 12:24:16,236 : INFO : EventManager : Event: ======'machine_var_audits_switches_s_flipper_right_lower_eos'====== Args={'value': 28, 'prev_value': 27, 'change': 1}
2026-03-02 12:24:17,488 : INFO : SwitchController : <<<<<<< 's_flipper_left' active >>>>>>>
2026-03-02 12:24:17,488 : INFO : EventManager : Event: ======'machine_var_audits_switches_s_flipper_left'====== Args={'value': 33, 'prev_value': 32, 'change': 1}
2026-03-02 12:24:17,489 : INFO : SwitchController : <<<<<<< 's_flipper_left_eos' inactive >>>>>>>
2026-03-02 12:24:17,767 : INFO : SwitchController : <<<<<<< 's_flipper_left' inactive >>>>>>>
2026-03-02 12:24:17,856 : INFO : SwitchController : <<<<<<< 's_flipper_left_eos' active >>>>>>>
2026-03-02 12:24:17,856 : INFO : EventManager : Event: ======'machine_var_audits_switches_s_flipper_left_eos'====== Args={'value': 21, 'prev_value': 20, 'change': 1}
2026-03-02 12:24:18,581 : INFO : SwitchController : <<<<<<< 's_flipper_right_lower' active >>>>>>>
2026-03-02 12:24:18,581 : INFO : EventManager : Event: ======'machine_var_audits_switches_s_flipper_right_lower'====== Args={'value': 43, 'prev_value': 42, 'change': 1}
2026-03-02 12:24:18,589 : INFO : SwitchController : <<<<<<< 's_flipper_right_upper' active >>>>>>>
2026-03-02 12:24:18,589 : INFO : EventManager : Event: ======'machine_var_audits_switches_s_flipper_right_upper'====== Args={'value': 39, 'prev_value': 38, 'change': 1}
2026-03-02 12:24:18,609 : INFO : SwitchController : <<<<<<< 's_flipper_right_lower_eos' inactive >>>>>>>
2026-03-02 12:24:18,723 : INFO : SwitchController : <<<<<<< 's_flipper_right_upper' inactive >>>>>>>
2026-03-02 12:24:18,728 : INFO : SwitchController : <<<<<<< 's_flipper_right_lower' inactive >>>>>>>
2026-03-02 12:24:18,751 : INFO : SwitchController : <<<<<<< 's_flipper_left' active >>>>>>>
2026-03-02 12:24:18,752 : INFO : EventManager : Event: ======'machine_var_audits_switches_s_flipper_left'====== Args={'value': 34, 'prev_value': 33, 'change': 1}
2026-03-02 12:24:18,790 : INFO : SwitchController : <<<<<<< 's_flipper_left_eos' inactive >>>>>>>
2026-03-02 12:24:18,825 : INFO : SwitchController : <<<<<<< 's_flipper_right_lower_eos' active >>>>>>>
2026-03-02 12:24:18,825 : INFO : EventManager : Event: ======'machine_var_audits_switches_s_flipper_right_lower_eos'====== Args={'value': 29, 'prev_value': 28, 'change': 1}
2026-03-02 12:24:18,894 : INFO : SwitchController : <<<<<<< 's_flipper_left' inactive >>>>>>>
2026-03-02 12:24:18,981 : INFO : SwitchController : <<<<<<< 's_flipper_left_eos' active >>>>>>>
2026-03-02 12:24:18,981 : INFO : EventManager : Event: ======'machine_var_audits_switches_s_flipper_left_eos'====== Args={'value': 22, 'prev_value': 21, 'change': 1}
2026-03-02 12:24:19,728 : INFO : SwitchController : <<<<<<< 's_flipper_right_lower' active >>>>>>>
2026-03-02 12:24:19,729 : INFO : EventManager : Event: ======'machine_var_audits_switches_s_flipper_right_lower'====== Args={'value': 44, 'prev_value': 43, 'change': 1}
2026-03-02 12:24:19,731 : INFO : SwitchController : <<<<<<< 's_flipper_right_upper' active >>>>>>>
2026-03-02 12:24:19,731 : INFO : EventManager : Event: ======'machine_var_audits_switches_s_flipper_right_upper'====== Args={'value': 40, 'prev_value': 39, 'change': 1}
2026-03-02 12:24:19,755 : INFO : SwitchController : <<<<<<< 's_flipper_right_lower_eos' inactive >>>>>>>
2026-03-02 12:24:19,886 : INFO : SwitchController : <<<<<<< 's_flipper_right_upper' inactive >>>>>>>
2026-03-02 12:24:19,890 : INFO : SwitchController : <<<<<<< 's_flipper_right_lower' inactive >>>>>>>
2026-03-02 12:24:19,995 : INFO : SwitchController : <<<<<<< 's_flipper_right_lower_eos' active >>>>>>>
2026-03-02 12:24:19,995 : INFO : EventManager : Event: ======'machine_var_audits_switches_s_flipper_right_lower_eos'====== Args={'value': 30, 'prev_value': 29, 'change': 1}
2026-03-02 12:24:20,549 : INFO : SwitchController : <<<<<<< 's_flipper_right_lower' active >>>>>>>
2026-03-02 12:24:20,549 : INFO : EventManager : Event: ======'machine_var_audits_switches_s_flipper_right_lower'====== Args={'value': 45, 'prev_value': 44, 'change': 1}
2026-03-02 12:24:20,551 : INFO : SwitchController : <<<<<<< 's_flipper_right_upper' active >>>>>>>
2026-03-02 12:24:20,551 : INFO : EventManager : Event: ======'machine_var_audits_switches_s_flipper_right_upper'====== Args={'value': 41, 'prev_value': 40, 'change': 1}
2026-03-02 12:24:20,579 : INFO : SwitchController : <<<<<<< 's_flipper_right_lower_eos' inactive >>>>>>>
2026-03-02 12:24:20,643 : INFO : SwitchController : <<<<<<< 's_flipper_left' active >>>>>>>
2026-03-02 12:24:20,643 : INFO : EventManager : Event: ======'machine_var_audits_switches_s_flipper_left'====== Args={'value': 35, 'prev_value': 34, 'change': 1}
2026-03-02 12:24:20,657 : INFO : SwitchController : <<<<<<< 's_flipper_right_upper' inactive >>>>>>>
2026-03-02 12:24:20,662 : INFO : SwitchController : <<<<<<< 's_flipper_right_lower' inactive >>>>>>>
2026-03-02 12:24:20,665 : INFO : SwitchController : <<<<<<< 's_flipper_left_eos' inactive >>>>>>>
2026-03-02 12:24:20,767 : INFO : SwitchController : <<<<<<< 's_flipper_right_lower_eos' active >>>>>>>
2026-03-02 12:24:20,768 : INFO : EventManager : Event: ======'machine_var_audits_switches_s_flipper_right_lower_eos'====== Args={'value': 31, 'prev_value': 30, 'change': 1}
2026-03-02 12:24:20,826 : INFO : SwitchController : <<<<<<< 's_flipper_left' inactive >>>>>>>
2026-03-02 12:24:20,916 : INFO : SwitchController : <<<<<<< 's_flipper_left_eos' active >>>>>>>
2026-03-02 12:24:20,916 : INFO : EventManager : Event: ======'machine_var_audits_switches_s_flipper_left_eos'====== Args={'value': 23, 'prev_value': 22, 'change': 1}
2026-03-02 12:24:21,718 : INFO : SwitchController : <<<<<<< 's_flipper_left' active >>>>>>>
2026-03-02 12:24:21,718 : INFO : EventManager : Event: ======'machine_var_audits_switches_s_flipper_left'====== Args={'value': 36, 'prev_value': 35, 'change': 1}
2026-03-02 12:24:21,757 : INFO : SwitchController : <<<<<<< 's_flipper_left_eos' inactive >>>>>>>
2026-03-02 12:24:21,857 : INFO : SwitchController : <<<<<<< 's_flipper_left' inactive >>>>>>>
2026-03-02 12:24:21,945 : INFO : SwitchController : <<<<<<< 's_flipper_left_eos' active >>>>>>>
2026-03-02 12:24:21,945 : INFO : EventManager : Event: ======'machine_var_audits_switches_s_flipper_left_eos'====== Args={'value': 24, 'prev_value': 23, 'change': 1}
2026-03-02 12:24:22,607 : INFO : SwitchController : <<<<<<< 's_flipper_right_lower' active >>>>>>>
2026-03-02 12:24:22,607 : INFO : EventManager : Event: ======'machine_var_audits_switches_s_flipper_right_lower'====== Args={'value': 46, 'prev_value': 45, 'change': 1}
2026-03-02 12:24:22,626 : INFO : SwitchController : <<<<<<< 's_flipper_right_upper' active >>>>>>>
2026-03-02 12:24:22,626 : INFO : EventManager : Event: ======'machine_var_audits_switches_s_flipper_right_upper'====== Args={'value': 42, 'prev_value': 41, 'change': 1}
2026-03-02 12:24:22,642 : INFO : SwitchController : <<<<<<< 's_flipper_right_lower_eos' inactive >>>>>>>
2026-03-02 12:24:22,711 : INFO : SwitchController : <<<<<<< 's_flipper_right_upper' inactive >>>>>>>
2026-03-02 12:24:22,716 : INFO : SwitchController : <<<<<<< 's_flipper_right_lower' inactive >>>>>>>
2026-03-02 12:24:22,823 : INFO : SwitchController : <<<<<<< 's_flipper_right_lower_eos' active >>>>>>>
2026-03-02 12:24:22,823 : INFO : EventManager : Event: ======'machine_var_audits_switches_s_flipper_right_lower_eos'====== Args={'value': 32, 'prev_value': 31, 'change': 1}
2026-03-02 12:24:23,775 : INFO : SwitchController : <<<<<<< 's_flipper_right_lower' active >>>>>>>
2026-03-02 12:24:23,776 : INFO : EventManager : Event: ======'machine_var_audits_switches_s_flipper_right_lower'====== Args={'value': 47, 'prev_value': 46, 'change': 1}
2026-03-02 12:24:23,790 : INFO : SwitchController : <<<<<<< 's_flipper_right_upper' active >>>>>>>
2026-03-02 12:24:23,791 : INFO : EventManager : Event: ======'machine_var_audits_switches_s_flipper_right_upper'====== Args={'value': 43, 'prev_value': 42, 'change': 1}
2026-03-02 12:24:23,806 : INFO : SwitchController : <<<<<<< 's_flipper_right_lower_eos' inactive >>>>>>>
2026-03-02 12:24:23,926 : INFO : SwitchController : <<<<<<< 's_flipper_right_upper' inactive >>>>>>>
2026-03-02 12:24:23,934 : INFO : SwitchController : <<<<<<< 's_flipper_right_lower' inactive >>>>>>>
2026-03-02 12:24:24,034 : INFO : SwitchController : <<<<<<< 's_flipper_right_lower_eos' active >>>>>>>
2026-03-02 12:24:24,034 : INFO : EventManager : Event: ======'machine_var_audits_switches_s_flipper_right_lower_eos'====== Args={'value': 33, 'prev_value': 32, 'change': 1}
2026-03-02 12:24:24,290 : INFO : SwitchController : <<<<<<< 's_flipper_left' active >>>>>>>
2026-03-02 12:24:24,290 : INFO : EventManager : Event: ======'machine_var_audits_switches_s_flipper_left'====== Args={'value': 37, 'prev_value': 36, 'change': 1}
2026-03-02 12:24:24,320 : INFO : SwitchController : <<<<<<< 's_flipper_left_eos' inactive >>>>>>>
2026-03-02 12:24:24,449 : INFO : SwitchController : <<<<<<< 's_flipper_left' inactive >>>>>>>
2026-03-02 12:24:24,536 : INFO : SwitchController : <<<<<<< 's_flipper_left_eos' active >>>>>>>
2026-03-02 12:24:24,536 : INFO : EventManager : Event: ======'machine_var_audits_switches_s_flipper_left_eos'====== Args={'value': 25, 'prev_value': 24, 'change': 1}
2026-03-02 12:24:25,839 : INFO : SwitchController : <<<<<<< 's_flipper_right_lower' active >>>>>>>
2026-03-02 12:24:25,839 : INFO : EventManager : Event: ======'machine_var_audits_switches_s_flipper_right_lower'====== Args={'value': 48, 'prev_value': 47, 'change': 1}
2026-03-02 12:24:25,843 : INFO : SwitchController : <<<<<<< 's_flipper_right_upper' active >>>>>>>
2026-03-02 12:24:25,843 : INFO : EventManager : Event: ======'machine_var_audits_switches_s_flipper_right_upper'====== Args={'value': 44, 'prev_value': 43, 'change': 1}
2026-03-02 12:24:25,870 : INFO : SwitchController : <<<<<<< 's_flipper_right_lower_eos' inactive >>>>>>>
2026-03-02 12:24:25,963 : INFO : SwitchController : <<<<<<< 's_flipper_right_upper' inactive >>>>>>>
2026-03-02 12:24:25,978 : INFO : SwitchController : <<<<<<< 's_flipper_right_lower' inactive >>>>>>>
2026-03-02 12:24:26,077 : INFO : SwitchController : <<<<<<< 's_flipper_right_lower_eos' active >>>>>>>
2026-03-02 12:24:26,078 : INFO : EventManager : Event: ======'machine_var_audits_switches_s_flipper_right_lower_eos'====== Args={'value': 34, 'prev_value': 33, 'change': 1}
2026-03-02 12:24:29,727 : INFO : SwitchController : <<<<<<< 's_flipper_left' active >>>>>>>
2026-03-02 12:24:29,727 : INFO : EventManager : Event: ======'machine_var_audits_switches_s_flipper_left'====== Args={'value': 38, 'prev_value': 37, 'change': 1}
2026-03-02 12:24:29,750 : INFO : SwitchController : <<<<<<< 's_flipper_left_eos' inactive >>>>>>>
2026-03-02 12:24:30,546 : INFO : SwitchController : <<<<<<< 's_flipper_left' inactive >>>>>>>
2026-03-02 12:24:30,634 : INFO : SwitchController : <<<<<<< 's_flipper_left_eos' active >>>>>>>
2026-03-02 12:24:30,634 : INFO : EventManager : Event: ======'machine_var_audits_switches_s_flipper_left_eos'====== Args={'value': 26, 'prev_value': 25, 'change': 1}
2026-03-02 12:24:31,306 : INFO : SwitchController : <<<<<<< 's_flipper_left' active >>>>>>>
2026-03-02 12:24:31,306 : INFO : EventManager : Event: ======'machine_var_audits_switches_s_flipper_left'====== Args={'value': 39, 'prev_value': 38, 'change': 1}
2026-03-02 12:24:31,312 : INFO : SwitchController : <<<<<<< 's_flipper_left' inactive >>>>>>>
2026-03-02 12:24:31,316 : INFO : SwitchController : <<<<<<< 's_flipper_left' active >>>>>>>
2026-03-02 12:24:31,316 : INFO : EventManager : Event: ======'machine_var_audits_switches_s_flipper_left'====== Args={'value': 40, 'prev_value': 39, 'change': 1}
2026-03-02 12:24:31,347 : INFO : SwitchController : <<<<<<< 's_flipper_left_eos' inactive >>>>>>>
2026-03-02 12:24:31,461 : INFO : SwitchController : <<<<<<< 's_flipper_left' inactive >>>>>>>
2026-03-02 12:24:31,549 : INFO : SwitchController : <<<<<<< 's_flipper_left_eos' active >>>>>>>
2026-03-02 12:24:31,550 : INFO : EventManager : Event: ======'machine_var_audits_switches_s_flipper_left_eos'====== Args={'value': 27, 'prev_value': 26, 'change': 1}
2026-03-02 12:24:32,165 : INFO : SwitchController : <<<<<<< 's_flipper_right_lower' active >>>>>>>
2026-03-02 12:24:32,165 : INFO : EventManager : Event: ======'machine_var_audits_switches_s_flipper_right_lower'====== Args={'value': 49, 'prev_value': 48, 'change': 1}
2026-03-02 12:24:32,170 : INFO : SwitchController : <<<<<<< 's_flipper_right_upper' active >>>>>>>
2026-03-02 12:24:32,170 : INFO : EventManager : Event: ======'machine_var_audits_switches_s_flipper_right_upper'====== Args={'value': 45, 'prev_value': 44, 'change': 1}
2026-03-02 12:24:32,193 : INFO : SwitchController : <<<<<<< 's_flipper_right_lower_eos' inactive >>>>>>>
2026-03-02 12:24:32,310 : INFO : SwitchController : <<<<<<< 's_flipper_right_upper' inactive >>>>>>>
2026-03-02 12:24:32,314 : INFO : SwitchController : <<<<<<< 's_flipper_right_lower' inactive >>>>>>>
2026-03-02 12:24:32,459 : INFO : SwitchController : <<<<<<< 's_flipper_left' active >>>>>>>
2026-03-02 12:24:32,459 : INFO : EventManager : Event: ======'machine_var_audits_switches_s_flipper_left'====== Args={'value': 41, 'prev_value': 40, 'change': 1}
2026-03-02 12:24:32,460 : INFO : SwitchController : <<<<<<< 's_flipper_right_lower_eos' active >>>>>>>
2026-03-02 12:24:32,460 : INFO : EventManager : Event: ======'machine_var_audits_switches_s_flipper_right_lower_eos'====== Args={'value': 35, 'prev_value': 34, 'change': 1}
2026-03-02 12:24:32,460 : INFO : SwitchController : <<<<<<< 's_flipper_left_eos' inactive >>>>>>>
2026-03-02 12:24:32,521 : INFO : SwitchController : <<<<<<< 's_flipper_left' inactive >>>>>>>
2026-03-02 12:24:32,609 : INFO : SwitchController : <<<<<<< 's_flipper_left_eos' active >>>>>>>
2026-03-02 12:24:32,610 : INFO : EventManager : Event: ======'machine_var_audits_switches_s_flipper_left_eos'====== Args={'value': 28, 'prev_value': 27, 'change': 1}
2026-03-02 12:24:32,800 : INFO : SwitchController : <<<<<<< 's_flipper_left' active >>>>>>>
2026-03-02 12:24:32,800 : INFO : EventManager : Event: ======'machine_var_audits_switches_s_flipper_left'====== Args={'value': 42, 'prev_value': 41, 'change': 1}
2026-03-02 12:24:32,823 : INFO : SwitchController : <<<<<<< 's_flipper_left_eos' inactive >>>>>>>
2026-03-02 12:24:32,941 : INFO : SwitchController : <<<<<<< 's_flipper_left' inactive >>>>>>>
2026-03-02 12:24:32,945 : INFO : SwitchController : <<<<<<< 's_flipper_right_lower' active >>>>>>>
2026-03-02 12:24:32,945 : INFO : EventManager : Event: ======'machine_var_audits_switches_s_flipper_right_lower'====== Args={'value': 50, 'prev_value': 49, 'change': 1}
2026-03-02 12:24:32,951 : INFO : SwitchController : <<<<<<< 's_flipper_right_upper' active >>>>>>>
2026-03-02 12:24:32,951 : INFO : EventManager : Event: ======'machine_var_audits_switches_s_flipper_right_upper'====== Args={'value': 46, 'prev_value': 45, 'change': 1}
2026-03-02 12:24:32,988 : INFO : SwitchController : <<<<<<< 's_flipper_right_lower_eos' inactive >>>>>>>
2026-03-02 12:24:33,027 : INFO : SwitchController : <<<<<<< 's_flipper_left_eos' active >>>>>>>
2026-03-02 12:24:33,027 : INFO : EventManager : Event: ======'machine_var_audits_switches_s_flipper_left_eos'====== Args={'value': 29, 'prev_value': 28, 'change': 1}
2026-03-02 12:24:33,080 : INFO : SwitchController : <<<<<<< 's_flipper_right_upper' inactive >>>>>>>
2026-03-02 12:24:33,084 : INFO : SwitchController : <<<<<<< 's_flipper_right_lower' inactive >>>>>>>
2026-03-02 12:24:33,187 : INFO : SwitchController : <<<<<<< 's_flipper_right_lower_eos' active >>>>>>>
2026-03-02 12:24:33,187 : INFO : EventManager : Event: ======'machine_var_audits_switches_s_flipper_right_lower_eos'====== Args={'value': 36, 'prev_value': 35, 'change': 1}
2026-03-02 12:24:34,299 : INFO : SwitchController : <<<<<<< 's_flipper_right_lower' active >>>>>>>
2026-03-02 12:24:34,299 : INFO : EventManager : Event: ======'machine_var_audits_switches_s_flipper_right_lower'====== Args={'value': 51, 'prev_value': 50, 'change': 1}
2026-03-02 12:24:34,315 : INFO : SwitchController : <<<<<<< 's_flipper_right_upper' active >>>>>>>
2026-03-02 12:24:34,315 : INFO : EventManager : Event: ======'machine_var_audits_switches_s_flipper_right_upper'====== Args={'value': 47, 'prev_value': 46, 'change': 1}
2026-03-02 12:24:34,331 : INFO : SwitchController : <<<<<<< 's_flipper_right_lower_eos' inactive >>>>>>>
2026-03-02 12:24:34,600 : INFO : SwitchController : <<<<<<< 's_flipper_right_upper' inactive >>>>>>>
2026-03-02 12:24:34,605 : INFO : SwitchController : <<<<<<< 's_flipper_right_lower' inactive >>>>>>>
2026-03-02 12:24:34,709 : INFO : SwitchController : <<<<<<< 's_flipper_right_lower_eos' active >>>>>>>
2026-03-02 12:24:34,710 : INFO : EventManager : Event: ======'machine_var_audits_switches_s_flipper_right_lower_eos'====== Args={'value': 37, 'prev_value': 36, 'change': 1}
2026-03-02 12:24:38,870 : INFO : SwitchController : <<<<<<< 's_flipper_left' active >>>>>>>
2026-03-02 12:24:38,871 : INFO : EventManager : Event: ======'machine_var_audits_switches_s_flipper_left'====== Args={'value': 43, 'prev_value': 42, 'change': 1}
2026-03-02 12:24:38,907 : INFO : SwitchController : <<<<<<< 's_flipper_left_eos' inactive >>>>>>>
2026-03-02 12:24:39,026 : INFO : SwitchController : <<<<<<< 's_flipper_left' inactive >>>>>>>
2026-03-02 12:24:39,114 : INFO : SwitchController : <<<<<<< 's_flipper_left_eos' active >>>>>>>
2026-03-02 12:24:39,114 : INFO : EventManager : Event: ======'machine_var_audits_switches_s_flipper_left_eos'====== Args={'value': 30, 'prev_value': 29, 'change': 1}
2026-03-02 12:24:42,373 : INFO : SwitchController : <<<<<<< 's_flipper_left' active >>>>>>>
2026-03-02 12:24:42,373 : INFO : EventManager : Event: ======'machine_var_audits_switches_s_flipper_left'====== Args={'value': 44, 'prev_value': 43, 'change': 1}
2026-03-02 12:24:42,396 : INFO : SwitchController : <<<<<<< 's_flipper_left_eos' inactive >>>>>>>
2026-03-02 12:24:42,526 : INFO : SwitchController : <<<<<<< 's_flipper_left' inactive >>>>>>>
2026-03-02 12:24:42,613 : INFO : SwitchController : <<<<<<< 's_flipper_left_eos' active >>>>>>>
2026-03-02 12:24:42,614 : INFO : EventManager : Event: ======'machine_var_audits_switches_s_flipper_left_eos'====== Args={'value': 31, 'prev_value': 30, 'change': 1}
2026-03-02 12:24:43,998 : INFO : SwitchController : <<<<<<< 's_flipper_left' active >>>>>>>
2026-03-02 12:24:43,998 : INFO : EventManager : Event: ======'machine_var_audits_switches_s_flipper_left'====== Args={'value': 45, 'prev_value': 44, 'change': 1}
2026-03-02 12:24:44,036 : INFO : SwitchController : <<<<<<< 's_flipper_left_eos' inactive >>>>>>>
2026-03-02 12:24:44,166 : INFO : SwitchController : <<<<<<< 's_flipper_left' inactive >>>>>>>
2026-03-02 12:24:44,256 : INFO : SwitchController : <<<<<<< 's_flipper_left_eos' active >>>>>>>
2026-03-02 12:24:44,256 : INFO : EventManager : Event: ======'machine_var_audits_switches_s_flipper_left_eos'====== Args={'value': 32, 'prev_value': 31, 'change': 1}
2026-03-02 12:24:45,273 : INFO : SwitchController : <<<<<<< 's_flipper_right_lower' active >>>>>>>
2026-03-02 12:24:45,273 : INFO : EventManager : Event: ======'machine_var_audits_switches_s_flipper_right_lower'====== Args={'value': 52, 'prev_value': 51, 'change': 1}
2026-03-02 12:24:45,276 : INFO : SwitchController : <<<<<<< 's_flipper_right_upper' active >>>>>>>
2026-03-02 12:24:45,276 : INFO : EventManager : Event: ======'machine_var_audits_switches_s_flipper_right_upper'====== Args={'value': 48, 'prev_value': 47, 'change': 1}
2026-03-02 12:24:45,301 : INFO : SwitchController : <<<<<<< 's_flipper_right_lower_eos' inactive >>>>>>>
2026-03-02 12:24:45,393 : INFO : SwitchController : <<<<<<< 's_flipper_right_upper' inactive >>>>>>>
2026-03-02 12:24:45,398 : INFO : SwitchController : <<<<<<< 's_flipper_right_lower' inactive >>>>>>>
2026-03-02 12:24:45,500 : INFO : SwitchController : <<<<<<< 's_flipper_right_lower_eos' active >>>>>>>
2026-03-02 12:24:45,501 : INFO : EventManager : Event: ======'machine_var_audits_switches_s_flipper_right_lower_eos'====== Args={'value': 38, 'prev_value': 37, 'change': 1}
2026-03-02 12:24:46,187 : INFO : SwitchController : <<<<<<< 's_flipper_right_lower' active >>>>>>>
2026-03-02 12:24:46,187 : INFO : EventManager : Event: ======'machine_var_audits_switches_s_flipper_right_lower'====== Args={'value': 53, 'prev_value': 52, 'change': 1}
2026-03-02 12:24:46,190 : INFO : SwitchController : <<<<<<< 's_flipper_right_upper' active >>>>>>>
2026-03-02 12:24:46,190 : INFO : EventManager : Event: ======'machine_var_audits_switches_s_flipper_right_upper'====== Args={'value': 49, 'prev_value': 48, 'change': 1}
2026-03-02 12:24:46,216 : INFO : SwitchController : <<<<<<< 's_flipper_right_lower_eos' inactive >>>>>>>
2026-03-02 12:24:46,309 : INFO : SwitchController : <<<<<<< 's_flipper_right_upper' inactive >>>>>>>
2026-03-02 12:24:46,315 : INFO : SwitchController : <<<<<<< 's_flipper_right_lower' inactive >>>>>>>
2026-03-02 12:24:46,420 : INFO : SwitchController : <<<<<<< 's_flipper_right_lower_eos' active >>>>>>>
2026-03-02 12:24:46,420 : INFO : EventManager : Event: ======'machine_var_audits_switches_s_flipper_right_lower_eos'====== Args={'value': 39, 'prev_value': 38, 'change': 1}
2026-03-02 12:25:08,382 : INFO : SwitchController : <<<<<<< 's_flipper_left' active >>>>>>>
2026-03-02 12:25:08,382 : INFO : EventManager : Event: ======'machine_var_audits_switches_s_flipper_left'====== Args={'value': 46, 'prev_value': 45, 'change': 1}
2026-03-02 12:25:08,418 : INFO : SwitchController : <<<<<<< 's_flipper_left_eos' inactive >>>>>>>
2026-03-02 12:25:08,487 : INFO : SwitchController : <<<<<<< 's_flipper_left' inactive >>>>>>>
2026-03-02 12:25:08,575 : INFO : SwitchController : <<<<<<< 's_flipper_left_eos' active >>>>>>>
2026-03-02 12:25:08,575 : INFO : EventManager : Event: ======'machine_var_audits_switches_s_flipper_left_eos'====== Args={'value': 33, 'prev_value': 32, 'change': 1}
2026-03-02 12:25:09,317 : INFO : SwitchController : <<<<<<< 's_flipper_right_lower' active >>>>>>>
2026-03-02 12:25:09,317 : INFO : EventManager : Event: ======'machine_var_audits_switches_s_flipper_right_lower'====== Args={'value': 54, 'prev_value': 53, 'change': 1}
2026-03-02 12:25:09,344 : INFO : SwitchController : <<<<<<< 's_flipper_right_upper' active >>>>>>>
2026-03-02 12:25:09,345 : INFO : EventManager : Event: ======'machine_var_audits_switches_s_flipper_right_upper'====== Args={'value': 50, 'prev_value': 49, 'change': 1}
2026-03-02 12:25:09,346 : INFO : SwitchController : <<<<<<< 's_flipper_right_lower_eos' inactive >>>>>>>
2026-03-02 12:25:09,379 : INFO : SwitchController : <<<<<<< 's_flipper_right_upper' inactive >>>>>>>
2026-03-02 12:25:09,392 : INFO : SwitchController : <<<<<<< 's_flipper_right_lower' inactive >>>>>>>
2026-03-02 12:25:09,436 : INFO : SwitchController : <<<<<<< 's_flipper_left' active >>>>>>>
2026-03-02 12:25:09,436 : INFO : EventManager : Event: ======'machine_var_audits_switches_s_flipper_left'====== Args={'value': 47, 'prev_value': 46, 'change': 1}
2026-03-02 12:25:09,459 : INFO : SwitchController : <<<<<<< 's_flipper_left_eos' inactive >>>>>>>
2026-03-02 12:25:09,487 : INFO : SwitchController : <<<<<<< 's_flipper_right_lower_eos' active >>>>>>>
2026-03-02 12:25:09,488 : INFO : EventManager : Event: ======'machine_var_audits_switches_s_flipper_right_lower_eos'====== Args={'value': 40, 'prev_value': 39, 'change': 1}
2026-03-02 12:25:09,525 : INFO : SwitchController : <<<<<<< 's_flipper_left' inactive >>>>>>>
2026-03-02 12:25:09,611 : INFO : SwitchController : <<<<<<< 's_flipper_left_eos' active >>>>>>>
2026-03-02 12:25:09,612 : INFO : EventManager : Event: ======'machine_var_audits_switches_s_flipper_left_eos'====== Args={'value': 34, 'prev_value': 33, 'change': 1}
2026-03-02 12:25:10,348 : INFO : SwitchController : <<<<<<< 's_flipper_right_lower' active >>>>>>>
2026-03-02 12:25:10,349 : INFO : EventManager : Event: ======'machine_var_audits_switches_s_flipper_right_lower'====== Args={'value': 55, 'prev_value': 54, 'change': 1}
2026-03-02 12:25:10,349 : INFO : SwitchController : <<<<<<< 's_flipper_right_upper' active >>>>>>>
2026-03-02 12:25:10,349 : INFO : EventManager : Event: ======'machine_var_audits_switches_s_flipper_right_upper'====== Args={'value': 51, 'prev_value': 50, 'change': 1}
2026-03-02 12:25:10,476 : INFO : SwitchController : <<<<<<< 's_flipper_right_upper' inactive >>>>>>>
2026-03-02 12:25:10,482 : INFO : SwitchController : <<<<<<< 's_flipper_right_lower' inactive >>>>>>>
2026-03-02 12:25:13,738 : INFO : SwitchController : <<<<<<< 's_flipper_left' active >>>>>>>
2026-03-02 12:25:13,738 : INFO : EventManager : Event: ======'machine_var_audits_switches_s_flipper_left'====== Args={'value': 48, 'prev_value': 47, 'change': 1}
2026-03-02 12:25:13,775 : INFO : SwitchController : <<<<<<< 's_flipper_left_eos' inactive >>>>>>>
2026-03-02 12:25:13,921 : INFO : SwitchController : <<<<<<< 's_flipper_left' inactive >>>>>>>
2026-03-02 12:25:14,011 : INFO : SwitchController : <<<<<<< 's_flipper_left_eos' active >>>>>>>
2026-03-02 12:25:14,011 : INFO : EventManager : Event: ======'machine_var_audits_switches_s_flipper_left_eos'====== Args={'value': 35, 'prev_value': 34, 'change': 1}
2026-03-02 12:25:18,143 : INFO : SwitchController : <<<<<<< 's_flipper_left' active >>>>>>>
2026-03-02 12:25:18,143 : INFO : EventManager : Event: ======'machine_var_audits_switches_s_flipper_left'====== Args={'value': 49, 'prev_value': 48, 'change': 1}
2026-03-02 12:25:18,150 : INFO : SwitchController : <<<<<<< 's_flipper_left' inactive >>>>>>>
2026-03-02 12:25:18,151 : INFO : SwitchController : <<<<<<< 's_flipper_left' active >>>>>>>
2026-03-02 12:25:18,152 : INFO : EventManager : Event: ======'machine_var_audits_switches_s_flipper_left'====== Args={'value': 50, 'prev_value': 49, 'change': 1}
2026-03-02 12:25:18,190 : INFO : SwitchController : <<<<<<< 's_flipper_left_eos' inactive >>>>>>>
2026-03-02 12:25:18,317 : INFO : SwitchController : <<<<<<< 's_flipper_left' inactive >>>>>>>
2026-03-02 12:25:18,404 : INFO : SwitchController : <<<<<<< 's_flipper_left_eos' active >>>>>>>
2026-03-02 12:25:18,405 : INFO : EventManager : Event: ======'machine_var_audits_switches_s_flipper_left_eos'====== Args={'value': 36, 'prev_value': 35, 'change': 1}
2026-03-02 12:25:19,470 : INFO : SwitchController : <<<<<<< 's_flipper_right_lower' active >>>>>>>
2026-03-02 12:25:19,470 : INFO : EventManager : Event: ======'machine_var_audits_switches_s_flipper_right_lower'====== Args={'value': 56, 'prev_value': 55, 'change': 1}
2026-03-02 12:25:19,474 : INFO : SwitchController : <<<<<<< 's_flipper_right_upper' active >>>>>>>
2026-03-02 12:25:19,474 : INFO : EventManager : Event: ======'machine_var_audits_switches_s_flipper_right_upper'====== Args={'value': 52, 'prev_value': 51, 'change': 1}
2026-03-02 12:25:19,499 : INFO : SwitchController : <<<<<<< 's_flipper_right_lower_eos' inactive >>>>>>>
2026-03-02 12:25:19,614 : INFO : SwitchController : <<<<<<< 's_flipper_right_upper' inactive >>>>>>>
2026-03-02 12:25:19,623 : INFO : SwitchController : <<<<<<< 's_flipper_right_lower' inactive >>>>>>>
2026-03-02 12:25:19,726 : INFO : SwitchController : <<<<<<< 's_flipper_right_lower_eos' active >>>>>>>
2026-03-02 12:25:19,726 : INFO : EventManager : Event: ======'machine_var_audits_switches_s_flipper_right_lower_eos'====== Args={'value': 41, 'prev_value': 40, 'change': 1}
2026-03-02 12:25:22,498 : INFO : SwitchController : <<<<<<< 's_flipper_left' active >>>>>>>
2026-03-02 12:25:22,498 : INFO : EventManager : Event: ======'machine_var_audits_switches_s_flipper_left'====== Args={'value': 51, 'prev_value': 50, 'change': 1}
2026-03-02 12:25:22,505 : INFO : SwitchController : <<<<<<< 's_flipper_left' inactive >>>>>>>
2026-03-02 12:25:22,507 : INFO : SwitchController : <<<<<<< 's_flipper_left' active >>>>>>>
2026-03-02 12:25:22,507 : INFO : EventManager : Event: ======'machine_var_audits_switches_s_flipper_left'====== Args={'value': 52, 'prev_value': 51, 'change': 1}
2026-03-02 12:25:22,543 : INFO : SwitchController : <<<<<<< 's_flipper_left_eos' inactive >>>>>>>
2026-03-02 12:25:22,673 : INFO : SwitchController : <<<<<<< 's_flipper_left' inactive >>>>>>>
2026-03-02 12:25:22,763 : INFO : SwitchController : <<<<<<< 's_flipper_left_eos' active >>>>>>>
2026-03-02 12:25:22,763 : INFO : EventManager : Event: ======'machine_var_audits_switches_s_flipper_left_eos'====== Args={'value': 37, 'prev_value': 36, 'change': 1}
2026-03-02 12:25:24,519 : INFO : SwitchController : <<<<<<< 's_flipper_left' active >>>>>>>
2026-03-02 12:25:24,519 : INFO : EventManager : Event: ======'machine_var_audits_switches_s_flipper_left'====== Args={'value': 53, 'prev_value': 52, 'change': 1}
2026-03-02 12:25:24,558 : INFO : SwitchController : <<<<<<< 's_flipper_left_eos' inactive >>>>>>>
2026-03-02 12:25:24,614 : INFO : SwitchController : <<<<<<< 's_flipper_left' inactive >>>>>>>
2026-03-02 12:25:24,699 : INFO : SwitchController : <<<<<<< 's_flipper_left_eos' active >>>>>>>
2026-03-02 12:25:24,699 : INFO : EventManager : Event: ======'machine_var_audits_switches_s_flipper_left_eos'====== Args={'value': 38, 'prev_value': 37, 'change': 1}
2026-03-02 12:25:25,496 : INFO : SwitchController : <<<<<<< 's_flipper_right_lower' active >>>>>>>
2026-03-02 12:25:25,496 : INFO : EventManager : Event: ======'machine_var_audits_switches_s_flipper_right_lower'====== Args={'value': 57, 'prev_value': 56, 'change': 1}
2026-03-02 12:25:25,502 : INFO : SwitchController : <<<<<<< 's_flipper_right_upper' active >>>>>>>
2026-03-02 12:25:25,502 : INFO : EventManager : Event: ======'machine_var_audits_switches_s_flipper_right_upper'====== Args={'value': 53, 'prev_value': 52, 'change': 1}
2026-03-02 12:25:25,525 : INFO : SwitchController : <<<<<<< 's_flipper_right_lower_eos' inactive >>>>>>>
2026-03-02 12:25:25,616 : INFO : SwitchController : <<<<<<< 's_flipper_right_upper' inactive >>>>>>>
2026-03-02 12:25:25,625 : INFO : SwitchController : <<<<<<< 's_flipper_right_lower' inactive >>>>>>>
2026-03-02 12:25:25,675 : INFO : SwitchController : <<<<<<< 's_flipper_left' active >>>>>>>
2026-03-02 12:25:25,675 : INFO : EventManager : Event: ======'machine_var_audits_switches_s_flipper_left'====== Args={'value': 54, 'prev_value': 53, 'change': 1}
2026-03-02 12:25:25,698 : INFO : SwitchController : <<<<<<< 's_flipper_left_eos' inactive >>>>>>>
2026-03-02 12:25:25,721 : INFO : SwitchController : <<<<<<< 's_flipper_right_lower_eos' active >>>>>>>
2026-03-02 12:25:25,722 : INFO : EventManager : Event: ======'machine_var_audits_switches_s_flipper_right_lower_eos'====== Args={'value': 42, 'prev_value': 41, 'change': 1}
2026-03-02 12:25:25,743 : INFO : SwitchController : <<<<<<< 's_flipper_left' inactive >>>>>>>
2026-03-02 12:25:25,827 : INFO : SwitchController : <<<<<<< 's_flipper_left_eos' active >>>>>>>
2026-03-02 12:25:25,827 : INFO : EventManager : Event: ======'machine_var_audits_switches_s_flipper_left_eos'====== Args={'value': 39, 'prev_value': 38, 'change': 1}
2026-03-02 12:25:27,960 : INFO : SwitchController : <<<<<<< 's_flipper_right_upper' active >>>>>>>
2026-03-02 12:25:27,960 : INFO : EventManager : Event: ======'machine_var_audits_switches_s_flipper_right_upper'====== Args={'value': 54, 'prev_value': 53, 'change': 1}
2026-03-02 12:25:27,966 : INFO : SwitchController : <<<<<<< 's_flipper_right_lower' active >>>>>>>
2026-03-02 12:25:27,966 : INFO : EventManager : Event: ======'machine_var_audits_switches_s_flipper_right_lower'====== Args={'value': 58, 'prev_value': 57, 'change': 1}
2026-03-02 12:25:28,193 : INFO : SwitchController : <<<<<<< 's_flipper_right_upper' inactive >>>>>>>
2026-03-02 12:25:28,194 : INFO : SwitchController : <<<<<<< 's_flipper_right_lower' inactive >>>>>>>
2026-03-02 12:25:29,195 : INFO : SwitchController : <<<<<<< 's_flipper_right_lower' active >>>>>>>
2026-03-02 12:25:29,196 : INFO : EventManager : Event: ======'machine_var_audits_switches_s_flipper_right_lower'====== Args={'value': 59, 'prev_value': 58, 'change': 1}
2026-03-02 12:25:29,196 : INFO : SwitchController : <<<<<<< 's_flipper_right_upper' active >>>>>>>
2026-03-02 12:25:29,196 : INFO : EventManager : Event: ======'machine_var_audits_switches_s_flipper_right_upper'====== Args={'value': 55, 'prev_value': 54, 'change': 1}
2026-03-02 12:25:29,820 : INFO : SwitchController : <<<<<<< 's_flipper_right_lower' inactive >>>>>>>
2026-03-02 12:25:29,821 : INFO : SwitchController : <<<<<<< 's_flipper_right_upper' inactive >>>>>>>
2026-03-02 12:25:29,855 : INFO : SwitchController : <<<<<<< 's_flipper_left' active >>>>>>>
2026-03-02 12:25:29,855 : INFO : EventManager : Event: ======'machine_var_audits_switches_s_flipper_left'====== Args={'value': 55, 'prev_value': 54, 'change': 1}
2026-03-02 12:25:29,877 : INFO : SwitchController : <<<<<<< 's_flipper_left_eos' inactive >>>>>>>
2026-03-02 12:25:30,323 : INFO : SwitchController : <<<<<<< 's_flipper_left' inactive >>>>>>>
2026-03-02 12:25:30,349 : INFO : SwitchController : <<<<<<< 's_flipper_right_lower' active >>>>>>>
2026-03-02 12:25:30,350 : INFO : EventManager : Event: ======'machine_var_audits_switches_s_flipper_right_lower'====== Args={'value': 60, 'prev_value': 59, 'change': 1}
2026-03-02 12:25:30,355 : INFO : SwitchController : <<<<<<< 's_flipper_right_upper' active >>>>>>>
2026-03-02 12:25:30,355 : INFO : EventManager : Event: ======'machine_var_audits_switches_s_flipper_right_upper'====== Args={'value': 56, 'prev_value': 55, 'change': 1}
2026-03-02 12:25:30,377 : INFO : SwitchController : <<<<<<< 's_flipper_right_lower_eos' inactive >>>>>>>
2026-03-02 12:25:30,404 : INFO : SwitchController : <<<<<<< 's_flipper_left_eos' active >>>>>>>
2026-03-02 12:25:30,404 : INFO : EventManager : Event: ======'machine_var_audits_switches_s_flipper_left_eos'====== Args={'value': 40, 'prev_value': 39, 'change': 1}
2026-03-02 12:25:30,627 : INFO : SwitchController : <<<<<<< 's_flipper_right_upper' inactive >>>>>>>
2026-03-02 12:25:30,637 : INFO : SwitchController : <<<<<<< 's_flipper_right_lower' inactive >>>>>>>
2026-03-02 12:25:30,744 : INFO : SwitchController : <<<<<<< 's_flipper_right_lower_eos' active >>>>>>>
2026-03-02 12:25:30,744 : INFO : EventManager : Event: ======'machine_var_audits_switches_s_flipper_right_lower_eos'====== Args={'value': 43, 'prev_value': 42, 'change': 1}
2026-03-02 12:25:44,916 : INFO : SwitchController : <<<<<<< 's_flipper_right_lower' active >>>>>>>
2026-03-02 12:25:44,916 : INFO : EventManager : Event: ======'machine_var_audits_switches_s_flipper_right_lower'====== Args={'value': 61, 'prev_value': 60, 'change': 1}
2026-03-02 12:25:44,917 : INFO : SwitchController : <<<<<<< 's_flipper_right_upper' active >>>>>>>
2026-03-02 12:25:44,917 : INFO : EventManager : Event: ======'machine_var_audits_switches_s_flipper_right_upper'====== Args={'value': 57, 'prev_value': 56, 'change': 1}
2026-03-02 12:25:44,929 : INFO : SwitchController : <<<<<<< 's_flipper_right_lower' inactive >>>>>>>
2026-03-02 12:25:44,930 : INFO : SwitchController : <<<<<<< 's_flipper_right_lower' active >>>>>>>
2026-03-02 12:25:44,930 : INFO : EventManager : Event: ======'machine_var_audits_switches_s_flipper_right_lower'====== Args={'value': 62, 'prev_value': 61, 'change': 1}
2026-03-02 12:25:44,968 : INFO : SwitchController : <<<<<<< 's_flipper_right_lower_eos' inactive >>>>>>>
2026-03-02 12:25:45,102 : INFO : SwitchController : <<<<<<< 's_flipper_right_upper' inactive >>>>>>>
2026-03-02 12:25:45,106 : INFO : SwitchController : <<<<<<< 's_flipper_right_lower' inactive >>>>>>>
2026-03-02 12:25:45,156 : INFO : SwitchController : <<<<<<< 's_flipper_right_lower_eos' active >>>>>>>
2026-03-02 12:25:45,157 : INFO : EventManager : Event: ======'machine_var_audits_switches_s_flipper_right_lower_eos'====== Args={'value': 44, 'prev_value': 43, 'change': 1}
2026-03-02 12:25:45,991 : INFO : SwitchController : <<<<<<< 's_flipper_right_lower' active >>>>>>>
2026-03-02 12:25:45,991 : INFO : EventManager : Event: ======'machine_var_audits_switches_s_flipper_right_lower'====== Args={'value': 63, 'prev_value': 62, 'change': 1}
2026-03-02 12:25:45,994 : INFO : SwitchController : <<<<<<< 's_flipper_right_upper' active >>>>>>>
2026-03-02 12:25:45,994 : INFO : EventManager : Event: ======'machine_var_audits_switches_s_flipper_right_upper'====== Args={'value': 58, 'prev_value': 57, 'change': 1}
2026-03-02 12:25:46,017 : INFO : SwitchController : <<<<<<< 's_flipper_right_lower_eos' inactive >>>>>>>
2026-03-02 12:25:46,303 : INFO : SwitchController : <<<<<<< 's_flipper_right_upper' inactive >>>>>>>
2026-03-02 12:25:46,308 : INFO : SwitchController : <<<<<<< 's_flipper_right_lower' inactive >>>>>>>
2026-03-02 12:25:46,412 : INFO : SwitchController : <<<<<<< 's_flipper_right_lower_eos' active >>>>>>>
2026-03-02 12:25:46,413 : INFO : EventManager : Event: ======'machine_var_audits_switches_s_flipper_right_lower_eos'====== Args={'value': 45, 'prev_value': 44, 'change': 1}
2026-03-02 12:25:48,275 : INFO : SwitchController : <<<<<<< 's_flipper_right_lower' active >>>>>>>
2026-03-02 12:25:48,275 : INFO : EventManager : Event: ======'machine_var_audits_switches_s_flipper_right_lower'====== Args={'value': 64, 'prev_value': 63, 'change': 1}
2026-03-02 12:25:48,284 : INFO : SwitchController : <<<<<<< 's_flipper_right_upper' active >>>>>>>
2026-03-02 12:25:48,284 : INFO : EventManager : Event: ======'machine_var_audits_switches_s_flipper_right_upper'====== Args={'value': 59, 'prev_value': 58, 'change': 1}
2026-03-02 12:25:49,384 : INFO : SwitchController : <<<<<<< 's_flipper_left' active >>>>>>>
2026-03-02 12:25:49,384 : INFO : EventManager : Event: ======'machine_var_audits_switches_s_flipper_left'====== Args={'value': 56, 'prev_value': 55, 'change': 1}
2026-03-02 12:25:49,406 : INFO : SwitchController : <<<<<<< 's_flipper_left_eos' inactive >>>>>>>
2026-03-02 12:25:49,422 : INFO : SwitchController : <<<<<<< 's_flipper_left' inactive >>>>>>>
2026-03-02 12:25:49,513 : INFO : SwitchController : <<<<<<< 's_flipper_left_eos' active >>>>>>>
2026-03-02 12:25:49,513 : INFO : EventManager : Event: ======'machine_var_audits_switches_s_flipper_left_eos'====== Args={'value': 41, 'prev_value': 40, 'change': 1}
2026-03-02 12:25:49,656 : INFO : SwitchController : <<<<<<< 's_flipper_right_upper' inactive >>>>>>>
2026-03-02 12:25:49,658 : INFO : SwitchController : <<<<<<< 's_flipper_right_upper' active >>>>>>>
2026-03-02 12:25:49,658 : INFO : EventManager : Event: ======'machine_var_audits_switches_s_flipper_right_upper'====== Args={'value': 60, 'prev_value': 59, 'change': 1}
2026-03-02 12:25:49,804 : INFO : SwitchController : <<<<<<< 's_flipper_right_upper' inactive >>>>>>>
2026-03-02 12:25:49,805 : INFO : SwitchController : <<<<<<< 's_flipper_right_lower' inactive >>>>>>>
2026-03-02 12:25:50,756 : INFO : SwitchController : <<<<<<< 's_flipper_right_lower' active >>>>>>>
2026-03-02 12:25:50,757 : INFO : EventManager : Event: ======'machine_var_audits_switches_s_flipper_right_lower'====== Args={'value': 65, 'prev_value': 64, 'change': 1}
2026-03-02 12:25:50,762 : INFO : SwitchController : <<<<<<< 's_flipper_right_upper' active >>>>>>>
2026-03-02 12:25:50,763 : INFO : EventManager : Event: ======'machine_var_audits_switches_s_flipper_right_upper'====== Args={'value': 61, 'prev_value': 60, 'change': 1}
2026-03-02 12:25:50,784 : INFO : SwitchController : <<<<<<< 's_flipper_right_lower_eos' inactive >>>>>>>
2026-03-02 12:25:50,926 : INFO : SwitchController : <<<<<<< 's_flipper_right_upper' inactive >>>>>>>
2026-03-02 12:25:50,943 : INFO : SwitchController : <<<<<<< 's_flipper_right_lower' inactive >>>>>>>
2026-03-02 12:25:51,047 : INFO : SwitchController : <<<<<<< 's_flipper_right_lower_eos' active >>>>>>>
2026-03-02 12:25:51,048 : INFO : EventManager : Event: ======'machine_var_audits_switches_s_flipper_right_lower_eos'====== Args={'value': 46, 'prev_value': 45, 'change': 1}
2026-03-02 12:25:51,315 : INFO : SwitchController : <<<<<<< 's_flipper_right_lower' active >>>>>>>
2026-03-02 12:25:51,316 : INFO : EventManager : Event: ======'machine_var_audits_switches_s_flipper_right_lower'====== Args={'value': 66, 'prev_value': 65, 'change': 1}
2026-03-02 12:25:51,318 : INFO : SwitchController : <<<<<<< 's_flipper_right_upper' active >>>>>>>
2026-03-02 12:25:51,318 : INFO : EventManager : Event: ======'machine_var_audits_switches_s_flipper_right_upper'====== Args={'value': 62, 'prev_value': 61, 'change': 1}
2026-03-02 12:25:51,345 : INFO : SwitchController : <<<<<<< 's_flipper_right_lower_eos' inactive >>>>>>>
2026-03-02 12:25:51,522 : INFO : SwitchController : <<<<<<< 's_flipper_right_upper' inactive >>>>>>>
2026-03-02 12:25:51,529 : INFO : SwitchController : <<<<<<< 's_flipper_right_lower' inactive >>>>>>>
2026-03-02 12:25:51,633 : INFO : SwitchController : <<<<<<< 's_flipper_right_lower_eos' active >>>>>>>
2026-03-02 12:25:51,633 : INFO : EventManager : Event: ======'machine_var_audits_switches_s_flipper_right_lower_eos'====== Args={'value': 47, 'prev_value': 46, 'change': 1}
2026-03-02 12:25:52,361 : INFO : SwitchController : <<<<<<< 's_flipper_right_lower' active >>>>>>>
2026-03-02 12:25:52,362 : INFO : EventManager : Event: ======'machine_var_audits_switches_s_flipper_right_lower'====== Args={'value': 67, 'prev_value': 66, 'change': 1}
2026-03-02 12:25:52,364 : INFO : SwitchController : <<<<<<< 's_flipper_right_upper' active >>>>>>>
2026-03-02 12:25:52,365 : INFO : EventManager : Event: ======'machine_var_audits_switches_s_flipper_right_upper'====== Args={'value': 63, 'prev_value': 62, 'change': 1}
2026-03-02 12:25:52,543 : INFO : SwitchController : <<<<<<< 's_flipper_right_upper' inactive >>>>>>>
2026-03-02 12:25:52,548 : INFO : SwitchController : <<<<<<< 's_flipper_right_lower' inactive >>>>>>>
2026-03-02 12:25:53,425 : INFO : SwitchController : <<<<<<< 's_flipper_right_lower' active >>>>>>>
2026-03-02 12:25:53,425 : INFO : EventManager : Event: ======'machine_var_audits_switches_s_flipper_right_lower'====== Args={'value': 68, 'prev_value': 67, 'change': 1}
2026-03-02 12:25:53,429 : INFO : SwitchController : <<<<<<< 's_flipper_right_upper' active >>>>>>>
2026-03-02 12:25:53,429 : INFO : EventManager : Event: ======'machine_var_audits_switches_s_flipper_right_upper'====== Args={'value': 64, 'prev_value': 63, 'change': 1}
2026-03-02 12:25:53,452 : INFO : SwitchController : <<<<<<< 's_flipper_right_lower_eos' inactive >>>>>>>
2026-03-02 12:25:53,699 : INFO : SwitchController : <<<<<<< 's_flipper_right_upper' inactive >>>>>>>
2026-03-02 12:25:53,716 : INFO : SwitchController : <<<<<<< 's_flipper_right_lower' inactive >>>>>>>
2026-03-02 12:25:53,817 : INFO : SwitchController : <<<<<<< 's_flipper_right_lower_eos' active >>>>>>>
2026-03-02 12:25:53,817 : INFO : EventManager : Event: ======'machine_var_audits_switches_s_flipper_right_lower_eos'====== Args={'value': 48, 'prev_value': 47, 'change': 1}
2026-03-02 12:25:54,263 : INFO : SwitchController : <<<<<<< 's_flipper_right_lower' active >>>>>>>
2026-03-02 12:25:54,263 : INFO : EventManager : Event: ======'machine_var_audits_switches_s_flipper_right_lower'====== Args={'value': 69, 'prev_value': 68, 'change': 1}
2026-03-02 12:25:54,267 : INFO : SwitchController : <<<<<<< 's_flipper_right_upper' active >>>>>>>
2026-03-02 12:25:54,267 : INFO : EventManager : Event: ======'machine_var_audits_switches_s_flipper_right_upper'====== Args={'value': 65, 'prev_value': 64, 'change': 1}
2026-03-02 12:25:54,293 : INFO : SwitchController : <<<<<<< 's_flipper_right_lower_eos' inactive >>>>>>>
2026-03-02 12:25:54,463 : INFO : SwitchController : <<<<<<< 's_flipper_right_upper' inactive >>>>>>>
2026-03-02 12:25:54,478 : INFO : SwitchController : <<<<<<< 's_flipper_right_lower' inactive >>>>>>>
2026-03-02 12:25:54,582 : INFO : SwitchController : <<<<<<< 's_flipper_right_lower_eos' active >>>>>>>
2026-03-02 12:25:54,582 : INFO : EventManager : Event: ======'machine_var_audits_switches_s_flipper_right_lower_eos'====== Args={'value': 49, 'prev_value': 48, 'change': 1}
2026-03-02 12:25:54,889 : INFO : SwitchController : <<<<<<< 's_flipper_right_lower' active >>>>>>>
2026-03-02 12:25:54,889 : INFO : EventManager : Event: ======'machine_var_audits_switches_s_flipper_right_lower'====== Args={'value': 70, 'prev_value': 69, 'change': 1}
2026-03-02 12:25:54,905 : INFO : SwitchController : <<<<<<< 's_flipper_right_upper' active >>>>>>>
2026-03-02 12:25:54,905 : INFO : EventManager : Event: ======'machine_var_audits_switches_s_flipper_right_upper'====== Args={'value': 66, 'prev_value': 65, 'change': 1}
2026-03-02 12:25:54,921 : INFO : SwitchController : <<<<<<< 's_flipper_right_lower_eos' inactive >>>>>>>
2026-03-02 12:25:55,558 : INFO : SwitchController : <<<<<<< 's_flipper_right_upper' inactive >>>>>>>
2026-03-02 12:25:55,564 : INFO : SwitchController : <<<<<<< 's_flipper_right_lower' inactive >>>>>>>
2026-03-02 12:25:55,671 : INFO : SwitchController : <<<<<<< 's_flipper_right_lower_eos' active >>>>>>>
2026-03-02 12:25:55,671 : INFO : EventManager : Event: ======'machine_var_audits_switches_s_flipper_right_lower_eos'====== Args={'value': 50, 'prev_value': 49, 'change': 1}
2026-03-02 12:25:56,366 : INFO : SwitchController : <<<<<<< 's_flipper_right_lower' active >>>>>>>
2026-03-02 12:25:56,366 : INFO : EventManager : Event: ======'machine_var_audits_switches_s_flipper_right_lower'====== Args={'value': 71, 'prev_value': 70, 'change': 1}
2026-03-02 12:25:56,367 : INFO : SwitchController : <<<<<<< 's_flipper_right_upper' active >>>>>>>
2026-03-02 12:25:56,367 : INFO : EventManager : Event: ======'machine_var_audits_switches_s_flipper_right_upper'====== Args={'value': 67, 'prev_value': 66, 'change': 1}
2026-03-02 12:25:56,409 : INFO : SwitchController : <<<<<<< 's_flipper_right_lower_eos' inactive >>>>>>>
2026-03-02 12:25:56,443 : INFO : SwitchController : <<<<<<< 's_flipper_right_lower_eos' active >>>>>>>
2026-03-02 12:25:56,443 : INFO : EventManager : Event: ======'machine_var_audits_switches_s_flipper_right_lower_eos'====== Args={'value': 51, 'prev_value': 50, 'change': 1}
2026-03-02 12:25:56,490 : INFO : SwitchController : <<<<<<< 's_flipper_right_upper' inactive >>>>>>>
2026-03-02 12:25:56,494 : INFO : SwitchController : <<<<<<< 's_flipper_right_lower' inactive >>>>>>>
2026-03-02 12:25:59,456 : INFO : SwitchController : <<<<<<< 's_flipper_right_lower' active >>>>>>>
2026-03-02 12:25:59,456 : INFO : EventManager : Event: ======'machine_var_audits_switches_s_flipper_right_lower'====== Args={'value': 72, 'prev_value': 71, 'change': 1}
2026-03-02 12:25:59,464 : INFO : SwitchController : <<<<<<< 's_flipper_right_upper' active >>>>>>>
2026-03-02 12:25:59,464 : INFO : EventManager : Event: ======'machine_var_audits_switches_s_flipper_right_upper'====== Args={'value': 68, 'prev_value': 67, 'change': 1}
2026-03-02 12:25:59,494 : INFO : SwitchController : <<<<<<< 's_flipper_right_lower_eos' inactive >>>>>>>
2026-03-02 12:25:59,604 : INFO : SwitchController : <<<<<<< 's_flipper_right_upper' inactive >>>>>>>
2026-03-02 12:25:59,612 : INFO : SwitchController : <<<<<<< 's_flipper_right_lower' inactive >>>>>>>
2026-03-02 12:25:59,716 : INFO : SwitchController : <<<<<<< 's_flipper_right_lower_eos' active >>>>>>>
2026-03-02 12:25:59,716 : INFO : EventManager : Event: ======'machine_var_audits_switches_s_flipper_right_lower_eos'====== Args={'value': 52, 'prev_value': 51, 'change': 1}
2026-03-02 12:26:01,115 : INFO : SwitchController : <<<<<<< 's_flipper_left' active >>>>>>>
2026-03-02 12:26:01,115 : INFO : EventManager : Event: ======'machine_var_audits_switches_s_flipper_left'====== Args={'value': 57, 'prev_value': 56, 'change': 1}
2026-03-02 12:26:01,137 : INFO : SwitchController : <<<<<<< 's_flipper_left_eos' inactive >>>>>>>
2026-03-02 12:26:01,560 : INFO : SwitchController : <<<<<<< 's_flipper_left' inactive >>>>>>>
2026-03-02 12:26:01,648 : INFO : SwitchController : <<<<<<< 's_flipper_left_eos' active >>>>>>>
2026-03-02 12:26:01,648 : INFO : EventManager : Event: ======'machine_var_audits_switches_s_flipper_left_eos'====== Args={'value': 42, 'prev_value': 41, 'change': 1}
2026-03-02 12:26:02,329 : INFO : SwitchController : <<<<<<< 's_sling_left' active >>>>>>>
2026-03-02 12:26:02,329 : INFO : EventManager : Event: ======'s_sling_left_active'====== Args={}
2026-03-02 12:26:02,329 : INFO : EventManager : Event: ======'machine_var_audits_switches_s_sling_left'====== Args={'value': 5, 'prev_value': 4, 'change': 1}
2026-03-02 12:26:02,330 : INFO : EventManager : Event: ======'machine_var_audits_shots_sling_left'====== Args={'value': 5, 'prev_value': 4, 'change': 1}
2026-03-02 12:26:02,330 : INFO : EventManager : Event: ======'sling_left_hit'====== Args={'profile': 'default', 'state': 'lit', 'advancing': False}
2026-03-02 12:26:02,330 : INFO : EventManager : Event: ======'sling_left_default_hit'====== Args={'profile': 'default', 'state': 'lit', 'advancing': False}
2026-03-02 12:26:02,331 : INFO : EventManager : Event: ======'sling_left_default_lit_hit'====== Args={'profile': 'default', 'state': 'lit', 'advancing': False}
2026-03-02 12:26:02,331 : INFO : EventManager : Event: ======'sling_left_lit_hit'====== Args={'profile': 'default', 'state': 'lit', 'advancing': False}
2026-03-02 12:26:02,331 : INFO : EventManager : Event: ======'slings_hit'====== Args={'shot': 'sling_left'}
2026-03-02 12:26:02,331 : INFO : EventManager : Event: ======'slings_lit_hit'====== Args={'shot': 'sling_left'}
2026-03-02 12:26:02,331 : INFO : EventManager : Event: ======'player_score'====== Args={'value': 700, 'prev_value': 600, 'change': 100, 'player_num': 1, 'source': 'bumpers'}
2026-03-02 12:26:02,344 : INFO : SwitchController : <<<<<<< 's_sling_left' inactive >>>>>>>
2026-03-02 12:26:03,652 : INFO : SwitchController : <<<<<<< 's_flipper_left' active >>>>>>>
2026-03-02 12:26:03,652 : INFO : EventManager : Event: ======'machine_var_audits_switches_s_flipper_left'====== Args={'value': 58, 'prev_value': 57, 'change': 1}
2026-03-02 12:26:03,674 : INFO : SwitchController : <<<<<<< 's_flipper_left_eos' inactive >>>>>>>
2026-03-02 12:26:03,798 : INFO : SwitchController : <<<<<<< 's_flipper_left' inactive >>>>>>>
2026-03-02 12:26:03,887 : INFO : SwitchController : <<<<<<< 's_flipper_left_eos' active >>>>>>>
2026-03-02 12:26:03,887 : INFO : EventManager : Event: ======'machine_var_audits_switches_s_flipper_left_eos'====== Args={'value': 43, 'prev_value': 42, 'change': 1}
2026-03-02 12:26:04,116 : INFO : SwitchController : <<<<<<< 's_flipper_right_lower' active >>>>>>>
2026-03-02 12:26:04,116 : INFO : EventManager : Event: ======'machine_var_audits_switches_s_flipper_right_lower'====== Args={'value': 73, 'prev_value': 72, 'change': 1}
2026-03-02 12:26:04,119 : INFO : SwitchController : <<<<<<< 's_flipper_right_upper' active >>>>>>>
2026-03-02 12:26:04,119 : INFO : EventManager : Event: ======'machine_var_audits_switches_s_flipper_right_upper'====== Args={'value': 69, 'prev_value': 68, 'change': 1}
2026-03-02 12:26:04,148 : INFO : SwitchController : <<<<<<< 's_flipper_right_lower_eos' inactive >>>>>>>
2026-03-02 12:26:04,413 : INFO : SwitchController : <<<<<<< 's_flipper_right_upper' inactive >>>>>>>
2026-03-02 12:26:04,417 : INFO : SwitchController : <<<<<<< 's_flipper_right_lower' inactive >>>>>>>
2026-03-02 12:26:04,519 : INFO : SwitchController : <<<<<<< 's_flipper_right_lower_eos' active >>>>>>>
2026-03-02 12:26:04,519 : INFO : EventManager : Event: ======'machine_var_audits_switches_s_flipper_right_lower_eos'====== Args={'value': 53, 'prev_value': 52, 'change': 1}
2026-03-02 12:26:05,767 : INFO : SwitchController : <<<<<<< 's_flipper_right_lower' active >>>>>>>
2026-03-02 12:26:05,767 : INFO : EventManager : Event: ======'machine_var_audits_switches_s_flipper_right_lower'====== Args={'value': 74, 'prev_value': 73, 'change': 1}
2026-03-02 12:26:05,767 : INFO : SwitchController : <<<<<<< 's_flipper_right_upper' active >>>>>>>
2026-03-02 12:26:05,768 : INFO : EventManager : Event: ======'machine_var_audits_switches_s_flipper_right_upper'====== Args={'value': 70, 'prev_value': 69, 'change': 1}
2026-03-02 12:26:05,793 : INFO : SwitchController : <<<<<<< 's_flipper_right_lower_eos' inactive >>>>>>>
2026-03-02 12:26:05,899 : INFO : SwitchController : <<<<<<< 's_flipper_right_upper' inactive >>>>>>>
2026-03-02 12:26:05,902 : INFO : SwitchController : <<<<<<< 's_flipper_right_lower' inactive >>>>>>>
2026-03-02 12:26:06,014 : INFO : SwitchController : <<<<<<< 's_flipper_right_lower_eos' active >>>>>>>
2026-03-02 12:26:06,014 : INFO : EventManager : Event: ======'machine_var_audits_switches_s_flipper_right_lower_eos'====== Args={'value': 54, 'prev_value': 53, 'change': 1}
2026-03-02 12:26:09,304 : INFO : SwitchController : <<<<<<< 's_flipper_right_lower_eos' inactive >>>>>>>
2026-03-02 12:26:10,384 : INFO : SwitchController : <<<<<<< 's_flipper_right_lower_eos' active >>>>>>>
2026-03-02 12:26:10,384 : INFO : EventManager : Event: ======'machine_var_audits_switches_s_flipper_right_lower_eos'====== Args={'value': 55, 'prev_value': 54, 'change': 1}
2026-03-02 12:26:11,219 : INFO : SwitchController : <<<<<<< 's_flipper_right_lower_eos' inactive >>>>>>>
2026-03-02 12:26:11,956 : INFO : SwitchController : <<<<<<< 's_flipper_right_lower_eos' active >>>>>>>
2026-03-02 12:26:11,956 : INFO : EventManager : Event: ======'machine_var_audits_switches_s_flipper_right_lower_eos'====== Args={'value': 56, 'prev_value': 55, 'change': 1}
2026-03-02 12:26:14,787 : INFO : SwitchController : <<<<<<< 's_flipper_right_upper' active >>>>>>>
2026-03-02 12:26:14,787 : INFO : EventManager : Event: ======'machine_var_audits_switches_s_flipper_right_upper'====== Args={'value': 71, 'prev_value': 70, 'change': 1}
2026-03-02 12:26:14,797 : INFO : SwitchController : <<<<<<< 's_flipper_right_lower' active >>>>>>>
2026-03-02 12:26:14,797 : INFO : EventManager : Event: ======'machine_var_audits_switches_s_flipper_right_lower'====== Args={'value': 75, 'prev_value': 74, 'change': 1}
2026-03-02 12:26:14,803 : INFO : SwitchController : <<<<<<< 's_flipper_right_lower' inactive >>>>>>>
2026-03-02 12:26:14,803 : INFO : SwitchController : <<<<<<< 's_flipper_right_lower' active >>>>>>>
2026-03-02 12:26:14,803 : INFO : EventManager : Event: ======'machine_var_audits_switches_s_flipper_right_lower'====== Args={'value': 76, 'prev_value': 75, 'change': 1}
2026-03-02 12:26:14,977 : INFO : SwitchController : <<<<<<< 's_flipper_right_upper' inactive >>>>>>>
2026-03-02 12:26:14,982 : INFO : SwitchController : <<<<<<< 's_flipper_right_lower' inactive >>>>>>>
2026-03-02 12:26:15,694 : INFO : SwitchController : <<<<<<< 's_flipper_right_lower' active >>>>>>>
2026-03-02 12:26:15,694 : INFO : EventManager : Event: ======'machine_var_audits_switches_s_flipper_right_lower'====== Args={'value': 77, 'prev_value': 76, 'change': 1}
2026-03-02 12:26:15,719 : INFO : SwitchController : <<<<<<< 's_flipper_right_upper' active >>>>>>>
2026-03-02 12:26:15,719 : INFO : EventManager : Event: ======'machine_var_audits_switches_s_flipper_right_upper'====== Args={'value': 72, 'prev_value': 71, 'change': 1}
2026-03-02 12:26:15,724 : INFO : SwitchController : <<<<<<< 's_flipper_right_lower_eos' inactive >>>>>>>
2026-03-02 12:26:15,843 : INFO : SwitchController : <<<<<<< 's_flipper_right_upper' inactive >>>>>>>
2026-03-02 12:26:15,844 : INFO : SwitchController : <<<<<<< 's_flipper_right_lower' inactive >>>>>>>
2026-03-02 12:26:15,947 : INFO : SwitchController : <<<<<<< 's_flipper_right_lower_eos' active >>>>>>>
2026-03-02 12:26:15,947 : INFO : EventManager : Event: ======'machine_var_audits_switches_s_flipper_right_lower_eos'====== Args={'value': 57, 'prev_value': 56, 'change': 1}
2026-03-02 12:26:17,678 : INFO : SwitchController : <<<<<<< 's_flipper_left' active >>>>>>>
2026-03-02 12:26:17,678 : INFO : EventManager : Event: ======'machine_var_audits_switches_s_flipper_left'====== Args={'value': 59, 'prev_value': 58, 'change': 1}
2026-03-02 12:26:17,715 : INFO : SwitchController : <<<<<<< 's_flipper_left_eos' inactive >>>>>>>
2026-03-02 12:26:17,816 : INFO : SwitchController : <<<<<<< 's_flipper_left' inactive >>>>>>>
2026-03-02 12:26:17,903 : INFO : SwitchController : <<<<<<< 's_flipper_left_eos' active >>>>>>>
2026-03-02 12:26:17,904 : INFO : EventManager : Event: ======'machine_var_audits_switches_s_flipper_left_eos'====== Args={'value': 44, 'prev_value': 43, 'change': 1}
2026-03-02 12:26:20,506 : INFO : SwitchController : <<<<<<< 's_flipper_left' active >>>>>>>
2026-03-02 12:26:20,507 : INFO : EventManager : Event: ======'machine_var_audits_switches_s_flipper_left'====== Args={'value': 60, 'prev_value': 59, 'change': 1}
2026-03-02 12:26:20,514 : INFO : SwitchController : <<<<<<< 's_flipper_left' inactive >>>>>>>
2026-03-02 12:26:20,515 : INFO : SwitchController : <<<<<<< 's_flipper_left' active >>>>>>>
2026-03-02 12:26:20,515 : INFO : EventManager : Event: ======'machine_var_audits_switches_s_flipper_left'====== Args={'value': 61, 'prev_value': 60, 'change': 1}
2026-03-02 12:26:20,544 : INFO : SwitchController : <<<<<<< 's_flipper_left_eos' inactive >>>>>>>
2026-03-02 12:26:20,653 : INFO : SwitchController : <<<<<<< 's_flipper_left' inactive >>>>>>>
2026-03-02 12:26:20,741 : INFO : SwitchController : <<<<<<< 's_flipper_left_eos' active >>>>>>>
2026-03-02 12:26:20,741 : INFO : EventManager : Event: ======'machine_var_audits_switches_s_flipper_left_eos'====== Args={'value': 45, 'prev_value': 44, 'change': 1}
2026-03-02 12:26:31,012 : INFO : SwitchController : <<<<<<< 's_flipper_left' active >>>>>>>
2026-03-02 12:26:31,013 : INFO : EventManager : Event: ======'machine_var_audits_switches_s_flipper_left'====== Args={'value': 62, 'prev_value': 61, 'change': 1}
2026-03-02 12:26:31,051 : INFO : SwitchController : <<<<<<< 's_flipper_left_eos' inactive >>>>>>>
2026-03-02 12:26:31,145 : INFO : SwitchController : <<<<<<< 's_flipper_left' inactive >>>>>>>
2026-03-02 12:26:31,233 : INFO : SwitchController : <<<<<<< 's_flipper_left_eos' active >>>>>>>
2026-03-02 12:26:31,233 : INFO : EventManager : Event: ======'machine_var_audits_switches_s_flipper_left_eos'====== Args={'value': 46, 'prev_value': 45, 'change': 1}
2026-03-02 12:26:33,995 : INFO : SwitchController : <<<<<<< 's_flipper_right_upper' active >>>>>>>
2026-03-02 12:26:33,996 : INFO : EventManager : Event: ======'machine_var_audits_switches_s_flipper_right_upper'====== Args={'value': 73, 'prev_value': 72, 'change': 1}
2026-03-02 12:26:33,997 : INFO : SwitchController : <<<<<<< 's_flipper_right_lower' active >>>>>>>
2026-03-02 12:26:33,997 : INFO : EventManager : Event: ======'machine_var_audits_switches_s_flipper_right_lower'====== Args={'value': 78, 'prev_value': 77, 'change': 1}
2026-03-02 12:26:34,135 : INFO : SwitchController : <<<<<<< 's_flipper_right_upper' inactive >>>>>>>
2026-03-02 12:26:34,142 : INFO : SwitchController : <<<<<<< 's_flipper_right_lower' inactive >>>>>>>
2026-03-02 12:26:34,852 : INFO : SwitchController : <<<<<<< 's_flipper_right_lower' active >>>>>>>
2026-03-02 12:26:34,852 : INFO : EventManager : Event: ======'machine_var_audits_switches_s_flipper_right_lower'====== Args={'value': 79, 'prev_value': 78, 'change': 1}
2026-03-02 12:26:34,854 : INFO : SwitchController : <<<<<<< 's_flipper_right_upper' active >>>>>>>
2026-03-02 12:26:34,854 : INFO : EventManager : Event: ======'machine_var_audits_switches_s_flipper_right_upper'====== Args={'value': 74, 'prev_value': 73, 'change': 1}
2026-03-02 12:26:34,880 : INFO : SwitchController : <<<<<<< 's_flipper_right_lower_eos' inactive >>>>>>>
2026-03-02 12:26:34,974 : INFO : SwitchController : <<<<<<< 's_flipper_right_upper' inactive >>>>>>>
2026-03-02 12:26:34,979 : INFO : SwitchController : <<<<<<< 's_flipper_right_lower' inactive >>>>>>>
2026-03-02 12:26:35,056 : INFO : SwitchController : <<<<<<< 's_sling_right' active >>>>>>>
2026-03-02 12:26:35,057 : INFO : EventManager : Event: ======'s_sling_right_active'====== Args={}
2026-03-02 12:26:35,057 : INFO : EventManager : Event: ======'machine_var_audits_switches_s_sling_right'====== Args={'value': 3, 'prev_value': 2, 'change': 1}
2026-03-02 12:26:35,057 : INFO : EventManager : Event: ======'machine_var_audits_shots_sling_right'====== Args={'value': 3, 'prev_value': 2, 'change': 1}
2026-03-02 12:26:35,058 : INFO : EventManager : Event: ======'sling_right_hit'====== Args={'profile': 'default', 'state': 'lit', 'advancing': False}
2026-03-02 12:26:35,058 : INFO : EventManager : Event: ======'sling_right_default_hit'====== Args={'profile': 'default', 'state': 'lit', 'advancing': False}
2026-03-02 12:26:35,058 : INFO : EventManager : Event: ======'sling_right_default_lit_hit'====== Args={'profile': 'default', 'state': 'lit', 'advancing': False}
2026-03-02 12:26:35,058 : INFO : EventManager : Event: ======'sling_right_lit_hit'====== Args={'profile': 'default', 'state': 'lit', 'advancing': False}
2026-03-02 12:26:35,058 : INFO : EventManager : Event: ======'slings_hit'====== Args={'shot': 'sling_right'}
2026-03-02 12:26:35,058 : INFO : EventManager : Event: ======'slings_lit_hit'====== Args={'shot': 'sling_right'}
2026-03-02 12:26:35,058 : INFO : EventManager : Event: ======'player_score'====== Args={'value': 800, 'prev_value': 700, 'change': 100, 'player_num': 1, 'source': 'bumpers'}
2026-03-02 12:26:35,073 : INFO : SwitchController : <<<<<<< 's_sling_right' inactive >>>>>>>
2026-03-02 12:26:35,089 : INFO : SwitchController : <<<<<<< 's_flipper_right_lower_eos' active >>>>>>>
2026-03-02 12:26:35,089 : INFO : EventManager : Event: ======'machine_var_audits_switches_s_flipper_right_lower_eos'====== Args={'value': 58, 'prev_value': 57, 'change': 1}
2026-03-02 12:26:35,137 : INFO : SwitchController : <<<<<<< 's_sling_left' active >>>>>>>
2026-03-02 12:26:35,137 : INFO : EventManager : Event: ======'s_sling_left_active'====== Args={}
2026-03-02 12:26:35,137 : INFO : EventManager : Event: ======'machine_var_audits_switches_s_sling_left'====== Args={'value': 6, 'prev_value': 5, 'change': 1}
2026-03-02 12:26:35,138 : INFO : EventManager : Event: ======'machine_var_audits_shots_sling_left'====== Args={'value': 6, 'prev_value': 5, 'change': 1}
2026-03-02 12:26:35,138 : INFO : EventManager : Event: ======'sling_left_hit'====== Args={'profile': 'default', 'state': 'lit', 'advancing': False}
2026-03-02 12:26:35,138 : INFO : EventManager : Event: ======'sling_left_default_hit'====== Args={'profile': 'default', 'state': 'lit', 'advancing': False}
2026-03-02 12:26:35,138 : INFO : EventManager : Event: ======'sling_left_default_lit_hit'====== Args={'profile': 'default', 'state': 'lit', 'advancing': False}
2026-03-02 12:26:35,139 : INFO : EventManager : Event: ======'sling_left_lit_hit'====== Args={'profile': 'default', 'state': 'lit', 'advancing': False}
2026-03-02 12:26:35,139 : INFO : EventManager : Event: ======'slings_hit'====== Args={'shot': 'sling_left'}
2026-03-02 12:26:35,139 : INFO : EventManager : Event: ======'slings_lit_hit'====== Args={'shot': 'sling_left'}
2026-03-02 12:26:35,139 : INFO : EventManager : Event: ======'player_score'====== Args={'value': 900, 'prev_value': 800, 'change': 100, 'player_num': 1, 'source': 'bumpers'}
2026-03-02 12:26:35,156 : INFO : SwitchController : <<<<<<< 's_sling_left' inactive >>>>>>>
2026-03-02 12:26:35,224 : INFO : SwitchController : <<<<<<< 's_sling_right' active >>>>>>>
2026-03-02 12:26:35,224 : INFO : EventManager : Event: ======'s_sling_right_active'====== Args={}
2026-03-02 12:26:35,224 : INFO : EventManager : Event: ======'machine_var_audits_switches_s_sling_right'====== Args={'value': 4, 'prev_value': 3, 'change': 1}
2026-03-02 12:26:35,224 : INFO : EventManager : Event: ======'machine_var_audits_shots_sling_right'====== Args={'value': 4, 'prev_value': 3, 'change': 1}
2026-03-02 12:26:35,225 : INFO : EventManager : Event: ======'sling_right_hit'====== Args={'profile': 'default', 'state': 'lit', 'advancing': False}
2026-03-02 12:26:35,225 : INFO : EventManager : Event: ======'sling_right_default_hit'====== Args={'profile': 'default', 'state': 'lit', 'advancing': False}
2026-03-02 12:26:35,225 : INFO : EventManager : Event: ======'sling_right_default_lit_hit'====== Args={'profile': 'default', 'state': 'lit', 'advancing': False}
2026-03-02 12:26:35,225 : INFO : EventManager : Event: ======'sling_right_lit_hit'====== Args={'profile': 'default', 'state': 'lit', 'advancing': False}
2026-03-02 12:26:35,225 : INFO : EventManager : Event: ======'slings_hit'====== Args={'shot': 'sling_right'}
2026-03-02 12:26:35,225 : INFO : EventManager : Event: ======'slings_lit_hit'====== Args={'shot': 'sling_right'}
2026-03-02 12:26:35,225 : INFO : EventManager : Event: ======'player_score'====== Args={'value': 1000, 'prev_value': 900, 'change': 100, 'player_num': 1, 'source': 'bumpers'}
2026-03-02 12:26:35,241 : INFO : SwitchController : <<<<<<< 's_sling_right' inactive >>>>>>>
2026-03-02 12:26:39,821 : INFO : SwitchController : <<<<<<< 's_flipper_right_lower' active >>>>>>>
2026-03-02 12:26:39,821 : INFO : EventManager : Event: ======'machine_var_audits_switches_s_flipper_right_lower'====== Args={'value': 80, 'prev_value': 79, 'change': 1}
2026-03-02 12:26:39,822 : INFO : SwitchController : <<<<<<< 's_flipper_right_upper' active >>>>>>>
2026-03-02 12:26:39,822 : INFO : EventManager : Event: ======'machine_var_audits_switches_s_flipper_right_upper'====== Args={'value': 75, 'prev_value': 74, 'change': 1}
2026-03-02 12:26:40,865 : INFO : SwitchController : <<<<<<< 's_flipper_right_lower' inactive >>>>>>>
2026-03-02 12:26:40,865 : INFO : SwitchController : <<<<<<< 's_flipper_right_upper' inactive >>>>>>>
2026-03-02 12:26:44,011 : INFO : SwitchController : <<<<<<< 's_flipper_right_upper' active >>>>>>>
2026-03-02 12:26:44,011 : INFO : EventManager : Event: ======'machine_var_audits_switches_s_flipper_right_upper'====== Args={'value': 76, 'prev_value': 75, 'change': 1}
2026-03-02 12:26:44,019 : INFO : SwitchController : <<<<<<< 's_flipper_right_lower' active >>>>>>>
2026-03-02 12:26:44,019 : INFO : EventManager : Event: ======'machine_var_audits_switches_s_flipper_right_lower'====== Args={'value': 81, 'prev_value': 80, 'change': 1}
2026-03-02 12:26:44,020 : INFO : SwitchController : <<<<<<< 's_flipper_right_lower' inactive >>>>>>>
2026-03-02 12:26:44,021 : INFO : SwitchController : <<<<<<< 's_flipper_right_lower' active >>>>>>>
2026-03-02 12:26:44,021 : INFO : EventManager : Event: ======'machine_var_audits_switches_s_flipper_right_lower'====== Args={'value': 82, 'prev_value': 81, 'change': 1}
2026-03-02 12:26:44,689 : INFO : SwitchController : <<<<<<< 's_flipper_right_upper' inactive >>>>>>>
2026-03-02 12:26:44,689 : INFO : SwitchController : <<<<<<< 's_flipper_right_lower' inactive >>>>>>>
2026-03-02 12:26:46,398 : INFO : SwitchController : <<<<<<< 's_flipper_right_upper' active >>>>>>>
2026-03-02 12:26:46,399 : INFO : EventManager : Event: ======'machine_var_audits_switches_s_flipper_right_upper'====== Args={'value': 77, 'prev_value': 76, 'change': 1}
2026-03-02 12:26:46,405 : INFO : SwitchController : <<<<<<< 's_flipper_right_lower' active >>>>>>>
2026-03-02 12:26:46,406 : INFO : EventManager : Event: ======'machine_var_audits_switches_s_flipper_right_lower'====== Args={'value': 83, 'prev_value': 82, 'change': 1}
2026-03-02 12:26:46,448 : INFO : SwitchController : <<<<<<< 's_flipper_right_lower_eos' inactive >>>>>>>
2026-03-02 12:26:46,587 : INFO : SwitchController : <<<<<<< 's_flipper_right_upper' inactive >>>>>>>
2026-03-02 12:26:46,592 : INFO : SwitchController : <<<<<<< 's_flipper_right_lower' inactive >>>>>>>
2026-03-02 12:26:46,658 : INFO : SwitchController : <<<<<<< 's_flipper_right_lower_eos' active >>>>>>>
2026-03-02 12:26:46,659 : INFO : EventManager : Event: ======'machine_var_audits_switches_s_flipper_right_lower_eos'====== Args={'value': 59, 'prev_value': 58, 'change': 1}
2026-03-02 12:26:51,065 : INFO : SwitchController : <<<<<<< 's_flipper_left' active >>>>>>>
2026-03-02 12:26:51,065 : INFO : EventManager : Event: ======'machine_var_audits_switches_s_flipper_left'====== Args={'value': 63, 'prev_value': 62, 'change': 1}
2026-03-02 12:26:51,088 : INFO : SwitchController : <<<<<<< 's_flipper_left_eos' inactive >>>>>>>
2026-03-02 12:26:51,224 : INFO : SwitchController : <<<<<<< 's_flipper_left' inactive >>>>>>>
2026-03-02 12:26:51,313 : INFO : SwitchController : <<<<<<< 's_flipper_left_eos' active >>>>>>>
2026-03-02 12:26:51,313 : INFO : EventManager : Event: ======'machine_var_audits_switches_s_flipper_left_eos'====== Args={'value': 47, 'prev_value': 46, 'change': 1}
2026-03-02 12:26:52,281 : INFO : SwitchController : <<<<<<< 's_flipper_left' active >>>>>>>
2026-03-02 12:26:52,281 : INFO : EventManager : Event: ======'machine_var_audits_switches_s_flipper_left'====== Args={'value': 64, 'prev_value': 63, 'change': 1}
2026-03-02 12:26:52,320 : INFO : SwitchController : <<<<<<< 's_flipper_left_eos' inactive >>>>>>>
2026-03-02 12:26:52,470 : INFO : SwitchController : <<<<<<< 's_flipper_left' inactive >>>>>>>
2026-03-02 12:26:52,556 : INFO : SwitchController : <<<<<<< 's_flipper_left_eos' active >>>>>>>
2026-03-02 12:26:52,557 : INFO : EventManager : Event: ======'machine_var_audits_switches_s_flipper_left_eos'====== Args={'value': 48, 'prev_value': 47, 'change': 1}
2026-03-02 12:26:56,504 : INFO : SwitchController : <<<<<<< 's_flipper_right_lower' active >>>>>>>
2026-03-02 12:26:56,504 : INFO : EventManager : Event: ======'machine_var_audits_switches_s_flipper_right_lower'====== Args={'value': 84, 'prev_value': 83, 'change': 1}
2026-03-02 12:26:56,512 : INFO : SwitchController : <<<<<<< 's_flipper_right_upper' active >>>>>>>
2026-03-02 12:26:56,512 : INFO : EventManager : Event: ======'machine_var_audits_switches_s_flipper_right_upper'====== Args={'value': 78, 'prev_value': 77, 'change': 1}
2026-03-02 12:26:56,532 : INFO : SwitchController : <<<<<<< 's_flipper_right_lower_eos' inactive >>>>>>>
2026-03-02 12:26:56,595 : INFO : SwitchController : <<<<<<< 's_flipper_right_upper' inactive >>>>>>>
2026-03-02 12:26:56,610 : INFO : SwitchController : <<<<<<< 's_flipper_right_lower' inactive >>>>>>>
2026-03-02 12:26:56,713 : INFO : SwitchController : <<<<<<< 's_flipper_right_lower_eos' active >>>>>>>
2026-03-02 12:26:56,713 : INFO : EventManager : Event: ======'machine_var_audits_switches_s_flipper_right_lower_eos'====== Args={'value': 60, 'prev_value': 59, 'change': 1}
2026-03-02 12:26:57,842 : INFO : SwitchController : <<<<<<< 's_flipper_right_lower' active >>>>>>>
2026-03-02 12:26:57,842 : INFO : EventManager : Event: ======'machine_var_audits_switches_s_flipper_right_lower'====== Args={'value': 85, 'prev_value': 84, 'change': 1}
2026-03-02 12:26:57,844 : INFO : SwitchController : <<<<<<< 's_flipper_right_upper' active >>>>>>>
2026-03-02 12:26:57,844 : INFO : EventManager : Event: ======'machine_var_audits_switches_s_flipper_right_upper'====== Args={'value': 79, 'prev_value': 78, 'change': 1}
2026-03-02 12:26:58,500 : INFO : SwitchController : <<<<<<< 's_flipper_right_upper' inactive >>>>>>>
2026-03-02 12:26:58,500 : INFO : SwitchController : <<<<<<< 's_flipper_right_lower' inactive >>>>>>>
2026-03-02 12:26:59,312 : INFO : SwitchController : <<<<<<< 's_sling_right' active >>>>>>>
2026-03-02 12:26:59,312 : INFO : EventManager : Event: ======'s_sling_right_active'====== Args={}
2026-03-02 12:26:59,313 : INFO : EventManager : Event: ======'machine_var_audits_switches_s_sling_right'====== Args={'value': 5, 'prev_value': 4, 'change': 1}
2026-03-02 12:26:59,313 : INFO : EventManager : Event: ======'machine_var_audits_shots_sling_right'====== Args={'value': 5, 'prev_value': 4, 'change': 1}
2026-03-02 12:26:59,313 : INFO : EventManager : Event: ======'sling_right_hit'====== Args={'profile': 'default', 'state': 'lit', 'advancing': False}
2026-03-02 12:26:59,313 : INFO : EventManager : Event: ======'sling_right_default_hit'====== Args={'profile': 'default', 'state': 'lit', 'advancing': False}
2026-03-02 12:26:59,314 : INFO : EventManager : Event: ======'sling_right_default_lit_hit'====== Args={'profile': 'default', 'state': 'lit', 'advancing': False}
2026-03-02 12:26:59,314 : INFO : EventManager : Event: ======'sling_right_lit_hit'====== Args={'profile': 'default', 'state': 'lit', 'advancing': False}
2026-03-02 12:26:59,314 : INFO : EventManager : Event: ======'slings_hit'====== Args={'shot': 'sling_right'}
2026-03-02 12:26:59,314 : INFO : EventManager : Event: ======'slings_lit_hit'====== Args={'shot': 'sling_right'}
2026-03-02 12:26:59,314 : INFO : EventManager : Event: ======'player_score'====== Args={'value': 1100, 'prev_value': 1000, 'change': 100, 'player_num': 1, 'source': 'bumpers'}
2026-03-02 12:26:59,328 : INFO : SwitchController : <<<<<<< 's_sling_right' inactive >>>>>>>
2026-03-02 12:26:59,497 : INFO : SwitchController : <<<<<<< 's_sling_right' active >>>>>>>
2026-03-02 12:26:59,497 : INFO : EventManager : Event: ======'s_sling_right_active'====== Args={}
2026-03-02 12:26:59,497 : INFO : EventManager : Event: ======'machine_var_audits_switches_s_sling_right'====== Args={'value': 6, 'prev_value': 5, 'change': 1}
2026-03-02 12:26:59,497 : INFO : EventManager : Event: ======'machine_var_audits_shots_sling_right'====== Args={'value': 6, 'prev_value': 5, 'change': 1}
2026-03-02 12:26:59,498 : INFO : EventManager : Event: ======'sling_right_hit'====== Args={'profile': 'default', 'state': 'lit', 'advancing': False}
2026-03-02 12:26:59,498 : INFO : EventManager : Event: ======'sling_right_default_hit'====== Args={'profile': 'default', 'state': 'lit', 'advancing': False}
2026-03-02 12:26:59,498 : INFO : EventManager : Event: ======'sling_right_default_lit_hit'====== Args={'profile': 'default', 'state': 'lit', 'advancing': False}
2026-03-02 12:26:59,498 : INFO : EventManager : Event: ======'sling_right_lit_hit'====== Args={'profile': 'default', 'state': 'lit', 'advancing': False}
2026-03-02 12:26:59,498 : INFO : EventManager : Event: ======'slings_hit'====== Args={'shot': 'sling_right'}
2026-03-02 12:26:59,498 : INFO : EventManager : Event: ======'slings_lit_hit'====== Args={'shot': 'sling_right'}
2026-03-02 12:26:59,498 : INFO : EventManager : Event: ======'player_score'====== Args={'value': 1200, 'prev_value': 1100, 'change': 100, 'player_num': 1, 'source': 'bumpers'}
2026-03-02 12:26:59,512 : INFO : SwitchController : <<<<<<< 's_sling_right' inactive >>>>>>>
2026-03-02 12:27:01,618 : INFO : SwitchController : <<<<<<< 's_flipper_right_upper' active >>>>>>>
2026-03-02 12:27:01,618 : INFO : EventManager : Event: ======'machine_var_audits_switches_s_flipper_right_upper'====== Args={'value': 80, 'prev_value': 79, 'change': 1}
2026-03-02 12:27:01,626 : INFO : SwitchController : <<<<<<< 's_flipper_right_lower' active >>>>>>>
2026-03-02 12:27:01,626 : INFO : EventManager : Event: ======'machine_var_audits_switches_s_flipper_right_lower'====== Args={'value': 86, 'prev_value': 85, 'change': 1}
2026-03-02 12:27:01,668 : INFO : SwitchController : <<<<<<< 's_flipper_right_lower_eos' inactive >>>>>>>
2026-03-02 12:27:01,675 : INFO : SwitchController : <<<<<<< 's_flipper_right_lower_eos' active >>>>>>>
2026-03-02 12:27:01,675 : INFO : EventManager : Event: ======'machine_var_audits_switches_s_flipper_right_lower_eos'====== Args={'value': 61, 'prev_value': 60, 'change': 1}
2026-03-02 12:27:02,118 : INFO : SwitchController : <<<<<<< 's_flipper_right_upper' inactive >>>>>>>
2026-03-02 12:27:02,119 : INFO : SwitchController : <<<<<<< 's_flipper_right_lower' inactive >>>>>>>
2026-03-02 12:27:02,302 : INFO : SwitchController : <<<<<<< 's_flipper_left' active >>>>>>>
2026-03-02 12:27:02,302 : INFO : EventManager : Event: ======'machine_var_audits_switches_s_flipper_left'====== Args={'value': 65, 'prev_value': 64, 'change': 1}
2026-03-02 12:27:02,324 : INFO : SwitchController : <<<<<<< 's_flipper_left_eos' inactive >>>>>>>
2026-03-02 12:27:02,482 : INFO : SwitchController : <<<<<<< 's_flipper_left' inactive >>>>>>>
2026-03-02 12:27:02,569 : INFO : SwitchController : <<<<<<< 's_flipper_left_eos' active >>>>>>>
2026-03-02 12:27:02,569 : INFO : EventManager : Event: ======'machine_var_audits_switches_s_flipper_left_eos'====== Args={'value': 49, 'prev_value': 48, 'change': 1}
2026-03-02 12:27:03,062 : INFO : SwitchController : <<<<<<< 's_flipper_left' active >>>>>>>
2026-03-02 12:27:03,063 : INFO : EventManager : Event: ======'machine_var_audits_switches_s_flipper_left'====== Args={'value': 66, 'prev_value': 65, 'change': 1}
2026-03-02 12:27:03,086 : INFO : SwitchController : <<<<<<< 's_flipper_left_eos' inactive >>>>>>>
2026-03-02 12:27:03,194 : INFO : SwitchController : <<<<<<< 's_flipper_left' inactive >>>>>>>
2026-03-02 12:27:03,282 : INFO : SwitchController : <<<<<<< 's_flipper_left_eos' active >>>>>>>
2026-03-02 12:27:03,282 : INFO : EventManager : Event: ======'machine_var_audits_switches_s_flipper_left_eos'====== Args={'value': 50, 'prev_value': 49, 'change': 1}
2026-03-02 12:27:06,407 : INFO : SwitchController : <<<<<<< 's_flipper_right_lower' active >>>>>>>
2026-03-02 12:27:06,407 : INFO : EventManager : Event: ======'machine_var_audits_switches_s_flipper_right_lower'====== Args={'value': 87, 'prev_value': 86, 'change': 1}
2026-03-02 12:27:06,413 : INFO : SwitchController : <<<<<<< 's_flipper_right_upper' active >>>>>>>
2026-03-02 12:27:06,413 : INFO : EventManager : Event: ======'machine_var_audits_switches_s_flipper_right_upper'====== Args={'value': 81, 'prev_value': 80, 'change': 1}
2026-03-02 12:27:06,756 : INFO : SwitchController : <<<<<<< 's_flipper_left' active >>>>>>>
2026-03-02 12:27:06,756 : INFO : EventManager : Event: ======'machine_var_audits_switches_s_flipper_left'====== Args={'value': 67, 'prev_value': 66, 'change': 1}
2026-03-02 12:27:06,779 : INFO : SwitchController : <<<<<<< 's_flipper_left_eos' inactive >>>>>>>
2026-03-02 12:27:07,016 : INFO : SwitchController : <<<<<<< 's_flipper_left' inactive >>>>>>>
2026-03-02 12:27:07,104 : INFO : SwitchController : <<<<<<< 's_flipper_left_eos' active >>>>>>>
2026-03-02 12:27:07,104 : INFO : EventManager : Event: ======'machine_var_audits_switches_s_flipper_left_eos'====== Args={'value': 51, 'prev_value': 50, 'change': 1}
2026-03-02 12:27:07,964 : INFO : SwitchController : <<<<<<< 's_flipper_right_upper' inactive >>>>>>>
2026-03-02 12:27:07,965 : INFO : SwitchController : <<<<<<< 's_flipper_right_lower' inactive >>>>>>>
2026-03-02 12:27:10,009 : INFO : SwitchController : <<<<<<< 's_flipper_right_lower' active >>>>>>>
2026-03-02 12:27:10,009 : INFO : EventManager : Event: ======'machine_var_audits_switches_s_flipper_right_lower'====== Args={'value': 88, 'prev_value': 87, 'change': 1}
2026-03-02 12:27:10,010 : INFO : SwitchController : <<<<<<< 's_flipper_right_upper' active >>>>>>>
2026-03-02 12:27:10,010 : INFO : EventManager : Event: ======'machine_var_audits_switches_s_flipper_right_upper'====== Args={'value': 82, 'prev_value': 81, 'change': 1}
2026-03-02 12:27:10,017 : INFO : SwitchController : <<<<<<< 's_flipper_right_lower' inactive >>>>>>>
2026-03-02 12:27:10,017 : INFO : SwitchController : <<<<<<< 's_flipper_right_lower' active >>>>>>>
2026-03-02 12:27:10,017 : INFO : EventManager : Event: ======'machine_var_audits_switches_s_flipper_right_lower'====== Args={'value': 89, 'prev_value': 88, 'change': 1}
2026-03-02 12:27:10,203 : INFO : SwitchController : <<<<<<< 's_flipper_right_upper' inactive >>>>>>>
2026-03-02 12:27:10,210 : INFO : SwitchController : <<<<<<< 's_flipper_right_lower' inactive >>>>>>>
2026-03-02 12:27:11,497 : INFO : SwitchController : <<<<<<< 's_flipper_left' active >>>>>>>
2026-03-02 12:27:11,497 : INFO : EventManager : Event: ======'machine_var_audits_switches_s_flipper_left'====== Args={'value': 68, 'prev_value': 67, 'change': 1}
2026-03-02 12:27:11,520 : INFO : SwitchController : <<<<<<< 's_flipper_left_eos' inactive >>>>>>>
2026-03-02 12:27:11,710 : INFO : SwitchController : <<<<<<< 's_flipper_left' inactive >>>>>>>
2026-03-02 12:27:11,798 : INFO : SwitchController : <<<<<<< 's_flipper_left_eos' active >>>>>>>
2026-03-02 12:27:11,798 : INFO : EventManager : Event: ======'machine_var_audits_switches_s_flipper_left_eos'====== Args={'value': 52, 'prev_value': 51, 'change': 1}
2026-03-02 12:27:11,970 : INFO : SwitchController : <<<<<<< 's_flipper_right_lower' active >>>>>>>
2026-03-02 12:27:11,971 : INFO : EventManager : Event: ======'machine_var_audits_switches_s_flipper_right_lower'====== Args={'value': 90, 'prev_value': 89, 'change': 1}
2026-03-02 12:27:11,973 : INFO : SwitchController : <<<<<<< 's_flipper_right_upper' active >>>>>>>
2026-03-02 12:27:11,974 : INFO : EventManager : Event: ======'machine_var_audits_switches_s_flipper_right_upper'====== Args={'value': 83, 'prev_value': 82, 'change': 1}
2026-03-02 12:27:12,000 : INFO : SwitchController : <<<<<<< 's_flipper_right_lower_eos' inactive >>>>>>>
2026-03-02 12:27:12,077 : INFO : SwitchController : <<<<<<< 's_flipper_right_upper' inactive >>>>>>>
2026-03-02 12:27:12,084 : INFO : SwitchController : <<<<<<< 's_flipper_right_lower' inactive >>>>>>>
2026-03-02 12:27:12,191 : INFO : SwitchController : <<<<<<< 's_flipper_right_lower_eos' active >>>>>>>
2026-03-02 12:27:12,191 : INFO : EventManager : Event: ======'machine_var_audits_switches_s_flipper_right_lower_eos'====== Args={'value': 62, 'prev_value': 61, 'change': 1}
2026-03-02 12:27:13,165 : INFO : SwitchController : <<<<<<< 's_flipper_left' active >>>>>>>
2026-03-02 12:27:13,165 : INFO : EventManager : Event: ======'machine_var_audits_switches_s_flipper_left'====== Args={'value': 69, 'prev_value': 68, 'change': 1}
2026-03-02 12:27:13,189 : INFO : SwitchController : <<<<<<< 's_flipper_left_eos' inactive >>>>>>>
2026-03-02 12:27:13,360 : INFO : SwitchController : <<<<<<< 's_flipper_left' inactive >>>>>>>
2026-03-02 12:27:13,449 : INFO : SwitchController : <<<<<<< 's_flipper_left_eos' active >>>>>>>
2026-03-02 12:27:13,449 : INFO : EventManager : Event: ======'machine_var_audits_switches_s_flipper_left_eos'====== Args={'value': 53, 'prev_value': 52, 'change': 1}
2026-03-02 12:27:14,020 : INFO : SwitchController : <<<<<<< 's_flipper_right_lower' active >>>>>>>
2026-03-02 12:27:14,020 : INFO : EventManager : Event: ======'machine_var_audits_switches_s_flipper_right_lower'====== Args={'value': 91, 'prev_value': 90, 'change': 1}
2026-03-02 12:27:14,021 : INFO : SwitchController : <<<<<<< 's_flipper_right_upper' active >>>>>>>
2026-03-02 12:27:14,021 : INFO : EventManager : Event: ======'machine_var_audits_switches_s_flipper_right_upper'====== Args={'value': 84, 'prev_value': 83, 'change': 1}
2026-03-02 12:27:14,049 : INFO : SwitchController : <<<<<<< 's_flipper_right_lower_eos' inactive >>>>>>>
2026-03-02 12:27:14,480 : INFO : SwitchController : <<<<<<< 's_flipper_right_upper' inactive >>>>>>>
2026-03-02 12:27:14,484 : INFO : SwitchController : <<<<<<< 's_flipper_right_lower' inactive >>>>>>>
2026-03-02 12:27:14,587 : INFO : SwitchController : <<<<<<< 's_flipper_right_lower_eos' active >>>>>>>
2026-03-02 12:27:14,588 : INFO : EventManager : Event: ======'machine_var_audits_switches_s_flipper_right_lower_eos'====== Args={'value': 63, 'prev_value': 62, 'change': 1}
2026-03-02 12:27:15,501 : INFO : SwitchController : <<<<<<< 's_flipper_left_eos' inactive >>>>>>>
2026-03-02 12:27:16,027 : INFO : SwitchController : <<<<<<< 's_flipper_left_eos' active >>>>>>>
2026-03-02 12:27:16,028 : INFO : EventManager : Event: ======'machine_var_audits_switches_s_flipper_left_eos'====== Args={'value': 54, 'prev_value': 53, 'change': 1}
2026-03-02 12:27:16,554 : INFO : SwitchController : <<<<<<< 's_flipper_right_lower' active >>>>>>>
2026-03-02 12:27:16,554 : INFO : EventManager : Event: ======'machine_var_audits_switches_s_flipper_right_lower'====== Args={'value': 92, 'prev_value': 91, 'change': 1}
2026-03-02 12:27:16,578 : INFO : SwitchController : <<<<<<< 's_flipper_right_upper' active >>>>>>>
2026-03-02 12:27:16,579 : INFO : EventManager : Event: ======'machine_var_audits_switches_s_flipper_right_upper'====== Args={'value': 85, 'prev_value': 84, 'change': 1}
2026-03-02 12:27:16,588 : INFO : SwitchController : <<<<<<< 's_flipper_right_lower_eos' inactive >>>>>>>
2026-03-02 12:27:16,631 : INFO : SwitchController : <<<<<<< 's_flipper_left' active >>>>>>>
2026-03-02 12:27:16,631 : INFO : EventManager : Event: ======'machine_var_audits_switches_s_flipper_left'====== Args={'value': 70, 'prev_value': 69, 'change': 1}
2026-03-02 12:27:16,653 : INFO : SwitchController : <<<<<<< 's_flipper_right_upper' inactive >>>>>>>
2026-03-02 12:27:16,659 : INFO : SwitchController : <<<<<<< 's_flipper_right_lower' inactive >>>>>>>
2026-03-02 12:27:16,661 : INFO : SwitchController : <<<<<<< 's_flipper_left_eos' inactive >>>>>>>
2026-03-02 12:27:16,766 : INFO : SwitchController : <<<<<<< 's_flipper_right_lower_eos' active >>>>>>>
2026-03-02 12:27:16,766 : INFO : EventManager : Event: ======'machine_var_audits_switches_s_flipper_right_lower_eos'====== Args={'value': 64, 'prev_value': 63, 'change': 1}
2026-03-02 12:27:16,783 : INFO : SwitchController : <<<<<<< 's_flipper_left' inactive >>>>>>>
2026-03-02 12:27:16,869 : INFO : SwitchController : <<<<<<< 's_flipper_left_eos' active >>>>>>>
2026-03-02 12:27:16,870 : INFO : EventManager : Event: ======'machine_var_audits_switches_s_flipper_left_eos'====== Args={'value': 55, 'prev_value': 54, 'change': 1}
2026-03-02 12:27:17,432 : INFO : SwitchController : <<<<<<< 's_flipper_right_lower' active >>>>>>>
2026-03-02 12:27:17,433 : INFO : EventManager : Event: ======'machine_var_audits_switches_s_flipper_right_lower'====== Args={'value': 93, 'prev_value': 92, 'change': 1}
2026-03-02 12:27:17,460 : INFO : SwitchController : <<<<<<< 's_flipper_right_lower_eos' inactive >>>>>>>
2026-03-02 12:27:17,513 : INFO : SwitchController : <<<<<<< 's_flipper_right_lower' inactive >>>>>>>
2026-03-02 12:27:17,615 : INFO : SwitchController : <<<<<<< 's_flipper_right_lower_eos' active >>>>>>>
2026-03-02 12:27:17,615 : INFO : EventManager : Event: ======'machine_var_audits_switches_s_flipper_right_lower_eos'====== Args={'value': 65, 'prev_value': 64, 'change': 1}
2026-03-02 12:27:18,698 : INFO : SwitchController : <<<<<<< 's_flipper_left' active >>>>>>>
2026-03-02 12:27:18,698 : INFO : EventManager : Event: ======'machine_var_audits_switches_s_flipper_left'====== Args={'value': 71, 'prev_value': 70, 'change': 1}
2026-03-02 12:27:18,721 : INFO : SwitchController : <<<<<<< 's_flipper_left_eos' inactive >>>>>>>
2026-03-02 12:27:18,862 : INFO : SwitchController : <<<<<<< 's_flipper_left' inactive >>>>>>>
2026-03-02 12:27:18,950 : INFO : SwitchController : <<<<<<< 's_flipper_left_eos' active >>>>>>>
2026-03-02 12:27:18,950 : INFO : EventManager : Event: ======'machine_var_audits_switches_s_flipper_left_eos'====== Args={'value': 56, 'prev_value': 55, 'change': 1}
2026-03-02 12:27:19,462 : INFO : SwitchController : <<<<<<< 's_flipper_right_lower' active >>>>>>>
2026-03-02 12:27:19,463 : INFO : EventManager : Event: ======'machine_var_audits_switches_s_flipper_right_lower'====== Args={'value': 94, 'prev_value': 93, 'change': 1}
2026-03-02 12:27:19,478 : INFO : SwitchController : <<<<<<< 's_flipper_right_upper' active >>>>>>>
2026-03-02 12:27:19,478 : INFO : EventManager : Event: ======'machine_var_audits_switches_s_flipper_right_upper'====== Args={'value': 86, 'prev_value': 85, 'change': 1}
2026-03-02 12:27:19,492 : INFO : SwitchController : <<<<<<< 's_flipper_right_lower_eos' inactive >>>>>>>
2026-03-02 12:27:19,593 : INFO : SwitchController : <<<<<<< 's_flipper_right_upper' inactive >>>>>>>
2026-03-02 12:27:19,609 : INFO : SwitchController : <<<<<<< 's_flipper_right_lower' inactive >>>>>>>
2026-03-02 12:27:19,683 : INFO : SwitchController : <<<<<<< 's_flipper_left' active >>>>>>>
2026-03-02 12:27:19,684 : INFO : EventManager : Event: ======'machine_var_audits_switches_s_flipper_left'====== Args={'value': 72, 'prev_value': 71, 'change': 1}
2026-03-02 12:27:19,706 : INFO : SwitchController : <<<<<<< 's_flipper_left_eos' inactive >>>>>>>
2026-03-02 12:27:19,708 : INFO : SwitchController : <<<<<<< 's_flipper_right_lower_eos' active >>>>>>>
2026-03-02 12:27:19,708 : INFO : EventManager : Event: ======'machine_var_audits_switches_s_flipper_right_lower_eos'====== Args={'value': 66, 'prev_value': 65, 'change': 1}
2026-03-02 12:27:19,792 : INFO : SwitchController : <<<<<<< 's_flipper_left' inactive >>>>>>>
2026-03-02 12:27:19,876 : INFO : SwitchController : <<<<<<< 's_flipper_left_eos' active >>>>>>>
2026-03-02 12:27:19,877 : INFO : EventManager : Event: ======'machine_var_audits_switches_s_flipper_left_eos'====== Args={'value': 57, 'prev_value': 56, 'change': 1}
2026-03-02 12:27:20,433 : INFO : SwitchController : <<<<<<< 's_flipper_right_lower' active >>>>>>>
2026-03-02 12:27:20,433 : INFO : EventManager : Event: ======'machine_var_audits_switches_s_flipper_right_lower'====== Args={'value': 95, 'prev_value': 94, 'change': 1}
2026-03-02 12:27:20,434 : INFO : SwitchController : <<<<<<< 's_flipper_right_upper' active >>>>>>>
2026-03-02 12:27:20,434 : INFO : EventManager : Event: ======'machine_var_audits_switches_s_flipper_right_upper'====== Args={'value': 87, 'prev_value': 86, 'change': 1}
2026-03-02 12:27:20,463 : INFO : SwitchController : <<<<<<< 's_flipper_right_lower_eos' inactive >>>>>>>
2026-03-02 12:27:20,990 : INFO : SwitchController : <<<<<<< 's_flipper_right_upper' inactive >>>>>>>
2026-03-02 12:27:20,997 : INFO : SwitchController : <<<<<<< 's_flipper_right_lower' inactive >>>>>>>
2026-03-02 12:27:21,100 : INFO : SwitchController : <<<<<<< 's_flipper_right_lower_eos' active >>>>>>>
2026-03-02 12:27:21,100 : INFO : EventManager : Event: ======'machine_var_audits_switches_s_flipper_right_lower_eos'====== Args={'value': 67, 'prev_value': 66, 'change': 1}
2026-03-02 12:27:21,823 : INFO : SwitchController : <<<<<<< 's_flipper_right_lower' active >>>>>>>
2026-03-02 12:27:21,823 : INFO : EventManager : Event: ======'machine_var_audits_switches_s_flipper_right_lower'====== Args={'value': 96, 'prev_value': 95, 'change': 1}
2026-03-02 12:27:21,824 : INFO : SwitchController : <<<<<<< 's_flipper_right_upper' active >>>>>>>
2026-03-02 12:27:21,824 : INFO : EventManager : Event: ======'machine_var_audits_switches_s_flipper_right_upper'====== Args={'value': 88, 'prev_value': 87, 'change': 1}
2026-03-02 12:27:21,851 : INFO : SwitchController : <<<<<<< 's_flipper_right_lower_eos' inactive >>>>>>>
2026-03-02 12:27:22,018 : INFO : SwitchController : <<<<<<< 's_flipper_right_upper' inactive >>>>>>>
2026-03-02 12:27:22,023 : INFO : SwitchController : <<<<<<< 's_flipper_right_lower' inactive >>>>>>>
2026-03-02 12:27:22,136 : INFO : SwitchController : <<<<<<< 's_flipper_right_lower_eos' active >>>>>>>
2026-03-02 12:27:22,137 : INFO : EventManager : Event: ======'machine_var_audits_switches_s_flipper_right_lower_eos'====== Args={'value': 68, 'prev_value': 67, 'change': 1}
2026-03-02 12:27:22,939 : INFO : SwitchController : <<<<<<< 's_flipper_right_upper' active >>>>>>>
2026-03-02 12:27:22,939 : INFO : EventManager : Event: ======'machine_var_audits_switches_s_flipper_right_upper'====== Args={'value': 89, 'prev_value': 88, 'change': 1}
2026-03-02 12:27:22,939 : INFO : SwitchController : <<<<<<< 's_flipper_right_lower' active >>>>>>>
2026-03-02 12:27:22,940 : INFO : EventManager : Event: ======'machine_var_audits_switches_s_flipper_right_lower'====== Args={'value': 97, 'prev_value': 96, 'change': 1}
2026-03-02 12:27:23,106 : INFO : SwitchController : <<<<<<< 's_flipper_right_upper' inactive >>>>>>>
2026-03-02 12:27:23,113 : INFO : SwitchController : <<<<<<< 's_flipper_right_lower' inactive >>>>>>>
2026-03-02 12:27:28,012 : INFO : SwitchController : <<<<<<< 's_trough_6' active >>>>>>>
2026-03-02 12:27:28,012 : INFO : EventManager : Event: ======'machine_var_audits_switches_s_trough_6'====== Args={'value': 19, 'prev_value': 18, 'change': 1}
2026-03-02 12:27:28,513 : INFO : EventManager : Event: ======'balldevice_bd_trough_ball_count_changed'====== Args={'balls': 6}
2026-03-02 12:27:28,513 : INFO : ball_device.bd_trough : Received unexpected ball
2026-03-02 12:27:28,513 : INFO : EventManager : Event: ======'balldevice_captured_from_playfield'====== Args={'balls': 1}
2026-03-02 12:27:28,513 : INFO : EventManager : Event: ======'sw_playfield_active'====== Args={'balls': 1}
2026-03-02 12:27:28,513 : INFO : EventManager : Event: ======'playfield_ball_count_change'====== Args={'balls': 0, 'change': -1}
2026-03-02 12:27:28,514 : INFO : EventManager : Event: ======'balldevice_bd_trough_ball_enter'====== Args={'new_balls': 1, 'unclaimed_balls': 1, 'new_available_balls': 1, 'device': <ball_device.bd_trough>}
2026-03-02 12:27:28,514 : INFO : EventManager : Event: ======'ball_drain'====== Args={'device': <ball_device.bd_trough>, 'balls': 1}
2026-03-02 12:27:28,514 : INFO : EventManager : Event: ======'ball_will_end'====== Args={}
2026-03-02 12:27:28,514 : INFO : EventManager : Event: ======'balldevice_balls_available'====== Args={}
2026-03-02 12:27:28,514 : INFO : EventManager : Event: ======'balldevice_bd_trough_ball_entered'====== Args={'new_balls': 1, 'device': <ball_device.bd_trough>}
2026-03-02 12:27:28,515 : INFO : EventManager : Event: ======'mode_base_will_stop'====== Args={}
2026-03-02 12:27:28,515 : INFO : EventManager : Event: ======'mode_base_stopping'====== Args={}
2026-03-02 12:27:28,515 : INFO : EventManager : Event: ======'stop_mode_bumpers'====== Args={'priority': 0}
2026-03-02 12:27:28,515 : INFO : EventManager : Event: ======'mode_bumpers_will_stop'====== Args={}
2026-03-02 12:27:28,515 : INFO : EventManager : Event: ======'mode_bumpers_stopping'====== Args={}
2026-03-02 12:27:28,515 : INFO : Mode.base : Stopped.
2026-03-02 12:27:28,515 : INFO : EventManager : Event: ======'modes_active_modes_changed'====== Args={}
2026-03-02 12:27:28,516 : INFO : EventManager : Event: ======'mode_base_stopped'====== Args={}
2026-03-02 12:27:28,516 : INFO : EventManager : Event: ======'clear'====== Args={'key': 'base'}
2026-03-02 12:27:28,516 : INFO : Mode.bumpers : Stopped.
2026-03-02 12:27:28,516 : INFO : EventManager : Event: ======'modes_active_modes_changed'====== Args={}
2026-03-02 12:27:28,517 : INFO : EventManager : Event: ======'mode_bumpers_stopped'====== Args={}
2026-03-02 12:27:28,517 : INFO : EventManager : Event: ======'clear'====== Args={'key': 'bumpers'}
2026-03-02 12:27:28,517 : INFO : EventManager : Event: ======'ball_ending'====== Args={}
2026-03-02 12:27:28,518 : INFO : EventManager : Event: ======'ball_ended'====== Args={}
2026-03-02 12:27:28,520 : INFO : EventManager : Event: ======'player_turn_will_end'====== Args={'player': <Player 1>, 'number': 1}
2026-03-02 12:27:28,520 : INFO : EventManager : Event: ======'player_turn_ending'====== Args={'player': <Player 1>, 'number': 1}
2026-03-02 12:27:28,520 : INFO : EventManager : Event: ======'player_turn_ended'====== Args={'player': <Player 1>, 'number': 1}
2026-03-02 12:27:28,520 : INFO : EventManager : Event: ======'player_turn_will_start'====== Args={'player': <Player 1>, 'number': 1}
2026-03-02 12:27:28,521 : INFO : EventManager : Event: ======'player_turn_starting'====== Args={'player': <Player 1>, 'number': 1}
2026-03-02 12:27:28,521 : INFO : EventManager : Event: ======'player_ball'====== Args={'value': 2, 'prev_value': 1, 'change': 1, 'player_num': 1}
2026-03-02 12:27:28,521 : INFO : EventManager : Event: ======'player_turn_started'====== Args={'player': <Player 1>, 'number': 1}
2026-03-02 12:27:28,522 : INFO : EventManager : Event: ======'ball_will_start'====== Args={'player': 1, 'ball': 2, 'balls_remaining': 1, 'is_extra_ball': False}
2026-03-02 12:27:28,522 : INFO : EventManager : Event: ======'ball_starting'====== Args={'player': 1, 'ball': 2, 'balls_remaining': 1, 'is_extra_ball': False}
2026-03-02 12:27:28,522 : INFO : EventManager : Event: ======'mode_base_will_start'====== Args={'queue': <QueuedEvent>, 'player': 1, 'ball': 2, 'balls_remaining': 1, 'is_extra_ball': False}
2026-03-02 12:27:28,523 : INFO : EventManager : Event: ======'mode_base_starting'====== Args={'queue': <QueuedEvent>, 'player': 1, 'ball': 2, 'balls_remaining': 1, 'is_extra_ball': False}
2026-03-02 12:27:28,523 : INFO : Mode.base : Started. Priority: 100
2026-03-02 12:27:28,523 : INFO : EventManager : Event: ======'modes_active_modes_changed'====== Args={}
2026-03-02 12:27:28,523 : INFO : EventManager : Event: ======'mode_base_started'====== Args={'queue': <QueuedEvent>, 'player': 1, 'ball': 2, 'balls_remaining': 1, 'is_extra_ball': False}
2026-03-02 12:27:28,524 : INFO : EventManager : Event: ======'start_mode_bumpers'====== Args={'priority': 0}
2026-03-02 12:27:28,525 : INFO : EventManager : Event: ======'mode_bumpers_will_start'====== Args={'priority': 0}
2026-03-02 12:27:28,526 : INFO : EventManager : Event: ======'mode_bumpers_starting'====== Args={'priority': 0}
2026-03-02 12:27:28,526 : INFO : Mode.bumpers : Started. Priority: 200
2026-03-02 12:27:28,526 : INFO : EventManager : Event: ======'modes_active_modes_changed'====== Args={}
2026-03-02 12:27:28,526 : INFO : EventManager : Event: ======'mode_bumpers_started'====== Args={'priority': 0}
2026-03-02 12:27:28,526 : INFO : EventManager : Event: ======'balls_in_play'====== Args={'balls': 1}
2026-03-02 12:27:28,526 : INFO : EventManager : Event: ======'ball_started'====== Args={'player': 1, 'ball': 2, 'balls_remaining': 1, 'is_extra_ball': False}
2026-03-02 12:27:28,532 : INFO : EventManager : Event: ======'single_player_ball_started'====== Args={}
2026-03-02 12:27:28,532 : INFO : EventManager : Event: ======'ball_start_target'====== Args={'target': 'playfield'}
2026-03-02 12:27:28,533 : INFO : ball_device.bd_plunger : Setting up player-controlled eject. Balls: 1, Target: <playfield.playfield>, player_controlled_eject_event: None
2026-03-02 12:27:28,533 : INFO : EventManager : Event: ======'balldevice_balls_available'====== Args={}
2026-03-02 12:27:28,534 : INFO : ball_device.bd_trough : State: waiting_for_target_ready
2026-03-02 12:27:28,534 : INFO : EventManager : Event: ======'balldevice_bd_trough_ball_eject_attempt'====== Args={'balls': 1, 'target': <ball_device.bd_plunger>, 'source': <ball_device.bd_trough>, 'mechanical_eject': True, 'num_attempts': 0}
2026-03-02 12:27:28,534 : INFO : ball_device.bd_plunger : State: waiting_for_ball
2026-03-02 12:27:28,535 : INFO : ball_device.bd_trough : State: ejecting
2026-03-02 12:27:28,535 : INFO : ball_device.bd_trough : Ejecting ball to <ball_device.bd_plunger>
2026-03-02 12:27:28,535 : INFO : EventManager : Event: ======'balldevice_bd_trough_ejecting_ball'====== Args={'balls': 1, 'target': <ball_device.bd_plunger>, 'source': <ball_device.bd_trough>, 'mechanical_eject': True, 'num_attempts': 0}
2026-03-02 12:27:28,535 : INFO : ball_device.bd_trough : Wait for ball to leave device
2026-03-02 12:27:28,536 : INFO : coil.c_trough_eject : Pulsing Driver for 20ms (1.0 pulse_power)
2026-03-02 12:27:28,561 : INFO : SwitchController : <<<<<<< 's_trough_1' inactive >>>>>>>
2026-03-02 12:27:28,561 : INFO : SwitchController : <<<<<<< 's_trough_7' active >>>>>>>
2026-03-02 12:27:28,561 : INFO : EventManager : Event: ======'machine_var_audits_switches_s_trough_7'====== Args={'value': 7, 'prev_value': 6, 'change': 1}
2026-03-02 12:27:28,562 : INFO : ball_device.bd_trough : State: ball_left
2026-03-02 12:27:28,562 : INFO : ball_device.bd_trough : Ball left
2026-03-02 12:27:28,562 : INFO : ball_device.bd_trough : Wait for confirm with timeout 3.0
2026-03-02 12:27:28,577 : INFO : SwitchController : <<<<<<< 's_trough_7' inactive >>>>>>>
2026-03-02 12:27:28,598 : INFO : EventManager : Event: ======'slide_base_slide_created'====== Args={'_from_bcp': True}
2026-03-02 12:27:28,598 : INFO : EventManager : Event: ======'slide_base_slide_inactive'====== Args={'is_removing': True, '_from_bcp': True}
2026-03-02 12:27:28,599 : INFO : EventManager : Event: ======'slide_base_slide_active'====== Args={'original_context': 'base', 'original_calling_context': 'mode_base_started', 'priority': 100.0, 'queue': '<QueuedEvent>', 'player': 1.0, 'ball': 2.0, 'balls_remaining': 1.0, 'is_extra_ball': False, 'cmd': 'slides_play', '_from_bcp': True}
2026-03-02 12:27:28,599 : INFO : EventManager : Event: ======'slide_base_slide_removed'====== Args={'_from_bcp': True}
2026-03-02 12:27:28,739 : INFO : SwitchController : <<<<<<< 's_plunger' active >>>>>>>
2026-03-02 12:27:28,739 : INFO : EventManager : Event: ======'machine_var_audits_switches_s_plunger'====== Args={'value': 6, 'prev_value': 5, 'change': 1}
2026-03-02 12:27:28,827 : INFO : SwitchController : <<<<<<< 's_trough_2' inactive >>>>>>>
2026-03-02 12:27:28,835 : INFO : SwitchController : <<<<<<< 's_trough_6' inactive >>>>>>>
2026-03-02 12:27:28,844 : INFO : SwitchController : <<<<<<< 's_trough_5' inactive >>>>>>>
2026-03-02 12:27:28,859 : INFO : SwitchController : <<<<<<< 's_trough_4' inactive >>>>>>>
2026-03-02 12:27:29,240 : INFO : ball_device.bd_plunger : Received ball from <ball_device.bd_trough>
2026-03-02 12:27:29,241 : INFO : EventManager : Event: ======'balldevice_bd_plunger_ball_enter'====== Args={'new_balls': 1, 'unclaimed_balls': 0, 'new_available_balls': 0, 'device': <ball_device.bd_plunger>}
2026-03-02 12:27:29,241 : INFO : EventManager : Event: ======'balldevice_bd_plunger_ball_entered'====== Args={'new_balls': 0, 'device': <ball_device.bd_plunger>}
2026-03-02 12:27:29,241 : INFO : EventManager : Event: ======'balldevice_bd_plunger_ball_count_changed'====== Args={'balls': 1}
2026-03-02 12:27:29,242 : INFO : ball_device.bd_trough : Got eject confirm
2026-03-02 12:27:29,242 : INFO : ball_device.bd_trough : Eject successful
2026-03-02 12:27:29,242 : INFO : EventManager : Event: ======'balldevice_bd_trough_ball_eject_success'====== Args={'balls': 1, 'target': <ball_device.bd_plunger>}
2026-03-02 12:27:29,242 : INFO : ball_device.bd_plunger : State: waiting_for_target_ready
2026-03-02 12:27:29,243 : INFO : EventManager : Event: ======'balldevice_bd_plunger_ball_eject_attempt'====== Args={'balls': 1, 'target': <playfield.playfield>, 'source': <ball_device.bd_plunger>, 'mechanical_eject': True, 'num_attempts': 0}
2026-03-02 12:27:29,243 : INFO : EventManager : Event: ======'balldevice_bd_trough_ball_count_changed'====== Args={'balls': 5}
2026-03-02 12:27:29,243 : INFO : ball_device.bd_trough : State: idle
2026-03-02 12:27:29,243 : INFO : ball_device.bd_plunger : State: ejecting
2026-03-02 12:27:29,243 : INFO : ball_device.bd_plunger : Ejecting ball to <playfield.playfield>
2026-03-02 12:27:29,243 : INFO : EventManager : Event: ======'balldevice_bd_plunger_ejecting_ball'====== Args={'balls': 1, 'target': <playfield.playfield>, 'source': <ball_device.bd_plunger>, 'mechanical_eject': True, 'num_attempts': 0}
2026-03-02 12:27:29,244 : INFO : ball_device.bd_plunger : Wait for ball to leave device
2026-03-02 12:27:29,996 : INFO : SwitchController : <<<<<<< 's_plunger' inactive >>>>>>>
2026-03-02 12:27:29,997 : INFO : ball_device.bd_plunger : State: ball_left
2026-03-02 12:27:29,997 : INFO : ball_device.bd_plunger : Ball left
2026-03-02 12:27:29,997 : INFO : ball_device.bd_plunger : Wait for confirm with timeout 5.0
2026-03-02 12:27:31,620 : INFO : SwitchController : <<<<<<< 's_flipper_right_lower' active >>>>>>>
2026-03-02 12:27:31,620 : INFO : EventManager : Event: ======'machine_var_audits_switches_s_flipper_right_lower'====== Args={'value': 98, 'prev_value': 97, 'change': 1}
2026-03-02 12:27:31,640 : INFO : SwitchController : <<<<<<< 's_flipper_right_upper' active >>>>>>>
2026-03-02 12:27:31,641 : INFO : EventManager : Event: ======'machine_var_audits_switches_s_flipper_right_upper'====== Args={'value': 90, 'prev_value': 89, 'change': 1}
2026-03-02 12:27:31,648 : INFO : SwitchController : <<<<<<< 's_flipper_right_lower_eos' inactive >>>>>>>
2026-03-02 12:27:31,707 : INFO : SwitchController : <<<<<<< 's_flipper_right_upper' inactive >>>>>>>
2026-03-02 12:27:31,715 : INFO : SwitchController : <<<<<<< 's_flipper_right_lower' inactive >>>>>>>
2026-03-02 12:27:31,818 : INFO : SwitchController : <<<<<<< 's_flipper_right_lower_eos' active >>>>>>>
2026-03-02 12:27:31,819 : INFO : EventManager : Event: ======'machine_var_audits_switches_s_flipper_right_lower_eos'====== Args={'value': 69, 'prev_value': 68, 'change': 1}
2026-03-02 12:27:32,292 : INFO : SwitchController : <<<<<<< 's_flipper_right_lower' active >>>>>>>
2026-03-02 12:27:32,292 : INFO : EventManager : Event: ======'machine_var_audits_switches_s_flipper_right_lower'====== Args={'value': 99, 'prev_value': 98, 'change': 1}
2026-03-02 12:27:32,292 : INFO : SwitchController : <<<<<<< 's_flipper_right_upper' active >>>>>>>
2026-03-02 12:27:32,292 : INFO : EventManager : Event: ======'machine_var_audits_switches_s_flipper_right_upper'====== Args={'value': 91, 'prev_value': 90, 'change': 1}
2026-03-02 12:27:32,325 : INFO : SwitchController : <<<<<<< 's_flipper_right_lower_eos' inactive >>>>>>>
2026-03-02 12:27:32,484 : INFO : SwitchController : <<<<<<< 's_flipper_right_lower' inactive >>>>>>>
2026-03-02 12:27:32,484 : INFO : SwitchController : <<<<<<< 's_flipper_right_upper' inactive >>>>>>>
2026-03-02 12:27:32,583 : INFO : SwitchController : <<<<<<< 's_flipper_right_lower_eos' active >>>>>>>
2026-03-02 12:27:32,583 : INFO : EventManager : Event: ======'machine_var_audits_switches_s_flipper_right_lower_eos'====== Args={'value': 70, 'prev_value': 69, 'change': 1}
2026-03-02 12:27:33,016 : INFO : SwitchController : <<<<<<< 's_flipper_right_lower' active >>>>>>>
2026-03-02 12:27:33,016 : INFO : EventManager : Event: ======'machine_var_audits_switches_s_flipper_right_lower'====== Args={'value': 100, 'prev_value': 99, 'change': 1}
2026-03-02 12:27:33,016 : INFO : SwitchController : <<<<<<< 's_flipper_right_upper' active >>>>>>>
2026-03-02 12:27:33,016 : INFO : EventManager : Event: ======'machine_var_audits_switches_s_flipper_right_upper'====== Args={'value': 92, 'prev_value': 91, 'change': 1}
2026-03-02 12:27:33,046 : INFO : SwitchController : <<<<<<< 's_flipper_right_lower_eos' inactive >>>>>>>
2026-03-02 12:27:33,161 : INFO : SwitchController : <<<<<<< 's_flipper_right_upper' inactive >>>>>>>
2026-03-02 12:27:33,166 : INFO : SwitchController : <<<<<<< 's_flipper_right_lower' inactive >>>>>>>
2026-03-02 12:27:33,268 : INFO : SwitchController : <<<<<<< 's_flipper_right_lower_eos' active >>>>>>>
2026-03-02 12:27:33,269 : INFO : EventManager : Event: ======'machine_var_audits_switches_s_flipper_right_lower_eos'====== Args={'value': 71, 'prev_value': 70, 'change': 1}
2026-03-02 12:27:33,394 : INFO : SwitchController : <<<<<<< 's_flipper_right_lower' active >>>>>>>
2026-03-02 12:27:33,394 : INFO : EventManager : Event: ======'machine_var_audits_switches_s_flipper_right_lower'====== Args={'value': 101, 'prev_value': 100, 'change': 1}
2026-03-02 12:27:33,396 : INFO : SwitchController : <<<<<<< 's_flipper_right_upper' active >>>>>>>
2026-03-02 12:27:33,396 : INFO : EventManager : Event: ======'machine_var_audits_switches_s_flipper_right_upper'====== Args={'value': 93, 'prev_value': 92, 'change': 1}
2026-03-02 12:27:33,425 : INFO : SwitchController : <<<<<<< 's_flipper_right_lower_eos' inactive >>>>>>>
2026-03-02 12:27:33,551 : INFO : SwitchController : <<<<<<< 's_flipper_right_upper' inactive >>>>>>>
2026-03-02 12:27:33,557 : INFO : SwitchController : <<<<<<< 's_flipper_right_lower' inactive >>>>>>>
2026-03-02 12:27:33,659 : INFO : SwitchController : <<<<<<< 's_flipper_right_lower_eos' active >>>>>>>
2026-03-02 12:27:33,659 : INFO : EventManager : Event: ======'machine_var_audits_switches_s_flipper_right_lower_eos'====== Args={'value': 72, 'prev_value': 71, 'change': 1}
2026-03-02 12:27:34,367 : INFO : EventManager : Event: ======'balldevice_bd_trough_ball_count_changed'====== Args={'balls': 1}
2026-03-02 12:27:34,367 : WARNING : ball_device.bd_trough : Ball disappeared while idle. This should not normally happen.
2026-03-02 12:27:34,368 : INFO : EventManager : Event: ======'balldevice_playfield_ball_enter'====== Args={'new_balls': 1, 'unclaimed_balls': 1, 'device': <playfield.playfield>}
2026-03-02 12:27:34,368 : INFO : EventManager : Event: ======'playfield_ball_count_change'====== Args={'balls': 1, 'change': 1}
2026-03-02 12:27:34,368 : INFO : ball_device.bd_trough : 1 ball(s) missing from device. Mechanical eject? False
2026-03-02 12:27:34,368 : INFO : EventManager : Event: ======'balldevice_bd_trough_ball_missing'====== Args={'balls': 1}
2026-03-02 12:27:34,369 : INFO : EventManager : Event: ======'balldevice_ball_missing'====== Args={'balls': 1, 'name': 'bd_trough'}
2026-03-02 12:27:34,369 : WARNING : ball_device.bd_trough : Ball disappeared while idle. This should not normally happen.
2026-03-02 12:27:34,369 : INFO : EventManager : Event: ======'balldevice_playfield_ball_enter'====== Args={'new_balls': 1, 'unclaimed_balls': 1, 'device': <playfield.playfield>}
2026-03-02 12:27:34,369 : INFO : EventManager : Event: ======'playfield_ball_count_change'====== Args={'balls': 2, 'change': 1}
2026-03-02 12:27:34,370 : INFO : ball_device.bd_trough : 1 ball(s) missing from device. Mechanical eject? False
2026-03-02 12:27:34,370 : INFO : EventManager : Event: ======'balldevice_bd_trough_ball_missing'====== Args={'balls': 1}
2026-03-02 12:27:34,370 : INFO : EventManager : Event: ======'balldevice_ball_missing'====== Args={'balls': 1, 'name': 'bd_trough'}
2026-03-02 12:27:34,370 : WARNING : ball_device.bd_trough : Ball disappeared while idle. This should not normally happen.
2026-03-02 12:27:34,370 : INFO : EventManager : Event: ======'balldevice_playfield_ball_enter'====== Args={'new_balls': 1, 'unclaimed_balls': 1, 'device': <playfield.playfield>}
2026-03-02 12:27:34,370 : INFO : EventManager : Event: ======'playfield_ball_count_change'====== Args={'balls': 3, 'change': 1}
2026-03-02 12:27:34,371 : INFO : ball_device.bd_trough : 1 ball(s) missing from device. Mechanical eject? False
2026-03-02 12:27:34,371 : INFO : EventManager : Event: ======'balldevice_bd_trough_ball_missing'====== Args={'balls': 1}
2026-03-02 12:27:34,371 : INFO : EventManager : Event: ======'balldevice_ball_missing'====== Args={'balls': 1, 'name': 'bd_trough'}
2026-03-02 12:27:34,371 : WARNING : ball_device.bd_trough : Ball disappeared while idle. This should not normally happen.
2026-03-02 12:27:34,371 : INFO : EventManager : Event: ======'balldevice_playfield_ball_enter'====== Args={'new_balls': 1, 'unclaimed_balls': 1, 'device': <playfield.playfield>}
2026-03-02 12:27:34,371 : INFO : EventManager : Event: ======'playfield_ball_count_change'====== Args={'balls': 4, 'change': 1}
2026-03-02 12:27:34,371 : INFO : ball_device.bd_trough : 1 ball(s) missing from device. Mechanical eject? False
2026-03-02 12:27:34,371 : INFO : EventManager : Event: ======'balldevice_bd_trough_ball_missing'====== Args={'balls': 1}
2026-03-02 12:27:34,372 : INFO : EventManager : Event: ======'balldevice_ball_missing'====== Args={'balls': 1, 'name': 'bd_trough'}
2026-03-02 12:27:34,998 : INFO : ball_device.bd_plunger : State: failed_confirm
2026-03-02 12:27:34,998 : INFO : ball_device.bd_plunger : Got timeout (5.0s) before confirm from <playfield.playfield>
2026-03-02 12:27:35,099 : INFO : ball_device.bd_plunger : Confirming eject because target is playfield and ball did not return.
2026-03-02 12:27:35,100 : INFO : ball_device.bd_plunger : Eject successful
2026-03-02 12:27:35,100 : INFO : EventManager : Event: ======'balldevice_bd_plunger_ball_eject_success'====== Args={'balls': 1, 'target': <playfield.playfield>}
2026-03-02 12:27:35,100 : INFO : EventManager : Event: ======'balldevice_playfield_ball_enter'====== Args={'new_balls': 1, 'unclaimed_balls': 1, 'device': <playfield.playfield>}
2026-03-02 12:27:35,100 : INFO : EventManager : Event: ======'playfield_ball_count_change'====== Args={'balls': 5, 'change': 1}
2026-03-02 12:27:35,101 : INFO : EventManager : Event: ======'balldevice_bd_plunger_ball_count_changed'====== Args={'balls': 0}
2026-03-02 12:27:35,101 : INFO : ball_device.bd_plunger : State: idle
2026-03-02 12:27:38,994 : INFO : SwitchController : <<<<<<< 's_trough_3' inactive >>>>>>>
2026-03-02 12:27:39,041 : INFO : SwitchController : <<<<<<< 's_trough_3' active >>>>>>>
2026-03-02 12:27:39,041 : INFO : EventManager : Event: ======'machine_var_audits_switches_s_trough_3'====== Args={'value': 19, 'prev_value': 18, 'change': 1}
2026-03-02 12:27:39,049 : INFO : SwitchController : <<<<<<< 's_trough_3' inactive >>>>>>>
2026-03-02 12:27:39,083 : INFO : SwitchController : <<<<<<< 's_trough_1' active >>>>>>>
2026-03-02 12:27:39,083 : INFO : EventManager : Event: ======'machine_var_audits_switches_s_trough_1'====== Args={'value': 5, 'prev_value': 4, 'change': 1}
2026-03-02 12:27:39,131 : INFO : SwitchController : <<<<<<< 's_trough_2' active >>>>>>>
2026-03-02 12:27:39,131 : INFO : EventManager : Event: ======'machine_var_audits_switches_s_trough_2'====== Args={'value': 15, 'prev_value': 14, 'change': 1}
2026-03-02 12:27:39,137 : INFO : SwitchController : <<<<<<< 's_trough_4' active >>>>>>>
2026-03-02 12:27:39,137 : INFO : EventManager : Event: ======'machine_var_audits_switches_s_trough_4'====== Args={'value': 18, 'prev_value': 17, 'change': 1}
2026-03-02 12:27:39,138 : INFO : SwitchController : <<<<<<< 's_trough_6' active >>>>>>>
2026-03-02 12:27:39,138 : INFO : EventManager : Event: ======'machine_var_audits_switches_s_trough_6'====== Args={'value': 20, 'prev_value': 19, 'change': 1}
2026-03-02 12:27:39,139 : INFO : SwitchController : <<<<<<< 's_trough_5' active >>>>>>>
2026-03-02 12:27:39,139 : INFO : EventManager : Event: ======'machine_var_audits_switches_s_trough_5'====== Args={'value': 19, 'prev_value': 18, 'change': 1}
2026-03-02 12:27:39,146 : INFO : SwitchController : <<<<<<< 's_trough_3' active >>>>>>>
2026-03-02 12:27:39,146 : INFO : EventManager : Event: ======'machine_var_audits_switches_s_trough_3'====== Args={'value': 20, 'prev_value': 19, 'change': 1}
2026-03-02 12:27:39,648 : INFO : EventManager : Event: ======'balldevice_bd_trough_ball_count_changed'====== Args={'balls': 6}
2026-03-02 12:27:39,648 : INFO : ball_device.bd_trough : Received unexpected ball
2026-03-02 12:27:39,648 : INFO : EventManager : Event: ======'balldevice_captured_from_playfield'====== Args={'balls': 1}
2026-03-02 12:27:39,649 : INFO : EventManager : Event: ======'sw_playfield_active'====== Args={'balls': 1}
2026-03-02 12:27:39,649 : INFO : EventManager : Event: ======'playfield_ball_count_change'====== Args={'balls': 4, 'change': -1}
2026-03-02 12:27:39,650 : INFO : EventManager : Event: ======'balldevice_bd_trough_ball_enter'====== Args={'new_balls': 1, 'unclaimed_balls': 1, 'new_available_balls': 1, 'device': <ball_device.bd_trough>}
2026-03-02 12:27:39,650 : INFO : EventManager : Event: ======'ball_drain'====== Args={'device': <ball_device.bd_trough>, 'balls': 1}
2026-03-02 12:27:39,651 : INFO : EventManager : Event: ======'ball_will_end'====== Args={}
2026-03-02 12:27:39,651 : INFO : EventManager : Event: ======'balldevice_balls_available'====== Args={}
2026-03-02 12:27:39,651 : INFO : EventManager : Event: ======'balldevice_bd_trough_ball_entered'====== Args={'new_balls': 1, 'device': <ball_device.bd_trough>}
2026-03-02 12:27:39,651 : INFO : ball_device.bd_trough : Received unexpected ball
2026-03-02 12:27:39,651 : INFO : EventManager : Event: ======'balldevice_captured_from_playfield'====== Args={'balls': 1}
2026-03-02 12:27:39,651 : INFO : EventManager : Event: ======'mode_base_will_stop'====== Args={}
2026-03-02 12:27:39,651 : INFO : EventManager : Event: ======'mode_base_stopping'====== Args={}
2026-03-02 12:27:39,652 : INFO : EventManager : Event: ======'stop_mode_bumpers'====== Args={'priority': 0}
2026-03-02 12:27:39,652 : INFO : EventManager : Event: ======'mode_bumpers_will_stop'====== Args={}
2026-03-02 12:27:39,652 : INFO : EventManager : Event: ======'mode_bumpers_stopping'====== Args={}
2026-03-02 12:27:39,652 : INFO : EventManager : Event: ======'sw_playfield_active'====== Args={'balls': 1}
2026-03-02 12:27:39,652 : INFO : EventManager : Event: ======'playfield_ball_count_change'====== Args={'balls': 3, 'change': -1}
2026-03-02 12:27:39,652 : INFO : Mode.base : Stopped.
2026-03-02 12:27:39,652 : INFO : EventManager : Event: ======'modes_active_modes_changed'====== Args={}
2026-03-02 12:27:39,653 : INFO : EventManager : Event: ======'mode_base_stopped'====== Args={}
2026-03-02 12:27:39,653 : INFO : EventManager : Event: ======'clear'====== Args={'key': 'base'}
2026-03-02 12:27:39,653 : INFO : Mode.bumpers : Stopped.
2026-03-02 12:27:39,653 : INFO : EventManager : Event: ======'modes_active_modes_changed'====== Args={}
2026-03-02 12:27:39,653 : INFO : EventManager : Event: ======'mode_bumpers_stopped'====== Args={}
2026-03-02 12:27:39,653 : INFO : EventManager : Event: ======'clear'====== Args={'key': 'bumpers'}
2026-03-02 12:27:39,654 : INFO : EventManager : Event: ======'balldevice_bd_trough_ball_enter'====== Args={'new_balls': 1, 'unclaimed_balls': 1, 'new_available_balls': 1, 'device': <ball_device.bd_trough>}
2026-03-02 12:27:39,654 : INFO : EventManager : Event: ======'ball_drain'====== Args={'device': <ball_device.bd_trough>, 'balls': 1}
2026-03-02 12:27:39,654 : INFO : EventManager : Event: ======'ball_ending'====== Args={}
2026-03-02 12:27:39,655 : INFO : EventManager : Event: ======'balldevice_balls_available'====== Args={}
2026-03-02 12:27:39,655 : INFO : EventManager : Event: ======'balldevice_bd_trough_ball_entered'====== Args={'new_balls': 1, 'device': <ball_device.bd_trough>}
2026-03-02 12:27:39,655 : INFO : ball_device.bd_trough : Received unexpected ball
2026-03-02 12:27:39,655 : INFO : EventManager : Event: ======'balldevice_captured_from_playfield'====== Args={'balls': 1}
2026-03-02 12:27:39,655 : INFO : EventManager : Event: ======'sw_playfield_active'====== Args={'balls': 1}
2026-03-02 12:27:39,655 : INFO : EventManager : Event: ======'playfield_ball_count_change'====== Args={'balls': 2, 'change': -1}
2026-03-02 12:27:39,656 : INFO : EventManager : Event: ======'balldevice_bd_trough_ball_enter'====== Args={'new_balls': 1, 'unclaimed_balls': 1, 'new_available_balls': 1, 'device': <ball_device.bd_trough>}
2026-03-02 12:27:39,656 : INFO : EventManager : Event: ======'ball_ended'====== Args={}
2026-03-02 12:27:39,656 : INFO : EventManager : Event: ======'ball_drain'====== Args={'device': <ball_device.bd_trough>, 'balls': 1}
2026-03-02 12:27:39,657 : INFO : EventManager : Event: ======'player_turn_will_end'====== Args={'player': <Player 1>, 'number': 1}
2026-03-02 12:27:39,658 : INFO : EventManager : Event: ======'balldevice_balls_available'====== Args={}
2026-03-02 12:27:39,658 : INFO : EventManager : Event: ======'balldevice_bd_trough_ball_entered'====== Args={'new_balls': 1, 'device': <ball_device.bd_trough>}
2026-03-02 12:27:39,658 : INFO : ball_device.bd_trough : Received unexpected ball
2026-03-02 12:27:39,658 : INFO : EventManager : Event: ======'balldevice_captured_from_playfield'====== Args={'balls': 1}
2026-03-02 12:27:39,658 : INFO : EventManager : Event: ======'sw_playfield_active'====== Args={'balls': 1}
2026-03-02 12:27:39,658 : INFO : EventManager : Event: ======'playfield_ball_count_change'====== Args={'balls': 1, 'change': -1}
2026-03-02 12:27:39,658 : INFO : EventManager : Event: ======'balldevice_bd_trough_ball_enter'====== Args={'new_balls': 1, 'unclaimed_balls': 1, 'new_available_balls': 1, 'device': <ball_device.bd_trough>}
2026-03-02 12:27:39,659 : INFO : EventManager : Event: ======'player_turn_ending'====== Args={'player': <Player 1>, 'number': 1}
2026-03-02 12:27:39,659 : INFO : EventManager : Event: ======'ball_drain'====== Args={'device': <ball_device.bd_trough>, 'balls': 1}
2026-03-02 12:27:39,659 : INFO : EventManager : Event: ======'player_turn_ended'====== Args={'player': <Player 1>, 'number': 1}
2026-03-02 12:27:39,659 : INFO : EventManager : Event: ======'balldevice_balls_available'====== Args={}
2026-03-02 12:27:39,659 : INFO : EventManager : Event: ======'balldevice_bd_trough_ball_entered'====== Args={'new_balls': 1, 'device': <ball_device.bd_trough>}
2026-03-02 12:27:39,659 : INFO : ball_device.bd_trough : Received unexpected ball
2026-03-02 12:27:39,659 : INFO : EventManager : Event: ======'balldevice_captured_from_playfield'====== Args={'balls': 1}
2026-03-02 12:27:39,659 : INFO : EventManager : Event: ======'sw_playfield_active'====== Args={'balls': 1}
2026-03-02 12:27:39,659 : INFO : EventManager : Event: ======'playfield_ball_count_change'====== Args={'balls': 0, 'change': -1}
2026-03-02 12:27:39,660 : INFO : EventManager : Event: ======'balldevice_bd_trough_ball_enter'====== Args={'new_balls': 1, 'unclaimed_balls': 1, 'new_available_balls': 1, 'device': <ball_device.bd_trough>}
2026-03-02 12:27:39,660 : INFO : EventManager : Event: ======'player_turn_will_start'====== Args={'player': <Player 1>, 'number': 1}
2026-03-02 12:27:39,660 : INFO : EventManager : Event: ======'ball_drain'====== Args={'device': <ball_device.bd_trough>, 'balls': 1}
2026-03-02 12:27:39,660 : INFO : EventManager : Event: ======'player_turn_starting'====== Args={'player': <Player 1>, 'number': 1}
2026-03-02 12:27:39,660 : INFO : EventManager : Event: ======'balldevice_balls_available'====== Args={}
2026-03-02 12:27:39,660 : INFO : EventManager : Event: ======'balldevice_bd_trough_ball_entered'====== Args={'new_balls': 1, 'device': <ball_device.bd_trough>}
2026-03-02 12:27:39,661 : INFO : EventManager : Event: ======'player_ball'====== Args={'value': 3, 'prev_value': 2, 'change': 1, 'player_num': 1}
2026-03-02 12:27:39,661 : INFO : EventManager : Event: ======'player_turn_started'====== Args={'player': <Player 1>, 'number': 1}
2026-03-02 12:27:39,662 : INFO : EventManager : Event: ======'ball_will_start'====== Args={'player': 1, 'ball': 3, 'balls_remaining': 0, 'is_extra_ball': False}
2026-03-02 12:27:39,662 : INFO : EventManager : Event: ======'ball_starting'====== Args={'player': 1, 'ball': 3, 'balls_remaining': 0, 'is_extra_ball': False}
2026-03-02 12:27:39,663 : INFO : EventManager : Event: ======'mode_base_will_start'====== Args={'queue': <QueuedEvent>, 'player': 1, 'ball': 3, 'balls_remaining': 0, 'is_extra_ball': False}
2026-03-02 12:27:39,663 : INFO : EventManager : Event: ======'mode_base_starting'====== Args={'queue': <QueuedEvent>, 'player': 1, 'ball': 3, 'balls_remaining': 0, 'is_extra_ball': False}
2026-03-02 12:27:39,664 : INFO : Mode.base : Started. Priority: 100
2026-03-02 12:27:39,664 : INFO : EventManager : Event: ======'modes_active_modes_changed'====== Args={}
2026-03-02 12:27:39,664 : INFO : EventManager : Event: ======'mode_base_started'====== Args={'queue': <QueuedEvent>, 'player': 1, 'ball': 3, 'balls_remaining': 0, 'is_extra_ball': False}
2026-03-02 12:27:39,664 : INFO : EventManager : Event: ======'start_mode_bumpers'====== Args={'priority': 0}
2026-03-02 12:27:39,665 : INFO : EventManager : Event: ======'mode_bumpers_will_start'====== Args={'priority': 0}
2026-03-02 12:27:39,666 : INFO : EventManager : Event: ======'mode_bumpers_starting'====== Args={'priority': 0}
2026-03-02 12:27:39,666 : INFO : Mode.bumpers : Started. Priority: 200
2026-03-02 12:27:39,666 : INFO : EventManager : Event: ======'modes_active_modes_changed'====== Args={}
2026-03-02 12:27:39,666 : INFO : EventManager : Event: ======'mode_bumpers_started'====== Args={'priority': 0}
2026-03-02 12:27:39,667 : INFO : EventManager : Event: ======'balls_in_play'====== Args={'balls': 1}
2026-03-02 12:27:39,667 : INFO : EventManager : Event: ======'ball_started'====== Args={'player': 1, 'ball': 3, 'balls_remaining': 0, 'is_extra_ball': False}
2026-03-02 12:27:39,673 : INFO : EventManager : Event: ======'single_player_ball_started'====== Args={}
2026-03-02 12:27:39,674 : INFO : EventManager : Event: ======'ball_start_target'====== Args={'target': 'playfield'}
2026-03-02 12:27:39,675 : INFO : ball_device.bd_plunger : Setting up player-controlled eject. Balls: 1, Target: <playfield.playfield>, player_controlled_eject_event: None
2026-03-02 12:27:39,675 : INFO : EventManager : Event: ======'balldevice_balls_available'====== Args={}
2026-03-02 12:27:39,676 : INFO : ball_device.bd_trough : State: waiting_for_target_ready
2026-03-02 12:27:39,676 : INFO : EventManager : Event: ======'balldevice_bd_trough_ball_eject_attempt'====== Args={'balls': 1, 'target': <ball_device.bd_plunger>, 'source': <ball_device.bd_trough>, 'mechanical_eject': True, 'num_attempts': 0}
2026-03-02 12:27:39,676 : INFO : ball_device.bd_plunger : State: waiting_for_ball
2026-03-02 12:27:39,677 : INFO : ball_device.bd_trough : State: ejecting
2026-03-02 12:27:39,677 : INFO : ball_device.bd_trough : Ejecting ball to <ball_device.bd_plunger>
2026-03-02 12:27:39,677 : INFO : EventManager : Event: ======'balldevice_bd_trough_ejecting_ball'====== Args={'balls': 1, 'target': <ball_device.bd_plunger>, 'source': <ball_device.bd_trough>, 'mechanical_eject': True, 'num_attempts': 0}
2026-03-02 12:27:39,678 : INFO : ball_device.bd_trough : Wait for ball to leave device
2026-03-02 12:27:39,678 : INFO : coil.c_trough_eject : Pulsing Driver for 20ms (1.0 pulse_power)
2026-03-02 12:27:39,702 : INFO : SwitchController : <<<<<<< 's_trough_1' inactive >>>>>>>
2026-03-02 12:27:39,703 : INFO : SwitchController : <<<<<<< 's_trough_7' active >>>>>>>
2026-03-02 12:27:39,703 : INFO : EventManager : Event: ======'machine_var_audits_switches_s_trough_7'====== Args={'value': 8, 'prev_value': 7, 'change': 1}
2026-03-02 12:27:39,704 : INFO : ball_device.bd_trough : State: ball_left
2026-03-02 12:27:39,704 : INFO : ball_device.bd_trough : Ball left
2026-03-02 12:27:39,704 : INFO : ball_device.bd_trough : Wait for confirm with timeout 3.0
2026-03-02 12:27:39,719 : INFO : SwitchController : <<<<<<< 's_trough_7' inactive >>>>>>>
2026-03-02 12:27:39,748 : INFO : EventManager : Event: ======'slide_base_slide_created'====== Args={'_from_bcp': True}
2026-03-02 12:27:39,748 : INFO : EventManager : Event: ======'slide_base_slide_inactive'====== Args={'is_removing': True, '_from_bcp': True}
2026-03-02 12:27:39,749 : INFO : EventManager : Event: ======'slide_base_slide_active'====== Args={'original_context': 'base', 'original_calling_context': 'mode_base_started', 'priority': 100.0, 'queue': '<QueuedEvent>', 'player': 1.0, 'ball': 3.0, 'balls_remaining': 0.0, 'is_extra_ball': False, 'cmd': 'slides_play', '_from_bcp': True}
2026-03-02 12:27:39,749 : INFO : EventManager : Event: ======'slide_base_slide_removed'====== Args={'_from_bcp': True}
2026-03-02 12:27:39,816 : INFO : SwitchController : <<<<<<< 's_plunger' active >>>>>>>
2026-03-02 12:27:39,816 : INFO : EventManager : Event: ======'machine_var_audits_switches_s_plunger'====== Args={'value': 7, 'prev_value': 6, 'change': 1}
2026-03-02 12:27:39,831 : INFO : SwitchController : <<<<<<< 's_plunger' inactive >>>>>>>
2026-03-02 12:27:39,865 : INFO : SwitchController : <<<<<<< 's_plunger' active >>>>>>>
2026-03-02 12:27:39,866 : INFO : EventManager : Event: ======'machine_var_audits_switches_s_plunger'====== Args={'value': 8, 'prev_value': 7, 'change': 1}
2026-03-02 12:27:40,366 : INFO : ball_device.bd_plunger : Received ball from <ball_device.bd_trough>
2026-03-02 12:27:40,366 : INFO : EventManager : Event: ======'balldevice_bd_plunger_ball_enter'====== Args={'new_balls': 1, 'unclaimed_balls': 0, 'new_available_balls': 0, 'device': <ball_device.bd_plunger>}
2026-03-02 12:27:40,366 : INFO : EventManager : Event: ======'balldevice_bd_plunger_ball_entered'====== Args={'new_balls': 0, 'device': <ball_device.bd_plunger>}
2026-03-02 12:27:40,366 : INFO : EventManager : Event: ======'balldevice_bd_plunger_ball_count_changed'====== Args={'balls': 1}
2026-03-02 12:27:40,367 : INFO : ball_device.bd_trough : Got eject confirm
2026-03-02 12:27:40,367 : INFO : ball_device.bd_trough : Eject successful
2026-03-02 12:27:40,367 : INFO : EventManager : Event: ======'balldevice_bd_trough_ball_eject_success'====== Args={'balls': 1, 'target': <ball_device.bd_plunger>}
2026-03-02 12:27:40,367 : INFO : ball_device.bd_plunger : State: waiting_for_target_ready
2026-03-02 12:27:40,367 : INFO : EventManager : Event: ======'balldevice_bd_plunger_ball_eject_attempt'====== Args={'balls': 1, 'target': <playfield.playfield>, 'source': <ball_device.bd_plunger>, 'mechanical_eject': True, 'num_attempts': 0}
2026-03-02 12:27:40,367 : INFO : EventManager : Event: ======'balldevice_bd_trough_ball_count_changed'====== Args={'balls': 5}
2026-03-02 12:27:40,367 : INFO : ball_device.bd_trough : State: idle
2026-03-02 12:27:40,368 : INFO : ball_device.bd_plunger : State: ejecting
2026-03-02 12:27:40,368 : INFO : ball_device.bd_plunger : Ejecting ball to <playfield.playfield>
2026-03-02 12:27:40,368 : INFO : EventManager : Event: ======'balldevice_bd_plunger_ejecting_ball'====== Args={'balls': 1, 'target': <playfield.playfield>, 'source': <ball_device.bd_plunger>, 'mechanical_eject': True, 'num_attempts': 0}
2026-03-02 12:27:40,370 : INFO : ball_device.bd_plunger : Wait for ball to leave device
2026-03-02 12:27:41,703 : INFO : SwitchController : <<<<<<< 's_plunger' inactive >>>>>>>
2026-03-02 12:27:41,704 : INFO : ball_device.bd_plunger : State: ball_left
2026-03-02 12:27:41,704 : INFO : ball_device.bd_plunger : Ball left
2026-03-02 12:27:41,704 : INFO : ball_device.bd_plunger : Wait for confirm with timeout 5.0
2026-03-02 12:27:42,750 : INFO : SwitchController : <<<<<<< 's_flipper_right_lower' active >>>>>>>
2026-03-02 12:27:42,751 : INFO : EventManager : Event: ======'machine_var_audits_switches_s_flipper_right_lower'====== Args={'value': 102, 'prev_value': 101, 'change': 1}
2026-03-02 12:27:42,757 : INFO : SwitchController : <<<<<<< 's_flipper_right_upper' active >>>>>>>
2026-03-02 12:27:42,758 : INFO : EventManager : Event: ======'machine_var_audits_switches_s_flipper_right_upper'====== Args={'value': 94, 'prev_value': 93, 'change': 1}
2026-03-02 12:27:42,783 : INFO : SwitchController : <<<<<<< 's_flipper_right_lower_eos' inactive >>>>>>>
2026-03-02 12:27:42,871 : INFO : SwitchController : <<<<<<< 's_flipper_right_upper' inactive >>>>>>>
2026-03-02 12:27:42,880 : INFO : SwitchController : <<<<<<< 's_flipper_right_lower' inactive >>>>>>>
2026-03-02 12:27:42,986 : INFO : SwitchController : <<<<<<< 's_flipper_right_lower_eos' active >>>>>>>
2026-03-02 12:27:42,986 : INFO : EventManager : Event: ======'machine_var_audits_switches_s_flipper_right_lower_eos'====== Args={'value': 73, 'prev_value': 72, 'change': 1}
2026-03-02 12:27:43,110 : INFO : SwitchController : <<<<<<< 's_flipper_right_lower' active >>>>>>>
2026-03-02 12:27:43,110 : INFO : EventManager : Event: ======'machine_var_audits_switches_s_flipper_right_lower'====== Args={'value': 103, 'prev_value': 102, 'change': 1}
2026-03-02 12:27:43,125 : INFO : SwitchController : <<<<<<< 's_flipper_right_upper' active >>>>>>>
2026-03-02 12:27:43,125 : INFO : EventManager : Event: ======'machine_var_audits_switches_s_flipper_right_upper'====== Args={'value': 95, 'prev_value': 94, 'change': 1}
2026-03-02 12:27:43,141 : INFO : SwitchController : <<<<<<< 's_flipper_right_lower_eos' inactive >>>>>>>
2026-03-02 12:27:43,210 : INFO : SwitchController : <<<<<<< 's_flipper_right_upper' inactive >>>>>>>
2026-03-02 12:27:43,218 : INFO : SwitchController : <<<<<<< 's_flipper_right_lower' inactive >>>>>>>
2026-03-02 12:27:43,324 : INFO : SwitchController : <<<<<<< 's_flipper_right_lower_eos' active >>>>>>>
2026-03-02 12:27:43,325 : INFO : EventManager : Event: ======'machine_var_audits_switches_s_flipper_right_lower_eos'====== Args={'value': 74, 'prev_value': 73, 'change': 1}
2026-03-02 12:27:43,408 : INFO : SwitchController : <<<<<<< 's_flipper_right_lower' active >>>>>>>
2026-03-02 12:27:43,408 : INFO : EventManager : Event: ======'machine_var_audits_switches_s_flipper_right_lower'====== Args={'value': 104, 'prev_value': 103, 'change': 1}
2026-03-02 12:27:43,437 : INFO : SwitchController : <<<<<<< 's_flipper_right_lower_eos' inactive >>>>>>>
2026-03-02 12:27:43,505 : INFO : SwitchController : <<<<<<< 's_flipper_right_lower' inactive >>>>>>>
2026-03-02 12:27:43,613 : INFO : SwitchController : <<<<<<< 's_flipper_right_lower_eos' active >>>>>>>
2026-03-02 12:27:43,614 : INFO : EventManager : Event: ======'machine_var_audits_switches_s_flipper_right_lower_eos'====== Args={'value': 75, 'prev_value': 74, 'change': 1}
2026-03-02 12:27:43,661 : INFO : SwitchController : <<<<<<< 's_flipper_right_lower' active >>>>>>>
2026-03-02 12:27:43,661 : INFO : EventManager : Event: ======'machine_var_audits_switches_s_flipper_right_lower'====== Args={'value': 105, 'prev_value': 104, 'change': 1}
2026-03-02 12:27:43,663 : INFO : SwitchController : <<<<<<< 's_flipper_right_upper' active >>>>>>>
2026-03-02 12:27:43,663 : INFO : EventManager : Event: ======'machine_var_audits_switches_s_flipper_right_upper'====== Args={'value': 96, 'prev_value': 95, 'change': 1}
2026-03-02 12:27:43,690 : INFO : SwitchController : <<<<<<< 's_flipper_right_lower_eos' inactive >>>>>>>
2026-03-02 12:27:43,776 : INFO : SwitchController : <<<<<<< 's_flipper_right_upper' inactive >>>>>>>
2026-03-02 12:27:43,782 : INFO : SwitchController : <<<<<<< 's_flipper_right_lower' inactive >>>>>>>
2026-03-02 12:27:43,892 : INFO : SwitchController : <<<<<<< 's_flipper_right_lower_eos' active >>>>>>>
2026-03-02 12:27:43,892 : INFO : EventManager : Event: ======'machine_var_audits_switches_s_flipper_right_lower_eos'====== Args={'value': 76, 'prev_value': 75, 'change': 1}
2026-03-02 12:27:44,654 : INFO : SwitchController : <<<<<<< 's_flipper_right_lower' active >>>>>>>
2026-03-02 12:27:44,654 : INFO : EventManager : Event: ======'machine_var_audits_switches_s_flipper_right_lower'====== Args={'value': 106, 'prev_value': 105, 'change': 1}
2026-03-02 12:27:44,656 : INFO : SwitchController : <<<<<<< 's_flipper_right_upper' active >>>>>>>
2026-03-02 12:27:44,656 : INFO : EventManager : Event: ======'machine_var_audits_switches_s_flipper_right_upper'====== Args={'value': 97, 'prev_value': 96, 'change': 1}
2026-03-02 12:27:44,683 : INFO : SwitchController : <<<<<<< 's_flipper_right_lower_eos' inactive >>>>>>>
2026-03-02 12:27:44,806 : INFO : SwitchController : <<<<<<< 's_flipper_right_upper' inactive >>>>>>>
2026-03-02 12:27:44,812 : INFO : SwitchController : <<<<<<< 's_flipper_right_lower' inactive >>>>>>>
2026-03-02 12:27:44,921 : INFO : SwitchController : <<<<<<< 's_flipper_right_lower_eos' active >>>>>>>
2026-03-02 12:27:44,922 : INFO : EventManager : Event: ======'machine_var_audits_switches_s_flipper_right_lower_eos'====== Args={'value': 77, 'prev_value': 76, 'change': 1}
2026-03-02 12:27:45,699 : INFO : SwitchController : <<<<<<< 's_flipper_left' active >>>>>>>
2026-03-02 12:27:45,699 : INFO : EventManager : Event: ======'machine_var_audits_switches_s_flipper_left'====== Args={'value': 73, 'prev_value': 72, 'change': 1}
2026-03-02 12:27:45,721 : INFO : SwitchController : <<<<<<< 's_flipper_left_eos' inactive >>>>>>>
2026-03-02 12:27:45,847 : INFO : SwitchController : <<<<<<< 's_flipper_left' inactive >>>>>>>
2026-03-02 12:27:45,933 : INFO : SwitchController : <<<<<<< 's_flipper_left_eos' active >>>>>>>
2026-03-02 12:27:45,934 : INFO : EventManager : Event: ======'machine_var_audits_switches_s_flipper_left_eos'====== Args={'value': 58, 'prev_value': 57, 'change': 1}
2026-03-02 12:27:46,262 : INFO : SwitchController : <<<<<<< 's_flipper_right_lower' active >>>>>>>
2026-03-02 12:27:46,262 : INFO : EventManager : Event: ======'machine_var_audits_switches_s_flipper_right_lower'====== Args={'value': 107, 'prev_value': 106, 'change': 1}
2026-03-02 12:27:46,266 : INFO : SwitchController : <<<<<<< 's_flipper_right_upper' active >>>>>>>
2026-03-02 12:27:46,266 : INFO : EventManager : Event: ======'machine_var_audits_switches_s_flipper_right_upper'====== Args={'value': 98, 'prev_value': 97, 'change': 1}
2026-03-02 12:27:46,291 : INFO : SwitchController : <<<<<<< 's_flipper_right_lower_eos' inactive >>>>>>>
2026-03-02 12:27:46,422 : INFO : SwitchController : <<<<<<< 's_flipper_right_upper' inactive >>>>>>>
2026-03-02 12:27:46,449 : INFO : SwitchController : <<<<<<< 's_flipper_right_upper' active >>>>>>>
2026-03-02 12:27:46,449 : INFO : EventManager : Event: ======'machine_var_audits_switches_s_flipper_right_upper'====== Args={'value': 99, 'prev_value': 98, 'change': 1}
2026-03-02 12:27:46,554 : INFO : SwitchController : <<<<<<< 's_flipper_right_upper' inactive >>>>>>>
2026-03-02 12:27:46,555 : INFO : SwitchController : <<<<<<< 's_flipper_right_lower' inactive >>>>>>>
2026-03-02 12:27:46,663 : INFO : SwitchController : <<<<<<< 's_flipper_right_lower_eos' active >>>>>>>
2026-03-02 12:27:46,663 : INFO : EventManager : Event: ======'machine_var_audits_switches_s_flipper_right_lower_eos'====== Args={'value': 78, 'prev_value': 77, 'change': 1}
2026-03-02 12:27:46,704 : INFO : ball_device.bd_plunger : State: failed_confirm
2026-03-02 12:27:46,705 : INFO : ball_device.bd_plunger : Got timeout (5.0s) before confirm from <playfield.playfield>
2026-03-02 12:27:46,805 : INFO : ball_device.bd_plunger : Confirming eject because target is playfield and ball did not return.
2026-03-02 12:27:46,805 : INFO : ball_device.bd_plunger : Eject successful
2026-03-02 12:27:46,806 : INFO : EventManager : Event: ======'balldevice_bd_plunger_ball_eject_success'====== Args={'balls': 1, 'target': <playfield.playfield>}
2026-03-02 12:27:46,806 : INFO : EventManager : Event: ======'balldevice_playfield_ball_enter'====== Args={'new_balls': 1, 'unclaimed_balls': 1, 'device': <playfield.playfield>}
2026-03-02 12:27:46,806 : INFO : EventManager : Event: ======'playfield_ball_count_change'====== Args={'balls': 1, 'change': 1}
2026-03-02 12:27:46,806 : INFO : EventManager : Event: ======'balldevice_bd_plunger_ball_count_changed'====== Args={'balls': 0}
2026-03-02 12:27:46,806 : INFO : ball_device.bd_plunger : State: idle
2026-03-02 12:27:47,642 : INFO : SwitchController : <<<<<<< 's_flipper_right_upper' active >>>>>>>
2026-03-02 12:27:47,643 : INFO : EventManager : Event: ======'machine_var_audits_switches_s_flipper_right_upper'====== Args={'value': 100, 'prev_value': 99, 'change': 1}
2026-03-02 12:27:47,643 : INFO : SwitchController : <<<<<<< 's_flipper_right_lower' active >>>>>>>
2026-03-02 12:27:47,643 : INFO : EventManager : Event: ======'machine_var_audits_switches_s_flipper_right_lower'====== Args={'value': 108, 'prev_value': 107, 'change': 1}
2026-03-02 12:27:47,681 : INFO : SwitchController : <<<<<<< 's_flipper_right_lower_eos' inactive >>>>>>>
2026-03-02 12:27:47,770 : INFO : SwitchController : <<<<<<< 's_flipper_right_upper' inactive >>>>>>>
2026-03-02 12:27:47,775 : INFO : SwitchController : <<<<<<< 's_flipper_right_lower' inactive >>>>>>>
2026-03-02 12:27:47,882 : INFO : SwitchController : <<<<<<< 's_flipper_right_lower_eos' active >>>>>>>
2026-03-02 12:27:47,883 : INFO : EventManager : Event: ======'machine_var_audits_switches_s_flipper_right_lower_eos'====== Args={'value': 79, 'prev_value': 78, 'change': 1}
2026-03-02 12:27:49,915 : INFO : SwitchController : <<<<<<< 's_flipper_right_lower' active >>>>>>>
2026-03-02 12:27:49,916 : INFO : EventManager : Event: ======'machine_var_audits_switches_s_flipper_right_lower'====== Args={'value': 109, 'prev_value': 108, 'change': 1}
2026-03-02 12:27:49,925 : INFO : SwitchController : <<<<<<< 's_flipper_right_upper' active >>>>>>>
2026-03-02 12:27:49,925 : INFO : EventManager : Event: ======'machine_var_audits_switches_s_flipper_right_upper'====== Args={'value': 101, 'prev_value': 100, 'change': 1}
2026-03-02 12:27:49,943 : INFO : SwitchController : <<<<<<< 's_flipper_right_lower_eos' inactive >>>>>>>
2026-03-02 12:27:50,066 : INFO : SwitchController : <<<<<<< 's_flipper_right_upper' inactive >>>>>>>
2026-03-02 12:27:50,073 : INFO : SwitchController : <<<<<<< 's_flipper_right_lower' inactive >>>>>>>
2026-03-02 12:27:50,181 : INFO : SwitchController : <<<<<<< 's_flipper_right_lower_eos' active >>>>>>>
2026-03-02 12:27:50,181 : INFO : EventManager : Event: ======'machine_var_audits_switches_s_flipper_right_lower_eos'====== Args={'value': 80, 'prev_value': 79, 'change': 1}
2026-03-02 12:27:50,323 : INFO : SwitchController : <<<<<<< 's_flipper_left' active >>>>>>>
2026-03-02 12:27:50,323 : INFO : EventManager : Event: ======'machine_var_audits_switches_s_flipper_left'====== Args={'value': 74, 'prev_value': 73, 'change': 1}
2026-03-02 12:27:50,346 : INFO : SwitchController : <<<<<<< 's_flipper_left_eos' inactive >>>>>>>
2026-03-02 12:27:50,494 : INFO : SwitchController : <<<<<<< 's_flipper_left' inactive >>>>>>>
2026-03-02 12:27:50,582 : INFO : SwitchController : <<<<<<< 's_flipper_left_eos' active >>>>>>>
2026-03-02 12:27:50,582 : INFO : EventManager : Event: ======'machine_var_audits_switches_s_flipper_left_eos'====== Args={'value': 59, 'prev_value': 58, 'change': 1}
2026-03-02 12:31:50,198 : INFO : Machine : Shutting down...
2026-03-02 12:31:50,198 : INFO : EventManager : Event: ======'shutdown'====== Args={}
2026-03-02 12:31:50,204 : INFO : EventManager : Event: ======'mode_game_will_stop'====== Args={}
2026-03-02 12:31:50,204 : INFO : EventManager : Event: ======'mode_game_stopping'====== Args={}
2026-03-02 12:31:50,206 : INFO : EventManager : Event: ======'mode_base_will_stop'====== Args={}
2026-03-02 12:31:50,206 : INFO : EventManager : Event: ======'mode_base_stopping'====== Args={}
2026-03-02 12:31:50,206 : INFO : EventManager : Event: ======'mode_bumpers_will_stop'====== Args={}
2026-03-02 12:31:50,206 : INFO : EventManager : Event: ======'mode_bumpers_stopping'====== Args={}
2026-03-02 12:31:50,206 : INFO : EventManager : Event: ======'stop_mode_bumpers'====== Args={'priority': 0}
2026-03-02 12:31:50,206 : INFO : Mode.bumpers : Stopped.
2026-03-02 12:31:50,206 : INFO : EventManager : Event: ======'modes_active_modes_changed'====== Args={}
2026-03-02 12:31:50,206 : INFO : EventManager : Event: ======'mode_bumpers_stopped'====== Args={}
2026-03-02 12:31:50,206 : INFO : EventManager : Event: ======'clear'====== Args={'key': 'bumpers'}
2026-03-02 12:31:50,207 : INFO : Mode.base : Stopped.
2026-03-02 12:31:50,207 : INFO : EventManager : Event: ======'modes_active_modes_changed'====== Args={}
2026-03-02 12:31:50,207 : INFO : EventManager : Event: ======'mode_base_stopped'====== Args={}
2026-03-02 12:31:50,207 : INFO : EventManager : Event: ======'clear'====== Args={'key': 'base'}
2026-03-02 12:31:50,207 : INFO : Mode.game : Stopped.
2026-03-02 12:31:50,207 : INFO : EventManager : Event: ======'modes_active_modes_changed'====== Args={}
2026-03-02 12:31:50,207 : INFO : EventManager : Event: ======'mode_game_stopped'====== Args={}
2026-03-02 12:31:50,207 : INFO : EventManager : Event: ======'clear'====== Args={'key': 'game'}
2026-03-02 12:31:50,313 : INFO : root : MPF run loop ended.
